id,L,a,b,hex_srgb,in_srgb,slice_id
3,0.0,0.0,0.0,#000000,1,0
11,0.0625,2.375,-4.625,#01000C,0,1
21,0.0625,5.875,-10.375,#040016,0,1
28,0.0625,9.375,-15.875,#06001D,0,1
36,0.125,13.0,-21.25,#080023,0,2
42,0.125,18.0,-26.375,#0C002A,0,2
59,0.1875,23.375,-31.5,#0F0031,0,3
85,0.25,28.875,-35.875,#110037,0,4
90,0.25,36.125,-40.125,#15003D,0,4
109,0.3125,43.25,-44.5,#190043,0,5
141,0.375,53.75,-51.75,#1D004D,0,6
173,0.5,48.25,-49.0,#190049,0,8
177,0.5,63.5,-58.125,#210057,0,8
214,0.625,4.875,0.75,#0F0001,0,10
225,0.625,76.125,-66.5,#270063,0,10
235,0.6875,8.125,-4.125,#11000D,0,11
252,0.75,1.875,-11.25,#000218,0,12
274,0.75,68.125,-62.0,#22005D,0,12
276,0.75,85.125,-72.375,#2B006C,0,12
280,0.8125,-1.25,-5.375,#00040F,0,13
286,0.8125,12.0,-9.375,#140016,0,13
313,0.9375,-4.0,0.75,#000601,0,15
322,0.9375,16.375,-14.75,#17001D,0,15
334,0.9375,94.125,-78.5,#2F0076,0,15
340,1.0,4.25,-17.625,#000220,0,16
354,1.0,28.875,-28.125,#1C002E,0,16
377,1.0625,34.375,-32.375,#1E0034,0,17
384,1.0625,101.75,-83.5,#33007E,0,17
398,1.125,24.5,-23.25,#1C0028,0,18
415,1.1875,7.75,-23.25,#000128,0,19
442,1.25,110.125,-89.125,#370087,0,20
468,1.3125,57.625,-57.125,#1A0057,0,21
481,1.375,17.0,-32.75,#000035,0,22
512,1.4375,61.0,-52.125,#290050,0,23
515,1.4375,119.0,-95.0,#3C0091,0,23
537,1.5,24.0,-17.25,#200021,0,24
558,1.5625,13.0,2.625,#1E0000,0,25
565,1.5625,22.75,-37.375,#00003C,0,25
580,1.625,-2.375,-11.25,#00091A,0,26
591,1.625,11.25,-29.0,#000130,0,26
611,1.625,124.25,-98.625,#3F0098,0,26
635,1.6875,44.0,-37.0,#26003C,0,27
663,1.75,52.625,-45.0,#280047,0,28
682,1.8125,18.5,-7.5,#1F0016,0,29
699,1.875,-6.125,-5.0,#000C11,0,30
702,1.875,-0.25,-17.125,#000921,0,30
752,1.9375,23.5,-11.125,#23001B,0,31
755,1.9375,36.5,-46.625,#050049,0,31
794,2.0,88.25,-77.375,#290077,0,32
795,2.0625,-8.75,0.875,#000E05,0,33
825,2.0625,32.125,-23.125,#25002A,0,33
855,2.125,20.5,-1.125,#25000B,0,34
884,2.1875,26.875,-41.75,#000043,0,35
931,2.25,73.5,-59.5,#32005D,0,36
973,2.375,2.25,-23.375,#000A2A,0,38
991,2.375,48.75,-54.875,#0C0056,0,38
1013,2.4375,18.75,-20.125,#190027,0,39
1016,2.4375,31.5,-17.0,#280023,0,39
1049,2.5,41.0,-28.5,#2B0032,0,40
1051,2.5,50.375,-38.5,#2D0040,0,40
1124,2.625,70.5,-68.125,#1C006B,0,42
1125,2.625,79.25,-72.125,#250071,0,42
1163,2.6875,42.125,-51.75,#020052,0,43
1227,2.875,-5.0,-16.5,#000F23,0,46
1254,2.875,24.75,3.625,#2B0003,0,46
1255,2.875,27.5,-4.375,#2A0014,0,46
1265,2.875,91.125,-71.75,#3C0071,0,46
1270,2.9375,-8.375,-11.0,#00111C,0,47
1340,3.0,31.125,-9.5,#2C001B,0,48
1345,3.0,59.625,-62.625,#120063,0,48
1347,3.0,67.0,-52.375,#340054,0,48
1350,3.0,112.75,-94.25,#370094,0,48
1352,3.0625,-11.375,-4.5,#001213,0,49
1376,3.0625,18.5,5.125,#260000,0,49
1460,3.1875,-0.875,5.25,#0F0C00,0,51
1481,3.1875,40.125,-21.625,#30002A,0,51
1511,3.25,14.625,-3.0,#200112,1,52
1529,3.25,46.875,-29.75,#320035,0,52
1534,3.25,103.375,-89.0,#31008D,0,52
1554,3.3125,3.125,5.625,#160900,0,53
1584,3.3125,96.125,-84.75,#2C0086,0,53
1603,3.375,6.25,-31.125,#000C37,0,54
1608,3.375,11.5,-35.0,#00093C,0,54
1631,3.4375,-14.625,2.0,#001407,0,55
1700,3.5,61.125,-44.5,#36004A,0,56
1704,3.5,86.625,-67.125,#3D006B,0,56
1744,3.5625,56.375,-39.875,#350044,0,57
1765,3.625,7.625,6.0,#1D0700,0,58
1791,3.6875,-4.875,6.125,#081000,0,59
1808,3.6875,16.375,-39.0,#000743,0,59
1818,3.6875,36.625,-13.75,#310021,0,59
1823,3.6875,82.375,-77.375,#21007B,0,59
1870,3.75,29.875,-47.0,#00004E,0,60
1883,3.75,126.5,-104.0,#3E00A6,0,60
1888,3.8125,-10.5,6.375,#001300,0,61
1923,3.8125,81.125,-63.875,#3B0067,0,61
1954,3.875,33.875,-1.375,#330011,0,62
1991,3.9375,52.0,-60.25,#020062,0,63
1994,3.9375,64.0,-67.125,#11006C,0,63
1998,3.9375,107.0,-82.625,#460084,0,63
2043,4.0,30.875,4.625,#320005,0,64
2086,4.0625,53.25,-33.25,#38003C,0,65
2128,4.125,36.625,-6.875,#34001A,0,66
2201,4.25,-2.5,-25.5,#001331,0,68
2241,4.3125,-14.375,-10.5,#00171E,0,69
2244,4.3125,-10.75,-16.875,#001626,0,69
2376,4.4375,116.75,-89.625,#4C0091,0,71
2377,4.4375,118.5,-100.25,#3900A2,0,71
2425,4.5,46.375,-22.875,#38002F,0,72
2429,4.5,73.125,-53.0,#3F0059,0,72
2436,4.5625,-18.25,-2.75,#001914,0,73
2531,4.625,72.625,-73.5,#160078,0,74
2534,4.625,99.25,-75.5,#47007B,0,74
2637,4.8125,-20.5,3.0,#001A09,0,77
2679,4.8125,21.375,-44.125,#00094C,0,77
2687,4.8125,43.75,-57.25,#000060,0,77
2869,5.0625,33.875,-37.125,#1D0043,0,81
2873,5.0625,39.125,-33.625,#29003F,0,81
2875,5.0625,42.125,-9.75,#3A001F,0,81
2889,5.125,-17.25,8.375,#001900,0,82
2894,5.125,-8.25,-23.75,#001731,0,82
2966,5.1875,26.375,-33.0,#17023E,1,83
2972,5.1875,36.5,6.375,#3A0005,0,83
2979,5.1875,45.875,-16.25,#3C0028,0,83
3019,5.25,13.875,9.0,#270700,0,84
3030,5.25,34.0,-52.25,#000159,0,84
3036,5.25,40.125,-42.375,#1F004B,0,84
3046,5.25,106.125,-94.25,#30009A,0,84
3102,5.3125,52.875,-26.125,#3E0035,0,85
3107,5.3125,88.5,-84.0,#22008A,0,85
3141,5.375,7.0,-13.25,#120F24,1,86
3147,5.375,9.25,-19.0,#0F0E2B,1,86
3177,5.375,66.875,-44.5,#41004F,0,86
3229,5.4375,78.75,-57.375,#440062,0,87
3235,5.5,-20.25,-8.375,#001B1D,0,88
3252,5.5,0.125,-32.125,#00153D,0,88
3273,5.5,21.75,-28.125,#170638,1,88
3280,5.5,55.75,-49.0,#2F0055,0,88
3342,5.5625,62.0,-38.375,#410047,0,89
3365,5.625,4.375,-2.875,#171017,1,90
3390,5.625,46.875,-44.875,#270050,0,90
3437,5.6875,26.125,9.625,#320000,0,91
3492,5.75,34.375,-28.25,#2A0039,0,92
3538,5.8125,14.625,-23.0,#130D31,1,93
3580,5.875,0.25,-1.25,#121315,1,94
3621,5.875,43.375,-2.875,#3F0018,0,94
3637,5.9375,-24.25,-1.75,#001D15,0,95
3665,5.9375,5.125,-36.5,#001544,0,95
3695,5.9375,68.875,-57.375,#380063,0,95
3705,6.0,-16.5,-18.25,#001B2B,0,96
3771,6.0625,2.25,-8.0,#11131E,1,97
3866,6.125,56.0,-66.625,#000071,0,98
3873,6.1875,-26.375,4.0,#001E0C,0,99
3921,6.1875,97.625,-90.75,#280097,0,99
3961,6.25,27.625,-20.625,#29012F,1,100
3964,6.25,32.125,10.75,#390000,0,100
3968,6.25,41.75,3.625,#400010,0,100
4025,6.3125,15.25,-10.5,#210C22,1,101
4029,6.3125,20.75,-15.0,#250728,1,101
4047,6.3125,112.25,-99.625,#3300A6,0,101
4053,6.375,-23.875,10.125,#001D00,0,102
4071,6.375,-1.625,10.75,#191400,0,102
4096,6.375,27.25,-13.5,#2D0026,1,102
4168,6.5,-21.125,-14.25,#001E27,0,104
4201,6.5,10.0,-40.375,#00154B,0,104
4238,6.5625,-8.0,11.125,#0F1700,0,105
4249,6.5625,8.25,-26.375,#001338,0,105
4260,6.5625,20.125,11.25,#2F0600,0,105
4284,6.5625,64.875,-72.5,#00007B,0,105
4285,6.5625,75.25,-65.625,#370071,0,105
4303,6.625,-6.75,-29.875,#001A3C,0,106
4324,6.625,9.75,-6.5,#1E101D,1,106
4329,6.625,14.875,-30.375,#03103D,1,106
4394,6.6875,7.75,11.375,#241000,0,107
4420,6.6875,59.375,-55.0,#2E0061,0,107
4423,6.6875,92.125,-79.0,#3C0086,0,107
4425,6.6875,95.875,-70.125,#4F0078,0,107
4439,6.75,-3.625,-7.75,#05171F,1,108
4456,6.75,9.75,-0.375,#211016,1,108
4470,6.75,24.625,-49.375,#000E59,0,108
4486,6.75,51.5,-18.625,#44002E,0,108
4489,6.75,59.625,-30.5,#46003E,0,108
4520,6.8125,2.125,11.125,#1E1300,0,109
4555,6.8125,72.625,-46.875,#4A0056,0,109
4556,6.8125,75.5,-79.0,#110086,0,109
4557,6.8125,81.75,-82.625,#18008C,0,109
4600,6.875,23.375,-7.375,#2D051F,1,110
4616,6.875,111.25,-86.75,#500093,0,110
4621,6.9375,-14.5,-24.125,#001D35,0,111
4689,6.9375,120.375,-105.375,#3900B1,0,111
4691,7.0,-26.25,-8.5,#002020,0,112
4703,7.0,-4.75,1.0,#0E1714,1,112
4707,7.0,-0.125,-13.625,#051627,1,112
4709,7.0,3.25,-19.625,#01162F,1,112
4808,7.0625,41.125,11.0,#430001,0,113
4816,7.0625,62.125,-49.625,#3B005A,0,113
4819,7.0625,126.125,-109.0,#3D00B8,0,113
4858,7.125,15.125,-44.125,#001452,0,114
4923,7.1875,37.375,-57.5,#000466,0,115
4929,7.1875,47.25,-51.5,#20005D,0,115
4980,7.25,20.625,-35.25,#070E46,1,116
5000,7.25,91.0,-64.875,#510072,0,116
5002,7.25,123.5,-93.125,#5A009E,0,116
5003,7.3125,-30.25,-0.5,#002116,0,117
5124,7.375,48.0,-35.5,#380047,0,118
5202,7.4375,69.0,-64.75,#300072,0,119
5205,7.5,-32.125,6.75,#002209,0,120
5269,7.5,50.125,-65.5,#000073,0,120
5274,7.5,82.875,-70.125,#3F007A,0,120
5275,7.5,86.75,-60.5,#50006C,0,120
5343,7.5625,33.75,-43.625,#150352,1,121
5409,7.625,36.125,-20.875,#350033,0,122
5413,7.625,39.5,-48.625,#16005A,0,122
5461,7.6875,27.5,-38.5,#13094B,1,123
5481,7.6875,50.375,-8.5,#490023,0,123
5486,7.6875,104.125,-78.875,#530089,0,123
5532,7.75,18.625,1.0,#2D0B16,1,124
5542,7.75,44.75,-62.625,#00006F,0,124
5549,7.75,126.625,-99.5,#5700AA,0,124
5593,7.8125,26.5,-0.375,#340218,1,125
5603,7.8125,52.375,-43.75,#360054,0,125
5617,7.875,-14.0,13.25,#071C00,0,126
5681,7.875,77.875,-51.375,#4F005F,0,126
5686,7.9375,-30.125,12.5,#002100,0,127
5781,8.0,-4.25,-19.625,#001B31,0,128
5822,8.0,22.0,-22.25,#240C35,1,128
5852,8.0,101.875,-84.75,#470093,0,128
5912,8.0625,41.25,-25.25,#39003A,0,129
5980,8.125,67.375,-37.625,#4E004C,0,130
5990,8.1875,-20.5,-22.5,#002136,0,131
5992,8.1875,-13.5,-1.625,#001D1A,0,131
5997,8.1875,-9.75,-7.875,#001C22,0,131
6039,8.1875,46.75,7.875,#4A000E,0,131
6051,8.25,-32.25,-6.125,#00231F,0,132
6132,8.3125,1.875,-26.125,#001A3B,0,133
6134,8.3125,5.375,2.625,#201515,1,133
6165,8.3125,90.75,-89.625,#22009B,0,133
6223,8.375,28.375,-54.125,#000F64,0,134
6237,8.375,59.125,-71.75,#00007F,0,134
6241,8.375,88.5,-72.375,#470080,0,134
6243,8.375,101.0,-96.25,#2900A6,0,134
6250,8.4375,-26.75,-16.625,#00232E,0,135
6288,8.4375,14.125,-16.125,#20122E,1,135
6305,8.4375,30.375,-5.75,#380021,0,135
6482,8.5625,56.75,-22.25,#4C0037,0,137
6483,8.5625,68.75,-77.875,#000089,0,137
6516,8.625,-4.375,-35.375,#001E49,0,138
6550,8.625,38.375,-0.875,#42001B,0,138
6564,8.625,116.25,-95.375,#4F00A6,0,138
6565,8.6875,-36.125,0.25,#002518,0,139
6617,8.6875,24.75,14.875,#390500,0,139
6626,8.6875,36.625,14.875,#440000,0,139
6635,8.6875,49.0,-0.625,#4C001B,0,139
6709,8.75,45.625,14.875,#4C0000,0,140
6711,8.75,56.875,-36.875,#45004C,0,140
6715,8.75,60.875,-60.875,#2C006F,0,140
6787,8.8125,106.25,-100.0,#2D00AE,0,141
6790,8.875,-38.0,7.875,#00250B,0,142
6938,8.9375,84.625,-87.625,#16009A,0,143
6941,8.9375,97.625,-80.5,#4B008F,0,143
6988,9.0,33.625,-13.125,#3A002C,0,144
6991,9.0,40.0,-14.0,#40002D,0,144
6995,9.0,48.125,-26.625,#42003E,0,144
6998,9.0,54.5,-13.75,#4F002D,0,144
7007,9.0,114.25,-104.875,#3400B6,0,144
7023,9.0625,-7.25,-14.0,#001D2C,0,145
7053,9.0625,15.5,15.5,#311000,0,145
7065,9.0625,29.0,-26.25,#2C063D,1,145
7084,9.0625,77.5,-73.0,#350083,0,145
7093,9.125,-32.5,-12.25,#00252A,0,146
7103,9.125,-19.5,15.625,#002000,0,146
7110,9.125,-11.875,-31.75,#002145,0,146
7129,9.125,0.5,5.375,#1D1912,1,146
7159,9.125,50.625,-57.125,#20006A,0,146
7245,9.1875,42.25,-37.25,#33004D,0,147
7254,9.1875,83.75,-55.25,#570068,0,147
7272,9.25,-2.875,15.875,#1F1A00,0,148
7289,9.25,16.875,-4.625,#2C1020,1,148
7316,9.25,58.5,-43.375,#420057,0,148
7324,9.3125,-36.375,14.375,#002500,0,149
7383,9.3125,110.375,-81.25,#5E0091,0,149
7401,9.375,-13.125,4.25,#041F14,1,150
7517,9.4375,19.25,-49.125,#00175F,0,151
7541,9.4375,54.75,-61.5,#1F0072,0,151
7577,9.5,4.25,16.125,#271800,0,152
7579,9.5,4.875,-42.125,#001D55,0,152
7587,9.5,8.625,-32.375,#001A47,0,152
7595,9.5,13.625,-36.625,#00184D,0,152
7609,9.5,24.375,5.25,#380814,1,152
7630,9.5,110.375,-94.375,#4900A6,0,152
7670,9.5625,10.125,5.75,#2A1513,1,153
7707,9.5625,73.625,-60.5,#450071,0,153
7712,9.5625,104.75,-89.875,#48009F,0,153
7870,9.75,-38.375,-5.875,#002722,0,156
7935,9.75,32.375,1.875,#40001A,0,156
7952,9.75,62.125,-25.5,#54003F,0,156
7975,9.8125,-8.375,16.875,#191E00,0,157
8105,9.875,52.75,-31.0,#470046,0,158
8108,9.875,68.125,-51.5,#480064,0,158
8111,9.875,95.0,-95.125,#2100A8,0,158
8120,9.9375,-26.625,-22.5,#00253A,0,159
8250,10.0,31.25,-33.625,#29074A,1,160
8274,10.0,53.25,-71.125,#000082,0,160
8279,10.0,76.25,-84.5,#020098,0,160
8283,10.0625,-42.0,1.0,#002819,0,161
8349,10.0625,44.125,-19.875,#440037,0,161
8351,10.0625,64.125,-67.625,#28007D,0,161
8371,10.125,-18.25,-5.0,#002222,0,162
8425,10.125,65.0,-31.25,#550048,0,162
8429,10.125,121.0,-110.625,#3900C3,0,162
8512,10.1875,62.625,-76.875,#00008C,0,163
8513,10.1875,73.875,-41.875,#580057,0,163
8524,10.25,-43.875,8.75,#00290E,0,164
8542,10.25,-10.875,-18.75,#002135,0,164
8597,10.25,42.125,-54.5,#140069,0,164
8662,10.3125,31.375,17.75,#430000,0,165
8702,10.375,-15.375,-13.75,#00222F,0,166
8741,10.375,19.625,-41.5,#001756,0,166
8798,10.4375,-3.375,6.0,#1B1D14,1,167
8839,10.4375,31.5,-59.125,#001271,0,167
8863,10.4375,87.375,-79.625,#3F0091,0,167
8867,10.5,-42.5,15.125,#002900,0,168
8933,10.5,37.375,-31.25,#360048,0,168
8937,10.5,43.75,-30.75,#3E0047,0,168
8947,10.5,80.875,-62.75,#4F0077,0,168
8949,10.5,118.0,-87.625,#65009E,0,168
8953,10.5625,-31.375,17.75,#002600,0,169
8992,10.5625,10.75,18.125,#301600,0,169
9000,10.5625,18.625,6.875,#351114,1,169
9006,10.5625,25.75,-44.125,#01135A,1,169
9018,10.5625,38.25,-63.25,#000C77,0,169
9070,10.625,5.75,-9.25,#1E1B29,1,170
9099,10.625,40.125,-6.75,#470027,0,170
9107,10.625,70.375,-71.75,#2E0085,0,170
9113,10.625,99.75,-74.25,#5C0089,0,170
9164,10.6875,12.875,-48.625,#001D61,0,171
9184,10.6875,45.125,-10.5,#4B002C,0,171
9208,10.75,-20.75,-29.0,#002645,0,172
9211,10.75,-18.875,9.875,#00230E,0,172
9284,10.75,51.125,12.0,#56000E,0,172
9295,10.75,126.125,-114.5,#3D00CB,0,172
9302,10.8125,-25.125,18.125,#002500,0,173
9328,10.8125,6.625,-16.75,#181B34,1,173
9333,10.8125,11.0,-22.75,#171A3C,1,173
9357,10.8125,43.25,-45.125,#2F005D,0,173
9370,10.8125,118.625,-100.625,#5100B4,0,173
9439,10.875,53.25,-51.125,#360066,0,174
9452,10.9375,-39.75,-11.75,#002A2D,0,175
9504,10.9375,23.0,-54.875,#00196B,0,175
9521,10.9375,38.25,5.875,#490017,0,175
9527,10.9375,52.5,4.875,#560019,0,175
9535,11.0,-35.0,-17.75,#002935,0,176
9583,11.0,24.5,-17.625,#320E36,1,176
9595,11.0,40.875,18.875,#4E0000,0,176
9634,11.0625,-4.375,-25.375,#002140,0,177
9677,11.0625,30.0,7.375,#420315,1,177
9691,11.0625,59.25,-17.25,#580036,0,177
9747,11.125,-1.0,-41.25,#002257,0,178
9758,11.125,4.875,8.0,#281B13,1,178
9778,11.125,25.375,-32.25,#24114B,1,178
9785,11.125,34.25,-53.75,#000E6A,0,178
9810,11.1875,-44.25,-5.625,#002B25,0,179
9876,11.1875,19.75,-29.125,#1F1546,1,179
9904,11.1875,66.5,-60.0,#3F0074,0,179
9921,11.25,-18.5,1.375,#00241C,0,180
9926,11.25,-14.5,19.125,#142200,0,180
9948,11.25,1.75,-34.25,#00214E,0,180
10107,11.375,-25.875,0.625,#00261D,0,182
10129,11.375,-1.625,-4.375,#181F24,1,182
10166,11.375,45.25,-68.5,#000482,0,182
10171,11.375,67.0,-43.125,#53005C,0,182
10174,11.375,79.625,-79.0,#330093,0,182
10183,11.4375,-47.875,1.625,#002C1B,0,183
10242,11.4375,21.5,19.625,#3D0F00,0,183
10246,11.4375,23.125,-11.75,#35102F,1,183
10270,11.4375,78.875,-46.25,#5E0061,0,183
10272,11.4375,108.625,-105.375,#2D00BE,0,183
10349,11.5,86.5,-66.625,#550080,0,184
10351,11.5,96.25,-65.625,#63007E,0,184
10352,11.5,97.375,-87.25,#4600A0,0,184
10385,11.5625,-6.0,-3.875,#112124,1,185
10445,11.5625,55.625,-5.375,#590028,0,185
10448,11.5625,87.0,-93.125,#1000AA,0,185
10449,11.625,-49.75,9.625,#002C0F,0,186
10461,11.625,-9.5,-37.125,#002652,0,186
10517,11.625,35.625,-37.5,#2F0554,1,186
10561,11.6875,-9.0,8.125,#162213,1,187
10604,11.6875,31.625,-21.375,#39073D,1,187
10623,11.6875,48.375,20.125,#570000,0,187
10646,11.75,-24.0,-11.5,#00272E,0,188
10659,11.75,-10.25,-26.5,#002543,0,188
10677,11.75,3.0,-2.0,#221E22,1,188
10729,11.8125,-48.25,16.625,#002C00,0,189
10735,11.8125,-24.875,7.125,#002715,0,189
10807,11.8125,48.5,-16.0,#4F0036,0,189
10851,11.875,-0.25,-17.75,#062138,1,190
10910,11.9375,-24.75,-5.25,#002826,0,191
10951,11.9375,12.625,10.875,#331810,1,191
10953,11.9375,13.0,-0.25,#301820,1,191
10991,11.9375,51.875,-38.875,#450057,0,191
10997,11.9375,89.625,-57.625,#640073,0,191
11045,12.0,1.125,-9.625,#19202D,1,192
11063,12.0,16.875,-21.375,#26183D,1,192
11132,12.0625,11.875,-8.625,#2A1A2C,1,193
11174,12.0625,98.625,-100.625,#2000B8,0,193
11209,12.125,-0.125,20.625,#291F00,0,194
11242,12.125,29.25,-48.75,#001465,0,194
11252,12.125,51.5,-22.25,#50003F,0,194
11277,12.1875,-20.875,-17.75,#002838,0,195
11283,12.1875,-16.5,-34.125,#00284F,0,195
11344,12.1875,56.75,-76.5,#000091,0,195
11347,12.1875,69.75,-84.125,#00009D,0,195
11348,12.1875,70.5,-34.125,#5F0051,0,195
11435,12.25,44.75,3.25,#52001D,0,196
11445,12.25,73.25,-55.0,#520070,0,196
11449,12.25,93.75,-74.625,#58008E,0,196
11544,12.3125,58.375,-66.75,#240082,0,197
11545,12.3125,61.875,-39.375,#520058,0,197
11597,12.375,7.125,-47.875,#002364,0,198
11651,12.375,80.75,-90.75,#0000A8,0,198
11652,12.375,114.75,-110.375,#3200C9,0,198
11655,12.4375,-50.0,-4.125,#002E25,0,199
11661,12.4375,-36.875,20.75,#002B00,0,199
11801,12.5,11.125,-41.875,#00205C,0,200
11813,12.5,45.25,-3.75,#520027,0,200
11823,12.5,57.5,-57.125,#390073,0,200
11826,12.5,59.25,-49.75,#450068,0,200
11840,12.5,126.75,-94.375,#6F00AF,0,200
11842,12.5625,-46.125,-11.375,#002E30,0,201
11857,12.5625,-15.625,-21.875,#00283F,0,201
11904,12.5625,22.5,-5.0,#3A1228,1,201
11976,12.625,6.5,21.625,#311D00,0,202
12009,12.625,45.875,-58.625,#1B0076,0,202
12011,12.625,73.625,-77.375,#2E0093,0,202
12015,12.625,90.75,-84.625,#43009F,0,202
12020,12.6875,-41.375,-17.375,#002E38,0,203
12022,12.6875,-29.25,-27.25,#002C47,0,203
12048,12.6875,-5.5,21.625,#242200,0,203
12061,12.6875,5.0,-22.625,#0C2040,1,203
12096,12.6875,37.625,-43.5,#2C075F,1,203
12108,12.6875,64.5,-20.75,#60003F,0,203
12203,12.75,57.75,0.625,#600022,0,204
12210,12.75,109.875,-87.75,#6000A5,0,204
12211,12.75,112.25,-100.375,#4C00B9,0,204
12332,12.875,-54.25,15.25,#002F07,0,206
12333,12.875,-53.875,1.875,#00301E,0,206
12342,12.875,-33.0,3.25,#002B1C,0,206
12371,12.875,-1.25,11.125,#252112,1,206
12423,12.875,34.375,-7.875,#46022D,1,206
12429,12.875,43.125,10.875,#540014,0,206
12438,12.875,63.125,-54.625,#460070,0,206
12446,12.875,75.5,-67.625,#470085,0,206
12477,12.9375,-6.625,-31.5,#00274D,0,207
12505,12.9375,13.25,-30.5,#111E4C,1,207
12529,12.9375,35.0,22.125,#4E0000,0,207
12539,12.9375,56.375,-26.375,#560047,0,207
12543,12.9375,104.875,-95.25,#4900B1,0,207
12544,12.9375,107.625,-76.625,#6B0093,0,207
12569,13.0,-3.75,-10.0,#10242F,1,208
12608,13.0,24.5,-24.625,#301444,1,208
12613,13.0,34.5,10.875,#4C0014,0,208
12636,13.0,125.25,-102.625,#6200BE,0,208
12651,13.0625,-9.625,0.75,#112520,1,209
12732,13.125,-19.125,22.5,#102800,0,210
12785,13.125,18.125,-14.625,#311836,1,210
12799,13.125,47.875,-49.625,#360069,0,210
12805,13.125,58.5,-32.375,#550050,0,210
12875,13.1875,15.75,22.625,#3C1800,0,211
12878,13.1875,23.5,11.0,#411114,1,211
12889,13.1875,38.0,-25.375,#420046,0,211
12907,13.1875,61.25,-8.75,#620030,0,211
12918,13.25,-56.625,9.75,#003113,0,212
12928,13.25,-32.75,10.5,#002C12,0,212
13038,13.3125,-43.375,21.875,#002E00,0,213
13115,13.3125,26.75,22.125,#470C00,0,213
13127,13.3125,68.75,-26.375,#640048,0,213
13180,13.375,15.5,-54.25,#002271,0,214
13209,13.375,48.875,-73.75,#00058F,0,214
13214,13.375,70.125,-64.75,#440081,0,214
13219,13.375,83.75,-50.125,#67006B,0,214
13229,13.4375,-36.5,-23.875,#002F43,0,215
13236,13.4375,-26.875,12.625,#002A0F,0,215
13248,13.4375,-12.25,-9.375,#00282F,0,215
13308,13.4375,35.75,-16.875,#45023A,1,215
13327,13.4375,92.25,-99.125,#1100B9,0,215
13403,13.5,51.375,-65.0,#180082,0,216
13407,13.5,55.75,15.375,#620010,0,216
13433,13.5625,-30.25,-3.375,#002C27,0,217
13503,13.5625,18.875,-34.875,#171C54,1,217
13535,13.5625,62.375,-82.0,#00009D,0,217
13542,13.5625,81.25,-70.25,#4F008B,0,217
13543,13.5625,85.5,-74.5,#4F0091,0,217
13549,13.625,-52.125,21.0,#003000,0,218
13647,13.6875,-31.5,23.25,#002C00,0,219
13699,13.6875,24.5,0.875,#411223,1,219
13729,13.6875,74.25,-89.0,#0000A9,0,219
13733,13.6875,105.125,-82.75,#62009F,0,219
13815,13.75,46.125,-35.625,#450056,0,220
13824,13.75,102.625,-105.5,#2200C5,0,220
13825,13.75,103.75,-70.75,#6F008C,0,220
13867,13.8125,-0.625,0.625,#232322,1,221
13903,13.8125,44.0,-24.625,#4B0046,0,221
13911,13.8125,54.75,22.125,#630001,0,221
13918,13.8125,79.125,-40.375,#69005E,0,221
13923,13.8125,115.75,-82.375,#73009F,0,221
13924,13.8125,119.5,-94.0,#6900B2,0,221
13989,13.875,26.5,-60.75,#001D7C,0,222
14008,13.875,50.375,-7.5,#5A002F,0,222
14029,13.875,120.375,-116.0,#3500D7,0,222
14108,13.9375,31.375,-41.125,#28135E,1,223
14109,13.9375,33.25,-64.125,#001982,0,223
14113,13.9375,38.0,-68.375,#001588,0,223
14116,13.9375,42.875,24.0,#590000,0,223
14145,14.0,-13.0,12.5,#162811,1,224
14273,14.0625,8.25,-36.625,#002458,0,225
14304,14.0625,29.125,-12.125,#420F35,1,225
14329,14.125,-54.25,-8.125,#00332E,0,226
14427,14.125,56.875,8.625,#64001B,0,226
14436,14.125,127.0,-120.25,#3B00DF,0,226
14438,14.1875,-59.625,3.0,#00331F,0,227
14459,14.1875,-25.0,-32.375,#002F52,0,227
14483,14.1875,-6.125,-17.875,#00283D,0,227
14560,14.1875,48.25,-43.5,#410063,0,227
14572,14.25,-60.0,16.375,#003308,0,228
14602,14.25,-5.75,-43.375,#002B62,0,228
14621,14.25,6.75,-28.5,#02244C,1,228
14624,14.25,7.875,2.375,#302021,1,228
14654,14.25,36.375,-58.625,#00147A,0,228
14707,14.3125,-11.0,24.375,#202800,0,229
14712,14.3125,-5.375,11.5,#232614,1,229
14885,14.375,79.75,-54.5,#610074,0,230
14958,14.4375,32.125,-2.0,#4A0928,1,231
14992,14.5,-29.875,-18.125,#002F3E,0,232
15017,14.5,-0.625,-29.125,#00274E,0,232
15037,14.5,11.875,-17.625,#28203D,1,232
15072,14.5,39.375,-11.625,#4E0036,0,232
15087,14.5,73.625,-48.75,#5F006C,0,232
15089,14.5,92.25,-91.25,#3D00AF,0,232
15095,14.5625,-48.0,-17.25,#00333C,0,233
15167,14.5625,16.875,-45.5,#002166,0,233
15208,14.5625,91.625,-69.25,#62008C,0,233
15210,14.5625,95.375,-60.125,#70007E,0,233
15213,14.625,-62.5,10.5,#003414,0,234
15218,14.625,-39.375,-2.5,#003028,0,234
15220,14.625,-34.625,-7.875,#00302F,0,234
15227,14.625,-23.375,-25.0,#002E48,0,234
15255,14.625,0.625,-46.375,#002A68,0,234
15319,14.625,99.125,-94.0,#4600B4,0,234
15320,14.625,100.5,-78.875,#64009B,0,234
15323,14.625,118.375,-105.625,#5400C8,0,234
15331,14.6875,-38.375,12.5,#003012,0,235
15361,14.6875,-4.75,1.125,#1E2723,1,235
15373,14.6875,6.125,13.625,#332112,1,235
15374,14.6875,7.125,-4.125,#2C222B,1,235
15389,14.6875,17.75,13.375,#401A13,1,235
15391,14.6875,20.25,-59.0,#00237B,0,235
15429,14.6875,61.5,-72.75,#220091,0,235
15435,14.6875,67.375,-75.625,#2A0096,0,235
15527,14.75,31.875,-27.625,#3C104D,1,236
15539,14.75,48.375,-29.875,#4F0050,0,236
15544,14.75,54.75,-45.625,#4A0068,0,236
15632,14.8125,27.875,14.875,#4B0F11,1,237
15637,14.8125,39.0,-1.875,#520029,0,237
15638,14.8125,39.125,-49.625,#2A0C6D,1,237
15644,14.8125,51.5,0.375,#5F0027,0,237
15645,14.8125,65.375,-48.5,#55006C,0,237
15646,14.8125,67.0,-14.75,#6B003C,0,237
15739,14.875,56.0,-12.0,#610038,0,238
15756,14.9375,-57.875,22.5,#003400,0,239
15773,14.9375,-24.875,23.5,#052D00,0,239
15809,14.9375,2.375,25.625,#322300,0,239
15828,14.9375,24.75,-40.125,#1E1B5F,1,239
15863,14.9375,85.875,-61.625,#640081,0,239
15868,14.9375,109.375,-111.25,#2700D2,0,239
15874,14.9375,124.125,-89.375,#7A00AE,0,239
15953,15.0,22.75,-47.75,#001F6B,0,240
15960,15.0,27.375,-54.0,#001D75,0,240
15987,15.0,85.125,-86.375,#3B00A8,0,240
16009,15.0625,-13.125,-40.5,#002E60,0,241
16080,15.0625,76.25,-33.75,#6D0057,0,241
16101,15.125,-19.375,15.75,#0D2C0E,1,242
16134,15.125,8.75,-53.125,#002873,0,242
16184,15.1875,-61.625,-2.625,#003629,0,243
16230,15.1875,2.125,4.125,#2B2520,1,243
16266,15.1875,43.25,-16.625,#52003E,0,243
16278,15.1875,62.25,-62.75,#3F0083,0,243
16283,15.1875,83.25,-96.5,#0000BA,0,243
16313,15.25,-14.75,-2.75,#002C2A,1,244
16407,15.3125,-40.75,6.375,#00321C,0,245
16601,15.375,37.375,16.5,#560011,0,246
16604,15.375,40.125,-34.875,#420459,1,246
16652,15.4375,-19.125,-9.375,#002E33,0,247
16683,15.4375,3.125,-15.125,#1D263C,1,247
16705,15.4375,17.125,-6.75,#3A1D30,1,247
16737,15.4375,49.125,8.75,#60001D,0,247
16779,15.5,-15.125,-28.375,#002E4F,0,248
16781,15.5,-13.875,5.0,#112C1F,1,248
16840,15.5,43.0,-73.5,#001595,0,248
16859,15.5,102.5,-88.375,#5B00AD,0,248
16868,15.5625,-65.625,3.875,#003720,0,249
16875,15.5625,-29.375,-11.375,#003136,0,249
16925,15.5625,8.5,26.625,#3B2100,0,249
16942,15.5625,20.625,26.0,#471900,0,249
16987,15.625,-65.75,17.5,#003709,0,250
17046,15.625,14.125,5.125,#3C1F20,1,250
17078,15.625,56.625,-39.375,#540060,0,250
17094,15.6875,-42.125,-24.875,#00354A,0,251
17109,15.6875,-20.25,-37.375,#00315D,0,251
17146,15.6875,5.625,-42.5,#002965,0,251
17196,15.6875,50.75,-56.375,#37007A,0,251
17203,15.6875,71.375,-41.0,#650063,0,251
17252,15.75,-14.125,-17.0,#002E3F,0,252
17316,15.75,30.625,26.125,#520D00,0,252
17337,15.75,55.375,-18.75,#600043,0,252
17350,15.75,95.875,-104.75,#0C00C9,0,252
17452,15.8125,49.625,27.25,#640000,0,253
17473,15.8125,113.625,-92.25,#6900B5,0,253
17557,15.875,32.375,4.5,#500C22,1,254
17580,15.9375,-57.25,-13.0,#003739,0,255
17587,15.9375,-39.625,26.875,#003200,0,255
17600,15.9375,-21.5,-1.625,#002F29,0,255
17618,15.9375,-5.625,27.25,#2B2900,0,255
17645,15.9375,8.5,-12.75,#2B243A,1,255
17669,15.9375,30.25,-34.5,#35175A,1,255
17694,15.9375,114.5,-115.75,#2C00DD,0,255
17697,16.0,-68.375,11.125,#003816,0,256
17795,16.0,62.25,5.5,#6E0023,0,256
17796,16.0,64.75,-34.125,#63005A,0,256
17804,16.0,127.0,-109.0,#6300D1,0,256
17807,16.0625,-48.625,26.375,#003400,0,257
17814,16.0625,-32.25,-31.25,#003454,0,257
17817,16.0625,-19.75,6.875,#032F1E,1,257
17821,16.0625,-16.625,27.5,#1C2D00,0,257
17838,16.0625,-1.875,16.25,#2D2810,1,257
17875,16.0625,18.375,-25.75,#2D204D,1,257
17888,16.0625,41.375,-62.625,#001285,0,257
17890,16.0625,42.75,-41.625,#400465,1,257
17899,16.0625,51.125,-79.25,#000B9F,0,257
17908,16.0625,62.25,-28.375,#640052,0,257
17912,16.0625,77.375,-84.375,#3000A8,0,257
17913,16.0625,78.0,-60.125,#5E0081,0,257
17914,16.0625,84.25,-79.875,#4B00A1,0,257
17915,16.0625,89.25,-51.0,#740074,0,257
17959,16.125,-3.375,-35.5,#002D5B,0,258
17972,16.125,2.625,16.75,#332610,1,258
18038,16.1875,-44.25,13.0,#003414,0,259
18039,16.1875,-44.125,1.375,#003425,0,259
18066,16.1875,-1.375,-23.125,#002B49,0,259
18096,16.1875,17.875,-0.125,#3F1E29,1,259
18110,16.1875,27.875,-18.625,#411743,1,259
18121,16.1875,41.125,-55.375,#240F7A,1,259
18131,16.1875,64.5,-87.25,#0000AD,0,259
18212,16.25,21.75,5.625,#461A21,1,260
18217,16.25,27.625,-6.625,#481532,1,260
18223,16.25,33.875,-47.0,#28176D,1,260
18230,16.25,43.5,17.0,#5E0013,0,260
18241,16.25,59.0,27.75,#6F0000,0,260
18245,16.25,61.75,14.375,#700018,0,260
18247,16.25,66.5,-6.0,#710033,0,260
18248,16.25,74.125,-25.875,#72004F,0,260
18250,16.25,76.875,-94.625,#0000B9,0,260
18255,16.25,97.375,-70.0,#6F0092,0,260
18379,16.3125,60.375,20.5,#6F000F,0,261
18390,16.3125,101.125,-65.25,#78008A,0,261
18394,16.375,-64.125,23.875,#003800,0,262
18424,16.375,-8.0,16.875,#252B0F,1,262
18464,16.375,14.5,-38.75,#002561,0,262
18569,16.4375,11.25,16.75,#3D2211,1,263
18605,16.4375,41.125,5.625,#5B0022,0,263
18617,16.4375,68.375,-55.625,#57007B,0,263
18635,16.5,-49.25,4.875,#003621,0,264
18718,16.5,54.5,-70.25,#1B0092,0,264
18736,16.5625,-63.0,-8.75,#003934,0,265
18741,16.5625,-53.875,-18.125,#003842,0,265
18751,16.5625,-32.25,15.75,#003311,0,265
18828,16.5625,36.5,27.375,#5A0300,0,265
18864,16.5625,107.5,-100.625,#5000C5,0,265
18865,16.5625,111.75,-105.0,#4E00CC,0,265
18881,16.625,-28.375,28.25,#023200,0,266
18968,16.625,59.875,-3.625,#6C0030,0,266
18979,16.6875,-68.0,-1.625,#003A2A,0,267
18997,16.6875,-28.0,5.125,#003221,0,267
19014,16.6875,-9.25,-22.875,#002F4A,0,267
19076,16.6875,45.0,-9.625,#5B0038,0,267
19084,16.6875,57.125,-82.25,#0000A6,0,267
19087,16.6875,65.875,-68.875,#3F0091,0,267
19090,16.6875,72.875,-19.875,#740047,0,267
19093,16.6875,87.0,-45.375,#77006D,0,267
19247,16.8125,3.25,-6.125,#2A2832,1,269
19313,16.8125,87.625,-101.625,#0000C7,0,269
19316,16.8125,112.625,-77.375,#7D009F,0,269
19328,16.875,-35.375,-15.625,#00353F,0,270
19373,16.875,3.0,-51.75,#002E76,0,270
19387,16.875,14.375,28.125,#442000,0,270
19436,16.9375,-71.5,4.5,#003B22,0,271
19443,16.9375,-41.0,-11.375,#003639,0,271
19450,16.9375,-24.5,-16.5,#003341,0,271
19521,16.9375,22.0,-19.875,#3A1E46,1,271
19525,16.9375,24.0,-30.875,#321E57,1,271
19548,16.9375,50.25,15.5,#670017,0,271
19550,16.9375,55.125,-52.25,#480077,0,271
19563,16.9375,91.375,-78.125,#5E00A1,0,271
19566,16.9375,95.125,-82.875,#5D00A8,0,271
19571,17.0,-71.625,18.375,#003B0B,0,272
19639,17.0,9.75,-24.375,#20274D,1,272
19644,17.0,14.375,-59.25,#002B82,0,272
19671,17.0,53.5,-32.125,#5A0059,0,272
19680,17.0,71.5,-71.0,#470095,0,272
19719,17.0625,-7.375,-6.75,#152D33,1,273
19781,17.0625,27.875,-67.0,#00248E,0,273
19803,17.0625,60.875,-43.75,#5A006B,0,273
19807,17.0625,69.0,-91.25,#0000B6,0,273
19818,17.0625,119.375,-99.25,#6B00C4,0,273
19820,17.0625,121.375,-121.5,#3100EA,0,273
19828,17.125,-47.0,-7.125,#003734,0,274
19854,17.125,-11.375,-32.875,#003159,0,274
19912,17.125,27.375,8.5,#4F161F,1,274
19945,17.125,103.75,-111.5,#1600D9,0,274
19948,17.125,108.625,-72.25,#7E0098,0,274
20035,17.1875,9.0,7.75,#3A2520,1,275
20073,17.1875,46.5,-65.875,#100E8D,1,275
20087,17.1875,60.875,-15.75,#6B0042,0,275
20099,17.25,-55.875,28.0,#003800,0,276
20146,17.25,2.0,10.25,#32291C,1,276
20340,17.375,-74.25,11.875,#003C18,0,278
20374,17.375,-1.75,5.875,#2C2B22,1,278
20406,17.375,23.75,18.875,#4E1A10,1,278
20407,17.375,23.875,-13.625,#421C3F,1,278
20421,17.375,43.625,28.875,#630000,0,278
20428,17.375,48.5,-20.375,#5C0049,0,278
20432,17.375,56.75,-63.875,#39008A,0,278
20449,17.375,117.5,-87.875,#7A00B2,0,278
20478,17.4375,-22.25,29.875,#153200,0,279
20550,17.4375,32.875,-70.625,#002295,0,279
20574,17.4375,67.125,-81.625,#1D00A7,0,279
20598,17.5,-39.0,18.125,#00360E,0,280
20638,17.5,2.25,-37.625,#002E62,0,280
20655,17.5,13.625,-50.25,#002A75,0,280
20741,17.5625,-8.25,6.125,#222E22,1,281
20750,17.5625,-4.75,-49.0,#003273,0,281
20753,17.5625,-2.625,-3.625,#242C30,1,281
20840,17.625,-50.0,14.0,#003815,0,282
20842,17.625,-47.375,19.75,#00380B,0,282
20880,17.625,-1.75,-14.0,#192D3F,1,282
20938,17.625,78.875,-46.625,#700071,0,282
20946,17.625,107.75,-91.5,#6600B9,0,282
20960,17.6875,-34.5,29.875,#003500,0,283
20972,17.6875,-18.625,-20.75,#003449,0,283
21048,17.6875,38.75,-20.375,#510949,1,283
21062,17.6875,77.25,-77.125,#4900A1,0,283
21065,17.6875,84.75,-39.75,#7B0067,0,283
21078,17.75,-47.75,-25.25,#003A4F,0,284
21095,17.75,-14.875,20.125,#1F300C,1,284
21137,17.75,11.5,-1.25,#3B252E,1,284
21151,17.75,21.5,-64.375,#00298C,0,284
21196,17.8125,-70.0,25.25,#003C00,0,285
21216,17.8125,-24.125,18.25,#06330F,1,285
21217,17.8125,-20.25,-31.5,#003559,0,285
21297,17.8125,49.875,-13.125,#620040,0,285
21313,17.8125,87.125,-92.0,#3A00BA,0,285
21334,17.875,-24.25,-6.625,#003535,0,286
21400,17.875,31.25,-60.0,#002185,0,286
21408,17.875,36.875,-39.625,#3E1466,1,286
21409,17.875,37.375,-29.75,#491057,1,286
21431,17.875,71.25,-31.625,#71005B,0,286
21436,17.875,86.0,-67.75,#660092,0,286
21441,17.875,110.125,-82.75,#7700AB,0,286
21462,17.9375,-32.0,-24.875,#00384F,0,287
21468,17.9375,-26.375,-37.375,#003862,0,287
21551,17.9375,20.375,-53.625,#00287B,0,287
21562,17.9375,31.0,19.125,#571212,1,287
21564,17.9375,35.125,-53.75,#1D1B7C,1,287
21578,17.9375,52.5,-26.25,#5F0053,0,287
21600,18.0,-55.875,-3.625,#003B30,0,288
21601,18.0,-55.5,6.25,#003A22,0,288
21608,18.0,-34.125,-2.0,#00372E,0,288
21669,18.0,14.5,-13.125,#38253F,1,288
21680,18.0,24.625,30.25,#521A00,0,288
21683,18.0,27.625,-45.75,#202070,1,288
21750,18.0625,-11.625,31.0,#293000,0,289
21771,18.0625,0.25,31.0,#382B00,0,289
21857,18.125,-38.625,-31.0,#003A59,0,290
21942,18.125,34.125,-12.125,#51123E,1,290
21958,18.125,60.0,-56.25,#4E0081,0,290
21984,18.1875,-44.625,30.5,#003800,0,291
22072,18.1875,37.625,-74.625,#00219E,0,291
22081,18.1875,47.5,-3.375,#640033,0,291
22082,18.1875,50.25,-38.0,#540065,0,291
22088,18.1875,53.75,-4.875,#6A0035,0,291
22100,18.1875,80.0,-89.375,#2F00B6,0,291
22103,18.1875,101.625,-99.0,#4D00C7,0,291
22110,18.1875,126.75,-126.375,#3600F6,0,291
22112,18.25,-77.25,6.25,#003E22,0,292
22113,18.25,-74.625,-0.75,#003E2C,0,292
22114,18.25,-70.875,-6.875,#003E35,0,292
22117,18.25,-61.25,-16.875,#003D44,0,292
22235,18.25,67.125,-0.25,#79002F,0,292
22236,18.25,72.125,-13.5,#7A0042,0,292
22239,18.25,85.25,-55.25,#730080,0,292
22341,18.3125,53.875,31.0,#700000,0,293
22379,18.375,-7.5,-39.375,#003466,0,294
22405,18.375,9.0,-32.5,#0B2B5C,1,294
22415,18.375,17.625,18.25,#4A2213,1,294
22438,18.375,56.875,2.625,#6F002B,0,294
22451,18.375,112.875,-97.875,#6700C5,0,294
22453,18.4375,-77.5,19.25,#003F0D,0,295
22456,18.4375,-61.625,29.5,#003C00,0,295
22552,18.4375,37.25,10.375,#5D0820,1,295
22573,18.4375,79.75,-65.375,#610090,0,295
22576,18.4375,95.125,-52.125,#82007C,0,295
22578,18.4375,124.875,-94.875,#7F00C1,0,295
22656,18.5,14.75,-21.25,#32274C,1,296
22660,18.5,15.5,-31.75,#23285B,1,296
22696,18.5,45.0,-79.5,#001BA7,0,296
22702,18.5,49.5,21.625,#6B0011,0,296
22714,18.5,67.5,9.0,#7C0024,0,296
22727,18.5,91.875,-64.125,#74008E,0,296
22731,18.5,108.375,-116.25,#1900E5,0,296
22735,18.5,119.25,-110.125,#5A00DB,0,296
22750,18.5625,-27.375,-0.875,#00372E,0,297
22812,18.5625,9.625,31.75,#442700,0,297
22813,18.5625,10.875,-43.5,#002D6D,0,297
22827,18.5625,28.125,0.625,#51192D,1,297
22855,18.5625,57.25,-76.5,#0E00A2,0,297
22858,18.5625,63.75,30.75,#7A0000,0,297
22885,18.625,-36.125,4.375,#003826,0,298
22896,18.625,-16.875,-43.875,#00386E,0,298
22996,18.625,46.875,4.125,#660029,0,298
23015,18.625,80.75,-28.25,#7F0058,0,298
23019,18.625,120.75,-82.0,#8900AC,0,298
23062,18.6875,-6.875,-29.0,#003358,0,299
23078,18.6875,2.625,-20.5,#1A2E4B,1,299
23088,18.6875,6.75,21.625,#3F290D,1,299
23099,18.6875,12.75,22.625,#46260B,1,299
23147,18.6875,75.125,-54.75,#670080,0,299
23149,18.6875,78.0,-71.125,#58009A,0,299
23156,18.75,-80.125,12.625,#004019,0,300
23187,18.75,-10.5,-47.625,#003774,0,300
23189,18.75,-9.5,-1.25,#1B322F,1,300
23211,18.75,8.25,-58.375,#003185,0,300
23288,18.8125,-34.75,22.875,#003807,0,301
23383,18.8125,27.75,-26.0,#421E54,1,301
23404,18.8125,62.75,-21.75,#6F004F,0,301
23407,18.8125,66.125,19.625,#7C0016,0,301
23415,18.8125,78.875,-99.75,#0000C9,0,301
23431,18.875,-51.25,-11.125,#003C3D,0,302
23465,18.875,-6.75,-12.75,#0F3240,1,302
23501,18.875,18.375,32.375,#4E2200,0,302
23526,18.875,50.0,-48.75,#4A0077,0,302
23531,18.875,59.125,-88.25,#0006B6,0,302
23539,18.875,67.75,-63.5,#53008E,0,302
23562,18.9375,-41.0,-18.25,#003B48,0,303
23640,18.9375,21.75,-36.25,#2A2563,1,303
23684,18.9375,96.125,-109.875,#0000DB,0,303
23690,19.0,-51.25,31.5,#003B00,0,304
23691,19.0,-49.875,-1.375,#003C2F,0,304
23706,19.0,-24.25,12.125,#01361C,1,304
23794,19.0,95.0,-97.0,#4500C5,0,304
23798,19.0,115.25,-121.0,#2400EF,0,304
23802,19.0625,-76.125,26.0,#004000,0,305
23805,19.0625,-67.75,-13.5,#004041,0,305
23852,19.0625,3.875,-0.125,#342C2F,1,305
23895,19.0625,30.125,32.75,#5B1600,0,305
23919,19.0625,90.0,-86.0,#5500B3,0,305
23927,19.0625,124.875,-102.625,#7600CF,0,305
23957,19.125,-34.5,10.25,#00391E,0,306
24045,19.125,33.125,-18.375,#4F174A,1,306
24057,19.125,46.25,-54.125,#3C0C80,1,306
24072,19.125,72.875,-81.125,#3A00AB,0,306
24077,19.125,79.375,-37.125,#7B0066,0,306
24082,19.125,96.875,-75.75,#7000A3,0,306
24083,19.125,106.0,-106.125,#4700D5,0,306
24184,19.1875,22.5,12.75,#501F1D,1,307
24230,19.1875,103.125,-73.875,#7B00A0,0,307
24261,19.25,-17.25,11.375,#18351E,1,308
24316,19.25,21.625,-4.875,#492236,1,308
24332,19.25,39.625,-7.25,#5D093A,1,308
24343,19.25,59.5,-33.75,#660061,0,308
24346,19.25,65.0,-39.625,#68006A,0,308
24348,19.25,70.375,-46.375,#6A0074,0,308
24364,19.25,102.625,-83.25,#7000AF,0,308
24371,19.3125,-57.5,13.125,#003E1A,0,309
24372,19.3125,-54.375,19.0,#003D10,0,309
24395,19.3125,-18.75,-14.125,#003743,0,309
24464,19.3125,24.375,-58.125,#002986,0,309
24503,19.3125,98.625,-57.25,#850086,0,309
24513,19.375,-56.875,-22.5,#003F4F,0,310
24591,19.375,11.25,-7.625,#3A2A3A,1,310
24623,19.375,45.375,-26.5,#5A0056,0,310
24646,19.375,86.875,-73.75,#6400A0,0,310
24647,19.375,90.375,-107.25,#0000D8,0,310
24706,19.4375,-2.5,-43.5,#00346F,0,311
24710,19.4375,-1.125,23.75,#372F09,1,311
24716,19.4375,3.125,-30.375,#00305C,0,311
24733,19.4375,21.5,-43.375,#182870,1,311
24755,19.4375,51.25,-84.5,#0017B1,0,311
24761,19.4375,55.625,11.125,#730022,0,311
24799,19.5,-17.25,33.25,#243500,0,312
24886,19.5,43.25,-48.25,#411177,1,312
24888,19.5,43.375,11.125,#660021,0,312
24910,19.5,96.625,-90.125,#5B00BB,0,312
24928,19.5625,-27.25,-21.375,#003A4E,0,313
25030,19.5625,38.0,33.625,#640800,0,313
25054,19.5625,72.0,-4.375,#810038,0,313
25056,19.5625,78.75,-21.0,#830050,0,313
25128,19.625,13.75,11.875,#47271F,1,314
25154,19.625,37.5,20.875,#620B13,1,314
25175,19.625,62.625,-10.375,#750040,0,314
25198,19.6875,-34.5,-35.5,#003D64,0,315
25291,19.6875,48.25,33.875,#6F0000,0,315
25305,19.6875,71.25,-96.5,#0000C6,0,315
25314,19.75,-83.125,4.75,#004327,0,316
25323,19.75,-39.375,33.5,#003B00,0,316
25331,19.75,-26.375,-30.5,#003B5C,0,316
25399,19.75,33.5,-4.625,#581637,1,316
25406,19.75,37.5,1.75,#5F0E2F,1,316
25427,19.8125,-83.25,20.375,#00420E,0,317
25435,19.8125,-45.75,-13.75,#003E43,0,317
25450,19.8125,-22.625,-42.375,#003C6E,0,317
25461,19.8125,-12.125,-10.375,#01353F,1,317
25496,19.8125,8.5,-18.125,#2D2D4A,1,317
25567,19.875,-80.25,-2.25,#004332,0,318
25597,19.875,-30.375,33.875,#053900,0,318
25627,19.875,-7.25,22.5,#30320D,1,318
25631,19.875,-5.75,34.125,#353100,0,318
25699,19.875,68.5,-26.5,#760058,0,318
25709,19.875,93.125,-45.875,#880076,0,318
25713,19.875,103.75,-60.375,#8A008C,0,318
25804,19.9375,26.25,23.875,#581D0E,1,319
25837,19.9375,65.25,-51.625,#60007E,0,319
25891,20.0,-15.75,-37.25,#003A67,0,320
25898,20.0,-11.125,11.375,#25341F,1,320
25963,20.0,37.0,-60.875,#09208D,1,320
25965,20.0,41.25,-68.5,#001E99,0,320
25966,20.0,47.375,-71.125,#00169D,0,320
25974,20.0,60.5,-68.0,#400098,0,320
25977,20.0,62.875,24.75,#7D0011,0,320
26079,20.0625,4.875,-46.625,#003376,0,321
26153,20.0625,100.125,-105.25,#3D00D7,0,321
26155,20.0625,106.25,-66.875,#890097,0,321
26157,20.125,-86.0,13.5,#00441A,0,322
26162,20.125,-76.875,-8.0,#00433B,0,322
26166,20.125,-67.5,31.875,#004100,0,322
26168,20.125,-63.5,7.75,#004124,0,322
26171,20.125,-59.25,1.875,#00402D,0,322
26183,20.125,-43.625,-3.125,#003E34,0,322
26231,20.125,1.625,-56.625,#003686,0,322
26281,20.125,44.0,-34.125,#540A64,1,322
26290,20.125,58.875,34.625,#7B0000,0,322
26306,20.125,85.875,-32.625,#870062,0,322
26334,20.1875,-21.375,2.625,#00382C,0,323
26397,20.1875,28.0,-39.625,#34236C,1,323
26435,20.1875,124.0,-115.75,#5D00E9,0,323
26440,20.25,-61.25,18.0,#004014,0,324
26455,20.25,-37.625,-25.0,#003E55,0,324
26524,20.25,3.25,-11.25,#2D3041,1,324
26728,20.3125,48.5,-61.0,#360F8E,1,325
26731,20.3125,55.5,-14.625,#6E0048,0,325
26739,20.3125,67.375,-17.25,#7A004C,0,325
26742,20.3125,83.25,-104.625,#0000D6,0,325
26746,20.3125,92.0,-58.125,#7F008A,0,325
26751,20.3125,116.375,-103.75,#6900D5,0,325
26853,20.375,34.25,-24.75,#4F1A56,1,326
26869,20.375,53.25,-43.875,#590073,0,326
26873,20.375,59.375,-48.875,#5C007B,0,326
26874,20.375,63.75,-93.25,#0001C3,0,326
26879,20.375,72.25,5.125,#85002D,0,326
26883,20.375,83.25,-50.0,#7A007D,0,326
26895,20.4375,-42.5,22.875,#003E0B,0,327
26942,20.4375,5.75,11.375,#3F2E21,1,327
26996,20.4375,52.0,-66.25,#320A96,1,327
26999,20.4375,56.25,22.0,#780015,0,327
27005,20.4375,63.125,-76.25,#3300A7,0,327
27020,20.4375,112.5,-111.625,#4D00E3,0,327
27023,20.4375,126.625,-85.875,#9300B8,0,327
27025,20.5,-82.0,27.25,#004400,0,328
27029,20.5,-56.875,33.875,#004000,0,328
27088,20.5,8.875,-38.125,#00316A,0,328
27143,20.5,90.75,-40.25,#8A006F,0,328
27159,20.5625,-32.125,-8.875,#003D3E,0,329
27161,20.5625,-28.75,23.5,#013B0B,1,329
27281,20.5625,73.75,-89.125,#2400BC,0,329
27287,20.5625,99.75,-114.5,#0000E8,0,329
27328,20.625,-23.5,35.125,#1B3900,0,330
27338,20.625,-3.75,11.25,#323321,1,330
27358,20.625,4.375,35.375,#432E00,0,330
27372,20.625,14.875,-64.125,#003393,0,330
27379,20.625,24.125,-70.5,#002F9E,0,330
27399,20.625,40.5,-14.25,#5E0D47,1,330
27415,20.625,66.875,35.5,#840000,0,330
27417,20.625,70.125,14.0,#850022,0,330
27431,20.6875,-73.75,-13.125,#004444,0,331
27440,20.6875,-44.75,6.375,#003F27,0,331
27444,20.6875,-40.5,11.5,#003E20,0,331
27547,20.6875,32.375,13.5,#5F1820,1,331
27581,20.6875,82.625,-83.875,#4F00B4,0,331
27622,20.75,-14.25,-23.875,#003955,0,332
27721,20.75,69.0,26.375,#860011,0,332
27725,20.75,76.75,-9.5,#880042,0,332
27732,20.75,116.0,-73.75,#9200A4,0,332
27733,20.75,117.125,-93.375,#7D00C5,0,332
27734,20.75,120.25,-126.625,#2600FE,0,332
27812,20.8125,17.875,6.875,#4D2729,1,333
27820,20.8125,28.375,-52.25,#142781,1,333
27876,20.875,-28.75,-14.25,#003D47,0,334
27946,20.875,27.875,-10.5,#522042,1,334
28029,20.9375,-18.625,-7.0,#003A3C,0,335
28049,20.9375,-3.875,1.625,#2D3430,1,335
28123,21.0,-58.75,-9.875,#004340,0,336
28149,21.0,-18.875,24.125,#20390B,1,336
28188,21.0,8.625,-51.25,#003480,0,336
28248,21.0,58.0,-27.25,#6D005C,0,336
28263,21.0625,-51.75,24.5,#004109,0,337
28268,21.0625,-43.875,-32.75,#004263,0,337
28304,21.0625,-2.25,-19.125,#15354F,1,337
28347,21.0625,24.875,35.75,#5B2000,0,337
28355,21.0625,35.25,-34.5,#4A1C66,1,337
28389,21.0625,91.875,-70.625,#7500A0,0,337
28393,21.125,-89.0,5.25,#004729,0,338
28398,21.125,-62.75,-22.125,#004453,0,338
28404,21.125,-45.875,35.625,#004000,0,338
28437,21.125,-7.875,-52.75,#003C82,0,338
28459,21.125,0.25,-6.0,#2E333B,1,338
28495,21.125,19.625,-10.25,#482842,1,338
28591,21.1875,-14.625,2.125,#18392F,1,339
28599,21.1875,-9.875,-18.5,#00384E,0,339
28629,21.1875,8.875,3.0,#412E2F,1,339
28659,21.1875,33.25,-43.125,#3B2174,1,339
28670,21.1875,44.375,23.375,#6E0013,0,339
28693,21.25,-89.125,21.25,#00460F,0,340
28697,21.25,-66.375,21.125,#004310,0,340
28710,21.25,-38.625,-6.5,#00403C,0,340
28798,21.25,21.5,-25.125,#3F2858,1,340
28810,21.25,32.875,25.125,#62180F,1,340
28832,21.25,74.0,-60.75,#670090,0,340
28847,21.3125,-86.125,-1.75,#004734,0,341
28852,21.3125,-50.5,-29.375,#00445E,0,341
28967,21.3125,42.75,-58.625,#311B8C,1,341
28992,21.3125,85.75,-61.125,#770091,0,341
29136,21.375,47.25,-42.875,#540A74,1,342
29141,21.375,55.625,-59.125,#4C008E,0,342
29149,21.375,73.5,-37.875,#7A006D,0,342
29154,21.375,102.0,-93.875,#6400C7,0,342
29156,21.375,108.125,-77.375,#8500AC,0,342
29163,21.4375,-73.5,33.375,#004500,0,343
29230,21.4375,0.625,14.5,#3C321E,1,343
29276,21.4375,39.375,-80.625,#0027B0,0,343
29308,21.4375,115.0,-83.5,#8900B6,0,343
29374,21.5,1.375,4.25,#38332D,1,344
29416,21.5,30.625,-75.125,#002DA8,0,344
29440,21.5,51.25,-76.5,#0016AA,0,344
29452,21.5,64.75,-45.375,#6A0079,0,344
29463,21.5,84.375,-96.25,#3200CB,0,344
29474,21.5625,-92.0,13.25,#00481E,0,345
29482,21.5625,-70.25,-18.375,#00464E,0,345
29485,21.5625,-64.875,-5.75,#00453B,0,345
29500,21.5625,-33.625,-20.375,#004051,0,345
29545,21.5625,5.0,27.875,#453006,1,345
29560,21.5625,13.625,36.625,#502B00,0,345
29572,21.5625,17.875,-48.375,#00307D,0,345
29579,21.5625,21.25,1.25,#512733,1,345
29617,21.5625,60.875,9.0,#7E002A,0,345
29638,21.5625,109.75,-121.75,#0500F8,0,345
29697,21.625,-2.0,-32.625,#003864,0,346
29722,21.625,11.625,-28.125,#29305E,1,346
29733,21.625,19.5,23.375,#552712,1,346
29755,21.625,43.125,36.75,#700100,0,346
29756,21.625,43.5,-19.875,#610B52,1,346
29761,21.625,49.75,-8.25,#6E0041,0,346
29775,21.625,61.625,0.75,#7D0035,0,346
29777,21.625,64.875,-57.875,#5D008C,0,346
29911,21.6875,30.75,5.375,#5D1D2D,1,347
29960,21.6875,122.125,-89.875,#8C00C2,0,347
29962,21.6875,124.5,-108.75,#7400E2,0,347
29965,21.75,-82.875,-8.0,#00483F,0,348
29972,21.75,-59.625,24.625,#00430A,0,348
29996,21.75,-19.0,17.125,#1E3B1A,1,348
30004,21.75,-15.625,-49.375,#003F7E,0,348
30094,21.75,87.375,-79.375,#6400B0,0,348
30102,21.75,107.5,-96.375,#6B00CC,0,348
30148,21.8125,-12.0,37.125,#323800,0,349
30232,21.8125,53.625,-89.625,#001BC1,0,349
30235,21.8125,58.0,-40.0,#660071,0,349
30248,21.8125,98.5,-63.25,#870096,0,349
30251,21.8125,110.375,-87.5,#7E00BE,0,349
30279,21.875,-28.375,-42.25,#004273,0,350
30346,21.875,19.75,-16.5,#452A4D,1,350
30368,21.875,53.5,37.5,#7B0000,0,350
30389,21.875,104.25,-119.125,#0000F4,0,350
30391,21.875,112.375,-68.125,#95009E,0,350
30392,21.875,117.5,-116.125,#5300EF,0,350
30396,21.9375,-69.75,10.0,#004624,0,351
30447,21.9375,-4.375,28.5,#3A3505,1,351
30466,21.9375,7.375,-11.25,#373245,1,351
30476,21.9375,15.625,-3.625,#482C3A,1,351
30496,21.9375,27.5,-31.625,#432664,1,351
30510,21.9375,42.875,0.0,#6A0836,1,351
30513,21.9375,51.75,-53.625,#4F0586,1,351
30528,21.9375,68.5,-86.5,#2200BC,0,351
30530,21.9375,72.125,20.0,#8C001C,0,351
30532,21.9375,73.5,-22.75,#830058,0,351
30538,22.0,-87.875,28.625,#004800,0,352
30562,22.0,-28.375,16.25,#003E1B,0,352
30581,22.0,-12.5,24.625,#2D390D,1,352
30631,22.0,16.25,-55.375,#003389,0,352
30646,22.0,27.125,-4.25,#57233C,1,352
30650,22.0,34.25,-49.25,#34247F,1,352
30651,22.0,34.75,-66.375,#00289B,0,352
30665,22.0,50.125,11.875,#750026,0,352
30715,22.0625,-31.375,2.5,#003F30,0,353
30810,22.0625,41.375,-40.25,#4F1872,1,353
30837,22.0625,81.75,-15.25,#8F004D,0,353
30863,22.125,-44.375,17.125,#004219,0,354
30907,22.125,-0.25,-49.125,#003A7F,0,354
30927,22.125,8.875,16.5,#482F1D,1,354
30951,22.125,26.25,-63.25,#002E96,0,354
30962,22.125,34.625,37.875,#681700,0,354
30968,22.125,45.25,-85.125,#0025BA,0,354
30978,22.125,57.0,-21.25,#720056,0,354
30980,22.125,59.75,15.875,#800021,0,354
30985,22.125,73.75,-101.75,#0000D6,0,354
30988,22.125,76.875,-42.875,#7D0077,0,354
30991,22.125,89.25,-50.375,#870082,0,354
31006,22.1875,-66.875,2.875,#004630,0,355
31072,22.1875,6.375,-24.375,#253459,1,355
31105,22.1875,27.875,-17.25,#51244F,1,355
31138,22.1875,69.75,-74.625,#4D00A9,0,355
31147,22.1875,100.625,-50.75,#940083,0,355
31156,22.25,-62.125,36.375,#004500,0,356
31181,22.25,-20.875,-25.0,#003F5A,0,356
31232,22.25,16.0,-41.875,#113174,1,356
31290,22.25,64.875,-33.25,#750068,0,356
31297,22.25,83.625,-43.5,#850078,0,356
31309,22.3125,-64.75,13.375,#004620,0,357
31369,22.3125,-1.375,38.25,#413500,0,357
31437,22.3125,57.375,-7.875,#780043,0,357
31446,22.3125,68.5,-10.375,#830047,0,357
31464,22.375,-54.125,-15.25,#00464B,0,358
31493,22.375,-15.125,-31.25,#003E64,0,358
31591,22.375,49.375,27.75,#77000F,0,358
31606,22.375,84.0,-23.5,#90005A,0,358
31608,22.375,93.25,-102.625,#3C00D9,0,358
31706,22.4375,18.25,-69.0,#0036A0,0,359
31736,22.4375,51.5,2.375,#750034,0,359
31742,22.4375,57.75,28.625,#80000F,0,359
31751,22.4375,72.5,32.125,#8F000A,0,359
31753,22.4375,73.625,-66.75,#62009D,0,359
31772,22.5,-48.875,-18.375,#004550,0,360
31810,22.5,-3.75,17.25,#39371C,1,360
31868,22.5,26.25,16.625,#5D231E,1,360
31901,22.5,79.75,-55.125,#78008B,0,360
31913,22.5625,-94.875,5.375,#004B2C,0,361
31914,22.5625,-79.5,-13.75,#004A49,0,361
31916,22.5625,-70.75,-2.5,#004838,0,361
31923,22.5625,-51.375,37.625,#004400,0,361
31944,22.5625,-27.75,7.75,#00402A,0,361
31981,22.5625,-3.75,-8.125,#283842,1,361
32038,22.5625,42.625,-74.125,#0024A9,0,361
32061,22.5625,91.625,-112.875,#0000EB,0,361
32065,22.5625,111.125,-105.75,#6200DF,0,361
32080,22.625,-51.5,8.125,#004529,0,362
32089,22.625,-38.75,0.0,#004335,0,362
32118,22.625,-12.75,-4.875,#163C3D,1,362
32119,22.625,-12.25,17.625,#2C3A1B,1,362
32167,22.625,8.125,-2.875,#40323A,1,362
32219,22.625,61.75,-82.5,#1C01B7,1,362
32236,22.6875,-95.0,22.375,#004B10,0,363
32244,22.6875,-43.0,-22.5,#004557,0,363
32296,22.6875,7.5,-64.0,#003B98,0,363
32348,22.6875,53.75,-34.375,#68006A,0,363
32352,22.6875,58.125,-93.5,#0018CA,0,363
32355,22.6875,64.25,-5.125,#820040,0,363
32362,22.6875,78.5,-1.375,#91003B,0,363
32365,22.6875,81.125,-76.375,#6100AD,0,363
32367,22.6875,82.5,-69.25,#6D00A2,0,363
32374,22.6875,91.75,-91.875,#5800C7,0,363
32376,22.6875,94.625,-80.625,#7100B5,0,363
32393,22.75,-50.0,-6.125,#00453E,0,364
32396,22.75,-38.625,-12.75,#004449,0,364
32398,22.75,-34.875,38.5,#004100,0,364
32405,22.75,-28.25,38.875,#173F00,0,364
32513,22.75,38.875,28.25,#6D120D,1,364
32514,22.75,39.75,15.0,#6C1122,1,364
32537,22.75,76.25,-50.0,#780083,0,364
32560,22.8125,-72.625,21.5,#004812,0,365
32606,22.8125,-8.5,-33.5,#003D68,0,365
32655,22.8125,14.375,27.25,#532D0C,1,365
32730,22.8125,98.875,-70.125,#8400A4,0,365
32805,22.875,4.125,-5.875,#39353F,1,366
32863,22.875,70.875,39.375,#8F0000,0,366
32866,22.875,75.25,-30.0,#850065,0,366
32874,22.875,109.25,-62.25,#990098,0,366
32877,22.875,121.625,-77.125,#9D00B0,0,366
32878,22.875,122.0,-98.375,#8500D3,0,366
32879,22.9375,-97.875,14.125,#004C1F,0,367
32934,22.9375,-4.375,-25.5,#003B5D,0,367
32995,22.9375,39.875,-26.875,#5C195F,1,367
33020,22.9375,85.875,-110.125,#0000E7,0,367
33033,23.0,-79.75,35.125,#004900,0,368
33053,23.0,-41.0,28.375,#004305,0,368
33075,23.0,-23.0,-16.75,#00414F,0,368
33080,23.0,-19.375,39.25,#293D00,0,368
33131,23.0,8.375,39.25,#4E3100,0,368
33144,23.0,19.25,39.125,#5B2A00,0,368
33199,23.0,114.375,-126.75,#0500FF,0,368
33202,23.0625,-88.875,-6.875,#004C40,0,369
33212,23.0625,-54.125,0.375,#004735,0,369
33219,23.0625,-34.5,-40.75,#004674,0,369
33228,23.0625,-25.625,29.5,#184003,1,369
33234,23.0625,-22.375,-47.5,#00447F,0,369
33258,23.0625,-3.375,-58.25,#003F90,0,369
33342,23.0625,49.25,-17.875,#6D0053,0,369
33359,23.0625,76.375,9.75,#92002D,0,369
33363,23.0625,105.375,-112.25,#4200EB,0,369
33387,23.125,-32.875,-28.25,#004461,0,370
33439,23.125,3.375,-40.5,#003974,0,370
33461,23.125,25.125,7.25,#5B262D,1,370
33496,23.125,62.25,39.5,#870000,0,370
33509,23.125,75.75,-15.75,#8C0050,0,370
33521,23.1875,-76.75,10.25,#004A26,0,371
33528,23.1875,-58.0,8.25,#00472A,0,371
33529,23.1875,-56.625,-28.875,#004962,0,371
33535,23.1875,-41.25,39.25,#004400,0,371
33544,23.1875,-23.0,-2.5,#00403A,0,371
33606,23.1875,13.5,-17.0,#3F3151,1,371
33612,23.1875,18.125,14.25,#552C23,1,371
33642,23.1875,44.25,-6.0,#6D0B41,1,371
33645,23.1875,48.0,-30.75,#640866,1,371
33661,23.1875,66.375,-69.0,#5400A3,0,371
33662,23.1875,66.625,-99.25,#0008D5,0,371
33685,23.25,-77.125,1.75,#004A33,0,372
33772,23.25,20.75,-61.0,#003495,0,372
33812,23.25,77.375,-94.0,#2A00CC,0,372
33817,23.25,92.375,-33.625,#97006C,0,372
33825,23.25,126.25,-120.5,#6300FB,0,372
33834,23.3125,-71.375,15.625,#00491E,0,373
33992,23.3125,102.25,-78.75,#8100B3,0,373
33993,23.3125,104.125,-87.5,#7900C2,0,373
34016,23.375,-35.375,15.75,#00431F,0,374
34070,23.375,2.75,20.25,#453519,1,374
34132,23.375,43.25,6.125,#700C30,1,374
34189,23.4375,-22.0,-34.5,#00436B,0,375
34210,23.4375,-7.0,-45.25,#003F7C,0,375
34244,23.4375,12.25,-47.0,#00377F,0,375
34302,23.4375,71.25,-54.25,#70008C,0,375
34318,23.5,-93.75,29.75,#004C00,0,376
34346,23.5,-21.375,8.75,#13402A,1,376
34356,23.5,-12.125,-41.25,#004176,0,376
34428,23.5,33.0,-56.625,#202A8F,1,376
34433,23.5,38.625,-53.875,#39238B,1,376
34461,23.5,77.25,-82.25,#5100B9,0,376
34462,23.5,78.25,-106.5,#0000E3,0,376
34468,23.5,88.5,-28.125,#960064,0,376
34477,23.5625,-79.5,16.5,#004B1D,0,377
34504,23.5625,-25.25,-9.375,#004246,0,377
34511,23.5625,-16.875,-18.625,#004054,0,377
34525,23.5625,-4.375,-38.125,#003E72,0,377
34543,23.5625,4.0,-17.125,#2E3752,1,377
34559,23.5625,13.375,-35.25,#23346D,1,377
34582,23.5625,29.375,40.5,#672100,0,377
34586,23.5625,33.25,-80.25,#0031B6,0,377
34620,23.5625,62.375,-63.5,#57009B,0,377
34687,23.625,-7.75,5.875,#303B2F,1,378
34724,23.625,9.875,8.875,#4B332B,1,378
34777,23.625,52.875,17.125,#7D0022,0,378
34781,23.625,56.0,-71.25,#3A0DA7,1,378
34794,23.625,75.25,25.125,#950019,0,378
34804,23.6875,-100.125,8.5,#004E2A,0,379
34822,23.6875,-40.625,-38.375,#004872,0,379
34828,23.6875,-34.625,27.375,#004309,0,379
34915,23.6875,26.75,29.75,#63250B,1,379
34944,23.6875,67.0,4.125,#8A0035,0,379
34956,23.6875,95.75,-41.5,#990079,0,379
34964,23.75,-76.5,-18.875,#004C54,0,380
35050,23.75,25.25,-47.5,#262F81,1,380
35121,23.8125,-47.25,1.75,#004735,0,381
35229,23.8125,32.625,18.75,#681F1E,1,381
35232,23.8125,36.875,-18.0,#601E54,1,381
35250,23.8125,56.125,-79.625,#1514B6,1,381
35282,23.875,-68.0,38.375,#004A00,0,382
35283,23.875,-64.0,-11.375,#004B49,0,382
35350,23.875,1.625,-62.375,#003F99,0,382
35374,23.875,19.375,-33.375,#37316B,1,382
35439,23.875,107.25,-56.5,#9E0091,0,382
35520,23.9375,-0.125,-0.625,#38393A,1,383
35550,23.9375,14.5,19.0,#54301D,1,383
35579,23.9375,32.75,-13.25,#5E224D,1,383
35612,23.9375,99.5,-99.75,#5C00D8,0,383
35734,24.0,45.875,-66.25,#2C20A0,1,384
35750,24.0,75.25,-72.5,#6100AB,0,384
35775,24.0625,-98.125,0.5,#004F37,0,385
35801,24.0625,-47.125,12.125,#004726,0,385
35892,24.0625,12.375,-69.0,#003CA4,0,385
35894,24.0625,14.125,-10.625,#473249,1,385
35904,24.0625,20.25,28.875,#5D2C0D,1,385
35936,24.0625,47.75,39.875,#7C0000,0,385
35956,24.0625,125.625,-128.0,#4C00FF,0,385
35957,24.125,-101.0,22.625,#004F12,0,386
35963,24.125,-67.75,-24.25,#004D5D,0,386
35977,24.125,-47.125,29.625,#004704,0,386
35981,24.125,-44.125,-8.5,#004845,0,386
36008,24.125,-10.25,-27.125,#004062,0,386
36071,24.125,22.375,-54.875,#00338E,0,386
36074,24.125,27.5,-23.0,#512A5C,1,386
36083,24.125,35.375,9.125,#6A1D2D,1,386
36092,24.125,46.625,-50.5,#501887,1,386
36095,24.125,48.625,-23.875,#6C075E,1,386
36130,24.125,127.0,-94.5,#9600D0,0,386
36207,24.1875,9.625,23.375,#503316,1,387
36212,24.1875,11.0,-58.25,#003B93,0,387
36271,24.1875,62.625,-18.625,#7F0057,0,387
36283,24.1875,84.5,-89.0,#5400C7,0,387
36290,24.25,-87.25,35.75,#004D00,0,388
36296,24.25,-55.0,28.875,#004906,0,388
36329,24.25,-12.75,31.125,#343E04,1,388
36433,24.25,82.125,-7.875,#980048,0,388
36446,24.3125,-103.75,15.0,#005020,0,389
36469,24.3125,-38.125,6.875,#00462E,0,389
36474,24.3125,-31.25,-4.25,#00453F,0,389
36480,24.3125,-23.25,20.75,#1C4219,1,389
36510,24.3125,-0.25,-12.5,#2E3B4C,1,389
36551,24.3125,24.5,-76.375,#0037B1,0,389
36574,24.3125,39.625,41.75,#741400,0,389
36593,24.3125,80.875,-34.125,#8D006F,0,389
36601,24.3125,117.0,-109.25,#6D00EA,0,389
36611,24.375,-64.75,27.375,#004B09,0,390
36649,24.375,-8.5,41.75,#3D3C00,0,390
36652,24.375,-7.125,-3.25,#2A3D3F,1,390
36693,24.375,6.125,-32.5,#143A6B,1,390
36705,24.375,15.125,-23.125,#3E345D,1,390
36742,24.375,58.625,-53.625,#61008D,0,390
36744,24.375,62.125,-89.0,#000FC7,0,390
36751,24.375,71.625,-0.375,#90003D,0,390
36765,24.375,104.5,-103.125,#6000E0,0,390
36769,24.375,120.375,-121.5,#5500FF,0,390
36784,24.4375,-49.875,18.875,#00491B,0,391
36906,24.4375,55.25,-2.375,#7E003F,0,391
36917,24.4375,69.75,-80.625,#4700B9,0,391
36921,24.4375,79.75,4.5,#990037,0,391
36929,24.4375,110.25,-116.375,#4800F7,0,391
36930,24.4375,120.875,-104.25,#7F00E2,0,391
36931,24.5,-94.875,-6.25,#005042,0,392
36974,24.5,-13.5,-54.75,#00458E,0,392
37055,24.5,32.375,0.125,#65233B,1,392
37069,24.5,46.875,17.375,#790223,1,392
37096,24.5,87.375,-100.625,#3900DB,0,392
37097,24.5,87.375,-56.0,#870092,0,392
37110,24.5625,-74.25,39.0,#004C00,0,393
37167,24.5625,-1.375,7.0,#3D3B30,1,393
37216,24.5625,32.875,-29.875,#542668,1,393
37221,24.5625,36.75,-71.5,#002DAA,0,393
37225,24.5625,38.625,-4.375,#6B1B42,1,393
37269,24.5625,96.125,-118.625,#0000FB,0,393
37272,24.5625,115.125,-98.75,#7E00D9,0,393
37283,24.625,-47.375,-36.25,#004C71,0,394
37287,24.625,-38.5,20.875,#004718,0,394
37472,24.6875,-14.75,9.5,#27402C,1,395
37566,24.6875,56.5,42.5,#870000,0,395
37576,24.6875,67.75,-40.75,#7A007A,0,395
37591,24.75,-99.875,28.5,#005006,0,396
37680,24.75,4.0,-53.625,#003F8D,0,396
37741,24.75,50.75,-39.25,#650B77,1,396
37742,24.75,54.375,8.5,#800031,0,396
37747,24.75,63.0,32.625,#8D000E,0,396
37750,24.75,65.5,17.75,#8E0024,0,396
37767,24.75,121.0,-83.875,#9B00C0,0,396
37775,24.8125,-78.125,23.5,#004E13,0,397
37776,24.8125,-76.125,-4.0,#004E40,0,397
37780,24.8125,-69.75,-9.0,#004E47,0,397
37798,24.8125,-26.75,-24.75,#004660,0,397
37937,24.8125,65.875,-23.875,#820060,0,397
37940,24.8125,79.25,14.75,#9C002A,0,397
37943,24.8125,87.0,-37.0,#940075,0,397
37946,24.8125,91.375,-63.625,#87009F,0,397
37962,24.875,-55.625,16.375,#004B20,0,398
38096,24.875,39.125,-85.75,#0030C3,0,398
38149,24.9375,-62.75,-28.125,#004E65,0,399
38152,24.9375,-59.875,-2.5,#004C3E,0,399
38185,24.9375,-14.75,42.75,#364000,0,399
38192,24.9375,-10.75,-13.25,#0E414F,1,399
38206,24.9375,-4.625,-14.75,#213E51,1,399
38230,24.9375,9.75,32.25,#543506,1,399
38245,24.9375,22.5,-39.875,#353278,1,399
38247,24.9375,24.0,42.875,#652A00,0,399
38288,24.9375,105.875,-70.625,#9400AB,0,399
38293,25.0,-103.5,3.25,#005235,0,400
38436,25.0,32.875,30.125,#6E210E,1,400
38476,25.0,68.625,-93.5,#0000D0,0,400
38479,25.0,74.125,-5.875,#930047,0,400
38481,25.0,79.625,-99.375,#1F00DB,0,400
38486,25.0,91.125,-86.25,#6A00C5,0,400
38488,25.0,104.875,-124.375,#0000FF,0,400
38493,25.0625,-87.125,-14.25,#005150,0,401
38503,25.0625,-55.625,41.875,#004B00,0,401
38525,25.0625,-20.5,32.0,#294203,1,401
38530,25.0625,-18.5,-12.25,#00444D,0,401
38583,25.0625,4.125,-0.125,#42393C,1,401
38630,25.0625,41.125,-46.75,#4F2284,1,401
38635,25.0625,44.875,-14.0,#6F1251,1,401
38656,25.0625,68.5,-61.375,#68009B,0,401
38660,25.0625,75.5,42.875,#9B0000,0,401
38668,25.0625,97.875,-86.875,#7500C6,0,401
38669,25.0625,99.875,-109.5,#4400ED,0,401
38672,25.125,-106.125,8.875,#00522C,0,402
38675,25.125,-83.25,10.625,#004F2A,0,402
38738,25.125,0.0,32.625,#483A04,1,402
38764,25.125,13.875,42.375,#5A3200,0,402
38798,25.125,47.375,-91.0,#002BCC,0,402
38804,25.125,53.5,-27.625,#720066,0,402
38808,25.125,59.625,-45.0,#6D0081,0,402
38823,25.125,79.625,-61.5,#79009C,0,402
38827,25.125,89.625,-21.375,#9F005E,0,402
38845,25.1875,-57.5,-20.625,#004E5A,0,403
38861,25.1875,-29.125,-33.25,#00496E,0,403
38895,25.1875,-8.375,12.875,#363F28,1,403
38911,25.1875,0.75,-28.375,#0D3E67,1,403
38943,25.1875,16.25,1.5,#54323A,1,403
38971,25.1875,44.5,-80.0,#002ABA,0,403
38992,25.1875,77.375,35.625,#9D000C,0,403
39001,25.1875,112.875,-93.0,#8500D1,0,403
39022,25.25,-48.625,-12.625,#004C4E,0,404
39025,25.25,-43.375,-16.0,#004B53,0,404
39150,25.25,52.0,-47.875,#5F0E86,1,404
39168,25.25,89.625,-74.875,#7900B2,0,404
39172,25.25,95.375,-48.875,#980088,0,404
39185,25.3125,-72.125,4.625,#004F34,0,405
39215,25.3125,-32.75,-13.5,#004850,0,405
39264,25.3125,1.875,43.5,#4D3A00,0,405
39293,25.3125,21.25,-5.5,#572F45,1,405
39305,25.3125,28.375,-70.25,#0035AA,0,405
39319,25.3125,43.75,32.0,#7A0F0D,1,405
39356,25.3125,98.25,-56.875,#970095,0,405
39362,25.375,-91.625,-0.875,#00513C,0,406
39428,25.375,3.375,8.5,#463A2F,1,406
39489,25.375,51.75,-83.5,#0022C0,0,406
39501,25.375,70.125,9.25,#930032,0,406
39503,25.375,70.5,-34.125,#840071,0,406
39523,25.4375,-62.875,41.875,#004D00,0,407
39532,25.4375,-39.125,-28.125,#004B66,0,407
39537,25.4375,-31.375,-46.125,#004B83,0,407
39542,25.4375,-28.875,-18.625,#004858,0,407
39625,25.4375,39.375,-33.375,#5C2270,1,407
39630,25.4375,60.25,23.125,#8B001E,0,407
39648,25.4375,102.875,-45.75,#A40084,0,407
39663,25.5,-53.125,-34.5,#004F70,0,408
39746,25.5,10.625,-41.25,#003B7C,0,408
39765,25.5,23.125,-12.75,#562F50,1,408
39791,25.5,51.125,32.625,#83000D,0,408
39793,25.5,52.5,-94.625,#0027D4,0,408
39795,25.5,54.125,-63.75,#4D13A0,1,408
39827,25.5,126.625,-80.375,#A900BD,0,408
39829,25.5625,-106.75,23.625,#005313,0,409
39831,25.5625,-86.375,17.625,#00511F,0,409
39832,25.5625,-84.625,3.375,#005136,0,409
39855,25.5625,-31.0,20.875,#02471B,1,409
39865,25.5625,-18.75,-39.375,#004778,0,409
39955,25.5625,30.625,-7.75,#622849,1,409
39967,25.5625,45.625,-36.125,#631974,1,409
40006,25.5625,126.0,-113.5,#7B00F5,0,409
40010,25.625,-93.125,37.0,#005100,0,410
40103,25.625,21.5,19.125,#612E21,1,410
40121,25.625,30.625,-36.625,#4B2C75,1,410
40132,25.625,38.125,20.5,#741C20,1,410
40155,25.625,62.375,-37.875,#780078,0,410
40156,25.625,62.625,-11.375,#860050,0,410
40162,25.625,67.75,43.875,#950000,0,410
40172,25.625,88.5,-15.0,#A10056,0,410
40178,25.625,103.375,-64.625,#9800A3,0,410
40193,25.6875,-70.75,28.25,#004F0A,0,411
40208,25.6875,-45.75,43.5,#004A00,0,411
40214,25.6875,-37.875,43.75,#004900,0,411
40218,25.6875,-30.75,43.875,#194700,0,411
40315,25.6875,17.75,-74.625,#003EB2,0,411
40349,25.6875,41.0,-63.125,#2D299F,1,411
40372,25.6875,68.125,-49.5,#76008A,0,411
40373,25.6875,70.125,-105.125,#000CE6,0,411
40374,25.6875,70.25,-18.5,#8C005A,0,411
40393,25.6875,120.125,-69.5,#AA00AB,0,411
40396,25.75,-109.75,15.0,#005423,0,412
40428,25.75,-24.625,44.0,#274500,0,412
40516,25.75,31.625,-62.375,#00329E,0,412
40546,25.75,61.25,-100.125,#001EDE,0,412
40568,25.8125,-101.375,-4.375,#005442,0,413
40588,25.8125,-38.0,-19.875,#004B5B,0,413
40594,25.8125,-33.0,10.25,#00482D,0,413
40639,25.8125,-0.875,-43.875,#004280,0,413
40711,25.8125,48.125,-73.5,#1D24B1,1,413
40717,25.8125,52.125,-13.375,#7A0053,0,413
40742,25.8125,76.5,-87.75,#4A00C9,0,413
40749,25.8125,106.375,-50.625,#A6008D,0,413
40810,25.875,-7.75,24.75,#3E4016,1,414
40915,25.875,49.125,22.875,#81001E,0,414
40941,25.875,114.875,-77.625,#9C00B9,0,414
40955,25.9375,-62.875,5.625,#004F33,0,415
40966,25.9375,-31.0,33.75,#134800,0,415
40972,25.9375,-24.375,3.625,#004737,0,415
40980,25.9375,-20.5,-53.125,#004B8F,0,415
40994,25.9375,-8.75,-59.625,#00489A,0,415
41019,25.9375,4.25,14.75,#4B3B27,1,415
41048,25.9375,27.75,23.125,#69291C,1,415
41064,25.9375,47.25,-58.875,#491F99,1,415
41065,25.9375,47.375,-1.5,#790B41,1,415
41089,25.9375,80.5,22.0,#A10022,0,415
41240,26.0,63.125,-73.5,#4D00B2,0,416
41251,26.0,78.625,-25.375,#940066,0,416
41255,26.0,86.75,-115.375,#0000F9,0,416
41260,26.0,98.625,-36.125,#A60077,0,416
41284,26.0625,-47.875,-23.875,#004E61,0,417
41315,26.0625,-16.125,20.75,#2F441D,1,417
41452,26.125,-64.0,18.375,#004F1F,0,418
41515,26.125,-7.0,32.25,#414006,1,418
41589,26.125,36.625,-40.625,#52287D,1,418
41604,26.125,60.75,-29.75,#7D006C,0,418
41620,26.1875,-79.875,41.0,#005100,0,419
41688,26.1875,1.625,-22.125,#273F5F,1,419
41701,26.1875,8.125,44.625,#573800,0,419
41760,26.1875,45.625,10.875,#7C0F30,1,419
41783,26.1875,95.0,-28.25,#A6006B,0,419
41800,26.25,-64.375,-17.875,#005158,0,420
41802,26.25,-58.75,-14.75,#005054,0,420
41950,26.25,67.625,28.75,#960018,0,420
41960,26.25,86.375,-3.875,#A40047,0,420
41970,26.3125,-90.5,8.25,#005330,0,421
41992,26.3125,-38.25,33.125,#004A01,0,421
42014,26.3125,-17.25,-3.125,#134543,1,421
42051,26.3125,0.125,25.875,#4A3D15,1,421
42057,26.3125,4.625,-46.75,#004186,0,421
42143,26.3125,80.625,-112.25,#0000F5,0,421
42157,26.375,-101.5,34.25,#005400,0,422
42189,26.375,-41.25,13.625,#004C28,0,422
42218,26.375,-11.5,2.125,#2B433B,1,422
42286,26.375,28.5,12.375,#692A2D,1,422
42289,26.375,30.25,-45.0,#403084,1,422
42303,26.375,44.875,44.625,#800F00,0,422
42309,26.375,51.125,45.375,#860000,0,422
42330,26.375,80.75,-47.375,#8B0089,0,422
42332,26.375,83.5,9.125,#A40035,0,422
42335,26.375,87.25,-46.375,#930087,0,422
42345,26.375,115.0,-62.875,#AA00A2,0,422
42350,26.4375,-109.5,3.75,#005637,0,423
42352,26.4375,-81.75,-20.5,#00545D,0,423
42412,26.4375,4.375,-67.875,#0045A9,0,423
42443,26.4375,22.0,-20.375,#50335E,1,423
42452,26.4375,29.0,35.125,#6E2906,1,423
42469,26.4375,39.375,-11.25,#6E2050,1,423
42488,26.4375,57.625,-15.75,#810058,0,423
42491,26.4375,62.0,45.5,#920000,0,423
42500,26.4375,90.875,-107.0,#3300EC,0,423
42507,26.5,-94.125,-12.5,#005550,0,424
42528,26.5,-54.75,-5.25,#005046,0,424
42535,26.5,-45.375,22.375,#004D1A,0,424
42562,26.5,-16.625,-23.875,#004763,0,424
42571,26.5,-10.875,-21.375,#00455F,0,424
42586,26.5,-4.0,45.375,#493F00,0,424
42588,26.5,-2.375,-53.0,#004591,0,424
42622,26.5,15.25,-29.75,#3A396C,1,424
42693,26.5,85.0,-82.625,#6900C3,0,424
42695,26.5,87.25,-68.5,#8100AB,0,424
42702,26.5,105.875,-82.625,#8C00C3,0,424
42703,26.5,110.25,-110.25,#6400F2,0,424
42705,26.5,120.375,-93.5,#9500D6,0,424
42706,26.5625,-112.125,9.5,#00562E,0,425
42711,26.5625,-84.375,24.5,#005314,0,425
42712,26.5625,-82.125,-3.0,#005342,0,425
42724,26.5625,-43.375,-2.125,#004D41,0,425
42749,26.5625,-21.5,14.0,#204729,1,425
42829,26.5625,28.25,-82.0,#003BC1,0,425
42860,26.5625,53.25,-57.25,#591599,1,425
42861,26.5625,54.375,25.75,#89001B,0,425
42888,26.5625,126.375,-86.75,#A500CA,0,425
42894,26.625,-73.625,-24.875,#005464,0,426
42936,26.625,-27.125,-50.25,#004E8C,0,426
42950,26.625,-12.75,-47.375,#004988,0,426
42977,26.625,0.375,-35.25,#004275,0,426
43067,26.625,93.625,-96.875,#5F00DB,0,426
43143,26.6875,3.75,-11.5,#3C3E51,1,427
43180,26.6875,38.375,2.5,#73203D,1,427
43216,26.6875,87.375,-94.375,#5700D7,0,427
43221,26.6875,103.75,-96.25,#7500DB,0,427
43232,26.75,-75.125,-12.625,#005451,0,428
43248,26.75,-37.875,-44.5,#005083,0,428
43331,26.75,13.5,12.625,#58372D,1,428
43333,26.75,14.875,-64.0,#003FA4,0,428
43340,26.75,17.625,8.25,#5C3433,1,428
43371,26.75,43.875,26.125,#7E141A,1,428
43393,26.75,80.5,-40.375,#90007F,0,428
43409,26.8125,-108.125,29.375,#005608,0,429
43436,26.8125,-57.625,35.375,#005000,0,429
43482,26.8125,-13.125,-35.875,#004876,0,429
43566,26.8125,24.75,1.5,#622F3E,1,429
43584,26.8125,34.75,46.125,#762300,0,429
43611,26.8125,61.5,-58.5,#66009B,0,429
43640,26.875,-107.125,-2.0,#005741,0,430
43655,26.875,-56.625,23.25,#005018,0,430
43677,26.875,-22.375,-29.375,#004A6C,0,430
43731,26.875,8.625,-15.625,#403C57,1,430
43813,26.9375,-113.0,21.875,#00571A,0,431
43822,26.9375,-92.5,17.25,#005522,0,431
43832,26.9375,-70.625,43.5,#005200,0,431
43916,26.9375,8.375,-7.75,#473C4C,1,431
43955,26.9375,32.75,-21.125,#602B60,1,431
43957,26.9375,33.375,-85.5,#0039C8,0,431
43981,26.9375,57.625,-84.875,#071DC7,1,431
44004,26.9375,97.5,-75.0,#8A00B7,0,431
44005,26.9375,98.875,-124.0,#0000FF,0,431
44010,27.0,-86.125,41.375,#005400,0,432
44014,27.0,-65.625,-1.0,#005240,0,432
44024,27.0,-37.0,-8.0,#004D4B,0,432
44026,27.0,-34.875,-32.625,#004F71,0,432
44035,27.0,-19.75,25.75,#2D4716,1,432
44106,27.0,20.875,-27.375,#49366A,1,432
44113,27.0,27.5,-57.625,#0D369A,1,432
44160,27.0,72.75,16.25,#9C002C,0,432
44172,27.0,113.875,-85.875,#9600CA,0,432
44209,27.0625,-25.5,-44.25,#004D84,0,433
44230,27.0625,-5.125,-30.875,#00456F,0,433
44270,27.0625,16.625,-51.25,#003D90,0,433
44282,27.0625,22.125,-67.875,#003DAB,0,433
44310,27.0625,37.5,35.875,#792007,1,433
44330,27.0625,57.0,37.0,#8E0009,0,433
44350,27.0625,81.875,29.25,#A7001B,0,433
44357,27.0625,114.375,-121.875,#4D00FF,0,433
44359,27.125,-115.625,15.875,#005825,0,434
44474,27.125,22.75,34.75,#693007,1,434
44503,27.125,43.5,-22.625,#6E1D63,1,434
44523,27.125,62.5,6.125,#90003A,0,434
44525,27.125,63.25,12.125,#920031,0,434
44537,27.125,80.5,45.625,#A70000,0,434
44541,27.125,83.125,-105.625,#1000EC,0,434
44552,27.125,120.375,-128.0,#4900FF,0,434
44582,27.1875,-19.125,46.375,#354700,0,435
44610,27.1875,-3.0,-64.75,#0049A6,0,435
44672,27.1875,28.5,-51.25,#303590,1,435
44695,27.1875,55.75,3.0,#88003E,0,435
44697,27.1875,57.125,13.875,#8C002E,0,435
44743,27.25,-46.125,37.25,#004E00,0,436
44806,27.25,-1.75,13.375,#45412C,1,436
44836,27.25,9.625,-26.25,#363E69,1,436
44920,27.25,125.875,-106.5,#8D00EE,0,436
44931,27.3125,-78.25,29.375,#00540B,0,437
44946,27.3125,-43.25,5.375,#004F37,0,437
44953,27.3125,-34.75,1.875,#004D3D,0,437
44963,27.3125,-25.25,-37.75,#004D7A,0,437
45001,27.3125,-3.625,1.75,#3C423E,1,437
45025,27.3125,9.25,1.5,#4F3B3F,1,437
45079,27.3125,53.25,-20.0,#7C0260,1,437
45097,27.3125,79.5,-18.5,#9B005F,0,437
45111,27.3125,107.5,-76.125,#9800BA,0,437
45113,27.3125,112.0,-71.0,#A300B2,0,437
45118,27.3125,115.5,-114.5,#6900FC,0,437
45130,27.375,-53.0,4.5,#005139,0,438
45138,27.375,-43.625,-42.375,#005382,0,438
45236,27.375,17.5,46.875,#653500,0,438
45255,27.375,41.875,-69.5,#1B2DAF,1,438
45276,27.375,61.5,-1.75,#8D0045,0,438
45282,27.375,73.875,-44.25,#870086,0,438
45283,27.375,74.5,-59.125,#7B009E,0,438
45294,27.375,102.25,-116.25,#3A00FF,0,438
45316,27.4375,-61.125,12.125,#00522D,0,439
45326,27.4375,-53.0,11.625,#00512D,0,439
45371,27.4375,-11.375,47.125,#414400,0,439
45386,27.4375,-3.0,-3.875,#384247,1,439
45438,27.4375,19.125,-45.75,#233B88,1,439
45491,27.4375,77.375,-11.625,#9C0055,0,439
45506,27.4375,125.125,-73.125,#B300B6,0,439
45667,27.5,47.25,-44.75,#621E87,1,440
45680,27.5,71.0,22.75,#9D0023,0,440
45682,27.5,72.75,-97.375,#1100DE,0,440
45699,27.5625,-100.75,-10.25,#00584F,0,441
45758,27.5625,-17.5,3.25,#21483C,1,441
45770,27.5625,-6.875,18.875,#414324,1,441
45812,27.5625,16.0,32.875,#62360C,1,441
45901,27.625,-50.875,25.125,#005117,0,442
45988,27.625,11.375,-73.875,#0045B6,0,442
46011,27.625,27.625,47.5,#712D00,0,442
46033,27.625,52.75,-6.875,#82004D,1,442
46040,27.625,59.125,-67.125,#570FAC,1,442
46049,27.625,68.0,36.125,#9B000F,0,442
46053,27.625,72.375,-27.0,#90006C,0,442
46059,27.625,86.5,2.25,#AA0042,0,442
46064,27.625,95.375,-113.25,#2C00FB,0,442
46070,27.6875,-90.125,22.75,#00561A,0,443
46076,27.6875,-65.75,32.625,#005304,0,443
46103,27.6875,-24.0,36.5,#2A4A00,0,443
46124,27.6875,-6.75,-9.625,#2B4550,1,443
46169,27.6875,17.875,-14.875,#523858,1,443
46202,27.6875,41.875,-91.625,#0036D5,0,443
46219,27.6875,69.125,-72.25,#6100B4,0,443
46237,27.6875,96.875,-67.25,#9300AD,0,443
46238,27.6875,98.5,-92.75,#7500D7,0,443
46253,27.75,-70.125,-16.875,#00565A,0,444
46254,27.75,-69.125,-28.875,#00576D,0,444
46278,27.75,-27.625,12.875,#0C4B2D,1,444
46347,27.75,15.75,-5.125,#56394A,1,444
46366,27.75,34.75,-52.0,#403193,1,444
46460,27.8125,-11.875,36.375,#3F4600,0,445
46523,27.8125,18.375,24.375,#64361D,1,445
46573,27.8125,76.625,-53.25,#850096,0,445
46585,27.8125,90.375,-120.25,#0000FF,0,445
46590,27.8125,109.625,-127.5,#0E00FF,0,445
46591,27.8125,109.625,-100.875,#7B00E6,0,445
46604,27.875,-78.25,6.5,#005636,0,446
46605,27.875,-75.75,18.875,#005522,0,446
46669,27.875,1.0,-6.25,#3E424B,1,446
46718,27.875,26.125,-31.375,#503472,1,446
46774,27.875,69.5,-88.25,#3B00D0,0,446
46787,27.875,95.125,-21.875,#AD0066,0,446
46794,27.9375,-115.375,3.75,#005A3A,0,447
46810,27.9375,-67.625,12.25,#00552D,0,447
46815,27.9375,-51.375,46.875,#005100,0,447
46831,27.9375,-28.5,26.625,#1B4C15,1,447
46872,27.9375,-4.75,38.125,#4A4300,0,447
46887,27.9375,2.25,38.0,#533F00,0,447
46955,27.9375,43.625,-54.125,#502897,1,447
46966,27.9375,56.25,-37.125,#77037C,1,447
46970,27.9375,61.125,-79.125,#4014C0,1,447
46999,28.0,-118.0,9.375,#005A31,0,448
47012,28.0,-68.5,23.125,#00551B,0,448
47020,28.0,-57.75,46.75,#005300,0,448
47063,28.0,-19.0,-46.375,#004E8A,0,448
47095,28.0,-2.0,19.375,#494224,1,448
47116,28.0,10.0,-51.5,#004392,0,448
47182,28.0,53.5,-75.625,#3422BB,1,448
47188,28.0,64.125,-105.25,#0021ED,0,448
47194,28.0,76.25,-77.25,#6700BE,0,448
47196,28.0,82.75,37.75,#AC0010,0,448
47197,28.0,84.0,-74.125,#7900B9,0,448
47204,28.0,111.625,-57.0,#AF009D,0,448
47208,28.0625,-114.875,27.875,#005A0F,0,449
47212,28.0625,-97.625,40.5,#005800,0,449
47218,28.0625,-91.375,-17.625,#00595C,0,449
47235,28.0625,-58.625,-35.25,#005678,0,449
47319,28.0625,10.0,17.875,#593C27,1,449
47357,28.0625,36.375,14.75,#77252D,1,449
47366,28.0625,43.875,-29.75,#6C2171,1,449
47407,28.0625,108.25,-89.5,#8C00D3,0,449
47428,28.125,-50.875,32.125,#005207,0,450
47496,28.125,4.75,29.75,#553F12,1,450
47509,28.125,11.875,37.375,#5F3A02,1,450
47533,28.125,36.125,-26.125,#642B6B,1,450
47536,28.125,39.25,-79.375,#0035C1,0,450
47567,28.125,75.0,4.75,#A0003E,0,450
47575,28.125,84.25,-29.625,#9F0072,0,450
47585,28.125,124.75,-99.75,#9900E5,0,450
47603,28.1875,-51.125,-18.375,#00545E,0,451
47612,28.1875,-39.125,26.0,#004F17,0,451
47717,28.1875,20.75,-80.25,#0043C3,0,451
47771,28.1875,73.125,48.125,#A30000,0,451
47780,28.1875,86.25,-9.75,#A80054,0,451
47840,28.25,-14.625,-59.875,#004FA1,0,452
47863,28.25,-4.0,-22.0,#1B4664,1,452
47886,28.25,6.0,-37.875,#04437D,1,452
47917,28.25,28.125,-15.5,#61315B,1,452
47918,28.25,29.75,-76.375,#003CBC,0,452
47920,28.25,31.375,6.5,#702C3A,1,452
47962,28.25,69.75,-12.625,#950058,0,452
47969,28.25,84.125,16.875,#AC002E,0,452
47985,28.3125,-79.75,-8.375,#00584E,0,453
48015,28.3125,-23.75,-13.75,#004D57,0,453
48075,28.3125,6.375,-59.875,#0047A1,0,453
48124,28.3125,34.75,-67.25,#0036AD,0,453
48143,28.3125,52.625,-89.25,#002BD3,0,453
48149,28.3125,56.0,48.75,#920000,0,453
48175,28.3125,85.875,-61.0,#8C00A4,0,453
48182,28.3125,92.125,-80.25,#7F00C4,0,453
48183,28.3125,92.25,-39.375,#A40082,0,453
48196,28.375,-119.125,22.125,#005B1C,0,454
48246,28.375,-14.625,14.375,#33492C,1,454
48297,28.375,17.625,-58.25,#00409F,0,454
48319,28.375,36.75,26.875,#7B251B,1,454
48320,28.375,37.125,-58.25,#39319F,1,454
48341,28.375,53.75,-99.75,#002EE5,0,454
48349,28.375,74.75,-110.25,#000AF7,0,454
48351,28.375,75.5,-36.875,#91007D,0,454
48363,28.375,97.625,-104.625,#5B00EE,0,454
48368,28.375,121.375,-110.5,#8200F8,0,454
48373,28.4375,-106.25,37.5,#005A00,0,455
48375,28.4375,-94.0,3.75,#00593C,0,455
48393,28.4375,-29.0,-9.375,#004F51,0,455
48531,28.4375,78.75,-3.125,#A3004B,0,455
48580,28.5,-34.0,-25.375,#00516A,0,456
48604,28.5,-11.75,-7.375,#23494E,1,456
48652,28.5,12.0,27.875,#5F3B17,1,456
48685,28.5,44.625,-86.25,#0033CE,0,456
48695,28.5,58.125,-24.125,#830069,0,456
48708,28.5,73.125,30.75,#A3001A,0,456
48723,28.5,103.375,-56.625,#A7009E,0,456
48727,28.5625,-121.625,16.125,#005C27,0,457
48729,28.5625,-92.0,43.125,#005900,0,457
48736,28.5625,-76.375,45.625,#005700,0,457
48751,28.5625,-56.125,-25.75,#00566A,0,457
48755,28.5625,-50.625,-40.375,#005781,0,457
48791,28.5625,-7.75,-39.25,#004A80,0,457
48805,28.5625,-0.625,-59.375,#004AA1,0,457
48849,28.5625,21.25,13.875,#67352F,1,457
48875,28.5625,46.875,-96.0,#0035DF,0,457
48907,28.5625,76.375,-67.125,#7800AE,0,457
48912,28.5625,85.25,-52.0,#930096,0,457
48924,28.5625,121.25,-79.0,#AC00C3,0,457
48928,28.625,-112.75,33.625,#005B01,0,458
48933,28.625,-98.375,16.875,#005A27,0,458
48950,28.625,-64.25,-33.0,#005976,0,458
48973,28.625,-41.875,-23.5,#005367,0,458
48995,28.625,-27.625,-1.375,#004E45,0,458
49029,28.625,-8.5,-51.25,#004C94,0,458
49055,28.625,2.125,49.0,#564100,0,458
49119,28.625,40.625,49.25,#821F00,0,458
49140,28.625,121.25,-116.875,#7500FF,0,458
49167,28.6875,-41.625,48.75,#005100,0,459
49173,28.6875,-34.125,48.875,#194F00,0,459
49182,28.6875,-27.5,49.125,#2A4D00,0,459
49189,28.6875,-23.5,-6.0,#004D4C,0,459
49295,28.6875,43.875,39.125,#851A05,1,459
49302,28.6875,51.875,-68.875,#4623B1,1,459
49306,28.6875,56.75,31.0,#920018,0,459
49325,28.6875,80.375,-91.625,#5400D8,0,459
49335,28.6875,109.375,-63.75,#AA00AA,0,459
49344,28.6875,126.875,-123.625,#7200FF,0,459
49442,28.75,11.5,48.875,#623C00,0,460
49514,28.75,62.875,-51.5,#750095,0,460
49543,28.75,115.875,-105.125,#8300F0,0,460
49556,28.8125,-74.75,11.625,#005830,0,461
49568,28.8125,-47.875,-5.875,#00544C,0,461
49630,28.8125,0.625,3.125,#47433F,1,461
49646,28.8125,6.875,6.5,#52403A,1,461
49676,28.8125,26.25,-4.875,#66334C,1,461
49695,28.8125,40.875,-16.75,#73255F,1,461
49706,28.8125,51.25,14.0,#8A0731,1,461
49717,28.8125,57.875,-92.75,#0026DA,0,461
49741,28.8125,85.0,-22.75,#A50069,0,461
49746,28.8125,92.25,-91.375,#6F00D8,0,461
49763,28.875,-72.125,33.375,#005704,0,462
49766,28.875,-62.5,-6.375,#00574D,0,462
49875,28.875,27.0,17.75,#70312A,1,462
49932,28.875,104.625,-37.25,#B50080,0,462
49939,28.9375,-111.125,-6.125,#005D4C,0,463
49962,28.9375,-45.5,-29.125,#005571,0,463
49984,28.9375,-21.125,-19.375,#004E62,0,463
49989,28.9375,-19.375,40.5,#374B00,0,463
50027,28.9375,-0.875,-16.375,#31465D,1,463
50041,28.9375,5.5,22.25,#564022,1,463
50062,28.9375,15.125,-38.5,#304080,1,463
50097,28.9375,43.0,19.25,#821D29,1,463
50101,28.9375,49.875,6.75,#870E3C,1,463
50129,28.9375,92.5,-9.25,#B20055,0,463
50172,29.0,-16.625,-30.75,#004E74,0,464
50241,29.0,19.75,40.5,#6B3700,0,464
50271,29.0,42.875,-4.625,#7C204D,1,464
50333,29.0625,-64.0,47.875,#005600,0,465
50336,29.0625,-59.625,29.625,#005610,0,465
50345,29.0625,-34.5,37.5,#125000,0,465
50346,29.0625,-33.5,-50.5,#005593,0,465
50366,29.0625,-13.5,25.625,#3C491B,1,465
50467,29.0625,54.125,20.25,#8F0029,0,465
50476,29.0625,69.75,-3.75,#9B004D,0,465
50488,29.0625,91.625,-57.625,#9900A1,0,465
50557,29.125,-14.0,-16.125,#004C5D,0,466
50668,29.125,47.625,-18.125,#7B1B62,1,466
50672,29.125,51.125,38.875,#8E0509,1,466
50674,29.125,53.125,-42.75,#711788,1,466
50702,29.125,104.25,-110.125,#6000FA,0,466
50710,29.1875,-87.25,-4.875,#005B4B,0,467
50711,29.1875,-83.75,30.875,#005A0B,0,467
50867,29.1875,33.25,39.625,#7B2B03,1,467
50886,29.1875,60.75,18.25,#96002C,0,467
50887,29.1875,62.0,28.0,#99001E,0,467
50890,29.1875,66.75,50.25,#A00000,0,467
50894,29.1875,68.875,-55.25,#7C009D,0,467
50902,29.1875,98.375,-41.5,#AC0087,0,467
50912,29.25,-72.125,-0.25,#005944,0,468
51051,29.25,39.75,9.625,#7D2438,1,468
51058,29.25,44.125,3.875,#811E41,1,468
51060,29.25,46.375,-9.5,#7E1C55,1,468
51068,29.25,56.0,-50.625,#6D1495,1,468
51077,29.25,64.375,-93.625,#001CDD,0,468
51096,29.25,81.75,-117.375,#0000FF,0,468
51101,29.25,86.25,22.625,#B20029,0,468
51114,29.3125,-121.25,4.5,#005E3C,0,469
51115,29.3125,-106.5,-10.375,#005E54,0,469
51275,29.3125,64.75,-68.375,#6400B2,0,469
51278,29.3125,65.75,-32.625,#8A0079,0,469
51289,29.3125,77.25,-103.25,#0800EE,0,469
51293,29.3125,88.25,11.625,#B30038,0,469
51294,29.3125,91.5,-2.5,#B4004C,0,469
51302,29.3125,121.25,-62.875,#BB00AB,0,469
51356,29.375,-21.25,-58.0,#0053A0,0,470
51389,29.375,-5.375,7.25,#41473A,1,470
51445,29.375,30.0,-27.0,#5E346F,1,470
51462,29.375,48.75,50.5,#8D0F00,0,470
51498,29.375,96.5,-15.875,#B60061,0,470
51502,29.375,102.75,-86.875,#8B00D2,0,470
51506,29.375,112.0,-49.375,#B90095,0,470
51514,29.4375,-124.0,10.0,#005F33,0,471
51550,29.4375,-39.75,-36.375,#00567D,0,471
51565,29.4375,-19.625,9.0,#274D37,1,471
51593,29.4375,-5.75,50.5,#4E4600,0,471
51620,29.4375,5.625,-19.5,#3C4463,1,471
51650,29.4375,35.375,-90.625,#003ED8,0,471
51686,29.4375,65.625,-44.0,#82008B,0,471
51703,29.4375,101.5,-30.125,#B60076,0,471
51714,29.5,-96.25,23.375,#005C1D,0,472
51735,29.5,-55.125,-11.125,#005856,0,472
51818,29.5,10.375,-33.25,#304379,1,472
51877,29.5,51.0,-31.25,#791977,1,472
51891,29.5,76.625,-30.875,#990077,0,472
51893,29.5,83.25,50.75,#B20000,0,472
51900,29.5625,-120.875,28.625,#005E11,0,473
51904,29.5625,-101.875,8.875,#005D36,0,473
51950,29.5625,-29.625,4.75,#00513E,0,473
52074,29.5625,35.375,-3.0,#752C4B,1,473
52122,29.5625,101.625,-71.125,#9C00B8,0,473
52133,29.5625,118.75,-98.875,#9500E8,0,473
52136,29.625,-117.75,-1.5,#005F46,0,474
52148,29.625,-78.5,-26.75,#005D6E,0,474
52164,29.625,-48.0,15.5,#00552C,0,474
52194,29.625,-15.625,31.25,#3C4B11,1,474
52284,29.625,21.75,-35.375,#473C7D,1,474
52289,29.625,25.0,29.125,#713419,1,474
52292,29.625,27.125,-63.75,#003EAB,0,474
52293,29.625,27.25,40.5,#753201,1,474
52331,29.625,63.5,-16.125,#910060,0,474
52364,29.6875,-89.125,34.0,#005C03,0,475
52367,29.6875,-84.0,46.375,#005B00,0,475
52420,29.6875,-8.125,-26.125,#004C6E,0,475
52435,29.6875,-0.5,-70.125,#004FB6,0,475
52464,29.6875,13.5,-45.75,#0F438E,1,475
52498,29.6875,49.5,28.125,#8D101D,1,475
52499,29.6875,50.125,-52.125,#632299,1,475
52521,29.6875,79.625,-82.125,#6A00CB,0,475
52552,29.75,-65.125,-12.5,#005A58,0,476
52572,29.75,-42.5,-10.0,#005555,0,476
52576,29.75,-33.625,-39.5,#005683,0,476
52649,29.75,14.5,-79.0,#0049C5,0,476
52662,29.75,22.875,-51.625,#243F98,1,476
52668,29.75,25.25,-43.75,#403B8B,1,476
52711,29.75,64.25,40.625,#9E000A,0,476
52713,29.75,67.625,-110.0,#0022FB,0,476
52718,29.75,73.25,-83.625,#5A00CD,0,476
52719,29.75,74.5,11.125,#A50039,0,476
52729,29.75,83.75,-99.625,#4900E9,0,476
52736,29.75,97.25,-61.375,#9F00A9,0,476
52743,29.8125,-124.875,23.125,#005F1D,0,477
52803,29.8125,-10.75,-64.5,#0052AD,0,477
52863,29.8125,22.5,51.25,#723600,0,477
52881,29.8125,34.75,-33.375,#60317B,1,477
52923,29.8125,85.625,-41.25,#9F0088,0,477
52928,29.8125,93.75,-125.25,#0000FF,0,477
52931,29.8125,109.0,-41.875,#BB008A,0,477
52933,29.8125,119.375,-87.375,#A500D5,0,477
52950,29.875,-76.875,-19.75,#005D64,0,478
52954,29.875,-61.875,23.875,#00581E,0,478
52956,29.875,-58.0,2.0,#005842,0,478
52983,29.875,-24.75,18.5,#244F28,1,478
53045,29.875,7.625,12.5,#584233,1,478
53102,29.875,41.5,-38.625,#662B83,1,478
53132,29.875,72.0,41.25,#A7000B,0,478
53134,29.875,74.25,-20.625,#9C0068,0,478
53145,29.875,86.0,43.0,#B5000B,0,478
53147,29.875,86.75,32.75,#B6001C,0,478
53149,29.875,91.375,-33.375,#AA007C,0,478
53157,29.9375,-127.5,17.125,#006029,0,479
53163,29.9375,-81.125,15.625,#005C2C,0,479
53171,29.9375,-74.0,-6.875,#005C50,0,479
53191,29.9375,-34.0,-17.625,#005461,0,479
53257,29.9375,3.875,-31.25,#224777,1,479
53273,29.9375,16.75,17.625,#663C2C,1,479
53288,29.9375,24.25,-85.0,#0046D0,0,479
53304,29.9375,35.125,-13.75,#702E5D,1,479
53344,29.9375,77.875,18.125,#AB0030,0,479
53351,29.9375,92.0,-71.625,#8F00BA,0,479
53358,30.0,-95.875,31.0,#005D0D,0,480
53466,30.0,10.125,-67.125,#004AB2,0,480
53486,30.0,24.5,7.875,#6D373B,1,480
53515,30.0,46.75,-65.5,#462DAF,1,480
53554,30.0,98.375,-81.875,#8C00CC,0,480
53556,30.0,102.5,-128.0,#0000FF,0,480
53566,30.0625,-102.75,26.625,#005E17,0,481
53570,30.0625,-88.0,14.0,#005D2F,0,481
53572,30.0625,-84.875,-24.125,#005E6B,0,481
53578,30.0625,-63.25,-24.5,#005B6C,0,481
53584,30.0625,-50.25,41.25,#005600,0,481
53590,30.0625,-41.875,41.625,#005400,0,481
53602,30.0625,-29.375,-29.0,#005473,0,481
53610,30.0625,-21.5,51.25,#394E00,0,481
53677,30.0625,13.125,-18.625,#4D4164,1,481
53719,30.0625,32.875,51.625,#7E2D00,0,481
53744,30.0625,66.75,-99.375,#001DE9,0,481
53762,30.0625,99.0,-52.5,#A9009B,0,481
53795,30.125,-48.125,9.0,#005738,0,482
53804,30.125,-38.75,17.875,#005429,0,482
53812,30.125,-32.5,16.5,#00532C,0,482
53817,30.125,-28.5,39.875,#285100,0,482
53894,30.125,15.875,-69.75,#0047B6,0,482
53919,30.125,34.125,20.625,#7C2D29,1,482
53935,30.125,49.625,-25.25,#7C1C6F,1,482
53952,30.125,68.875,-78.75,#5C00C6,0,482
53966,30.125,105.75,-120.5,#4300FF,0,482
53969,30.125,126.25,-94.125,#A900E1,0,482
53972,30.1875,-100.25,-16.0,#00605F,0,483
54167,30.1875,58.5,-105.375,#002FF4,0,483
54168,30.1875,59.375,-8.375,#910056,0,483
54170,30.1875,64.875,-26.625,#8F0072,0,483
54175,30.1875,68.625,4.25,#9F0043,0,483
54195,30.1875,125.875,-67.375,#C100B4,0,483
54197,30.25,-104.875,14.375,#005F2E,0,484
54200,30.25,-84.75,-16.375,#005E5F,0,484
54205,30.25,-71.125,49.25,#005B00,0,484
54228,30.25,-41.5,-47.875,#005A92,0,484
54248,30.25,-15.875,-51.875,#005399,0,484
54255,30.25,-13.375,-42.375,#005189,0,484
54320,30.25,17.375,-23.25,#503F6C,1,484
54344,30.25,34.875,-46.0,#523590,1,484
54372,30.25,62.875,-85.25,#3A1CD1,1,484
54382,30.25,87.375,-110.625,#2100FE,0,484
54396,30.3125,-118.25,35.5,#006000,0,485
54400,30.3125,-104.25,43.0,#005F00,0,485
54525,30.3125,19.5,1.375,#643C46,1,485
54534,30.3125,36.5,-73.375,#003ABD,0,485
54548,30.3125,48.0,-81.375,#0031CB,0,485
54561,30.3125,59.625,-41.5,#7E0489,1,485
54619,30.375,-49.0,0.375,#005846,0,486
54621,30.375,-45.625,27.75,#005618,0,486
54634,30.375,-27.625,-55.875,#0057A0,0,486
54716,30.375,13.75,-10.75,#554158,1,486
54725,30.375,19.75,-9.5,#5F3C57,1,486
54731,30.375,22.625,-74.0,#0045BE,0,486
54786,30.375,76.0,25.625,#AB0025,0,486
54804,30.375,100.75,-21.75,#BC006C,0,486
54868,30.4375,-7.25,-16.875,#234C62,1,487
54882,30.4375,-0.875,-40.0,#004C86,0,487
54985,30.4375,82.25,-14.0,#AA0060,0,487
55000,30.5,-94.625,-2.125,#005F4A,0,488
55025,30.5,-38.5,7.625,#00553B,0,488
55059,30.5,-13.125,7.875,#364D3B,1,488
55103,30.5,6.5,-2.75,#50454C,1,488
55172,30.5,59.25,-72.5,#551CBD,1,488
55177,30.5,69.875,-64.75,#7600B0,0,488
55195,30.5,104.75,-103.5,#7600F2,0,488
55200,30.5,116.5,-67.625,#B600B5,0,488
55224,30.5625,-63.0,37.125,#005A00,0,489
55286,30.5625,-8.75,42.625,#4C4B00,0,489
55288,30.5625,-7.75,-3.375,#374C4D,1,489
55419,30.5625,85.625,-87.625,#6F00D7,0,489
55424,30.5625,93.125,-51.25,#A4009A,0,489
55431,30.625,-111.5,40.5,#006000,0,490
55435,30.625,-99.875,3.125,#006041,0,490
55436,30.625,-94.375,10.0,#005F36,0,490
55439,30.625,-84.25,8.375,#005E39,0,490
55443,30.625,-78.0,34.5,#005D05,0,490
55470,30.625,-44.625,-18.5,#005964,0,490
55485,30.625,-27.0,-22.75,#00546B,0,490
55496,30.625,-13.625,52.5,#464D00,0,490
55504,30.625,-10.25,-32.0,#004F7A,0,490
55520,30.625,-1.875,-48.5,#004E94,0,490
55524,30.625,1.125,9.0,#4F473A,1,490
55535,30.625,5.625,-75.125,#004FC1,0,490
55547,30.625,12.125,6.75,#5E413E,1,490
55587,30.625,49.375,-37.875,#742184,1,490
55685,30.6875,-23.875,30.0,#2F5115,1,491
55718,30.6875,-4.125,27.25,#4F491C,1,491
55828,30.6875,57.25,-61.5,#651BAB,1,491
55850,30.6875,98.375,-98.875,#7300EB,0,491
55853,30.6875,112.125,-81.25,#A400CD,0,491
55856,30.6875,114.75,-94.5,#9800E3,0,491
55857,30.6875,116.375,-54.0,#C000A0,0,491
55864,30.75,-88.5,2.5,#005F43,0,492
55872,30.75,-69.125,5.5,#005C3E,0,492
55876,30.75,-58.125,17.25,#005A2B,0,492
55877,30.75,-56.375,-40.75,#005D88,0,492
55993,30.75,26.75,-21.5,#61396A,1,492
56002,30.75,33.75,-80.25,#003FCA,0,492
56078,30.8125,-80.5,22.125,#005E22,0,493
56150,30.8125,-7.5,-45.5,#005090,0,493
56207,30.8125,15.5,52.875,#6D3E00,0,493
56224,30.8125,29.375,-89.25,#0045DA,0,493
56228,30.8125,31.125,29.0,#7C311C,1,493
56233,30.8125,33.0,-39.375,#593787,1,493
56267,30.8125,91.25,-45.125,#A60091,0,493
56275,30.875,-128.0,5.375,#00633E,0,494
56378,30.875,4.75,-52.875,#004C9C,0,494
56396,30.875,12.0,-59.125,#0049A7,0,494
56446,30.875,42.25,-60.25,#4932A9,1,494
56454,30.875,50.625,0.625,#8C164A,1,494
56487,30.875,83.25,-67.125,#8900B5,0,494
56538,30.9375,-39.125,-3.375,#00574D,0,495
56543,30.9375,-32.25,30.375,#1A5414,1,495
56559,30.9375,-17.875,-7.375,#125154,1,495
56591,30.9375,-2.25,-10.25,#3B4B59,1,495
56606,30.9375,2.25,-64.5,#004FB0,0,495
56692,30.9375,57.375,8.25,#96003F,0,495
56700,30.9375,65.375,22.75,#A1002A,0,495
56703,30.9375,74.875,-116.0,#001AFF,0,495
56708,30.9375,82.875,-35.25,#A20082,0,495
56727,30.9375,108.625,-95.625,#8D00E6,0,495
56730,31.0,-104.5,20.375,#006126,0,496
56745,31.0,-52.75,52.125,#005900,0,496
56882,31.0,41.625,-48.875,#5C3097,1,496
56903,31.0,56.875,42.875,#9A0005,0,496
56916,31.0,77.625,52.75,#B10000,0,496
56939,31.0625,-74.375,-31.125,#006079,0,497
56942,31.0625,-69.375,-22.0,#005F6A,0,497
56946,31.0625,-59.125,51.875,#005B00,0,497
57078,31.0625,57.25,-29.875,#860B79,1,497
57090,31.0625,68.625,-38.5,#8F0087,0,497
57108,31.0625,92.625,3.375,#BC0048,0,497
57113,31.0625,104.25,-48.5,#B50098,0,497
57127,31.125,-58.75,-20.625,#005D68,0,498
57187,31.125,-12.125,19.25,#414E2A,1,498
57262,31.125,23.0,45.375,#753900,0,498
57287,31.125,40.125,43.5,#882700,0,498
57292,31.125,43.625,30.375,#8B221C,1,498
57294,31.125,43.875,-73.75,#2135C0,1,498
57315,31.125,81.0,6.125,#B00044,0,498
57321,31.125,91.0,-101.125,#5E00F0,0,498
57328,31.125,102.625,-77.75,#9B00C8,0,498
57332,31.125,115.375,-128.0,#4C00FF,0,498
57336,31.1875,-97.125,46.5,#006000,0,499
57347,31.1875,-68.125,-6.0,#005E51,0,499
57373,31.1875,-34.25,23.25,#085523,1,499
57440,31.1875,7.875,53.5,#654300,0,499
57487,31.1875,40.625,-96.375,#0040E7,0,499
57514,31.1875,68.0,14.125,#A30037,0,499
57542,31.1875,119.125,-123.125,#6A00FF,0,499
57570,31.25,-45.625,53.0,#005800,0,500
57622,31.25,-8.25,12.875,#444D35,1,500
57667,31.25,12.625,42.875,#694100,0,500
57750,31.25,70.25,-47.625,#8B0096,0,500
57755,31.25,80.25,-58.75,#8F00A8,0,500
57770,31.3125,-126.125,31.25,#00630F,0,501
57789,31.3125,-56.75,39.25,#005B00,0,501
57792,31.3125,-48.125,-45.875,#005E92,0,501
57794,31.3125,-42.25,32.75,#00580F,0,501
57947,31.3125,53.75,53.75,#990400,0,501
57973,31.3125,85.375,-122.625,#0000FF,0,501
57978,31.3125,92.25,-85.5,#8100D5,0,501
57989,31.375,-117.875,-7.375,#006454,0,502
58002,31.375,-69.375,17.5,#005E2C,0,502
58031,31.375,-38.375,53.5,#155700,0,502
58035,31.375,-31.25,53.625,#295400,0,502
58043,31.375,-21.0,-0.875,#17534B,1,502
58090,31.375,4.875,43.875,#604600,0,502
58220,31.4375,-89.5,27.5,#006019,0,503
58238,31.4375,-51.25,-33.125,#005D7D,0,503
58248,31.4375,-39.375,-28.5,#005A76,0,503
58297,31.4375,-5.875,-60.5,#0053AA,0,503
58316,31.4375,2.75,16.625,#574830,1,503
58363,31.4375,30.125,-70.375,#0041BB,0,503
58394,31.4375,65.375,-8.0,#9B0058,0,503
58403,31.4375,74.875,-7.625,#A60058,0,503
58405,31.4375,76.5,36.625,#B00017,0,503
58414,31.4375,90.0,-20.5,#B3006C,0,503
58418,31.4375,98.0,-8.25,#C0005A,0,503
58429,31.5,-92.5,-22.5,#00636C,0,504
58473,31.5,-20.5,-38.5,#005686,0,504
58572,31.5,43.375,54.125,#8E2200,0,504
58575,31.5,50.0,-59.0,#5E2AA9,1,504
58580,31.5,54.25,-14.625,#8C1262,1,504
58590,31.5,63.5,34.75,#A20018,0,504
58614,31.5625,-78.75,1.25,#006047,0,505
58629,31.5625,-51.5,20.25,#005B28,0,505
58630,31.5625,-48.375,-11.5,#005B5B,0,505
58752,31.5625,39.5,-22.0,#752F6D,1,505
58783,31.5625,81.25,-7.625,#AE0059,0,505
58797,31.5625,111.75,-118.625,#6500FF,0,505
58800,31.5625,116.625,-75.25,#B300C5,0,505
58804,31.625,-123.125,-3.5,#00654E,0,506
58807,31.625,-111.375,14.125,#006332,0,506
58811,31.625,-85.25,-10.125,#006259,0,506
58827,31.625,-54.25,28.125,#005B19,0,506
58851,31.625,-18.75,18.375,#35522D,1,506
58855,31.625,-14.5,-1.375,#2C514C,1,506
58888,31.625,-0.25,33.375,#584912,1,506
58891,31.625,1.875,-1.875,#4C4A4D,1,506
58963,31.625,47.75,44.125,#921B01,1,506
58989,31.625,74.25,-92.0,#4D00E1,0,506
58991,31.625,77.75,-97.125,#4600EA,0,506
59001,31.625,91.25,25.5,#BF002A,0,506
59002,31.625,92.25,-64.125,#9C00B2,0,506
59005,31.625,96.375,-120.125,#1700FF,0,506
59025,31.6875,-79.5,-13.375,#00615E,0,507
59026,31.6875,-77.75,50.75,#005F00,0,507
59029,31.6875,-73.25,23.625,#005F22,0,507
59112,31.6875,5.5,-43.125,#004C8F,0,507
59121,31.6875,13.0,-1.0,#5E434C,1,507
59152,31.6875,29.75,-0.125,#75364C,1,507
59206,31.6875,88.75,52.125,#BF0000,0,507
59300,31.75,-13.75,-22.0,#00526D,0,508
59343,31.75,4.625,-8.375,#4C4958,1,508
59367,31.75,16.375,-32.5,#45447E,1,508
59415,31.75,54.75,-82.125,#2E2CD0,1,508
59421,31.75,59.875,-99.625,#002DEF,0,508
59430,31.75,71.375,53.25,#AD0000,0,508
59445,31.75,102.375,-64.75,#A900B4,0,508
59538,31.8125,-6.5,-70.0,#0056BB,0,509
59618,31.8125,27.375,-10.125,#6D3A5B,1,509
59638,31.8125,47.625,-101.375,#003DF2,0,509
59666,31.8125,75.5,-72.5,#7900C1,0,509
59670,31.8125,77.5,43.0,#B3000D,0,509
59686,31.8125,113.375,-110.5,#7E00FF,0,509
59765,31.875,-10.0,31.875,#4B4E15,1,510
59785,31.875,-2.0,43.375,#584A00,0,510
59822,31.875,17.875,-63.125,#0049B0,0,510
59848,31.875,32.25,-56.375,#3C3DA5,1,510
59859,31.875,43.875,13.125,#8A2539,1,510
59871,31.875,57.625,-2.625,#960051,0,510
59875,31.875,61.125,49.25,#A20000,0,510
59878,31.875,65.25,-60.125,#7802AC,1,510
59904,31.875,98.125,-34.75,#B80084,0,510
59908,31.875,116.125,-60.375,#BF00AD,0,510
59911,31.875,127.0,-78.5,#BF00CC,0,510
59925,31.9375,-70.75,-11.625,#00615C,0,511
59927,31.9375,-63.25,-38.75,#006188,0,511
59994,31.9375,-0.125,54.5,#5D4900,0,511
60001,31.9375,3.0,-24.875,#344C72,1,511
60042,31.9375,17.625,-83.75,#004ED3,0,511
60056,31.9375,28.0,23.375,#7A3728,1,511
60143,32.0,-111.25,6.875,#00653E,0,512
60180,32.0,-49.0,-24.375,#005E71,0,512
60198,32.0,-29.875,-35.0,#005A82,0,512
60219,32.0,-19.5,-25.25,#005572,0,512
60296,32.0,19.375,28.875,#713E1E,1,512
60310,32.0,28.125,55.0,#7F3600,0,512
60313,32.0,31.25,45.25,#813300,0,512
60330,32.0,47.5,22.5,#911E2B,1,512
60342,32.0,68.375,-21.625,#9B006F,0,512
60355,32.0,107.75,-70.125,#AD00BE,0,512
60364,32.0625,-113.25,-11.75,#00665C,0,513
60380,32.0625,-66.25,53.0,#005E00,0,513
60384,32.0625,-57.75,-4.125,#005E51,0,513
60403,32.0625,-33.625,-5.5,#005953,0,513
60414,32.0625,-22.375,-32.5,#00577E,0,513
60422,32.0625,-16.875,-64.5,#0059B3,0,513
60581,32.0625,121.875,-104.375,#9A00F9,0,513
60597,32.125,-88.625,49.625,#006200,0,514
60608,32.125,-69.0,38.5,#005F00,0,514
60698,32.125,8.625,34.25,#654513,1,514
60735,32.125,31.875,14.0,#7D3437,1,514
60793,32.125,78.0,-43.375,#9B0092,0,514
60800,32.125,89.375,18.375,#BE0035,0,514
60801,32.125,94.375,-109.375,#5200FF,0,514
60803,32.125,97.75,-2.125,#C30053,0,514
60807,32.125,126.5,-118.0,#8B00FF,0,514
60813,32.1875,-101.75,32.625,#00640E,0,515
60836,32.1875,-28.75,-42.875,#005B8F,0,515
60842,32.1875,-24.75,7.25,#1B5540,1,515
60866,32.1875,-8.375,2.5,#3F4F48,1,515
60988,32.1875,81.375,-110.375,#0000FF,0,515
60998,32.1875,126.625,-111.875,#9700FF,0,515
61018,32.25,-57.625,11.25,#005E39,0,516
61028,32.25,-43.625,22.25,#005B26,0,516
61064,32.25,-15.375,46.5,#475100,0,516
61110,32.25,3.75,-14.375,#454B62,1,516
61155,32.25,27.0,-36.875,#553F86,1,516
61176,32.25,39.5,-65.625,#383AB6,1,516
61201,32.25,61.25,3.25,#9D0049,0,516
61210,32.25,75.0,-0.125,#AB004F,0,516
61283,32.3125,-36.0,-45.875,#005D94,0,517
61347,32.3125,0.625,23.625,#594B26,1,517
61364,32.3125,8.5,-13.0,#504860,1,517
61415,32.3125,38.25,-84.75,#0040D6,0,517
61417,32.3125,39.5,-30.125,#71327C,1,517
61431,32.3125,57.375,25.5,#9D0028,0,517
61447,32.3125,80.25,-51.625,#98009F,0,517
61452,32.3125,90.75,39.0,#C20018,0,517
61460,32.3125,105.875,-27.125,#C50079,0,517
61465,32.3125,112.875,-88.75,#A200DE,0,517
61486,32.375,-69.875,-35.625,#006384,0,518
61487,32.375,-68.875,28.875,#006019,0,518
61489,32.375,-58.875,-30.0,#00617B,0,518
61499,32.375,-36.5,-11.125,#005A5D,0,518
61590,32.375,13.0,21.625,#69442B,1,518
61597,32.375,19.875,-40.75,#41458D,1,518
61664,32.375,80.0,-25.125,#A80075,0,518
61667,32.375,83.5,-0.75,#B50051,0,518
61670,32.375,87.625,-116.5,#0000FF,0,518
61681,32.4375,-123.0,38.625,#006600,0,519
61685,32.4375,-110.125,22.25,#006525,0,519
61768,32.4375,-2.0,-54.25,#0053A3,0,519
61769,32.4375,-2.0,-32.75,#005080,0,519
61846,32.4375,37.375,31.75,#882E1C,1,519
61871,32.4375,62.5,55.5,#A60000,0,519
61907,32.5,-116.75,18.375,#00662C,0,520
61909,32.5,-106.125,3.625,#006645,0,520
61914,32.5,-65.0,43.0,#005F00,0,520
61935,32.5,-36.5,43.125,#195900,0,520
61938,32.5,-33.625,10.875,#00593A,0,520
62055,32.5,29.875,35.0,#803615,1,520
62115,32.5,93.875,11.0,#C30040,0,520
62117,32.5,95.625,-77.0,#9600CA,0,520
62121,32.5,107.625,-33.125,#C60083,0,520
62213,32.5625,-6.375,55.625,#564E00,0,521
62261,32.5625,24.375,-56.75,#1F45A8,1,521
62283,32.5625,38.5,-9.125,#7E305C,1,521
62299,32.5625,62.0,-111.125,#0032FF,0,521
62344,32.625,-117.375,42.375,#006600,0,522
62373,32.625,-34.5,-55.375,#005FA5,0,522
62486,32.625,24.125,-28.0,#5C4079,1,522
62513,32.625,48.125,-89.25,#0039DF,0,522
62555,32.625,107.75,-58.5,#B800AC,0,522
62585,32.6875,-63.625,9.0,#00603D,0,523
62615,32.6875,-19.5,35.5,#3E540D,1,523
62655,32.6875,11.75,-24.25,#4A4873,1,523
62691,32.6875,35.625,3.125,#803349,1,523
62714,32.6875,58.125,-55.625,#741DA7,1,523
62721,32.6875,65.125,-74.75,#6416C7,1,523
62738,32.6875,107.25,-114.0,#6B00FF,0,523
62748,32.75,-95.375,36.625,#006403,0,524
62749,32.75,-92.0,-7.625,#006557,0,524
62750,32.75,-91.375,19.125,#00642C,0,524
62867,32.75,10.5,-39.125,#2B4B8B,1,524
62886,32.75,21.75,-4.0,#6B4054,1,524
62913,32.75,41.125,24.125,#8C2A29,1,524
62931,32.75,68.625,31.625,#AB0020,0,524
62943,32.75,80.125,-76.625,#7E00CA,0,524
62946,32.75,85.5,-79.375,#8300CF,0,524
62951,32.75,87.625,-93.875,#6D00E8,0,524
62954,32.75,91.125,-14.25,#BB0066,0,524
62957,32.75,93.375,-26.5,#B90079,0,524
62968,32.75,123.25,-83.25,#B800D6,0,524
63021,32.8125,-18.75,56.25,#455400,0,525
63032,32.8125,-11.625,-55.875,#0058A6,0,525
63104,32.8125,17.75,-53.5,#0449A3,1,525
63127,32.8125,30.75,-50.25,#493F9E,1,525
63167,32.8125,72.125,-105.625,#001DFD,0,525
63170,32.8125,74.75,-62.0,#8800B2,0,525
63181,32.8125,84.25,-46.75,#A20099,0,525
63196,32.8125,122.375,-72.75,#C100C5,0,525
63197,32.8125,123.5,-128.0,#6E00FF,0,525
63209,32.875,-84.25,36.0,#006306,0,526
63233,32.875,-45.875,45.875,#005C00,0,526
63235,32.875,-44.5,-35.0,#006084,0,526
63243,32.875,-37.375,-22.75,#005D70,0,526
63255,32.875,-28.375,-14.125,#005963,0,526
63258,32.875,-26.0,23.75,#2C5726,1,526
63277,32.875,-14.125,39.0,#495204,1,526
63283,32.875,-9.75,-11.5,#2C535F,1,526
63385,32.875,44.625,-43.25,#6D3093,1,526
63414,32.875,70.5,20.0,#AC0032,0,526
63416,32.875,71.625,-30.5,#9D007F,0,526
63425,32.875,82.0,24.875,#BA002C,0,526
63429,32.875,86.75,-56.5,#9E00A9,0,526
63438,32.875,98.875,-113.75,#5400FF,0,526
63447,32.9375,-108.25,-16.0,#006865,0,527
63451,32.9375,-94.875,-14.5,#006763,0,527
63507,32.9375,-18.75,25.625,#3C5423,1,527
63583,32.9375,17.625,9.5,#6C423F,1,527
63612,32.9375,33.375,-21.625,#703870,1,527
63639,32.9375,52.375,-105.875,#003CFD,0,527
63644,32.9375,57.625,-87.375,#252DDD,1,527
63656,32.9375,74.875,-14.125,#A90066,0,527
63672,32.9375,102.25,-91.75,#8E00E5,0,527
63677,32.9375,116.375,-46.375,#CB009A,0,527
63683,33.0,-111.375,0.625,#00684B,0,528
63684,33.0,-108.125,46.75,#006600,0,528
63687,33.0,-100.75,-2.625,#006750,0,528
63689,33.0,-98.875,-21.25,#00686E,0,528
63733,33.0,-22.75,-62.75,#005DB2,0,528
63763,33.0,-5.125,20.75,#514F2C,1,528
63768,33.0,-2.875,-1.0,#484F4F,1,528
63786,33.0,3.5,5.125,#564B46,1,528
63821,33.0,17.125,35.875,#724212,1,528
63843,33.0,36.5,55.625,#8B3000,0,528
63847,33.0,40.0,-1.125,#842F51,1,528
63874,33.0,67.5,45.25,#AC0008,0,528
64045,33.0625,38.25,-53.875,#533AA4,1,529
64060,33.0625,51.25,34.0,#9A181B,1,529
64077,33.0625,68.875,-115.875,#002CFF,0,529
64088,33.0625,87.75,6.25,#BD0048,0,529
64104,33.125,-108.0,31.25,#006714,0,530
64139,33.125,-34.5,3.375,#005B48,0,530
64149,33.125,-25.5,56.375,#3A5700,0,530
64198,33.125,-3.875,14.875,#514F36,1,530
64277,33.125,34.875,-95.375,#0048EB,0,530
64289,33.125,50.125,-73.5,#4433C6,1,530
64299,33.125,61.375,13.0,#A2003D,0,530
64319,33.125,92.0,45.5,#C7000F,0,530
64335,33.125,123.25,-57.5,#CE00AC,0,530
64400,33.1875,-24.375,43.625,#395700,0,531
64490,33.1875,21.25,-18.5,#61436B,1,531
64521,33.1875,49.75,-46.75,#732B99,1,531
64553,33.1875,81.5,56.875,#BC0000,0,531
64554,33.1875,81.75,31.5,#BB0023,0,531
64562,33.1875,95.375,17.375,#C80039,0,531
64584,33.25,-81.25,-30.75,#00677E,0,532
64601,33.25,-48.75,36.375,#005E09,0,532
64609,33.25,-41.875,12.0,#005D3A,0,532
64613,33.25,-40.125,-53.25,#0062A3,0,532
64638,33.25,-23.375,-46.625,#005C98,0,532
64707,33.25,8.125,25.5,#664926,1,532
64740,33.25,21.25,57.125,#7A3F00,0,532
64776,33.25,49.75,-5.125,#8F2158,1,532
64782,33.25,52.375,-20.5,#8B1F70,1,532
64818,33.25,88.5,-127.5,#0000FF,0,532
64822,33.25,97.75,5.75,#C9004A,0,532
64844,33.3125,-54.125,-45.75,#006497,0,533
64904,33.3125,-1.875,4.75,#4F4F47,1,533
64952,33.3125,21.625,-68.0,#004BBC,0,533
65026,33.3125,103.75,-16.625,#CA006C,0,533
65033,33.375,-102.25,49.125,#006700,0,534
65049,33.375,-63.75,18.375,#00622F,0,534
65056,33.375,-54.75,-15.75,#006266,0,534
65077,33.375,-30.75,44.625,#2C5900,0,534
65135,33.375,-1.5,-75.25,#0058C9,0,534
65166,33.375,8.0,-80.75,#0055D2,0,534
65167,33.375,8.125,-28.25,#3E4D7B,1,534
65183,33.375,16.5,47.25,#744300,0,534
65238,33.375,67.875,-90.875,#431DE4,1,534
65241,33.375,69.5,-70.25,#7600C1,1,534
65255,33.375,86.875,-28.0,#B2007D,0,534
65257,33.375,88.25,-7.125,#BC005D,0,534
65266,33.375,112.0,-104.0,#8D00FC,0,534
65302,33.4375,-54.375,46.0,#006000,0,535
65312,33.4375,-43.625,4.75,#005E46,0,535
65326,33.4375,-27.25,-5.5,#005A57,0,535
65403,33.4375,20.5,22.5,#75412C,1,535
65418,33.4375,29.5,-83.625,#0049D7,0,535
65449,33.4375,52.5,-64.125,#602DB7,1,535
65453,33.4375,59.0,-47.25,#81199B,1,535
65466,33.4375,79.25,-122.375,#001CFF,0,535
65468,33.4375,80.25,13.375,#B8003E,0,535
65475,33.4375,86.375,-105.0,#4E00FD,0,535
65485,33.4375,97.375,-46.875,#B5009B,0,535
65497,33.5,-116.625,11.875,#006939,0,536
65507,33.5,-88.875,-27.125,#006879,0,536
65514,33.5,-71.875,54.75,#006300,0,536
65516,33.5,-67.75,-30.0,#00667D,0,536
65520,33.5,-64.375,-0.875,#00634F,0,536
65589,33.5,-2.0,-26.625,#245279,1,536
65660,33.5,39.375,17.75,#8B2F35,1,536
65765,33.5625,-12.375,-69.375,#005CBF,0,537
65819,33.5625,9.875,-6.875,#5A4A5A,1,537
65855,33.5625,23.5,35.25,#7C3E16,1,537
65930,33.5625,74.0,-51.875,#9300A3,0,537
65939,33.5625,92.125,57.75,#C90000,0,537
65942,33.5625,95.125,-94.625,#7E00EC,0,537
65952,33.625,-128.0,12.25,#006A39,0,538
65953,33.625,-116.875,26.75,#00691F,0,538
65968,33.625,-76.375,7.625,#006541,0,538
65985,33.625,-37.375,28.25,#085C1F,1,538
66000,33.625,-21.5,-12.0,#005961,0,538
66080,33.625,20.875,-46.75,#39489A,1,538
66083,33.625,23.0,-90.0,#0050E3,0,538
66111,33.625,42.75,-13.5,#842E65,1,538
66133,33.625,61.125,-33.75,#900A86,1,538
66138,33.625,67.875,-84.75,#5719DA,1,538
66171,33.625,113.25,-38.5,#CD008F,0,538
66173,33.625,119.75,-113.25,#8C00FF,0,538
66182,33.6875,-99.625,13.875,#006837,0,539
66191,33.6875,-75.0,39.5,#006400,0,539
66344,33.6875,34.125,-63.375,#3241B6,1,539
66356,33.6875,44.0,-34.375,#773186,1,539
66437,33.75,-35.625,-33.5,#005F84,0,540
66449,33.75,-25.625,13.25,#25593A,1,540
66463,33.75,-11.875,57.875,#525300,0,540
66502,33.75,2.75,-59.125,#0054AF,0,540
66571,33.75,53.5,-96.75,#0039EF,0,540
66577,33.75,55.625,16.75,#9E0F38,1,540
66582,33.75,59.0,-20.75,#950D71,1,540
66594,33.75,67.0,-0.5,#A70053,0,540
66617,33.75,96.875,-70.375,#A300C3,0,540
66647,33.8125,-64.375,-17.875,#00656B,0,541
66653,33.8125,-52.375,14.625,#006137,0,541
66746,33.8125,11.375,-53.75,#004FA6,0,541
66747,33.8125,11.5,-74.625,#0053C9,0,541
66796,33.8125,41.25,-79.5,#0040D2,0,541
66849,33.8125,101.125,-58.625,#B300AF,0,541
66851,33.8125,107.0,-125.125,#4600FF,0,541
66853,33.8125,120.625,-93.375,#AD00EB,0,541
66855,33.875,-128.0,-6.25,#006C58,0,542
66886,33.875,-42.375,57.625,#0E5E00,0,542
66889,33.875,-39.125,-16.375,#005F69,0,542
66904,33.875,-28.5,-60.75,#0061B1,0,542
66922,33.875,-17.5,5.375,#325747,1,542
66929,33.875,-13.5,-36.625,#00598A,0,542
66932,33.875,-12.125,-47.875,#005A9C,0,542
66934,33.875,-9.875,49.125,#535300,0,542
66970,33.875,3.875,-69.625,#0056C1,0,542
67042,33.875,49.0,58.0,#9C1F00,0,542
67052,33.875,55.25,-37.375,#86208C,1,542
67057,33.875,57.75,-67.5,#6627BE,1,542
67060,33.875,58.875,-78.0,#522ACF,1,542
67067,33.875,71.75,-97.375,#391AF1,1,542
67088,33.875,106.375,-85.0,#A100DC,0,542
67249,33.9375,43.625,48.25,#952900,0,543
67279,33.9375,90.875,-121.625,#0000FF,0,543
67280,33.9375,92.125,31.5,#C90026,0,543
67286,33.9375,120.625,-50.875,#D100A4,0,543
67308,34.0,-60.5,-12.875,#006463,0,544
67312,34.0,-54.375,57.125,#006100,0,544
67338,34.0,-28.875,34.5,#2E5A13,1,544
67381,34.0,-4.75,36.875,#59510F,1,544
67396,34.0,1.5,38.75,#624E0B,1,544
67419,34.0,8.5,3.25,#5F4B4B,1,544
67429,34.0,12.875,14.875,#6B4839,1,544
67435,34.0,14.75,58.375,#754500,0,544
67450,34.0,24.125,12.625,#78403D,1,544
67458,34.0,29.0,8.0,#7D3C45,1,544
67468,34.0,36.875,49.25,#8E3200,0,544
67494,34.0,57.75,34.25,#A4021D,1,544
67524,34.0,112.25,-64.5,#BE00BA,0,544
67539,34.0625,-76.0,17.5,#006632,0,545
67637,34.0625,8.5,17.625,#664B35,1,545
67677,34.0625,30.875,-31.375,#673F82,1,545
67714,34.0625,74.0,-38.125,#9F008E,0,545
67719,34.0625,79.375,-19.125,#AF0070,0,545
67748,34.125,-105.875,9.5,#006A3F,0,546
67755,34.125,-82.125,54.125,#006600,0,546
67762,34.125,-61.0,57.0,#006300,0,546
67803,34.125,-20.375,-53.5,#005EA6,0,546
67862,34.125,3.875,-36.375,#1D528A,1,546
67872,34.125,5.375,58.5,#6A4C00,0,546
67903,34.125,23.875,-78.625,#004DD1,0,546
67958,34.125,56.0,58.625,#A40A00,0,546
67964,34.125,59.875,-14.125,#9A0868,1,546
67970,34.125,68.5,-14.5,#A50069,0,546
67981,34.125,98.0,-128.0,#0000FF,0,546
67983,34.125,107.625,-52.5,#C000A6,0,546
67994,34.1875,-103.0,-11.875,#006B62,0,547
68079,34.1875,-2.75,-19.5,#34536F,1,547
68114,34.1875,9.125,-47.25,#00509C,0,547
68132,34.1875,17.75,-76.375,#0051CD,0,547
68180,34.1875,38.625,-42.875,#673A95,1,547
68187,34.1875,45.75,-28.375,#802E7E,1,547
68199,34.1875,55.0,48.0,#A31000,1,547
68215,34.1875,73.625,-78.375,#7300D1,0,547
68216,34.1875,75.0,58.625,#B90000,0,547
68227,34.1875,83.125,46.125,#C1000E,0,547
68239,34.1875,102.625,-42.25,#C00096,0,547
68241,34.1875,117.375,-81.5,#B600D7,0,547
68250,34.25,-85.5,18.25,#006831,0,548
68274,34.25,-52.375,5.125,#006247,0,548
68294,34.25,-33.75,58.375,#2C5C00,0,548
68315,34.25,-19.625,12.75,#35583C,1,548
68381,34.25,8.875,48.375,#6D4A00,0,548
68419,34.25,31.875,-6.875,#7B3B5C,1,548
68452,34.25,64.75,-49.5,#8A09A1,1,548
68476,34.25,83.75,18.5,#BF0039,0,548
68514,34.3125,-55.875,33.875,#006213,0,549
68571,34.3125,-9.75,25.75,#4F5426,1,549
68639,34.3125,13.375,28.625,#704823,1,549
68658,34.3125,24.5,3.0,#76414D,1,549
68705,34.3125,87.875,-71.25,#9600C6,0,549
68709,34.3125,92.25,-39.875,#B50092,0,549
68713,34.3125,97.125,-88.75,#8E00E4,0,549
68721,34.375,-122.25,14.625,#006C37,0,550
68732,34.375,-84.0,0.375,#00694F,0,550
68885,34.375,41.375,-101.625,#0048FA,0,550
68894,34.375,45.625,-21.25,#852E73,1,550
68916,34.375,73.0,47.25,#B70008,0,550
68921,34.375,81.625,-93.375,#6600EC,0,550
68961,34.4375,-63.625,32.25,#006417,0,551
69090,34.4375,8.125,-62.125,#0054B5,0,551
69141,34.4375,41.75,59.125,#952D00,0,551
69143,34.4375,42.5,37.5,#942C16,1,551
69144,34.4375,45.75,-52.875,#6835A7,1,551
69177,34.4375,82.0,38.125,#C0001C,0,551
69267,34.5,-6.5,-39.75,#005890,0,552
69369,34.5,67.125,59.375,#B10000,0,552
69390,34.5,94.5,-58.375,#AC00B1,0,552
69391,34.5,95.75,-20.375,#C30074,0,552
69395,34.5,99.5,-103.5,#7900FE,0,552
69400,34.5,104.25,-9.0,#D10063,0,552
69402,34.5,108.375,-77.875,#AE00D2,0,552
69410,34.5625,-128.0,36.0,#006C09,0,553
69418,34.5625,-90.875,40.625,#006900,0,553
69423,34.5625,-83.0,27.375,#006821,0,553
69427,34.5625,-75.0,-16.375,#00696A,0,553
69447,34.5625,-38.5,36.875,#135F0D,1,553
69460,34.5625,-27.875,1.5,#005D4E,0,553
69464,34.5625,-23.875,-18.375,#005C6E,0,553
69602,34.5625,47.0,-96.0,#0041F0,0,553
69732,34.625,-15.25,-29.0,#005A7F,0,554
69849,34.625,51.375,9.875,#9A2044,1,554
69881,34.625,99.25,-27.875,#C50080,0,554
69889,34.6875,-128.0,0.625,#006E4F,0,555
69892,34.6875,-99.5,19.875,#006B2F,0,555
69896,34.6875,-92.875,53.375,#006900,0,555
69919,34.6875,-50.875,-7.0,#00645C,0,555
69961,34.6875,-16.5,-15.25,#055A69,1,555
70063,34.6875,37.875,-17.0,#7E376D,1,555
70077,34.6875,50.0,-11.375,#912665,1,555
70084,34.6875,60.5,-93.375,#1230EC,1,555
70116,34.6875,124.625,-98.0,#B000F5,0,555
70118,34.75,-122.25,7.75,#006D43,0,556
70128,34.75,-72.75,-25.5,#006979,0,556
70144,34.75,-45.375,-3.25,#006256,0,556
70152,34.75,-38.875,-40.0,#006391,0,556
70163,34.75,-26.5,49.75,#3A5B00,0,556
70214,34.75,-0.25,48.625,#635000,0,556
70256,34.75,16.125,-5.75,#67495B,1,556
70281,34.75,30.5,-75.375,#0049CD,0,556
70304,34.75,43.875,-7.0,#8C2F5E,1,556
70311,34.75,48.25,17.125,#992539,1,556
70325,34.75,65.125,-105.5,#0030FF,0,556
70332,34.75,72.0,26.75,#B5002C,0,556
70343,34.75,86.375,-63.75,#9D00BA,0,556
70347,34.75,98.625,-13.5,#CA006A,0,556
70350,34.75,104.125,-97.375,#8E00F4,0,556
70361,34.8125,-128.0,21.875,#006D2B,0,557
70363,34.8125,-107.75,-5.875,#006D59,0,557
70392,34.8125,-49.0,-17.25,#00646C,0,557
70438,34.8125,-8.375,-22.5,#1A5775,1,557
70450,34.8125,-2.625,59.75,#615100,0,557
70517,34.8125,29.25,-17.5,#72406E,1,557
70528,34.8125,40.5,6.5,#8D3249,1,557
70538,34.8125,47.75,4.5,#95284D,1,557
70563,34.8125,70.5,9.0,#B00047,0,557
70571,34.8125,80.625,-86.0,#7500E0,0,557
70574,34.8125,85.25,-18.0,#B90071,0,557
70591,34.875,-127.25,42.375,#006D00,0,558
70607,34.875,-48.75,-51.0,#0067A4,0,558
70615,34.875,-31.0,-48.25,#00629F,0,558
70721,34.875,28.625,-95.125,#0050F0,0,558
70728,34.875,35.875,26.375,#8C362A,1,558
70774,34.875,69.5,37.875,#B4001B,0,558
70779,34.875,79.875,-116.375,#0018FF,0,558
70780,34.875,80.5,-31.0,#AE0085,0,558
70794,34.875,96.5,36.25,#D10022,0,558
70796,34.875,98.25,22.375,#D10036,0,558
70809,34.9375,-104.375,37.5,#006B06,0,559
70814,34.9375,-95.5,2.125,#006B4D,0,559
70882,34.9375,-1.75,-67.375,#005BC0,0,559
70968,34.9375,56.125,-111.25,#003FFF,0,559
70971,34.9375,60.625,40.25,#AA0015,0,559
71010,34.9375,125.875,-88.5,#BE00E6,0,559
71033,35.0,-53.75,-21.625,#006674,0,560
71057,35.0,-30.875,-19.75,#006071,0,560
71127,35.0,3.0,29.375,#644F22,1,560
71173,35.0,19.375,41.375,#7B450A,1,560
71241,35.0,65.25,17.875,#AD003A,0,560
71288,35.0625,-78.375,-3.625,#006A57,0,561
71305,35.0625,-61.25,47.5,#006500,0,561
71313,35.0625,-50.0,-38.375,#00678F,0,561
71320,35.0625,-43.125,-24.75,#006479,0,561
71410,35.0625,13.125,-86.375,#0058E1,0,561
71450,35.0625,41.0,-91.75,#0046EA,0,561
71461,35.0625,53.25,-51.875,#782CA7,1,561
71489,35.0625,76.875,8.125,#B80049,0,561
71504,35.0625,109.375,-20.0,#D50075,0,561
71505,35.0625,111.5,-26.375,#D5007F,0,561
71510,35.0625,127.0,-105.75,#AB00FF,0,561
71516,35.125,-121.0,46.5,#006D00,0,562
71522,35.125,-96.75,25.75,#006B25,0,562
71545,35.125,-56.25,23.125,#00652B,0,562
71557,35.125,-41.125,49.25,#136100,0,562
71606,35.125,-5.25,-7.0,#42565D,1,562
71654,35.125,15.5,-14.5,#614B6A,1,562
71696,35.125,37.625,12.0,#8C3641,1,562
71732,35.125,66.375,51.125,#B20000,0,562
71766,35.1875,-88.125,9.75,#006B41,0,563
71882,35.1875,6.75,-21.25,#4A5175,1,563
71914,35.1875,26.0,60.25,#864000,0,563
71920,35.1875,29.375,-43.875,#58459A,1,563
71925,35.1875,32.75,59.875,#8E3900,0,563
71928,35.1875,35.625,41.625,#8F370D,1,563
71952,35.1875,62.875,29.0,#AD0029,0,563
71959,35.1875,71.375,-4.5,#AF005C,0,563
71973,35.1875,87.125,-34.25,#B5008B,0,563
71988,35.25,-120.375,-13.25,#006F66,0,564
72002,35.25,-73.125,2.5,#00694D,0,564
72007,35.25,-60.875,-45.125,#006A9B,0,564
72032,35.25,-35.625,17.5,#006036,1,564
72055,35.25,-18.375,-43.625,#005F99,0,564
72078,35.25,-8.25,-28.625,#005980,0,564
72104,35.25,2.0,-80.125,#005CD6,0,564
72105,35.25,2.0,-49.375,#0057A2,0,564
72161,35.25,28.375,17.75,#833F38,1,564
72176,35.25,39.75,-72.25,#2A42C9,1,564
72183,35.25,45.625,-69.375,#4A3BC4,1,564
72208,35.25,90.0,-1.0,#C50058,0,564
72236,35.3125,-78.0,-35.625,#006D8B,0,565
72245,35.3125,-56.625,-34.875,#00698A,0,565
72303,35.3125,-13.125,15.0,#46583B,1,565
72400,35.3125,25.5,48.875,#844100,0,565
72455,35.3125,73.75,-120.5,#002CFF,0,565
72479,35.3125,115.25,-32.75,#D8008A,0,565
72481,35.3125,121.625,-64.375,#CE00BE,0,565
72483,35.375,-122.375,25.0,#006E26,0,566
72487,35.375,-113.25,49.375,#006D00,0,566
72491,35.375,-93.25,13.875,#006C3B,0,566
72492,35.375,-87.25,-14.5,#006C69,0,566
72494,35.375,-81.75,-17.625,#006C6E,0,566
72526,35.375,-29.75,18.75,#235E34,1,566
72551,35.375,-10.875,-5.875,#38595C,1,566
72578,35.375,-2.75,-44.375,#00599A,0,566
72590,35.375,1.125,-8.875,#4E5361,1,566
72690,35.375,49.25,51.125,#A02300,0,566
72744,35.4375,-76.5,27.0,#006924,0,567
72749,35.4375,-69.75,10.875,#006940,0,567
72775,35.4375,-32.0,-28.375,#006280,0,567
72821,35.4375,-6.125,7.125,#4E5648,1,567
72903,35.4375,51.5,-29.75,#8A2984,1,567
72920,35.4375,64.125,-41.375,#930D97,1,567
72933,35.4375,79.25,-66.0,#9200C0,0,567
72960,35.4375,116.875,-101.0,#A200FD,0,567
72962,35.4375,119.0,-40.375,#D90097,0,567
72974,35.5,-83.625,47.875,#006A00,0,568
72981,35.5,-64.125,24.375,#006729,0,568
72986,35.5,-53.25,-1.0,#006654,0,568
72990,35.5,-50.375,30.625,#00641D,0,568
73064,35.5,6.25,9.875,#635044,1,568
73163,35.5,75.5,-112.0,#0022FF,0,568
73164,35.5,77.5,21.125,#BD0037,0,568
73165,35.5,77.625,-104.5,#3714FF,0,568
73171,35.5,88.0,12.875,#C70044,0,568
73177,35.5,101.375,-81.75,#A200DB,0,568
73180,35.5,108.625,-45.25,#CA009E,0,568
73185,35.5,123.75,-122.25,#8800FF,0,568
73187,35.5625,-116.875,-1.0,#006F53,0,569
73204,35.5625,-66.75,58.875,#006800,0,569
73247,35.5625,-22.0,60.75,#475B00,0,569
73312,35.5625,11.875,38.625,#734B11,1,569
73363,35.5625,50.625,-79.75,#383AD7,1,569
73376,35.5625,61.0,-62.375,#7923BA,1,569
73408,35.5625,102.125,-72.875,#AD00CC,0,569
73416,35.625,-106.5,-21.125,#007074,0,570
73422,35.625,-98.75,-7.875,#006E5F,0,570
73429,35.625,-80.125,13.375,#006B3C,0,570
73436,35.625,-69.625,46.875,#006800,0,570
73447,35.625,-60.0,3.375,#00684D,0,570
73455,35.625,-47.875,60.25,#006400,0,570
73481,35.625,-24.75,-26.5,#00607E,0,570
73488,35.625,-17.875,-59.0,#0061B3,0,570
73508,35.625,-8.625,-74.625,#0060CE,0,570
73581,35.625,26.5,-63.375,#0F4CBB,1,570
73584,35.625,27.125,42.375,#87400B,1,570
73598,35.625,36.0,-36.25,#6E3F8E,1,570
73623,35.625,52.75,28.375,#A21E2A,1,570
73685,35.6875,-64.875,-9.0,#006961,0,571
73811,35.6875,11.75,-33.375,#445189,1,571
73824,35.6875,17.75,3.875,#71494E,1,571
73829,35.6875,19.75,51.75,#7F4600,0,571
73861,35.6875,33.75,-88.625,#004DE7,0,571
73886,35.6875,52.125,40.25,#A31F15,1,571
73904,35.6875,64.75,-67.375,#791DC3,1,571
73916,35.6875,74.75,-84.375,#6F04E0,1,571
73922,35.6875,83.0,-128.0,#001EFF,0,571
73955,35.75,-92.75,46.25,#006C00,0,572
73960,35.75,-80.625,40.875,#006B00,0,572
74005,35.75,-15.375,31.75,#4C5A1E,1,572
74082,35.75,14.875,-43.5,#36509A,1,572
74137,35.75,47.25,-107.25,#0047FF,0,572
74144,35.75,61.75,22.75,#AC0034,0,572
74147,35.75,67.5,-26.875,#A20080,0,572
74150,35.75,74.25,-22.25,#AD0079,0,572
74157,35.75,82.875,-100.5,#5B00FC,0,572
74166,35.75,93.875,-5.625,#CA0060,0,572
74172,35.75,96.75,54.375,#D50004,0,572
74176,35.75,101.625,-119.75,#5400FF,0,572
74191,35.8125,-107.0,52.0,#006E00,0,573
74215,35.8125,-47.0,-29.75,#006783,0,573
74216,35.8125,-44.125,-46.875,#00689F,0,573
74219,35.8125,-43.625,-12.75,#006568,0,573
74242,35.8125,-20.375,-68.375,#0064C4,0,573
74255,35.8125,-10.125,-16.75,#285A6F,1,573
74317,35.8125,21.375,-33.625,#584B8A,1,573
74345,35.8125,44.0,-63.5,#553DBC,1,573
74371,35.8125,73.75,32.75,#BB0026,0,573
74386,35.8125,90.25,-81.625,#9100DC,0,573
74409,35.875,-98.75,54.125,#006D00,0,574
74453,35.875,-48.875,50.125,#006500,0,574
74469,35.875,-32.75,39.0,#2C600A,1,574
74472,35.875,-30.25,6.875,#086049,1,574
74518,35.875,-3.625,30.5,#5E5522,1,574
74564,35.875,16.75,-27.375,#584D80,1,574
74606,35.875,61.5,-83.25,#522DDE,1,574
74611,35.875,68.25,-54.375,#8F05AD,1,574
74630,35.875,89.875,-48.375,#B200A4,0,574
74643,35.875,112.375,-73.5,#BC00CE,0,574
74651,35.9375,-113.125,-18.0,#007170,0,575
74654,35.9375,-94.5,-27.875,#007080,0,575
74662,35.9375,-73.0,-39.375,#006E93,0,575
74664,35.9375,-65.0,-23.625,#006B79,0,575
74700,35.9375,-21.125,-5.625,#185E5D,1,575
74721,35.9375,-9.75,-63.25,#0060BB,0,575
74793,35.9375,19.0,16.25,#78483B,1,575
74801,35.9375,21.625,-13.0,#6D486A,1,575
74876,35.9375,82.25,-41.25,#AD0098,0,575
74894,35.9375,115.875,-120.5,#7B00FF,0,575
74898,36.0,-106.5,25.875,#006F26,0,576
74899,36.0,-105.25,16.875,#006F37,0,576
74910,36.0,-87.0,31.625,#006C1B,0,576
74926,36.0,-60.625,38.75,#006808,0,576
74935,36.0,-43.125,27.0,#006426,0,576
75005,36.0,-6.25,-49.375,#005CA4,0,576
75092,36.0,27.25,30.375,#864125,1,576
75133,36.0,55.375,-8.5,#9D1F64,1,576
75135,36.0,56.375,3.0,#A21952,1,576
75176,36.0,87.5,61.125,#CC0000,0,576
75179,36.0,96.625,42.875,#D5001A,0,576
75184,36.0,102.125,-0.625,#D5005A,0,576
75185,36.0,103.75,-109.625,#7A00FF,0,576
75187,36.0,107.875,-90.75,#A300EC,0,576
75202,36.0625,-75.75,58.625,#006A00,0,577
75215,36.0625,-46.0,15.5,#00653A,0,577
75280,36.0625,0.625,12.625,#5D5441,1,577
75365,36.0625,44.0,-85.0,#0044E2,0,577
75384,36.0625,63.375,-116.0,#003BFF,0,577
75407,36.0625,99.75,28.125,#D80030,0,577
75410,36.0625,103.75,5.25,#D90052,0,577
75414,36.0625,113.5,-114.875,#8400FF,0,577
75416,36.0625,125.875,-52.875,#DD00AD,0,577
75420,36.125,-117.125,34.125,#007014,0,578
75474,36.125,-28.375,28.25,#316025,1,578
75478,36.125,-23.5,19.0,#365E35,1,578
75566,36.125,25.5,-51.875,#414BA9,1,578
75612,36.125,63.0,-4.625,#A8005E,0,578
75621,36.125,74.625,15.125,#BA0041,0,578
75648,36.125,113.875,-53.125,#CE00AD,0,578
75658,36.1875,-97.875,41.25,#006E00,0,579
75698,36.1875,-38.625,-58.5,#0069B4,0,579
75704,36.1875,-32.75,-38.625,#006593,0,579
75716,36.1875,-19.75,49.125,#4A5C00,0,579
75794,36.1875,13.75,-66.875,#0056C2,0,579
75861,36.1875,56.375,-73.0,#5F31CD,1,579
75863,36.1875,57.625,-105.375,#003DFF,0,579
75867,36.1875,60.125,-27.875,#991883,1,579
75887,36.1875,87.5,27.0,#CB0031,0,579
75906,36.25,-116.625,6.125,#007149,0,580
75910,36.25,-110.25,37.375,#00700A,0,580
75937,36.25,-49.0,23.125,#00662E,0,580
76113,36.25,79.0,-2.5,#BB005C,0,580
76124,36.25,99.0,-53.0,#BC00AD,0,580
76126,36.25,102.375,-34.625,#CB008F,0,580
76136,36.25,123.25,-45.5,#DE00A1,0,580
76264,36.3125,15.0,-60.125,#0054B7,0,581
76272,36.3125,19.75,62.375,#824700,0,581
76275,36.3125,21.75,-84.0,#0055E0,0,581
76309,36.3125,46.625,29.5,#9E2C29,1,581
76331,36.3125,85.125,-11.75,#C0006B,0,581
76335,36.3125,89.5,-109.875,#5300FF,0,581
76350,36.3125,117.25,-107.25,#9B00FF,0,581
76351,36.3125,117.625,-69.5,#C800C9,0,581
76353,36.3125,126.25,-68.5,#D400C8,0,581
76354,36.375,-122.25,1.875,#007250,0,582
76371,36.375,-85.875,-33.0,#007089,0,582
76382,36.375,-52.875,40.375,#006704,0,582
76388,36.375,-42.125,42.0,#0B6400,1,582
76399,36.375,-28.0,62.125,#3E5F00,0,582
76433,36.375,-6.25,43.125,#5E5703,1,582
76446,36.375,-2.875,-13.75,#42586B,1,582
76452,36.375,-1.0,19.25,#5F5537,1,582
76488,36.375,12.375,9.125,#6E4E48,1,582
76524,36.375,31.5,52.625,#8F3E00,0,582
76581,36.375,94.375,-116.875,#4700FF,0,582
76597,36.4375,-128.0,28.5,#007222,0,583
76612,36.4375,-68.0,-43.0,#006F9A,0,583
76627,36.4375,-35.0,51.875,#2D6200,0,583
76636,36.4375,-25.75,-35.0,#00638D,0,583
76643,36.4375,-23.75,32.5,#3E5F1D,1,583
76658,36.4375,-16.125,62.25,#535B00,0,583
76717,36.4375,11.75,-19.375,#595175,1,583
76792,36.4375,60.25,62.5,#B00100,0,583
76802,36.4375,66.0,-99.0,#1A2FFC,1,583
76807,36.4375,70.25,-63.625,#8908BF,1,583
76817,36.4375,89.375,-88.75,#8700EA,0,583
76835,36.5,-101.125,3.75,#00704E,0,584
76913,36.5,-8.25,62.5,#5E5800,0,584
76955,36.5,10.75,62.5,#774E00,0,584
77008,36.5,38.625,-60.5,#5143B9,1,584
77011,36.5,40.875,-25.25,#823A7F,1,584
77053,36.5,77.875,-47.875,#A400A5,0,584
77064,36.5,93.0,-103.75,#7000FF,0,584
77068,36.5,95.75,62.875,#D70000,0,584
77072,36.5,101.875,13.75,#DA0046,0,584
77076,36.5,107.875,-38.25,#D00096,0,584
77077,36.5,112.375,-126.625,#6100FF,0,584
77086,36.5625,-82.375,6.875,#006E49,0,585
77088,36.5625,-78.875,35.0,#006D14,0,585
77124,36.5625,-38.0,62.375,#296300,0,585
77154,36.5625,-13.125,1.875,#3F5C53,1,585
77200,36.5625,3.0,-30.875,#335787,1,585
77282,36.5625,48.375,-38.875,#823395,1,585
77286,36.5625,52.5,-85.375,#293CE4,1,585
77313,36.5625,82.0,3.5,#C10054,0,585
77320,36.5625,93.375,-33.5,#C1008E,0,585
77322,36.5625,102.25,-22.5,#D1007D,0,585
77328,36.5625,118.625,-126.25,#7500FF,0,585
77372,36.625,-38.0,-7.0,#006560,0,586
77385,36.625,-31.125,-8.875,#006364,0,586
77415,36.625,-11.75,-41.875,#005F99,0,586
77462,36.625,3.875,-4.875,#59545E,1,586
77511,36.625,33.0,-1.25,#853F59,1,586
77512,36.625,34.625,-68.75,#2849C7,1,586
77532,36.625,54.25,-91.375,#003CEF,0,586
77547,36.625,68.0,-36.0,#A00091,0,586
77559,36.625,75.625,-57.25,#9900B4,0,586
77565,36.625,81.375,62.5,#C80000,0,586
77566,36.625,82.25,-71.375,#9400CC,0,586
77579,36.625,116.75,-87.0,#B700E8,0,586
77629,36.6875,-35.5,-1.375,#006458,0,587
77666,36.6875,-12.75,7.875,#455C49,1,587
77736,36.6875,11.875,53.5,#784E00,0,587
77795,36.6875,54.375,-45.0,#852CA0,1,587
77807,36.6875,67.375,-78.625,#6E21D9,1,587
77835,36.6875,106.75,-103.125,#9000FF,0,587
77838,36.6875,110.125,-97.75,#9F00FB,0,587
77842,36.6875,114.625,-93.125,#AD00F3,0,587
77847,36.75,-128.0,-11.625,#007467,0,588
77857,36.75,-87.875,24.125,#006F2C,0,588
77868,36.75,-68.875,-14.75,#006D6D,0,588
77882,36.75,-55.875,-41.125,#006D98,0,588
77973,36.75,0.125,-0.25,#565657,1,588
78042,36.75,33.375,21.125,#8E3E36,1,588
78107,36.75,89.125,-99.125,#7300FD,0,588
78114,36.75,97.375,-64.0,#B200C1,0,588
78131,36.75,123.375,-77.375,#CB00D8,0,588
78152,36.8125,-72.375,-32.25,#006F89,0,589
78153,36.8125,-70.125,20.5,#006C33,0,589
78184,36.8125,-33.875,-62.25,#006ABC,0,589
78193,36.8125,-26.875,-66.25,#0068C3,0,589
78202,36.8125,-19.25,41.125,#4B5E08,1,589
78212,36.8125,-13.75,21.0,#4C5C34,1,589
78285,36.8125,16.875,-91.25,#005BEE,0,589
78322,36.8125,34.125,-26.625,#784282,1,589
78324,36.8125,34.75,-101.625,#0052FF,0,589
78350,36.8125,53.875,22.5,#A62036,1,589
78386,36.8125,105.875,-63.125,#BF00BF,0,589
78422,36.875,-45.625,-55.75,#006CB1,0,590
78557,36.875,34.75,-81.5,#004CDE,0,590
78573,36.875,47.25,63.0,#A32B00,0,590
78594,36.875,62.25,7.5,#AD034E,1,590
78596,36.875,67.375,-120.875,#003AFF,0,590
78607,36.875,84.125,51.625,#CB0008,0,590
78622,36.875,97.75,-39.0,#C50098,0,590
78645,36.9375,-80.125,-24.0,#00707C,0,591
78651,36.9375,-71.375,-3.0,#006E5A,0,591
78677,36.9375,-37.5,7.375,#00654A,0,591
78787,36.9375,22.875,-95.125,#0058F6,0,591
78791,36.9375,27.0,-2.5,#7E465C,1,591
78802,36.9375,34.5,-47.0,#6245A3,1,591
78845,36.9375,91.25,50.125,#D3000E,0,591
78874,37.0,-74.75,-8.0,#006F62,0,592
78889,37.0,-55.5,-50.5,#006EA8,0,592
78890,37.0,-55.375,62.25,#006900,0,592
78894,37.0,-52.875,-28.125,#006C83,0,592
78905,37.0,-30.375,-55.75,#0068B1,0,592
78924,37.0,-16.625,-23.0,#00607C,0,592
78972,37.0,4.0,22.5,#695433,1,592
79016,37.0,23.0,-23.75,#694B7D,1,592
79083,37.0,69.375,-111.125,#0031FF,0,592
79087,37.0,74.875,52.375,#C20003,0,592
79091,37.0,77.75,28.125,#C30030,0,592
79111,37.0,92.875,7.0,#D00050,0,592
79118,37.0,99.75,48.0,#DC0014,0,592
79124,37.0,110.375,-13.375,#DE0070,0,592
79136,37.0625,-100.375,-26.5,#007481,0,593
79146,37.0625,-83.625,59.25,#006E00,0,593
79153,37.0625,-62.625,-34.625,#006E8E,0,593
79161,37.0625,-46.5,9.125,#006847,0,593
79231,37.0625,-3.5,-59.375,#005FB8,0,593
79242,37.0625,1.625,-18.625,#475875,1,593
79313,37.0625,46.0,-76.125,#3B41D5,1,593
79322,37.0625,52.625,-57.75,#7434B6,1,593
79326,37.0625,54.0,63.5,#AB1E00,0,593
79340,37.0625,73.75,63.75,#C10000,0,593
79342,37.0625,75.875,-126.125,#0030FF,0,593
79388,37.125,-59.5,15.25,#006B3D,0,594
79496,37.125,6.875,42.375,#72520A,1,594
79535,37.125,24.75,-39.75,#5A4C98,1,594
79597,37.125,59.125,51.875,#B10E00,0,594
79619,37.125,73.5,3.25,#B90055,0,594
79624,37.125,76.625,40.125,#C3001D,0,594
79626,37.125,76.75,-9.25,#B90069,0,594
79634,37.125,82.75,-59.375,#A300BA,0,594
79643,37.125,91.625,-75.875,#9F00D6,0,594
79648,37.125,96.0,1.0,#D2005A,0,594
79662,37.1875,-122.5,31.625,#00741D,0,595
79790,37.1875,12.75,44.375,#7A4E05,1,595
79834,37.1875,41.75,53.0,#9D3400,0,595
79845,37.1875,50.25,-100.75,#0045FF,0,595
79860,37.1875,62.625,46.375,#B4000E,0,595
79881,37.1875,108.25,-118.0,#7400FF,0,595
79882,37.1875,112.5,-59.0,#CC00BA,0,595
79887,37.25,-126.375,48.25,#007400,0,596
79898,37.25,-90.75,-22.625,#00737B,0,596
79899,37.25,-89.75,0.25,#007155,0,596
79924,37.25,-59.625,-20.875,#006D78,0,596
79990,37.25,-7.875,16.625,#555B3D,1,596
80034,37.25,4.25,63.75,#715300,0,596
80039,37.25,5.5,-85.125,#0060E5,0,596
80125,37.25,55.625,-17.125,#9D2474,1,596
80180,37.3125,-75.25,44.375,#006E00,0,597
80232,37.3125,-19.25,-36.375,#006392,0,597
80257,37.3125,-5.125,51.25,#635900,0,597
80327,37.3125,19.0,32.125,#804B24,1,597
80356,37.3125,40.5,-49.75,#6A41A9,1,597
80381,37.3125,64.0,-18.625,#A70977,1,597
80398,37.3125,84.875,-51.625,#AD00AD,0,597
80399,37.3125,85.875,-119.625,#000CFF,0,597
80408,37.3125,96.375,-123.0,#3200FF,0,597
80430,37.375,-76.25,52.5,#006E00,0,598
80506,37.375,-10.0,34.375,#595B1D,1,598
80612,37.375,35.5,35.375,#953C20,1,598
80655,37.375,70.375,-47.25,#9D00A6,0,598
80722,37.4375,-67.5,3.375,#006E51,0,599
80731,37.4375,-56.25,51.5,#006A00,0,599
80748,37.4375,-33.375,-14.75,#00666F,0,599
80840,37.4375,8.125,-2.625,#63545C,1,599
80888,37.4375,33.875,-11.875,#83426C,1,599
80913,37.4375,51.875,-68.875,#6139CA,1,599
80917,37.4375,56.75,11.25,#A91D49,1,599
80942,37.4375,89.25,-24.25,#C30081,0,599
80944,37.4375,91.75,-67.5,#A900C8,0,599
80961,37.5,-116.75,22.125,#007431,0,600
80964,37.5,-100.875,29.75,#007222,0,600
80967,37.5,-93.0,32.125,#00711D,0,600
81011,37.5,-24.875,-51.25,#0067AB,0,600
81027,37.5,-14.5,-73.75,#0067D2,0,600
81042,37.5,-5.25,-34.125,#005E8F,0,600
81066,37.5,6.875,-10.375,#5C5569,1,600
81098,37.5,24.125,-73.375,#0054D1,0,600
81130,37.5,46.75,-15.75,#923473,1,600
81134,37.5,50.375,-0.875,#9E2C5B,1,600
81164,37.5,88.0,36.625,#D10025,0,600
81166,37.5,89.875,21.375,#D1003C,0,600
81170,37.5,97.875,-109.875,#7000FF,0,600
81173,37.5,103.25,19.625,#DF0040,0,600
81209,37.5625,-57.0,28.625,#006B26,0,601
81304,37.5625,5.75,-53.75,#005BB0,0,601
81320,37.5625,13.25,-80.875,#005CDE,0,601
81332,37.5625,20.875,-59.5,#0E53BA,1,601
81364,37.5625,41.125,42.75,#9D3612,1,601
81369,37.5625,45.625,11.25,#9C3248,1,601
81379,37.5625,54.5,-24.625,#982981,1,601
81425,37.625,-111.25,16.875,#00743A,0,602
81457,37.625,-44.75,-40.875,#006C9A,0,602
81458,37.625,-43.25,34.375,#00681B,0,602
81500,37.625,-4.75,-79.875,#0064DD,0,602
81533,37.625,5.625,35.25,#70541D,1,602
81581,37.625,30.125,-58.5,#424DB9,1,602
81601,37.625,42.125,-39.125,#7B3E99,1,602
81653,37.625,101.5,38.625,#E00024,0,602
81662,37.6875,-116.625,-6.75,#007662,0,603
81675,37.6875,-81.0,21.25,#007033,0,603
81691,37.6875,-57.75,-6.375,#006D62,0,603
81709,37.6875,-39.125,-29.75,#006A88,0,603
81738,37.6875,-21.75,2.875,#2D6253,1,603
81742,37.6875,-17.5,-49.375,#0065A9,0,603
81783,37.6875,0.5,6.125,#5E584F,1,603
81795,37.6875,5.5,-75.5,#005FD5,0,603
81823,37.6875,17.625,25.625,#7E4D30,1,603
81866,37.6875,43.25,0.875,#963759,1,603
81887,37.6875,58.125,-98.375,#003DFE,0,603
81902,37.6875,73.375,-72.0,#8708D0,1,603
81937,37.6875,109.125,-5.25,#E20065,0,603
81945,37.6875,125.875,-114.625,#A300FF,0,603
81967,37.75,-61.0,-27.75,#006F85,0,604
81976,37.75,-54.625,9.75,#006C48,0,604
82017,37.75,-23.75,-57.25,#0068B6,0,604
82134,37.75,38.25,63.25,#9C3A00,0,604
82171,37.75,66.875,64.75,#BC0000,0,604
82208,37.8125,-94.25,58.5,#007200,0,605
82219,37.8125,-71.25,62.25,#006E00,0,605
82314,37.8125,4.375,-41.625,#145B9C,1,605
82403,37.8125,37.375,-5.75,#8C3E63,1,605
82445,37.8125,75.375,-29.75,#B1008B,0,605
82465,37.8125,117.5,-26.5,#E50087,0,605
82492,37.875,-71.5,31.375,#006F20,0,606
82637,37.875,29.25,65.0,#924300,0,606
82650,37.875,41.25,-107.0,#0051FF,0,606
82684,37.875,72.5,-102.25,#3828FF,0,606
82687,37.875,74.125,-93.5,#5F1EF6,1,606
82783,37.9375,-25.125,39.75,#426310,1,607
82823,37.9375,-5.0,1.0,#515C58,1,607
82898,37.9375,27.125,24.625,#8A4633,1,607
82900,37.9375,27.625,-87.125,#0055EB,0,607
82901,37.9375,28.25,-27.375,#714A86,1,607
82909,37.9375,33.5,6.5,#8D4150,1,607
82932,37.9375,50.125,-112.25,#004BFF,0,607
82980,37.9375,102.125,-87.625,#A400ED,0,607
82984,37.9375,107.125,-69.5,#BF00CD,0,607
83024,38.0,-43.25,-18.625,#006B77,0,608
83026,38.0,-38.25,22.375,#076733,1,608
83034,38.0,-30.25,12.625,#206544,1,608
83064,38.0,-13.0,-11.5,#2F606C,1,608
83162,38.0,39.0,-96.75,#0050FC,0,608
83178,38.0,56.625,-2.75,#A62260,1,608
83214,38.0625,-111.75,31.25,#007520,0,609
83223,38.0625,-89.25,-8.375,#007465,0,609
83235,38.0625,-66.625,39.875,#006E0A,0,609
83307,38.0625,-12.375,42.5,#595E09,1,609
83333,38.0625,1.875,53.5,#6F5700,0,609
83371,38.0625,27.125,-34.0,#684C91,1,609
83373,38.0625,27.75,36.75,#8E451E,1,609
83374,38.0625,27.875,-9.375,#7E4869,1,609
83384,38.0625,33.5,-52.875,#594AB0,1,609
83444,38.0625,82.875,-109.5,#430FFF,0,609
83448,38.0625,88.5,44.875,#D40019,0,609
83454,38.0625,97.125,-99.25,#8800FF,0,609
83463,38.0625,118.75,-58.375,#D700BB,0,609
83473,38.125,-103.875,56.625,#007400,0,610
83527,38.125,-26.25,-44.0,#0068A1,0,610
83549,38.125,-14.25,52.0,#585F00,0,610
83562,38.125,-6.5,-69.5,#0065CC,0,610
83581,38.125,2.625,-24.75,#435A82,1,610
83588,38.125,4.875,2.125,#635756,1,610
83708,38.125,79.0,-36.625,#B20097,0,610
83710,38.125,81.875,-80.0,#8C00E0,0,610
83728,38.125,125.375,-60.625,#DE00BF,0,610
83770,38.1875,-37.75,-45.125,#006CA3,0,611
83880,38.1875,17.5,-71.5,#0059D0,0,611
83912,38.1875,39.375,-31.375,#7F418D,1,611
83914,38.1875,40.25,29.875,#9C392C,1,611
83921,38.1875,43.75,23.125,#9F3537,1,611
83944,38.1875,67.5,-9.75,#B1006C,0,611
83969,38.1875,92.5,-11.25,#CE006F,0,611
84028,38.25,-34.625,-23.5,#006A7F,0,612
84037,38.25,-24.375,8.625,#2E644B,1,612
84049,38.25,-15.875,-3.625,#35615F,1,612
84145,38.25,21.0,-6.75,#764E65,1,612
84156,38.25,26.25,55.0,#8E4700,0,612
84230,38.25,99.875,-93.625,#9800F8,0,612
84233,38.25,103.625,-48.625,#CB00AB,0,612
84236,38.25,110.0,-109.625,#8F00FF,0,612
84244,38.25,126.5,-83.125,#CF00E6,0,612
84249,38.3125,-106.625,42.125,#007500,0,613
84286,38.3125,-44.75,54.125,#106A00,0,613
84328,38.3125,-12.0,-53.25,#0065B1,0,613
84341,38.3125,-5.0,23.75,#5F5C33,1,613
84343,38.3125,-3.75,11.75,#5C5B47,1,613
84399,38.3125,15.5,-52.375,#2057B0,1,613
84407,38.3125,20.5,9.75,#7E4D4B,1,613
84445,38.3125,46.0,-47.25,#7A3DA8,1,613
84462,38.3125,63.5,-57.25,#8B24B9,1,613
84463,38.3125,63.75,34.5,#B80027,0,613
84477,38.3125,79.375,-14.625,#BE0074,0,613
84479,38.3125,83.0,-24.875,#BE0084,0,613
84483,38.3125,90.125,-60.5,#B000BF,0,613
84498,38.3125,120.625,-33.375,#E80093,0,613
84503,38.375,-117.25,40.625,#007604,0,614
84509,38.375,-109.0,-1.0,#00775A,0,614
84513,38.375,-91.75,-32.875,#00778E,0,614
84517,38.375,-86.25,39.375,#00730B,0,614
84518,38.375,-85.25,-26.875,#007585,0,614
84539,38.375,-65.625,14.75,#007040,0,614
84552,38.375,-54.0,-12.125,#006E6D,0,614
84558,38.375,-47.625,44.0,#006B00,0,614
84590,38.375,-22.25,27.0,#43632D,1,614
84642,38.375,-1.875,65.625,#6C5900,0,614
84644,38.375,-1.125,-38.625,#005E99,0,614
84687,38.375,18.375,-19.5,#69517A,1,614
84771,38.375,72.25,-16.75,#B50077,0,614
84783,38.375,84.5,-4.5,#C80065,0,614
84790,38.375,91.125,-17.625,#CB0079,0,614
84800,38.375,99.75,-6.875,#D90069,0,614
84805,38.375,106.875,10.25,#E50050,0,614
84809,38.375,114.125,-44.75,#DA00A6,0,614
84810,38.375,114.625,-18.5,#E6007C,0,614
84827,38.4375,-87.875,51.625,#007300,0,615
84852,38.4375,-45.125,65.25,#176A00,0,615
84866,38.4375,-35.0,45.0,#306700,0,615
84868,38.4375,-34.25,33.625,#2B671F,1,615
84878,38.4375,-25.5,-13.5,#006670,0,615
84945,38.4375,4.25,-64.625,#0060C5,0,615
84995,38.4375,27.0,-99.75,#005AFF,0,615
85036,38.4375,57.625,-116.375,#0047FF,0,615
85057,38.4375,88.0,-42.625,#BB00A2,0,615
85062,38.4375,98.375,-76.625,#AC00DB,0,615
85073,38.5,-114.5,54.5,#007600,0,616
85079,38.5,-95.625,7.25,#00754D,0,616
85085,38.5,-83.25,-4.625,#007460,0,616
85095,38.5,-45.75,1.75,#006C57,0,616
85124,38.5,-20.25,55.0,#506200,0,616
85191,38.5,9.25,22.375,#745437,1,616
85302,38.5,96.0,-83.5,#A100E7,0,616
85371,38.5625,-28.375,54.875,#426500,0,617
85524,38.5625,46.75,40.125,#A6311B,1,617
85537,38.5625,57.625,-33.875,#992993,1,617
85582,38.5625,105.125,-57.125,#C800BA,0,617
85640,38.625,-32.875,65.875,#3B6700,0,618
85830,38.625,95.125,-25.125,#CE0086,0,618
85834,38.625,101.25,60.375,#E40000,0,618
85835,38.625,103.125,-128.0,#4000FF,0,618
85863,38.6875,-63.25,7.75,#00704D,0,619
85865,38.6875,-60.625,64.75,#006E00,0,619
85906,38.6875,-20.375,66.25,#526200,0,619
85916,38.6875,-14.125,-66.625,#0069C9,0,619
86067,38.6875,59.125,-52.75,#8A2CB2,1,619
86075,38.6875,65.625,-92.625,#4B32F7,1,619
86105,38.6875,102.875,53.0,#E60010,0,619
86121,38.75,-100.0,-19.875,#00787A,0,620
86167,38.75,-27.125,23.0,#376634,1,620
86255,38.75,10.0,-39.0,#3B599B,1,620
86268,38.75,15.0,66.5,#835000,0,620
86320,38.75,48.25,-24.5,#933684,1,620
86345,38.75,69.875,43.625,#C10019,0,620
86360,38.75,94.0,-44.375,#C200A5,0,620
86364,38.75,95.5,12.375,#DA004D,0,620
86412,38.8125,-67.625,-37.5,#007497,0,621
86500,38.8125,-1.0,35.25,#6A5A1F,1,621
86569,38.8125,31.125,-39.375,#6B4B9C,1,621
86620,38.8125,68.875,22.375,#BE003C,0,621
86647,38.8125,107.25,-30.0,#DB008F,0,621
86653,38.8125,125.875,-128.0,#8C00FF,0,621
86656,38.875,-111.25,6.625,#00784F,0,622
86658,38.875,-107.75,-11.25,#00796C,0,622
86664,38.875,-92.75,-15.625,#007773,0,622
86669,38.875,-83.625,-38.0,#007798,0,622
86677,38.875,-75.0,13.0,#007344,0,622
86678,38.875,-74.625,-21.0,#00747C,0,622
86688,38.875,-65.625,-48.125,#0075A9,0,622
86801,38.875,8.375,28.5,#76562D,1,622
86806,38.875,11.125,-25.625,#565885,1,622
86819,38.875,18.0,-38.0,#52559A,1,622
86856,38.875,51.375,46.5,#AD2A0E,1,622
86862,38.875,56.875,43.125,#B31E17,1,622
86893,38.875,90.625,67.0,#DA0000,0,622
86900,38.875,101.125,67.0,#E50000,0,622
86905,38.875,109.25,-83.0,#B700E7,0,622
86907,38.875,109.5,2.0,#E8005D,0,622
86922,38.9375,-87.5,14.875,#007541,0,623
86937,38.9375,-64.75,-3.875,#007261,0,623
86956,38.9375,-44.25,-35.0,#006F94,0,623
87009,38.9375,-6.625,57.125,#665D00,0,623
87017,38.9375,-1.75,-5.75,#545D65,1,623
87087,38.9375,31.625,14.125,#904546,1,623
87122,38.9375,58.625,-40.875,#962A9F,1,623
87141,38.9375,90.75,-128.0,#0009FF,0,623
87172,39.0,-78.375,-41.125,#00779E,0,624
87185,39.0,-50.5,-43.0,#0072A1,0,624
87280,39.0,-0.875,41.875,#6C5B10,1,624
87333,39.0,21.0,-65.375,#0058C8,0,624
87352,39.0,31.125,46.0,#96440A,1,624
87389,39.0,53.625,34.25,#AF2727,1,624
87396,39.0,60.75,-88.875,#4939F1,1,624
87402,39.0,71.25,56.75,#C40000,0,624
87409,39.0,79.75,55.25,#CE0002,0,624
87411,39.0,87.625,3.25,#D0005A,0,624
87422,39.0,104.875,33.75,#E8002F,0,624
87439,39.0625,-107.375,-26.0,#007A85,0,625
87477,39.0625,-40.25,15.5,#006B41,0,625
87486,39.0625,-29.0,46.375,#406700,0,625
87499,39.0625,-18.125,16.75,#476340,1,625
87599,39.0625,19.125,56.875,#884E00,0,625
87652,39.0625,52.125,55.375,#AF2900,0,625
87665,39.0625,62.25,-108.75,#003FFF,0,625
87668,39.0625,63.125,56.5,#BC0300,0,625
87673,39.0625,66.0,3.25,#B70059,0,625
87688,39.0625,82.75,13.875,#CD004A,0,625
87691,39.0625,84.875,31.625,#D2002F,0,625
87695,39.0625,93.125,-92.875,#8F00F9,0,625
87705,39.0625,105.5,25.5,#E8003B,0,625
87708,39.125,-128.0,17.625,#007A3C,0,626
87783,39.125,-19.25,-29.25,#00678B,0,626
87795,39.125,-13.375,67.0,#5E6000,0,626
87822,39.125,0.625,-71.875,#0064D3,0,626
87848,39.125,10.125,-90.875,#0063F5,0,626
87886,39.125,31.5,-21.125,#7E497F,1,626
87957,39.125,103.0,-14.75,#DC0077,0,626
87963,39.125,114.125,-78.875,#C400E1,0,626
87964,39.125,121.875,-101.25,#B600FF,0,626
87974,39.1875,-101.375,45.125,#007700,0,627
87994,39.1875,-52.75,-55.375,#0074B7,0,627
88097,39.1875,4.75,16.125,#6D5942,1,627
88106,39.1875,8.625,-69.75,#0060D0,0,627
88117,39.1875,14.125,-9.5,#6C556C,1,627
88135,39.1875,27.25,-80.375,#0057E2,0,627
88182,39.1875,63.25,-74.375,#752FD9,1,627
88190,39.1875,70.25,-126.125,#003EFF,0,627
88221,39.1875,119.875,-116.25,#9A00FF,0,627
88269,39.25,-40.125,-53.375,#0071B4,0,628
88410,39.25,39.75,-12.875,#904072,1,628
88458,39.25,82.0,22.5,#CE003D,0,628
88480,39.3125,-117.125,-21.0,#007B7D,0,629
88488,39.3125,-98.75,-1.625,#00785D,0,629
88496,39.3125,-80.5,-31.25,#00778E,0,629
88501,39.3125,-73.375,-44.5,#0077A4,0,629
88566,39.3125,-25.625,-3.25,#116861,1,629
88591,39.3125,-13.375,-33.75,#006693,0,629
88639,39.3125,-3.125,-25.125,#356085,1,629
88694,39.3125,21.75,-0.125,#7E4F5D,1,629
88729,39.3125,43.125,67.0,#A63800,0,629
88731,39.3125,44.125,-57.0,#6C44BB,1,629
88756,39.3125,67.125,-86.75,#642EEF,1,629
88758,39.3125,67.25,11.5,#BB004D,0,629
88760,39.3125,68.625,30.875,#C0002F,0,629
88767,39.3125,77.5,46.5,#CC0016,0,629
88768,39.3125,79.5,67.625,#CF0000,0,629
88831,39.375,-65.375,53.375,#007100,0,630
88906,39.375,-6.75,-11.125,#44616E,1,630
88921,39.375,-0.25,-85.25,#0068EB,0,630
88965,39.375,18.875,46.25,#884F07,1,630
88967,39.375,19.875,-45.0,#4B56A7,1,630
88976,39.375,22.0,67.625,#8E4D00,0,630
89000,39.375,32.875,-95.375,#0057FD,0,630
89005,39.375,34.5,-74.625,#0451D9,1,630
89028,39.375,50.125,-7.375,#A0336A,1,630
89035,39.375,55.5,-81.0,#533EE4,1,630
89037,39.375,55.875,-63.5,#7937C6,1,630
89060,39.375,79.75,35.125,#CD002A,0,630
89064,39.375,89.25,55.375,#D90007,0,630
89067,39.375,94.625,30.5,#DD0033,0,630
89077,39.375,122.375,-72.0,#D600D6,0,630
89089,39.4375,-76.75,64.375,#007400,0,631
89099,39.4375,-61.75,-15.375,#007375,0,631
89165,39.4375,-1.375,-53.625,#0063B5,0,631
89238,39.4375,32.625,30.375,#96452D,1,631
89252,39.4375,46.5,-33.625,#8B3C94,1,631
89253,39.4375,47.25,-92.375,#004BF9,0,631
89267,39.4375,58.5,18.125,#B31F43,1,631
89317,39.4375,126.375,-41.375,#EF00A3,0,631
89318,39.4375,126.5,-94.625,#C700FE,0,631
89320,39.5,-128.0,10.875,#007B49,0,632
89323,39.5,-122.125,-5.125,#007B63,0,632
89335,39.5,-85.25,-20.375,#00787D,0,632
89360,39.5,-49.25,-22.625,#007181,0,632
89376,39.5,-33.875,26.375,#296A30,1,632
89415,39.5,-12.125,28.375,#59622D,1,632
89484,39.5,10.25,15.75,#765644,1,632
89498,39.5,13.0,33.75,#7F5425,1,632
89500,39.5,13.875,-0.125,#73555E,1,632
89518,39.5,21.75,37.875,#8B4E1E,1,632
89523,39.5,23.75,18.875,#894D40,1,632
89552,39.5,39.25,17.5,#9C3F43,1,632
89607,39.5,79.875,-120.625,#002AFF,0,632
89610,39.5,82.0,-89.625,#8000F4,0,632
89623,39.5,98.375,-31.5,#D10093,0,632
89630,39.5,112.625,-103.5,#A300FF,0,632
89633,39.5,119.375,-48.75,#E200AF,0,632
89645,39.5625,-94.75,21.625,#007737,0,633
89647,39.5625,-78.75,1.5,#007659,0,633
89660,39.5625,-56.375,44.375,#007000,0,633
89663,39.5625,-53.875,19.0,#00703C,0,633
89675,39.5625,-44.125,-7.25,#006E68,0,633
89679,39.5625,-42.625,-61.5,#0073C2,0,633
89697,39.5625,-21.125,-73.75,#006ED8,0,633
89698,39.5625,-19.625,-17.25,#006779,0,633
89802,39.5625,25.125,-18.25,#784F7B,1,633
89853,39.5625,61.875,68.0,#BC0E00,0,633
89863,39.5625,71.875,-116.125,#0036FF,0,633
89904,39.5625,124.125,-108.875,#B000FF,0,633
89915,39.625,-100.75,13.125,#007945,0,634
89936,39.625,-51.125,67.0,#006E00,0,634
89938,39.625,-49.625,35.75,#006E1C,0,634
89987,39.625,-7.375,67.875,#685F00,0,634
90063,39.625,26.625,-68.0,#0056CE,0,634
90092,39.625,44.625,-101.375,#0050FF,0,634
90115,39.625,64.375,-46.125,#9B22AA,1,634
90146,39.625,115.875,-64.0,#D400C9,0,634
90147,39.625,121.25,-89.75,#C500F6,0,634
90269,39.6875,6.25,48.125,#795800,0,635
90272,39.6875,7.375,56.125,#7B5700,0,635
90276,39.6875,8.625,68.125,#7E5700,0,635
90308,39.6875,19.875,-77.875,#005CDF,0,635
90324,39.6875,27.75,4.625,#894B57,1,635
90336,39.6875,36.375,54.625,#9F4100,0,635
90376,39.6875,75.75,-42.25,#AF00A4,0,635
90392,39.6875,93.875,-55.25,#BE00BA,0,635
90401,39.6875,108.0,-23.625,#E10087,0,635
90414,39.75,-122.375,20.875,#007B38,0,636
90454,39.75,-38.375,-36.125,#007098,0,636
90479,39.75,-24.875,-22.0,#006A81,0,636
90505,39.75,-12.125,-25.875,#006587,0,636
90506,39.75,-10.875,-79.75,#006CE3,0,636
90537,39.75,0.5,-13.125,#525E73,1,636
90559,39.75,6.0,-47.875,#005FAC,0,636
90575,39.75,12.375,-47.25,#2E5CAB,1,636
90624,39.75,40.0,-79.625,#0C4EE3,1,636
90638,39.75,51.375,14.75,#AA2F48,1,636
90666,39.75,84.125,-31.0,#C10092,0,636
90711,39.8125,-66.5,28.625,#00732B,0,637
90836,39.8125,11.25,-75.625,#0061DC,0,637
90896,39.8125,39.375,-65.75,#504BCB,1,637
90921,39.8125,58.5,26.625,#B61F36,1,637
90939,39.8125,114.625,-9.875,#EE0072,0,637
90966,39.875,-75.25,21.875,#007537,0,638
90998,39.875,-41.0,-2.125,#006E60,0,638
91005,39.875,-32.875,-67.5,#0072CD,0,638
91050,39.875,-6.5,-19.5,#38637D,1,638
91080,39.875,5.125,-16.75,#585C79,1,638
91107,39.875,15.25,20.5,#7F543D,1,638
91150,39.875,34.625,68.5,#9E4300,0,638
91156,39.875,38.875,47.875,#A23F09,1,638
91172,39.875,51.75,68.375,#B22C00,0,638
91182,39.875,61.875,-13.125,#AE1E75,1,638
91200,39.875,86.375,-103.75,#6B00FF,0,638
91215,39.875,100.375,-115.5,#7000FF,0,638
91259,39.9375,-63.25,-41.75,#0077A2,0,639
91269,39.9375,-52.625,-35.125,#007497,0,639
91328,39.9375,-8.875,-58.125,#0068BE,0,639
91352,39.9375,-3.0,5.875,#5D5F54,1,639
91399,39.9375,15.625,-31.875,#5A5892,1,639
91447,39.9375,44.25,58.375,#A93800,0,639
91491,39.9375,76.0,-63.375,#9D00C8,0,639
91497,39.9375,82.75,41.875,#D30021,0,639
91506,39.9375,98.125,-70.5,#B700D5,0,639
91511,39.9375,114.625,-38.5,#E300A0,0,639
91516,40.0,-116.625,12.25,#007C48,0,640
91519,40.0,-99.25,-12.875,#007B72,0,640
91539,40.0,-67.375,-31.0,#007790,0,640
91547,40.0,-60.75,58.875,#007200,0,640
91554,40.0,-54.125,3.625,#007257,0,640
91580,40.0,-35.75,57.0,#366B00,0,640
91692,40.0,26.125,-45.625,#5B53A9,1,640
91709,40.0,35.5,-107.0,#005AFF,0,640
91791,40.0625,-120.5,55.0,#007B00,0,641
91793,40.0625,-101.875,51.125,#007900,0,641
91800,40.0625,-87.0,63.875,#007700,0,641
91918,40.0625,7.875,-31.0,#4A5D91,1,641
91946,40.0625,21.625,-29.0,#69548E,1,641
91947,40.0625,22.625,28.0,#8B4F32,1,641
91966,40.0625,37.625,-86.875,#0053F1,0,641
92020,40.0625,98.125,6.875,#E00058,0,641
92092,40.125,-23.0,45.0,#4D6704,1,642
92189,40.125,32.75,-33.125,#784C95,1,642
92215,40.125,51.5,-106.25,#004DFF,0,642
92223,40.125,60.875,-122.0,#0049FF,0,642
92234,40.125,72.125,-81.0,#7E22E7,1,642
92254,40.125,105.125,-78.25,#BA00E3,0,642
92308,40.1875,-38.375,-12.25,#006F72,0,643
92316,40.1875,-31.875,2.125,#006C5A,0,643
92326,40.1875,-21.125,-63.25,#006EC7,0,643
92460,40.1875,38.625,8.875,#9A4252,1,643
92510,40.1875,78.25,-74.5,#9400DC,0,643
92512,40.1875,79.375,-97.0,#6C18FF,0,643
92518,40.1875,82.25,-45.875,#B600AB,0,643
92547,40.1875,109.75,15.75,#EF004C,0,643
92555,40.25,-128.0,-16.625,#007F78,0,644
92581,40.25,-61.75,21.375,#007339,0,644
92649,40.25,-17.625,35.875,#546520,1,644
92677,40.25,-6.625,-43.0,#0066A5,0,644
92772,40.25,33.625,-62.625,#4951C7,1,644
92775,40.25,36.5,-41.625,#754AA4,1,644
92779,40.25,38.0,-21.0,#8B4682,1,644
92785,40.25,42.875,-4.75,#9B3E68,1,644
92795,40.25,49.625,-63.0,#7041C8,1,644
92821,40.25,71.875,69.25,#CA0000,0,644
92838,40.25,95.0,58.125,#E30004,0,644
92843,40.25,97.75,19.75,#E20045,0,644
92844,40.25,98.0,-17.875,#D9007F,0,644
92846,40.25,104.625,-41.625,#D600A5,0,644
92847,40.25,104.75,-122.25,#6900FF,0,644
92850,40.25,106.125,42.625,#EE0024,0,644
92923,40.3125,-20.5,-10.75,#196970,1,645
92926,40.3125,-18.625,8.375,#426751,1,645
93009,40.3125,16.875,-96.625,#0064FF,0,645
93058,40.3125,49.125,20.5,#AB3440,1,645
93083,40.3125,64.375,-30.125,#A91E91,1,645
93100,40.3125,84.25,-65.75,#A800CD,0,645
93149,40.375,-65.75,67.375,#007400,0,646
93151,40.375,-64.75,47.25,#007400,0,646
93154,40.375,-60.0,34.25,#007321,0,646
93164,40.375,-47.375,28.25,#00702E,0,646
93183,40.375,-33.75,-31.75,#006F92,0,646
93192,40.375,-28.0,34.25,#406A23,1,646
93193,40.375,-27.25,-29.5,#006D8F,0,646
93235,40.375,-6.875,-4.125,#4F6366,1,646
93362,40.375,50.25,-51.0,#823EB4,1,646
93386,40.375,67.125,-3.25,#BA0467,1,646
93399,40.375,79.5,-53.875,#AD00B9,0,646
93412,40.375,94.125,37.375,#E1002A,0,646
93433,40.4375,-79.875,-9.625,#00796D,0,647
93439,40.4375,-70.625,-25.75,#007888,0,647
93444,40.4375,-60.5,-53.125,#0079B6,0,647
93453,40.4375,-49.0,-3.625,#007264,0,647
93456,40.4375,-48.25,-14.5,#007276,0,647
93463,40.4375,-43.625,20.375,#006F3C,0,647
93577,40.4375,17.25,-86.375,#0061F1,0,647
93645,40.4375,44.125,-112.625,#0056FF,0,647
93659,40.4375,51.75,7.5,#AB3155,1,647
93673,40.4375,74.125,9.625,#C60053,0,647
93684,40.4375,86.625,9.5,#D40054,0,647
93686,40.4375,87.375,-78.875,#9E00E4,0,647
93690,40.4375,94.25,46.25,#E2001C,0,647
93703,40.5,-128.0,35.25,#007D1C,0,648
93709,40.5,-98.0,-32.75,#007D94,0,648
93710,40.5,-95.0,53.125,#007A00,0,648
93711,40.5,-93.25,40.25,#00790F,0,648
93718,40.5,-84.0,-14.5,#007A76,0,648
93723,40.5,-79.75,28.5,#00782C,0,648
93726,40.5,-69.875,-7.625,#00776A,0,648
93744,40.5,-39.5,68.875,#326D00,0,648
93781,40.5,-12.75,59.0,#626400,0,648
93816,40.5,-0.25,28.5,#6E5E30,1,648
93937,40.5,67.25,-105.625,#003AFF,0,648
93943,40.5,72.5,36.625,#C90029,0,648
93972,40.5625,-128.0,0.125,#007F5D,0,649
93980,40.5625,-101.375,22.375,#007B37,0,649
94062,40.5625,-8.125,11.375,#59634D,1,649
94117,40.5625,10.125,-57.625,#0060BF,0,649
94179,40.5625,46.0,-81.0,#354BE8,1,649
94195,40.5625,62.25,-24.25,#AB2389,1,649
94203,40.5625,69.5,-23.875,#B40388,1,649
94254,40.625,-122.25,7.375,#007E51,0,650
94271,40.625,-79.375,48.25,#007700,0,650
94274,40.625,-77.625,7.5,#007852,0,650
94294,40.625,-50.5,13.625,#007248,0,650
94310,40.625,-33.75,-51.125,#0072B4,0,650
94321,40.625,-28.25,-71.375,#0073D6,0,650
94416,40.625,13.375,58.25,#865600,0,650
94495,40.625,68.875,-69.0,#8C25D4,1,650
94508,40.625,77.875,-20.25,#C10083,0,650
94512,40.625,85.125,-36.875,#C1009E,0,650
94513,40.625,87.625,-114.125,#4E0AFF,0,650
94537,40.625,114.125,-1.75,#F20067,0,650
94578,40.6875,-50.75,57.25,#007100,0,651
94603,40.6875,-33.125,19.375,#276D3F,1,651
94605,40.6875,-32.0,-43.875,#0071A7,0,651
94611,40.6875,-26.0,69.625,#4E6900,0,651
94670,40.6875,0.625,59.0,#755E00,0,651
94749,40.6875,43.5,-71.0,#514BD7,1,651
94752,40.6875,45.125,-10.5,#9C3D72,1,651
94754,40.6875,45.625,48.75,#AC380B,1,651
94766,40.6875,52.0,-117.625,#0052FF,0,651
94808,40.6875,103.375,-99.25,#9D00FF,0,651
94823,40.75,-128.0,42.125,#007E06,0,652
94825,40.75,-122.625,39.375,#007E11,0,652
94826,40.75,-116.875,29.625,#007D2A,0,652
94831,40.75,-97.5,62.75,#007B00,0,652
94837,40.75,-86.75,5.75,#007A55,0,652
94873,40.75,-44.0,-26.875,#00738B,0,652
94876,40.75,-37.5,38.875,#2C6E18,1,652
94923,40.75,-8.875,46.875,#666302,1,652
95043,40.75,53.375,-12.375,#A63276,1,652
95058,40.75,72.375,-34.75,#B2009A,0,652
95068,40.75,78.5,-84.375,#8710EF,1,652
95076,40.75,90.875,-119.75,#4000FF,0,652
95081,40.75,100.125,-104.875,#8C00FF,0,652
95092,40.75,121.5,-22.75,#F50089,0,652
95178,40.8125,-17.0,46.125,#5A6604,1,653
95189,40.8125,-11.75,-46.25,#006AAC,0,653
95265,40.8125,21.25,-52.0,#4259B6,1,653
95285,40.8125,38.25,-56.0,#654DBD,1,653
95300,40.8125,50.875,-74.125,#5E44DD,1,653
95325,40.8125,77.125,-107.375,#422AFF,0,653
95346,40.8125,119.25,-15.5,#F5007D,0,653
95399,40.875,-40.125,51.125,#2B6F00,0,654
95587,40.875,68.375,50.25,#C7000F,0,654
95591,40.875,70.375,-58.75,#9C1CC3,1,654
95594,40.875,72.375,-52.25,#A50EB8,1,654
95598,40.875,80.375,8.0,#CE0057,0,654
95621,40.875,105.125,-8.625,#E70072,0,654
95628,40.875,118.875,-96.125,#BD00FF,0,654
95642,40.9375,-89.5,-37.875,#007E9E,0,655
95666,40.9375,-55.375,-17.375,#00767C,0,655
95670,40.9375,-49.25,-50.625,#0077B3,0,655
95854,40.9375,43.625,35.375,#A93C29,1,655
95874,40.9375,52.75,-38.125,#9539A0,1,655
95884,40.9375,63.0,-64.5,#8930CD,1,655
95894,40.9375,73.5,-88.0,#7626F6,1,655
95912,40.9375,90.125,-30.625,#CC0095,0,655
95925,40.9375,102.625,-66.625,#C400D1,0,655
95931,40.9375,109.5,-48.25,#DB00B2,0,655
96001,41.0,-39.0,30.25,#1F6F2C,1,656
96138,41.0,34.375,40.875,#9F461D,1,656
96202,41.0,106.75,57.625,#F2000D,0,656
96242,41.0625,-67.125,-20.75,#007982,0,657
96272,41.0625,-33.125,8.0,#0E6E53,1,657
96340,41.0625,2.75,-8.125,#5F606E,1,657
96402,41.0625,24.0,61.625,#954F00,0,657
96404,41.0625,24.625,44.875,#944F12,1,657
96415,41.0625,31.75,58.875,#9E4900,0,657
96449,41.0625,57.0,60.0,#BB2500,0,657
96453,41.0625,59.0,-70.125,#7939D7,1,657
96462,41.0625,67.875,-40.5,#A91BA5,1,657
96481,41.0625,83.5,-125.25,#002AFF,0,657
96483,41.0625,85.25,69.125,#DB0000,0,657
96487,41.0625,90.375,15.375,#DC004D,0,657
96497,41.0625,99.25,-57.875,#C700C2,0,657
96509,41.0625,120.375,-122.375,#9500FF,0,657
96518,41.125,-107.0,61.0,#007D00,0,658
96541,41.125,-58.625,-46.0,#0079AC,0,658
96611,41.125,-8.125,4.75,#566559,1,658
96623,41.125,-1.625,-65.25,#0069CD,0,658
96633,41.125,0.5,70.5,#785F00,0,658
96656,41.125,8.875,7.0,#745C56,1,658
96759,41.125,74.375,20.625,#CB0044,0,658
96770,41.125,87.875,-85.0,#9800F1,0,658
96796,41.1875,-105.25,-5.5,#007E68,0,659
96816,41.1875,-58.625,-37.75,#00799E,0,659
96868,41.1875,-17.25,-78.375,#0072E4,0,659
96872,41.1875,-15.125,-60.0,#006EC4,0,659
96891,41.1875,-6.125,37.375,#696320,1,659
96915,41.1875,1.125,-78.125,#006AE4,0,659
96920,41.1875,2.25,-59.0,#0066C3,0,659
96947,41.1875,13.375,-63.25,#0061CA,0,659
96955,41.1875,16.375,5.625,#7E5759,1,659
96971,41.1875,25.875,-55.875,#4758BE,1,659
96974,41.1875,28.125,70.375,#9B4C00,0,659
96983,41.1875,31.875,-5.125,#8E4C6A,1,659
96993,41.1875,37.0,0.375,#984762,1,659
97055,41.1875,81.625,-9.375,#CC0073,0,659
97060,41.1875,86.0,-94.5,#8500FF,0,659
97072,41.1875,106.0,71.0,#F30000,0,659
97075,41.1875,114.875,-72.25,#D100DC,0,659
97084,41.25,-116.75,-11.625,#008072,0,660
97085,41.25,-111.5,-22.125,#008084,0,660
97088,41.25,-106.75,36.875,#007D1B,0,660
97111,41.25,-71.125,7.75,#007953,0,660
97166,41.25,-18.375,-44.375,#006DAA,0,660
97178,41.25,-12.125,16.0,#576647,1,660
97229,41.25,3.5,9.25,#6D5F52,1,660
97234,41.25,5.0,-36.25,#3A629D,1,660
97258,41.25,13.125,-15.875,#6B5B7B,1,660
97333,41.25,61.625,40.25,#C01A23,1,660
97372,41.25,112.0,-121.0,#8500FF,0,660
97376,41.25,115.875,-111.75,#A100FF,0,660
97379,41.25,126.0,-32.0,#F80099,0,660
97380,41.25,126.375,-49.875,#F000B6,0,660
97384,41.3125,-122.625,45.875,#007F00,0,661
97458,41.3125,-25.25,59.5,#506B00,0,661
97461,41.3125,-24.375,16.0,#3E6B46,1,661
97500,41.3125,-4.75,-74.625,#006CDE,0,661
97556,41.3125,15.75,51.125,#8A5600,0,661
97574,41.3125,21.875,-91.125,#0062FC,0,661
97637,41.3125,63.25,-80.25,#7037E9,1,661
97648,41.3125,73.625,-6.25,#C3006E,0,661
97664,41.3125,92.0,-38.0,#CC00A2,0,661
97671,41.3125,106.375,64.875,#F30000,0,661
97675,41.3125,110.5,-93.25,#B500FF,0,661
97687,41.375,-116.875,-1.0,#008061,0,662
97694,41.375,-94.625,13.875,#007D48,0,662
97698,41.375,-78.75,58.375,#007900,0,662
97713,41.375,-60.0,0.875,#00775F,0,662
97748,41.375,-30.5,40.0,#406D18,1,662
97880,41.375,29.375,-105.625,#0061FF,0,662
97916,41.375,51.0,-19.5,#A13983,1,662
97950,41.375,85.25,-17.75,#CD0081,0,662
97952,41.375,86.125,-71.5,#A800DA,0,662
97956,41.375,90.25,-5.5,#D8006E,0,662
97971,41.375,108.75,-128.0,#6600FF,0,662
97979,41.4375,-110.25,46.0,#007E00,0,663
97986,41.4375,-92.25,-3.25,#007D65,0,663
98024,41.4375,-41.625,59.0,#2B7100,0,663
98059,41.4375,-17.25,71.0,#5F6800,0,663
98107,41.4375,0.25,-47.25,#0066B0,0,663
98114,41.4375,3.25,-90.375,#006CFA,0,663
98233,41.4375,96.75,-128.0,#2C00FF,0,663
98236,41.4375,99.875,-45.125,#D200AE,0,663
98241,41.4375,105.25,-111.875,#8B00FF,0,663
98247,41.4375,120.625,-80.375,#D300EB,0,663
98250,41.5,-126.5,55.5,#008000,0,664
98251,41.5,-116.125,49.25,#007F00,0,664
98254,41.5,-110.375,22.625,#007F39,0,664
98260,41.5,-85.875,20.25,#007C3E,0,664
98267,41.5,-77.0,38.375,#007A19,0,664
98273,41.5,-71.875,51.5,#007800,0,664
98274,41.5,-70.875,43.375,#007808,0,664
98304,41.5,-42.0,7.625,#007254,0,664
98306,41.5,-41.375,45.125,#267105,1,664
98311,41.5,-38.125,-18.75,#007280,0,664
98317,41.5,-33.625,-5.75,#00706A,0,664
98409,41.5,10.125,39.25,#815A1E,1,664
98480,41.5,50.0,29.25,#B13535,1,664
98536,41.5,127.0,-76.125,#E000E4,0,664
98546,41.5625,-93.875,46.25,#007C00,0,665
98553,41.5625,-87.125,56.75,#007B00,0,665
98568,41.5625,-56.5,70.0,#007500,0,665
98694,41.5625,17.0,14.125,#84574C,1,665
98700,41.5625,19.5,-12.25,#795776,1,665
98749,41.5625,46.75,4.0,#A73C5D,1,665
98758,41.5625,52.625,-29.75,#9D3994,1,665
98792,41.5625,85.25,59.625,#DD0000,0,665
98799,41.5625,91.125,-107.25,#7500FF,0,665
98836,41.625,-108.0,52.125,#007E00,0,666
98843,41.625,-88.125,28.75,#007C2E,0,666
98909,41.625,-13.625,-19.375,#236A81,1,666
99000,41.625,20.875,-101.125,#0066FF,0,666
99035,41.625,43.375,-27.875,#914491,1,666
99060,41.625,62.75,-99.875,#2341FF,0,666
99067,41.625,74.25,-121.875,#003BFF,0,666
99071,41.625,79.75,-114.375,#262CFF,0,666
99079,41.625,94.25,24.75,#E40040,0,666
99087,41.625,107.375,49.75,#F5001C,0,666
99093,41.625,113.5,7.0,#F6005D,0,666
99117,41.6875,-66.25,60.875,#007800,0,667
99119,41.6875,-63.625,-10.125,#007972,0,667
99136,41.6875,-50.375,51.25,#007400,0,667
99144,41.6875,-44.75,-46.375,#0077AE,0,667
99161,41.6875,-30.0,-17.75,#00707F,0,667
99222,41.6875,-1.625,47.75,#736104,1,667
99225,41.6875,-0.5,-32.625,#316598,1,667
99271,41.6875,25.5,11.125,#8E5151,1,667
99316,41.6875,58.125,-8.125,#B12C71,1,667
99318,41.6875,59.625,3.25,#B7275F,1,667
99358,41.6875,106.375,-35.625,#E0009F,0,667
99361,41.6875,110.625,30.875,#F70039,0,667
99362,41.6875,110.875,-54.875,#DB00BF,0,667
99382,41.75,-73.375,-14.625,#007C79,0,668
99386,41.75,-71.0,36.375,#00791F,0,668
99397,41.75,-49.75,-60.875,#007BC7,0,668
99411,41.75,-32.625,71.25,#456E00,0,668
99474,41.75,-3.75,17.625,#676345,1,668
99555,41.75,33.75,-16.125,#8C4D7E,1,668
99589,41.75,56.75,-109.5,#004CFF,0,668
99605,41.75,78.0,0.0,#CC0066,0,668
99619,41.75,93.125,71.75,#E70000,0,668
99627,41.75,108.875,-65.125,#D100D1,0,668
99632,41.75,116.0,-30.875,#EE0098,0,668
99677,41.8125,-52.375,24.875,#007537,0,669
99719,41.8125,-21.25,21.75,#4B6B3E,1,669
99721,41.8125,-20.625,-52.5,#0071B9,0,669
99739,41.8125,-10.625,-0.5,#4E6863,1,669
99751,41.8125,-5.625,-49.375,#006AB4,0,669
99772,41.8125,0.0,11.75,#6A624F,1,669
99868,41.8125,52.25,39.5,#B63224,1,669
99869,41.8125,53.125,-97.125,#004CFF,0,669
99909,41.8125,89.0,-51.625,#C000BA,0,669
99917,41.8125,98.375,41.75,#EB0027,0,669
99920,41.8125,101.5,-1.25,#E70069,0,669
99931,41.875,-122.25,-17.25,#00837D,0,670
99939,41.875,-105.25,16.875,#008044,0,670
99942,41.875,-97.125,33.375,#007E25,0,670
99976,41.875,-45.0,39.125,#0E731A,1,670
99980,41.875,-39.75,-66.625,#0079D2,0,670
99990,41.875,-28.625,-36.75,#00729F,0,670
100090,41.875,13.625,27.875,#845935,1,670
100103,41.875,16.375,71.875,#8E5700,0,670
100126,41.875,27.75,-93.5,#0060FF,0,670
100145,41.875,43.375,-87.5,#0052F7,0,670
100161,41.875,56.875,-102.75,#004AFF,0,670
100174,41.875,64.0,19.375,#C11847,1,670
100211,41.9375,-128.0,25.875,#008233,0,671
100220,41.9375,-106.125,6.0,#008057,0,671
100280,41.9375,-36.375,-59.75,#0077C6,0,671
100287,41.9375,-29.25,-63.125,#0075CC,0,671
100325,41.9375,-7.5,-85.0,#0071F2,0,671
100355,41.9375,4.375,-2.625,#686167,1,671
100414,41.9375,33.5,24.375,#9D4A3D,1,671
100436,41.9375,46.0,71.75,#B23B00,0,671
100454,41.9375,57.125,71.75,#BF2800,0,671
100479,41.9375,78.625,61.875,#D70000,0,671
100499,41.9375,122.25,-65.25,#E300D2,0,671
100519,42.0,-83.75,11.25,#007D4E,0,672
100527,42.0,-72.125,1.0,#007B60,0,672
100528,42.0,-71.375,69.5,#007900,0,672
100536,42.0,-58.75,11.75,#00784E,0,672
100537,42.0,-58.375,-31.125,#007A95,0,672
100541,42.0,-55.375,-25.25,#00798C,0,672
100586,42.0,-24.75,50.625,#516C00,0,672
100600,42.0,-14.0,4.625,#4C695B,1,672
100649,42.0,10.125,-84.0,#0069F1,0,672
100718,42.0,44.5,-19.125,#9A4383,1,672
100737,42.0,55.5,50.875,#BC2C0C,1,672
100749,42.0,66.0,72.0,#C90600,0,672
100753,42.0,66.375,-113.625,#0043FF,0,672
100758,42.0,69.625,-96.75,#5736FF,0,672
100783,42.0,115.5,-128.0,#7D00FF,0,672
100804,42.0625,-87.375,44.5,#007D03,0,673
100834,42.0625,-46.25,71.375,#227300,0,673
100855,42.0625,-26.875,28.5,#446E32,1,673
100888,42.0625,-10.875,22.875,#5F673D,1,673
100918,42.0625,-1.125,-0.875,#616465,1,673
101004,42.0625,28.875,-73.5,#005BDF,0,673
101020,42.0625,38.875,-101.375,#005AFF,0,673
101079,42.0625,87.0,49.375,#E00019,0,673
101083,42.0625,91.625,-101.0,#8600FF,0,673
101086,42.0625,93.875,-63.5,#BE00CF,0,673
101116,42.125,-86.375,-32.125,#008097,0,674
101167,42.125,-22.375,-39.0,#0071A3,0,674
101172,42.125,-20.25,-2.125,#346D66,1,674
101258,42.125,16.0,-57.875,#1061C4,1,674
101273,42.125,21.75,51.375,#945400,0,674
101381,42.125,122.125,-55.5,#EA00C2,0,674
101382,42.125,126.875,-122.375,#A600FF,0,674
101388,42.1875,-116.75,17.875,#008243,0,675
101390,42.1875,-106.125,28.5,#00802F,0,675
101490,42.1875,-7.5,-31.125,#146A96,1,675
101495,42.1875,-6.375,30.875,#6A652F,1,675
101517,42.1875,0.875,22.25,#71623F,1,675
101535,42.1875,10.125,-5.875,#705E6D,1,675
101589,42.1875,32.0,-84.25,#005BF2,0,675
101606,42.1875,41.75,-45.125,#804BAF,1,675
101612,42.1875,48.75,-42.5,#8E42AB,1,675
101635,42.1875,75.625,30.5,#D10037,0,675
101657,42.1875,94.125,52.125,#E80015,0,675
101671,42.1875,119.375,-105.875,#B500FF,0,675
101680,42.25,-116.625,6.0,#008257,0,676
101699,42.25,-74.375,-34.0,#007F9B,0,676
101715,42.25,-53.0,31.25,#00762C,0,676
101776,42.25,-10.625,72.375,#6B6700,0,676
101891,42.25,38.25,-35.875,#844D9F,1,676
101894,42.25,38.75,72.5,#AB4400,0,676
101927,42.25,58.875,-47.5,#9936B3,1,676
101929,42.25,59.125,-19.25,#AE2E85,1,676
101935,42.25,63.25,30.0,#C31A37,1,676
101937,42.25,65.0,-51.5,#9F2BBA,1,676
101960,42.25,88.0,27.125,#DF003D,0,676
101972,42.25,104.25,6.375,#EE005E,0,676
102008,42.3125,-84.375,-42.875,#0081AA,0,677
102010,42.3125,-82.625,34.25,#007D24,0,677
102012,42.3125,-79.375,69.0,#007C00,0,677
102030,42.3125,-59.875,40.125,#007817,0,677
102205,42.3125,29.375,19.5,#984F45,1,677
102240,42.3125,52.875,-90.0,#304BFD,1,677
102311,42.375,-116.875,60.375,#008200,0,678
102320,42.375,-79.625,16.75,#007D46,0,678
102393,42.375,-9.25,52.75,#6B6700,0,678
102399,42.375,-7.375,-63.875,#006ECF,0,678
102466,42.375,24.0,-85.0,#0062F4,0,678
102487,42.375,38.125,-112.125,#005FFF,0,678
102503,42.375,53.875,1.5,#B13464,1,678
102511,42.375,62.625,-37.625,#A82CA3,1,678
102514,42.375,64.25,-126.625,#004CFF,0,678
102530,42.375,78.875,-32.25,#C1009B,0,678
102547,42.375,95.125,-114.0,#6F00FF,0,678
102548,42.375,95.125,-49.5,#CC00B8,0,678
102559,42.375,115.625,-88.0,#C700FB,0,678
102579,42.4375,-97.625,-26.625,#00828F,0,679
102583,42.4375,-91.625,67.0,#007E00,0,679
102586,42.4375,-79.25,-46.0,#0081AF,0,679
102607,42.4375,-30.375,-24.25,#00738B,0,679
102665,42.4375,-3.125,-14.875,#4F677C,1,679
102678,42.4375,0.75,-20.625,#506586,1,679
102743,42.4375,23.25,-36.0,#6A59A0,1,679
102749,42.4375,24.875,-4.75,#88556D,1,679
102798,42.4375,50.5,60.125,#B83600,0,679
102807,42.4375,58.5,-57.875,#8E3AC5,1,679
102817,42.4375,67.25,-17.375,#BA1982,1,679
102818,42.4375,68.625,61.125,#CD0000,0,679
102820,42.4375,71.5,1.0,#C70065,0,679
102844,42.4375,102.125,-25.25,#E20090,0,679
102863,42.5,-107.875,-16.125,#00837D,0,680
102880,42.5,-68.625,-52.0,#0080BA,0,680
102920,42.5,-38.25,3.0,#00745E,0,680
102927,42.5,-34.375,50.5,#3E7100,0,680
102948,42.5,-19.625,61.25,#5D6B00,0,680
102955,42.5,-13.125,-38.875,#006EA4,0,680
103028,42.5,9.5,-20.875,#626187,1,680
103049,42.5,15.125,-23.375,#6A5E8B,1,680
103133,42.5,77.25,15.5,#D2004F,0,680
103165,42.5625,-107.625,-30.875,#008496,0,681
103351,42.5625,33.875,-26.375,#865090,1,681
103417,42.5625,71.0,-74.625,#8E2AE3,1,681
103424,42.5625,79.75,73.0,#DB0000,0,681
103451,42.5625,120.5,-38.25,#F300A7,0,681
103483,42.625,-71.625,27.0,#007C34,0,682
103484,42.625,-69.875,20.875,#007C3F,0,682
103541,42.625,-23.75,-47.25,#0073B3,0,682
103556,42.625,-11.125,-71.125,#0072DC,0,682
103634,42.625,24.875,-23.75,#7B578C,1,682
103652,42.625,39.125,-92.125,#0059FF,0,682
103685,42.625,78.375,-128.0,#003AFF,0,682
103698,42.625,99.125,34.5,#EE0034,0,682
103702,42.625,102.375,-83.25,#B800F3,0,682
103703,42.625,103.375,14.375,#F00053,0,682
103707,42.625,109.5,-99.25,#AF00FF,0,682
103713,42.625,113.625,21.625,#FD0049,0,682
103718,42.6875,-117.5,-26.0,#00858E,0,683
103732,42.6875,-81.625,42.375,#007E0F,0,683
103758,42.6875,-45.75,-55.625,#007BC1,0,683
103780,42.6875,-26.0,3.125,#2C705F,1,683
103794,42.6875,-18.375,29.5,#566C32,1,683
103907,42.6875,30.25,-50.125,#6357B8,1,683
103930,42.6875,45.625,14.625,#AC3F4F,1,683
103942,42.6875,59.25,13.125,#BC2952,1,683
103947,42.6875,63.375,8.375,#C0205A,1,683
103961,42.6875,75.375,-12.25,#C7007B,0,683
103982,42.6875,105.25,-90.0,#B500FF,0,683
103985,42.6875,108.0,-16.625,#ED0083,0,683
103990,42.6875,120.375,-6.875,#FF0075,0,683
103993,42.75,-128.0,5.75,#008559,0,684
103997,42.75,-117.25,36.5,#00831F,0,684
104027,42.75,-50.625,-28.875,#007A94,0,684
104031,42.75,-48.25,7.75,#007757,0,684
104056,42.75,-28.875,-55.5,#0076C1,0,684
104133,42.75,10.125,73.25,#895D00,0,684
104136,42.75,10.625,-96.75,#006DFF,0,684
104217,42.75,54.875,-122.5,#0055FF,0,684
104226,42.75,61.5,-2.625,#BA276B,1,684
104251,42.75,88.375,41.125,#E30029,0,684
104255,42.75,92.5,5.875,#E20060,0,684
104260,42.75,96.0,-4.25,#E30070,0,684
104266,42.75,106.375,-105.875,#9E00FF,0,684
104268,42.75,110.25,37.375,#FB0032,0,684
104280,42.8125,-122.25,1.25,#008561,0,685
104311,42.8125,-74.125,-49.5,#0082B6,0,685
104324,42.8125,-56.375,55.875,#007800,0,685
104328,42.8125,-52.5,-8.375,#007972,0,685
104345,42.8125,-29.875,-11.625,#007377,0,685
104424,42.8125,4.375,38.125,#7D6123,1,685
104491,42.8125,27.375,32.875,#9A5130,1,685
104511,42.8125,36.875,33.625,#A6492F,1,685
104550,42.8125,59.75,-94.625,#3D46FF,0,685
104555,42.8125,62.375,62.25,#C71D00,0,685
104560,42.8125,66.75,-120.25,#0048FF,0,685
104567,42.8125,73.75,52.125,#D40011,0,685
104590,42.8125,97.375,-10.5,#E3007A,0,685
104591,42.8125,97.75,-120.875,#6200FF,0,685
104592,42.8125,97.75,-36.875,#D800A4,0,685
104595,42.8125,100.875,24.5,#EF0044,0,685
104601,42.8125,127.0,-89.5,#D800FF,0,685
104603,42.875,-122.5,32.0,#008429,0,686
104606,42.875,-112.0,40.375,#008315,0,686
104625,42.875,-76.25,-25.625,#00808E,0,686
104632,42.875,-61.5,-22.75,#007D8A,0,686
104657,42.875,-38.0,-25.75,#00778F,0,686
104780,42.875,12.625,45.25,#8A5C14,1,686
104791,42.875,16.5,38.375,#8D5A24,1,686
104799,42.875,22.75,73.5,#995400,0,686
104809,42.875,30.0,53.0,#A14F00,0,686
104825,42.875,43.5,-52.125,#7C4CBD,1,686
104833,42.875,49.0,-57.5,#7E47C6,1,686
104888,42.9375,-128.0,49.25,#008400,0,687
104897,42.9375,-95.5,-37.75,#0084A3,0,687
104901,42.9375,-91.25,-21.375,#008287,0,687
104911,42.9375,-84.625,0.375,#008063,0,687
105022,42.9375,-4.75,73.625,#766600,0,687
105055,42.9375,4.125,64.875,#816100,0,687
105187,42.9375,69.375,16.75,#CA014E,1,687
105202,42.9375,86.125,-60.375,#B800CC,0,687
105209,42.9375,98.625,-88.375,#AC00FD,0,687
105254,43.0,-60.25,27.5,#007A35,0,688
105269,43.0,-40.25,-42.5,#0079AB,0,688
105310,43.0,-19.5,-24.125,#00708D,0,688
105420,43.0,39.625,25.75,#A8473D,1,688
105425,43.0,44.125,-61.875,#6E4ECE,1,688
105451,43.0,71.5,-45.625,#B01AB3,1,688
105468,43.0,92.5,-81.0,#AC00F0,0,688
105479,43.0,101.0,74.0,#F40000,0,688
105490,43.0,113.875,-23.5,#F30090,0,688
105513,43.0625,-102.25,65.625,#008200,0,689
105521,43.0625,-86.0,69.0,#007F00,0,689
105527,43.0625,-79.375,-19.5,#008184,0,689
105545,43.0625,-58.25,-58.25,#0080C6,0,689
105552,43.0625,-55.375,-50.75,#007EB9,0,689
105579,43.0625,-30.875,61.75,#4A7100,0,689
105781,43.0625,93.0,-74.875,#B400E5,0,689
105839,43.125,-54.125,-1.75,#007A67,0,690
105872,43.125,-24.75,-77.25,#0079E8,0,690
105921,43.125,-6.75,62.25,#726700,0,690
105962,43.125,13.125,-70.75,#0067DD,0,690
105989,43.125,20.375,33.125,#92582F,1,690
106022,43.125,39.25,60.0,#AD4600,0,690
106038,43.125,48.0,-2.0,#AB3F6B,1,690
106056,43.125,65.75,45.0,#CB131F,1,690
106146,43.1875,-53.5,39.25,#00791D,0,691
106154,43.1875,-45.0,14.875,#00774C,0,691
106163,43.1875,-37.0,12.5,#097550,1,691
106205,43.1875,-14.875,40.375,#626B1D,1,691
106274,43.1875,8.625,0.25,#756166,1,691
106336,43.1875,36.875,-48.625,#7552B7,1,691
106371,43.1875,56.875,31.375,#BF2E36,1,691
106378,43.1875,62.125,51.75,#C7200F,1,691
106397,43.1875,87.125,-12.125,#D7007D,0,691
106398,43.1875,87.25,-24.875,#D20091,0,691
106507,43.25,-13.875,-6.875,#426D71,1,692
106547,43.25,1.75,-41.375,#1F69AB,1,692
106588,43.25,18.125,-3.25,#815B6C,1,692
106615,43.25,31.25,9.375,#9A5058,1,692
106647,43.25,46.5,-117.375,#005CFF,0,692
106684,43.25,85.625,18.875,#DE004C,0,692
106700,43.25,107.625,-73.25,#CD00E3,0,692
106709,43.25,114.875,-59.25,#E200CB,0,692
106716,43.25,121.375,-128.0,#9200FF,0,692
106719,43.25,126.75,-104.25,#C700FF,0,692
106748,43.3125,-84.375,51.0,#008000,0,693
106760,43.3125,-65.625,10.75,#007D53,0,693
106806,43.3125,-22.75,74.0,#5B6F00,0,693
106899,43.3125,15.75,-42.875,#5061AE,1,693
106918,43.3125,22.5,4.875,#8C585F,1,693
106941,43.3125,32.25,-68.625,#3B5ADA,1,693
106956,43.3125,41.5,52.625,#B04405,1,693
106983,43.3125,55.125,22.875,#BC3244,1,693
107007,43.3125,75.125,-24.875,#C30091,0,693
107011,43.3125,80.625,27.0,#DA003F,0,693
107014,43.3125,84.625,-119.25,#2F29FF,0,693
107023,43.3125,101.0,56.375,#F40012,0,693
107026,43.3125,105.75,20.125,#F6004C,0,693
107042,43.375,-102.125,40.75,#008316,0,694
107050,43.375,-85.75,-9.0,#008274,0,694
107113,43.375,-22.875,35.125,#526F29,1,694
107129,43.375,-14.5,-83.25,#0077F3,0,694
107179,43.375,1.25,3.25,#6B6661,1,694
107258,43.375,36.0,-10.625,#974E79,1,694
107265,43.375,41.375,41.875,#AF4522,1,694
107334,43.375,100.0,50.125,#F3001D,0,694
107343,43.375,116.25,-52.375,#E900C0,0,694
107364,43.4375,-68.375,-43.875,#0081AF,0,695
107397,43.4375,-34.5,-72.125,#007CE0,0,695
107467,43.4375,5.0,-73.125,#006DE2,0,695
107470,43.4375,6.0,25.25,#7D623D,1,695
107476,43.4375,7.875,-13.125,#69637C,1,695
107479,43.4375,8.0,33.25,#82612F,1,695
107522,43.4375,26.0,-61.875,#3C5ECF,1,695
107532,43.4375,32.0,74.375,#A64E00,0,695
107565,43.4375,57.75,-86.0,#5A47F9,1,695
107579,43.4375,75.75,-101.875,#5F31FF,0,695
107587,43.4375,93.5,63.5,#ED0000,0,695
107616,43.5,-95.5,-8.0,#008472,0,696
107617,43.5,-94.5,3.625,#00835F,0,696
107636,43.5,-72.0,63.0,#007E00,0,696
107640,43.5,-65.625,72.625,#007C00,0,696
107660,43.5,-39.125,74.125,#3C7500,0,696
107704,43.5,-15.0,-13.25,#346F7C,1,696
107838,43.5,44.75,-106.875,#005BFF,0,696
107878,43.5,73.125,-111.125,#1D3CFF,0,696
107883,43.5,77.125,-69.625,#A217DD,1,696
107907,43.5,115.25,15.125,#FF0055,0,696
107909,43.5,119.0,4.25,#FF0066,0,696
107925,43.5625,-94.5,58.375,#008200,0,697
107965,43.5625,-47.0,62.0,#207800,0,697
107999,43.5625,-23.875,-58.875,#0077C9,0,697
108107,43.5625,12.75,-35.5,#5763A2,1,697
108138,43.5625,26.75,39.625,#9D5325,1,697
108205,43.5625,73.75,74.625,#D70000,0,697
108219,43.5625,92.5,-88.5,#A300FF,0,697
108223,43.5625,101.125,-74.5,#C300E6,0,697
108229,43.625,-128.0,-21.625,#008989,0,698
108233,43.625,-122.25,-11.25,#008878,0,698
108255,43.625,-58.25,49.125,#007B00,0,698
108277,43.625,-38.25,22.125,#1F7641,1,698
108410,43.625,19.5,23.375,#905A41,1,698
108462,43.625,49.0,-68.125,#6F4CDA,1,698
108474,43.625,57.625,-27.0,#AC3795,1,698
108510,43.625,88.75,33.625,#E50036,0,698
108518,43.625,101.875,-52.875,#D600C1,0,698
108525,43.625,110.0,-79.375,#CB00EF,0,698
108532,43.625,116.875,-43.25,#F000B2,0,698
108536,43.625,122.875,-44.5,#F600B4,0,698
108541,43.6875,-99.75,7.25,#008459,0,699
108668,43.6875,3.0,54.125,#806400,0,699
108683,43.6875,10.125,-51.375,#1D67BD,1,699
108712,43.6875,22.625,-73.0,#0063E3,0,699
108728,43.6875,27.125,-30.125,#7B5999,1,699
108729,43.6875,27.25,-14.0,#89577F,1,699
108737,43.6875,31.25,1.625,#985266,1,699
108739,43.6875,32.75,-100.875,#0063FF,0,699
108789,43.6875,74.25,42.75,#D60026,0,699
108821,43.6875,126.875,-69.5,#EC00DE,0,699
108828,43.75,-111.25,-10.75,#008777,0,700
108831,43.75,-103.625,56.5,#008400,0,700
108835,43.75,-96.75,27.0,#008336,0,700
108850,43.75,-66.5,3.0,#007F61,0,700
108881,43.75,-37.875,-48.0,#007BB7,0,700
108925,43.75,-8.75,-15.375,#436D80,1,700
108958,43.75,3.375,-53.625,#006BC1,0,700
109072,43.75,79.75,-40.125,#C200AC,0,700
109079,43.75,86.625,75.0,#E60000,0,700
109096,43.75,97.25,-98.25,#9D00FF,0,700
109106,43.75,112.75,45.125,#FF0028,0,700
109115,43.75,126.25,-115.0,#B800FF,0,700
109119,43.8125,-122.75,61.0,#008600,0,701
109133,43.8125,-103.75,-25.0,#00878F,0,701
109151,43.8125,-74.875,-8.125,#008173,0,701
109181,43.8125,-45.75,-39.75,#007DA9,0,701
109183,43.8125,-44.375,-20.0,#007A88,0,701
109193,43.8125,-37.125,62.625,#3F7500,0,701
109213,43.8125,-21.375,-32.875,#00749E,0,701
109214,43.8125,-21.25,-68.125,#0078DA,0,701
109220,43.8125,-18.375,52.875,#616E00,0,701
109269,43.8125,4.5,75.125,#856300,0,701
109301,43.8125,18.375,64.375,#965A00,0,701
109373,43.8125,65.75,-8.0,#C12177,1,701
109390,43.8125,82.125,-105.875,#6826FF,0,701
109393,43.8125,83.5,-2.125,#D8006E,0,701
109407,43.8125,107.875,-117.375,#8D00FF,0,701
109409,43.8125,109.0,-5.0,#F60074,0,701
109434,43.875,-91.25,8.875,#008357,0,702
109525,43.875,-7.25,-25.0,#346D91,1,702
109646,43.875,38.5,-75.5,#3B58E8,1,702
109690,43.875,78.25,-91.5,#8226FF,0,702
109701,43.875,92.875,-14.625,#E00083,0,702
109718,43.875,110.375,-31.375,#EE009E,0,702
109727,43.875,126.0,-20.0,#FF008D,0,702
109729,43.9375,-128.0,-4.875,#00896E,0,703
109734,43.9375,-111.75,31.25,#00862E,0,703
109798,43.9375,-27.75,9.75,#347457,1,703
109820,43.9375,-13.125,33.5,#646D2E,1,703
109849,43.9375,-3.375,-90.5,#0075FF,0,703
109937,43.9375,33.25,-90.375,#0060FF,0,703
109955,43.9375,45.625,-96.0,#0058FF,0,703
110019,44.0,-85.375,-26.25,#008592,0,704
110033,44.0,-58.125,-11.875,#007E7A,0,704
110049,44.0,-48.75,20.125,#007A45,0,704
110050,44.0,-46.75,-66.0,#0080D6,0,704
110065,44.0,-34.0,34.625,#3B752A,1,704
110079,44.0,-24.375,-15.0,#007480,0,704
110102,44.0,-11.125,-52.5,#0072BF,0,704
110120,44.0,-4.25,-8.25,#586B75,1,704
110122,44.0,-3.75,-37.375,#116DA6,1,704
110178,44.0,10.0,62.25,#8B6000,0,704
110221,44.0,32.625,-57.125,#5F59C8,1,704
110226,44.0,34.375,48.75,#A94D12,1,704
110300,44.0,84.375,4.25,#DC0065,0,704
110306,44.0,90.5,-44.25,#CE00B3,0,704
110324,44.0,110.625,-40.375,#EA00AE,0,704
110326,44.0,111.125,75.625,#FF0000,0,704
110327,44.0,111.25,54.625,#FF0019,0,704
110334,44.0,114.125,-14.875,#F90084,0,704
110352,44.0625,-101.5,-36.25,#0088A3,0,705
110355,44.0625,-97.0,-19.875,#008687,0,705
110429,44.0625,-15.625,-29.75,#007299,0,705
110453,44.0625,-3.0,-58.0,#0070C9,0,705
110473,44.0625,4.5,-84.375,#0070F8,0,705
110512,44.0625,19.5,-18.75,#7A5E87,1,705
110527,44.0625,25.75,24.125,#9A5641,1,705
110539,44.0625,31.875,-111.25,#0067FF,0,705
110592,44.0625,71.0,-29.375,#BD189A,1,705
110596,44.0625,80.875,50.25,#E0001A,0,705
110617,44.0625,112.125,65.0,#FF0005,0,705
110632,44.125,-114.0,54.5,#008600,0,706
110634,44.125,-111.375,15.75,#00874B,0,706
110665,44.125,-64.125,-34.25,#0082A0,0,706
110704,44.125,-23.875,-6.625,#227373,1,706
110765,44.125,3.5,44.625,#816518,1,706
110778,44.125,8.0,-40.75,#4068AC,1,706
110784,44.125,11.125,-28.75,#5F6598,1,706
110851,44.125,43.5,21.0,#AF4548,1,706
110880,44.125,66.875,37.75,#CE152E,1,706
110897,44.125,78.0,-48.0,#BA00BA,0,706
110924,44.125,104.125,-60.625,#D500D0,0,706
110930,44.125,124.0,-12.625,#FF0082,0,706
110981,44.1875,-47.875,44.375,#0E7A11,1,707
110985,44.1875,-45.625,55.375,#257900,0,707
111004,44.1875,-29.375,-2.25,#0E756B,1,707
111103,44.1875,11.25,20.375,#856147,1,707
111113,44.1875,15.625,-79.375,#006AEF,0,707
111166,44.1875,48.0,54.75,#BA3E02,1,707
111168,44.1875,49.375,34.75,#BA3D31,1,707
111174,44.1875,55.5,-76.375,#6F48EA,1,707
111181,44.1875,64.625,-58.5,#9C35CC,1,707
111189,44.1875,70.125,27.5,#D10340,1,707
111197,44.1875,73.375,-17.75,#C70288,1,707
111207,44.1875,80.25,-15.625,#D10085,0,707
111215,44.1875,94.25,-26.625,#DD0097,0,707
111232,44.1875,124.0,-98.25,#CE00FF,0,707
111243,44.25,-109.0,-1.0,#008768,0,708
111250,44.25,-92.0,-32.0,#00879C,0,708
111265,44.25,-65.5,41.0,#007E1A,0,708
111266,44.25,-65.0,33.875,#007E2B,0,708
111270,44.25,-61.25,-4.875,#007F6F,0,708
111273,44.25,-57.75,62.0,#007C00,0,708
111276,44.25,-52.75,-40.375,#0080AB,0,708
111283,44.25,-43.375,-12.5,#007B7C,0,708
111289,44.25,-38.75,-7.375,#007974,0,708
111310,44.25,-27.375,20.625,#427445,1,708
111411,44.25,4.875,-25.875,#566893,1,708
111473,44.25,36.125,13.375,#A44E54,1,708
111499,44.25,61.875,-105.25,#004BFF,0,708
111532,44.25,98.875,-109.625,#8C00FF,0,708
111583,44.3125,-72.0,12.875,#008151,0,709
111587,44.3125,-64.75,16.75,#007F4B,0,709
111701,44.3125,9.0,52.0,#8A6200,0,709
111721,44.3125,15.5,-91.375,#006DFF,0,709
111752,44.3125,28.0,-40.75,#715BAD,1,709
111803,44.3125,54.875,-52.375,#9342C1,1,709
111808,44.3125,57.0,-33.625,#A83BA2,1,709
111820,44.3125,64.75,-91.625,#6142FF,0,709
111840,44.3125,81.25,-24.625,#CE0094,0,709
111928,44.375,-29.375,-49.25,#007ABB,0,710
111929,44.375,-29.25,75.875,#537400,0,710
111984,44.375,-5.25,24.5,#6F6A40,1,710
112025,44.375,6.875,-66.75,#006DD9,0,710
112052,44.375,19.625,-66.625,#0065D9,0,710
112056,44.375,22.125,-42.5,#6360B0,1,710
112096,44.375,45.5,64.5,#B94200,0,710
112102,44.375,49.125,-101.0,#0057FF,0,710
112150,44.375,104.75,30.25,#FA003F,0,710
112157,44.375,117.0,-118.5,#A100FF,0,710
112176,44.4375,-67.25,-14.25,#00827F,0,711
112190,44.4375,-50.875,-19.5,#007E88,0,711
112201,44.4375,-41.75,-32.125,#007C9E,0,711
112243,44.4375,-17.0,13.0,#537053,1,711
112269,44.4375,-4.25,11.0,#696B57,1,711
112275,44.4375,-2.875,42.125,#78691E,1,711
112284,44.4375,-1.375,34.5,#78682E,1,711
112333,44.4375,14.875,-101.875,#0070FF,0,711
112337,44.4375,16.125,-49.25,#4565BC,1,711
112409,44.4375,47.375,43.375,#B94022,1,711
112428,44.4375,57.5,-115.625,#0054FF,0,711
112444,44.4375,69.875,7.5,#CD0F60,1,711
112457,44.4375,83.375,-51.25,#C000C0,0,711
112460,44.4375,88.25,-128.0,#002AFF,0,711
112479,44.4375,121.125,-86.0,#D800FD,0,711
112484,44.5,-108.125,66.625,#008600,0,712
112490,44.5,-91.0,-15.125,#008681,0,712
112506,44.5,-65.25,-56.75,#0085C8,0,712
112508,44.5,-60.5,6.125,#007F5D,0,712
112529,44.5,-42.875,33.625,#1E792D,1,712
112724,44.5,58.5,-127.25,#0058FF,0,712
112740,44.5,82.125,-76.5,#A508EC,1,712
112762,44.5,112.125,-107.5,#AC00FF,0,712
112763,44.5,116.5,26.875,#FF0046,0,712
112785,44.5625,-89.25,15.375,#00854D,0,713
112789,44.5625,-82.5,62.375,#008300,0,713
112807,44.5625,-55.875,75.25,#007D00,0,713
112814,44.5625,-49.875,75.5,#1E7B00,0,713
112818,44.5625,-47.25,0.625,#007C67,0,713
112866,44.5625,-17.0,76.125,#686F00,0,713
112913,44.5625,4.875,18.25,#7C664B,1,713
112923,44.5625,7.75,12.375,#7E6455,1,713
112965,44.5625,29.125,63.875,#A55300,0,713
112996,44.5625,45.25,-37.125,#944BA8,1,713
113010,44.5625,55.375,45.125,#C33420,1,713
113028,44.5625,68.875,-83.875,#7F38F9,1,713
113044,44.5625,80.125,-62.0,#B201D3,1,713
113073,44.5625,116.25,-77.125,#DA00EE,0,713
113083,44.5625,126.625,-83.5,#E300F9,0,713
113106,44.625,-79.0,-39.875,#0086AB,0,714
113108,44.625,-75.5,31.625,#008230,0,714
113115,44.625,-63.75,-48.125,#0084B9,0,714
113133,44.625,-36.25,43.625,#3D7716,1,714
113265,44.625,19.25,57.875,#995B00,0,714
113304,44.625,40.75,4.875,#A84B63,1,714
113362,44.625,95.75,76.875,#F40000,0,714
113382,44.6875,-128.0,18.0,#008A48,0,715
113541,44.6875,2.875,-14.5,#626982,1,715
113550,44.6875,4.875,-96.375,#0074FF,0,715
113595,44.6875,24.625,16.25,#975950,1,715
113621,44.6875,37.75,-4.75,#A04F73,1,715
113653,44.6875,66.375,66.625,#D21800,0,715
113658,44.6875,74.625,-56.375,#B01DCA,1,715
113661,44.6875,76.25,5.125,#D50065,0,715
113667,44.6875,83.625,36.875,#E40033,0,715
113671,44.6875,89.125,-67.0,#BB00DC,0,715
113679,44.6875,97.75,15.25,#F00056,0,715
113685,44.6875,100.5,62.25,#F90006,0,715
113689,44.6875,103.0,-13.0,#EF0083,0,715
113694,44.6875,107.875,0.875,#F9006D,0,715
113703,44.6875,124.625,-26.125,#FF0099,0,715
113722,44.75,-97.875,49.75,#008600,0,716
113726,44.75,-92.125,23.125,#008640,0,716
113820,44.75,-14.25,64.75,#6C6F00,0,716
113838,44.75,-5.25,1.25,#616C68,1,716
113842,44.75,-4.75,56.625,#796A00,0,716
113877,44.75,9.0,-91.25,#0071FF,0,716
113883,44.75,12.625,10.75,#846259,1,716
113917,44.75,27.375,-80.25,#0064F2,0,716
113960,44.75,48.5,-24.875,#A34694,1,716
113971,44.75,54.25,76.625,#C53600,0,716
113995,44.75,72.125,-64.875,#A329D8,1,716
114015,44.75,98.125,2.875,#EE0069,0,716
114031,44.8125,-116.75,-19.25,#008B88,0,717
114042,44.8125,-90.0,-43.625,#0089B2,0,717
114048,44.8125,-84.375,-37.125,#0088A7,0,717
114052,44.8125,-80.0,-30.125,#00869B,0,717
114055,44.8125,-79.5,-4.25,#00856F,0,717
114237,44.8125,23.0,-107.25,#006DFF,0,717
114271,44.8125,38.875,-69.5,#5559E0,1,717
114325,44.8125,67.75,55.0,#D3130C,1,717
114338,44.8125,75.125,57.875,#DC0006,0,717
114351,44.8125,102.0,-128.0,#5E00FF,0,717
114410,44.875,-54.625,-63.0,#0084D4,0,718
114415,44.875,-51.25,-46.375,#0081B7,0,718
114451,44.875,-16.625,-72.125,#007AE4,0,718
114457,44.875,-14.0,-65.25,#0077D8,0,718
114543,44.875,14.5,76.875,#955F00,0,718
114573,44.875,26.75,57.75,#A35600,0,718
114600,44.875,38.375,-61.625,#6758D2,1,718
114624,44.875,52.5,-82.25,#5A4FF7,1,718
114632,44.875,56.0,66.25,#C73300,0,718
114644,44.875,73.375,64.375,#DB0000,0,718
114665,44.875,102.25,-19.125,#ED008D,0,718
114699,44.9375,-69.125,56.625,#008100,0,719
114709,44.9375,-53.625,16.5,#007E4D,0,719
114718,44.9375,-44.875,-4.875,#007D71,0,719
114719,44.9375,-43.875,25.125,#027B3E,1,719
114726,44.9375,-36.875,-54.5,#007EC5,0,719
114729,44.9375,-34.25,-36.5,#007CA6,0,719
114732,44.9375,-32.5,27.625,#3D773A,1,719
114795,44.9375,-0.875,-26.375,#486D96,1,719
114798,44.9375,-0.5,-71.0,#0073E2,0,719
114915,44.9375,52.375,-112.25,#0059FF,0,719
114920,44.9375,56.5,-41.375,#A33FB0,1,719
114926,44.9375,62.125,75.875,#CF2600,0,719
114940,44.9375,76.25,-78.875,#9827F1,1,719
114966,44.9375,102.75,-95.0,#B000FF,0,719
114985,45.0,-121.5,15.375,#008A4E,0,720
114993,45.0,-102.75,-18.0,#008A87,0,720
115008,45.0,-75.25,47.375,#008303,0,720
115187,45.0,30.125,-21.875,#8B598F,1,720
115216,45.0,53.625,-5.5,#B63D75,1,720
115221,45.0,55.875,7.5,#BD3860,1,720
115234,45.0,64.75,-69.125,#913BE0,1,720
115239,45.0,69.875,-126.25,#004BFF,0,720
115260,45.0,84.125,-89.875,#9613FF,0,720
115265,45.0,86.25,-110.125,#6B21FF,0,720
115273,45.0,94.75,-69.25,#C300E1,0,720
115287,45.0,126.75,-38.0,#FF00AD,0,720
115295,45.0625,-111.25,6.0,#008A5E,0,721
115304,45.0625,-98.75,-1.625,#00886B,0,721
115374,45.0625,-30.75,-76.75,#0080ED,0,721
115404,45.0625,-16.0,-48.5,#0077BC,0,721
115408,45.0625,-13.75,48.875,#6B6F09,1,721
115497,45.0625,14.625,-9.5,#7C637B,1,721
115516,45.0625,19.5,46.0,#995D19,1,721
115553,45.0625,42.625,77.25,#B84700,0,721
115560,45.0625,48.0,-14.875,#AA4684,1,721
115570,45.0625,51.875,-47.0,#9647BA,1,721
115576,45.0625,54.375,-62.875,#8748D5,1,721
115601,45.0625,79.75,66.875,#E30000,0,721
115620,45.0625,99.375,-31.5,#E400A1,0,721
115623,45.0625,104.375,-47.125,#E200BC,0,721
115624,45.0625,104.625,38.875,#FD0033,0,721
115635,45.0625,116.5,-100.75,#C100FF,0,721
115637,45.0625,120.125,-72.0,#E500E7,0,721
115642,45.125,-116.875,25.5,#008A3C,0,722
115648,45.125,-99.375,13.125,#008852,0,722
115654,45.125,-85.0,-19.0,#008789,0,722
115738,45.125,-24.75,42.125,#56741D,1,722
115798,45.125,-0.125,-7.0,#646B76,1,722
115917,45.125,83.75,12.625,#E1005A,0,722
115926,45.125,90.375,58.125,#EF000D,0,722
115974,45.1875,-92.375,31.75,#008730,0,723
116043,45.1875,-24.5,65.25,#5C7400,0,723
116049,45.1875,-21.375,-82.25,#007EF7,0,723
116075,45.1875,-9.625,-78.625,#0079F0,0,723
116080,45.1875,-8.625,18.25,#686E4C,1,723
116091,45.1875,-3.25,-80.25,#0076F3,0,723
116185,45.1875,45.375,27.25,#B64540,1,723
116190,45.1875,50.375,11.5,#B8405A,1,723
116208,45.1875,66.0,-33.5,#B72DA4,1,723
116242,45.1875,109.375,10.0,#FE0060,0,723
116255,45.25,-122.375,21.375,#008B44,0,724
116256,45.25,-122.125,-5.125,#008C71,0,724
116286,45.25,-71.125,75.0,#008200,0,724
116332,45.25,-28.75,54.5,#537600,0,724
116429,45.25,5.0,3.375,#766866,1,724
116462,45.25,18.5,-28.125,#72639A,1,724
116513,45.25,40.5,-118.0,#0065FF,0,724
116525,45.25,50.125,48.875,#C03E18,1,724
116548,45.25,76.5,35.875,#DD0035,0,724
116550,45.25,80.125,20.875,#DF004D,0,724
116566,45.25,109.5,-85.625,#C900FF,0,724
116571,45.25,114.625,70.375,#FF0000,0,724
116604,45.3125,-78.5,74.25,#008400,0,725
116627,45.3125,-51.25,-55.875,#0084C9,0,725
116672,45.3125,-16.375,24.375,#5E7242,1,725
116689,45.3125,-10.625,-59.375,#0076CF,0,725
116811,45.3125,36.75,20.5,#AA504B,1,725
116887,45.3125,116.25,40.0,#FF0034,0,725
116894,45.375,-94.75,71.25,#008700,0,726
116912,45.375,-61.0,-42.25,#0085B1,0,726
116921,45.375,-51.875,68.125,#117E00,0,726
116941,45.375,-33.625,-65.375,#0080D9,0,726
116961,45.375,-24.875,-26.25,#007896,0,726
117007,45.375,-3.375,67.875,#7E6B00,0,726
117029,45.375,4.125,-31.75,#4D6CA0,1,726
117048,45.375,8.5,-79.125,#0071F2,0,726
117095,45.375,33.25,-43.5,#7B5AB5,1,726
117151,45.375,70.25,-103.75,#4C41FF,0,726
117164,45.375,83.75,-82.25,#A20DF9,1,726
117211,45.375,125.875,-61.75,#F600D6,0,726
117230,45.4375,-71.375,-20.125,#00868C,0,727
117232,45.4375,-70.125,-37.25,#0087A9,0,727
117237,45.4375,-53.875,-33.375,#0082A2,0,727
117419,45.4375,35.75,55.5,#B05000,0,727
117422,45.4375,36.375,66.75,#B14F00,0,727
117426,45.4375,40.75,-82.75,#255CF9,1,727
117464,45.4375,63.625,-75.875,#8640ED,1,727
117489,45.4375,86.375,-101.625,#841AFF,0,727
117492,45.4375,90.625,-94.0,#9D00FF,0,727
117493,45.4375,91.25,0.625,#E8006E,0,727
117494,45.4375,92.0,-20.5,#E10090,0,727
117502,45.4375,105.75,78.25,#FF0000,0,727
117511,45.4375,120.75,-112.375,#B800FF,0,727
117520,45.5,-102.0,33.375,#00892D,0,728
117522,45.5,-97.875,20.625,#008946,0,728
117535,45.5,-76.125,21.375,#008545,0,728
117544,45.5,-66.5,49.875,#008200,0,728
117573,45.5,-40.75,-71.75,#0083E5,0,728
117589,45.5,-29.125,48.125,#51770A,1,728
117756,45.5,45.25,-6.875,#AB4978,1,728
117777,45.5,64.25,24.25,#CE2647,1,728
117809,45.5,120.75,-92.25,#D400FF,0,728
117810,45.5,120.875,-32.75,#FF00A5,0,728
117814,45.5625,-122.375,-22.5,#008E90,0,729
117830,45.5625,-82.75,26.25,#00863C,0,729
117842,45.5625,-61.625,67.625,#008100,0,729
117847,45.5625,-57.625,21.875,#008145,0,729
117898,45.5625,-21.25,8.625,#48755D,1,729
117918,45.5625,-8.25,78.0,#786E00,0,729
117945,45.5625,-1.375,78.0,#826A00,0,729
117987,45.5625,13.875,33.0,#906235,1,729
118032,45.5625,39.125,-16.0,#9E5187,1,729
118072,45.5625,63.375,-43.0,#AD36B5,1,729
118104,45.5625,94.0,-57.875,#CE00CF,0,729
118126,45.5625,117.375,-64.75,#E900DB,0,729
118128,45.5625,120.125,18.5,#FF0055,0,729
118140,45.625,-102.5,-8.625,#008B78,0,730
118151,45.625,-87.125,37.375,#008725,0,730
118154,45.625,-84.125,-48.125,#008BBC,0,730
118162,45.625,-71.125,-29.25,#00879C,0,730
118245,45.625,-10.75,-88.875,#007CFF,0,730
118332,45.625,18.75,9.5,#8F605D,1,730
118337,45.625,21.125,-95.5,#006DFF,0,730
118367,45.625,31.75,-36.125,#825BA9,1,730
118379,45.625,39.25,-25.0,#985296,1,730
118404,45.625,52.5,17.25,#BE3E52,1,730
118418,45.625,65.5,-25.125,#BD2D97,1,730
118426,45.625,73.375,-40.25,#BE1CB1,1,730
118435,45.625,78.875,-121.125,#003DFF,0,730
118451,45.625,92.875,18.75,#EF0052,0,730
118452,45.625,94.0,30.25,#F20041,0,730
118473,45.625,124.75,-3.875,#FF0078,0,730
118524,45.6875,-52.875,3.75,#008065,0,731
118538,45.6875,-36.625,-13.0,#007C81,0,731
118545,45.6875,-31.625,3.5,#1C7A65,1,731
118587,45.6875,-7.625,-45.125,#0074B8,0,731
118695,45.6875,48.75,-123.375,#0062FF,0,731
118738,45.6875,83.75,44.0,#E80029,0,731
118743,45.6875,87.375,-34.375,#D500A8,0,731
118744,45.6875,88.75,67.375,#EF0000,0,731
118759,45.6875,103.125,44.875,#FE002B,0,731
118768,45.6875,120.125,11.5,#FF0060,0,731
118793,45.75,-78.875,2.875,#008766,0,732
118796,45.75,-74.125,-44.25,#0089B5,0,732
118830,45.75,-39.0,54.625,#3E7B00,0,732
118839,45.75,-31.0,14.625,#357953,1,732
118866,45.75,-17.125,-55.375,#007AC9,0,732
118892,45.75,-7.625,-4.75,#597074,1,732
118951,45.75,11.75,67.875,#936300,0,732
118968,45.75,25.5,78.5,#A65900,0,732
119026,45.75,53.875,56.125,#C63A05,1,732
119042,45.75,61.25,36.0,#CD2D34,1,732
119043,45.75,61.375,-13.375,#BE3484,1,732
119050,45.75,68.125,77.125,#D81500,0,732
119088,45.75,114.75,59.25,#FF0015,0,732
119099,45.8125,-117.375,45.25,#008C0C,0,733
119106,45.8125,-106.25,11.375,#008B57,0,733
119107,45.8125,-106.0,22.375,#008B43,0,733
119318,45.8125,25.25,-100.0,#006CFF,0,733
119334,45.8125,35.875,78.625,#B35000,0,733
119336,45.8125,39.0,-106.375,#0064FF,0,733
119396,45.8125,81.125,-98.5,#802AFF,0,733
119422,45.8125,107.625,-23.5,#F40097,0,733
119433,45.875,-90.5,53.75,#008800,0,734
119441,45.875,-73.125,-54.625,#008AC8,0,734
119471,45.875,-31.375,-29.625,#007C9D,0,734
119507,45.875,-10.875,27.625,#6B713D,1,734
119563,45.875,6.0,-46.25,#2B6EBA,1,734
119604,45.875,24.75,-48.125,#6362BE,1,734
119615,45.875,31.75,43.375,#AA5523,1,734
119616,45.875,31.875,29.625,#A8553D,1,734
119707,45.875,101.125,68.625,#FE0000,0,734
119725,45.9375,-128.0,35.875,#008D28,0,735
119729,45.9375,-116.625,12.0,#008D56,0,735
119730,45.9375,-114.125,67.25,#008B00,0,735
119767,45.9375,-57.125,34.625,#00812E,0,735
119779,45.9375,-43.25,-61.0,#0084D3,0,735
119782,45.9375,-42.375,65.5,#397C00,0,735
119790,45.9375,-35.0,78.125,#4C7A00,0,735
119829,45.9375,-9.5,39.125,#717027,1,735
119893,45.9375,7.875,-57.25,#006FCD,0,735
119942,45.9375,26.375,-68.875,#2765E2,1,735
119972,45.9375,44.625,-77.375,#5458F1,1,735
119992,45.9375,60.0,57.125,#CE2F04,1,735
119999,45.9375,73.625,12.125,#D7005C,0,735
120009,45.9375,90.125,10.875,#EB005F,0,735
120017,45.9375,101.375,-115.0,#8B00FF,0,735
120061,46.0,-89.125,73.625,#008800,0,736
120065,46.0,-78.875,-51.75,#008BC3,0,736
120083,46.0,-47.75,-34.0,#0082A5,0,736
120144,46.0,-11.75,57.0,#727100,0,736
120147,46.0,-9.375,9.625,#63715D,1,736
120235,46.0,18.25,-85.25,#006EFF,0,736
120292,46.0,49.875,-33.25,#A349A5,1,736
120295,46.0,50.5,71.625,#C43F00,0,736
120319,46.0,66.625,2.0,#CC256C,1,736
120320,46.0,70.125,-4.25,#CE1B76,1,736
120346,46.0,93.75,42.875,#F4002D,0,736
120348,46.0,96.125,-43.0,#DC00B7,0,736
120360,46.0,110.0,-10.75,#FC0083,0,736
120364,46.0,115.0,-4.875,#FF007A,0,736
120376,46.0625,-122.25,7.875,#008E5D,0,737
120507,46.0625,2.875,29.875,#816A3B,1,737
120516,46.0625,4.25,-8.125,#6E6B7B,1,737
120588,46.0625,39.5,-31.125,#9554A2,1,737
120602,46.0625,48.375,-87.5,#3A58FF,0,737
120606,46.0625,49.75,22.75,#BD434A,1,737
120632,46.0625,70.25,-12.375,#CB1E84,1,737
120663,46.0625,103.5,-40.0,#E800B2,0,737
120669,46.0625,115.75,79.375,#FF0000,0,737
120677,46.125,-121.125,-29.375,#00909D,0,738
120686,46.125,-108.125,-21.0,#008E8F,0,738
120697,46.125,-77.25,10.0,#00875A,0,738
120703,46.125,-69.125,-7.125,#008678,0,738
120707,46.125,-64.125,23.25,#008444,0,738
120736,46.125,-49.5,-12.625,#008181,0,738
120748,46.125,-42.75,78.375,#3B7D00,0,738
120793,46.125,-19.0,-17.0,#1F7789,1,738
120843,46.125,1.75,8.75,#766C5F,1,738
120893,46.125,20.75,-58.25,#3E67D0,1,738
120984,46.125,81.375,77.75,#E90000,0,738
121018,46.1875,-128.0,42.625,#008E17,0,739
121019,46.1875,-122.625,39.875,#008D1F,0,739
121025,46.1875,-114.25,-5.125,#008E74,0,739
121026,46.1875,-110.875,-34.5,#008FA6,0,739
121031,46.1875,-103.75,51.0,#008B00,0,739
121040,46.1875,-86.5,6.0,#008961,0,739
121054,46.1875,-64.75,-28.125,#00879B,0,739
121064,46.1875,-51.0,57.5,#148000,0,739
121102,46.1875,-26.625,-70.5,#0080E5,0,739
121122,46.1875,-18.25,2.375,#4A7669,1,739
121140,46.1875,-12.75,-23.375,#297594,1,739
121176,46.1875,1.25,-64.875,#0074DB,0,739
121220,46.1875,14.375,1.75,#86656B,1,739
121320,46.1875,70.75,-116.875,#0049FF,0,739
121338,46.1875,85.25,53.875,#EC0018,0,739
121344,46.1875,89.875,79.5,#F30000,0,739
121345,46.1875,90.75,-121.125,#5622FF,0,739
121349,46.1875,100.875,-6.25,#F4007C,0,739
121358,46.1875,114.875,-94.125,#CA00FF,0,739
121360,46.1875,116.75,33.125,#FF0040,0,739
121361,46.1875,119.75,-21.375,#FF0095,0,739
121393,46.25,-76.375,53.25,#008600,0,740
121445,46.25,-24.125,79.125,#627600,0,740
121451,46.25,-23.0,25.5,#547741,1,740
121611,46.25,33.0,-77.125,#1B63F1,1,740
121667,46.25,71.25,47.75,#DC0821,1,740
121668,46.25,71.625,-90.125,#7E3BFF,0,740
121673,46.25,77.75,-85.375,#942CFF,0,740
121695,46.25,106.25,-123.125,#8300FF,0,740
121708,46.3125,-122.75,55.0,#008E00,0,741
121783,46.3125,-32.125,-43.25,#007FB6,0,741
121849,46.3125,-1.625,-50.375,#0073C2,0,741
121860,46.3125,1.5,59.75,#866B00,0,741
121922,46.3125,25.25,-90.25,#006BFF,0,741
121948,46.3125,42.125,10.625,#B14D5E,1,741
121950,46.3125,43.375,-101.25,#0061FF,0,741
121997,46.3125,95.125,-105.125,#9400FF,0,741
122004,46.3125,104.875,52.625,#FF0020,0,741
122007,46.3125,108.0,25.5,#FF004B,0,741
122009,46.3125,110.75,-50.125,#EC00C4,0,741
122021,46.3125,124.625,3.125,#FF006E,0,741
122023,46.3125,126.875,-54.875,#FE00CD,0,741
122052,46.375,-61.25,77.875,#008300,0,742
122085,46.375,-28.5,35.0,#4F7930,1,742
122091,46.375,-25.5,-42.625,#007DB5,0,742
122096,46.375,-17.5,-41.125,#007AB2,0,742
122161,46.375,9.125,79.5,#936600,0,742
122241,46.375,60.125,18.5,#CA3352,1,742
122242,46.375,60.25,-120.875,#0057FF,0,742
122254,46.375,73.75,23.125,#DB004C,0,742
122276,46.375,97.625,-79.625,#C000F7,0,742
122284,46.375,115.5,-36.25,#FA00AD,0,742
122288,46.375,120.0,-59.375,#F300D5,0,742
122331,46.4375,-40.625,48.5,#387D0A,1,743
122334,46.4375,-35.75,-2.125,#007D71,0,743
122354,46.4375,-23.0,56.125,#617700,0,743
122403,46.4375,-0.375,17.375,#786D51,1,743
122451,46.4375,17.0,18.0,#926351,1,743
122461,46.4375,21.125,-7.875,#8B627C,1,743
122473,46.4375,26.25,49.5,#A65B15,1,743
122497,46.4375,36.5,39.625,#B1522C,1,743
122507,46.4375,41.875,-0.75,#AC4F71,1,743
122508,46.4375,42.0,36.25,#B84C33,1,743
122531,46.4375,54.5,-17.5,#B5428D,1,743
122594,46.4375,111.125,-69.0,#DF00E5,0,743
122624,46.5,-97.75,62.75,#008B00,0,744
122626,46.5,-92.875,39.25,#008A23,0,744
122694,46.5,-33.5,-20.5,#007E90,0,744
122717,46.5,-19.75,-62.125,#007DD7,0,744
122742,46.5,-7.75,48.625,#787011,1,744
122830,46.5,23.125,68.375,#A45D00,0,744
122842,46.5,31.0,36.5,#AA5732,1,744
122892,46.5,53.375,-11.5,#B74283,1,744
122904,46.5,58.75,-71.0,#8748E8,1,744
122929,46.5,78.625,-7.75,#D9007E,0,744
122936,46.5,84.5,30.375,#EA0041,0,744
122956,46.5,102.75,-67.875,#D500E3,0,744
122983,46.5625,-107.25,44.875,#008C11,0,745
122996,46.5625,-74.875,67.375,#008600,0,745
123011,46.5625,-61.875,-61.625,#008AD6,0,745
123041,46.5625,-37.875,30.75,#347D38,1,745
123072,46.5625,-21.375,47.125,#617613,1,745
123151,46.5625,2.625,69.75,#8A6B00,0,745
123264,46.5625,53.875,-105.625,#0059FF,0,745
123269,46.5625,60.625,-53.875,#A241CA,1,745
123288,46.5625,82.625,-70.875,#B30EE8,1,745
123308,46.5625,116.625,50.75,#FF0026,0,745
123323,46.625,-106.75,37.5,#008D27,0,746
123448,46.625,-4.125,-20.5,#4E7290,1,746
123530,46.625,19.5,79.75,#A16000,0,746
123542,46.625,27.75,-54.125,#6163CA,1,746
123547,46.625,29.625,-7.0,#995B7B,1,746
123565,46.625,39.875,-41.125,#8D57B4,1,746
123628,46.625,93.25,-32.625,#E100A7,0,746
123706,46.6875,-52.25,9.875,#00835D,0,747
123729,46.6875,-32.875,-7.625,#007D7B,0,747
123793,46.6875,-6.375,-70.375,#0079E6,0,747
123853,46.6875,12.875,57.625,#976500,0,747
123855,46.6875,13.75,-63.875,#006EDB,0,747
123872,46.6875,19.0,-37.125,#6B67AD,1,747
123902,46.6875,31.75,-95.625,#0069FF,0,747
123950,46.6875,65.75,-109.625,#004DFF,0,747
123956,46.6875,73.75,-34.25,#C61DAA,1,747
123972,46.6875,102.125,-103.625,#A700FF,0,747
123976,46.6875,106.25,60.25,#FF0012,0,747
123996,46.75,-126.375,64.875,#008F00,0,748
124004,46.75,-107.25,60.625,#008D00,0,748
124022,46.75,-81.25,-11.5,#008B80,0,748
124037,46.75,-49.5,28.125,#00813D,0,748
124057,46.75,-31.5,-59.125,#0082D2,0,748
124072,46.75,-24.125,15.125,#4B7955,1,748
124153,46.75,8.375,-101.625,#0078FF,0,748
124164,46.75,14.375,-16.5,#7A688B,1,748
124221,46.75,44.75,-71.0,#6858E8,1,748
124236,46.75,58.5,-99.5,#2D52FF,0,748
124251,46.75,66.625,12.875,#D2265D,1,748
124278,46.75,87.75,-74.625,#B700EF,0,748
124344,46.8125,-48.625,37.625,#07812A,1,749
124351,46.8125,-40.875,38.875,#337E28,1,749
124368,46.8125,-29.875,67.75,#577A00,0,749
124423,46.8125,-1.25,-96.125,#007CFF,0,749
124460,46.8125,9.375,41.625,#906826,1,749
124519,46.8125,34.75,-117.125,#006DFF,0,749
124558,46.8125,62.0,-82.5,#7948FD,1,749
124569,46.8125,69.0,-50.0,#B331C4,1,749
124576,46.8125,77.0,-115.0,#3640FF,0,749
124604,46.8125,98.375,-61.875,#D400DA,0,749
124617,46.8125,123.375,-119.75,#B500FF,0,749
124620,46.8125,124.5,-49.375,#FF00C5,0,749
124623,46.8125,127.0,-128.0,#AC00FF,0,749
124635,46.875,-95.75,-43.625,#0090B7,0,750
124639,46.875,-90.75,-26.625,#008E9A,0,750
124647,46.875,-73.0,38.875,#008726,0,750
124656,46.875,-57.25,-18.625,#00868D,0,750
124698,46.875,-25.875,-63.75,#0081DB,0,750
124711,46.875,-19.0,18.25,#597750,1,750
124873,46.875,47.625,6.0,#B84967,1,750
124906,46.875,91.0,-113.875,#751BFF,0,750
124919,46.875,105.75,-110.75,#A100FF,0,750
124930,46.875,117.25,-124.625,#9D00FF,0,750
124935,46.9375,-128.0,-26.75,#00939A,0,751
124956,46.9375,-100.625,72.75,#008C00,0,751
124960,46.9375,-92.875,45.75,#008B11,0,751
124977,46.9375,-63.625,-18.75,#00888D,0,751
124994,46.9375,-52.5,47.25,#00820F,0,751
125000,46.9375,-46.0,-25.875,#00849A,0,751
125003,46.9375,-43.0,19.25,#00804D,0,751
125048,46.9375,-11.375,-34.5,#0078A9,0,751
125055,46.9375,-10.25,1.5,#5D746C,1,751
125075,46.9375,-2.125,4.0,#6F7069,1,751
125116,46.9375,11.25,26.5,#8F6743,1,751
125149,46.9375,26.25,-112.5,#0071FF,0,751
125218,46.9375,74.25,-95.625,#7A3BFF,0,751
125225,46.9375,82.5,-125.875,#003DFF,0,751
125228,46.9375,84.25,-44.5,#CE00BC,0,751
125246,46.9375,108.25,15.75,#FF005B,0,751
125258,46.9375,124.5,-78.0,#EC00F7,0,751
125267,47.0,-91.0,-4.75,#008D75,0,752
125317,47.0,-41.875,9.5,#00805E,0,752
125466,47.0,17.0,52.5,#9C630A,1,752
125473,47.0,21.625,38.25,#A0602F,1,752
125500,47.0,30.125,15.5,#A55A57,1,752
125516,47.0,37.25,-98.125,#0066FF,0,752
125524,47.0,41.125,47.875,#BA4E1D,1,752
125615,47.0,115.25,7.875,#FF0068,0,752
125623,47.0,125.625,-109.125,#CB00FF,0,752
125657,47.0625,-68.125,29.375,#00873A,0,753
125729,47.0625,-17.125,-87.5,#0082FF,0,753
125798,47.0625,6.25,-19.125,#696E90,1,753
125829,47.0625,17.75,28.25,#986341,1,753
125852,47.0625,31.75,-63.25,#5863DB,1,753
125872,47.0625,40.0,30.5,#B6503E,1,753
125884,47.0625,46.25,-47.75,#9253C1,1,753
125903,47.0625,61.5,47.0,#D33023,1,753
125923,47.0625,80.75,59.0,#EA000B,0,753
125932,47.0625,93.75,-128.0,#4322FF,0,753
125941,47.0625,110.875,-128.0,#8500FF,0,753
125943,47.0625,111.75,-120.625,#9A00FF,0,753
125946,47.0625,117.25,-27.125,#FF00A0,0,753
125987,47.125,-60.875,-53.125,#008BC9,0,754
126040,47.125,-18.25,68.875,#6C7600,0,754
126041,47.125,-17.75,36.0,#657730,1,754
126222,47.125,54.25,38.25,#C93E32,1,754
126247,47.125,76.125,-0.375,#DA0073,0,754
126260,47.125,86.0,-20.0,#DF0094,0,754
126264,47.125,92.25,48.625,#F70026,0,754
126269,47.125,98.75,8.625,#F80066,0,754
126275,47.125,109.25,-57.75,#E800D4,0,754
126279,47.125,111.375,-113.0,#AA00FF,0,754
126347,47.1875,-44.625,-45.125,#0086BB,0,755
126372,47.1875,-25.75,-36.0,#007EAC,0,755
126439,47.1875,2.875,-77.625,#0078F5,0,755
126450,47.1875,7.0,-4.0,#796C77,1,755
126500,47.1875,26.25,2.0,#9A5F6D,1,755
126521,47.1875,39.0,-56.0,#795CCF,1,755
126533,47.1875,48.5,80.125,#C64500,0,755
126535,47.1875,50.5,-94.5,#195AFF,0,755
126543,47.1875,58.0,-110.125,#0058FF,0,755
126546,47.1875,60.125,70.25,#D33300,0,755
126549,47.1875,62.0,-63.875,#9A43DD,1,755
126554,47.1875,65.125,-97.5,#5A4BFF,0,755
126561,47.1875,73.25,80.125,#E30000,0,755
126594,47.1875,95.25,24.5,#F8004D,0,755
126598,47.1875,99.625,81.125,#FF0000,0,755
126607,47.1875,108.625,69.375,#FF0000,0,755
126613,47.1875,117.25,65.25,#FF000D,0,755
126621,47.25,-128.0,27.0,#00913E,0,756
126623,47.25,-122.25,-16.375,#00938A,0,756
126635,47.25,-97.875,-32.625,#0090A5,0,756
126641,47.25,-87.75,61.25,#008B00,0,756
126691,47.25,-41.625,0.0,#00816F,0,756
126786,47.25,-1.5,50.0,#836F10,1,756
126866,47.25,26.625,8.625,#9E5E63,1,756
126908,47.25,46.75,-111.25,#0063FF,0,756
126966,47.25,103.5,-78.625,#CD00F8,0,756
126979,47.3125,-128.0,-9.875,#00937F,0,757
126990,47.3125,-83.5,12.5,#008B59,0,757
127018,47.3125,-46.875,-51.875,#0087C7,0,757
127064,47.3125,-18.25,-8.375,#3D797E,1,757
127072,47.3125,-13.875,80.75,#757500,0,757
127162,47.3125,17.375,-107.75,#0076FF,0,757
127220,47.3125,50.25,-39.5,#A14DB4,1,757
127228,47.3125,52.625,-128.0,#0064FF,0,757
127260,47.3125,70.875,32.625,#DD163E,1,757
127277,47.3125,89.25,23.375,#F1004F,0,757
127278,47.3125,90.625,-8.0,#EA0081,0,757
127318,47.375,-115.25,-29.125,#0093A0,0,758
127335,47.375,-74.375,-1.25,#008A71,0,758
127337,47.375,-71.375,5.5,#008965,0,758
127347,47.375,-63.25,61.5,#008600,0,758
127350,47.375,-62.25,45.75,#008615,0,758
127351,47.375,-61.125,13.0,#008759,0,758
127363,47.375,-50.75,-69.0,#008BE5,0,758
127395,47.375,-31.0,41.375,#4F7C24,1,758
127407,47.375,-24.25,-51.5,#0080C7,0,758
127439,47.375,-5.875,-31.0,#3376A4,1,758
127468,47.375,-0.25,24.625,#7E6F47,1,758
127543,47.375,36.25,1.625,#A9576F,1,758
127558,47.375,42.125,-88.75,#0061FF,0,758
127580,47.375,51.375,28.875,#C54343,1,758
127591,47.375,60.25,81.25,#D53300,0,758
127611,47.375,85.0,-28.75,#DA00A3,0,758
127617,47.375,90.0,-84.5,#B000FF,0,758
127626,47.375,105.0,-34.125,#F100AC,0,758
127629,47.375,115.375,1.125,#FF0074,0,758
127637,47.375,122.125,30.25,#FF0047,0,758
127651,47.4375,-101.625,-41.25,#0092B5,0,759
127652,47.4375,-101.5,26.75,#008E3F,0,759
127697,47.4375,-45.875,72.0,#358100,0,759
127821,47.4375,21.25,-80.25,#006EFA,0,759
127886,47.4375,60.625,4.0,#CA376C,1,759
127892,47.4375,63.0,-19.375,#C23793,1,759
127929,47.4375,94.375,70.0,#FC0000,0,759
127930,47.4375,96.625,53.75,#FD001E,0,759
127953,47.5,-119.875,68.0,#009100,0,760
128004,47.5,-54.875,-24.25,#008798,0,760
128038,47.5,-27.5,-19.25,#007E90,0,760
128104,47.5,-1.625,-13.0,#617286,1,760
128108,47.5,-0.375,-0.875,#6F7172,1,760
128111,47.5,0.75,-87.625,#007BFF,0,760
128166,47.5,17.75,-73.5,#006FEE,0,760
128282,47.5,121.125,-105.125,#CA00FF,0,760
128321,47.5625,-59.625,1.0,#00876E,0,761
128324,47.5625,-56.5,-6.5,#00877A,0,761
128333,47.5625,-52.0,80.25,#228300,0,761
128484,47.5625,23.75,28.875,#A26041,1,761
128503,47.5625,33.875,-85.375,#0067FF,0,761
128564,47.5625,76.125,-106.625,#613FFF,0,761
128575,47.5625,87.375,-56.75,#CB00D3,0,761
128594,47.5625,110.875,30.75,#FF0046,0,761
128609,47.625,-116.75,18.375,#00914F,0,762
128611,47.625,-116.625,-12.25,#009384,0,762
128615,47.625,-111.375,-15.75,#00928A,0,762
128617,47.625,-103.625,-30.125,#0092A2,0,762
128633,47.625,-86.5,43.875,#008C1A,0,762
128653,47.625,-60.25,54.25,#008600,0,762
128670,47.625,-50.375,-4.75,#008578,0,762
128684,47.625,-37.75,-76.75,#0089F4,0,762
128689,47.625,-35.875,68.75,#4E7E00,0,762
128690,47.625,-35.75,8.125,#198062,1,762
128699,47.625,-27.25,-82.75,#0086FF,0,762
128726,47.625,-17.375,58.5,#6E7700,0,762
128741,47.625,-9.625,69.75,#7B7400,0,762
128805,47.625,10.0,-73.0,#0074EE,0,762
128870,47.625,30.5,81.625,#B25900,0,762
128914,47.625,50.75,64.75,#C94400,0,762
128916,47.625,51.125,0.625,#BD4772,1,762
128932,47.625,60.5,-6.375,#C63A7E,1,762
128936,47.625,61.375,29.125,#D23444,1,762
128950,47.625,70.375,-21.875,#CB2897,1,762
128984,47.625,118.5,-12.125,#FF0089,0,762
129125,47.6875,-6.75,-54.875,#007ACE,0,763
129188,47.6875,15.0,-57.0,#2F6FD2,1,763
129208,47.6875,22.875,-32.625,#7B66A8,1,763
129226,47.6875,30.25,22.25,#A95B4D,1,763
129239,47.6875,35.5,-20.75,#9B5B95,1,763
129252,47.6875,42.875,-123.125,#006BFF,0,763
129279,47.6875,57.375,51.375,#D03A1A,1,763
129304,47.6875,80.25,-55.375,#C214D0,1,763
129327,47.6875,96.625,-92.0,#B200FF,0,763
129336,47.6875,115.875,-87.25,#D900FF,0,763
129396,47.75,-32.75,21.875,#3E7F4B,1,764
129413,47.75,-19.875,-76.375,#0083F4,0,764
129471,47.75,0.625,-19.875,#5E7292,1,764
129512,47.75,14.75,-32.25,#6B6CA8,1,764
129515,47.75,17.0,71.125,#A06400,0,764
129538,47.75,32.0,-30.375,#8E5FA5,1,764
129583,47.75,63.875,-128.0,#005AFF,0,764
129603,47.75,83.0,-114.5,#5C37FF,0,764
129662,47.8125,-80.375,46.0,#008B14,0,765
129667,47.8125,-74.375,-12.625,#008C85,0,765
129720,47.8125,-23.25,-1.875,#3A7C74,1,765
129736,47.8125,-15.5,8.25,#5B7863,1,765
129862,47.8125,24.5,-21.625,#896496,1,765
129886,47.8125,39.625,71.875,#BD5100,0,765
129893,47.8125,43.125,60.125,#C04E00,0,765
129911,47.8125,58.25,-47.125,#A846C2,1,765
129916,47.8125,61.25,-36.375,#B63FB0,1,765
129935,47.8125,72.25,-73.625,#A137F0,1,765
129956,47.8125,94.625,-48.875,#DC00C6,0,765
129961,47.8125,98.875,-23.5,#F0009C,0,765
129972,47.8125,118.25,-47.875,#FC00C5,0,765
129974,47.8125,119.5,74.5,#FF0000,0,765
129982,47.875,-128.0,12.875,#009459,0,766
129989,47.875,-116.625,6.25,#009365,0,766
130016,47.875,-59.625,39.75,#008727,0,766
130018,47.875,-58.625,-29.625,#008AA2,0,766
130034,47.875,-46.75,49.375,#29830B,1,766
130054,47.875,-29.625,81.75,#5D7D00,0,766
130088,47.875,-11.375,-10.25,#4F7882,1,766
130153,47.875,11.75,-23.625,#716D99,1,766
130188,47.875,31.75,-15.125,#9A5E8C,1,766
130195,47.875,33.0,-50.875,#7661C8,1,766
130217,47.875,44.75,-58.375,#8358D5,1,766
130225,47.875,50.875,-72.375,#7755EE,1,766
130227,47.875,52.5,-56.625,#9450D3,1,766
130235,47.875,55.75,-91.0,#5355FF,0,766
130246,47.875,69.25,71.125,#E01D00,0,766
130255,47.875,76.5,-128.0,#004AFF,0,766
130264,47.875,80.625,-34.375,#D300AD,0,766
130279,47.875,100.0,31.5,#FF0044,0,766
130293,47.875,110.75,82.5,#FF0000,0,766
130295,47.875,114.125,-19.625,#FF0096,0,766
130313,47.9375,-92.25,-37.0,#0092AF,0,767
130329,47.9375,-79.875,37.75,#008C2B,0,767
130409,47.9375,-15.625,-3.0,#4E7976,1,767
130439,47.9375,-4.125,-62.5,#007ADC,0,767
130614,47.9375,77.5,29.625,#E60045,0,767
130638,47.9375,98.75,-124.0,#7001FF,0,767
130659,47.9375,125.5,13.875,#FF0062,0,767
130662,47.9375,126.5,-94.125,#E300FF,0,767
130667,48.0,-128.0,6.625,#009464,0,768
130676,48.0,-117.125,33.875,#009232,0,768
130835,48.0,4.125,-37.5,#4773B1,1,768
130857,48.0,10.125,-11.5,#7A6D85,1,768
130897,48.0,25.0,43.375,#A86027,1,768
130928,48.0,41.125,16.375,#B65258,1,768
130933,48.0,43.125,-12.0,#AD5387,1,768
130948,48.0,61.75,-30.125,#BC3DA6,1,768
130966,48.0,78.625,-20.375,#D80096,0,768
130989,48.0,109.125,-102.0,#BB00FF,0,768
131003,48.0625,-122.25,1.875,#00946C,0,769
131007,48.0625,-111.5,21.5,#00924A,0,769
131028,48.0625,-75.5,60.25,#008B00,0,769
131034,48.0625,-70.5,44.25,#008A1B,0,769
131035,48.0625,-70.25,-59.5,#0090D6,0,769
131036,48.0625,-70.125,18.75,#008A50,0,769
131077,48.0625,-39.875,-19.625,#008492,0,769
131083,48.0625,-34.625,50.625,#4D7F08,1,769
131129,48.0625,-12.25,14.625,#667759,1,769
131184,48.0625,2.625,82.125,#8F6E00,0,769
131300,48.0625,45.0,-28.5,#A553A3,1,769
131313,48.0625,54.125,-29.125,#B249A4,1,769
131334,48.0625,68.375,-78.75,#9241FA,1,769
131363,48.0625,102.875,-86.375,#C600FF,0,769
131365,48.0625,109.75,41.625,#FF0036,0,769
131381,48.125,-128.0,58.375,#009300,0,770
131382,48.125,-122.625,47.25,#00930C,0,770
131386,48.125,-117.5,60.0,#009200,0,770
131388,48.125,-112.5,48.875,#009204,0,770
131390,48.125,-112.0,41.125,#009221,0,770
131391,48.125,-109.625,72.25,#009100,0,770
131394,48.125,-100.0,-23.125,#009397,0,770
131395,48.125,-98.75,55.125,#008F00,0,770
131396,48.125,-95.625,7.375,#009064,0,770
131401,48.125,-86.625,21.25,#008E4B,0,770
131402,48.125,-86.125,-31.125,#0091A5,0,770
131403,48.125,-85.0,78.125,#008D00,0,770
131411,48.125,-75.0,-24.125,#008E99,0,770
131413,48.125,-65.125,-2.25,#008A74,0,770
131424,48.125,-55.625,27.375,#008741,0,770
131486,48.125,-12.5,-17.25,#407A8F,1,770
131496,48.125,-7.75,32.75,#777539,1,770
131561,48.125,14.0,-44.75,#546FBE,1,770
131655,48.125,61.875,64.375,#D83200,0,770
131671,48.125,77.375,46.875,#E90028,0,770
131712,48.1875,-128.0,50.125,#009400,0,771
131731,48.1875,-83.0,54.625,#008D00,0,771
131745,48.1875,-68.75,-50.625,#008FC7,0,771
131750,48.1875,-58.375,-47.125,#008CC1,0,771
131774,48.1875,-40.125,-65.75,#0089E2,0,771
131846,48.1875,-8.5,-39.625,#007AB5,0,771
131865,48.1875,-1.125,-43.625,#1177BC,1,771
131899,48.1875,12.625,-95.75,#0078FF,0,771
131949,48.1875,45.125,-64.5,#7A5AE1,1,771
131962,48.1875,52.625,-118.125,#0062FF,0,771
131965,48.1875,53.875,82.75,#D04000,0,771
131979,48.1875,63.625,-115.875,#0056FF,0,771
132012,48.1875,95.75,36.75,#FD003C,0,771
132014,48.1875,96.875,-11.75,#F30089,0,771
132043,48.25,-83.25,-42.375,#0092B9,0,772
132046,48.25,-70.75,80.25,#008A00,0,772
132083,48.25,-28.375,61.75,#5D7D00,0,772
132098,48.25,-15.375,44.0,#6F7822,1,772
132122,48.25,-4.375,62.625,#847300,0,772
132151,48.25,1.75,-57.375,#0077D4,0,772
132200,48.25,20.5,-1.125,#936675,1,772
132269,48.25,67.25,-38.75,#BE36B5,1,772
132287,48.25,80.25,8.125,#E60069,0,772
132296,48.25,96.75,-118.25,#7E07FF,0,772
132303,48.25,102.125,18.75,#FF0059,0,772
132330,48.3125,-101.125,3.625,#00926A,0,773
132337,48.3125,-84.625,68.375,#008D00,0,773
132342,48.3125,-78.0,79.5,#008C00,0,773
132365,48.3125,-38.25,-42.125,#0086B9,0,773
132379,48.3125,-27.5,-11.875,#008086,0,773
132396,48.3125,-20.25,-22.75,#007E98,0,773
132426,48.3125,-5.625,-87.0,#0080FF,0,773
132429,48.3125,-4.375,82.75,#867300,0,773
132471,48.3125,10.75,-38.0,#5A70B3,1,773
132599,48.3125,67.125,60.5,#DF2603,1,773
132600,48.3125,67.375,82.75,#E02500,0,773
132609,48.3125,77.0,72.625,#EB0000,0,773
132617,48.3125,85.125,-63.0,#C400E0,0,773
132634,48.3125,109.25,48.875,#FF002B,0,773
132648,48.3125,120.375,59.125,#FF001C,0,773
132649,48.3125,121.5,37.5,#FF003E,0,773
132669,48.375,-93.875,76.75,#008F00,0,774
132721,48.375,-48.0,16.0,#008556,0,774
132827,48.375,3.0,36.625,#8A6F33,1,774
132868,48.375,15.625,38.125,#9C6832,1,774
132888,48.375,26.25,-74.875,#006CF4,0,774
132890,48.375,27.25,73.375,#AF5E00,0,774
132914,48.375,39.625,-112.0,#006BFF,0,774
132917,48.375,40.5,-50.0,#885CC8,1,774
132918,48.375,40.625,24.25,#B9534C,1,774
132974,48.375,83.25,83.25,#F30000,0,774
132989,48.375,101.5,75.0,#FF0000,0,774
132997,48.375,108.875,-91.25,#CB00FF,0,774
133021,48.4375,-93.875,17.125,#009053,0,775
133087,48.4375,-36.0,-25.75,#00849E,0,775
133103,48.4375,-26.25,5.625,#3E7F69,1,775
133111,48.4375,-22.375,31.875,#5E7C3B,1,775
133120,48.4375,-17.625,-34.5,#007EAD,0,775
133226,48.4375,14.375,47.125,#9C681E,1,775
133239,48.4375,17.75,-22.875,#7E6A9A,1,775
133280,48.4375,42.375,-20.5,#A85696,1,775
133347,48.4375,85.125,71.5,#F50000,0,775
133366,48.4375,114.25,19.75,#FF0059,0,775
133374,48.4375,121.5,-39.125,#FF00B8,0,775
133378,48.5,-117.375,-34.625,#0097AC,0,776
133385,48.5,-107.625,-39.625,#0096B5,0,776
133405,48.5,-89.875,1.25,#00906F,0,776
133417,48.5,-78.125,16.125,#008E56,0,776
133558,48.5,6.625,57.125,#936D00,0,776
133569,48.5,10.5,5.875,#896D6A,1,776
133592,48.5,20.0,-51.375,#576DCB,1,776
133621,48.5,33.625,-69.375,#5166EA,1,776
133637,48.5,39.375,83.25,#BF5300,0,776
133670,48.5,58.125,24.0,#CF3D4E,1,776
133725,48.5,123.5,23.0,#FF0055,0,776
133749,48.5625,-80.0,-18.0,#009090,0,777
133760,48.5625,-58.75,-66.375,#0090E4,0,777
133815,48.5625,-20.125,83.0,#6F7B00,0,777
133889,48.5625,3.125,-0.625,#787274,1,777
133895,48.5625,4.75,22.875,#886F4D,1,777
133919,48.5625,11.75,-85.75,#0078FF,0,777
133947,48.5625,25.375,-84.625,#006FFF,0,777
133960,48.5625,30.875,-105.0,#0070FF,0,777
133973,48.5625,35.875,60.75,#BA5700,0,777
134008,48.5625,59.0,12.0,#CE3D62,1,777
134042,48.5625,85.875,-12.25,#E7008B,0,777
134074,48.5625,126.875,-16.0,#FF0093,0,777
134098,48.625,-102.125,41.5,#009222,0,778
134252,48.625,2.375,-101.0,#0080FF,0,778
134273,48.625,9.25,35.75,#936C36,1,778
134325,48.625,33.125,8.375,#AB5C67,1,778
134388,48.625,76.875,-65.125,#B62BE4,1,778
134410,48.625,94.625,61.625,#FF000E,0,778
134424,48.625,110.375,-44.5,#F700C1,0,778
134428,48.625,120.75,46.25,#FF0032,0,778
134433,48.6875,-103.875,-2.875,#009476,0,779
134450,48.6875,-86.0,-8.25,#009180,0,779
134501,48.6875,-36.875,17.375,#2D8355,1,779
134579,48.6875,-1.25,11.75,#7A7460,1,779
134644,48.6875,20.875,22.125,#9F654F,1,779
134725,48.6875,67.625,20.125,#DB2A56,1,779
134736,48.6875,76.375,-27.5,#D41AA4,1,779
134745,48.6875,85.25,63.25,#F50004,0,779
134749,48.6875,87.75,-50.25,#D400CB,0,779
134750,48.6875,88.125,16.625,#F3005D,0,779
134751,48.6875,88.5,5.25,#F0006F,0,779
134755,48.6875,101.625,-56.625,#E300D6,0,779
134778,48.6875,126.375,-32.5,#FF00AE,0,779
134808,48.75,-64.75,72.375,#008A00,0,780
134815,48.75,-55.625,-58.25,#008ED6,0,780
134817,48.75,-54.125,52.75,#008700,0,780
134823,48.75,-46.375,-17.375,#008890,0,780
134852,48.75,-24.5,-57.5,#0084D5,0,780
134934,48.75,8.25,73.25,#986D00,0,780
134947,48.75,12.5,-4.125,#866D7B,1,780
134973,48.75,22.75,62.0,#AA6300,0,780
135022,48.75,48.0,38.5,#C74B35,1,780
135041,48.75,66.875,44.125,#DE2A2D,1,780
135044,48.75,68.125,-61.625,#AC3DDE,1,780
135077,48.75,108.5,-16.625,#FF0093,0,780
135085,48.75,119.875,83.875,#FF0000,0,780
135091,48.8125,-128.0,-20.875,#009895,0,781
135108,48.8125,-83.875,33.0,#008F37,0,781
135111,48.8125,-81.75,-25.0,#00919D,0,781
135217,48.8125,-8.625,-95.0,#0084FF,0,781
135312,48.8125,24.5,83.625,#AE6100,0,781
135409,48.8125,109.5,-80.375,#DA00FF,0,781
135422,48.8125,126.5,-88.0,#EC00FF,0,781
135443,48.875,-102.625,65.375,#009200,0,782
135487,48.875,-61.5,30.125,#008A3D,0,782
135499,48.875,-53.125,-51.0,#008DCA,0,782
135505,48.875,-50.375,-61.25,#008EDC,0,782
135530,48.875,-30.375,-53.625,#0086CF,0,782
135595,48.875,-5.25,20.0,#787652,1,782
135654,48.875,14.25,83.75,#A16900,0,782
135660,48.875,15.625,63.375,#A16800,0,782
135727,48.875,47.375,16.0,#C14E5C,1,782
135728,48.875,47.625,-105.0,#0064FF,0,782
135777,48.875,94.875,-99.25,#A700FF,0,782
135807,48.875,127.0,-70.5,#FC00EF,0,782
135843,48.9375,-76.125,-33.625,#0091AC,0,783
135848,48.9375,-68.5,35.375,#008C33,0,783
135853,48.9375,-65.875,-43.625,#0090BD,0,783
135906,48.9375,-20.875,74.5,#6E7C00,0,783
135955,48.9375,-5.875,-11.0,#5E7887,1,783
135962,48.9375,-3.5,73.125,#887400,0,783
135997,48.9375,5.0,7.625,#827168,1,783
136134,48.9375,78.625,40.625,#EC0035,0,783
136144,48.9375,88.75,35.125,#F70040,0,783
136154,48.9375,98.75,47.875,#FF002C,0,783
136155,48.9375,100.5,-73.25,#D400F4,0,783
136172,49.0,-122.5,31.375,#009639,0,784
136182,49.0,-92.875,-48.5,#0096C6,0,784
136202,49.0,-68.125,67.125,#008C00,0,784
136207,49.0,-65.125,6.75,#008C67,0,784
136230,49.0,-39.375,24.125,#2E844A,1,784
136324,49.0,6.625,63.125,#966E00,0,784
136386,49.0,30.375,54.375,#B45D0E,1,784
136387,49.0,31.0,68.375,#B65D00,0,784
136459,49.0,73.625,53.75,#E80F1C,1,784
136466,49.0,82.625,-2.875,#E8007C,0,784
136472,49.0,88.75,-39.875,#DE00BA,0,784
136475,49.0,95.375,-37.75,#E800B6,0,784
136480,49.0,109.25,-4.0,#FF0080,0,784
136516,49.0625,-63.375,-10.875,#008D85,0,785
136536,49.0625,-47.0,62.125,#338600,0,785
136545,49.0625,-39.875,-48.875,#0089C7,0,785
136548,49.0625,-36.5,62.125,#4F8200,0,785
136595,49.0625,-14.125,-82.25,#0085FF,0,785
136628,49.0625,-4.0,37.75,#817532,1,785
136664,49.0625,4.25,48.0,#90701C,1,785
136724,49.0625,22.5,54.875,#AA6409,1,785
136728,49.0625,24.375,-64.0,#436DE2,1,785
136733,49.0625,25.5,-15.25,#94668F,1,785
136766,49.0625,39.25,-74.0,#5764F4,1,785
136820,49.0625,73.625,-46.0,#C42DC4,1,785
136822,49.0625,76.125,17.5,#E6065B,1,785
136840,49.0625,93.375,83.75,#FF0000,0,785
136859,49.125,-128.0,-4.0,#009879,0,786
136874,49.125,-95.25,-15.0,#00948C,0,786
136885,49.125,-78.75,-46.25,#0093C2,0,786
136895,49.125,-69.0,-24.625,#008F9D,0,786
136913,49.125,-45.625,-39.0,#008AB6,0,786
136918,49.125,-41.875,83.625,#478400,0,786
136932,49.125,-32.0,-71.75,#008AF0,0,786
137031,49.125,8.125,-52.0,#2875CD,1,786
137147,49.125,77.0,-13.25,#DD118D,1,786
137180,49.125,115.5,-73.0,#EB00F4,0,786
137201,49.1875,-87.0,-52.125,#0096CD,0,787
137213,49.1875,-71.5,50.125,#008D08,0,787
137218,49.1875,-62.875,-36.75,#008FB2,0,787
137308,49.1875,-6.5,5.375,#6D786C,1,787
137364,49.1875,10.875,-106.875,#007EFF,0,787
137366,49.1875,11.5,14.75,#906D5D,1,787
137384,49.1875,20.625,-112.625,#007AFF,0,787
137419,49.1875,35.5,-9.5,#A75D86,1,787
137448,49.1875,57.75,-24.0,#BE469F,1,787
137491,49.1875,93.375,-64.5,#D200E5,0,787
137496,49.1875,100.625,58.25,#FF001A,0,787
137503,49.1875,106.5,-71.875,#DF00F2,0,787
137507,49.1875,112.75,-30.875,#FF00AC,0,787
137561,49.25,-51.875,21.125,#00894F,0,788
137576,49.25,-39.875,-5.625,#00867D,0,788
137612,49.25,-13.375,-75.125,#0084F6,0,788
137619,49.25,-11.125,22.25,#70794F,1,788
137646,49.25,-0.75,-34.0,#4378AE,1,788
137659,49.25,5.0,13.625,#86715E,1,788
137722,49.25,27.25,-43.375,#7968BF,1,788
137725,49.25,28.875,-117.625,#0077FF,0,788
137735,49.25,32.5,-112.125,#0073FF,0,788
137738,49.25,34.0,48.125,#B85B21,1,788
137787,49.25,65.25,51.75,#DF2F1F,1,788
137817,49.25,102.75,0.125,#FF0079,0,788
137819,49.25,105.375,7.75,#FF006D,0,788
137821,49.25,110.375,75.875,#FF0000,0,788
137826,49.25,113.875,-54.375,#F700D4,0,788
137838,49.25,126.5,-44.25,#FF00C3,0,788
137839,49.25,126.75,-100.375,#E000FF,0,788
137854,49.3125,-97.0,30.75,#00933C,0,789
137858,49.3125,-88.125,28.75,#009140,0,789
137920,49.3125,-38.5,-59.125,#008BDA,0,789
138020,49.3125,4.625,-13.25,#72748C,1,789
138069,49.3125,21.0,13.875,#9E675F,1,789
138114,49.3125,44.5,-95.75,#0065FF,0,789
138148,49.3125,72.875,42.5,#E71732,1,789
138166,49.3125,84.5,-94.5,#9C2BFF,0,789
138181,49.3125,98.0,-17.75,#F60096,0,789
138204,49.3125,124.75,-10.25,#FF008B,0,789
138259,49.375,-60.375,83.0,#008A00,0,790
138264,49.375,-54.375,-37.875,#008EB5,0,790
138275,49.375,-46.5,6.0,#00886A,0,790
138306,49.375,-29.125,-3.5,#22837A,1,790
138331,49.375,-15.875,30.5,#6C7C40,1,790
138359,49.375,-4.0,-4.5,#6A787D,1,790
138463,49.375,37.625,-92.625,#006AFF,0,790
138510,49.375,56.5,-77.375,#7F54FB,1,790
138513,49.375,59.0,41.75,#D63D32,1,790
138638,49.4375,-44.25,-10.5,#008986,0,791
138679,49.4375,-14.875,-28.375,#0A7FA5,1,791
138699,49.4375,-6.625,13.75,#73785E,1,791
138847,49.4375,61.25,-87.875,#7352FF,0,791
138906,49.4375,116.0,-109.125,#C100FF,0,791
138930,49.5,-89.625,12.0,#00935F,0,792
138951,49.5,-56.75,65.5,#008A00,0,792
138960,49.5,-47.75,-73.875,#0090F4,0,792
138969,49.5,-40.5,-34.625,#0089B0,0,792
139034,49.5,-11.625,-50.5,#0080CB,0,792
139097,49.5,4.75,-68.75,#007BEC,0,792
139140,49.5,18.0,-67.125,#0073E9,0,792
139145,49.5,19.875,-45.125,#676EC3,1,792
139180,49.5,40.25,54.625,#C25512,1,792
139219,49.5,69.75,-67.875,#A93FEB,1,792
139238,49.5,83.375,25.125,#F10051,0,792
139252,49.5,107.5,-63.0,#E900E3,0,792
139278,49.5625,-106.75,32.25,#009539,0,793
139291,49.5625,-90.5,-20.875,#009597,0,793
139292,49.5625,-86.875,-14.75,#00948D,0,793
139299,49.5625,-82.5,-0.875,#009275,0,793
139300,49.5625,-81.625,-55.875,#0096D4,0,793
139322,49.5625,-50.875,-28.75,#008CA5,0,793
139346,49.5625,-30.75,75.625,#5E8100,0,793
139453,49.5625,8.0,-62.875,#0078E2,0,793
139471,49.5625,13.25,21.125,#976D53,1,793
139511,49.5625,27.0,-36.75,#8368B5,1,793
139541,49.5625,41.625,41.75,#C25430,1,793
139546,49.5625,44.625,69.0,#C85000,0,793
139554,49.5625,47.625,45.0,#CA4D2B,1,793
139555,49.5625,48.625,-82.625,#5D5FFF,0,793
139559,49.5625,49.5,53.25,#CD4B18,1,793
139572,49.5625,61.625,-105.875,#2158FF,0,793
139588,49.5625,82.125,16.5,#EE005E,0,793
139625,49.5625,118.0,-116.75,#B900FF,0,793
139628,49.5625,122.5,-65.375,#FC00E8,0,793
139631,49.625,-115.5,73.25,#009600,0,794
139638,49.625,-92.625,64.125,#009300,0,794
139649,49.625,-68.75,11.5,#008F61,0,794
139665,49.625,-56.875,7.375,#008C68,0,794
139676,49.625,-43.25,32.625,#2C873B,1,794
139723,49.625,-11.0,-67.625,#0082EA,0,794
139757,49.625,1.375,42.375,#8C732B,1,794
139780,49.625,7.75,85.0,#9B6F00,0,794
139876,49.625,51.75,-100.125,#0061FF,0,794
139911,49.625,69.0,26.5,#E1294D,1,794
139912,49.625,69.375,8.0,#DD2B6C,1,794
139916,49.625,70.75,-29.75,#CD31AA,1,794
139920,49.625,75.75,61.5,#ED0208,1,794
139930,49.625,87.375,-106.0,#8B2CFF,0,794
139939,49.625,93.625,-73.75,#CA00F6,0,794
139944,49.625,101.0,-49.75,#EA00CD,0,794
139955,49.625,120.25,5.75,#FF0072,0,794
140010,49.6875,-54.5,74.75,#1C8A00,0,795
140073,49.6875,-19.625,-68.75,#0086EC,0,795
140079,49.6875,-17.25,51.125,#727D11,1,795
140134,49.6875,4.125,-26.75,#6176A3,1,795
140156,49.6875,15.625,-101.375,#007CFF,0,795
140210,49.6875,36.0,-122.25,#0074FF,0,795
140238,49.6875,48.5,-20.375,#B4529A,1,795
140288,49.6875,91.0,-27.0,#EA00A6,0,795
140310,49.6875,117.875,-79.875,#EA00FF,0,795
140311,49.6875,122.5,69.625,#FF000A,0,795
140344,49.75,-76.0,-59.0,#0096DA,0,796
140345,49.75,-75.875,29.625,#009040,0,796
140367,49.75,-45.5,55.0,#378700,0,796
140381,49.75,-35.125,37.25,#498433,1,796
140385,49.75,-33.375,56.5,#568300,0,796
140432,49.75,-11.75,62.25,#7D7A00,0,796
140452,49.75,-3.0,55.25,#897601,1,796
140507,49.75,12.75,-79.25,#0079FF,0,796
140519,49.75,17.125,-90.875,#0079FF,0,796
140598,49.75,67.125,-122.0,#0058FF,0,796
140638,49.75,113.25,12.875,#FF0067,0,796
140647,49.8125,-128.0,19.125,#009952,0,797
140650,49.8125,-125.125,70.125,#009800,0,797
140744,49.8125,-27.125,20.375,#508253,1,797
140757,49.8125,-20.625,41.375,#697F2B,1,797
140780,49.8125,-6.0,26.0,#7C784A,1,797
140831,49.8125,7.75,-32.5,#6075AE,1,797
140901,49.8125,30.25,-90.125,#0070FF,0,797
140944,49.8125,56.75,-83.375,#7457FF,0,797
140960,49.8125,71.625,-54.625,#BC38D5,1,797
140964,49.8125,78.75,-91.75,#9639FF,0,797
140983,49.8125,105.5,33.875,#FF0045,0,797
140995,49.8125,126.875,-23.875,#FF00A3,0,797
141005,49.875,-122.25,-9.0,#009A84,0,798
141031,49.875,-74.875,72.5,#008F00,0,798
141044,49.875,-55.125,-13.0,#008D8B,0,798
141045,49.875,-53.25,40.375,#008A2B,0,798
141081,49.875,-28.875,-47.625,#0088C7,0,798
141082,49.875,-28.5,30.125,#558241,1,798
141090,49.875,-26.125,-77.125,#008BFB,0,798
141132,49.875,-5.375,43.625,#837828,1,798
141170,49.875,6.875,-95.375,#007FFF,0,798
141229,49.875,30.0,61.125,#B76000,0,798
141265,49.875,55.875,-34.625,#B54CB2,1,798
141290,49.875,71.75,-111.875,#3F4EFF,0,798
141299,49.875,78.75,-74.25,#B230F8,1,798
141308,49.875,83.875,48.5,#F7002A,0,798
141326,49.875,97.375,-110.75,#9900FF,0,798
141330,49.875,100.75,39.875,#FF003B,0,798
141360,49.9375,-111.375,15.75,#009859,0,799
141378,49.9375,-80.75,22.25,#00924E,0,799
141449,49.9375,-24.5,-87.875,#008CFF,0,799
141472,49.9375,-15.5,-92.875,#0089FF,0,799
141619,49.9375,31.375,-57.875,#6C69DA,1,799
141650,49.9375,46.125,31.625,#C75144,1,799
141651,49.9375,47.125,85.625,#CD4E00,0,799
141660,49.9375,53.0,-66.5,#8D57EA,1,799
141666,49.9375,56.75,77.0,#D94100,0,799
141676,49.9375,65.875,37.875,#E0313B,1,799
141683,49.9375,73.0,85.625,#EC1700,0,799
141693,49.9375,81.875,-103.25,#8539FF,0,799
141696,49.9375,87.875,-124.875,#493AFF,0,799
141698,49.9375,88.5,-68.125,#C900ED,0,799
141714,49.9375,104.125,-11.75,#FF008E,0,799
141718,49.9375,110.25,64.125,#FF0012,0,799
141727,49.9375,121.375,-128.0,#AA00FF,0,799
141728,49.9375,122.25,52.25,#FF002B,0,799
141747,50.0,-99.5,78.25,#009500,0,800
141781,50.0,-55.75,16.375,#008C59,0,800
141813,50.0,-30.25,-24.625,#0086A0,0,800
141886,50.0,1.75,-5.875,#757681,1,800
141911,50.0,10.125,51.125,#9C6F17,1,800
141944,50.0,22.5,-26.875,#876BA5,1,800
141981,50.0,40.375,-5.75,#B25A82,1,800
142000,50.0,52.5,-110.75,#0064FF,0,800
142001,50.0,53.875,45.25,#D3462C,1,800
142020,50.0,66.625,-91.125,#7B4EFF,0,800
142031,50.0,73.375,-101.375,#7348FF,0,800
142050,50.0,94.125,76.375,#FF0000,0,800
142067,50.0,118.75,-97.125,#D900FF,0,800
142077,50.0625,-116.625,-18.5,#009A94,0,801
142085,50.0625,-96.375,-7.875,#009782,0,801
142089,50.0625,-92.125,23.875,#00944B,0,801
142123,50.0625,-38.875,76.0,#4F8600,0,801
142205,50.0625,-3.125,-25.75,#517BA2,1,801
142237,50.0625,5.875,-82.125,#007EFF,0,801
142273,50.0625,16.25,-8.75,#8C6E86,1,801
142295,50.0625,26.0,34.875,#AE643D,1,801
142340,50.0625,46.5,-118.125,#006CFF,0,801
142356,50.0625,55.25,-4.375,#C74980,1,801
142377,50.0625,74.0,-120.75,#0050FF,0,801
142400,50.0625,89.875,28.875,#FC004C,0,801
142404,50.0625,94.25,3.625,#FB0075,0,801
142410,50.0625,103.125,-128.0,#7A00FF,0,801
142411,50.0625,103.5,-93.375,#C400FF,0,801
142412,50.0625,104.5,85.625,#FF0000,0,801
142416,50.0625,109.375,-37.875,#FE00BA,0,801
142417,50.0625,109.875,56.375,#FF0022,0,801
142420,50.0625,114.875,25.75,#FF0054,0,801
142498,50.125,-33.375,-38.375,#0089B8,0,802
142538,50.125,-10.75,85.625,#827A00,0,802
142570,50.125,-0.875,30.0,#867644,1,802
142682,50.125,38.125,-62.375,#7465E3,1,802
142701,50.125,45.125,-36.625,#A45AB6,1,802
142705,50.125,46.375,-127.375,#006FFF,0,802
142741,50.125,71.875,-84.25,#9643FF,0,802
142761,50.125,94.25,14.0,#FE0065,0,802
142766,50.125,97.0,-3.125,#FD0080,0,802
142771,50.125,100.375,-29.25,#F700AB,0,802
142786,50.125,126.0,41.875,#FF003C,0,802
142793,50.1875,-108.875,-6.375,#009980,0,803
142824,50.1875,-60.375,-23.125,#00909D,0,803
142896,50.1875,-11.75,-44.375,#0081C3,0,803
143000,50.1875,20.25,48.25,#A96921,1,803
143058,50.1875,51.0,-50.125,#A056CE,1,803
143069,50.1875,55.5,5.625,#CC4870,1,803
143137,50.1875,120.875,-54.75,#FF00D8,0,803
143142,50.25,-128.0,-31.875,#009DAC,0,804
143146,50.25,-116.875,26.625,#009946,0,804
143155,50.25,-99.5,14.0,#00975D,0,804
143179,50.25,-68.25,56.375,#008F00,0,804
143194,50.25,-55.75,58.375,#038C00,0,804
143204,50.25,-51.0,-44.75,#0090C3,0,804
143244,50.25,-22.375,-30.875,#0084AB,0,804
143255,50.25,-18.25,-46.125,#0084C6,0,804
143263,50.25,-14.0,-61.875,#0085E1,0,804
143264,50.25,-13.875,73.125,#7C7C00,0,804
143296,50.25,0.75,65.375,#917500,0,804
143335,50.25,15.375,76.625,#A66C00,0,804
143336,50.25,15.5,11.125,#976E65,1,804
143341,50.25,18.25,4.625,#986C70,1,804
143403,50.25,55.25,67.75,#D74400,0,804
143411,50.25,63.875,-57.375,#AE47DB,1,804
143428,50.25,79.25,-42.0,#D31EC1,1,804
143475,50.3125,-122.375,22.625,#009A4D,0,805
143484,50.3125,-108.5,66.5,#009700,0,805
143516,50.3125,-81.25,-36.875,#0096B5,0,805
143566,50.3125,-36.5,43.25,#4B8627,1,805
143580,50.3125,-26.125,51.0,#648212,1,805
143670,50.3125,7.25,28.75,#937247,1,805
143748,50.3125,40.125,6.125,#B85A6F,1,805
143758,50.3125,44.625,-42.625,#9E5CC1,1,805
143765,50.3125,49.0,-6.625,#BE5284,1,805
143768,50.3125,52.75,11.5,#CB4B67,1,805
143790,50.3125,63.625,-71.25,#9C4CF3,1,805
143818,50.3125,85.875,-79.25,#B91EFF,0,805
143824,50.3125,89.0,56.875,#FF001C,0,805
143825,50.3125,93.125,-80.25,#C400FF,0,805
143837,50.3125,114.75,46.125,#FF0034,0,805
143845,50.3125,126.25,-114.75,#CF00FF,0,805
143866,50.375,-89.625,-42.0,#0099BE,0,806
143904,50.375,-46.5,42.25,#2C8A29,1,806
143974,50.375,-7.0,-80.375,#0085FF,0,806
143984,50.375,-4.625,-99.625,#0087FF,0,806
144006,50.375,0.125,6.125,#7D776E,1,806
144089,50.375,31.0,-24.0,#9965A1,1,806
144127,50.375,56.625,31.75,#D54445,1,806
144132,50.375,61.0,86.5,#E03B00,0,806
144138,50.375,64.875,-47.375,#BA43CA,1,806
144144,50.375,66.75,-15.25,#D23894,1,806
144155,50.375,73.75,67.375,#EE1700,0,806
144161,50.375,80.875,53.875,#F50020,0,806
144183,50.375,103.5,26.75,#FF0052,0,806
144190,50.375,113.25,-60.875,#F500E2,0,806
144212,50.4375,-103.875,-12.125,#00998B,0,807
144215,50.4375,-97.75,49.625,#00960D,0,807
144220,50.4375,-92.375,70.625,#009500,0,807
144273,50.4375,-35.0,86.0,#5A8500,0,807
144274,50.4375,-34.375,-32.125,#008AAE,0,807
144289,50.4375,-25.75,86.125,#6B8200,0,807
144292,50.4375,-23.875,69.0,#6C8100,0,807
144294,50.4375,-22.125,61.375,#6E8000,0,807
144298,50.4375,-18.375,13.125,#5F8061,1,807
144312,50.4375,-12.625,37.125,#777D36,1,807
144377,50.4375,8.125,-44.125,#4B78C3,1,807
144393,50.4375,14.0,-50.5,#4D75CE,1,807
144430,50.4375,30.0,-81.0,#0070FF,0,807
144456,50.4375,41.75,-79.75,#5266FF,0,807
144466,50.4375,48.25,75.0,#D04E00,0,807
144476,50.4375,55.75,-123.625,#0066FF,0,807
144492,50.4375,65.875,-3.5,#D73880,1,807
144501,50.4375,80.25,-48.25,#D01FCC,1,807
144506,50.4375,84.125,-86.375,#AC2AFF,0,807
144511,50.4375,88.75,44.75,#FE0033,0,807
144512,50.4375,88.875,-90.25,#AF1CFF,0,807
144513,50.4375,89.375,-2.0,#F5007F,0,807
144548,50.4375,122.125,-84.125,#EE00FF,0,807
144550,50.4375,122.25,-28.25,#FF00AB,0,807
144554,50.4375,126.125,-59.75,#FF00E1,0,807
144640,50.5,-36.375,-81.875,#0090FF,0,808
144663,50.5,-20.0,-81.75,#008BFF,0,808
144689,50.5,-10.125,52.875,#807B0E,1,808
144786,50.5,25.125,-95.75,#0076FF,0,808
144803,50.5,33.5,-39.875,#8E66BD,1,808
144815,50.5,38.75,-35.25,#9C61B5,1,808
144852,50.5,73.25,-8.75,#DE2789,1,808
144861,50.5,83.125,3.125,#EF0076,0,808
144876,50.5,109.875,-107.75,#BC00FF,0,808
144882,50.5,121.75,-1.125,#FF007F,0,808
144889,50.5625,-121.375,15.875,#009B5A,0,809
144893,50.5625,-111.25,6.625,#009A6B,0,809
144900,50.5625,-98.75,-47.625,#009BC8,0,809
144910,50.5625,-80.0,63.375,#009300,0,809
144928,50.5625,-64.0,18.875,#009056,0,809
144943,50.5625,-51.125,85.5,#328B00,0,809
144975,50.5625,-31.25,-64.875,#008CE7,0,809
145081,50.5625,2.75,75.0,#967400,0,809
145143,50.5625,22.375,-105.375,#007BFF,0,809
145161,50.5625,31.5,-0.75,#AA637B,1,809
145177,50.5625,36.75,-27.875,#9F62A8,1,809
145212,50.5625,57.875,-57.625,#A451DC,1,809
145243,50.5625,82.25,35.875,#F50041,0,809
145300,50.625,-76.0,-40.0,#0096BB,0,810
145308,50.625,-69.625,-34.75,#0095B2,0,810
145334,50.625,-49.5,0.375,#008D77,0,810
145338,50.625,-45.5,24.25,#128A4D,1,810
145505,50.625,22.125,76.125,#B06800,0,810
145512,50.625,25.25,-4.0,#9F6980,1,810
145533,50.625,35.125,25.625,#B95E4F,1,810
145537,50.625,35.875,13.5,#B65E63,1,810
145597,50.625,68.625,-105.75,#5552FF,0,810
145599,50.625,70.75,1.75,#DF2C78,1,810
145642,50.6875,-128.0,-14.875,#009D90,0,811
145645,50.6875,-117.25,39.5,#009A2C,0,811
145652,50.6875,-97.25,38.375,#00972F,0,811
145714,50.6875,-32.75,2.25,#248774,1,811
145715,50.6875,-31.75,-16.375,#008894,0,811
145743,50.6875,-19.625,-13.25,#37838F,1,811
145754,50.6875,-14.5,2.5,#5E8074,1,811
145904,50.6875,40.125,-117.625,#0072FF,0,811
145936,50.6875,59.25,-16.0,#C94695,1,811
145952,50.6875,80.625,67.375,#F70000,0,811
145957,50.6875,86.375,10.625,#F6006B,0,811
145980,50.6875,115.375,70.125,#FF0006,0,811
145989,50.6875,126.625,-123.25,#C200FF,0,811
146079,50.75,-35.375,-11.375,#00898B,0,812
146095,50.75,-28.625,12.375,#478563,1,812
146105,50.75,-23.125,-7.625,#378485,1,812
146134,50.75,-7.5,-19.125,#527E99,1,812
146297,50.75,62.75,-77.875,#9050FF,0,812
146335,50.75,100.0,-41.5,#F100C2,0,812
146338,50.75,106.375,-52.375,#F300D5,0,812
146346,50.75,119.75,15.375,#FF0066,0,812
146351,50.8125,-122.375,-21.5,#009D9C,0,813
146357,50.8125,-111.5,-22.75,#009C9E,0,813
146362,50.8125,-104.0,9.625,#009966,0,813
146375,50.8125,-79.875,-6.625,#009582,0,813
146377,50.8125,-78.0,4.125,#009470,0,813
146412,50.8125,-42.5,-54.375,#0090D5,0,813
146413,50.8125,-41.875,-28.125,#008DA8,0,813
146449,50.8125,-17.625,22.75,#688051,1,813
146469,50.8125,-8.625,-3.0,#657E7E,1,813
146491,50.8125,0.0,-72.75,#0081F7,0,813
146567,50.8125,29.375,87.125,#BA6200,0,813
146582,50.8125,39.25,-104.75,#006FFF,0,813
146596,50.8125,52.25,19.5,#CE4C5B,1,813
146598,50.8125,53.125,59.125,#D6490A,1,813
146609,50.8125,63.375,74.25,#E33800,0,813
146634,50.8125,83.875,-120.0,#5541FF,0,813
146639,50.8125,87.875,86.25,#FF0000,0,813
146641,50.8125,90.375,-16.75,#F20098,0,813
146651,50.8125,107.375,-116.625,#A600FF,0,813
146663,50.8125,120.875,-90.0,#E800FF,0,813
146678,50.875,-107.75,56.125,#009900,0,814
146680,50.875,-106.25,23.875,#00994D,0,814
146685,50.875,-88.625,39.25,#00962E,0,814
146695,50.875,-71.25,-18.0,#009496,0,814
146716,50.875,-52.125,34.5,#008D3A,0,814
146766,50.875,-17.75,-55.25,#0087D8,0,814
146885,50.875,26.25,18.0,#AB675C,1,814
146892,50.875,30.125,40.875,#B76334,1,814
146895,50.875,31.75,31.875,#B76244,1,814
146977,50.875,110.625,-25.0,#FF00A7,0,814
146980,50.875,116.375,-42.125,#FF00C4,0,814
147045,50.9375,-46.875,-65.875,#0093EA,0,815
147083,50.9375,-20.75,7.125,#55836D,1,815
147230,50.9375,32.375,75.75,#BE6000,0,815
147236,50.9375,35.375,-46.25,#8A66C9,1,815
147238,50.9375,36.875,35.0,#BF5D3F,1,815
147302,50.9375,76.25,-58.625,#C333DF,1,815
147327,50.9375,108.75,-96.75,#CC00FF,0,815
147328,50.9375,110.5,5.125,#FF0076,0,815
147330,50.9375,115.0,59.875,#FF001E,0,815
147343,51.0,-128.0,37.625,#009C31,0,816
147348,51.0,-117.75,54.625,#009B00,0,816
147352,51.0,-117.375,46.625,#009B19,0,816
147392,51.0,-65.125,41.875,#00912A,0,816
147397,51.0,-62.875,-57.375,#0096DB,0,816
147421,51.0,-40.875,69.25,#4C8900,0,816
147637,51.0,47.25,23.125,#C95355,1,816
147655,51.0,61.125,-94.25,#6658FF,0,816
147672,51.0,75.0,10.625,#E91E6B,1,816
147684,51.0,79.625,87.5,#F80000,0,816
147708,51.0,94.625,-55.75,#E100DB,0,816
147709,51.0,95.5,-85.875,#C300FF,0,816
147730,51.0,114.0,-9.625,#FF008E,0,816
147749,51.0625,-100.375,21.375,#009952,0,817
147753,51.0625,-95.0,-24.75,#009AA2,0,817
147769,51.0625,-74.625,22.125,#009451,0,817
147785,51.0625,-58.5,22.875,#008F50,0,817
147847,51.0625,-21.0,-38.875,#0087BB,0,817
147905,51.0625,-0.25,87.25,#947700,0,817
147946,51.0625,9.375,-17.625,#7B7698,1,817
147978,51.0625,19.25,32.875,#A76C42,1,817
148037,51.0625,52.0,-87.375,#5E60FF,0,817
148077,51.0625,98.75,-66.75,#DE00EE,0,817
148089,51.0625,115.625,39.0,#FF0041,0,817
148094,51.0625,122.75,78.875,#FF0000,0,817
148108,51.125,-88.0,53.0,#009600,0,818
148109,51.125,-87.125,82.875,#009500,0,818
148133,51.125,-53.0,-18.5,#009098,0,818
148217,51.125,-2.25,-92.0,#0086FF,0,818
148241,51.125,4.75,-106.25,#0086FF,0,818
148349,51.125,59.5,-41.125,#B94CC1,1,818
148378,51.125,74.5,36.5,#EE1C41,1,818
148413,51.125,101.375,69.125,#FF0001,0,818
148436,51.1875,-128.0,44.75,#009D1F,0,819
148446,51.1875,-103.875,-35.125,#009DB4,0,819
148448,51.1875,-101.5,59.625,#009900,0,819
148466,51.1875,-75.625,43.5,#009426,0,819
148518,51.1875,-30.625,-86.375,#0091FF,0,819
148732,51.1875,71.25,-127.875,#0059FF,0,819
148767,51.1875,114.25,-103.125,#CD00FF,0,819
148773,51.1875,126.875,31.25,#FF004F,0,819
148786,51.25,-115.125,-0.875,#009D79,0,820
148789,51.25,-112.0,-36.375,#009EB7,0,820
148796,51.25,-106.375,-18.5,#009C98,0,820
148809,51.25,-95.0,-1.125,#00997A,0,820
148830,51.25,-73.875,-52.125,#0099D2,0,820
148835,51.25,-71.75,-8.0,#009586,0,820
148848,51.25,-64.0,-67.625,#0098EE,0,820
148871,51.25,-46.625,77.625,#408B00,0,820
149002,51.25,7.875,18.625,#92745B,1,820
149066,51.25,39.625,-15.875,#AF5F96,1,820
149073,51.25,41.25,-68.25,#7366F0,1,820
149081,51.25,45.625,1.0,#C0577A,1,820
149095,51.25,62.125,56.875,#E23C17,1,820
149119,51.25,89.25,-98.25,#A526FF,0,820
149123,51.25,94.75,43.0,#FF0038,0,820
149137,51.25,112.625,88.25,#FF0000,0,820
149139,51.25,115.875,78.125,#FF0000,0,820
149141,51.25,117.0,32.375,#FF004C,0,820
149143,51.25,118.75,-17.0,#FF009B,0,820
149158,51.3125,-111.875,35.75,#009B36,0,821
149175,51.3125,-77.375,51.5,#00940A,0,821
149181,51.3125,-72.625,85.25,#009300,0,821
149187,51.3125,-69.75,-64.625,#009AE9,0,821
149190,51.3125,-65.625,86.0,#009100,0,821
149196,51.3125,-58.875,-41.5,#0094C0,0,821
149198,51.3125,-57.625,47.875,#008F1B,0,821
149216,51.3125,-38.625,53.875,#4E8905,1,821
149315,51.3125,-0.625,-49.75,#007FCF,0,821
149324,51.3125,1.25,17.0,#87795D,1,821
149351,51.3125,8.75,0.5,#8A757A,1,821
149423,51.3125,39.875,-127.0,#0077FF,0,821
149442,51.3125,48.5,-13.625,#BD5693,1,821
149450,51.3125,54.0,-43.875,#AF54C6,1,821
149463,51.3125,64.375,-25.0,#CC42A6,1,821
149469,51.3125,67.75,65.875,#EA3000,0,821
149479,51.3125,78.375,-97.75,#8E41FF,0,821
149484,51.3125,80.375,77.75,#F90000,0,821
149500,51.3125,90.625,-118.625,#7733FF,0,821
149503,51.3125,98.25,88.0,#FF0000,0,821
149545,51.375,-80.25,84.5,#009500,0,822
149560,51.375,-63.75,50.5,#009111,0,822
149580,51.375,-46.375,-32.75,#0090B1,0,822
149668,51.375,-0.875,-66.75,#0082ED,0,822
149679,51.375,4.0,-20.125,#6E7A9D,1,822
149721,51.375,21.375,-58.125,#5374DF,1,822
149760,51.375,33.125,-99.25,#0074FF,0,822
149771,51.375,39.25,65.75,#C75B00,0,822
149779,51.375,44.375,50.5,#CC5623,1,822
149807,51.375,58.25,-116.25,#0064FF,0,822
149831,51.375,76.5,23.5,#EF1657,1,822
149840,51.375,86.5,-33.375,#E600B5,0,822
149848,51.375,93.875,-21.625,#F600A2,0,822
149872,51.4375,-128.0,1.625,#009F75,0,823
149963,51.4375,-24.25,-44.125,#008AC6,0,823
150078,51.4375,13.0,30.125,#9F7147,1,823
150083,51.4375,15.5,-27.5,#7D74AA,1,823
150113,51.4375,24.0,-69.75,#2F74F3,1,823
150161,51.4375,45.75,-74.625,#7164FC,1,823
150202,51.4375,69.0,76.5,#EC2D00,0,823
150204,51.4375,69.625,-96.625,#7A4FFF,0,823
150210,51.4375,72.875,-90.125,#9248FF,0,823
150233,51.4375,109.25,24.0,#FF0059,0,823
150244,51.4375,125.0,64.25,#FF001A,0,823
150287,51.5,-45.75,-5.0,#008E82,0,824
150336,51.5,-16.875,88.0,#7D8100,0,824
150340,51.5,-15.0,-22.5,#3384A1,1,824
150350,51.5,-11.125,8.875,#6D806B,1,824
150376,51.5,-2.875,1.25,#767C78,1,824
150433,51.5,18.25,-14.75,#8E7194,1,824
150531,51.5,76.25,4.375,#EA1E77,1,824
150533,51.5,79.75,-81.875,#AE37FF,0,824
150545,51.5,91.125,-44.875,#E500C9,0,824
150562,51.5,114.0,-67.5,#F500F1,0,824
150572,51.5,126.375,5.75,#FF0077,0,824
150579,51.5625,-121.0,-2.875,#009E7D,0,825
150583,51.5625,-107.5,47.125,#009B1A,0,825
150585,51.5625,-105.25,79.625,#009A00,0,825
150599,51.5625,-80.375,74.375,#009500,0,825
150604,51.5625,-73.0,-29.0,#0097AB,0,825
150662,51.5625,-25.625,78.5,#6D8500,0,825
150702,51.5625,-8.0,76.625,#897D00,0,825
150770,51.5625,14.75,56.625,#A77009,1,825
150809,51.5625,29.125,-11.0,#A3698E,1,825
150855,51.5625,54.0,87.75,#DB4900,0,825
150861,51.5625,57.5,-70.125,#9557F5,1,825
150920,51.5625,115.125,-128.0,#A100FF,0,825
150954,51.625,-100.375,-16.875,#009C96,0,826
151017,51.625,-38.75,-71.25,#0093F6,0,826
151026,51.625,-32.375,65.875,#5F8700,0,826
151040,51.625,-26.625,-68.875,#008EF2,0,826
151158,51.625,19.25,88.25,#B06C00,0,826
151165,51.625,21.625,-39.75,#7972BF,1,826
151206,51.625,43.25,79.75,#CE5700,0,826
151213,51.625,49.375,-31.375,#B358B2,1,826
151229,51.625,62.25,18.625,#DD405F,1,826
151241,51.625,71.875,-36.625,#D037BB,1,826
151252,51.625,81.625,-26.0,#E410A9,1,826
151261,51.625,95.125,-104.875,#A614FF,0,826
151283,51.625,119.375,-60.5,#FF00E6,0,826
151289,51.625,122.75,-74.0,#FC00FD,0,826
151291,51.625,123.875,88.875,#FF0000,0,826
151298,51.6875,-122.875,64.875,#009D00,0,827
151303,51.6875,-122.25,8.5,#009E6A,0,827
151311,51.6875,-106.875,39.25,#009B30,0,827
151313,51.6875,-106.125,3.625,#009C73,0,827
151331,51.6875,-76.375,9.875,#009668,0,827
151351,51.6875,-58.125,-71.5,#0099F6,0,827
151384,51.6875,-34.5,28.125,#498949,1,827
151440,51.6875,-7.0,-72.5,#0087F9,0,827
151501,51.6875,10.375,-68.125,#007DF1,0,827
151534,51.6875,24.75,69.0,#B66800,0,827
151535,51.6875,24.875,-48.75,#7271CF,1,827
151540,51.6875,26.75,48.5,#B66725,1,827
151615,51.6875,77.625,-111.125,#664AFF,0,827
151645,51.6875,102.875,-101.25,#BD00FF,0,827
151646,51.6875,103.125,12.875,#FF006B,0,827
151647,51.6875,103.625,53.625,#FF0029,0,827
151668,51.75,-116.625,12.25,#009E64,0,828
151673,51.75,-111.25,28.25,#009C46,0,828
151685,51.75,-83.75,16.625,#00985C,0,828
151701,51.75,-67.125,25.375,#00944D,0,828
151713,51.75,-55.875,-1.875,#00927D,0,828
151737,51.75,-34.625,-46.625,#008FCB,0,828
151971,51.75,82.5,-69.5,#C42AF5,1,828
151988,51.75,96.125,20.0,#FF005F,0,828
151989,51.75,100.875,-35.625,#F900BB,0,828
151992,51.75,102.5,-107.25,#B200FF,0,828
152025,51.8125,-95.75,-40.875,#009EC0,0,829
152031,51.8125,-84.75,-47.0,#009CCB,0,829
152059,51.8125,-50.75,69.5,#338E00,0,829
152060,51.8125,-50.375,-55.875,#0095DB,0,829
152064,51.8125,-45.625,88.0,#478C00,0,829
152074,51.8125,-38.5,4.125,#008C73,0,829
152112,51.8125,-13.875,-7.625,#568388,1,829
152160,51.8125,1.0,-12.875,#717C91,1,829
152249,51.8125,26.375,24.5,#B06953,1,829
152314,51.8125,73.875,-78.5,#A942FF,0,829
152317,51.8125,82.0,-16.0,#EA0599,1,829
152341,51.8125,105.0,-122.125,#9700FF,0,829
152347,51.8125,115.25,-92.0,#E000FF,0,829
152353,51.8125,126.875,48.875,#FF0035,0,829
152360,51.875,-107.625,-44.75,#00A0C7,0,830
152377,51.875,-87.0,7.0,#00996E,0,830
152439,51.875,-26.5,41.0,#648631,1,830
152491,51.875,-3.625,-57.875,#0083DF,0,830
152498,51.875,-2.25,-19.625,#627E9D,1,830
152518,51.875,5.25,-88.875,#0084FF,0,830
152557,51.875,17.625,-83.375,#007CFF,0,830
152596,51.875,35.5,88.875,#C65F00,0,830
152632,51.875,62.875,-10.625,#D44390,1,830
152646,51.875,69.5,14.0,#E53267,1,830
152683,51.875,102.875,63.25,#FF0015,0,830
152684,51.875,103.125,79.625,#FF0000,0,830
152686,51.875,104.75,-20.25,#FF00A1,0,830
152714,51.9375,-114.5,67.25,#009D00,0,831
152722,51.9375,-91.625,58.25,#009900,0,831
152740,51.9375,-70.25,-0.875,#00967C,0,831
152818,51.9375,-20.125,-62.25,#008BE7,0,831
152843,51.9375,-11.875,-35.75,#0085B9,0,831
152847,51.9375,-11.125,-56.0,#0087DC,0,831
152873,51.9375,-1.0,-79.625,#0086FF,0,831
152915,51.9375,10.5,42.5,#A07431,1,831
152920,51.9375,12.25,88.75,#A87200,0,831
152926,51.9375,15.0,-113.5,#0084FF,0,831
152936,51.9375,17.75,42.625,#AA6F31,1,831
152976,51.9375,38.0,-85.0,#2A6EFF,0,831
153025,51.9375,80.875,-9.125,#EC0C8E,1,831
153033,51.9375,87.625,77.75,#FF0000,0,831
153068,52.0,-117.625,-39.625,#00A2BE,0,832
153082,52.0,-88.625,-3.625,#009A80,0,832
153103,52.0,-64.625,-29.625,#0097AD,0,832
153106,52.0,-62.75,-48.875,#0098CF,0,832
153131,52.0,-42.625,10.125,#008E69,0,832
153133,52.0,-42.625,47.625,#428C20,1,832
153173,52.0,-21.375,-92.75,#0091FF,0,832
153270,52.0,7.5,78.625,#A17500,0,832
153315,52.0,28.375,6.875,#AD6971,1,832
153319,52.0,30.75,-65.375,#5F70ED,1,832
153352,52.0,44.125,-86.375,#476AFF,0,832
153359,52.0,48.5,7.125,#C95572,1,832
153374,52.0,60.375,48.25,#E1422C,1,832
153408,52.0,105.375,-44.625,#FB00CB,0,832
153414,52.0,107.5,-86.5,#DA00FF,0,832
153419,52.0,115.0,53.5,#FF002C,0,832
153426,52.0,126.375,-38.625,#FF00C1,0,832
153466,52.0625,-64.0,77.5,#009300,0,833
153480,52.0625,-50.625,46.75,#258F21,1,833
153485,52.0625,-47.0,-22.5,#0091A1,0,833
153575,52.0625,5.75,68.625,#9E7600,0,833
153576,52.0625,5.875,-7.875,#80798A,1,833
153594,52.0625,12.125,69.125,#A77200,0,833
153650,52.0625,36.75,-53.125,#8669D8,1,833
153658,52.0625,43.875,11.875,#C45A6A,1,833
153719,52.0625,94.875,-126.625,#6B30FF,0,833
153722,52.0625,96.75,28.0,#FF0053,0,833
153744,52.0625,125.875,-79.5,#FE00FF,0,833
153745,52.0625,126.75,-107.875,#DF00FF,0,833
153772,52.125,-98.0,72.25,#009A00,0,834
153802,52.125,-61.75,-16.375,#009597,0,834
153850,52.125,-31.0,46.125,#5D8925,1,834
153887,52.125,-9.75,-26.625,#3F83A9,1,834
153956,52.125,15.25,-39.375,#6D77C0,1,834
153996,52.125,26.875,-30.625,#906EB1,1,834
154079,52.125,81.625,-126.375,#144CFF,0,834
154086,52.125,86.0,-20.75,#EE00A2,0,834
154092,52.125,92.375,50.75,#FF002D,0,834
154102,52.125,104.0,-5.875,#FF008A,0,834
154112,52.125,117.0,-23.625,#FF00A8,0,834
154116,52.125,122.625,-49.0,#FF00D3,0,834
154163,52.1875,-58.375,34.5,#00923D,0,835
154236,52.1875,-12.25,-88.0,#008DFF,0,835
154408,52.1875,45.25,-51.25,#9A61D5,1,835
154434,52.1875,65.125,-32.875,#CB45B6,1,835
154436,52.1875,66.0,89.375,#EC3600,0,835
154468,52.1875,106.125,45.0,#FF0039,0,835
154470,52.1875,107.125,71.75,#FF0000,0,835
154483,52.25,-128.0,28.5,#00A047,0,836
154484,52.25,-122.375,-32.5,#00A3B2,0,836
154499,52.25,-92.75,-53.625,#00A0D8,0,836
154512,52.25,-74.625,37.25,#009637,0,836
154666,52.25,15.625,-61.125,#327AE6,1,836
154677,52.25,21.875,-9.875,#9A708E,1,836
154680,52.25,22.625,-78.0,#0079FF,0,836
154712,52.25,38.375,19.625,#C0605D,1,836
154716,52.25,38.75,0.375,#B9617D,1,836
154795,52.25,97.375,8.75,#FF0072,0,836
154806,52.25,113.375,-121.5,#AF00FF,0,836
154809,52.25,117.625,-35.875,#FF00BD,0,836
154818,52.3125,-128.0,-25.75,#00A3A7,0,837
154824,52.3125,-116.625,-7.75,#00A088,0,837
154827,52.3125,-108.125,-29.25,#00A0AD,0,837
154851,52.3125,-70.75,-45.25,#009AC9,0,837
154877,52.3125,-46.375,-79.0,#0098FF,0,837
154966,52.3125,-5.375,-36.5,#3283BB,1,837
155071,52.3125,36.25,-78.125,#496FFF,0,837
155085,52.3125,43.125,89.625,#D05900,0,837
155131,52.3125,72.625,-18.75,#DE339F,1,837
155135,52.3125,75.5,-2.625,#E92784,1,837
155155,52.3125,87.625,-111.375,#8738FF,0,837
155170,52.3125,101.625,-78.75,#DA00FF,0,837
155185,52.3125,124.875,58.25,#FF0027,0,837
155190,52.3125,126.875,74.5,#FF0005,0,837
155206,52.375,-87.875,-25.625,#009DA7,0,838
155208,52.375,-86.875,-57.25,#009FDF,0,838
155265,52.375,-27.5,56.625,#688800,0,838
155278,52.375,-23.125,-50.125,#008CD3,0,838
155299,52.375,-14.875,80.75,#828200,0,838
155305,52.375,-8.375,-61.75,#0087E7,0,838
155335,52.375,1.75,59.625,#987A00,0,838
155362,52.375,11.0,-91.625,#0083FF,0,838
155383,52.375,18.375,26.75,#A87050,1,838
155399,52.375,23.875,2.0,#A56E7A,1,838
155449,52.375,57.75,-100.875,#4261FF,0,838
155455,52.375,65.0,-110.75,#285DFF,0,838
155461,52.375,72.125,48.75,#F1292D,1,838
155479,52.375,91.125,67.25,#FF0004,0,838
155528,52.4375,-92.25,32.75,#009B40,0,839
155536,52.4375,-79.625,-29.875,#009BAF,0,839
155564,52.4375,-52.875,11.625,#009268,0,839
155565,52.4375,-52.75,-7.0,#009388,0,839
155589,52.4375,-34.75,11.375,#368C69,1,839
155690,52.4375,-0.75,49.75,#937B20,1,839
155693,52.4375,-0.375,23.625,#8B7C55,1,839
155707,52.4375,2.375,-61.75,#0082E8,0,839
155734,52.4375,8.25,-25.0,#737AA8,1,839
155763,52.4375,19.25,-33.75,#7F75B7,1,839
155776,52.4375,23.875,-119.5,#0082FF,0,839
155831,52.4375,51.25,28.875,#D4524F,1,839
155858,52.4375,61.875,-123.125,#0065FF,0,839
155860,52.4375,62.75,25.125,#E24156,1,839
155861,52.4375,64.0,3.625,#DD417A,1,839
155918,52.4375,121.875,-101.875,#E000FF,0,839
155984,52.5,-62.25,12.125,#009567,0,840
155991,52.5,-56.0,88.75,#279200,0,840
155992,52.5,-55.0,-25.125,#0095A7,0,840
156011,52.5,-41.375,59.125,#4C8D00,0,840
156034,52.5,-25.5,-20.625,#008BA0,0,840
156041,52.5,-21.375,47.0,#718625,1,840
156069,52.5,-11.0,-99.25,#008FFF,0,840
156114,52.5,3.0,-41.25,#477FC4,1,840
156134,52.5,9.125,-101.875,#0086FF,0,840
156180,52.5,26.75,-54.75,#6E72DC,1,840
156216,52.5,45.125,-112.75,#0071FF,0,840
156232,52.5,51.25,-61.25,#995EE8,1,840
156235,52.5,54.5,-12.75,#C95295,1,840
156249,52.5,65.625,32.125,#E73B4A,1,840
156269,52.5,90.25,22.625,#FF005C,0,840
156326,52.5625,-85.625,60.375,#009900,0,841
156356,52.5625,-60.375,2.125,#009578,0,841
156373,52.5625,-47.125,-49.375,#0095D2,0,841
156376,52.5625,-45.5,-60.125,#0096E5,0,841
156383,52.5625,-42.875,-44.0,#0093C8,0,841
156386,52.5625,-41.75,18.75,#258E5C,1,841
156409,52.5625,-24.125,1.625,#4A897A,1,841
156411,52.5625,-23.375,25.625,#638750,1,841
156425,52.5625,-14.375,57.5,#808200,0,841
156438,52.5625,-7.875,58.625,#8A7F00,0,841
156470,52.5625,2.875,3.75,#857C77,1,841
156534,52.5625,28.875,81.25,#BF6700,0,841
156564,52.5625,46.375,58.375,#D35611,1,841
156624,52.5625,89.5,-59.625,#DB00E6,0,841
156640,52.5625,111.625,-49.75,#FF00D5,0,841
156668,52.625,-93.25,46.25,#009B21,0,842
156676,52.625,-84.0,43.125,#00992A,0,842
156678,52.625,-78.375,57.5,#009800,0,842
156698,52.625,-54.75,-64.5,#0099ED,0,842
156701,52.625,-50.125,27.875,#00914B,0,842
156728,52.625,-28.25,-33.875,#008DB7,0,842
156775,52.625,-10.5,45.125,#83812B,1,842
156782,52.625,-6.125,-47.25,#0085CF,0,842
156785,52.625,-3.25,8.125,#7E7F70,1,842
156819,52.625,6.375,90.125,#A27700,0,842
156825,52.625,11.5,-56.375,#357DDF,1,842
156877,52.625,31.875,-34.5,#966CB9,1,842
156892,52.625,38.25,-22.25,#AC65A4,1,842
156925,52.625,51.5,1.625,#CC547D,1,842
156940,52.625,60.625,-51.0,#B651D6,1,842
156968,52.625,82.125,-53.625,#D526DC,1,842
156977,52.625,90.375,-10.5,#FA0093,0,842
157047,52.6875,-62.125,65.125,#009400,0,843
157067,52.6875,-41.875,-16.75,#009199,0,843
157071,52.6875,-40.75,39.125,#448E36,1,843
157077,52.6875,-34.5,-3.5,#008D83,0,843
157092,52.6875,-22.25,17.125,#608760,1,843
157142,52.6875,-2.125,79.0,#957C00,0,843
157185,52.6875,9.875,-74.5,#0081FF,0,843
157198,52.6875,16.125,-73.25,#007DFD,0,843
157226,52.6875,27.25,-101.875,#007CFF,0,843
157306,52.6875,94.625,-32.375,#F600B7,0,843
157315,52.6875,115.875,-85.0,#EB00FF,0,843
157327,52.6875,125.75,-5.125,#FF008C,0,843
157335,52.75,-118.25,77.625,#00A000,0,844
157352,52.75,-92.75,84.625,#009B00,0,844
157369,52.75,-69.25,73.375,#009600,0,844
157407,52.75,-39.625,89.75,#578D00,0,844
157437,52.75,-20.875,-76.125,#0090FF,0,844
157445,52.75,-16.25,64.875,#7F8400,0,844
157458,52.75,-11.75,27.625,#7B824E,1,844
157466,52.75,-8.75,70.375,#8B8000,0,844
157495,52.75,0.125,-85.875,#0088FF,0,844
157564,52.75,19.875,-97.625,#0080FF,0,844
157573,52.75,24.25,-89.125,#007BFF,0,844
157590,52.75,30.5,-16.875,#A46B9B,1,844
157668,52.75,82.625,59.375,#FF001A,0,844
157710,52.8125,-91.25,-33.625,#009FB6,0,845
157714,52.8125,-80.75,-61.125,#00A0E7,0,845
157736,52.8125,-61.0,-5.125,#009685,0,845
157783,52.8125,-30.0,90.0,#6B8900,0,845
157934,52.8125,30.125,-74.75,#3E74FF,0,845
157949,52.8125,35.375,43.125,#C46334,1,845
157970,52.8125,48.375,-69.125,#8764F7,1,845
157980,52.8125,52.625,-94.0,#4E66FF,0,845
157993,52.8125,58.5,-63.875,#A457EE,1,845
158008,52.8125,66.375,-84.0,#9353FF,0,845
158044,52.8125,95.5,57.25,#FF0022,0,845
158047,52.8125,98.0,-94.0,#C200FF,0,845
158083,52.875,-116.625,5.125,#00A173,0,846
158086,52.875,-104.75,15.375,#009F61,0,846
158096,52.875,-84.0,-19.75,#009D9E,0,846
158105,52.875,-70.0,5.625,#009873,0,846
158236,52.875,-1.125,-4.0,#797F85,1,846
158260,52.875,5.125,-56.375,#0081E0,0,846
158301,52.875,19.625,81.875,#B46F00,0,846
158335,52.875,39.5,74.625,#CD5E00,0,846
158343,52.875,43.75,-60.375,#8C66E7,1,846
158357,52.875,52.0,-24.5,#C057A9,1,846
158365,52.875,56.5,54.375,#E04A20,1,846
158381,52.875,68.75,-117.125,#005CFF,0,846
158387,52.875,73.0,30.0,#F12B50,1,846
158415,52.875,101.625,-114.5,#A500FF,0,846
158420,52.875,106.625,-31.5,#FF00B7,0,846
158431,52.875,119.625,-7.625,#FF0090,0,846
158434,52.875,122.125,-119.75,#C700FF,0,846
158443,52.9375,-128.0,74.375,#00A100,0,847
158504,52.9375,-31.625,-78.0,#0095FF,0,847
158645,52.9375,22.5,-19.5,#9572A0,1,847
158649,52.9375,25.125,-111.0,#0080FF,0,847
158694,52.9375,50.75,-37.25,#B45BBF,1,847
158740,52.9375,125.375,17.125,#FF0069,0,847
158783,53.0,-62.25,57.375,#009500,0,848
158790,53.0,-54.0,80.0,#2F9200,0,848
158812,53.0,-34.25,21.125,#468D59,1,848
158825,53.0,-26.375,-61.5,#0091E9,0,848
158869,53.0,-9.875,-12.0,#5D8493,1,848
158943,53.0,15.5,-1.0,#987581,1,848
158952,53.0,18.25,69.0,#B27100,0,848
159012,53.0,44.625,-25.625,#B460AB,1,848
159016,53.0,45.375,-100.875,#006FFF,0,848
159027,53.0,56.25,37.25,#DE4C42,1,848
159036,53.0,61.875,68.5,#E84200,0,848
159038,53.0,63.875,10.625,#E1426F,1,848
159053,53.0,79.0,-36.25,#DF2ABE,1,848
159056,53.0,81.375,29.75,#FB0051,0,848
159086,53.0,115.25,1.625,#FF0081,0,848
159125,53.0625,-83.625,27.0,#009B4D,0,849
159144,53.0625,-58.625,-31.25,#0098B3,0,849
159145,53.0625,-58.375,-52.875,#009AD9,0,849
159223,53.0625,-14.75,17.375,#708560,1,849
159311,53.0625,16.0,17.125,#A37462,1,849
159378,53.0625,48.125,65.25,#D85600,0,849
159413,53.0625,68.375,-43.0,#CB44CA,1,849
159428,53.0625,98.625,34.625,#FF004B,0,849
159431,53.0625,101.625,-61.875,#EC00EC,0,849
159434,53.0625,106.625,18.125,#FF0066,0,849
159436,53.0625,109.375,30.5,#FF0053,0,849
159449,53.125,-128.0,56.75,#00A200,0,850
159458,53.125,-101.625,-24.0,#00A1A6,0,850
159541,53.125,-32.5,-58.25,#0093E3,0,850
159609,53.125,-5.5,90.75,#937F00,0,850
159614,53.125,-2.875,15.75,#857F64,1,850
159643,53.125,7.625,9.375,#927A6F,1,850
159654,53.125,10.375,-11.875,#877A93,1,850
159713,53.125,29.375,-123.875,#0081FF,0,850
159728,53.125,39.0,48.0,#CA602C,1,850
159759,53.125,58.25,0.5,#D64D80,1,850
159770,53.125,68.875,57.125,#F0341D,1,850
159808,53.125,109.125,-128.0,#9800FF,0,850
159812,53.125,111.0,-72.625,#F100FF,0,850
159813,53.125,111.0,81.75,#FF0000,0,850
159816,53.125,113.25,-114.0,#C000FF,0,850
159822,53.125,120.125,-111.875,#D100FF,0,850
159842,53.1875,-111.0,80.75,#00A000,0,851
159871,53.1875,-72.625,59.625,#009800,0,851
159923,53.1875,-30.75,81.375,#698B00,0,851
159966,53.1875,-9.0,2.5,#70837A,1,851
160099,53.1875,43.0,36.375,#CE5D43,1,851
160152,53.1875,80.625,-62.125,#CD31EC,1,851
160190,53.1875,112.875,-18.75,#FF00A3,0,851
160198,53.25,-128.0,14.125,#00A464,0,852
160212,53.25,-96.125,6.375,#009F72,0,852
160214,53.25,-91.125,-12.125,#009F92,0,852
160215,53.25,-85.625,76.75,#009B00,0,852
160217,53.25,-82.5,49.0,#009B1B,0,852
160223,53.25,-71.25,17.0,#009960,0,852
160231,53.25,-54.125,-76.125,#009CFF,0,852
160240,53.25,-49.375,-13.0,#009494,0,852
160256,53.25,-38.25,-22.75,#0092A5,0,852
160266,53.25,-29.625,-8.875,#178D8E,1,852
160348,53.25,3.75,33.25,#977B45,1,852
160428,53.25,39.5,-40.625,#9F68C6,1,852
160451,53.25,52.75,-119.0,#006EFF,0,852
160452,53.25,52.75,-105.125,#006AFF,0,852
160459,53.25,59.0,-30.375,#C751B5,1,852
160462,53.25,60.25,-5.375,#D74B8A,1,852
160484,53.25,75.125,-68.875,#BC41F8,1,852
160487,53.25,78.25,46.625,#FB1434,1,852
160505,53.25,95.5,-115.375,#9528FF,0,852
160529,53.25,125.875,-92.625,#F500FF,0,852
160546,53.3125,-101.5,30.5,#009F46,0,853
160555,53.3125,-84.75,66.875,#009B00,0,853
160557,53.3125,-81.375,-14.25,#009D96,0,853
160563,53.3125,-76.375,-20.875,#009DA2,0,853
160638,53.3125,-21.875,91.125,#7A8700,0,853
160726,53.3125,7.75,-111.375,#008BFF,0,853
160730,53.3125,8.75,57.125,#A4780C,1,853
160750,53.3125,16.125,-106.25,#0085FF,0,853
160757,53.3125,19.5,62.875,#B47100,0,853
160763,53.3125,23.125,10.25,#AB706F,1,853
160797,53.3125,34.375,5.0,#B86778,1,853
160799,53.3125,35.75,55.75,#C86319,1,853
160811,53.3125,40.875,29.125,#C95F50,1,853
160841,53.3125,59.125,-109.875,#0065FF,0,853
160843,53.3125,61.25,80.0,#E94300,0,853
160856,53.3125,75.5,81.125,#FA2000,0,853
160872,53.3125,87.625,-74.0,#CC22FF,0,853
160877,53.3125,92.875,91.75,#FF0000,0,853
160931,53.375,-77.25,68.125,#009A00,0,854
160954,53.375,-52.375,4.875,#009576,0,854
160957,53.375,-51.0,63.375,#359300,0,854
161003,53.375,-18.375,36.75,#75873E,1,854
161007,53.375,-14.75,-16.5,#49889B,1,854
161034,53.375,-6.25,-87.25,#008DFF,0,854
161047,53.375,-1.5,-105.25,#008EFF,0,854
161096,53.375,15.5,-21.0,#8978A4,1,854
161126,53.375,25.5,58.625,#BB6C0B,1,854
161138,53.375,31.875,17.375,#BA6963,1,854
161166,53.375,43.125,-10.5,#BD6193,1,854
161235,53.375,98.625,-9.0,#FF0092,0,854
161255,53.375,121.25,39.25,#FF0047,0,854
161275,53.4375,-109.5,-12.375,#00A393,0,855
161284,53.4375,-100.625,-5.0,#00A186,0,855
161307,53.4375,-77.25,-1.75,#009C81,0,855
161318,53.4375,-68.375,-58.375,#009EE4,0,855
161331,53.4375,-60.375,70.875,#009500,0,855
161381,53.4375,-20.75,54.875,#77880F,1,855
161429,53.4375,1.25,-97.5,#008CFF,0,855
161470,53.4375,12.0,62.5,#AA7600,0,855
161499,53.4375,25.875,91.5,#BE6C00,0,855
161526,53.4375,36.25,82.0,#CB6300,0,855
161553,53.4375,50.5,81.375,#DD5300,0,855
161578,53.4375,72.0,91.625,#F72C00,0,855
161613,53.4375,106.625,90.25,#FF0000,0,855
161620,53.4375,117.875,92.0,#FF0000,0,855
161625,53.4375,122.5,26.625,#FF005B,0,855
161645,53.5,-97.25,-31.375,#00A2B4,0,856
161680,53.5,-51.375,55.75,#2F9301,1,856
161691,53.5,-41.75,28.0,#38914D,1,856
161694,53.5,-40.5,-63.75,#0097EE,0,856
161705,53.5,-29.75,35.375,#5E8C40,1,856
161746,53.5,-5.25,64.125,#928000,0,856
161780,53.5,3.5,-1.75,#857E83,1,856
161899,53.5,72.125,-62.25,#C045ED,1,856
161911,53.5,84.25,-39.625,#E619C6,1,856
161961,53.5625,-122.5,37.75,#00A337,0,857
161965,53.5625,-115.375,21.625,#00A257,0,857
161976,53.5625,-92.375,18.5,#009F5D,0,857
161982,53.5625,-79.875,32.75,#009B43,0,857
162013,53.5625,-47.625,14.875,#009365,0,857
162043,53.5625,-27.75,-91.625,#0097FF,0,857
162067,53.5625,-17.375,-32.25,#008BB7,0,857
162076,53.5625,-11.875,91.375,#8B8300,0,857
162252,53.5625,71.5,-49.75,#CB42D7,1,857
162261,53.5625,86.375,71.0,#FF0000,0,857
162265,53.5625,87.125,38.625,#FF0044,0,857
162278,53.5625,113.375,-78.25,#F100FF,0,857
162279,53.5625,114.25,20.25,#FF0064,0,857
162316,53.625,-75.25,-13.875,#009D96,0,858
162319,53.625,-71.75,79.0,#009900,0,858
162393,53.625,-22.0,31.625,#6C8948,1,858
162395,53.625,-20.625,82.125,#7C8800,0,858
162433,53.625,-6.875,31.875,#878248,1,858
162473,53.625,4.5,-35.25,#5D81BD,1,858
162525,53.625,23.0,39.375,#B56F3C,1,858
162578,53.625,52.25,-128.0,#0072FF,0,858
162579,53.625,52.25,-76.0,#8563FF,0,858
162592,53.625,60.0,62.0,#E8470C,1,858
162602,53.625,67.25,81.875,#F23900,0,858
162625,53.625,89.0,-84.875,#C127FF,0,858
162642,53.625,119.25,65.375,#FF001A,0,858
162650,53.6875,-122.75,52.625,#00A308,0,859
162705,53.6875,-41.125,-1.625,#009282,0,859
162711,53.6875,-35.25,-52.625,#0095DB,0,859
162881,53.6875,35.5,70.0,#CA6400,0,859
162884,53.6875,38.75,-96.875,#0075FF,0,859
162919,53.6875,56.75,15.875,#DC4F68,1,859
162923,53.6875,58.625,91.5,#E84900,0,859
162950,53.6875,82.125,92.25,#FF0000,0,859
162962,53.6875,101.375,-85.75,#D600FF,0,859
162964,53.6875,104.375,-67.25,#EE00F7,0,859
162981,53.75,-128.0,-36.875,#00A8BE,0,860
162990,53.75,-116.75,-23.25,#00A5A6,0,860
163025,53.75,-61.0,-62.375,#009EEC,0,860
163027,53.75,-59.625,42.75,#00972F,0,860
163040,53.75,-43.875,64.75,#4C9100,0,860
163050,53.75,-37.625,-40.625,#0094C6,0,860
163079,53.75,-17.375,-97.625,#0095FF,0,860
163124,53.75,-4.75,-8.25,#6F848E,1,860
163197,53.75,11.75,5.5,#987977,1,860
163237,53.75,33.875,-116.875,#007EFF,0,860
163273,53.75,49.125,92.0,#DD5600,0,860
163276,53.75,52.0,-55.375,#A55FE1,1,860
163291,53.75,64.75,43.75,#EC4039,1,860
163293,53.75,65.875,-64.5,#B350F2,1,860
163299,53.75,70.125,-25.375,#DC3FAE,1,860
163308,53.75,77.625,73.0,#FE1900,0,860
163322,53.75,90.375,-50.625,#E700DA,0,860
163350,53.75,124.5,-18.625,#FF00A4,0,860
163351,53.75,126.0,-54.0,#FF00E1,0,860
163556,53.8125,12.625,37.125,#A77740,1,861
163611,53.8125,36.625,-71.25,#6771FD,1,861
163643,53.8125,54.25,-18.75,#C956A2,1,861
163680,53.8125,83.75,43.875,#FF003B,0,861
163682,53.8125,84.875,-45.75,#E31CD1,1,861
163683,53.8125,86.5,17.875,#FF0067,0,861
163719,53.8125,126.875,-65.5,#FF00F5,0,861
163723,53.875,-122.625,44.75,#00A427,0,862
163727,53.875,-103.875,73.375,#00A100,0,862
163756,53.875,-66.375,-41.0,#009DC6,0,862
163786,53.875,-42.5,-83.625,#009CFF,0,862
163813,53.875,-28.375,6.875,#488E74,1,862
163834,53.875,-20.625,-25.375,#008DAC,0,862
163876,53.875,-1.25,71.25,#997F00,0,862
163901,53.875,9.375,24.25,#9E7A57,1,862
163911,53.875,14.75,48.5,#AD7629,1,862
163967,53.875,36.625,-109.25,#007AFF,0,862
164024,53.875,83.25,82.875,#FF0000,0,862
164042,53.875,98.5,-121.0,#9126FF,0,862
164050,53.875,107.75,-58.875,#FA00E9,0,862
164061,53.875,119.75,73.75,#FF0005,0,862
164062,53.875,121.5,46.0,#FF003D,0,862
164069,53.9375,-117.125,34.375,#00A33F,0,863
164073,53.9375,-114.25,-44.25,#00A7CC,0,863
164082,53.9375,-98.75,-52.75,#00A6DB,0,863
164105,53.9375,-67.25,-11.25,#009B93,0,863
164106,53.9375,-65.375,34.375,#009941,0,863
164110,53.9375,-61.625,28.875,#00984C,0,863
164214,53.9375,-7.75,19.625,#80845F,1,863
164319,53.9375,32.375,-6.5,#B16C8D,1,863
164384,53.9375,71.125,-73.5,#B14BFF,0,863
164416,53.9375,119.875,83.375,#FF0000,0,863
164424,54.0,-112.75,61.625,#00A200,0,864
164425,54.0,-112.625,53.375,#00A306,0,864
164437,54.0,-85.75,-39.0,#00A2C3,0,864
164466,54.0,-46.125,36.375,#33933E,1,864
164474,54.0,-37.125,-86.875,#009BFF,0,864
164485,54.0,-29.25,-40.875,#0092C7,0,864
164530,54.0,-11.75,-78.75,#0090FF,0,864
164547,54.0,-5.5,84.375,#958100,0,864
164565,54.0,-1.125,37.375,#93803F,1,864
164569,54.0,-0.25,-30.125,#5B84B5,1,864
164581,54.0,3.5,10.375,#8E7E6F,1,864
164675,54.0,45.25,-122.625,#0077FF,0,864
164678,54.0,46.25,-92.125,#3D6EFF,0,864
164718,54.0,75.125,-105.5,#7A51FF,0,864
164745,54.0,109.0,-1.5,#FF0088,0,864
164746,54.0,109.0,38.125,#FF0048,0,864
164783,54.0625,-75.0,-66.0,#00A3F3,0,865
164788,54.0625,-70.375,44.625,#009A2B,0,865
164856,54.0625,-17.875,-2.75,#588A85,1,865
164860,54.0625,-15.625,-50.125,#008ED8,0,865
164863,54.0625,-14.25,-70.875,#0090FD,0,865
164918,54.0625,4.125,-75.875,#0088FF,0,865
164929,54.0625,6.5,48.5,#A27B29,1,865
164960,54.0625,19.625,53.875,#B5731D,1,865
165017,54.0625,50.25,40.375,#DA573E,1,865
165042,54.0625,69.375,20.375,#EE3962,1,865
165049,54.0625,79.125,39.625,#FE1743,1,865
165058,54.0625,83.875,-2.5,#F90289,1,865
165065,54.0625,93.875,-39.375,#F500C7,0,865
165067,54.0625,95.625,-14.75,#FF009E,0,865
165072,54.0625,96.75,64.0,#FF0016,0,865
165073,54.0625,97.75,-73.25,#DF00FF,0,865
165076,54.0625,101.125,-55.75,#F400E4,0,865
165200,54.125,-21.875,74.5,#7B8A00,0,866
165204,54.125,-19.25,-87.375,#0095FF,0,866
165251,54.125,0.5,92.5,#9E7E00,0,866
165261,54.125,5.625,-50.125,#3883D8,1,866
165304,54.125,19.375,-51.625,#667BDB,1,866
165370,54.125,56.0,24.75,#DE505A,1,866
165393,54.125,78.625,-117.25,#5B52FF,0,866
165404,54.125,88.625,4.0,#FF007E,0,866
165439,54.1875,-128.0,-5.125,#00A788,0,867
165441,54.1875,-128.0,62.875,#00A500,0,867
165449,54.1875,-104.5,64.0,#00A200,0,867
165450,54.1875,-102.875,54.25,#00A103,0,867
165456,54.1875,-96.375,26.25,#00A150,0,867
165488,54.1875,-51.0,-36.5,#0099BF,0,867
165501,54.1875,-40.125,82.25,#599100,0,867
165659,54.1875,21.375,19.875,#AF7360,1,867
165748,54.1875,75.375,55.25,#FC2625,1,867
165754,54.1875,80.0,12.25,#F91A71,1,867
165763,54.1875,91.25,82.25,#FF0000,0,867
165788,54.25,-122.375,29.625,#00A549,0,868
165804,54.25,-96.125,65.875,#00A000,0,868
165812,54.25,-80.375,-42.375,#00A2CA,0,868
165848,54.25,-52.5,19.375,#00965E,0,868
165870,54.25,-37.0,47.75,#579026,1,868
165960,54.25,12.0,-83.75,#0085FF,0,868
165969,54.25,13.75,82.375,#B07700,0,868
165973,54.25,15.125,-46.0,#667DD1,1,868
165995,54.25,23.75,29.375,#B57150,1,868
166006,54.25,29.75,-45.25,#8A73D0,1,868
166086,54.25,91.75,32.75,#FF0050,0,868
166113,54.25,126.25,-32.5,#FF00BD,0,868
166137,54.3125,-98.375,86.125,#00A100,0,869
166144,54.3125,-90.375,-47.5,#00A5D3,0,869
166150,54.3125,-74.75,90.0,#009C00,0,869
166153,54.3125,-72.0,52.625,#009B12,0,869
166188,54.3125,-42.875,73.875,#529200,0,869
166205,54.3125,-28.375,70.0,#6F8D00,0,869
166415,54.3125,58.75,-23.25,#CE53AB,1,869
166439,54.3125,76.125,-28.75,#E435B5,1,869
166459,54.3125,99.5,74.625,#FF0000,0,869
166461,54.3125,100.875,23.0,#FF0061,0,869
166463,54.3125,101.875,3.125,#FF0081,0,869
166473,54.3125,112.625,-31.75,#FF00BC,0,869
166476,54.3125,114.375,-98.0,#DF00FF,0,869
166477,54.3125,116.125,-55.0,#FF00E4,0,869
166493,54.375,-112.375,45.0,#00A428,0,870
166497,54.375,-109.0,-1.0,#00A581,0,870
166507,54.375,-86.625,21.25,#00A05A,0,870
166514,54.375,-84.875,1.875,#00A07D,0,870
166519,54.375,-82.625,89.25,#009E00,0,870
166532,54.375,-68.0,91.0,#009A00,0,870
166534,54.375,-66.625,-20.25,#009DA3,0,870
166561,54.375,-40.25,-10.875,#009494,0,870
166636,54.375,-8.125,39.625,#8A843B,1,870
166673,54.375,2.875,82.25,#A27E00,0,870
166748,54.375,34.25,-92.75,#0079FF,0,870
166800,54.375,70.75,41.0,#F53540,1,870
166821,54.375,81.0,20.25,#FD1364,1,870
166824,54.375,82.5,-93.5,#A940FF,0,870
166848,54.375,108.75,-11.75,#FF009A,0,870
166853,54.375,121.875,-42.0,#FF00CE,0,870
166899,54.4375,-61.375,91.5,#109800,0,871
166912,54.4375,-49.125,92.125,#469500,0,871
166923,54.4375,-43.0,-37.375,#0098C2,0,871
167086,54.4375,24.5,-62.625,#5A7AEF,1,871
167107,54.4375,32.375,64.75,#C86900,0,871
167113,54.4375,33.625,-128.0,#0083FF,0,871
167139,54.4375,48.375,15.5,#D35B6A,1,871
167148,54.4375,52.0,71.125,#E15400,0,871
167158,54.4375,58.0,-87.75,#7B62FF,0,871
167172,54.4375,66.375,50.625,#F13E2E,1,871
167199,54.4375,99.625,-23.375,#FF00AD,0,871
167266,54.5,-56.375,-47.125,#009DD3,0,872
167273,54.5,-45.125,3.5,#00967B,0,872
167291,54.5,-26.375,-83.375,#0098FF,0,872
167374,54.5,6.0,39.0,#A07D3E,1,872
167445,54.5,32.375,50.625,#C66A28,1,872
167466,54.5,42.625,-32.875,#AF67BC,1,872
167534,54.5,117.5,8.25,#FF007A,0,872
167560,54.5625,-90.5,-18.75,#00A3A1,0,873
167580,54.5625,-72.125,32.125,#009C47,0,873
167601,54.5625,-46.25,-71.875,#009DFF,0,873
167622,54.5625,-31.0,51.625,#668F1D,1,873
167630,54.5625,-26.75,-3.75,#3D8F88,1,873
167631,54.5625,-26.0,-14.5,#1E909B,1,873
167681,54.5625,-7.75,11.75,#7D866E,1,873
167781,54.5625,27.625,74.25,#C36D00,0,873
167832,54.5625,62.375,-104.125,#5363FF,0,873
167867,54.5625,98.875,47.25,#FF0039,0,873
167886,54.5625,126.25,94.0,#FF0000,0,873
167903,54.625,-102.5,45.75,#00A327,0,874
167919,54.625,-81.875,-52.625,#00A4DD,0,874
167928,54.625,-68.5,-70.25,#00A3FD,0,874
167985,54.625,-28.875,24.0,#5B8F58,1,874
168057,54.625,3.75,-69.0,#0088FB,0,874
168076,54.625,10.375,-36.75,#6D80C2,1,874
168108,54.625,19.875,93.5,#BA7300,0,874
168176,54.625,49.5,49.625,#DD592D,1,874
168194,54.625,67.125,-54.375,#C34EE2,1,874
168198,54.625,67.75,71.25,#F53B00,0,874
168200,54.625,69.75,-11.625,#E54099,1,874
168205,54.625,74.25,-41.625,#D93ECC,1,874
168225,54.625,94.625,-64.0,#E500F4,0,874
168252,54.6875,-122.25,-12.625,#00A896,0,875
168261,54.6875,-103.5,-40.25,#00A7C7,0,875
168319,54.6875,-35.875,70.5,#629100,0,875
168322,54.6875,-34.75,-67.75,#0099F9,0,875
168373,54.6875,-7.625,-67.25,#008EF8,0,875
168398,54.6875,-1.5,44.0,#968233,1,875
168413,54.6875,5.0,-14.625,#7F819C,1,875
168432,54.6875,11.25,-6.0,#927D8D,1,875
168486,54.6875,41.375,42.375,#D1623B,1,875
168495,54.6875,49.875,-82.75,#726AFF,0,875
168537,54.6875,102.125,94.125,#FF0000,0,875
168644,54.75,-37.625,-76.375,#009BFF,0,876
168805,54.75,16.875,-118.875,#008BFF,0,876
168831,54.75,26.125,-82.25,#007DFF,0,876
168832,54.75,26.875,-38.125,#8F76C5,1,876
168863,54.75,45.375,-17.875,#C063A3,1,876
168937,54.75,96.5,-47.875,#F500D8,0,876
168963,54.8125,-117.0,-33.375,#00A9BB,0,877
168972,54.8125,-96.75,56.875,#00A200,0,877
168975,54.8125,-94.625,12.0,#00A36C,0,877
169000,54.8125,-67.375,63.125,#009B00,0,877
169039,54.8125,-37.0,32.875,#4F9248,1,877
169171,54.8125,10.625,93.875,#AF7A00,0,877
169177,54.8125,12.75,-97.5,#0089FF,0,877
169191,54.8125,17.875,-89.875,#0084FF,0,877
169233,54.8125,31.625,-86.5,#007BFF,0,877
169260,54.8125,48.75,-46.5,#AD64D4,1,877
169276,54.8125,58.125,-77.0,#9460FF,0,877
169311,54.8125,86.875,-26.75,#F504B3,1,877
169317,54.8125,89.25,61.5,#FF001C,0,877
169360,54.875,-75.25,-35.5,#00A2BF,0,878
169371,54.875,-62.625,-73.875,#00A3FF,0,878
169400,54.875,-29.125,-53.125,#0096DF,0,878
169427,54.875,-13.625,50.375,#868824,1,878
169549,54.875,30.75,11.625,#BB6E71,1,878
169586,54.875,47.125,-106.5,#0073FF,0,878
169615,54.875,74.25,61.375,#FD2C18,1,878
169626,54.875,84.625,-105.375,#9844FF,0,878
169642,54.875,106.625,-111.75,#BC00FF,0,878
169660,54.875,126.0,-128.0,#C600FF,0,878
169662,54.875,126.125,82.625,#FF0000,0,878
169674,54.9375,-91.375,78.375,#00A100,0,879
169702,54.9375,-58.375,8.125,#009B74,0,879
169709,54.9375,-53.75,42.375,#169833,1,879
169741,54.9375,-36.125,62.375,#609200,0,879
169771,54.9375,-20.375,-18.0,#348FA2,1,879
169788,54.9375,-11.125,-93.625,#0094FF,0,879
169814,54.9375,-3.125,-14.0,#6F869B,1,879
169869,54.9375,19.875,-25.5,#9079B0,1,879
169983,54.9375,91.75,-93.875,#BD2AFF,0,879
169989,54.9375,97.25,80.75,#FF0000,0,879
170004,54.9375,107.875,-80.375,#EB00FF,0,879
170007,54.9375,109.125,-102.25,#D100FF,0,879
170017,54.9375,120.0,-67.625,#FF00FC,0,879
170043,55.0,-101.125,3.375,#00A57B,0,880
170098,55.0,-43.75,54.0,#4B9514,1,880
170181,55.0,1.375,-23.25,#6D85AC,1,880
170191,55.0,5.0,-28.25,#6E83B4,1,880
170260,55.0,30.875,-106.625,#0080FF,0,880
170278,55.0,40.0,94.125,#D56300,0,880
170308,55.0,62.25,-37.375,#CC52C5,1,880
170320,55.0,75.0,18.125,#F72F68,1,880
170323,55.0,79.375,-87.75,#AF46FF,0,880
170348,55.0,101.75,42.0,#FF0043,0,880
170361,55.0,117.375,-47.25,#FF00D8,0,880
170363,55.0,121.5,53.5,#FF0033,0,880
170375,55.0625,-117.375,71.625,#00A600,0,881
170408,55.0625,-62.75,-35.25,#009FC0,0,881
170426,55.0625,-51.75,-29.75,#009BB6,0,881
170450,55.0625,-36.125,-28.5,#0096B4,0,881
170470,55.0625,-21.5,-69.0,#0095FC,0,881
170486,55.0625,-15.0,6.25,#6C8B79,1,881
170632,55.0625,31.625,-28.375,#A371B5,1,881
170638,55.0625,33.375,94.375,#CD6900,0,881
170676,55.0625,50.75,-112.25,#0072FF,0,881
170689,55.0625,59.0,-45.625,#C059D4,1,881
170697,55.0625,63.875,37.375,#EE4647,1,881
170713,55.0625,75.875,-54.25,#D240E3,1,881
170715,55.0625,76.75,-123.375,#295AFF,0,881
170734,55.0625,93.75,0.625,#FF0087,0,881
170746,55.0625,113.5,14.0,#FF0072,0,881
170756,55.125,-115.125,-16.5,#00A99E,0,882
170776,55.125,-78.125,19.25,#00A060,0,882
170788,55.125,-58.25,52.5,#009A18,0,882
170809,55.125,-34.75,93.875,#699100,0,882
170880,55.125,1.375,-110.5,#0092FF,0,882
170909,55.125,10.125,-62.875,#0085F2,0,882
170924,55.125,13.75,11.75,#A27B70,1,882
170938,55.125,17.875,7.0,#A67879,1,882
170958,55.125,29.375,35.75,#C16E47,1,882
170966,55.125,31.625,-51.125,#8775DD,1,882
171000,55.125,57.0,8.625,#DE5378,1,882
171003,55.125,57.625,43.75,#E74F3B,1,882
171034,55.125,87.125,-128.0,#504CFF,0,882
171051,55.125,109.125,53.625,#FF0031,0,882
171067,55.125,127.0,-100.125,#F400FF,0,882
171082,55.1875,-102.625,-47.0,#00A9D4,0,883
171110,55.1875,-68.5,-50.5,#00A2DB,0,883
171118,55.1875,-58.625,17.0,#009B65,0,883
171127,55.1875,-50.25,74.5,#419700,0,883
171149,55.1875,-32.625,-21.5,#0095A8,0,883
171153,55.1875,-29.5,17.5,#559165,1,883
171156,55.1875,-27.125,-27.375,#0093B3,0,883
171191,55.1875,-7.0,49.375,#918628,1,883
171197,55.1875,-5.125,25.625,#8B8557,1,883
171208,55.1875,-1.625,-44.125,#3089D0,1,883
171305,55.1875,37.625,-59.25,#8771EC,1,883
171343,55.1875,59.625,29.875,#E84E54,1,883
171352,55.1875,70.75,-101.5,#7D59FF,0,883
171353,55.1875,71.0,-5.5,#EB3E90,1,883
171382,55.1875,97.25,-109.875,#AD25FF,0,883
171383,55.1875,97.625,15.25,#FF006F,0,883
171387,55.1875,104.5,33.5,#FF0052,0,883
171391,55.1875,111.75,66.25,#FF0019,0,883
171392,55.1875,112.5,-38.25,#FF00C9,0,883
171394,55.1875,112.875,95.0,#FF0000,0,883
171396,55.1875,114.375,-4.25,#FF0090,0,883
171405,55.1875,119.25,-77.5,#FF00FF,0,883
171407,55.1875,122.75,33.375,#FF0054,0,883
171449,55.25,-58.25,-12.125,#009D98,0,884
171488,55.25,-36.0,-16.0,#00969F,0,884
171535,55.25,-10.125,-40.75,#008DCA,0,884
171566,55.25,-0.625,3.25,#86847F,1,884
171589,55.25,6.5,-94.5,#008DFF,0,884
171613,55.25,15.25,-66.375,#1983F8,1,884
171663,55.25,38.25,-122.375,#0080FF,0,884
171668,55.25,43.0,4.625,#CA647E,1,884
171672,55.25,49.0,34.25,#DB5C4C,1,884
171701,55.25,65.875,-128.0,#0069FF,0,884
171725,55.25,88.625,-66.0,#DC22F9,1,884
171746,55.25,119.375,-94.75,#EE00FF,0,884
171766,55.3125,-108.0,-49.75,#00ABD9,0,885
171847,55.3125,-30.25,75.625,#6F9000,0,885
171879,55.3125,-11.5,85.375,#908800,0,885
171887,55.3125,-7.5,-104.25,#0096FF,0,885
171954,55.3125,13.5,74.875,#B37A00,0,885
171974,55.3125,21.25,46.25,#B97533,1,885
171985,55.3125,26.75,-24.75,#9E75B0,1,885
172010,55.3125,40.625,59.875,#D56413,1,885
172027,55.3125,51.875,-5.25,#D25C8F,1,885
172032,55.3125,56.75,75.5,#EA5000,0,885
172041,55.3125,66.25,-90.875,#8D5CFF,0,885
172052,55.3125,78.625,-22.125,#EE30AD,1,885
172068,55.3125,90.625,10.5,#FF0077,0,885
172087,55.3125,105.25,-73.75,#EE00FF,0,885
172090,55.3125,110.375,-43.875,#FF00D3,0,885
172097,55.3125,119.75,-126.125,#BE00FF,0,885
172099,55.3125,124.5,-25.5,#FF00B4,0,885
172102,55.3125,126.625,-10.75,#FF009C,0,885
172112,55.375,-111.375,14.25,#00A769,0,886
172120,55.375,-86.0,-8.0,#00A490,0,886
172121,55.375,-85.5,-30.25,#00A5B7,0,886
172147,55.375,-55.625,29.25,#009A4F,0,886
172198,55.375,-18.875,11.125,#698D71,1,886
172205,55.375,-15.25,41.625,#818A39,1,886
172207,55.375,-14.25,72.625,#8A8900,0,886
172208,55.375,-13.75,-63.375,#0092F3,0,886
172354,55.375,47.25,86.375,#DF5C00,0,886
172385,55.375,75.0,-94.75,#9A51FF,0,886
172388,55.375,77.125,-14.625,#F032A0,1,886
172392,55.375,85.625,53.5,#FF002D,0,886
172403,55.375,104.875,-94.875,#D600FF,0,886
172408,55.375,110.125,-91.25,#E300FF,0,886
172425,55.4375,-122.375,21.5,#00A95C,0,887
172440,55.4375,-109.625,74.5,#00A600,0,887
172461,55.4375,-75.875,-46.625,#00A5D5,0,887
172480,55.4375,-55.0,-58.5,#00A0EA,0,887
172515,55.4375,-24.125,60.625,#788E00,0,887
172526,55.4375,-19.25,-45.125,#0092D3,0,887
172533,55.4375,-17.0,94.625,#888B00,0,887
172581,55.4375,-0.625,29.625,#958451,1,887
172614,55.4375,9.375,15.5,#9E7E6A,1,887
172678,55.4375,30.25,-59.0,#7778EC,1,887
172685,55.4375,34.5,-12.625,#B56E9B,1,887
172692,55.4375,39.5,-47.375,#9D6ED8,1,887
172721,55.4375,56.0,83.25,#EA5100,0,887
172741,55.4375,70.125,-122.375,#0063FF,0,887
172769,55.4375,97.625,-99.875,#C118FF,0,887
172776,55.4375,100.5,-128.0,#882CFF,0,887
172792,55.4375,119.375,59.5,#FF0029,0,887
172800,55.4375,126.0,-115.5,#DE00FF,0,887
172832,55.5,-81.25,9.875,#00A272,0,888
172856,55.5,-56.375,65.375,#279A00,0,888
172876,55.5,-39.625,-57.125,#009BE8,0,888
172908,55.5,-17.75,-10.625,#508E97,1,888
173043,55.5,28.5,-95.625,#0080FF,0,888
173068,55.5,40.375,-90.125,#2B76FF,0,888
173108,55.5,66.0,95.0,#F74100,0,888
173112,55.5,68.875,7.5,#EE417B,1,888
173114,55.5,72.125,-84.875,#A652FF,0,888
173127,55.5,84.5,-115.75,#7D4BFF,0,888
173147,55.5,116.375,48.75,#FF003B,0,888
173150,55.5,119.0,-106.25,#DF00FF,0,888
173164,55.5625,-121.0,-43.125,#00ADCE,0,889
173175,55.5625,-99.0,-11.25,#00A796,0,889
173205,55.5625,-65.25,-1.5,#009F86,0,889
173220,55.5625,-49.625,-42.5,#009DCE,0,889
173229,55.5625,-42.875,94.375,#599500,0,889
173248,55.5625,-32.5,40.375,#60923B,1,889
173263,55.5625,-28.5,-46.625,#0096D5,0,889
173311,55.5625,-6.375,-30.25,#4C8BB9,1,889
173315,55.5625,-5.125,-96.625,#0094FF,0,889
173328,55.5625,0.375,65.25,#A08200,0,889
173373,55.5625,11.25,-116.875,#0090FF,0,889
173418,55.5625,31.25,24.125,#C26E5D,1,889
173463,55.5625,66.875,-19.875,#E049A9,1,889
173477,55.5625,77.5,-46.75,#DD3CD8,1,889
173479,55.5625,78.625,-73.75,#C343FF,0,889
173484,55.5625,85.5,-79.25,#C936FF,0,889
173497,55.5625,103.125,-14.5,#FF00A1,0,889
173500,55.5625,105.625,-25.5,#FF00B4,0,889
173507,55.5625,113.25,-61.375,#FF00F2,0,889
173508,55.5625,116.375,28.25,#FF005D,0,889
173513,55.5625,120.875,21.25,#FF0068,0,889
173515,55.5625,124.0,-86.5,#FF00FF,0,889
173520,55.625,-128.0,68.75,#00A900,0,890
173568,55.625,-59.375,-22.375,#009FAB,0,890
173574,55.625,-54.875,94.0,#399A00,0,890
173620,55.625,-26.125,85.125,#798F00,0,890
173629,55.625,-22.25,-57.5,#0095E9,0,890
173780,55.625,37.625,-65.5,#7D74F8,1,890
173789,55.625,38.75,10.125,#C76975,1,890
173795,55.625,40.75,-81.125,#5D74FF,0,890
173798,55.625,41.125,-75.125,#7073FF,0,890
173812,55.625,45.625,72.625,#DD5F00,0,890
173834,55.625,58.875,-128.0,#0071FF,0,890
173875,55.625,108.375,9.5,#FF007A,0,890
173893,55.625,127.0,11.75,#FF0078,0,890
173898,55.6875,-122.25,15.0,#00AA68,0,891
173933,55.6875,-64.875,20.75,#009E5F,0,891
173938,55.6875,-60.75,83.375,#199C00,0,891
173956,55.6875,-37.375,-34.75,#0099C1,0,891
173970,55.6875,-30.25,29.75,#5F9250,1,891
174017,55.6875,-9.625,-51.125,#008FDE,0,891
174055,55.6875,2.75,-9.125,#828595,1,891
174126,55.6875,25.875,-6.125,#AC7591,1,891
174141,55.6875,36.625,-32.0,#A96FBD,1,891
174203,55.6875,81.5,5.5,#FE1E80,1,891
174205,55.6875,82.875,-99.625,#A347FF,0,891
174217,55.6875,93.25,74.75,#FF0000,0,891
174222,55.6875,108.125,59.875,#FF0026,0,891
174234,55.6875,122.875,-0.375,#FF008B,0,891
174314,55.75,-27.375,-73.875,#009AFF,0,892
174318,55.75,-26.125,95.0,#7A8F00,0,892
174322,55.75,-24.25,-96.875,#009CFF,0,892
174362,55.75,-8.75,-21.125,#598CAA,1,892
174377,55.75,-4.875,3.5,#7F887F,1,892
174403,55.75,3.5,20.25,#988263,1,892
174412,55.75,6.375,3.875,#94827F,1,892
174429,55.75,11.5,-29.75,#7D81B9,1,892
174453,55.75,21.75,-105.25,#0088FF,0,892
174465,55.75,28.0,-116.0,#0086FF,0,892
174469,55.75,29.625,0.25,#B67286,1,892
174481,55.75,35.0,29.5,#C96B54,1,892
174495,55.75,42.125,-117.125,#007CFF,0,892
174509,55.75,54.125,64.75,#E85505,1,892
174563,55.75,103.5,84.625,#FF0000,0,892
174579,55.8125,-111.375,5.375,#00A97A,0,893
174597,55.8125,-80.75,62.125,#00A100,0,893
174598,55.8125,-80.5,39.25,#00A23B,0,893
174679,55.8125,-17.75,-80.75,#0097FF,0,893
174691,55.8125,-12.0,-3.25,#6A8C8B,1,893
174715,55.8125,-3.0,54.375,#9A851D,1,893
174756,55.8125,6.25,63.125,#A98000,0,893
174778,55.8125,16.5,-9.375,#9B7C96,1,893
174786,55.8125,21.75,74.625,#BF7500,0,893
174789,55.8125,23.75,-124.625,#008BFF,0,893
174796,55.8125,25.125,-13.5,#A6779E,1,893
174814,55.8125,31.25,85.75,#CC6D00,0,893
174863,55.8125,64.875,-97.125,#7B61FF,0,893
174864,55.8125,64.875,-71.125,#AE59FF,0,893
174874,55.8125,72.875,1.5,#F23B86,1,893
174896,55.8125,91.0,-107.0,#A739FF,0,893
174915,55.8125,113.875,34.75,#FF0052,0,893
174916,55.8125,119.5,-31.125,#FF00BF,0,893
174919,55.875,-128.0,-16.0,#00AD9F,0,894
174923,55.875,-120.75,82.125,#00A900,0,894
174934,55.875,-97.875,17.625,#00A664,0,894
174935,55.875,-97.375,37.125,#00A63F,0,894
174937,55.875,-95.625,-57.625,#00ABE9,0,894
174976,55.875,-51.125,-2.0,#009B88,0,894
175023,55.875,-20.75,68.625,#818E00,0,894
175030,55.875,-17.5,28.0,#798D54,1,894
175163,55.875,41.125,53.25,#D66527,1,894
175216,55.875,80.5,65.875,#FF180F,0,894
175230,55.875,93.375,-26.25,#FF00B6,0,894
175235,55.875,97.625,-81.5,#DC00FF,0,894
175249,55.875,118.25,-13.0,#FF00A1,0,894
175283,55.9375,-89.875,-61.125,#00ABF0,0,895
175302,55.9375,-72.625,-24.875,#00A3B0,0,895
175307,55.9375,-68.25,-32.625,#00A3BD,0,895
175392,55.9375,-5.875,-78.0,#0092FF,0,895
175419,55.9375,3.875,53.875,#A48120,1,895
175476,55.9375,21.75,-115.0,#008AFF,0,895
175486,55.9375,27.375,-68.5,#577DFE,1,895
175556,55.9375,75.75,96.0,#FF2B00,0,895
175567,55.9375,84.75,25.375,#FF005F,0,895
175601,55.9375,123.75,69.5,#FF0018,0,895
175605,56.0,-122.375,-22.75,#00ADAC,0,896
175610,56.0,-111.375,-21.125,#00ABA9,0,896
175632,56.0,-79.25,-7.0,#00A490,0,896
175641,56.0,-69.25,11.625,#00A070,0,896
175707,56.0,-18.625,22.0,#738E5F,1,896
175801,56.0,9.125,-19.875,#8583A9,1,896
175861,56.0,36.25,-102.0,#007EFF,0,896
175901,56.0,61.375,86.0,#F34B00,0,896
175923,56.0,73.25,-111.625,#665CFF,0,896
175925,56.0,74.375,67.375,#FF3005,0,896
175935,56.0,87.625,87.875,#FF0000,0,896
175953,56.0,101.25,-29.625,#FF00BC,0,896
175982,56.0625,-106.0,22.375,#00A85C,0,897
175983,56.0625,-105.375,-8.5,#00A993,0,897
175984,56.0625,-104.25,87.625,#00A700,0,897
175990,56.0625,-88.5,41.125,#00A437,0,897
175999,56.0625,-71.125,68.5,#00A000,0,897
176024,56.0625,-47.875,9.25,#009A75,0,897
176243,56.0625,43.25,20.875,#D36564,1,897
176261,56.0625,53.625,-66.375,#A066FB,1,897
176267,56.0625,58.25,-57.875,#B45FEC,1,897
176270,56.0625,60.125,-15.5,#DA54A3,1,897
176271,56.0625,61.375,-82.375,#9561FF,0,897
176311,56.0625,90.0,45.875,#FF003E,0,897
176325,56.0625,110.375,76.375,#FF0000,0,897
176337,56.0625,126.875,-47.125,#FF00DB,0,897
176359,56.125,-90.0,65.625,#00A400,0,898
176360,56.125,-88.75,10.875,#00A571,0,898
176407,56.125,-44.375,-27.25,#009CB5,0,898
176415,56.125,-40.75,-49.375,#009DDC,0,898
176424,56.125,-36.75,15.875,#40966A,1,898
176425,56.125,-36.375,77.0,#669500,0,898
176430,56.125,-34.0,3.25,#339680,1,898
176461,56.125,-17.125,-39.125,#0092CA,0,898
176529,56.125,4.25,-82.625,#008EFF,0,898
176574,56.125,23.0,85.875,#C37500,0,898
176614,56.125,44.375,-4.75,#CA6690,1,898
176618,56.125,47.5,25.5,#DA605D,1,898
176625,56.125,54.5,96.25,#EB5500,0,898
176638,56.125,63.125,75.0,#F54900,0,898
176663,56.125,91.875,-123.375,#7E43FF,0,898
176670,56.125,100.875,-43.625,#FF00D5,0,898
176676,56.125,111.875,-25.0,#FF00B5,0,898
176678,56.125,114.5,71.875,#FF000E,0,898
176689,56.1875,-128.0,36.0,#00AC41,0,899
176690,56.1875,-128.0,50.875,#00AB1B,0,899
176697,56.1875,-106.125,8.625,#00A975,0,899
176704,56.1875,-88.5,91.375,#00A400,0,899
176738,56.1875,-50.0,85.125,#489A00,0,899
176743,56.1875,-47.0,23.25,#1F9A5C,1,899
176746,56.1875,-46.125,45.0,#429931,1,899
176809,56.1875,-10.75,63.0,#918A00,0,899
176870,56.1875,9.75,-44.125,#6185D3,1,899
176892,56.1875,17.25,32.25,#B37A4F,1,899
176941,56.1875,37.5,37.625,#D06A47,1,899
177007,56.1875,77.25,32.875,#FF2B53,0,899
177012,56.1875,85.875,-7.75,#FF0D97,0,899
177030,56.1875,107.375,-52.125,#FF00E4,0,899
177045,56.1875,127.0,44.625,#FF0045,0,899
177052,56.25,-114.125,85.125,#00A900,0,900
177066,56.25,-81.25,-35.375,#00A7C3,0,900
177078,56.25,-63.875,-54.5,#00A5E5,0,900
177087,56.25,-51.75,-19.875,#009EA8,0,900
177111,56.25,-30.125,61.125,#6F9300,0,900
177121,56.25,-23.125,-35.5,#0095C4,0,900
177164,56.25,-5.0,96.125,#9D8700,0,900
177167,56.25,-2.375,-70.125,#0090FF,0,900
177229,56.25,20.375,-2.875,#A77A8C,1,900
177276,56.25,51.25,-98.75,#3E71FF,0,900
177286,56.25,55.875,-34.625,#C85EC4,1,900
177307,56.25,67.625,27.875,#F5445B,1,900
177327,56.25,95.25,-88.25,#D01DFF,0,900
177338,56.25,100.375,58.75,#FF0028,0,900
177343,56.25,105.0,66.875,#FF0018,0,900
177344,56.25,106.5,-117.625,#B500FF,0,900
177374,56.3125,-89.25,51.75,#00A51B,0,901
177375,56.3125,-87.875,30.875,#00A54D,0,901
177388,56.3125,-76.75,4.125,#00A47E,0,901
177392,56.3125,-75.5,26.5,#00A256,0,901
177465,56.3125,-14.875,-103.0,#009BFF,0,901
177502,56.3125,-1.875,-52.875,#008DE3,0,901
177590,56.3125,22.5,-44.0,#827DD4,1,901
177604,56.3125,29.625,45.125,#C77138,1,901
177638,56.3125,50.0,-11.0,#CF619B,1,901
177690,56.3125,94.25,37.875,#FF004C,0,901
177692,56.3125,95.25,-57.5,#F100ED,0,901
177717,56.3125,126.625,-73.0,#FF00FF,0,901
177723,56.375,-128.0,43.0,#00AC32,0,902
177743,56.375,-83.875,-64.875,#00ABF8,0,902
177812,56.375,-26.0,48.0,#73922C,1,902
177864,56.375,-1.875,-90.875,#0093FF,0,902
177943,56.375,38.375,-7.875,#C06D96,1,902
177949,56.375,42.875,-128.0,#0081FF,0,902
177959,56.375,51.0,59.625,#E55B1A,1,902
177974,56.375,63.375,-117.625,#006BFF,0,902
177978,56.375,64.5,-1.75,#E84D8D,1,902
177997,56.375,89.125,95.875,#FF0000,0,902
178003,56.375,90.375,-17.625,#FF00A8,0,902
178008,56.375,91.75,-101.0,#B635FF,0,902
178031,56.4375,-122.125,-6.375,#00AD90,0,903
178042,56.4375,-106.0,-16.875,#00ABA3,0,903
178046,56.4375,-94.0,0.125,#00A885,0,903
178048,56.4375,-87.75,71.25,#00A500,0,903
178073,56.4375,-58.0,-39.0,#00A2CA,0,903
178079,56.4375,-53.5,-81.375,#00A6FF,0,903
178180,56.4375,3.25,74.875,#A88300,0,903
178239,56.4375,21.375,-73.125,#1F83FF,0,903
178271,56.4375,40.875,84.75,#DB6600,0,903
178309,56.4375,64.75,-48.625,#CA55DD,1,903
178316,56.4375,71.125,86.375,#FF3A00,0,903
178356,56.5,-122.125,1.625,#00AD82,0,904
178410,56.5,-51.5,34.75,#1E9C47,1,904
178461,56.5,-22.125,42.5,#799039,1,904
178481,56.5,-15.75,-57.75,#0095EC,0,904
178550,56.5,10.125,-106.625,#0090FF,0,904
178585,56.5,22.875,-31.75,#937CBF,1,904
178606,56.5,34.375,-40.0,#9F74CE,1,904
178637,56.5,59.25,-94.875,#7268FF,0,904
178643,56.5,63.875,57.25,#F54924,1,904
178675,56.5,95.5,97.125,#FF0000,0,904
178694,56.5,116.75,42.25,#FF0048,0,904
178705,56.5625,-106.5,31.25,#00A94C,0,905
178715,56.5625,-97.375,79.875,#00A700,0,905
178726,56.5625,-81.375,82.75,#00A300,0,905
178731,56.5625,-77.125,78.25,#00A200,0,905
178735,56.5625,-74.0,83.875,#00A200,0,905
178747,56.5625,-56.75,75.875,#309D00,0,905
178748,56.5625,-56.25,59.125,#279D00,0,905
178757,56.5625,-47.75,-84.75,#00A5FF,0,905
178985,56.5625,41.875,66.375,#DB6600,0,905
179014,56.5625,51.0,10.25,#DB5E78,1,905
179036,56.5625,70.375,-32.875,#E049C2,1,905
179039,56.5625,72.875,-128.0,#0064FF,0,905
179062,56.5625,91.5,-78.5,#D727FF,0,905
179081,56.5625,113.625,86.75,#FF0000,0,905
179130,56.625,-73.5,-60.0,#00A9F0,0,906
179134,56.625,-70.625,-4.625,#00A38E,0,906
179136,56.625,-66.875,84.5,#00A000,0,906
179147,56.625,-51.125,-51.75,#00A2E1,0,906
179150,56.625,-45.125,-7.25,#009C93,0,906
179190,56.625,-12.375,36.0,#888C47,1,906
179224,56.625,-1.125,10.125,#8D8876,1,906
179259,56.625,8.375,84.0,#B08000,0,906
179273,56.625,14.5,-78.0,#0089FF,0,906
179302,56.625,26.25,15.25,#BB766F,1,906
179304,56.625,27.375,96.875,#CB7200,0,906
179317,56.625,33.0,-80.875,#3F7DFF,0,906
179338,56.625,43.625,-55.0,#9E6FE9,1,906
179385,56.625,85.125,-58.0,#E230EF,1,906
179397,56.625,98.75,88.5,#FF0000,0,906
179403,56.625,110.0,47.5,#FF003F,0,906
179406,56.625,117.0,-118.5,#CB00FF,0,906
179409,56.625,120.5,14.25,#FF0076,0,906
179417,56.6875,-128.0,9.125,#00AE75,0,907
179440,56.6875,-78.125,46.375,#00A32D,0,907
179452,56.6875,-65.375,53.375,#00A019,0,907
179455,56.6875,-64.75,45.75,#00A02F,0,907
179456,56.6875,-63.5,5.25,#00A17D,0,907
179457,56.6875,-63.0,-45.125,#00A5D6,0,907
179472,56.6875,-49.25,-62.375,#00A2F5,0,907
179478,56.6875,-47.375,59.625,#499A00,0,907
179481,56.6875,-45.5,-55.0,#00A0E7,0,907
179590,56.6875,8.125,29.5,#A68255,1,907
179688,56.6875,46.5,96.875,#E36100,0,907
179713,56.6875,65.625,63.625,#F94613,1,907
179724,56.6875,74.75,8.0,#FA387E,1,907
179753,56.6875,113.0,-107.375,#D600FF,0,907
179783,56.75,-110.375,-39.375,#00AFCB,0,908
179810,56.75,-71.875,-18.5,#00A5A7,0,908
179811,56.75,-66.625,-63.5,#00A8F7,0,908
179821,56.75,-55.5,-69.5,#00A5FF,0,908
179844,56.75,-37.375,53.75,#5F971C,1,908
179885,56.75,-17.625,87.25,#8A8E00,0,908
179970,56.75,11.0,-51.875,#5287E3,1,908
179976,56.75,13.5,54.5,#B47E22,1,908
180008,56.75,25.75,52.875,#C57528,1,908
180024,56.75,32.375,-22.5,#AE74B0,1,908
180053,56.75,51.75,-88.375,#6F6FFF,0,908
180055,56.75,53.0,-42.625,#BE64D3,1,908
180068,56.75,59.125,-68.875,#A962FF,0,908
180090,56.75,78.25,-80.625,#BD4AFF,0,908
180096,56.75,83.5,76.875,#FF0700,0,908
180110,56.75,105.125,-36.75,#FF00CB,0,908
180118,56.75,118.125,97.75,#FF0000,0,908
180123,56.75,122.25,-57.625,#FF00F0,0,908
180127,56.8125,-117.75,59.75,#00AC00,0,909
180144,56.8125,-81.375,73.5,#00A400,0,909
180166,56.8125,-59.375,-78.625,#00A8FF,0,909
180243,56.8125,-13.0,-25.5,#4491B4,1,909
180319,56.8125,16.5,23.125,#B07D61,1,909
180383,56.8125,47.25,-63.5,#9A6EF8,1,909
180421,56.8125,67.625,-106.75,#6863FF,0,909
180431,56.8125,77.25,87.375,#FF2A00,0,909
180433,56.8125,78.125,25.75,#FF2D60,0,909
180437,56.8125,81.5,97.625,#FF1700,0,909
180441,56.8125,84.0,-33.25,#F329C4,1,909
180443,56.8125,91.25,27.25,#FF005F,0,909
180454,56.8125,107.25,24.375,#FF0065,0,909
180549,56.875,-35.875,-92.125,#00A3FF,0,910
180570,56.875,-24.5,13.375,#629470,1,910
180617,56.875,-6.25,-3.25,#798C8E,1,910
180678,56.875,17.0,86.875,#BD7B00,0,910
180757,56.875,61.375,20.75,#ED5168,1,910
180790,56.875,91.5,-5.5,#FF0095,0,910
180823,56.9375,-106.75,37.625,#00AA40,0,911
180831,56.9375,-92.25,-24.0,#00AAB1,0,911
180891,56.9375,-41.0,23.0,#3E9A5F,1,911
180930,56.9375,-21.375,5.25,#61937F,1,911
180969,56.9375,-9.25,75.875,#978B00,0,911
181057,56.9375,15.25,43.125,#B57D3C,1,911
181064,56.9375,17.625,-36.75,#8381C9,1,911
181081,56.9375,24.125,65.875,#C57600,0,911
181117,56.9375,44.5,78.625,#E16400,0,911
181121,56.9375,47.125,-39.875,#B76ACF,1,911
181127,56.9375,50.375,-30.625,#C465BF,1,911
181133,56.9375,56.625,49.75,#ED5634,1,911
181173,56.9375,93.0,-70.25,#E41BFF,0,911
181206,57.0,-117.5,51.375,#00AC1C,0,912
181207,57.0,-115.375,-2.875,#00AE8B,0,912
181235,57.0,-83.375,54.0,#00A516,0,912
181256,57.0,-68.25,26.125,#00A258,0,912
181279,57.0,-48.25,68.375,#4B9B00,0,912
181340,57.0,-10.875,97.5,#978C00,0,912
181446,57.0,32.0,77.625,#D17000,0,912
181492,57.0,64.5,-8.5,#E7509A,1,912
181499,57.0,71.25,-78.75,#B356FF,0,912
181522,57.0,90.625,-116.125,#9444FF,0,912
181529,57.0,99.25,-3.375,#FF0093,0,912
181536,57.0,107.25,98.125,#FF0000,0,912
181551,57.0,124.5,5.25,#FF0086,0,912
181577,57.0625,-96.0,-41.875,#00ADD0,0,913
181623,57.0625,-43.375,86.75,#5B9A00,0,913
181632,57.0625,-39.125,8.25,#299A79,1,913
181642,57.0625,-33.5,-82.0,#00A1FF,0,913
181643,57.0625,-33.25,87.125,#709600,0,913
181708,57.0625,-2.625,-62.875,#0091F7,0,913
181752,57.0625,8.625,68.625,#B18100,0,913
181758,57.0625,10.25,-0.125,#9B8389,1,913
181776,57.0625,16.125,97.625,#BD7C00,0,913
181782,57.0625,18.25,-57.5,#5C84EE,1,913
181885,57.0625,87.0,-90.375,#C03EFF,0,913
181909,57.0625,103.375,-106.875,#C602FF,0,913
181910,57.0625,103.625,13.0,#FF0078,0,913
181923,57.0625,115.75,-71.625,#FF00FF,0,913
181937,57.125,-128.0,-29.375,#00B2BA,0,914
181957,57.125,-83.25,15.5,#00A76C,0,914
182029,57.125,-24.75,36.625,#739347,1,914
182064,57.125,-8.875,-57.875,#0093EE,0,914
182084,57.125,-1.0,-38.375,#4F8DCC,1,914
182231,57.125,70.0,33.375,#FC4154,1,914
182237,57.125,79.75,-110.125,#8655FF,0,914
182244,57.125,84.875,33.0,#FF0956,0,914
182254,57.125,97.625,-35.75,#FF00CA,0,914
182271,57.125,124.875,62.875,#FF0028,0,914
182273,57.1875,-128.0,-41.875,#00B3D1,0,915
182278,57.1875,-116.875,29.25,#00AD51,0,915
182280,57.1875,-111.375,26.75,#00AC56,0,915
182326,57.1875,-41.75,-89.125,#00A5FF,0,915
182357,57.1875,-20.75,-63.375,#009AF8,0,915
182426,57.1875,4.0,97.875,#AD8400,0,915
182445,57.1875,13.375,-16.375,#9383A6,1,915
182484,57.1875,26.375,5.875,#B87880,1,915
182537,57.1875,57.625,-114.5,#0072FF,0,915
182570,57.1875,79.625,-8.0,#FC319A,1,915
182604,57.1875,122.625,90.0,#FF0000,0,915
182613,57.25,-117.375,43.25,#00AD34,0,916
182620,57.25,-95.625,-5.875,#00AB92,0,916
182663,57.25,-43.375,-77.125,#00A4FF,0,916
182695,57.25,-27.0,-66.5,#009DFE,0,916
182789,57.25,7.0,-9.375,#8E869A,1,916
182907,57.25,84.0,-16.0,#FE24A8,1,916
182909,57.25,85.0,-121.625,#7152FF,0,916
182956,57.3125,-114.5,-49.25,#00B2DE,0,917
182974,57.3125,-82.125,-25.375,#00A9B4,0,917
182977,57.3125,-76.125,95.125,#00A400,0,917
182991,57.3125,-64.375,-27.25,#00A5B8,0,917
183153,57.3125,22.75,-93.5,#0088FF,0,917
183208,57.3125,50.625,-123.0,#007BFF,0,917
183214,57.3125,54.75,-51.375,#B965E4,1,917
183255,57.3125,90.0,-44.375,#F617D9,1,917
183263,57.3125,97.125,28.875,#FF005E,0,917
183306,57.375,-107.625,52.25,#00AC1B,0,918
183308,57.375,-98.625,70.5,#00AA00,0,918
183339,57.375,-61.375,-67.25,#00A8FF,0,918
183347,57.375,-56.5,1.125,#00A186,0,918
183378,57.375,-31.5,-35.875,#009BC7,0,918
183445,57.375,-1.25,20.125,#958967,1,918
183452,57.375,0.625,-17.0,#7A8BA7,1,918
183490,57.375,15.75,-112.875,#0091FF,0,918
183498,57.375,19.125,15.25,#B27D70,1,918
183559,57.375,48.0,-117.125,#007CFF,0,918
183577,57.375,57.0,-10.0,#DD5C9D,1,918
183590,57.375,70.625,-66.875,#C354FF,0,918
183618,57.375,91.375,-35.0,#FE00C9,0,918
183630,57.375,113.5,-128.0,#B300FF,0,918
183634,57.375,117.25,78.875,#FF0000,0,918
183637,57.375,124.875,-108.375,#ED00FF,0,918
183643,57.4375,-128.0,20.75,#00B062,0,919
183646,57.4375,-126.625,82.75,#00AF00,0,919
183664,57.4375,-108.0,60.25,#00AC00,0,919
183665,57.4375,-107.25,68.25,#00AB00,0,919
183670,57.4375,-101.875,-56.5,#00B1EC,0,919
183697,57.4375,-62.5,96.625,#1EA100,0,919
183739,57.4375,-24.375,-41.75,#0099D2,0,919
183764,57.4375,-9.5,54.625,#948D20,1,919
183765,57.4375,-9.375,-83.875,#0098FF,0,919
183798,57.4375,0.875,-2.0,#8A8A8D,1,919
183820,57.4375,7.625,-88.5,#0091FF,0,919
183889,57.4375,37.125,16.25,#CD6F6F,1,919
183891,57.4375,38.625,-16.875,#BE70A8,1,919
183912,57.4375,52.75,19.875,#E35E6A,1,919
183933,57.4375,70.5,77.25,#FF3F00,0,919
183958,57.4375,119.75,-22.0,#FF00B4,0,919
183974,57.5,-100.25,-34.875,#00AFC5,0,920
183986,57.5,-88.75,-52.5,#00AEE5,0,920
184003,57.5,-69.5,96.0,#00A300,0,920
184007,57.5,-65.5,76.375,#00A200,0,920
184015,57.5,-50.25,97.375,#4D9D00,0,920
184023,57.5,-42.375,-20.875,#009EAD,0,920
184038,57.5,-35.75,-61.5,#00A0F5,0,920
184039,57.5,-34.125,-9.0,#009A99,0,920
184051,57.5,-25.25,78.75,#7F9400,0,920
184062,57.5,-17.0,78.875,#8D9000,0,920
184191,57.5,25.5,-50.5,#817FE3,1,920
184226,57.5,50.625,76.125,#EA5E00,0,920
184228,57.5,52.625,88.75,#ED5C00,0,920
184231,57.5,54.25,31.875,#E85B56,1,920
184244,57.5,62.75,-26.875,#DB57BA,1,920
184275,57.5,93.625,20.5,#FF006C,0,920
184282,57.5,101.25,52.375,#FF0037,0,920
184284,57.5,108.375,-19.25,#FF00AF,0,920
184286,57.5,112.75,5.375,#FF0086,0,920
184297,57.5625,-128.0,27.25,#00B056,0,921
184301,57.5625,-122.5,-33.5,#00B2C3,0,921
184348,57.5625,-52.0,49.25,#359E2A,1,921
184366,57.5625,-36.375,27.5,#539A58,1,921
184372,57.5625,-32.375,9.5,#499979,1,921
184484,57.5625,15.5,65.25,#BB7E00,0,921
184531,57.5625,36.25,-1.25,#C4718E,1,921
184541,57.5625,44.5,47.125,#DF6639,1,921
184555,57.5625,55.375,-82.0,#8C6CFF,0,921
184565,57.5625,67.25,13.25,#F44A77,1,921
184608,57.625,-106.25,-29.0,#00B0BB,0,922
184626,57.625,-68.75,37.75,#00A443,0,922
184634,57.625,-64.0,-7.25,#00A495,0,922
184638,57.625,-59.25,33.5,#00A14C,0,922
184641,57.625,-51.0,-9.125,#00A199,0,922
184657,57.625,-40.625,-69.0,#00A3FF,0,922
184703,57.625,-17.875,59.375,#88910C,1,922
184775,57.625,5.25,-101.375,#0095FF,0,922
184816,57.625,20.0,-16.375,#A07FA7,1,922
184827,57.625,24.125,80.0,#C97800,0,922
184834,57.625,25.5,22.75,#BF7864,1,922
184838,57.625,26.75,-19.0,#AA7BAC,1,922
184900,57.625,56.5,-102.0,#5070FF,0,922
184915,57.625,68.625,-59.5,#C956F4,1,922
184951,57.625,94.875,6.125,#FF0084,0,922
184958,57.625,99.0,-66.875,#F200FF,0,922
184986,57.625,127.0,-79.75,#FF00FF,0,922
185015,57.6875,-77.25,-70.25,#00AEFF,0,923
185028,57.6875,-63.0,39.625,#00A240,0,923
185094,57.6875,-20.75,-101.875,#00A1FF,0,923
185215,57.6875,27.375,-75.875,#4083FF,0,923
185224,57.6875,30.125,58.75,#CE731C,1,923
185261,57.6875,48.625,0.0,#D7658C,1,923
185273,57.6875,57.625,-121.875,#0075FF,0,923
185278,57.6875,62.125,5.375,#EB5384,1,923
185303,57.6875,88.5,67.125,#FF0014,0,923
185322,57.6875,115.125,55.5,#FF0034,0,923
185328,57.6875,125.75,-38.375,#FF00D1,0,923
185350,57.75,-95.25,-16.75,#00ADA6,0,924
185383,57.75,-53.375,11.625,#00A175,0,924
185416,57.75,-30.25,-96.625,#00A4FF,0,924
185449,57.75,-12.875,23.5,#839061,1,924
185450,57.75,-12.375,11.125,#7C9077,1,924
185454,57.75,-9.75,-73.625,#0098FF,0,924
185466,57.75,-4.75,-111.0,#009CFF,0,924
185472,57.75,-3.25,-25.5,#658FB7,1,924
185484,57.75,3.25,-61.625,#008FF7,0,924
185490,57.75,4.375,-116.25,#0099FF,0,924
185572,57.75,41.875,-103.25,#007EFF,0,924
185589,57.75,55.25,-108.375,#0074FF,0,924
185612,57.75,74.125,50.5,#FF3937,0,924
185617,57.75,79.875,57.5,#FF272A,0,924
185644,57.75,124.0,99.375,#FF0000,0,924
185648,57.75,127.0,23.125,#FF006B,0,924
185660,57.8125,-116.75,16.125,#00AF6B,0,925
185664,57.8125,-107.25,43.875,#00AD34,0,925
185691,57.8125,-72.375,-10.375,#00A79B,0,925
185744,57.8125,-27.875,55.75,#76961A,1,925
185747,57.8125,-24.875,-21.125,#0C98AF,1,925
185758,57.8125,-18.375,47.125,#859233,1,925
185769,57.8125,-13.625,-88.875,#009CFF,0,925
185797,57.8125,-3.125,60.25,#A08A0D,1,925
185802,57.8125,-1.875,-7.0,#818C97,1,925
185902,57.8125,36.625,98.875,#DA6D00,0,925
185904,57.8125,37.375,22.625,#D06F65,1,925
185910,57.8125,39.75,-25.75,#BA71B9,1,925
185921,57.8125,46.875,-71.75,#8D72FF,0,925
185937,57.8125,60.875,97.125,#F95100,0,925
185967,57.8125,82.125,48.375,#FF1F3C,0,925
185977,57.8125,91.875,53.625,#FF0034,0,925
185983,57.8125,99.375,68.5,#FF0015,0,925
185992,57.8125,109.125,-67.5,#FF00FF,0,925
186007,57.8125,125.125,75.625,#FF000D,0,925
186011,57.8125,126.875,-121.75,#DE00FF,0,925
186078,57.875,-45.0,31.625,#3D9D51,1,926
186082,57.875,-43.375,14.875,#269D70,1,926
186116,57.875,-22.25,-51.125,#009AE4,0,926
186161,57.875,-5.75,70.0,#9E8C00,0,926
186174,57.875,-1.25,86.125,#A78900,0,926
186193,57.875,5.375,-40.125,#618CD1,1,926
186233,57.875,17.5,-83.625,#008BFF,0,926
186255,57.875,24.75,-100.5,#008AFF,0,926
186297,57.875,43.75,-97.25,#0E7BFF,0,926
186365,57.875,85.25,12.375,#FF177A,0,926
186379,57.875,101.375,-49.75,#FF00E4,0,926
186382,57.875,105.125,-124.625,#A821FF,0,926
186405,57.9375,-118.0,66.375,#00AF00,0,927
186417,57.9375,-94.0,93.25,#00AA00,0,927
186445,57.9375,-58.75,23.875,#00A25F,0,927
186460,57.9375,-41.5,41.375,#529C3E,1,927
186473,57.9375,-35.25,-2.5,#1F9C8F,1,927
186480,57.9375,-33.25,-73.375,#00A2FF,0,927
186499,57.9375,-21.125,98.875,#899300,0,927
186514,57.9375,-12.75,-35.25,#2195C8,1,927
186522,57.9375,-9.875,28.875,#8C8F58,1,927
186532,57.9375,-7.375,-12.125,#7090A0,1,927
186593,57.9375,12.625,-71.25,#008CFF,0,927
186611,57.9375,19.75,58.875,#C17C1A,1,927
186713,57.9375,78.625,-0.75,#FF3590,0,927
186718,57.9375,82.0,-68.25,#D742FF,0,927
186735,57.9375,100.875,-90.75,#DC01FF,0,927
186740,57.9375,106.25,-7.0,#FF009B,0,927
186750,57.9375,118.625,-37.25,#FF00CF,0,927
186758,58.0,-128.0,-21.625,#00B4AF,0,928
186804,58.0,-64.5,14.75,#00A470,0,928
186837,58.0,-33.75,-42.5,#009ED5,0,928
186847,58.0,-29.875,-86.875,#00A3FF,0,928
187011,58.0,44.625,-111.875,#007FFF,0,928
187060,58.0,80.5,-128.0,#375EFF,0,928
187079,58.0,104.0,72.875,#FF0009,0,928
187083,58.0,114.625,-83.625,#FC00FF,0,928
187088,58.0,118.625,-88.25,#FD00FF,0,928
187108,58.0625,-98.125,52.0,#00AC1F,0,929
187114,58.0625,-89.75,-35.875,#00AEC9,0,929
187126,58.0625,-78.0,-17.25,#00AAA8,0,929
187237,58.0625,-3.375,78.375,#A38B00,0,929
187301,58.0625,18.0,79.125,#C27D00,0,929
187303,58.0625,18.75,-98.875,#008EFF,0,929
187343,58.0625,37.25,-85.375,#457EFF,0,929
187402,58.0625,76.5,-62.375,#D44BFB,1,929
187404,58.0625,76.875,-101.25,#9958FF,0,929
187409,58.0625,83.75,-50.75,#EB37E6,1,929
187433,58.0625,109.0,-85.75,#F000FF,0,929
187448,58.125,-92.25,5.875,#00AC7F,0,930
187451,58.125,-85.0,-13.375,#00ACA1,0,930
187462,58.125,-76.5,-29.0,#00ABBD,0,930
187463,58.125,-76.0,12.75,#00A873,0,930
187515,58.125,-30.25,98.875,#7A9700,0,930
187520,58.125,-25.75,-9.0,#3F999B,1,930
187555,58.125,-8.0,-45.875,#0094DC,0,930
187621,58.125,17.125,-124.25,#0095FF,0,930
187631,58.125,21.5,-66.625,#4F86FF,0,930
187666,58.125,37.125,89.375,#DC6E00,0,930
187677,58.125,45.5,-86.0,#6678FF,0,930
187687,58.125,58.125,58.0,#F45725,1,930
187690,58.125,59.875,13.0,#EC5778,1,930
187701,58.125,67.25,-39.625,#DB54D2,1,930
187713,58.125,80.0,-41.875,#EC3DD7,1,930
187764,58.1875,-93.25,73.375,#00AB00,0,931
187768,58.1875,-85.0,45.625,#00A932,0,931
187776,58.1875,-69.5,4.375,#00A782,0,931
187784,58.1875,-61.625,-16.125,#00A6A7,0,931
187805,58.1875,-45.375,78.625,#599D00,0,931
187848,58.1875,-20.125,-75.75,#009EFF,0,931
187939,58.1875,12.25,-57.875,#488BF2,1,931
187989,58.1875,31.75,-120.5,#008BFF,0,931
188012,58.1875,43.625,33.125,#DD6954,1,931
188022,58.1875,48.75,-24.75,#CA69B8,1,931
188033,58.1875,56.875,-3.125,#E25D93,1,931
188051,58.1875,72.0,-17.5,#F048AC,1,931
188065,58.1875,94.5,60.25,#FF0028,0,931
188085,58.25,-122.25,8.25,#00B27B,0,932
188087,58.25,-116.625,3.625,#00B183,0,932
188099,58.25,-97.625,-48.375,#00B1DF,0,932
188104,58.25,-92.75,33.875,#00AC4C,0,932
188126,58.25,-71.0,-74.5,#00AEFF,0,932
188129,58.25,-63.625,68.625,#00A400,0,932
188152,58.25,-40.375,66.875,#619C00,0,932
188269,58.25,5.375,-22.25,#808BB3,1,932
188315,58.25,24.75,-56.875,#7583F0,1,932
188335,58.25,37.25,-52.875,#9978E9,1,932
188336,58.25,37.375,73.5,#DB6E00,0,932
188360,58.25,56.25,3.375,#E45D88,1,932
188440,58.3125,-117.125,-38.25,#00B4CD,0,933
188461,58.3125,-85.875,-43.625,#00AFD7,0,933
188473,58.3125,-72.375,-41.125,#00ABD3,0,933
188527,58.3125,-21.0,-30.0,#0099C0,0,933
188549,58.3125,-12.375,17.5,#82926D,1,933
188552,58.3125,-10.125,4.875,#7D9183,1,933
188578,58.3125,-0.75,48.75,#A38A32,1,933
188592,58.3125,3.125,5.75,#968A82,1,933
188593,58.3125,3.375,-55.125,#1F90ED,1,933
188616,58.3125,6.875,90.375,#B48500,0,933
188670,58.3125,23.625,34.75,#C37B50,1,933
188741,58.3125,71.75,24.0,#FF4367,0,933
188768,58.3125,99.75,-115.0,#B22FFF,0,933
188782,58.3125,120.75,-7.0,#FF009D,0,933
188800,58.375,-103.125,81.25,#00AD00,0,934
188805,58.375,-88.375,59.5,#00AA00,0,934
188806,58.375,-86.875,85.0,#00AA00,0,934
188821,58.375,-63.5,60.125,#00A400,0,934
188846,58.375,-41.25,-42.125,#00A2D5,0,934
188849,58.375,-40.5,58.75,#5F9C0C,1,934
188867,58.375,-26.75,3.0,#539986,1,934
188868,58.375,-24.5,27.625,#71975B,1,934
188907,58.375,-6.75,44.0,#988E3C,1,934
188949,58.375,9.25,45.25,#B1853B,1,934
188960,58.375,13.25,-23.625,#8F86B6,1,934
188997,58.375,27.125,-110.375,#008CFF,0,934
189005,58.375,29.25,30.25,#C97759,1,934
189009,58.375,30.75,-34.625,#A47BC9,1,934
189018,58.375,35.75,43.25,#D57142,1,934
189090,58.375,96.25,-18.875,#FF00B0,0,934
189129,58.4375,-93.75,-29.625,#00B0BF,0,935
189135,58.4375,-76.875,53.375,#00A81E,0,935
189137,58.4375,-76.375,35.625,#00A849,0,935
189179,58.4375,-36.25,99.5,#709B00,0,935
189266,58.4375,3.25,44.25,#A8893D,1,935
189318,58.4375,24.25,-86.625,#0089FF,0,935
189347,58.4375,40.0,-37.5,#B174CF,1,935
189393,58.4375,68.875,-115.5,#4A69FF,0,935
189398,58.4375,71.0,99.875,#FF4100,0,935
189402,58.4375,75.5,42.625,#FF3947,0,935
189416,58.4375,92.25,-11.75,#FF00A4,0,935
189428,58.4375,109.5,17.375,#FF0075,0,935
189439,58.4375,126.375,37.5,#FF0055,0,935
189443,58.5,-123.0,77.125,#00B100,0,936
189453,58.5,-101.0,-19.75,#00B0AD,0,936
189464,58.5,-88.375,-3.375,#00AD90,0,936
189471,58.5,-82.375,-2.125,#00AB8E,0,936
189488,58.5,-55.25,-26.125,#00A6B9,0,936
189618,58.5,5.0,14.375,#9F8974,1,936
189632,58.5,10.625,100.0,#BA8300,0,936
189687,58.5,37.75,-113.125,#0085FF,0,936
189726,58.5,64.25,-111.5,#486DFF,0,936
189739,58.5,74.75,-118.625,#5863FF,0,936
189744,58.5,80.25,-27.125,#F73ABE,1,936
189797,58.5625,-83.5,-56.875,#00B0F0,0,937
189808,58.5625,-70.625,59.125,#00A702,0,937
189828,58.5625,-58.25,-5.25,#00A594,0,937
189844,58.5625,-47.75,-14.25,#00A2A4,0,937
189855,58.5625,-31.25,46.0,#6E9A36,1,937
189902,58.5625,-0.75,-100.375,#009AFF,0,937
189907,58.5625,0.25,-75.0,#0095FF,0,937
189921,58.5625,5.25,-2.125,#958A91,1,937
189932,58.5625,8.875,-78.875,#0091FF,0,937
189968,58.5625,22.375,-79.375,#0089FF,0,937
189979,58.5625,29.125,90.75,#D37600,0,937
189985,58.5625,32.375,-70.875,#6A80FF,0,937
190010,58.5625,45.375,61.875,#E56718,1,937
190039,58.5625,70.5,-45.75,#DC52DE,1,937
190055,58.5625,102.125,-78.5,#EF00FF,0,937
190067,58.5625,121.875,-51.625,#FF00EA,0,937
190071,58.5625,126.25,52.0,#FF003E,0,937
190076,58.625,-112.625,78.75,#00B000,0,938
190079,58.625,-108.0,-54.875,#00B5EC,0,938
190118,58.625,-57.75,-33.375,#00A7C6,0,938
190119,58.625,-57.25,45.875,#15A335,1,938
190123,58.625,-49.625,-75.25,#00A9FF,0,938
190200,58.625,-11.875,-108.25,#00A1FF,0,938
190328,58.625,44.625,11.25,#D96B7B,1,938
190337,58.625,50.5,-18.875,#D268AF,1,938
190350,58.625,58.875,38.5,#F3584D,1,938
190365,58.625,68.25,46.0,#FF4940,0,938
190375,58.625,77.25,80.0,#FF3200,0,938
190407,58.6875,-128.0,3.375,#00B484,0,939
190419,58.6875,-92.125,23.875,#00AD60,0,939
190448,58.6875,-49.75,28.0,#23A15A,1,939
190516,58.6875,-8.5,91.75,#9F8F00,0,939
190624,58.6875,35.875,61.625,#DA7117,1,939
190638,58.6875,45.0,39.5,#E2694A,1,939
190648,58.6875,49.25,66.875,#EB6304,1,939
190650,58.6875,50.5,-58.625,#AD6EF5,1,939
190709,58.6875,104.875,-62.625,#FF00FE,0,939
190712,58.6875,109.125,31.75,#FF005E,0,939
190715,58.6875,113.25,-10.5,#FF00A4,0,939
190716,58.6875,114.25,-16.5,#FF00AE,0,939
190728,58.6875,125.125,-92.625,#FF00FF,0,939
190753,58.75,-101.5,28.75,#00AF57,0,940
190755,58.75,-99.125,11.5,#00AF76,0,940
190831,58.75,-21.625,-91.875,#00A2FF,0,940
190840,58.75,-15.875,0.75,#6D958C,1,940
190907,58.75,8.625,57.375,#B4861E,1,940
190935,58.75,21.625,100.375,#CA7C00,0,940
190955,58.75,29.0,69.375,#D27700,0,940
191005,58.75,61.125,67.25,#FB540A,1,940
191007,58.75,61.875,-63.75,#BB63FF,1,940
191008,58.75,63.25,-77.25,#AB65FF,0,940
191022,58.75,77.125,-33.125,#F043C9,1,940
191068,58.75,117.625,-100.875,#EF00FF,0,940
191088,58.8125,-106.125,2.625,#00B186,0,941
191134,58.8125,-50.875,3.625,#00A386,0,941
191174,58.8125,-22.0,54.125,#839623,1,941
191180,58.8125,-18.125,-22.625,#3C98B4,1,941
191188,58.8125,-14.75,-15.5,#5996A8,1,941
191211,58.8125,-1.875,100.625,#A98C00,0,941
191236,58.8125,8.0,20.625,#A8886A,1,941
191241,58.8125,9.25,8.25,#A3877F,1,941
191296,58.8125,28.375,-127.125,#0090FF,0,941
191339,58.8125,50.0,82.25,#EE6200,0,941
191397,58.8125,115.375,63.0,#FF0029,0,941
191478,58.875,-41.125,1.125,#00A08A,0,942
191501,58.875,-31.75,34.75,#679B4E,1,942
191513,58.875,-24.125,21.625,#6F9867,1,942
191629,58.875,8.875,77.0,#B78600,0,942
191719,58.875,53.5,-72.25,#9F6FFF,0,942
191765,58.875,100.875,7.25,#FF0086,0,942
191770,58.875,104.875,90.0,#FF0000,0,942
191772,58.875,107.75,2.25,#FF008E,0,942
191778,58.875,113.75,23.125,#FF006D,0,942
191789,58.875,127.0,30.875,#FF0061,0,942
191793,58.9375,-122.5,36.0,#00B348,0,943
191796,58.9375,-120.875,-48.25,#00B8E1,0,943
191802,58.9375,-111.5,21.0,#00B265,0,943
191829,58.9375,-81.625,97.125,#00AA00,0,943
191851,58.9375,-57.25,-51.25,#00AAE7,0,943
191861,58.9375,-46.25,-32.875,#00A4C6,0,943
191878,58.9375,-32.125,67.75,#759B00,0,943
191883,58.9375,-28.75,-58.5,#00A1F4,0,943
191942,58.9375,-4.5,33.625,#9A8E52,1,943
191968,58.9375,4.75,-46.5,#5290DF,1,943
191975,58.9375,7.125,-33.5,#768DC8,1,943
191982,58.9375,8.375,35.625,#AF874F,1,943
192052,58.9375,35.625,83.0,#DC7100,0,943
192077,58.9375,52.875,44.75,#EE6042,1,943
192084,58.9375,54.875,-26.75,#D465BE,1,943
192131,58.9375,85.875,41.125,#FF124C,0,943
192141,58.9375,104.875,-100.25,#D900FF,0,943
192146,58.9375,110.25,-96.875,#E800FF,0,943
192148,58.9375,112.25,-54.875,#FF00F1,0,943
192153,58.9375,119.5,-112.125,#E300FF,0,943
192291,59.0,-16.375,65.375,#909400,0,944
192382,59.0,13.375,-92.625,#0092FF,0,944
192392,59.0,17.25,1.5,#AD838C,1,944
192425,59.0,36.75,4.625,#CC7487,1,944
192434,59.0,43.375,-11.375,#CD6FA3,1,944
192450,59.0,52.375,53.5,#EF6130,1,944
192466,59.0,62.625,-53.625,#C960ED,1,944
192472,59.0,69.25,55.625,#FF472F,0,944
192481,59.0,75.75,13.625,#FF3E7A,0,944
192515,59.0,107.5,42.375,#FF004C,0,944
192547,59.0625,-106.375,-22.5,#00B3B3,0,945
192551,59.0625,-101.875,34.75,#00B04C,0,945
192562,59.0625,-80.75,-47.875,#00B0E1,0,945
192569,59.0625,-73.125,-52.75,#00AFEA,0,945
192597,59.0625,-47.125,-47.75,#00A7E1,0,945
192632,59.0625,-21.625,-2.75,#5B9992,1,945
192687,59.0625,-3.125,-83.375,#0099FF,0,945
192741,59.0625,15.625,-42.25,#7C89D8,1,945
192844,59.0625,65.625,81.5,#FF4D00,0,945
192871,59.0625,85.625,-73.875,#DA40FF,0,945
192872,59.0625,85.875,-84.75,#CD44FF,0,945
192874,59.0625,88.5,-0.25,#FF1092,0,945
192880,59.0625,99.25,101.5,#FF0000,0,945
192893,59.0625,113.5,101.625,#FF0000,0,945
192896,59.0625,118.375,-62.5,#FF00FF,0,945
192901,59.0625,124.25,-64.125,#FF00FF,0,945
192909,59.125,-116.75,-24.5,#00B5B7,0,946
192915,59.125,-106.375,92.375,#00B000,0,946
192919,59.125,-95.625,-62.75,#00B5FC,0,946
192927,59.125,-83.625,24.5,#00AC60,0,946
192933,59.125,-76.375,68.375,#00A900,0,946
192954,59.125,-57.25,99.625,#3EA400,0,946
193004,59.125,-18.25,37.0,#84964B,1,946
193014,59.125,-14.5,-46.875,#009AE0,0,946
193066,59.125,2.125,33.625,#A58B53,1,946
193142,59.125,33.625,-97.5,#0086FF,0,946
193165,59.125,50.875,100.5,#F16200,0,946
193189,59.125,86.0,101.5,#FF0800,0,946
193197,59.125,97.125,43.5,#FF004A,0,946
193202,59.125,102.75,78.875,#FF0000,0,946
193206,59.125,108.125,82.5,#FF0000,0,946
193208,59.125,113.125,-76.625,#FF00FF,0,946
193210,59.125,119.0,3.0,#FF008F,0,946
193236,59.1875,-91.125,-11.625,#00B0A1,0,947
193238,59.1875,-89.375,-66.25,#00B4FF,0,947
193250,59.1875,-70.75,17.5,#00A96D,0,947
193270,59.1875,-53.5,71.125,#43A300,0,947
193295,59.1875,-33.375,-51.375,#00A2E8,0,947
193297,59.1875,-32.625,81.375,#779B00,0,947
193331,59.1875,-13.125,-97.625,#00A1FF,0,947
193390,59.1875,8.375,-112.0,#0099FF,0,947
193404,59.1875,14.75,-4.625,#A58697,1,947
193410,59.1875,16.875,49.0,#BF8236,1,947
193485,59.1875,47.75,-78.875,#8577FF,0,947
193510,59.1875,70.75,-25.25,#ED4FBC,1,947
193511,59.1875,71.125,-52.625,#D955EC,1,947
193514,59.1875,77.25,73.5,#FF3500,0,947
193526,59.1875,85.875,58.75,#FF102C,0,947
193528,59.1875,87.625,81.625,#FF0000,0,947
193541,59.1875,93.375,86.0,#FF0000,0,947
193561,59.1875,123.125,-16.0,#FF00AF,0,947
193646,59.25,-37.25,-24.125,#00A1B8,0,948
193693,59.25,-7.5,-89.75,#009DFF,0,948
193702,59.25,-5.125,13.375,#8F9177,1,948
193753,59.25,10.75,-121.875,#009AFF,0,948
193807,59.25,30.875,101.5,#D87600,0,948
193823,59.25,41.5,27.0,#DC6E62,1,948
193849,59.25,59.75,79.75,#FB5700,0,948
193853,59.25,62.0,-42.5,#D360DA,1,948
193865,59.25,70.375,91.75,#FF4500,0,948
193878,59.25,98.25,-12.625,#FF00A8,0,948
193910,59.3125,-116.625,-8.375,#00B59B,0,949
193957,59.3125,-49.25,16.75,#00A370,0,949
193998,59.3125,-23.125,-85.25,#00A3FF,0,949
194115,59.3125,18.375,70.875,#C58000,0,949
194156,59.3125,44.75,-48.375,#B174E5,1,949
194201,59.3125,72.375,-90.25,#A95EFF,0,949
194217,59.3125,88.375,17.875,#FF0774,0,949
194220,59.3125,92.375,102.0,#FF0000,0,949
194248,59.375,-116.0,90.0,#00B200,0,950
194256,59.375,-90.5,17.375,#00AF6E,0,950
194260,59.375,-84.375,-19.625,#00AFB0,0,950
194306,59.375,-41.875,48.75,#59A031,1,950
194336,59.375,-24.25,72.75,#859800,0,950
194373,59.375,-6.875,19.625,#90916C,1,950
194392,59.375,-1.625,-31.625,#6392C6,1,950
194468,59.375,24.0,41.0,#C87D47,1,950
194473,59.375,27.375,-42.25,#9782D9,1,950
194484,59.375,31.0,-4.375,#C07A98,1,950
194488,59.375,33.25,-63.5,#8180FF,0,950
194498,59.375,37.75,49.0,#DC7139,1,950
194531,59.375,60.75,91.25,#FE5600,0,950
194533,59.375,62.0,48.5,#FB553D,1,950
194541,59.375,70.25,-96.375,#9863FF,0,950
194564,59.375,91.5,-52.875,#F823EE,1,950
194569,59.375,98.375,-122.875,#A03DFF,0,950
194588,59.375,121.375,-72.0,#FF00FF,0,950
194675,59.4375,-37.875,90.875,#6E9E00,0,951
194804,59.4375,14.25,-103.0,#0095FF,0,951
194829,59.4375,22.75,10.625,#BB807E,1,951
194875,59.4375,43.875,101.875,#E96B00,0,951
194922,59.4375,79.5,-56.25,#E348F4,1,951
194929,59.4375,84.125,71.375,#FF1C07,0,951
194931,59.4375,85.25,-39.0,#FA34D5,1,951
194949,59.4375,103.0,18.75,#FF0074,0,951
194951,59.4375,106.75,-31.375,#FF00C9,0,951
194956,59.4375,113.625,-49.0,#FF00E8,0,951
194957,59.4375,116.875,91.0,#FF0000,0,951
194963,59.4375,124.875,17.625,#FF0078,0,951
194969,59.5,-122.875,58.125,#00B404,0,952
194996,59.5,-83.0,-70.0,#00B4FF,0,952
195029,59.5,-43.375,101.0,#64A000,0,952
195104,59.5,-2.875,-0.5,#899190,1,952
195150,59.5,17.375,-51.125,#718AE9,1,952
195188,59.5,31.25,-91.5,#0088FF,0,952
195204,59.5,41.75,-68.75,#8C7BFF,0,952
195220,59.5,52.875,38.375,#EE624F,1,952
195221,59.5,54.125,-128.0,#007FFF,0,952
195263,59.5,84.5,92.875,#FF1900,0,952
195264,59.5,85.25,-110.5,#9D53FF,0,952
195276,59.5,99.5,-72.625,#F400FF,0,952
195289,59.5,120.75,29.625,#FF0064,0,952
195291,59.5,121.25,-82.0,#FF00FF,0,952
195303,59.5625,-104.0,-3.0,#00B392,0,953
195330,59.5625,-71.125,43.5,#00AA3C,0,953
195345,59.5625,-59.0,-61.0,#00ADFA,0,953
195354,59.5625,-49.375,-24.5,#00A7B9,0,953
195361,59.5625,-47.0,38.75,#43A247,1,953
195375,59.5625,-40.0,-14.375,#00A3A8,0,953
195404,59.5625,-21.875,91.625,#8C9800,0,953
195419,59.5625,-16.875,-70.5,#009FFF,0,953
195552,59.5625,36.125,-106.875,#0088FF,0,953
195634,59.5625,118.875,36.25,#FF0059,0,953
195639,59.625,-128.0,-6.5,#00B898,0,954
195682,59.625,-58.0,-83.75,#00B0FF,0,954
195685,59.625,-54.125,-14.25,#00A7A7,0,954
195713,59.625,-31.0,-17.375,#009FAD,0,954
195745,59.625,-4.875,-18.625,#7194B0,1,954
195752,59.625,-2.0,40.25,#A28F47,1,954
195772,59.625,6.875,-72.375,#0094FF,0,954
195827,59.625,33.375,-45.5,#9F7EE0,1,954
195863,59.625,50.875,-104.5,#1F7BFF,0,954
195875,59.625,57.5,101.75,#FB5B00,0,954
195881,59.625,64.75,102.25,#FF5000,0,954
195889,59.625,67.875,-83.625,#AC63FF,0,954
195905,59.625,86.5,-95.875,#BE4AFF,0,954
195915,59.625,95.875,-95.125,#D232FF,0,954
195931,59.625,114.625,-42.75,#FF00DD,0,954
195944,59.625,127.0,-21.125,#FF00B9,0,954
195947,59.6875,-122.625,49.75,#00B529,0,955
195948,59.6875,-122.375,28.125,#00B55A,0,955
195950,59.6875,-109.25,-12.125,#00B5A3,0,955
195955,59.6875,-99.625,95.125,#00B000,0,955
195957,59.6875,-97.0,64.5,#00B000,0,955
195982,59.6875,-63.0,-39.875,#00ACD5,0,955
195987,59.6875,-56.0,-43.875,#00ABDC,0,955
195995,59.6875,-51.25,55.75,#44A41D,1,955
196009,59.6875,-40.0,-6.125,#00A299,0,955
196013,59.6875,-37.25,37.5,#5E9F4A,1,955
196037,59.6875,-26.75,-101.625,#00A8FF,0,955
196207,59.6875,43.5,90.0,#E96C00,0,955
196223,59.6875,58.625,25.375,#F35C67,1,955
196248,59.6875,80.625,-118.0,#795EFF,0,955
196251,59.6875,82.125,84.75,#FF2600,0,955
196271,59.6875,109.5,70.25,#FF0019,0,955
196272,59.6875,109.875,-113.875,#CF00FF,0,955
196279,59.6875,126.375,-3.875,#FF009C,0,955
196305,59.75,-82.25,3.75,#00AF87,0,956
196313,59.75,-75.5,88.875,#00AB00,0,956
196332,59.75,-55.125,85.5,#44A500,0,956
196336,59.75,-51.5,-37.875,#00A9D1,0,956
196360,59.75,-28.75,91.375,#819B00,0,956
196382,59.75,-14.75,-7.375,#69989C,1,956
196481,59.75,17.0,-28.625,#9488C2,1,956
196491,59.75,24.25,-119.625,#0093FF,0,956
196513,59.75,35.125,-126.375,#008EFF,0,956
196514,59.75,35.5,-76.375,#6882FF,0,956
196585,59.75,91.875,-61.875,#F32AFF,0,956
196590,59.75,94.625,91.875,#FF0000,0,956
196593,59.75,96.625,-105.375,#C337FF,0,956
196605,59.75,110.25,-120.875,#C300FF,0,956
196622,59.8125,-116.625,10.375,#00B67B,0,957
196623,59.8125,-111.875,36.25,#00B44A,0,957
196652,59.8125,-68.5,89.875,#00A900,0,957
196657,59.8125,-64.25,-80.5,#00B2FF,0,957
196667,59.8125,-52.25,-87.25,#00AFFF,0,957
196668,59.8125,-51.5,63.5,#48A400,0,957
196698,59.8125,-32.375,22.625,#5F9E67,1,957
196768,59.8125,2.25,-95.0,#009BFF,0,957
196770,59.8125,2.5,26.875,#A58D61,1,957
196829,59.8125,23.375,93.625,#CF7E00,0,957
196842,59.8125,28.875,-10.125,#BA7EA3,1,957
196895,59.8125,55.875,70.75,#F85E00,0,957
196901,59.8125,61.25,-88.125,#956DFF,0,957
196904,59.8125,62.625,-32.625,#DE5ECB,1,957
196908,59.8125,67.375,3.0,#F8528E,1,957
196909,59.8125,68.125,39.5,#FF4D4F,0,957
196922,59.8125,80.5,36.875,#FF3155,0,957
196934,59.8125,93.875,13.375,#FF007E,0,957
196935,59.8125,95.625,-42.375,#FF00DD,0,957
196950,59.8125,119.5,73.375,#FF0016,0,957
196952,59.8125,120.25,-45.0,#FF00E2,0,957
196953,59.8125,121.25,82.75,#FF0000,0,957
196955,59.8125,123.75,-102.75,#FB00FF,0,957
196966,59.875,-110.25,-4.875,#00B596,0,958
196989,59.875,-72.0,-64.875,#00B2FF,0,958
197000,59.875,-61.875,90.125,#2CA700,0,958
197036,59.875,-33.625,57.375,#719E1A,1,958
197040,59.875,-31.125,-25.75,#00A1BD,0,958
197066,59.875,-15.5,102.125,#989500,0,958
197112,59.875,2.25,80.125,#B18C00,0,958
197193,59.875,45.25,-33.125,#C272CB,1,958
197237,59.875,94.75,-128.0,#874BFF,0,958
197245,59.875,102.875,-56.875,#FF00F7,0,958
197258,59.875,115.0,-30.5,#FF00C9,0,958
197279,59.9375,-111.625,-31.625,#00B8C6,0,959
197319,59.9375,-69.125,32.0,#00AB54,0,959
197332,59.9375,-59.0,12.0,#00A87A,0,959
197337,59.9375,-53.125,22.25,#00A667,0,959
197343,59.9375,-47.75,-67.25,#00ABFF,0,959
197353,59.9375,-40.0,-82.25,#00ABFF,0,959
197402,59.9375,-12.375,-78.75,#009FFF,0,959
197440,59.9375,-1.0,-106.75,#009FFF,0,959
197508,59.9375,21.625,-10.375,#AE84A3,1,959
197509,59.9375,21.625,29.0,#C3815E,1,959
197546,59.9375,34.5,10.625,#CE787F,1,959
197561,59.9375,41.25,-62.25,#987BFF,0,959
197571,59.9375,45.125,-121.875,#0086FF,0,959
197632,59.9375,99.625,-23.75,#FF00BD,0,959
197673,60.0,-100.375,21.25,#00B368,0,960
197717,60.0,-49.625,90.875,#56A400,0,960
197724,60.0,-42.375,-60.625,#00A9FB,0,960
197731,60.0,-38.625,73.0,#6CA000,0,960
197851,60.0,12.5,-10.75,#9E8AA4,1,960
197876,60.0,21.875,-22.5,#A485B8,1,960
197894,60.0,29.875,39.75,#D27A4C,1,960
197966,60.0,79.0,-95.25,#B158FF,0,960
197973,60.0,85.0,-23.5,#FF31BC,0,960
197984,60.0,98.25,23.5,#FF006D,0,960
197986,60.0,99.5,35.5,#FF0059,0,960
197988,60.0,101.5,1.375,#FF0093,0,960
197989,60.0,101.875,63.25,#FF0028,0,960
197991,60.0,102.875,29.5,#FF0064,0,960
197994,60.0,105.625,103.125,#FF0000,0,960
197997,60.0,108.75,-40.375,#FF00DA,0,960
198047,60.0625,-66.25,-21.0,#00ADB4,0,961
198077,60.0625,-39.125,-30.75,#00A5C6,0,961
198135,60.0625,-11.875,-66.75,#009EFF,0,961
198198,60.0625,6.875,-15.625,#8F8EAC,1,961
198201,60.0625,7.25,50.875,#B48A33,1,961
198225,60.0625,14.625,92.625,#C48500,0,961
198286,60.0625,65.875,-15.125,#EE58AD,1,961
198296,60.0625,75.0,-38.875,#ED4DD7,1,961
198297,60.0625,78.125,-18.25,#FE42B3,1,961
198332,60.0625,120.875,-122.5,#D800FF,0,961
198334,60.0625,124.625,-30.125,#FF00C9,0,961
198350,60.125,-92.625,87.0,#00B000,0,962
198355,60.125,-84.25,78.375,#00AE00,0,962
198356,60.125,-83.125,68.0,#00AE00,0,962
198361,60.125,-76.0,-3.75,#00AF96,0,962
198444,60.125,-11.5,47.625,#979538,1,962
198456,60.125,-7.375,84.875,#A49200,0,962
198515,60.125,13.25,28.375,#B78760,1,962
198519,60.125,15.0,-62.875,#488FFF,0,962
198628,60.125,69.75,-73.375,#C15FFF,0,962
198651,60.125,92.0,33.625,#FF005C,0,962
198656,60.125,96.375,-29.25,#FF00C7,0,962
198672,60.125,115.25,-93.0,#F900FF,0,962
198685,60.1875,-122.25,-11.25,#00B9A2,0,963
198695,60.1875,-105.25,-41.25,#00B8D8,0,963
198737,60.1875,-39.25,82.125,#6DA100,0,963
198755,60.1875,-27.75,-81.375,#00A7FF,0,963
198770,60.1875,-18.0,-107.25,#00A7FF,0,963
198789,60.1875,-9.5,102.75,#A29300,0,963
198795,60.1875,-7.0,-35.125,#4A98CE,1,963
198875,60.1875,31.125,-103.5,#008CFF,0,963
198876,60.1875,31.25,18.625,#CD7B72,1,963
198884,60.1875,34.875,54.375,#DC762F,1,963
198901,60.1875,42.75,-0.25,#D67293,1,963
198902,60.1875,44.375,-19.75,#CC72B5,1,963
198909,60.1875,47.25,18.625,#E46C73,1,963
198910,60.1875,48.0,-92.75,#5F7CFF,0,963
198925,60.1875,58.625,-20.75,#E163B7,1,963
198933,60.1875,65.875,-123.0,#0073FF,0,963
198942,60.1875,73.0,-9.5,#FB4BA4,1,963
198955,60.1875,81.375,16.625,#FF3378,0,963
198961,60.1875,85.875,-62.875,#EA3FFF,0,963
198970,60.1875,92.0,-84.125,#DC39FF,0,963
198979,60.1875,95.25,49.125,#FF0042,0,963
198995,60.1875,122.25,44.25,#FF004E,0,963
199006,60.25,-110.5,-44.375,#00B9DE,0,964
199021,60.25,-76.5,-23.0,#00B0B8,0,964
199027,60.25,-69.375,80.25,#00AB00,0,964
199071,60.25,-30.25,-5.25,#3CA09A,1,964
199089,60.25,-21.375,-15.25,#489DAB,1,964
199143,60.25,-1.875,-116.5,#00A2FF,0,964
199198,60.25,12.375,14.875,#B08978,1,964
199233,60.25,27.25,84.625,#D57C00,0,964
199236,60.25,28.0,-29.125,#AA82C5,1,964
199242,60.25,30.25,50.125,#D57A38,1,964
199324,60.25,117.625,18.625,#FF0078,0,964
199360,60.3125,-67.5,-14.0,#00ADA8,0,965
199463,60.3125,-3.375,27.875,#9D9260,1,965
199468,60.3125,-2.625,5.375,#919288,1,965
199478,60.3125,-0.25,71.5,#AE8F00,0,965
199490,60.3125,3.75,103.125,#B68C00,0,965
199529,60.3125,16.25,103.125,#C88400,0,965
199546,60.3125,25.625,0.0,#BD8192,1,965
199569,60.3125,40.875,-43.875,#B179DF,1,965
199595,60.3125,63.25,30.0,#FC5760,1,965
199608,60.3125,76.5,103.25,#FF3A00,0,965
199636,60.3125,101.125,95.5,#FF0000,0,965
199640,60.3125,104.375,47.625,#FF0046,0,965
199658,60.3125,120.375,8.875,#FF0088,0,965
199673,60.375,-112.625,50.25,#00B52B,0,966
199690,60.375,-78.0,-62.5,#00B5FF,0,966
199698,60.375,-68.0,-57.5,#00B1F6,0,966
199699,60.375,-67.875,-46.875,#00B0E3,0,966
199703,60.375,-66.375,-68.875,#00B2FF,0,966
199739,60.375,-39.875,-95.25,#00AEFF,0,966
199746,60.375,-32.625,-65.75,#00A7FF,0,966
199789,60.375,-10.25,-29.875,#4D99C6,1,966
199853,60.375,12.5,-36.0,#828DD1,1,966
199895,60.375,33.875,34.0,#D77857,1,966
199943,60.375,62.875,-104.875,#6B71FF,0,966
199949,60.375,65.625,87.875,#FF5100,0,966
199951,60.375,67.125,72.0,#FF4F00,0,966
199969,60.375,85.125,-103.375,#B052FF,0,966
199972,60.375,86.375,5.625,#FF248C,0,966
199976,60.375,88.625,75.375,#FF0000,0,966
199977,60.375,89.25,-30.125,#FF26C9,0,966
199982,60.375,93.5,78.875,#FF0000,0,966
200011,60.4375,-112.625,57.75,#00B50E,0,967
200015,60.4375,-101.0,75.25,#00B300,0,967
200029,60.4375,-75.75,-36.625,#00B2D1,0,967
200041,60.4375,-59.75,-72.375,#00B1FF,0,967
200048,60.4375,-52.25,42.125,#35A642,1,967
200093,60.4375,-15.0,53.375,#93972B,1,967
200109,60.4375,-11.0,68.0,#9D9500,0,967
200135,60.4375,-2.125,-57.25,#0099F7,0,967
200144,60.4375,2.0,-26.625,#7893C0,1,967
200159,60.4375,7.375,-65.875,#0095FF,0,967
200239,60.4375,49.125,-52.75,#B773F0,1,967
200242,60.4375,50.875,-36.375,#CA6FD3,1,967
200279,60.4375,76.375,20.125,#FF4073,0,967
200305,60.4375,120.5,50.25,#FF0044,0,967
200315,60.5,-116.5,24.25,#00B763,0,968
200343,60.5,-71.25,101.0,#00AC00,0,968
200354,60.5,-64.25,101.5,#26AA00,0,968
200406,60.5,-21.5,83.125,#8F9A00,0,968
200419,60.5,-17.0,14.125,#7C9A78,1,968
200476,60.5,3.0,59.5,#B18E1C,1,968
200510,60.5,17.0,37.0,#C08551,1,968
200612,60.5,67.0,19.125,#FF5374,0,968
200619,60.5,72.625,-105.0,#8C66FF,0,968
200620,60.5,76.5,-68.375,#D554FF,0,968
200650,60.5,108.125,-13.5,#FF00AD,0,968
200655,60.5,119.75,103.25,#FF0000,0,968
200658,60.5,124.875,-128.0,#D700FF,0,968
200663,60.5625,-128.0,-46.875,#00BDE3,0,969
200683,60.5625,-84.25,34.75,#00B050,0,969
200705,60.5625,-59.0,55.25,#24A921,1,969
200716,60.5625,-51.75,102.375,#54A600,0,969
200755,60.5625,-26.875,-31.25,#00A1C8,0,969
200790,60.5625,-12.375,41.375,#949746,1,969
200852,60.5625,8.25,-27.625,#8590C3,1,969
200900,60.5625,31.5,-52.875,#9383F0,1,969
200902,60.5625,32.0,-15.5,#BD7EAE,1,969
200940,60.5625,54.0,-95.375,#6E78FF,0,969
200961,60.5625,71.25,65.0,#FF481D,0,969
200985,60.5625,102.25,-85.125,#EE07FF,0,969
201003,60.625,-128.0,-34.25,#00BCCD,0,970
201008,60.625,-114.25,-54.5,#00BCF1,0,970
201013,60.625,-103.125,58.625,#00B40B,0,970
201014,60.625,-101.5,-61.75,#00BAFE,0,970
201044,60.625,-61.75,28.625,#00AA5D,0,970
201045,60.625,-61.5,-0.375,#00AC91,0,970
201056,60.625,-51.25,77.75,#51A600,0,970
201071,60.625,-45.125,53.875,#57A427,1,970
201073,60.625,-43.625,6.375,#08A586,1,970
201310,60.625,75.0,60.25,#FF412A,0,970
201330,60.625,98.375,74.875,#FF0005,0,970
201335,60.625,108.375,55.875,#FF0039,0,970
201340,60.625,114.0,-0.25,#FF0098,0,970
201356,60.6875,-106.125,13.875,#00B677,0,971
201365,60.6875,-87.625,-26.125,#00B4BF,0,971
201374,60.6875,-79.625,28.75,#00B05C,0,971
201405,60.6875,-53.25,-64.75,#00AFFF,0,971
201411,60.6875,-45.625,-92.375,#00B0FF,0,971
201437,60.6875,-28.125,17.0,#669F73,1,971
201443,60.6875,-23.75,103.625,#8D9B00,0,971
201488,60.6875,1.125,-10.0,#8B92A4,1,971
201515,60.6875,10.625,62.75,#BD8912,1,971
201551,60.6875,23.75,48.125,#CD803C,1,971
201597,60.6875,45.5,55.125,#EC6D30,1,971
201628,60.6875,72.375,-3.5,#FF4D9B,1,971
201633,60.6875,78.75,-86.0,#C257FF,0,971
201640,60.6875,86.875,-128.0,#6D5BFF,0,971
201649,60.6875,104.25,-111.75,#CB25FF,0,971
201653,60.6875,110.375,-103.5,#E400FF,0,971
201671,60.75,-104.0,-48.5,#00BAE7,0,972
201678,60.75,-91.5,-43.875,#00B7DE,0,972
201684,60.75,-87.0,99.375,#00B000,0,972
201695,60.75,-68.625,49.875,#00AC30,0,972
201733,60.75,-28.375,40.125,#779E48,1,972
201742,60.75,-22.625,63.5,#8A9B01,1,972
201768,60.75,-12.25,80.625,#9E9600,0,972
201803,60.75,-0.125,-43.125,#5097DE,1,972
201819,60.75,3.5,65.875,#B48E00,0,972
201860,60.75,21.0,-110.25,#0096FF,0,972
201914,60.75,57.5,-38.75,#D469D8,1,972
201967,60.75,110.875,94.5,#FF0000,0,972
201977,60.75,122.25,58.875,#FF0036,0,972
201984,60.8125,-128.0,15.75,#00BA73,0,973
202037,60.8125,-50.25,-56.875,#00ADF7,0,973
202065,60.8125,-30.875,74.25,#7E9F00,0,973
202086,60.8125,-15.5,6.625,#7A9A87,1,973
202115,60.8125,-6.75,-53.125,#009BF0,0,973
202177,60.8125,17.25,7.875,#B58786,1,973
202180,60.8125,18.5,-118.125,#0099FF,0,973
202330,60.875,-102.25,42.375,#00B540,0,974
202339,60.875,-97.875,46.5,#00B437,0,974
202347,60.875,-95.375,-36.625,#00B8D2,0,974
202348,60.875,-94.125,59.25,#00B30A,0,974
202349,60.875,-93.5,12.25,#00B47B,0,974
202432,60.875,-15.375,72.375,#989800,0,974
202480,60.875,2.625,-87.0,#009CFF,0,974
202594,60.875,51.25,-113.125,#0080FF,0,974
202595,60.875,54.625,14.375,#EE667C,1,974
202615,60.875,64.625,-93.75,#946DFF,0,974
202645,60.875,97.75,-60.875,#FF0FFF,0,974
202669,60.9375,-122.375,19.5,#00B96D,0,975
202671,60.9375,-122.0,90.5,#00B800,0,975
202673,60.9375,-116.75,-18.5,#00BAB1,0,975
202691,60.9375,-77.375,19.625,#00B06E,0,975
202730,60.9375,-39.125,-54.5,#00AAF3,0,975
202760,60.9375,-21.625,10.0,#6F9D81,1,975
202778,60.9375,-13.875,94.0,#9D9700,0,975
202848,60.9375,5.0,-121.5,#00A2FF,0,975
202900,60.9375,23.125,-37.875,#9888D6,1,975
202931,60.9375,37.375,-120.0,#008DFF,0,975
202950,60.9375,49.375,30.125,#EC6B61,1,975
202971,60.9375,62.0,-128.0,#007BFF,0,975
203146,61.0,-9.75,-3.625,#7C9999,1,976
203176,61.0,1.25,-67.25,#009AFF,0,976
203240,61.0,29.375,-83.375,#2E8BFF,0,976
203255,61.0,36.875,104.5,#E57500,0,976
203303,61.0,94.0,-112.75,#B347FF,0,976
203316,61.0,113.125,10.5,#FF0087,0,976
203331,61.0625,-122.5,-38.5,#00BDD5,0,977
203334,61.0625,-113.0,65.0,#00B700,0,977
203346,61.0625,-103.375,-11.75,#00B8A6,0,977
203353,61.0625,-92.875,39.5,#00B447,0,977
203356,61.0625,-85.25,10.875,#00B37E,0,977
203391,61.0625,-44.5,20.25,#38A66E,1,977
203456,61.0625,-7.25,-99.5,#00A3FF,0,977
203483,61.0625,1.125,93.375,#B49000,0,977
203560,61.0625,31.875,-113.25,#0090FF,0,977
203602,61.0625,61.25,-99.0,#7D73FF,0,977
203628,61.0625,84.5,-4.375,#FF329E,0,977
203649,61.0625,125.375,-10.0,#FF00AA,0,977
203683,61.125,-89.75,-57.375,#00B9F8,0,978
203689,61.125,-80.5,-40.25,#00B5D9,0,978
203704,61.125,-55.5,28.625,#00AA5E,0,978
203717,61.125,-46.625,-1.625,#00A895,0,978
203747,61.125,-31.5,104.125,#81A000,0,978
203770,61.125,-18.25,-42.25,#00A0DE,0,978
203774,61.125,-14.75,-53.25,#00A0F1,0,978
203803,61.125,-0.125,15.375,#9E9379,1,978
203866,61.125,25.375,104.5,#D77F00,0,978
203875,61.125,32.0,24.75,#D37C6A,1,978
203882,61.125,38.0,67.25,#E57508,1,978
203892,61.125,42.75,74.625,#EC7000,0,978
203923,61.125,55.875,-63.5,#B770FF,0,978
203976,61.125,103.75,-68.125,#FF00FF,0,978
203977,61.125,106.625,-24.25,#FF00C1,0,978
203978,61.125,107.375,-91.625,#F100FF,0,978
203981,61.125,107.875,64.5,#FF0029,0,978
203984,61.125,110.875,-60.625,#FF00FF,0,978
203992,61.125,125.875,93.875,#FF0000,0,978
203994,61.125,126.625,-115.875,#F200FF,0,978
203999,61.1875,-128.0,66.375,#00BA00,0,979
204031,61.1875,-82.125,-8.875,#00B3A1,0,979
204053,61.1875,-56.875,-20.75,#00ADB7,0,979
204069,61.1875,-37.375,12.5,#47A47C,1,979
204070,61.1875,-36.375,62.625,#71A204,1,979
204095,61.1875,-23.125,-69.5,#00A6FF,0,979
204104,61.1875,-19.125,-35.375,#00A0D1,0,979
204109,61.1875,-16.375,30.75,#8A9B5C,1,979
204186,61.1875,12.375,-46.875,#7191E7,1,979
204201,61.1875,18.125,-74.875,#0392FF,0,979
204220,61.1875,25.875,-62.75,#748AFF,0,979
204250,61.1875,36.375,-21.25,#C27CBA,1,979
204310,61.1875,76.375,-47.5,#EB51E9,1,979
204333,61.1875,107.25,-48.125,#FF00EB,0,979
204348,61.1875,127.0,87.25,#FF0000,0,979
204352,61.25,-128.0,75.25,#00BA00,0,980
204392,61.25,-78.25,61.375,#00B000,0,980
204398,61.25,-76.0,-76.375,#00B8FF,0,980
204424,61.25,-55.0,-76.5,#00B2FF,0,980
204439,61.25,-36.125,48.5,#6CA337,1,980
204446,61.25,-29.375,-47.25,#00A6E7,0,980
204467,61.25,-20.0,-57.75,#00A3FA,0,980
204486,61.25,-7.25,-63.0,#009EFF,0,980
204514,61.25,2.75,-111.5,#00A1FF,0,980
204552,61.25,12.25,83.375,#C48900,0,980
204585,61.25,28.0,-96.625,#008FFF,0,980
204650,61.25,74.25,30.375,#FF4763,0,980
204651,61.25,76.625,-124.5,#4F6AFF,0,980
204652,61.25,77.25,-75.5,#D058FF,0,980
204656,61.25,80.625,9.125,#FF3B88,0,980
204665,61.25,88.125,23.875,#FF1B6F,0,980
204672,61.25,94.125,-75.0,#EE31FF,0,980
204678,61.25,100.625,84.875,#FF0000,0,980
204680,61.25,102.625,-17.5,#FF00B6,0,980
204683,61.25,108.0,-79.875,#FF00FF,0,980
204705,61.3125,-123.0,71.75,#00BA00,0,981
204735,61.3125,-71.0,-31.25,#00B2CA,0,981
204741,61.3125,-68.875,-0.875,#00B094,0,981
204743,61.3125,-68.625,72.5,#00AD00,0,981
204750,61.3125,-62.875,-51.125,#00B2ED,0,981
204769,61.3125,-51.5,-31.125,#00ADCA,0,981
204792,61.3125,-33.25,-100.5,#00AFFF,0,981
204806,61.3125,-27.25,-75.125,#00A9FF,0,981
204807,61.3125,-27.0,-37.5,#00A4D5,0,981
204903,61.3125,6.25,3.0,#A2908F,1,981
204907,61.3125,8.125,-97.375,#009CFF,0,981
204955,61.3125,28.25,75.625,#D97E00,0,981
204968,61.3125,34.25,-28.375,#B87FC7,1,981
204998,61.3125,50.875,5.25,#E76C8D,1,981
205060,61.3125,118.0,-56.125,#FF00FA,0,981
205064,61.3125,125.375,105.625,#FF0000,0,981
205074,61.375,-111.25,6.625,#00B986,0,982
205086,61.375,-80.875,91.0,#00B100,0,982
205095,61.375,-73.875,8.0,#00B184,0,982
205177,61.375,-15.375,-83.75,#00A5FF,0,982
205214,61.375,-3.625,-94.25,#00A2FF,0,982
205273,61.375,17.625,-88.5,#0095FF,0,982
205294,61.375,21.5,54.25,#CD8430,1,982
205295,61.375,22.0,-128.0,#009BFF,0,982
205303,61.375,24.375,61.25,#D2811E,1,982
205340,61.375,41.625,-81.0,#7482FF,0,982
205382,61.375,77.0,66.75,#FF3E1C,0,982
205397,61.375,86.625,-12.125,#FF2EAC,0,982
205419,61.375,118.375,-128.0,#CC00FF,0,982
205431,61.4375,-101.0,6.125,#00B887,0,983
205433,61.4375,-98.5,-1.375,#00B794,0,983
205462,61.4375,-60.375,18.875,#00AD71,0,983
205468,61.4375,-58.25,5.375,#00AD89,0,983
205473,61.4375,-52.625,-3.0,#00AB98,0,983
205491,61.4375,-38.0,-74.5,#00ADFF,0,983
205571,61.4375,0.375,1.875,#979491,1,983
205624,61.4375,19.25,20.5,#C08771,1,983
205670,61.4375,41.0,18.625,#DF7576,1,983
205671,61.4375,41.625,-92.25,#4885FF,0,983
205692,61.4375,52.875,62.25,#F86622,1,983
205770,61.4375,126.75,-69.5,#FF00FF,0,983
205874,61.5,-27.625,84.5,#879F00,0,984
205912,61.5,-9.875,-113.875,#00A8FF,0,984
205916,61.5,-7.75,62.125,#A49613,1,984
206052,61.5,50.625,-7.875,#E16EA4,1,984
206061,61.5,54.0,-13.5,#E36BAE,1,984
206080,61.5,78.25,95.625,#FF3B00,0,984
206083,61.5,81.0,28.25,#FF3868,0,984
206086,61.5,83.625,53.125,#FF2C3C,0,984
206092,61.5,95.25,1.375,#FF0096,0,984
206101,61.5,108.125,-72.5,#FF00FF,0,984
206106,61.5,112.625,78.25,#FF0004,0,984
206119,61.5625,-122.375,-24.25,#00BEBD,0,985
206122,61.5625,-113.375,73.5,#00B900,0,985
206142,61.5625,-76.75,41.0,#00B146,0,985
206167,61.5625,-59.25,78.375,#3AAB00,0,985
206187,61.5625,-42.625,-36.875,#00ABD5,0,985
206227,61.5625,-18.375,24.25,#839D69,1,985
206264,61.5625,-5.625,52.375,#A69532,1,985
206414,61.5625,90.125,-120.625,#9755FF,0,985
206418,61.5625,95.875,-6.75,#FF00A4,0,985
206432,61.5625,121.375,-96.375,#FF00FF,0,985
206435,61.5625,126.625,-58.25,#FF00FF,0,985
206440,61.625,-105.875,86.125,#00B700,0,986
206441,61.625,-103.75,65.75,#00B700,0,986
206446,61.625,-93.0,-50.625,#00BAED,0,986
206463,61.625,-72.125,26.0,#00B064,0,986
206493,61.625,-47.75,83.75,#5EA700,0,986
206502,61.625,-44.375,62.25,#60A707,1,986
206504,61.625,-42.625,27.0,#4BA763,1,986
206570,61.625,-11.125,-41.125,#199EDD,1,986
206586,61.625,-6.75,-69.5,#00A0FF,0,986
206715,61.625,47.25,-128.0,#008AFF,0,986
206726,61.625,55.375,-89.25,#8878FF,0,986
206755,61.625,81.125,62.375,#FF3429,0,986
206768,61.625,92.125,-90.25,#D941FF,0,986
206795,61.625,126.75,-86.125,#FF00FF,0,986
206820,61.6875,-83.75,-34.0,#00B7CF,0,987
206847,61.6875,-49.0,-80.5,#00B2FF,0,987
206982,61.6875,12.75,-127.25,#00A1FF,0,987
206985,61.6875,13.375,73.75,#C68A00,0,987
207043,61.6875,43.875,82.375,#F07100,0,987
207063,61.6875,56.125,95.5,#FF6200,0,987
207065,61.6875,58.875,-47.25,#D16BEA,1,987
207073,61.6875,61.125,-82.25,#A670FF,0,987
207104,61.6875,90.75,-23.0,#FF23C0,0,987
207110,61.6875,97.625,-53.625,#FF0FF6,0,987
207179,61.75,-62.875,-33.625,#00B2CF,0,988
207185,61.75,-57.125,38.875,#16AC4C,1,988
207209,61.75,-32.375,2.0,#48A491,1,988
207214,61.75,-31.25,29.25,#6CA360,1,988
207223,61.75,-23.375,-46.25,#00A5E6,0,988
207265,61.75,-2.625,-11.5,#8597A9,1,988
207321,61.75,20.75,-46.625,#888DE8,1,988
207323,61.75,21.25,88.125,#D28400,0,988
207363,61.75,39.25,-98.125,#0089FF,0,988
207377,61.75,44.25,-6.0,#D975A1,1,988
207397,61.75,58.125,86.0,#FF6000,0,988
207398,61.75,58.625,-73.875,#B071FF,0,988
207408,61.75,65.625,-21.25,#F05EBC,1,988
207413,61.75,69.25,-127.875,#0075FF,0,988
207426,61.75,88.375,48.75,#FF1745,0,988
207436,61.75,101.875,-35.5,#FF00D6,0,988
207437,61.75,103.25,-42.125,#FF00E2,0,988
207443,61.75,106.0,36.5,#FF005D,0,988
207449,61.75,112.625,38.5,#FF005A,0,988
207451,61.75,114.0,28.75,#FF006A,0,988
207456,61.75,119.75,-27.0,#FF00C8,0,988
207460,61.75,124.75,67.375,#FF0029,0,988
207466,61.8125,-128.0,-12.125,#00BFA8,0,989
207468,61.8125,-128.0,34.375,#00BD52,0,989
207481,61.8125,-98.125,88.875,#00B600,0,989
207498,61.8125,-63.5,83.375,#29AD00,0,989
207532,61.8125,-38.875,-46.875,#00ABE8,0,989
207534,61.8125,-38.5,20.0,#50A670,1,989
207605,61.8125,-4.75,-77.625,#00A0FF,0,989
207608,61.8125,-4.125,105.5,#B09500,0,989
207699,61.8125,24.625,-70.25,#5C8EFF,0,989
207708,61.8125,28.625,10.5,#CB8284,1,989
207716,61.8125,31.375,4.0,#CC808F,1,989
207719,61.8125,33.125,93.875,#E37B00,0,989
207727,61.8125,36.375,-9.875,#CB7DA8,1,989
207754,61.8125,60.75,-0.25,#F46298,1,989
207765,61.8125,65.875,-4.125,#F95B9F,1,989
207779,61.8125,73.5,-58.0,#DF5AFE,1,989
207783,61.8125,83.0,106.0,#FF2D00,0,989
207792,61.8125,91.125,-106.75,#BB4DFF,0,989
207795,61.8125,93.375,69.875,#FF0019,0,989
207802,61.8125,97.375,55.0,#FF003B,0,989
207806,61.8125,104.0,-119.5,#BF33FF,0,989
207824,61.875,-117.375,-43.125,#00BFE0,0,990
207829,61.875,-114.875,83.625,#00BA00,0,990
207833,61.875,-107.875,-60.0,#00BFFF,0,990
207885,61.875,-43.25,-26.25,#00ABC3,0,990
207887,61.875,-42.75,94.25,#6CA600,0,990
207899,61.875,-32.25,-91.125,#00AFFF,0,990
207911,61.875,-24.375,44.5,#84A042,1,990
207925,61.875,-12.625,-59.5,#00A2FF,0,990
207958,61.875,1.0,8.75,#9E9486,1,990
207991,61.875,8.125,-84.0,#009BFF,0,990
208067,61.875,48.125,49.25,#F26E40,1,990
208126,61.875,115.125,-67.875,#FF00FF,0,990
208127,61.875,116.125,-106.375,#EF00FF,0,990
208143,61.9375,-106.25,26.875,#00B962,0,991
208150,61.9375,-96.125,-21.375,#00BAB9,0,991
208160,61.9375,-85.25,50.625,#00B430,0,991
208177,61.9375,-65.5,9.0,#00B084,0,991
208184,61.9375,-62.0,49.125,#00AE35,0,991
208187,61.9375,-60.375,-10.125,#00B0A6,0,991
208196,61.9375,-49.375,9.5,#00AB83,0,991
208200,61.9375,-47.25,-42.25,#00AEDF,0,991
208203,61.9375,-45.375,71.25,#62A800,0,991
208257,61.9375,-11.25,-20.125,#649DB9,1,991
208270,61.9375,-6.875,97.0,#AB9600,0,991
208289,61.9375,-3.5,-48.0,#2E9CEA,1,991
208327,61.9375,9.375,105.75,#C38D00,0,991
208339,61.9375,14.5,-108.75,#009CFF,0,991
208349,61.9375,21.375,-4.625,#B7889E,1,991
208387,61.9375,50.25,-45.375,#C575E7,1,991
208395,61.9375,56.25,-32.75,#DA6CD1,1,991
208420,61.9375,82.125,-80.75,#D453FF,0,991
208439,61.9375,109.125,-128.0,#B828FF,0,991
208445,61.9375,113.5,-36.375,#FF00D9,0,991
208459,62.0,-128.0,41.25,#00BD44,0,992
208479,62.0,-89.75,80.375,#00B500,0,992
208507,62.0,-54.5,94.125,#4FAB00,0,992
208569,62.0,-16.125,-28.125,#3FA0C7,1,992
208618,62.0,1.75,-36.5,#6A98D6,1,992
208624,62.0,3.625,85.875,#BA9100,0,992
208639,62.0,9.25,-3.25,#A4919C,1,992
208662,62.0,16.625,-68.375,#3E93FF,0,992
208710,62.0,41.5,-108.125,#008AFF,0,992
208725,62.0,48.625,93.5,#F76C00,0,992
208727,62.0,50.125,106.25,#FA6A00,0,992
208728,62.0,50.625,-84.125,#897CFF,0,992
208741,62.0,60.0,-117.25,#007CFF,0,992
208742,62.0,60.0,-14.375,#EC65B1,1,992
208759,62.0,75.0,-111.875,#8469FF,0,992
208775,62.0,91.625,-16.875,#FF1EB6,0,992
208777,62.0,95.75,106.5,#FF0000,0,992
208786,62.0,112.875,50.0,#FF0047,0,992
208823,62.0625,-88.875,70.25,#00B500,0,993
208897,62.0625,-23.625,33.125,#80A05A,1,993
208984,62.0625,11.625,-116.625,#00A0FF,0,993
209016,62.0625,24.5,16.625,#C8857A,1,993
209083,62.0625,65.375,60.5,#FF572B,0,993
209087,62.0625,67.125,-64.125,#CE66FF,0,993
209089,62.0625,70.25,10.25,#FF5387,0,993
209103,62.0625,77.25,47.125,#FF4148,0,993
209121,62.0625,97.625,17.5,#FF007D,0,993
209130,62.0625,110.125,106.75,#FF0000,0,993
209132,62.0625,112.75,-21.875,#FF00C0,0,993
209137,62.0625,122.5,23.125,#FF0075,0,993
209145,62.125,-128.0,48.625,#00BD33,0,994
209150,62.125,-122.25,0.375,#00BE93,0,994
209156,62.125,-111.5,-23.125,#00BDBD,0,994
209173,62.125,-92.25,1.375,#00B891,0,994
209176,62.125,-88.0,29.0,#00B65F,0,994
209201,62.125,-51.5,33.75,#32AB57,1,994
209216,62.125,-36.75,31.625,#62A65C,1,994
209232,62.125,-20.125,-97.5,#00ACFF,0,994
209321,62.125,12.375,41.5,#BF8C4C,1,994
209337,62.125,21.125,-104.25,#0098FF,0,994
209378,62.125,35.75,-34.875,#B781D4,1,994
209390,62.125,44.5,5.25,#E0758F,1,994
209405,62.125,56.375,-55.0,#C671F9,1,994
209425,62.125,73.0,36.375,#FF4C5B,0,994
209436,62.125,90.0,62.5,#FF082C,0,994
209438,62.125,91.375,41.5,#FF0053,0,994
209444,62.125,97.625,-81.125,#F02DFF,0,994
209468,62.125,127.0,-44.5,#FF00E8,0,994
209469,62.125,127.0,80.875,#FF0008,0,994
209473,62.1875,-128.0,56.5,#00BD1A,0,995
209485,62.1875,-107.875,97.375,#00B900,0,995
209492,62.1875,-94.875,-67.875,#00BEFF,0,995
209500,62.1875,-86.5,-49.5,#00BBED,0,995
209506,62.1875,-78.125,77.625,#00B200,0,995
209509,62.1875,-75.125,-45.375,#00B7E5,0,995
209510,62.1875,-74.75,82.625,#00B100,0,995
209525,62.1875,-66.875,65.125,#00AF00,0,995
209532,62.1875,-60.125,65.625,#30AD00,0,995
209541,62.1875,-46.375,105.5,#66A800,0,995
209543,62.1875,-45.125,-9.75,#00ABA6,0,995
209552,62.1875,-38.125,105.5,#78A500,0,995
209574,62.1875,-25.375,-63.125,#00A9FF,0,995
209722,62.1875,39.0,37.125,#E47856,1,995
209729,62.1875,43.125,-116.375,#008BFF,0,995
209767,62.1875,70.875,81.625,#FF4D00,0,995
209768,62.1875,71.25,106.125,#FF4C00,0,995
209783,62.1875,76.75,3.125,#FF4894,0,995
209799,62.1875,90.125,95.75,#FF0100,0,995
209850,62.25,-83.875,57.0,#00B41D,0,996
209902,62.25,-26.875,-13.625,#3AA5AE,1,996
209903,62.25,-26.75,50.375,#82A136,1,996
209985,62.25,4.375,-7.5,#9894A4,1,996
209992,62.25,6.75,-59.75,#3199FF,0,996
210042,62.25,25.625,-15.25,#B787B2,1,996
210059,62.25,40.125,58.0,#EA762C,1,996
210064,62.25,42.0,-56.25,#A97FFB,1,996
210069,62.25,48.25,-99.25,#4A83FF,0,996
210073,62.25,48.5,72.0,#F76D00,0,996
210081,62.25,52.875,-120.375,#0084FF,0,996
210086,62.25,57.5,19.75,#F86577,1,996
210093,62.25,64.375,-70.625,#C16BFF,0,996
210096,62.25,68.375,27.25,#FF556A,0,996
210097,62.25,69.375,-34.875,#EE5CD6,1,996
210111,62.25,85.875,-45.0,#FF3FE8,0,996
210114,62.25,87.125,-56.25,#F840FC,1,996
210118,62.25,91.125,-67.625,#F43BFF,0,996
210128,62.25,102.375,-5.125,#FF00A3,0,996
210132,62.25,106.0,9.0,#FF008C,0,996
210135,62.25,113.0,86.5,#FF0000,0,996
210144,62.3125,-121.125,-53.25,#00C2F4,0,997
210149,62.3125,-107.125,76.25,#00BA00,0,997
210158,62.3125,-88.5,-71.375,#00BEFF,0,997
210174,62.3125,-73.625,-17.0,#00B5B3,0,997
210214,62.3125,-36.5,-37.75,#00ABD9,0,997
210228,62.3125,-27.0,-53.625,#00A9F5,0,997
210238,62.3125,-20.875,-8.5,#5DA2A5,1,997
210255,62.3125,-7.125,-107.625,#00A8FF,0,997
210291,62.3125,6.0,-106.5,#00A1FF,0,997
210306,62.3125,12.125,4.5,#AF8F8F,1,997
210397,62.3125,52.875,-0.625,#EA6D9A,1,997
210401,62.3125,53.875,77.875,#FE6700,0,997
210435,62.3125,80.25,-12.5,#FF44AF,0,997
210440,62.3125,87.625,87.75,#FF1C00,0,997
210453,62.3125,101.5,-96.5,#E32BFF,0,997
210467,62.3125,115.25,-116.375,#DF00FF,0,997
210483,62.375,-101.375,-27.0,#00BCC5,0,998
210485,62.375,-97.0,30.75,#00B85C,0,998
210487,62.375,-90.875,-17.5,#00B9B4,0,998
210495,62.375,-76.375,103.75,#00B200,0,998
210574,62.375,-7.25,1.625,#8A9B94,1,998
210628,62.375,9.5,-41.5,#7795E0,1,998
210676,62.375,27.875,55.625,#D98130,1,998
210690,62.375,35.5,-58.5,#9885FF,0,998
210705,62.375,41.375,44.5,#EA7649,1,998
210741,62.375,68.875,-109.875,#7771FF,0,998
210762,62.375,89.25,107.125,#FF0E00,0,998
210796,62.4375,-117.125,34.875,#00BD53,0,999
210801,62.4375,-95.625,-9.125,#00BAA5,0,999
210806,62.4375,-80.875,-52.875,#00BAF4,0,999
210817,62.4375,-65.75,22.875,#00B16C,0,999
210846,62.4375,-33.75,95.5,#80A400,0,999
210858,62.4375,-27.625,7.375,#61A489,1,999
210956,62.4375,15.375,57.375,#C98B2A,1,999
211020,62.4375,44.25,-27.75,#CD79C9,1,999
211039,62.4375,62.125,53.875,#FF5D39,0,999
211040,62.4375,65.0,-46.625,#DE65EB,1,999
211058,62.4375,92.25,-99.625,#CD49FF,0,999
211077,62.4375,118.25,97.375,#FF0000,0,999
211104,62.5,-97.875,-54.375,#00BEF6,0,1000
211109,62.5,-92.5,101.5,#00B700,0,1000
211117,62.5,-81.875,-75.125,#00BDFF,0,1000
211123,62.5,-61.375,-25.625,#00B3C3,0,1000
211137,62.5,-45.0,-72.125,#00B2FF,0,1000
211216,62.5,0.875,53.875,#B39431,1,1000
211231,62.5,3.25,21.25,#AB9472,1,1000
211247,62.5,7.75,27.625,#B59166,1,1000
211287,62.5,18.875,64.75,#CF8813,1,1000
211314,62.5,30.75,62.875,#DF7F1E,1,1000
211331,62.5,41.125,-126.625,#0090FF,0,1000
211369,62.5,59.75,-7.875,#F166A7,1,1000
211373,62.5,62.75,41.125,#FF5D52,0,1000
211388,62.5,75.75,-24.125,#FF50C4,1,1000
211392,62.5,79.125,-104.625,#A662FF,0,1000
211485,62.5625,-56.5,105.625,#4DAD00,0,1001
211520,62.5625,-33.625,-84.5,#00B0FF,0,1001
211532,62.5625,-24.75,96.5,#90A100,0,1001
211543,62.5625,-16.625,86.5,#9D9D00,0,1001
211553,62.5625,-10.5,35.0,#9A9B58,1,1001
211559,62.5625,-7.875,75.125,#A99900,0,1001
211622,62.5625,12.125,-18.75,#9D92B9,1,1001
211642,62.5625,20.0,-60.0,#6D91FF,0,1001
211666,62.5625,33.0,87.5,#E47D00,0,1001
211683,62.5625,39.375,95.0,#ED7700,0,1001
211695,62.5625,51.5,24.5,#F36D6F,1,1001
211702,62.5625,56.625,48.0,#FF6545,1,1001
211706,62.5625,58.25,9.125,#F7668A,1,1001
211758,62.625,-127.75,91.25,#00BE00,0,1002
211761,62.625,-117.0,-32.0,#00C1CE,0,1002
211827,62.625,-38.75,-65.875,#00AFFF,0,1002
211849,62.625,-23.625,-26.0,#15A5C5,1,1002
211854,62.625,-22.5,-79.125,#00ABFF,0,1002
211947,62.625,5.5,73.75,#BD9100,0,1002
211980,62.625,22.0,4.375,#C08991,1,1002
211996,62.625,30.5,-22.875,#BA85C0,1,1002
211998,62.625,31.25,107.0,#E37F00,0,1002
212013,62.625,43.625,-74.5,#8E82FF,0,1002
212036,62.625,64.5,95.625,#FF5900,0,1002
212083,62.625,102.25,107.625,#FF0000,0,1002
212090,62.625,107.5,26.5,#FF0070,0,1002
212100,62.625,126.75,10.5,#FF008C,0,1002
212103,62.6875,-122.625,44.5,#00BE3F,0,1003
212128,62.6875,-68.0,-8.5,#00B4A5,0,1003
212164,62.6875,-32.75,-12.125,#1AA8AC,1,1003
212177,62.6875,-24.25,-107.625,#00B0FF,0,1003
212195,62.6875,-18.125,107.0,#9D9E00,0,1003
212271,62.6875,8.875,-53.375,#5998F7,1,1003
212281,62.6875,13.75,-82.0,#0099FF,0,1003
212296,62.6875,20.5,82.125,#D48700,0,1003
212299,62.6875,22.375,-30.0,#A58CCD,1,1003
212354,62.6875,50.375,-30.625,#D574CF,1,1003
212390,62.6875,82.875,-32.625,#FF44D3,0,1003
212471,62.75,-67.625,-26.5,#00B5C5,0,1004
212517,62.75,-22.625,3.375,#6AA391,1,1004
212549,62.75,-9.625,-9.5,#7A9EA8,1,1004
212587,62.75,5.875,41.0,#B7924E,1,1004
212674,62.75,45.25,-38.75,#C57BDD,1,1004
212679,62.75,50.0,87.375,#FB6D00,0,1004
212692,62.75,61.5,107.125,#FF5E00,0,1004
212741,62.75,102.0,-128.0,#A843FF,0,1004
212751,62.75,118.625,-18.5,#FF00BC,0,1004
212754,62.75,122.875,0.125,#FF009D,0,1004
212768,62.8125,-102.125,99.75,#00BA00,0,1005
212778,62.8125,-83.625,16.625,#00B778,0,1005
212790,62.8125,-69.25,-82.375,#00BCFF,0,1005
212793,62.8125,-63.0,-85.875,#00BAFF,0,1005
212795,62.8125,-62.125,34.75,#00B056,0,1005
212808,62.8125,-52.75,-48.625,#00B3ED,0,1005
212823,62.8125,-45.75,-52.75,#00B1F5,0,1005
212829,62.8125,-39.375,53.375,#6BA82F,1,1005
212845,62.8125,-27.875,61.25,#86A317,1,1005
212877,62.8125,-14.625,59.25,#9C9D21,1,1005
212893,62.8125,-5.0,-4.625,#8A9BA0,1,1005
212970,62.8125,23.625,69.625,#D78600,0,1005
212993,62.8125,36.875,29.0,#E17C67,1,1005
213027,62.8125,59.375,-110.375,#4B7DFF,0,1005
213056,62.8125,76.75,54.0,#FF453C,0,1005
213058,62.8125,77.375,89.375,#FF4200,0,1005
213063,62.8125,83.375,45.25,#FF344D,0,1005
213064,62.8125,83.625,-89.5,#CD56FF,0,1005
213078,62.8125,104.75,-105.625,#DD28FF,0,1005
213092,62.8125,126.375,-76.625,#FF00FF,0,1005
213096,62.875,-117.25,41.125,#00BE47,0,1006
213112,62.875,-84.5,41.375,#00B748,0,1006
213130,62.875,-64.625,-62.5,#00B8FF,0,1006
213143,62.875,-50.375,-19.125,#00B0B9,0,1006
213190,62.875,-16.5,-92.125,#00ABFF,0,1006
213223,62.875,-0.875,-3.875,#93999F,1,1006
213238,62.875,3.125,-50.75,#4B9BF2,1,1006
213279,62.875,14.5,-97.5,#009CFF,0,1006
213321,62.875,35.5,-81.875,#618BFF,0,1006
213324,62.875,36.5,-89.0,#458CFF,0,1006
213340,62.875,48.5,-67.875,#A77DFF,0,1006
213360,62.875,58.0,32.625,#FE6562,1,1006
213362,62.875,59.125,62.0,#FF6328,0,1006
213375,62.875,66.625,-28.875,#F061CD,1,1006
213394,62.875,92.0,7.625,#FF158F,0,1006
213407,62.875,118.375,-76.0,#FF00FF,0,1006
213420,62.9375,-111.75,31.0,#00BD5C,0,1007
213421,62.9375,-111.375,15.75,#00BE79,0,1007
213439,62.9375,-77.25,1.5,#00B794,0,1007
213440,62.9375,-77.25,49.375,#00B536,0,1007
213447,62.9375,-66.125,40.25,#00B24B,0,1007
213476,62.9375,-46.875,45.375,#53AB42,1,1007
213493,62.9375,-36.0,-18.125,#00AAB7,0,1007
213521,62.9375,-16.375,-112.375,#00AFFF,0,1007
213592,62.9375,7.5,95.875,#C39100,0,1007
213630,62.9375,20.125,107.375,#D58800,0,1007
213668,62.9375,40.0,11.875,#DF7B85,1,1007
213702,62.9375,63.0,75.625,#FF5D00,0,1007
213712,62.9375,73.5,-30.0,#F957CF,1,1007
213729,62.9375,90.125,-40.25,#FF34E2,0,1007
213733,62.9375,94.25,-34.875,#FF21D8,0,1007
213850,63.0,-21.75,77.625,#95A100,0,1008
213863,63.0,-17.75,-65.25,#00A8FF,0,1008
213875,63.0,-12.625,-102.25,#00ABFF,0,1008
213890,63.0,-8.25,25.5,#9B9B6B,1,1008
213916,63.0,-0.25,-21.375,#819ABE,1,1008
213926,63.0,3.0,-16.875,#8E98B6,1,1008
213946,63.0,10.375,89.0,#C78F00,0,1008
213966,63.0,19.125,42.125,#CC8A4D,1,1008
213970,63.0,21.625,-83.5,#0095FF,0,1008
213983,63.0,27.5,-48.625,#988CEF,1,1008
213994,63.0,33.75,78.625,#E67E00,0,1008
214025,63.0,53.375,-22.0,#E171C1,1,1008
214033,63.0,60.5,-59.5,#CB6FFF,0,1008
214052,63.0,84.125,-18.25,#FF3FBB,0,1008
214062,63.0,94.375,28.125,#FF006D,0,1008
214080,63.0,122.625,-35.625,#FF00DB,0,1008
214104,63.0625,-87.625,22.0,#00B96E,0,1009
214107,63.0625,-86.25,93.125,#00B700,0,1009
214121,63.0625,-69.5,-38.5,#00B8DC,0,1009
214126,63.0625,-64.0,95.125,#31B100,0,1009
214136,63.0625,-57.0,-37.625,#00B4DA,0,1009
214160,63.0625,-38.125,5.5,#3CAA8E,1,1009
214218,63.0625,-12.125,107.75,#A79C00,0,1009
214240,63.0625,-3.875,89.0,#B39800,0,1009
214306,63.0625,23.875,-91.875,#0096FF,0,1009
214314,63.0625,30.5,-77.125,#5F8EFF,0,1009
214334,63.0625,40.75,-15.625,#D27DB5,1,1009
214341,63.0625,47.25,35.75,#F2725C,1,1009
214350,63.0625,53.125,-77.625,#A17BFF,0,1009
214369,63.0625,67.625,-102.0,#8F72FF,0,1009
214376,63.0625,73.125,-83.75,#C266FF,0,1009
214381,63.0625,78.25,-4.125,#FF49A3,0,1009
214391,63.0625,85.375,66.625,#FF2C23,0,1009
214401,63.0625,95.875,-118.125,#B24DFF,0,1009
214408,63.0625,104.5,69.375,#FF0022,0,1009
214410,63.0625,108.75,-4.5,#FF00A5,0,1009
214428,63.125,-117.75,56.125,#00BE20,0,1010
214434,63.125,-106.375,-33.125,#00C0D2,0,1010
214444,63.125,-83.5,-63.375,#00BEFF,0,1010
214447,63.125,-79.5,-14.125,#00B9B0,0,1010
214449,63.125,-75.125,-56.75,#00BBFD,0,1010
214450,63.125,-71.625,-70.0,#00BCFF,0,1010
214457,63.125,-60.125,71.75,#38B000,0,1010
214488,63.125,-34.125,-59.125,#00AEFF,0,1010
214533,63.125,-9.0,12.75,#929D82,1,1010
214574,63.125,3.0,-79.875,#00A0FF,0,1010
214627,63.125,26.375,98.375,#DE8400,0,1010
214670,63.125,48.25,13.25,#EC7384,1,1010
214692,63.125,63.625,12.5,#FF6086,0,1010
214704,63.125,74.375,-99.125,#A869FF,0,1010
214712,63.125,86.25,36.625,#FF2D5E,0,1010
214716,63.125,92.375,-47.375,#FF31EF,0,1010
214726,63.125,103.125,57.875,#FF003A,0,1010
214731,63.125,107.375,75.25,#FF0013,0,1010
214745,63.1875,-128.0,25.0,#00C168,0,1011
214755,63.1875,-117.5,48.0,#00BF38,0,1011
214757,63.1875,-112.375,44.875,#00BE40,0,1011
214776,63.1875,-82.0,-24.375,#00BAC2,0,1011
214784,63.1875,-71.625,95.125,#00B300,0,1011
214800,63.1875,-57.0,-56.125,#00B6FC,0,1011
214803,63.1875,-56.375,-90.125,#00BAFF,0,1011
214820,63.1875,-35.375,86.25,#7EA700,0,1011
214894,63.1875,-2.125,22.5,#A49971,1,1011
214921,63.1875,9.5,-90.0,#009FFF,0,1011
214929,63.1875,12.75,20.125,#BB9076,1,1011
214950,63.1875,18.125,96.875,#D38A00,0,1011
214970,63.1875,28.0,34.625,#D7845D,1,1011
215019,63.1875,60.875,-25.625,#EA69C8,1,1011
215081,63.1875,125.25,-109.75,#FF00FF,0,1011
215124,63.25,-66.625,58.375,#00B21E,0,1012
215132,63.25,-58.5,-66.375,#00B8FF,0,1012
215186,63.25,-7.625,-85.125,#00A7FF,0,1012
215192,63.25,-5.75,-23.75,#709EC3,1,1012
215315,63.25,42.125,107.75,#F47600,0,1012
215341,63.25,55.875,-104.25,#5D80FF,0,1012
215354,63.25,65.375,66.625,#FF5A1E,0,1012
215367,63.25,81.875,76.875,#FF3800,0,1012
215375,63.25,87.625,-115.375,#A45CFF,0,1012
215391,63.25,112.125,-86.875,#FF00FF,0,1012
215393,63.25,117.25,-5.5,#FF00A8,0,1012
215397,63.25,123.5,34.25,#FF0066,0,1012
215471,63.3125,-35.75,78.0,#7CA800,0,1013
215567,63.3125,7.5,14.25,#B09480,1,1013
215649,63.3125,35.625,-67.625,#8A89FF,0,1013
215656,63.3125,38.5,-3.875,#D67EA1,1,1013
215726,63.3125,115.625,108.875,#FF0000,0,1013
215729,63.3125,119.75,-11.75,#FF00B2,0,1013
215755,63.375,-107.5,49.25,#00BD36,0,1014
215769,63.375,-88.375,-38.5,#00BDDC,0,1014
215943,63.375,17.875,-14.625,#AE90B4,1,1014
215952,63.375,22.0,75.625,#D78800,0,1014
215961,63.375,26.125,-113.875,#009AFF,0,1014
216069,63.375,117.875,55.375,#FF0041,0,1014
216103,63.4375,-97.5,-44.25,#00C0E7,0,1015
216104,63.4375,-96.875,-31.125,#00BFCF,0,1015
216118,63.4375,-84.625,63.125,#00B800,0,1015
216177,63.4375,-30.125,-105.5,#00B4FF,0,1015
216184,63.4375,-26.375,-19.75,#2AA8BC,1,1015
216284,63.4375,18.0,14.25,#C18D81,1,1015
216383,63.4375,117.125,44.5,#FF0054,0,1015
216432,63.5,-54.0,-8.75,#00B2A8,0,1016
216450,63.5,-44.625,-15.875,#00AFB5,0,1016
216460,63.5,-40.25,44.25,#66AA46,1,1016
216487,63.5,-21.25,18.875,#7FA377,1,1016
216530,63.5,-3.375,66.0,#B29908,1,1016
216537,63.5,-1.625,83.0,#B79800,0,1016
216573,63.5,12.5,49.75,#C6903F,1,1016
216613,63.5,35.875,-49.875,#A987F3,1,1016
216628,63.5,44.625,65.375,#F5751C,1,1016
216664,63.5,68.375,51.0,#FF5743,0,1016
216668,63.5,71.125,96.625,#FF5100,0,1016
216681,63.5,80.375,-62.375,#EB55FF,0,1016
216712,63.5,101.375,42.375,#FF0056,0,1016
216723,63.5,119.0,65.25,#FF0030,0,1016
216725,63.5,121.25,-67.5,#FF00FF,0,1016
216726,63.5,124.125,99.875,#FF0000,0,1016
216728,63.5,125.5,-51.75,#FF00F9,0,1016
216751,63.5625,-102.75,53.375,#00BD2C,0,1017
216787,63.5625,-65.5,106.75,#30B300,0,1017
216789,63.5625,-65.125,-73.875,#00BCFF,0,1017
216796,63.5625,-55.625,15.875,#00B17C,0,1017
216805,63.5625,-42.25,37.375,#5CAC54,1,1017
216836,63.5625,-18.625,43.125,#92A14A,1,1017
216891,63.5625,0.875,-61.5,#00A0FF,0,1017
216895,63.5625,2.75,108.375,#BF9500,0,1017
216911,63.5625,7.125,-21.5,#9398C0,1,1017
216939,63.5625,17.375,-38.625,#9293DF,1,1017
216956,63.5625,26.625,27.125,#D4876B,1,1017
216999,63.5625,47.125,-15.0,#DE78B6,1,1017
217019,63.5625,66.75,34.125,#FF5B61,0,1017
217039,63.5625,83.25,-123.75,#7D67FF,0,1017
217065,63.5625,125.125,73.375,#FF0021,0,1017
217083,63.625,-111.875,-36.5,#00C3D9,0,1018
217084,63.625,-110.75,-49.375,#00C4F0,0,1018
217094,63.625,-90.25,7.75,#00BB8A,0,1018
217096,63.625,-85.0,-0.375,#00BB99,0,1018
217132,63.625,-53.875,48.375,#40B03C,1,1018
217168,63.625,-31.625,-33.375,#00ACD5,0,1018
217218,63.625,-9.625,-93.75,#00AAFF,0,1018
217282,63.625,11.375,-73.625,#009CFF,0,1018
217336,63.625,32.875,70.625,#E68000,0,1018
217360,63.625,47.5,-61.375,#B17FFF,0,1018
217381,63.625,68.625,-41.875,#EB63E6,1,1018
217388,63.625,72.5,73.875,#FF4F04,0,1018
217416,63.625,100.625,-48.0,#FF00F2,0,1018
217422,63.625,110.625,4.75,#FF0097,0,1018
217429,63.625,125.25,48.25,#FF004F,0,1018
217448,63.6875,-95.375,81.625,#00BB00,0,1019
217538,63.6875,-26.25,-88.125,#00B1FF,0,1019
217539,63.6875,-26.25,108.375,#92A400,0,1019
217548,63.6875,-21.125,58.375,#93A326,1,1019
217637,63.6875,9.375,68.125,#C69201,1,1019
217696,63.6875,34.625,-40.875,#B387E3,1,1019
217755,63.6875,74.375,24.875,#FF4F72,0,1019
217763,63.6875,86.625,30.5,#FF2F6A,0,1019
217779,63.6875,110.375,20.375,#FF007D,0,1019
217784,63.6875,112.625,59.75,#FF0039,0,1019
217791,63.6875,121.625,90.125,#FF0000,0,1019
217797,63.75,-128.0,-23.375,#00C5C2,0,1020
217803,63.75,-113.625,98.125,#00BF00,0,1020
217813,63.75,-94.75,71.625,#00BB00,0,1020
217827,63.75,-79.75,10.875,#00B985,0,1020
217847,63.75,-56.875,-29.625,#00B5CE,0,1020
217849,63.75,-55.0,60.375,#47B019,1,1020
217876,63.75,-38.125,-88.75,#00B5FF,0,1020
217886,63.75,-31.5,-41.0,#00ADE3,0,1020
217909,63.75,-17.875,98.0,#9FA100,0,1020
217943,63.75,-2.5,-121.5,#00ACFF,0,1020
217946,63.75,-1.25,44.75,#B09948,1,1020
217981,63.75,14.375,-58.125,#6398FF,0,1020
218012,63.75,29.5,44.75,#DE844B,1,1020
218062,63.75,67.375,-78.25,#C16DFF,0,1020
218066,63.75,71.625,-120.625,#5975FF,0,1020
218069,63.75,72.25,17.25,#FF5480,0,1020
218074,63.75,77.375,83.25,#FF4500,0,1020
218077,63.75,81.0,-50.875,#F851F7,1,1020
218084,63.75,86.0,14.5,#FF3585,0,1020
218089,63.75,95.625,64.0,#FF002D,0,1020
218091,63.75,98.5,-91.375,#E938FF,0,1020
218109,63.75,119.0,-87.125,#FF00FF,0,1020
218145,63.8125,-80.125,84.75,#00B800,0,1021
218177,63.8125,-43.875,-98.25,#00B9FF,0,1021
218187,63.8125,-33.625,41.875,#75A94C,1,1021
218221,63.8125,-16.5,-74.75,#00ABFF,0,1021
218246,63.8125,-6.375,41.375,#A79C4F,1,1021
218368,63.8125,43.125,-102.625,#008CFF,0,1021
218382,63.8125,50.5,41.875,#FA7053,1,1021
218409,63.8125,72.125,43.5,#FF5252,0,1021
218412,63.8125,77.375,108.5,#FF4500,0,1021
218416,63.8125,81.25,100.375,#FF3C00,0,1021
218417,63.8125,82.375,-68.25,#E954FF,0,1021
218419,63.8125,82.875,22.125,#FF3D78,0,1021
218434,63.8125,90.875,-3.625,#FF28A4,0,1021
218442,63.8125,109.0,99.875,#FF0000,0,1021
218449,63.8125,125.875,-122.0,#F000FF,0,1021
218454,63.875,-123.125,85.0,#00C100,0,1022
218461,63.875,-101.5,-66.875,#00C5FF,0,1022
218470,63.875,-91.125,-4.5,#00BDA1,0,1022
218472,63.875,-88.875,46.25,#00BB40,0,1022
218488,63.875,-73.75,-10.5,#00B9AC,0,1022
218502,63.875,-65.375,16.25,#00B57C,0,1022
218557,63.875,-27.0,24.375,#78A76E,1,1022
218674,63.875,23.75,-53.5,#8991FB,1,1022
218682,63.875,28.25,-36.125,#AD8CDB,1,1022
218687,63.875,29.25,-58.0,#8F8EFF,0,1022
218709,63.875,44.5,-87.375,#7387FF,0,1022
218738,63.875,67.875,-56.75,#DD68FF,0,1022
218750,63.875,81.0,-112.75,#9B67FF,0,1022
218768,63.875,102.625,-29.75,#FF00D2,0,1022
218781,63.9375,-128.0,-52.0,#00C8F6,0,1023
218788,63.9375,-114.5,-59.5,#00C6FF,0,1023
218804,63.9375,-89.5,54.375,#00BB2B,0,1023
218936,63.9375,5.0,8.5,#AA978C,1,1023
218974,63.9375,16.875,-24.125,#A493C6,1,1023
219071,63.9375,72.25,-15.875,#FF59B9,0,1023
219086,63.9375,88.375,-78.75,#E84DFF,0,1023
219113,63.9375,122.125,110.0,#FF0000,0,1023
219123,64.0,-122.25,6.625,#00C38C,0,1024
219127,64.0,-116.625,2.125,#00C295,0,1024
219161,64.0,-51.875,-70.375,#00B8FF,0,1024
219170,64.0,-44.375,78.25,#6CAD00,0,1024
219188,64.0,-32.25,-71.0,#00B1FF,0,1024
219211,64.0,-19.625,-87.125,#00AFFF,0,1024
219224,64.0,-16.0,-3.125,#76A4A0,1,1024
219227,64.0,-15.375,-12.125,#6BA4B0,1,1024
219246,64.0,-11.0,-47.5,#00A5EF,0,1024
219307,64.0,12.25,33.375,#C29260,1,1024
219349,64.0,29.75,-121.625,#009BFF,0,1024
219410,64.0,70.5,-68.75,#D568FF,0,1024
219417,64.0,76.75,-91.125,#C065FF,0,1024
219439,64.0,114.0,72.625,#FF001F,0,1024
219453,64.0625,-123.75,95.5,#00C200,0,1025
219504,64.0625,-49.875,-95.125,#00BBFF,0,1025
219507,64.0625,-47.75,97.5,#68AE00,0,1025
219509,64.0625,-47.0,-62.625,#00B6FF,0,1025
219528,64.0625,-34.25,70.25,#7FA900,0,1025
219532,64.0625,-29.875,55.25,#83A82E,1,1025
219637,64.0625,15.125,-122.125,#00A4FF,0,1025
219658,64.0625,23.375,-75.75,#4896FF,0,1025
219719,64.0625,57.875,-123.375,#0085FF,0,1025
219731,64.0625,66.75,-88.0,#B072FF,0,1025
219779,64.0625,127.0,61.125,#FF003A,0,1025
219785,64.125,-117.75,62.875,#00C100,0,1026
219791,64.125,-107.0,40.625,#00BF4C,0,1026
219793,64.125,-104.25,-53.5,#00C4F9,0,1026
219801,64.125,-78.25,-30.625,#00BCD0,0,1026
219819,64.125,-60.25,-45.625,#00B9EC,0,1026
219884,64.125,-20.5,-52.5,#00ABF9,0,1026
219888,64.125,-17.875,49.5,#97A23E,1,1026
219952,64.125,3.0,-100.875,#00A7FF,0,1026
220032,64.125,47.125,-107.125,#008AFF,0,1026
220087,64.125,96.5,99.75,#FF0000,0,1026
220104,64.125,118.375,-49.25,#FF00F6,0,1026
220111,64.1875,-128.0,-39.125,#00C8DF,0,1027
220125,64.1875,-99.625,-16.125,#00C1B6,0,1027
220182,64.1875,-35.625,-4.375,#30ADA2,1,1027
220249,64.1875,-5.375,-42.375,#47A2E7,1,1027
220257,64.1875,-2.25,-88.25,#00A7FF,0,1027
220260,64.1875,-1.125,31.875,#AD9A62,1,1027
220280,64.1875,4.25,-31.25,#809CD3,1,1027
220398,64.1875,67.625,-10.875,#FF61B1,0,1027
220410,64.1875,80.625,-42.0,#FF51E8,0,1027
220447,64.25,-116.75,19.25,#00C276,0,1028
220457,64.25,-95.375,24.75,#00BE6C,0,1028
220467,64.25,-81.75,106.0,#00B900,0,1028
220468,64.25,-76.125,33.875,#00B95B,0,1028
220592,64.25,7.125,80.0,#C69400,0,1028
220604,64.25,14.0,109.875,#D19000,0,1028
220715,64.25,82.125,-99.125,#BE61FF,0,1028
220717,64.25,82.625,1.375,#FF439D,0,1028
220724,64.25,89.875,56.125,#FF203E,0,1028
220731,64.25,97.375,11.0,#FF008D,0,1028
220748,64.25,121.625,15.5,#FF0087,0,1028
220755,64.3125,-122.875,66.0,#00C300,0,1029
220787,64.3125,-75.125,-81.5,#00C1FF,0,1029
221000,64.3125,55.875,110.125,#FF6A00,0,1029
221011,64.3125,62.375,-37.25,#E76CE0,1,1029
221044,64.3125,109.25,-66.875,#FF00FF,0,1029
221051,64.3125,114.625,-98.0,#FF00FF,0,1029
221056,64.3125,118.5,-41.0,#FF00E8,0,1029
221064,64.375,-128.0,10.875,#00C585,0,1030
221131,64.375,-32.125,109.5,#8AA900,0,1030
221158,64.375,-13.25,18.5,#91A27B,1,1030
221238,64.375,14.375,-1.0,#B5939E,1,1030
221240,64.375,16.125,-32.375,#9A95D6,1,1030
221261,64.375,25.625,110.125,#E28800,0,1030
221267,64.375,30.0,-71.125,#7591FF,0,1030
221278,64.375,35.625,46.125,#E8804B,1,1030
221293,64.375,45.25,23.25,#EF7975,1,1030
221302,64.375,51.5,57.125,#FF7036,0,1030
221357,64.375,99.125,-111.25,#CD45FF,0,1030
221362,64.375,107.375,-97.0,#F418FF,0,1030
221363,64.375,107.625,-55.0,#FF00FF,0,1030
221406,64.4375,-102.0,-38.0,#00C3DE,0,1031
221449,64.4375,-46.25,-85.875,#00BAFF,0,1031
221470,64.4375,-32.25,14.0,#62AB82,1,1031
221482,64.4375,-25.875,-97.875,#00B4FF,0,1031
221494,64.4375,-19.75,-103.375,#00B3FF,0,1031
221563,64.4375,5.125,-126.5,#00ACFF,0,1031
221596,64.4375,21.25,-97.375,#009CFF,0,1031
221631,64.4375,36.375,110.125,#F07F00,0,1031
221643,64.4375,42.125,-50.625,#B784F7,1,1031
221698,64.4375,82.75,-74.875,#E458FF,0,1031
221707,64.4375,94.875,-12.375,#FF1AB5,0,1031
221720,64.4375,111.375,-28.875,#FF00D3,0,1031
221735,64.5,-128.0,1.875,#00C696,0,1032
221750,64.5,-114.75,-11.5,#00C4AE,0,1032
221756,64.5,-106.25,-18.375,#00C3BB,0,1032
221758,64.5,-104.25,1.75,#00C197,0,1032
221760,64.5,-100.0,13.0,#00C082,0,1032
221766,64.5,-92.125,-27.375,#00C1CB,0,1032
221788,64.5,-72.125,14.375,#00B981,0,1032
221888,64.5,-8.75,-119.125,#00B1FF,0,1032
221910,64.5,0.875,98.75,#BF9900,0,1032
221917,64.5,2.25,-2.125,#9F9BA0,1,1032
221991,64.5,26.75,-103.0,#009AFF,0,1032
221995,64.5,29.5,-108.625,#0099FF,0,1032
221999,64.5,31.5,-128.0,#009CFF,0,1032
222008,64.5,40.875,51.625,#F17C40,1,1032
222029,64.5,54.625,-69.25,#B77CFF,0,1032
222032,64.5,56.25,38.25,#FF6C5B,0,1032
222054,64.5,77.75,40.625,#FF4A59,0,1032
222090,64.5,118.75,78.5,#FF0012,0,1032
222155,64.5625,-72.875,63.125,#00B80A,0,1033
222203,64.5625,-37.875,-102.875,#00BAFF,0,1033
222221,64.5625,-26.125,-6.0,#57AAA6,1,1033
222250,64.5625,-13.875,-34.625,#3BA7DA,1,1033
222273,64.5625,-2.875,9.875,#9F9E8B,1,1033
222362,64.5625,35.625,-102.375,#0094FF,0,1033
222402,64.5625,62.875,21.875,#FF6579,0,1033
222420,64.5625,79.375,71.375,#FF4417,0,1033
222435,64.5625,97.125,-19.25,#FF0DC2,0,1033
222441,64.5625,106.375,85.0,#FF0000,0,1033
222447,64.5625,112.375,-110.375,#EA01FF,0,1033
222448,64.5625,113.0,65.75,#FF0030,0,1033
222449,64.5625,113.375,-124.125,#D41BFF,0,1033
222451,64.5625,115.375,-81.25,#FF00FF,0,1033
222461,64.5625,126.125,54.75,#FF0047,0,1033
222463,64.5625,126.75,-96.875,#FF00FF,0,1033
222469,64.625,-118.0,70.875,#00C200,0,1034
222474,64.625,-104.375,20.25,#00C175,0,1034
222479,64.625,-97.25,37.375,#00BF54,0,1034
222517,64.625,-58.75,-15.5,#00B7B7,0,1034
222520,64.625,-54.125,74.25,#54B200,0,1034
222522,64.625,-53.375,2.75,#00B496,0,1034
222560,64.625,-26.0,70.375,#90A700,0,1034
222571,64.625,-20.125,67.375,#9AA400,0,1034
222624,64.625,0.5,-74.25,#00A5FF,0,1034
222642,64.625,6.0,-116.375,#00A9FF,0,1034
222667,64.625,18.375,25.625,#CA9070,1,1034
222718,64.625,47.0,77.375,#FD7500,0,1034
222728,64.625,55.375,-43.125,#D876EB,1,1034
222743,64.625,66.875,-115.875,#5F7BFF,0,1034
222749,64.625,70.75,87.375,#FF5500,0,1034
222752,64.625,76.125,11.5,#FF508C,0,1034
222769,64.625,91.0,83.125,#FF1800,0,1034
222780,64.625,105.0,-10.375,#FF00B3,0,1034
222783,64.625,110.75,44.375,#FF0056,0,1034
222784,64.625,113.375,-15.875,#FF00BD,0,1034
222789,64.625,125.375,-26.25,#FF00CF,0,1034
222794,64.6875,-110.125,22.375,#00C271,0,1035
222797,64.6875,-106.0,9.375,#00C289,0,1035
222806,64.6875,-89.25,14.625,#00BE80,0,1035
222812,64.6875,-78.0,71.625,#00BA00,0,1035
222843,64.6875,-44.375,14.75,#39B081,1,1035
222851,64.6875,-40.375,66.625,#73AD00,0,1035
222858,64.6875,-36.0,25.5,#65AD6E,1,1035
222859,64.6875,-35.25,-26.375,#00B0CB,0,1035
222872,64.6875,-24.0,89.0,#97A600,0,1035
222882,64.6875,-18.375,-21.125,#52A8C2,1,1035
222899,64.6875,-9.75,90.75,#AF9F00,0,1035
222958,64.6875,12.625,99.375,#D09200,0,1035
222973,64.6875,21.0,34.125,#D18D61,1,1035
222987,64.6875,26.5,-6.125,#C68CA9,1,1035
223005,64.6875,38.75,-112.875,#0094FF,0,1035
223046,64.6875,78.875,33.375,#FF4867,0,1035
223054,64.6875,85.75,-107.5,#B75FFF,0,1035
223060,64.6875,93.75,21.75,#FF127C,0,1035
223071,64.6875,101.375,-76.5,#FF27FF,0,1035
223087,64.75,-122.625,-43.625,#00C9E9,0,1036
223088,64.75,-122.25,14.75,#00C57F,0,1036
223110,64.75,-72.875,54.25,#00B92F,0,1036
223123,64.75,-58.25,-4.375,#00B6A3,0,1036
223136,64.75,-50.75,25.875,#31B26D,1,1036
223140,64.75,-48.5,58.625,#5DB124,1,1036
223224,64.75,-0.625,75.625,#BB9A00,0,1036
223276,64.75,16.25,-8.25,#B494AC,1,1036
223326,64.75,38.75,83.75,#F37E00,0,1036
223371,64.75,70.625,1.25,#FF5C9E,0,1036
223397,64.75,98.0,89.5,#FF0000,0,1036
223398,64.75,98.75,-68.125,#FF2DFF,0,1036
223400,64.75,103.5,-62.625,#FF02FF,0,1036
223405,64.75,107.5,-17.875,#FF00C0,0,1036
223412,64.75,120.375,-113.625,#F500FF,0,1036
223430,64.8125,-108.25,63.375,#00C100,0,1037
223431,64.8125,-107.875,90.875,#00C100,0,1037
223460,64.8125,-68.25,4.0,#00B994,0,1037
223476,64.8125,-48.75,66.375,#60B100,0,1037
223477,64.8125,-46.5,-33.375,#00B5D8,0,1037
223538,64.8125,-12.375,-70.5,#00ABFF,0,1037
223588,64.8125,8.375,-11.625,#A399B2,1,1037
223688,64.8125,53.75,102.375,#FF6E00,0,1037
223697,64.8125,65.75,111.0,#FF5E00,0,1037
223707,64.8125,71.625,-50.25,#ED64F8,1,1037
223712,64.8125,74.375,-64.125,#E363FF,0,1037
223754,64.8125,121.25,-61.25,#FF00FF,0,1037
223766,64.875,-102.0,33.125,#00C15D,0,1038
223808,64.875,-41.125,110.0,#7AAE00,0,1038
223813,64.875,-39.25,-9.125,#00B0AD,0,1038
223816,64.875,-38.25,98.875,#7FAD00,0,1038
223835,64.875,-28.625,79.125,#8EA900,0,1038
223882,64.875,-5.375,110.75,#B79D00,0,1038
223883,64.875,-5.125,-29.5,#6CA3D2,1,1038
223917,64.875,6.625,57.375,#C39730,1,1038
224009,64.875,47.5,-23.0,#DD7CC7,1,1038
224033,64.875,63.125,-53.0,#DC70FD,1,1038
224036,64.875,65.0,6.0,#FF6495,0,1038
224053,64.875,92.625,-55.875,#FF3CFF,0,1038
224058,64.875,99.75,80.0,#FF0000,0,1038
224081,64.9375,-122.5,33.875,#00C55B,0,1039
224083,64.9375,-122.125,-5.75,#00C7A5,0,1039
224084,64.9375,-118.25,79.5,#00C300,0,1039
224099,64.9375,-91.75,95.0,#00BE00,0,1039
224101,64.9375,-85.375,-12.75,#00BFB2,0,1039
224137,64.9375,-40.625,-0.625,#1DB19D,1,1039
224141,64.9375,-33.625,-53.125,#00B2FC,0,1039
224190,64.9375,-7.0,-16.75,#7CA3BB,1,1039
224296,64.9375,35.0,99.0,#EF8100,0,1039
224311,64.9375,44.625,30.125,#F27A6A,1,1039
224312,64.9375,44.875,-44.375,#C582EE,1,1039
224333,64.9375,62.875,83.625,#FF6300,0,1039
224348,64.9375,83.0,111.375,#FF3B00,0,1039
224365,64.9375,105.5,15.0,#FF0089,0,1039
224370,64.9375,107.75,-115.875,#D930FF,0,1039
224378,64.9375,117.0,22.375,#FF007D,0,1039
224383,64.9375,126.75,-17.25,#FF00C1,0,1039
224388,65.0,-117.875,88.25,#00C300,0,1040
224393,65.0,-96.375,8.125,#00C18D,0,1040
224396,65.0,-91.875,-61.5,#00C5FF,0,1040
224402,65.0,-88.5,34.5,#00BE5B,0,1040
224411,65.0,-81.625,22.75,#00BD72,0,1040
224415,65.0,-76.875,97.625,#00BA00,0,1040
224421,65.0,-69.375,-51.0,#00BEF8,0,1040
224435,65.0,-54.875,54.375,#47B431,1,1040
224438,65.0,-50.25,110.0,#66B100,0,1040
224518,65.0,-3.375,16.125,#A39F81,1,1040
224540,65.0,6.0,47.125,#C09847,1,1040
224567,65.0,18.375,50.25,#D39042,1,1040
224612,65.0,35.375,18.125,#E1847F,1,1040
224617,65.0,38.25,4.5,#DF8297,1,1040
224642,65.0,48.25,99.5,#FF7500,0,1040
224672,65.0,69.875,-94.25,#AE72FF,0,1040
224675,65.0,71.5,56.625,#FF563B,0,1040
224692,65.0,88.125,-72.125,#F34EFF,0,1040
224707,65.0,102.5,4.875,#FF009A,0,1040
224709,65.0,103.0,101.0,#FF0000,0,1040
224762,65.0625,-56.5,99.125,#55B400,0,1041
224787,65.0625,-29.5,35.375,#7DAB5C,1,1041
224795,65.0625,-23.625,38.75,#8BA856,1,1041
224802,65.0625,-18.125,36.125,#94A55C,1,1041
224821,65.0625,-6.75,-58.375,#00A7FF,0,1041
224912,65.0625,21.0,-65.5,#6998FF,0,1041
224918,65.0625,22.875,-122.875,#00A2FF,0,1041
224931,65.0625,26.375,91.375,#E48900,0,1041
224970,65.0625,56.0,66.75,#FF6C20,0,1041
224978,65.0625,58.875,-93.125,#947EFF,0,1041
225003,65.0625,87.0,101.75,#FF2F00,0,1041
225005,65.0625,88.625,-85.25,#E452FF,0,1041
225009,65.0625,91.5,-128.0,#9160FF,0,1041
225014,65.0625,93.75,111.75,#FF0000,0,1041
225015,65.0625,96.0,34.875,#FF0066,0,1041
225047,65.125,-107.875,-65.125,#00C9FF,0,1042
225057,65.125,-90.125,64.875,#00BE00,0,1042
225075,65.125,-58.625,-79.625,#00BFFF,0,1042
225077,65.125,-56.0,88.75,#54B400,0,1042
225084,65.125,-45.0,-47.0,#00B6F1,0,1042
225086,65.125,-44.25,89.0,#72B000,0,1042
225247,65.125,29.25,-90.125,#0097FF,0,1042
225349,65.125,106.75,51.125,#FF004B,0,1042
225353,65.125,113.25,-73.75,#FF00FF,0,1042
225361,65.125,125.375,41.75,#FF005E,0,1042
225377,65.1875,-101.625,93.75,#00C100,0,1043
225420,65.1875,-53.125,-60.375,#00BBFF,0,1043
225430,65.1875,-49.625,19.875,#2AB379,1,1043
225436,65.1875,-45.125,32.25,#53B162,1,1043
225459,65.1875,-29.5,99.75,#90AA00,0,1043
225464,65.1875,-27.625,-0.125,#5EAC9E,1,1043
225536,65.1875,4.5,-45.375,#68A0EF,1,1043
225616,65.1875,47.375,-79.375,#9587FF,0,1043
225658,65.1875,96.25,-123.875,#AD56FF,0,1043
225662,65.1875,103.625,93.0,#FF0000,0,1043
225682,65.25,-122.25,-14.625,#00C8B6,0,1044
225688,65.25,-108.5,71.125,#00C200,0,1044
225709,65.25,-71.5,-22.625,#00BDC5,0,1044
225766,65.25,-21.75,-31.125,#0EACD5,1,1044
225782,65.25,-15.5,77.5,#A6A400,0,1044
225805,65.25,-7.0,47.625,#ACA046,1,1044
225841,65.25,3.625,-92.75,#00A8FF,0,1044
225890,65.25,25.0,-22.625,#B890C7,1,1044
225969,65.25,76.5,-35.625,#FF5AE0,0,1044
225970,65.25,79.125,-28.375,#FF54D3,0,1044
225983,65.25,95.25,-26.25,#FF26D0,0,1044
225984,65.25,97.5,-101.25,#DE47FF,0,1044
225990,65.25,110.125,112.125,#FF0000,0,1044
225995,65.25,117.125,3.375,#FF009E,0,1044
226011,65.25,126.75,-103.625,#FF00FF,0,1044
226014,65.3125,-122.375,-32.125,#00CAD6,0,1045
226016,65.3125,-117.5,-48.125,#00CAF3,0,1045
226025,65.3125,-98.875,63.375,#00C106,0,1045
226059,65.3125,-55.25,9.625,#00B68C,0,1045
226130,65.3125,-14.0,65.25,#A6A313,1,1045
226132,65.3125,-13.375,2.125,#85A59A,1,1045
226217,65.3125,15.375,-51.0,#7C9AFA,1,1045
226266,65.3125,34.125,40.125,#E88458,1,1045
226272,65.3125,39.875,-24.375,#D085CB,1,1045
226340,65.3125,108.25,-37.0,#FF00E3,0,1045
226341,65.3125,110.125,-43.75,#FF00EF,0,1045
226380,65.375,-101.0,83.25,#00C100,0,1046
226424,65.375,-41.125,-77.875,#00B9FF,0,1046
226467,65.375,-10.125,-76.5,#00ACFF,0,1046
226481,65.375,-2.625,-113.125,#00AFFF,0,1046
226484,65.375,-1.625,60.5,#B99D27,1,1046
226554,65.375,33.375,-1.25,#D688A2,1,1046
226568,65.375,42.875,-68.375,#A189FF,0,1046
226634,65.375,102.5,21.0,#FF007F,0,1046
226645,65.375,120.75,-101.125,#FF00FF,0,1046
226652,65.4375,-122.375,26.125,#00C76C,0,1047
226662,65.4375,-106.625,-6.0,#00C5A7,0,1047
226673,65.4375,-83.625,-18.5,#00C1BE,0,1047
226682,65.4375,-70.75,109.25,#18B900,0,1047
226684,65.4375,-70.125,88.375,#0FB900,0,1047
226685,65.4375,-65.25,-16.75,#00BBBB,0,1047
226709,65.4375,-41.75,-41.5,#00B6E8,0,1047
226781,65.4375,-8.0,56.375,#AEA132,1,1047
226786,65.4375,-3.75,-36.0,#64A4DF,1,1047
226819,65.4375,8.25,111.75,#CD9700,0,1047
226828,65.4375,11.125,-63.375,#489FFF,0,1047
226839,65.4375,15.375,69.5,#D49205,1,1047
226860,65.4375,23.5,-42.0,#A094EA,1,1047
226885,65.4375,36.75,62.125,#F0822A,1,1047
226907,65.4375,53.75,-128.0,#008EFF,0,1047
226911,65.4375,54.625,90.875,#FF6F00,0,1047
226945,65.4375,83.125,57.875,#FF3F3C,0,1047
226975,65.4375,118.25,31.25,#FF006F,0,1047
226976,65.4375,119.25,39.25,#FF0062,0,1047
226979,65.5,-128.0,-17.0,#00CABB,0,1048
227003,65.5,-80.125,-45.75,#00C2F0,0,1048
227010,65.5,-71.375,-61.375,#00C1FF,0,1048
227014,65.5,-69.875,46.375,#00BA45,0,1048
227020,65.5,-66.375,79.25,#28B800,0,1048
227029,65.5,-52.875,-42.0,#00BAE9,0,1048
227069,65.5,-22.5,-112.875,#00B8FF,0,1048
227097,65.5,-10.625,-26.625,#63A7CE,1,1048
227149,65.5,3.625,15.25,#B09C84,1,1048
227154,65.5,6.125,-69.125,#00A3FF,0,1048
227205,65.5,30.875,-63.875,#8C92FF,0,1048
227242,65.5,57.375,26.375,#FF6E73,0,1048
227269,65.5,84.875,83.375,#FF3800,0,1048
227273,65.5,88.125,-93.375,#D858FF,0,1048
227277,65.5,93.375,75.375,#FF0D12,0,1048
227289,65.5,105.25,-87.5,#FF22FF,0,1048
227298,65.5,115.125,102.25,#FF0000,0,1048
227314,65.5625,-94.75,-73.0,#00C9FF,0,1049
227315,65.5625,-94.5,106.375,#00C000,0,1049
227323,65.5625,-88.0,-76.5,#00C8FF,0,1049
227325,65.5625,-85.625,87.0,#00BE00,0,1049
227332,65.5625,-72.0,20.75,#00BC78,0,1049
227339,65.5625,-63.625,89.125,#3CB800,0,1049
227375,65.5625,-33.5,-77.25,#00B7FF,0,1049
227423,65.5625,-2.75,1.75,#9BA19C,1,1049
227472,65.5625,11.875,-102.875,#00A6FF,0,1049
227539,65.5625,37.375,-74.5,#868FFF,0,1049
227547,65.5625,40.875,70.5,#F77E0E,1,1049
227551,65.5625,42.375,-32.875,#CE84DB,1,1049
227560,65.5625,46.375,112.0,#FF7800,0,1049
227567,65.5625,54.625,-115.125,#008AFF,0,1049
227594,65.5625,85.5,72.125,#FF371B,0,1049
227597,65.5625,89.25,-62.5,#FF4AFF,0,1049
227631,65.625,-121.125,-58.375,#00CDFF,0,1050
227677,65.625,-65.125,52.875,#00B936,0,1050
227683,65.625,-57.875,110.625,#54B600,0,1050
227697,65.625,-49.375,-25.5,#00B7CC,0,1050
227698,65.625,-49.25,38.5,#4DB457,1,1050
227711,65.625,-39.75,-22.125,#00B4C6,0,1050
227825,65.625,14.125,78.375,#D49300,0,1050
227847,65.625,27.0,79.625,#E68A00,0,1050
227857,65.625,34.5,-95.5,#0096FF,0,1050
227885,65.625,46.875,-1.375,#EB7CA3,1,1050
227920,65.625,68.125,101.875,#FF5C00,0,1050
227943,65.625,91.75,13.125,#FF298D,0,1050
227962,65.625,120.25,-120.0,#EE00FF,0,1050
228013,65.6875,-81.25,-80.25,#00C7FF,0,1051
228025,65.6875,-68.5,29.75,#00BB67,0,1051
228050,65.6875,-51.875,-84.125,#00BFFF,0,1051
228077,65.6875,-31.625,-95.875,#00B9FF,0,1051
228082,65.6875,-28.875,-27.0,#00B0CF,0,1051
228134,65.6875,-5.0,-103.125,#00AFFF,0,1051
228180,65.6875,9.5,-35.875,#8A9DE0,1,1051
228237,65.6875,31.625,29.75,#E2886C,1,1051
228256,65.6875,46.125,-123.625,#0094FF,0,1051
228273,65.6875,56.375,4.25,#FC729A,1,1051
228289,65.6875,72.0,111.75,#FF5600,0,1051
228309,65.6875,87.625,-35.25,#FF45E1,0,1051
228351,65.75,-114.125,-5.25,#00C8A7,0,1052
228417,65.75,-63.5,-40.5,#00BEE7,0,1052
228426,65.75,-61.125,42.25,#11B84F,1,1052
228459,65.75,-39.75,60.25,#75B023,1,1052
228492,65.75,-20.625,29.375,#8DA96A,1,1052
228493,65.75,-20.625,112.0,#A2A700,0,1052
228516,65.75,-12.5,101.125,#AEA300,0,1052
228554,65.75,-1.625,-54.0,#29A6FF,0,1052
228566,65.75,1.0,37.375,#B79D5C,1,1052
228598,65.75,11.5,11.0,#BC988D,1,1052
228625,65.75,24.125,40.0,#DB8E59,1,1052
228662,65.75,48.0,-116.0,#0090FF,0,1052
228665,65.75,50.875,-94.25,#7A88FF,0,1052
228674,65.75,61.5,101.625,#FF6700,0,1052
228692,65.75,82.875,94.375,#FF3F00,0,1052
228698,65.75,86.875,-26.375,#FF44D1,0,1052
228708,65.75,99.75,112.125,#FF0000,0,1052
228710,65.75,100.75,50.75,#FF004D,0,1052
228726,65.75,123.125,84.5,#FF0000,0,1052
228729,65.75,126.75,20.75,#FF0082,0,1052
228739,65.8125,-116.875,29.75,#00C766,0,1053
228775,65.8125,-68.375,-87.5,#00C5FF,0,1053
228785,65.8125,-61.875,-91.0,#00C3FF,0,1053
228843,65.8125,-17.75,11.125,#86A88B,1,1053
228850,65.8125,-14.5,-117.875,#00B7FF,0,1053
228855,65.8125,-12.125,51.5,#A7A43E,1,1053
228953,65.8125,21.875,101.375,#E18E00,0,1053
228958,65.8125,24.75,51.25,#DF8D43,1,1053
229018,65.8125,63.0,89.75,#FF6500,0,1053
229027,65.8125,72.875,-75.875,#D56BFF,0,1053
229040,65.8125,93.375,50.625,#FF174C,0,1053
229049,65.8125,114.75,93.0,#FF0000,0,1053
229050,65.8125,116.375,12.25,#FF0090,0,1053
229057,65.875,-128.0,-29.0,#00CCD2,0,1054
229069,65.875,-105.875,-25.125,#00C8CB,0,1054
229078,65.875,-98.125,-59.375,#00C9FF,0,1054
229112,65.875,-54.0,80.25,#5AB500,0,1054
229141,65.875,-30.375,90.375,#90AC00,0,1054
229189,65.875,-6.875,31.125,#A8A268,1,1054
229192,65.875,-6.625,7.375,#99A393,1,1054
229342,65.875,63.125,48.5,#FF664C,0,1054
229351,65.875,70.875,68.0,#FF5923,0,1054
229382,65.875,98.75,-1.375,#FF00A7,0,1054
229385,65.875,100.125,28.875,#FF0073,0,1054
229404,65.875,124.375,-5.0,#FF00AE,0,1054
229414,65.9375,-103.5,104.75,#00C300,0,1055
229418,65.9375,-92.5,-34.5,#00C5DC,0,1055
229421,65.9375,-85.875,77.625,#00BF00,0,1055
229429,65.9375,-73.5,-3.0,#00BEA4,0,1055
229448,65.9375,-51.875,-14.0,#00B8B8,0,1055
229467,65.9375,-40.25,72.875,#79B100,0,1055
229489,65.9375,-23.875,-57.5,#00B1FF,0,1055
229504,65.9375,-16.75,-46.125,#00ADF2,0,1055
229559,65.9375,8.375,-110.75,#00AAFF,0,1055
229569,65.9375,11.25,-28.5,#999CD3,1,1055
229582,65.9375,15.875,-114.0,#00A7FF,0,1055
229585,65.9375,17.5,-92.75,#00A1FF,0,1055
229606,65.9375,27.625,21.375,#DA8C7B,1,1055
229614,65.9375,32.0,51.625,#E98743,1,1055
229680,65.9375,85.625,8.0,#FF4096,0,1055
229686,65.9375,92.125,90.375,#FF1B00,0,1055
229713,65.9375,124.625,28.375,#FF0076,0,1055
229736,66.0,-87.125,108.125,#00BF00,0,1056
229747,66.0,-74.75,-39.0,#00C1E5,0,1056
229775,66.0,-48.5,-5.875,#00B7AA,0,1056
229779,66.0,-46.875,4.25,#00B597,0,1056
229787,66.0,-40.375,-31.125,#00B6D7,0,1056
229807,66.0,-24.875,12.875,#78AC89,1,1056
229822,66.0,-17.625,91.625,#A6A700,0,1056
229830,66.0,-12.875,28.375,#9CA66D,1,1056
229846,66.0,-7.0,80.0,#B6A100,0,1056
229876,66.0,4.0,90.75,#C79B00,0,1056
229900,66.0,13.5,93.25,#D59500,0,1056
229908,66.0,17.125,86.5,#DA9200,0,1056
229909,66.0,17.75,-127.375,#00A9FF,0,1056
229946,66.0,33.125,10.25,#DE8990,1,1056
229947,66.0,33.25,-116.375,#009CFF,0,1056
229962,66.0,39.5,-63.375,#A48CFF,0,1056
229975,66.0,48.625,-73.25,#A786FF,0,1056
229979,66.0,49.0,-50.5,#C982FC,1,1056
230002,66.0,66.0,-125.0,#0083FF,0,1056
230010,66.0,72.125,-6.875,#FF5EAF,0,1056
230020,66.0,79.0,-127.875,#6375FF,0,1056
230021,66.0,79.875,-21.25,#FF53C9,0,1056
230038,66.0,94.625,-86.875,#EF49FF,0,1056
230041,66.0,101.25,-23.375,#FF00CD,0,1056
230046,66.0,112.0,-50.625,#FF00FE,0,1056
230056,66.0,122.625,-73.125,#FF00FF,0,1056
230058,66.0,123.25,-81.625,#FF00FF,0,1056
230059,66.0,124.0,-89.75,#FF00FF,0,1056
230066,66.0625,-122.75,54.375,#00C82F,0,1057
230081,66.0625,-86.0,-54.125,#00C6FF,0,1057
230084,66.0625,-80.375,-3.625,#00C1A5,0,1057
230102,66.0625,-57.5,22.875,#00B875,0,1057
230118,66.0625,-40.0,-59.0,#00B8FF,0,1057
230125,66.0625,-33.25,61.0,#84AE23,1,1057
230155,66.0625,-14.25,112.5,#ADA500,0,1057
230157,66.0625,-12.25,8.375,#8FA791,1,1057
230257,66.0625,26.75,2.75,#D08F9D,1,1057
230266,66.0625,30.375,-17.875,#C88EC1,1,1057
230286,66.0625,43.75,40.125,#F77E5B,1,1057
230289,66.0625,44.875,89.25,#FF7B00,0,1057
230306,66.0625,59.125,-19.5,#F472C5,1,1057
230307,66.0625,60.5,70.625,#FF6918,0,1057
230348,66.0625,99.125,-40.5,#FF1FEB,0,1057
230357,66.0625,111.125,33.875,#FF006C,0,1057
230359,66.0625,117.875,-33.375,#FF00DF,0,1057
230360,66.0625,117.875,50.0,#FF0051,0,1057
230384,66.125,-77.875,-64.25,#00C5FF,0,1058
230392,66.125,-71.25,75.0,#00BC00,0,1058
230403,66.125,-60.375,58.625,#38B927,1,1058
230419,66.125,-42.625,49.375,#6AB241,1,1058
230426,66.125,-32.625,20.25,#6CAF7B,1,1058
230441,66.125,-23.125,-39.625,#00B0E7,0,1058
230464,66.125,-12.5,83.375,#AEA400,0,1058
230469,66.125,-11.125,-53.5,#00ACFF,0,1058
230502,66.125,3.375,-25.25,#8CA1CE,1,1058
230531,66.125,13.625,63.625,#D29523,1,1058
230553,66.125,22.375,9.875,#CD9290,1,1058
230610,66.125,53.125,17.375,#FE7584,1,1058
230611,66.125,53.25,72.75,#FF720A,0,1058
230630,66.125,74.5,-41.25,#FD61EC,1,1058
230640,66.125,85.75,-8.0,#FF44B2,0,1058
230659,66.125,101.875,64.875,#FF0033,0,1058
230665,66.125,111.375,-9.75,#FF00B6,0,1058
230686,66.1875,-91.125,-11.5,#00C4B3,0,1059
230692,66.1875,-83.75,30.375,#00C067,0,1059
230753,66.1875,-20.75,-14.625,#5CADBA,1,1059
230824,66.1875,5.875,33.25,#BE9C65,1,1059
230888,66.1875,31.75,-8.75,#D18CB1,1,1059
230903,66.1875,45.375,57.75,#FD7C38,1,1059
230910,66.1875,52.625,-108.5,#3F8BFF,0,1059
230930,66.1875,77.625,-55.875,#F560FF,0,1059
230932,66.1875,78.375,-121.125,#8074FF,0,1059
230952,66.1875,114.0,-59.5,#FF00FF,0,1059
230970,66.25,-112.625,55.75,#00C72C,0,1060
231005,66.25,-66.625,-3.625,#00BDA6,0,1060
231020,66.25,-51.875,-35.75,#00BBE0,0,1060
231047,66.25,-33.375,50.625,#80AF3F,1,1060
231054,66.25,-28.5,-110.75,#00BCFF,0,1060
231056,66.25,-27.125,-81.375,#00B7FF,0,1060
231058,66.25,-26.125,-49.125,#00B2F9,0,1060
231083,66.25,-13.25,-107.375,#00B5FF,0,1060
231160,66.25,15.125,-43.5,#8D9CEF,1,1060
231232,66.25,56.875,-81.625,#AC81FF,0,1060
231242,66.25,62.375,-102.875,#8780FF,0,1060
231287,66.25,98.25,69.875,#FF0027,0,1060
231309,66.25,121.875,-128.0,#E500FF,0,1060
231334,66.3125,-80.25,-57.875,#00C6FF,0,1061
231343,66.3125,-69.125,35.75,#00BC5D,0,1061
231344,66.3125,-65.875,100.875,#39BA00,0,1061
231352,66.3125,-55.5,-95.375,#00C3FF,0,1061
231366,66.3125,-43.375,-67.625,#00BBFF,0,1061
231387,66.3125,-28.75,-66.25,#00B6FF,0,1061
231441,66.3125,-3.25,-66.25,#00AAFF,0,1061
231452,66.3125,1.125,-107.5,#00AEFF,0,1061
231477,66.3125,8.5,-78.25,#00A5FF,0,1061
231532,66.3125,36.75,-124.875,#009DFF,0,1061
231537,66.3125,39.0,77.125,#F88200,0,1061
231577,66.3125,54.75,-8.125,#F577B1,1,1061
231586,66.3125,60.875,-87.125,#AB7EFF,0,1061
231587,66.3125,60.875,-64.5,#CF79FF,0,1061
231592,66.3125,64.125,-96.375,#9E7DFF,0,1061
231600,66.3125,69.0,-24.125,#FF67CE,0,1061
231626,66.3125,107.125,-122.5,#CF3EFF,0,1061
231629,66.3125,111.25,-92.0,#FF00FF,0,1061
231637,66.3125,126.375,-32.125,#FF00DE,0,1061
231654,66.375,-107.0,-43.75,#00CBEE,0,1062
231674,66.375,-63.75,-56.5,#00C1FF,0,1062
231685,66.375,-56.25,34.5,#29B860,1,1062
231687,66.375,-55.0,67.375,#53B700,0,1062
231693,66.375,-49.875,91.125,#69B500,0,1062
231712,66.375,-31.875,-21.25,#00B2C6,0,1062
231729,66.375,-22.0,102.0,#A1AA00,0,1062
231803,66.375,7.0,101.125,#CE9A00,0,1062
231820,66.375,15.25,38.25,#CF965D,1,1062
231869,66.375,50.125,-56.5,#C583FF,0,1062
231872,66.375,52.75,33.75,#FF7568,0,1062
231873,66.375,53.875,-36.25,#E17CE3,1,1062
231875,66.375,54.125,-27.5,#E87AD4,1,1062
231879,66.375,58.75,14.375,#FF708B,0,1062
231886,66.375,66.875,-17.625,#FF69C3,0,1062
231895,66.375,74.5,102.125,#FF5400,0,1062
231984,66.4375,-39.0,91.625,#81B100,0,1063
232077,66.4375,8.125,22.25,#BE9B7A,1,1063
232156,66.4375,43.75,-96.875,#5491FF,0,1063
232166,66.4375,49.875,65.375,#FF7727,0,1063
232203,66.4375,75.5,62.0,#FF5334,0,1063
232240,66.5,-117.125,-37.0,#00CDE2,0,1064
232245,66.5,-111.375,0.375,#00C99E,0,1064
232254,66.5,-100.5,-10.5,#00C7B2,0,1064
232266,66.5,-82.125,-68.75,#00C8FF,0,1064
232271,66.5,-78.5,64.5,#00BF0B,0,1064
232291,66.5,-61.25,3.375,#00BC9A,0,1064
232319,66.5,-42.125,9.375,#3DB590,1,1064
232325,66.5,-39.25,-51.0,#00B9FD,0,1064
232340,66.5,-32.25,7.625,#5FB193,1,1064
232357,66.5,-22.0,-73.375,#00B4FF,0,1064
232370,66.5,-17.0,-59.0,#00B0FF,0,1064
232377,66.5,-13.25,71.25,#ACA600,0,1064
232441,66.5,4.375,64.0,#C69C21,1,1064
232476,66.5,16.375,-78.0,#00A1FF,0,1064
232483,66.5,21.5,-0.375,#C794A3,1,1064
232534,66.5,52.0,81.875,#FF7500,0,1064
232565,66.5,78.375,-79.0,#DD66FF,0,1064
232571,66.5,87.625,-101.625,#CD5FFF,0,1064
232597,66.5,126.625,-38.5,#FF00EA,0,1064
232601,66.5625,-128.0,-3.875,#00CCA6,0,1065
232652,66.5625,-61.375,11.625,#00BC8B,0,1065
232693,66.5625,-35.0,-45.125,#00B6F2,0,1065
232754,66.5625,2.5,113.625,#C89D00,0,1065
232805,66.5625,19.75,59.625,#DC9231,1,1065
232823,66.5625,27.0,-30.125,#B893D8,1,1065
232835,66.5625,32.625,57.625,#ED8837,1,1065
232882,66.5625,73.375,-106.0,#A176FF,0,1065
232918,66.5625,116.875,-24.375,#FF00D1,0,1065
232920,66.5625,118.75,-93.25,#FF00FF,0,1065
232940,66.625,-102.5,48.125,#00C642,0,1066
232944,66.625,-94.25,57.5,#00C429,0,1066
232945,66.625,-92.625,-45.875,#00C9F3,0,1066
232954,66.625,-75.25,-50.125,#00C4FB,0,1066
233034,66.625,-13.25,43.875,#A4A750,1,1066
233081,66.625,1.375,-7.5,#9EA2AF,1,1066
233121,66.625,17.875,-101.875,#00A5FF,0,1066
233138,66.625,28.25,15.125,#DA8E88,1,1066
233214,66.625,79.625,17.375,#FF4F87,0,1066
233224,66.625,95.5,41.375,#FF0F5F,0,1066
233226,66.625,101.25,-56.25,#FF23FF,0,1066
233269,66.6875,-85.75,-44.0,#00C7F0,0,1067
233281,66.6875,-66.0,-31.25,#00C0D9,0,1067
233282,66.6875,-65.375,71.625,#2DBB00,0,1067
233298,66.6875,-41.875,23.25,#57B577,1,1067
233347,66.6875,-13.0,-63.5,#00AFFF,0,1067
233349,66.6875,-12.875,-85.625,#00B2FF,0,1067
233452,66.6875,22.375,45.75,#DD9150,1,1067
233469,66.6875,29.625,-43.25,#AE93F0,1,1067
233482,66.6875,35.25,24.625,#E98878,1,1067
233503,66.6875,49.875,7.875,#F77B96,1,1067
233546,66.6875,88.25,-51.25,#FF4CFF,0,1067
233662,66.75,-39.25,82.375,#80B200,0,1068
233719,66.75,-5.375,-72.5,#00ADFF,0,1068
233767,66.75,9.625,-95.25,#00A9FF,0,1068
233775,66.75,14.25,-87.25,#00A4FF,0,1068
233781,66.75,16.75,4.0,#C3989C,1,1068
233790,66.75,20.125,113.875,#E29200,0,1068
233792,66.75,21.125,-110.75,#00A5FF,0,1068
233817,66.75,35.25,-14.0,#D58BBC,1,1068
233824,66.75,40.625,101.25,#FD8100,0,1068
233834,66.75,43.5,15.0,#F1818A,1,1068
233848,66.75,53.375,51.625,#FF7547,0,1068
233855,66.75,57.375,-50.375,#DA7BFE,1,1068
233857,66.75,59.0,-3.625,#FF72AB,1,1068
233858,66.75,59.0,43.75,#FF6E57,0,1068
233898,66.75,91.5,-110.375,#C55DFF,0,1068
233900,66.75,91.75,1.875,#FF32A3,0,1068
233917,66.75,112.125,81.5,#FF0008,0,1068
233921,66.75,117.125,84.875,#FF0000,0,1068
233928,66.75,126.75,2.75,#FF00A3,0,1068
233951,66.8125,-116.75,-22.75,#00CCC9,0,1069
233952,66.8125,-114.75,103.25,#00C800,0,1069
233980,66.8125,-77.0,44.0,#00C04D,0,1069
233982,66.8125,-75.75,-72.5,#00C8FF,0,1069
234015,66.8125,-54.25,41.625,#42B953,1,1069
234031,66.8125,-38.625,16.25,#58B484,1,1069
234043,66.8125,-29.625,45.25,#87AF4D,1,1069
234055,66.8125,-23.0,82.75,#9EAB00,0,1069
234098,66.8125,-2.0,-15.875,#8EA5BF,1,1069
234099,66.8125,-1.875,-126.625,#00B5FF,0,1069
234108,66.8125,0.0,-41.375,#68A6ED,1,1069
234115,66.8125,2.25,3.0,#A9A19D,1,1069
234138,66.8125,9.75,-123.25,#00AEFF,0,1069
234162,66.8125,19.0,-72.25,#4E9FFF,0,1069
234174,66.8125,26.125,-80.75,#4A9CFF,0,1069
234207,66.8125,49.5,-40.75,#D682ED,1,1069
234216,66.8125,55.0,-61.75,#C980FF,0,1069
234239,66.8125,74.0,-115.625,#8779FF,0,1069
234265,66.8125,107.125,-77.125,#FF12FF,0,1069
234276,66.8125,117.25,114.875,#FF0000,0,1069
234284,66.875,-128.0,20.125,#00CC7B,0,1070
234285,66.875,-128.0,82.625,#00CB00,0,1070
234289,66.875,-116.625,13.0,#00CA88,0,1070
234297,66.875,-96.5,76.5,#00C400,0,1070
234347,66.875,-51.0,102.25,#69B700,0,1070
234375,66.875,-26.875,113.625,#9BAD00,0,1070
234415,66.875,-8.0,-2.375,#90A7A7,1,1070
234441,66.875,2.125,26.25,#B7A074,1,1070
234505,66.875,31.875,113.75,#F28900,0,1070
234516,66.875,37.0,90.0,#F88500,0,1070
234558,66.875,68.25,76.875,#FF6000,0,1070
234569,66.875,77.375,114.625,#FF4F00,0,1070
234599,66.875,109.5,-103.375,#F726FF,0,1070
234612,66.9375,-128.0,73.25,#00CB00,0,1071
234799,66.9375,8.25,0.375,#B29EA2,1,1071
234864,66.9375,36.875,-30.0,#CB8CD9,1,1071
234879,66.9375,48.0,-34.625,#DA83E2,1,1071
234884,66.9375,51.625,114.625,#FF7600,0,1071
234900,66.9375,61.5,-77.5,#BF7DFF,0,1071
234919,66.9375,84.875,49.375,#FF4150,0,1071
234925,66.9375,91.5,67.125,#FF282D,0,1071
234929,66.9375,93.25,-80.625,#F84DFF,0,1071
234945,67.0,-128.0,64.25,#00CC03,0,1072
234955,67.0,-109.375,-12.625,#00CBB7,0,1072
234963,67.0,-100.875,-21.75,#00CAC8,0,1072
234972,67.0,-85.0,9.875,#00C48F,0,1072
234975,67.0,-82.125,100.25,#00C100,0,1072
234978,67.0,-78.75,5.875,#00C296,0,1072
234992,67.0,-62.75,26.125,#00BD71,0,1072
235006,67.0,-48.625,-100.375,#00C4FF,0,1072
235060,67.0,-8.375,-111.75,#00B6FF,0,1072
235071,67.0,-4.125,70.875,#BCA200,0,1072
235076,67.0,-2.5,-80.875,#00ADFF,0,1072
235132,67.0,21.375,18.0,#D29484,1,1072
235141,67.0,27.875,66.75,#EA8D1F,1,1072
235149,67.0,30.75,75.125,#EF8B00,0,1072
235168,67.0,42.25,-8.75,#E485B4,1,1072
235187,67.0,64.0,29.5,#FF6972,0,1072
235199,67.0,73.0,-126.625,#4D7EFF,0,1072
235202,67.0,74.5,50.125,#FF584D,0,1072
235215,67.0,90.0,25.875,#FF347A,0,1072
235217,67.0,90.875,37.5,#FF2F66,0,1072
235235,67.0,105.125,-1.5,#FF00AA,0,1072
235239,67.0,107.875,39.5,#FF0064,0,1072
235247,67.0,120.625,-107.375,#FF00FF,0,1072
235257,67.0625,-110.75,-54.375,#00CFFF,0,1073
235258,67.0625,-99.125,69.125,#00C600,0,1073
235301,67.0625,-42.125,-91.875,#00C0FF,0,1073
235336,67.0625,-16.5,-80.125,#00B4FF,0,1073
235342,67.0625,-15.375,-97.25,#00B7FF,0,1073
235375,67.0625,-4.625,-10.375,#90A7B6,1,1073
235384,67.0625,-2.125,-96.5,#00B0FF,0,1073
235399,67.0625,2.375,70.375,#C69F02,1,1073
235460,67.0625,22.25,-35.0,#AB98E2,1,1073
235515,67.0625,52.375,-88.125,#9589FF,0,1073
235523,67.0625,60.125,113.875,#FF6C00,0,1073
235558,67.0625,101.625,-82.375,#FF37FF,0,1073
235565,67.0625,107.0,-25.625,#FF00D4,0,1073
235585,67.125,-112.0,39.0,#00C957,0,1074
235590,67.125,-101.25,-72.0,#00CFFF,0,1074
235594,67.125,-100.625,-48.0,#00CCF8,0,1074
235601,67.125,-93.25,18.375,#00C67F,0,1074
235608,67.125,-80.5,39.125,#00C258,0,1074
235615,67.125,-63.125,-11.375,#00BFB6,0,1074
235617,67.125,-59.0,48.375,#36BB45,1,1074
235622,67.125,-50.625,-75.375,#00C1FF,0,1074
235639,67.125,-35.875,-108.0,#00C1FF,0,1074
235640,67.125,-35.875,36.125,#75B360,1,1074
235659,67.125,-21.75,-91.875,#00B9FF,0,1074
235740,67.125,9.75,74.125,#D19A00,0,1074
235801,67.125,39.375,-46.0,#BF8DF7,1,1074
235829,67.125,61.25,57.875,#FF6C3D,0,1074
235845,67.125,76.125,93.5,#FF5300,0,1074
235855,67.125,81.875,-83.875,#DF64FF,0,1074
235866,67.125,95.875,57.5,#FF0B43,0,1074
235887,67.125,120.0,-55.375,#FF00FF,0,1074
235899,67.1875,-114.375,-64.625,#00D1FF,0,1075
235921,67.1875,-68.875,-76.875,#00C7FF,0,1075
235937,67.1875,-48.125,73.75,#6BB700,0,1075
236001,67.1875,-4.25,100.5,#BFA300,0,1075
236004,67.1875,-2.875,53.0,#BAA33F,1,1075
236028,67.1875,4.375,-54.875,#51A6FF,0,1075
236156,67.1875,77.25,-69.375,#EA67FF,0,1075
236170,67.1875,88.5,19.25,#FF3B86,0,1075
236171,67.1875,89.625,-20.25,#FF41CA,0,1075
236179,67.1875,98.5,-33.0,#FF26E1,0,1075
236181,67.1875,102.125,37.0,#FF0068,0,1075
236184,67.1875,106.625,107.375,#FF0000,0,1075
236198,67.1875,124.75,93.875,#FF0000,0,1075
236200,67.25,-122.875,60.625,#00CB1D,0,1076
236204,67.25,-111.25,7.875,#00CB93,0,1076
236225,67.25,-71.875,-32.75,#00C4DD,0,1076
236235,67.25,-64.875,-66.625,#00C5FF,0,1076
236251,67.25,-55.5,-22.875,#00BECB,0,1076
236291,67.25,-26.5,29.5,#85AF6D,1,1076
236460,67.25,40.5,-84.125,#7C93FF,0,1076
236474,67.25,52.875,-16.875,#F07CC3,1,1076
236485,67.25,63.5,-110.75,#7384FF,0,1076
236488,67.25,65.75,-33.0,#F96FE0,1,1076
236490,67.25,66.5,40.25,#FF665F,0,1076
236494,67.25,72.125,6.875,#FF609B,0,1076
236496,67.25,74.5,30.125,#FF5A72,0,1076
236500,67.25,79.625,5.75,#FF539D,0,1076
236513,67.25,88.75,43.625,#FF375C,0,1076
236526,67.25,100.375,-117.375,#CD50FF,0,1076
236545,67.25,126.5,-63.5,#FF00FF,0,1076
236547,67.3125,-128.0,-57.125,#00D3FF,0,1077
236548,67.3125,-126.25,100.125,#00CC00,0,1077
236553,67.3125,-107.375,84.75,#00C800,0,1077
236562,67.3125,-96.25,-2.5,#00C8A6,0,1077
236565,67.3125,-87.625,-23.25,#00C7CC,0,1077
236568,67.3125,-83.875,-31.25,#00C7DA,0,1077
236574,67.3125,-78.875,-9.5,#00C4B3,0,1077
236576,67.3125,-75.875,111.875,#00C000,0,1077
236579,67.3125,-75.375,91.25,#00C000,0,1077
236580,67.3125,-74.125,-86.625,#00CAFF,0,1077
236712,67.3125,5.5,-86.625,#00ABFF,0,1077
236756,67.3125,23.875,-87.5,#00A0FF,0,1077
236794,67.3125,46.5,104.875,#FF7D00,0,1077
236827,67.3125,68.625,62.5,#FF6234,0,1077
236844,67.3125,89.25,115.5,#FF3100,0,1077
236858,67.3125,104.375,-69.375,#FF22FF,0,1077
236859,67.3125,104.75,-109.625,#E540FF,0,1077
236860,67.3125,106.25,79.625,#FF000F,0,1077
236867,67.3125,119.625,70.375,#FF002E,0,1077
236895,67.375,-91.0,89.125,#00C400,0,1078
236898,67.375,-88.5,41.125,#00C554,0,1078
236918,67.375,-60.875,77.625,#48BC00,0,1078
236924,67.375,-56.75,-50.5,#00C1FE,0,1078
236961,67.375,-17.75,22.0,#92AC7C,1,1078
237015,67.375,5.125,-63.5,#25A8FF,0,1078
237047,67.375,21.875,-117.125,#00A7FF,0,1078
237089,67.375,51.625,-101.625,#688EFF,0,1078
237117,67.375,76.625,-0.125,#FF5AA7,0,1078
237121,67.375,84.625,-58.75,#FF58FF,0,1078
237147,67.375,126.875,-56.5,#FF00FF,0,1078
237155,67.4375,-104.125,-58.75,#00CFFF,0,1079
237161,67.4375,-94.625,-51.625,#00CCFF,0,1079
237211,67.4375,-37.625,-71.125,#00BDFF,0,1079
237318,67.4375,13.0,115.25,#DA9900,0,1079
237320,67.4375,13.5,54.25,#D4993F,1,1079
237339,67.4375,22.5,-48.5,#999BFC,1,1079
237351,67.4375,26.125,-11.75,#C994BA,1,1079
237366,67.4375,34.125,-55.375,#A993FF,0,1079
237378,67.4375,39.375,-39.625,#C78DEC,1,1079
237395,67.4375,49.25,47.125,#FF7B51,0,1079
237403,67.4375,60.625,-11.25,#FF73BA,0,1079
237407,67.4375,64.125,-43.125,#EF74F3,1,1079
237412,67.4375,67.75,11.25,#FF6793,0,1079
237420,67.4375,77.0,-12.5,#FF5CBD,0,1079
237428,67.4375,83.5,-117.125,#A36EFF,0,1079
237431,67.4375,87.75,-121.375,#A36AFF,0,1079
237504,67.5,-64.25,64.125,#2FBE16,1,1080
237534,67.5,-33.25,114.5,#91B200,0,1080
237552,67.5,-23.125,49.5,#97AE46,1,1080
237583,67.5,-8.375,66.0,#B6A61A,1,1080
237704,67.5,42.625,8.0,#EF8598,1,1080
237736,67.5,59.125,76.375,#FF6F00,0,1080
237769,67.5,95.0,-95.875,#E852FF,0,1080
237778,67.5,108.625,90.25,#FF0000,0,1080
237780,67.5,109.625,69.875,#FF002D,0,1080
237786,67.5,121.875,58.375,#FF0046,0,1080
237794,67.5625,-128.0,32.375,#00CE65,0,1081
237801,67.5625,-122.25,-20.25,#00CFC6,0,1081
237805,67.5625,-111.375,-26.875,#00CED3,0,1081
237807,67.5625,-109.375,106.0,#00C900,0,1081
237817,67.5625,-92.0,30.25,#00C66A,0,1081
237819,67.5625,-89.625,1.625,#00C79F,0,1081
237828,67.5625,-75.75,26.75,#00C271,0,1081
237838,67.5625,-62.75,113.625,#4CBD00,0,1081
237857,67.5625,-47.0,-56.375,#00BFFF,0,1081
237868,67.5625,-41.375,103.25,#81B500,0,1081
237947,67.5625,-6.875,85.875,#BBA500,0,1081
237985,67.5625,4.625,-13.625,#A1A3BD,1,1081
238044,67.5625,31.375,83.625,#F28B00,0,1081
238052,67.5625,38.375,115.625,#FD8500,0,1081
238089,67.5625,61.0,-71.125,#CA7EFF,0,1081
238103,67.5625,78.0,-47.25,#FF61FB,0,1081
238108,67.5625,84.875,-14.25,#FF4DC1,0,1081
238119,67.5625,95.625,-61.5,#FF41FF,0,1081
238127,67.5625,108.0,56.625,#FF0047,0,1081
238143,67.5625,125.375,105.25,#FF0000,0,1081
238228,67.625,-23.0,62.75,#9CAE24,1,1082
238274,67.625,0.75,-118.25,#00B4FF,0,1082
238314,67.625,12.125,-15.375,#AE9FC0,1,1082
238343,67.625,23.75,-59.375,#899CFF,0,1082
238346,67.625,26.375,-128.0,#00A8FF,0,1082
238401,67.625,60.125,95.0,#FF6E00,0,1082
238404,67.625,61.5,35.75,#FF6E68,0,1082
238411,67.625,65.375,-82.375,#C27BFF,0,1082
238412,67.625,66.75,18.125,#FF6888,0,1082
238424,67.625,79.5,25.5,#FF527C,0,1082
238427,67.625,82.875,39.25,#FF4964,0,1082
238431,67.625,87.5,62.5,#FF3B38,0,1082
238446,67.625,108.125,62.625,#FF003C,0,1082
238447,67.625,109.125,9.5,#FF0099,0,1082
238451,67.625,121.75,-45.375,#FF00F9,0,1082
238452,67.625,124.125,114.5,#FF0000,0,1082
238457,67.6875,-128.0,-44.0,#00D3F2,0,1083
238458,67.6875,-128.0,39.25,#00CE57,0,1083
238460,67.6875,-123.0,77.0,#00CC00,0,1083
238514,67.6875,-61.0,-34.875,#00C2E2,0,1083
238540,67.6875,-39.875,30.125,#67B66D,1,1083
238546,67.6875,-37.25,-83.25,#00BFFF,0,1083
238553,67.6875,-35.625,-14.0,#01B7BD,1,1083
238556,67.6875,-35.0,-63.625,#00BCFF,0,1083
238575,67.6875,-26.625,18.5,#7DB183,1,1083
238581,67.6875,-22.125,-2.5,#71B0A9,1,1083
238582,67.6875,-21.875,-63.875,#00B6FF,0,1083
238597,67.6875,-12.875,-17.625,#73ADC4,1,1083
238608,67.6875,-10.375,-42.75,#37AEF1,1,1083
238609,67.6875,-9.75,-99.25,#00B6FF,0,1083
238658,67.6875,8.125,86.0,#D29D00,0,1083
238705,67.6875,28.25,-96.375,#00A0FF,0,1083
238713,67.6875,31.0,94.25,#F38C00,0,1083
238748,67.6875,49.5,-11.0,#F080BA,1,1083
238811,67.6875,111.0,27.875,#FF007A,0,1083
238818,67.6875,117.0,-66.5,#FF00FF,0,1083
238830,67.6875,126.75,66.5,#FF0038,0,1083
238856,67.75,-85.25,52.25,#00C53C,0,1084
238867,67.75,-66.875,-45.375,#00C5F6,0,1084
238988,67.75,10.25,42.75,#CD9D57,1,1084
239047,67.75,35.875,-108.5,#009DFF,0,1084
239054,67.75,41.875,-91.25,#6A94FF,0,1084
239060,67.75,47.625,-28.625,#E184D9,1,1084
239102,67.75,81.5,65.0,#FF4B32,0,1084
239111,67.75,98.5,-8.875,#FF1CB9,0,1084
239133,67.8125,-128.0,46.375,#00CE48,0,1085
239143,67.8125,-97.25,-39.625,#00CDEB,0,1085
239148,67.8125,-93.875,-20.125,#00CAC7,0,1085
239161,67.8125,-83.25,70.75,#00C400,0,1085
239163,67.8125,-79.625,16.75,#00C484,0,1085
239169,67.8125,-71.375,-15.125,#00C4BF,0,1085
239180,67.8125,-59.25,-70.625,#00C5FF,0,1085
239195,67.8125,-47.875,10.75,#22BB90,1,1085
239217,67.8125,-29.875,-57.75,#00B9FF,0,1085
239317,67.8125,19.25,-19.0,#B89BC8,1,1085
239383,67.8125,60.5,-128.0,#008EFF,0,1085
239389,67.8125,65.625,-2.5,#FF6DAC,0,1085
239392,67.8125,71.75,-87.75,#C776FF,0,1085
239401,67.8125,81.375,-92.875,#D36AFF,0,1085
239428,67.8125,113.75,-2.25,#FF00AE,0,1085
239470,67.875,-80.125,76.625,#00C300,0,1086
239472,67.875,-76.625,81.75,#00C200,0,1086
239505,67.875,-42.125,115.25,#81B600,0,1086
239526,67.875,-30.0,-9.875,#49B5B6,1,1086
239552,67.875,-18.875,5.25,#83AF9B,1,1086
239555,67.875,-17.0,-27.125,#51B0D6,1,1086
239595,67.875,-3.0,115.875,#C4A400,0,1086
239636,67.875,11.375,-4.875,#B69FAE,1,1086
239690,67.875,40.25,33.875,#F6866B,1,1086
239732,67.875,69.5,92.625,#FF6100,0,1086
239738,67.875,76.625,78.375,#FF5501,0,1086
239755,67.875,96.25,84.5,#FF0B00,0,1086
239756,67.875,96.5,-45.875,#FF38FA,0,1086
239762,67.875,102.125,-17.25,#FF00C8,0,1086
239764,67.875,104.5,-44.375,#FF05F8,0,1086
239774,67.875,121.625,6.75,#FF009F,0,1086
239779,67.875,126.0,-11.25,#FF00BE,0,1086
239803,67.9375,-82.625,-37.125,#00C9E7,0,1087
239808,67.9375,-78.125,-24.125,#00C7CF,0,1087
239849,67.9375,-44.25,55.375,#6FB837,1,1087
239863,67.9375,-34.375,104.375,#90B300,0,1087
239866,67.9375,-31.875,84.0,#92B200,0,1087
239964,67.9375,9.25,-49.625,#75A5FF,0,1087
240009,67.9375,32.625,-34.25,#C293E4,1,1087
240025,67.9375,43.75,-59.375,#B98DFF,0,1087
240028,67.9375,44.875,-18.5,#E586C8,1,1087
240035,67.9375,49.875,93.875,#FF7B00,0,1087
240047,67.9375,58.875,-33.25,#F07AE3,1,1087
240086,67.9375,93.25,-70.5,#FF4CFF,0,1087
240099,67.9375,106.375,116.75,#FF0000,0,1087
240106,67.9375,121.75,-18.75,#FF00CB,0,1087
240110,67.9375,126.625,-115.0,#FF00FF,0,1087
240207,68.0,-27.875,-75.125,#00BBFF,0,1088
240211,68.0,-25.75,6.125,#73B29A,1,1088
240336,68.0,26.0,31.25,#E2936F,1,1088
240350,68.0,32.375,-82.875,#649BFF,0,1088
240357,68.0,34.625,104.75,#F98A00,0,1088
240388,68.0,58.5,-56.5,#D97EFF,0,1088
240427,68.0,92.625,-31.0,#FF3FE0,0,1088
240428,68.0,94.125,105.0,#FF1E00,0,1088
240435,68.0,103.0,73.125,#FF0025,0,1088
240445,68.0,127.0,13.375,#FF0095,0,1088
240470,68.0625,-110.25,95.625,#00CB00,0,1089
240525,68.0625,-50.875,115.125,#6FBA00,0,1089
240527,68.0625,-49.5,51.0,#5EBA42,1,1089
240536,68.0625,-41.625,-106.125,#00C5FF,0,1089
240562,68.0625,-25.125,94.125,#A0B000,0,1089
240586,68.0625,-12.0,37.75,#A8AA60,1,1089
240600,68.0625,-6.5,21.625,#A9A87F,1,1089
240631,68.0625,3.0,82.5,#CBA100,0,1089
240639,68.0625,6.125,-104.5,#00B0FF,0,1089
240687,68.0625,27.625,105.75,#F09000,0,1089
240787,68.0625,85.625,-128.0,#8971FF,0,1089
240795,68.0625,95.5,116.75,#FF1300,0,1089
240796,68.0625,96.25,17.0,#FF218D,0,1089
240804,68.0625,110.375,-128.0,#D13FFF,0,1089
240812,68.0625,115.0,-118.375,#EE22FF,0,1089
240818,68.0625,119.875,-1.625,#FF00AE,0,1089
240889,68.125,-62.875,83.5,#46BF00,0,1090
240934,68.125,-36.75,45.875,#7CB64E,1,1090
240936,68.125,-36.0,2.375,#4DB7A1,1,1090
240939,68.125,-35.5,-34.5,#00BAE3,0,1090
240993,68.125,-8.875,-124.625,#00BCFF,0,1090
240998,68.125,-8.375,95.75,#BCA700,0,1090
241002,68.125,-7.375,106.0,#BEA700,0,1090
241018,68.125,-2.75,93.25,#C4A400,0,1090
241055,68.125,9.75,29.0,#C89E72,1,1090
241073,68.125,15.375,-107.625,#00ABFF,0,1090
241094,68.125,26.375,58.875,#EA9238,1,1090
241119,68.125,42.5,-76.75,#9792FF,0,1090
241130,68.125,53.375,-121.625,#0093FF,0,1090
241143,68.125,62.875,-119.75,#408AFF,0,1090
241148,68.125,67.625,-74.0,#D578FF,0,1090
241157,68.125,78.75,-102.375,#BC72FF,0,1090
241158,68.125,79.5,53.375,#FF514B,0,1090
241160,68.125,81.5,105.125,#FF4B00,0,1090
241163,68.125,92.5,-116.875,#BE62FF,0,1090
241200,68.1875,-93.875,100.125,#00C700,0,1091
241204,68.1875,-91.0,-66.625,#00CFFF,0,1091
241214,68.1875,-72.75,68.625,#00C200,0,1091
241217,68.1875,-69.75,8.75,#00C394,0,1091
241245,68.1875,-44.625,63.125,#72B921,1,1091
241247,68.1875,-43.625,41.75,#68B957,1,1091
241262,68.1875,-31.375,-88.875,#00BFFF,0,1091
241322,68.1875,-3.75,-48.5,#46ADFD,1,1091
241410,68.1875,40.0,-118.625,#009DFF,0,1091
241422,68.1875,46.625,71.25,#FF7F18,0,1091
241427,68.1875,49.875,28.625,#FF7E75,0,1091
241450,68.1875,72.25,37.5,#FF6067,0,1091
241466,68.1875,89.625,96.625,#FF3400,0,1091
241478,68.1875,98.5,95.625,#FF0000,0,1091
241501,68.1875,124.5,78.375,#FF001F,0,1091
241514,68.25,-113.375,78.375,#00CC00,0,1092
241519,68.25,-107.5,-70.25,#00D3FF,0,1092
241566,68.25,-47.5,83.625,#73BA00,0,1092
241591,68.25,-24.25,-22.875,#3EB4CF,1,1092
241602,68.25,-17.625,-8.375,#76B0B5,1,1092
241606,68.25,-16.25,56.5,#A8AC38,1,1092
241630,68.25,-5.625,37.125,#B3A862,1,1092
241683,68.25,11.0,-21.375,#A7A2CD,1,1092
241690,68.25,13.75,104.375,#DD9A00,0,1092
241701,68.25,17.25,30.625,#D59A70,1,1092
241703,68.25,17.875,-61.125,#75A2FF,0,1092
241733,68.25,32.125,-25.75,#CA93D5,1,1092
241766,68.25,58.375,-98.625,#8E89FF,0,1092
241788,68.25,74.125,-19.75,#FF64CC,0,1092
241807,68.25,96.75,-106.625,#DD56FF,0,1092
241830,68.3125,-128.0,89.25,#00CF00,0,1093
241858,68.3125,-75.625,58.75,#00C32C,0,1093
241862,68.3125,-71.0,103.625,#28C200,0,1093
241873,68.3125,-61.25,-27.625,#00C3D7,0,1093
241880,68.3125,-57.25,94.125,#5CBD00,0,1093
241926,68.3125,-28.125,-15.75,#42B6C2,1,1093
242013,68.3125,10.375,-55.625,#6BA6FF,0,1093
242047,68.3125,21.25,-26.375,#B69BD6,1,1093
242050,68.3125,21.875,67.375,#E59520,1,1093
242053,68.3125,22.875,85.25,#E99400,0,1093
242122,68.3125,68.0,-64.875,#E276FF,0,1093
242128,68.3125,74.375,20.75,#FF5E85,0,1093
242130,68.3125,78.25,-109.25,#AC75FF,0,1093
242132,68.3125,82.125,-3.5,#FF53B0,0,1093
242139,68.3125,88.625,-44.875,#FF4FF9,0,1093
242151,68.3125,104.375,-128.0,#C351FF,0,1093
242153,68.3125,105.125,-92.875,#FF37FF,0,1093
242158,68.3125,113.875,18.5,#FF008C,0,1093
242166,68.375,-122.625,-48.75,#00D4FD,0,1094
242169,68.375,-115.125,-16.125,#00D0C1,0,1094
242171,68.375,-101.5,28.125,#00CB70,0,1094
242174,68.375,-100.375,-28.25,#00CED8,0,1094
242182,68.375,-86.5,18.5,#00C882,0,1094
242193,68.375,-70.25,-8.5,#00C5B4,0,1094
242200,68.375,-57.5,104.5,#5EBD00,0,1094
242209,68.375,-50.0,-0.5,#00BEA6,0,1094
242372,68.375,32.875,4.625,#E190A0,1,1094
242382,68.375,42.125,95.5,#FF8400,0,1094
242388,68.375,46.0,82.875,#FF8000,0,1094
242405,68.375,70.125,-99.625,#AE7DFF,0,1094
242439,68.375,112.0,51.625,#FF0053,0,1094
242449,68.4375,-122.625,42.75,#00CF52,0,1095
242451,68.4375,-120.5,104.0,#00CE00,0,1095
242454,68.4375,-113.125,68.875,#00CD00,0,1095
242475,68.4375,-70.375,83.125,#20C200,0,1095
242623,68.4375,14.875,-67.875,#53A5FF,0,1095
242629,68.4375,19.875,-54.75,#8AA0FF,0,1095
242659,68.4375,41.75,-127.625,#009FFF,0,1095
242661,68.4375,43.125,-110.375,#009AFF,0,1095
242673,68.4375,49.625,-65.625,#BD8AFF,0,1095
242714,68.4375,80.375,87.5,#FF4F00,0,1095
242720,68.4375,88.5,77.75,#FF3A11,0,1095
242732,68.4375,105.0,26.0,#FF007F,0,1095
242736,68.4375,109.5,-82.625,#FF17FF,0,1095
242743,68.4375,114.625,-38.125,#FF00EF,0,1095
242745,68.4375,115.75,-45.0,#FF00FB,0,1095
242753,68.4375,126.75,-69.5,#FF00FF,0,1095
242767,68.5,-85.75,59.25,#00C72A,0,1096
242790,68.5,-47.25,-19.75,#00BEC9,0,1096
242792,68.5,-44.0,-12.5,#00BCBC,0,1096
242807,68.5,-32.75,75.5,#90B400,0,1096
242819,68.5,-25.75,-34.25,#00B7E4,0,1096
242828,68.5,-21.25,-118.25,#00C1FF,0,1096
242855,68.5,-10.0,-11.625,#86ADBC,1,1096
242857,68.5,-9.75,15.625,#A1AB8B,1,1096
242866,68.5,-7.875,-89.25,#00B6FF,0,1096
242885,68.5,-2.625,-24.0,#86AAD2,1,1096
242889,68.5,-0.375,-30.125,#82AADD,1,1096
242890,68.5,0.0,19.125,#B4A685,1,1096
242991,68.5,55.125,61.625,#FF7737,0,1096
243014,68.5,68.75,107.125,#FF6400,0,1096
243025,68.5,80.5,44.75,#FF515C,0,1096
243028,68.5,82.75,116.75,#FF4900,0,1096
243047,68.5,102.875,10.875,#FF0099,0,1096
243065,68.5625,-109.625,14.375,#00CE8A,0,1097
243099,68.5625,-65.75,-22.125,#00C5CD,0,1097
243102,68.5625,-62.25,36.625,#00C161,0,1097
243141,68.5625,-24.125,76.125,#A0B100,0,1097
243252,68.5625,27.125,117.125,#F29100,0,1097
243268,68.5625,36.625,67.5,#FB8A24,1,1097
243273,68.5625,39.0,56.0,#FC8841,1,1097
243277,68.5625,41.25,-2.25,#EB8AAD,1,1097
243302,68.5625,54.875,-74.5,#BB87FF,0,1097
243309,68.5625,57.75,85.375,#FF7400,0,1097
243320,68.5625,66.125,117.375,#FF6800,0,1097
243346,68.5625,88.625,108.5,#FF3900,0,1097
243350,68.5625,91.625,-7.5,#FF3EB8,0,1097
243354,68.5625,96.0,6.0,#FF29A1,0,1097
243406,68.625,-103.375,98.625,#00CB00,0,1098
243417,68.625,-87.0,-81.625,#00D1FF,0,1098
243418,68.625,-84.875,-7.75,#00C9B3,0,1098
243446,68.625,-62.875,-82.125,#00CAFF,0,1098
243483,68.625,-33.625,29.5,#79B670,1,1098
243493,68.625,-27.0,-43.625,#00B9F5,0,1098
243548,68.625,-0.875,108.125,#C9A400,0,1098
243554,68.625,0.875,10.25,#B1A695,1,1098
243611,68.625,20.75,93.25,#E89600,0,1098
243652,68.625,41.0,45.25,#FD8757,1,1098
243714,68.625,105.375,45.125,#FF005E,0,1098
243718,68.625,108.125,-60.875,#FF00FF,0,1098
243719,68.625,110.25,96.25,#FF0000,0,1098
243724,68.625,123.25,51.375,#FF0055,0,1098
243731,68.6875,-128.0,53.0,#00D13A,0,1099
243735,68.6875,-117.625,-53.125,#00D5FF,0,1099
243741,68.6875,-104.25,79.375,#00CC00,0,1099
243742,68.6875,-103.375,61.125,#00CC22,0,1099
243748,68.6875,-93.875,-78.125,#00D2FF,0,1099
243760,68.6875,-67.0,-92.625,#00CDFF,0,1099
243770,68.6875,-53.25,-29.25,#00C2DB,0,1099
243778,68.6875,-50.5,-46.5,#00C2FB,0,1099
243811,68.6875,-29.75,-101.75,#00C2FF,0,1099
243833,68.6875,-18.25,117.0,#AFAE00,0,1099
243835,68.6875,-16.625,105.5,#B1AD00,0,1099
243840,68.6875,-13.5,-91.375,#00B9FF,0,1099
243847,68.6875,-11.25,117.25,#BAAA00,0,1099
243885,68.6875,2.5,43.5,#C4A458,1,1099
243926,68.6875,15.375,21.5,#CF9D82,1,1099
243957,68.6875,32.875,-49.25,#B397FF,0,1099
244023,68.6875,92.375,-39.0,#FF46F0,0,1099
244034,68.6875,111.0,75.875,#FF0022,0,1099
244036,68.6875,113.875,39.375,#FF0069,0,1099
244060,68.75,-93.375,49.625,#00CA44,0,1100
244067,68.75,-80.375,-85.375,#00D0FF,0,1100
244070,68.75,-77.125,-17.75,#00C8C6,0,1100
244076,68.75,-66.375,42.5,#00C255,0,1100
244082,68.75,-61.5,19.0,#00C283,0,1100
244107,68.75,-28.75,64.375,#95B421,1,1100
244150,68.75,-2.875,-2.875,#9FAAAD,1,1100
244183,68.75,10.125,-41.25,#8BA6F2,1,1100
244204,68.75,19.5,78.25,#E59800,0,1100
244219,68.75,27.25,-67.5,#849EFF,0,1100
244270,68.75,58.25,20.125,#FF7787,0,1100
244281,68.75,62.625,107.25,#FF6D00,0,1100
244283,68.75,63.625,-22.875,#FF75D3,0,1100
244349,68.8125,-111.5,29.625,#00CF6E,0,1101
244359,68.8125,-95.625,111.625,#00CA00,0,1101
244368,68.8125,-87.5,102.5,#00C800,0,1101
244398,68.8125,-56.875,-85.625,#00C9FF,0,1101
244405,68.8125,-50.625,-66.5,#00C5FF,0,1101
244450,68.8125,-22.375,-107.375,#00C0FF,0,1101
244502,68.8125,3.25,-35.625,#83A9E8,1,1101
244565,68.8125,29.125,38.0,#EB9264,1,1101
244597,68.8125,51.5,2.0,#FD80A6,1,1101
244648,68.8125,105.75,-50.75,#FF0FFF,0,1101
244658,68.8125,121.5,20.375,#FF008A,0,1101
244674,68.875,-121.0,-63.5,#00D7FF,0,1102
244741,68.875,-50.375,-89.25,#00C8FF,0,1102
244790,68.875,-18.125,86.0,#ADAF00,0,1102
244859,68.875,7.875,7.25,#BCA39B,1,1102
244959,68.875,69.75,-38.625,#FF70EF,0,1102
244988,68.875,102.625,-101.875,#F347FF,0,1102
245018,68.9375,-101.125,5.5,#00CE9C,0,1103
245037,68.9375,-65.375,94.625,#44C200,0,1103
245046,68.9375,-53.875,-5.5,#00C1B1,0,1103
245050,68.9375,-46.5,-40.0,#00C1EF,0,1103
245051,68.9375,-46.5,26.875,#52BC76,1,1103
245060,68.9375,-38.375,53.125,#7EB840,1,1103
245087,68.9375,-18.625,-35.25,#2AB5E7,1,1103
245091,68.9375,-15.875,-112.125,#00BEFF,0,1103
245140,68.9375,0.125,-58.875,#26AEFF,0,1103
245216,68.9375,31.0,-103.625,#00A2FF,0,1103
245271,68.9375,61.375,2.625,#FF75A6,0,1103
245275,68.9375,64.25,-58.375,#E47BFF,0,1103
245283,68.9375,73.75,84.125,#FF5D00,0,1103
245292,68.9375,85.0,-65.25,#FF5FFF,0,1103
245323,68.9375,119.375,97.25,#FF0000,0,1103
245333,69.0,-117.375,46.375,#00D04B,0,1104
245334,69.0,-113.625,86.75,#00CE00,0,1104
245339,69.0,-100.375,21.25,#00CD7F,0,1104
245345,69.0,-90.875,75.875,#00C900,0,1104
245391,69.0,-33.5,95.125,#94B600,0,1104
245421,69.0,-20.5,16.0,#8CB28B,1,1104
245487,69.0,6.75,117.625,#D6A100,0,1104
245532,69.0,27.0,-53.5,#A09CFF,0,1104
245547,69.0,33.875,-70.0,#929AFF,0,1104
245552,69.0,41.0,26.125,#F8897B,1,1104
245561,69.0,46.625,-84.75,#9392FF,0,1104
245569,69.0,51.625,107.875,#FF7C00,0,1104
245578,69.0,60.5,8.75,#FF769B,0,1104
245583,69.0,66.625,55.375,#FF6A47,0,1104
245615,69.0,107.75,-32.0,#FF00E5,0,1104
245620,69.0,115.625,-103.5,#FF04FF,0,1104
245641,69.0625,-104.75,109.875,#00CD00,0,1105
245647,69.0625,-97.625,-64.75,#00D3FF,0,1105
245653,69.0625,-88.0,113.25,#00C800,0,1105
245674,69.0625,-60.25,-60.625,#00C8FF,0,1105
245687,69.0625,-45.125,-80.625,#00C5FF,0,1105
245689,69.0625,-43.75,95.0,#80BA00,0,1105
245692,69.0625,-42.625,-6.0,#00BDB2,0,1105
245694,69.0625,-41.125,-36.5,#00BFE9,0,1105
245710,69.0625,-25.0,57.25,#9BB338,1,1105
245717,69.0625,-21.875,-97.75,#00BFFF,0,1105
245795,69.0625,8.375,15.75,#C2A28D,1,1105
245801,69.0625,10.625,-115.375,#00B2FF,0,1105
245818,69.0625,14.75,47.5,#D99D51,1,1105
245836,69.0625,20.5,-7.625,#C89CB7,1,1105
245841,69.0625,23.0,24.5,#DE987E,1,1105
245867,69.0625,35.875,-20.625,#D892CF,1,1105
245884,69.0625,44.0,118.125,#FF8400,0,1105
245918,69.0625,72.125,-55.5,#F571FF,0,1105
245926,69.0625,80.375,11.5,#FF5798,0,1105
245931,69.0625,82.875,-38.75,#FF5CF0,0,1105
245953,69.0625,116.5,-128.0,#E32CFF,0,1105
245965,69.125,-122.375,21.375,#00D27E,0,1106
246018,69.125,-56.75,-39.125,#00C5EE,0,1106
246045,69.125,-36.0,-98.5,#00C5FF,0,1106
246064,69.125,-27.25,-115.875,#00C4FF,0,1106
246174,69.125,20.0,106.25,#E99800,0,1106
246199,69.125,34.0,-90.125,#4F9EFF,0,1106
246216,69.125,49.25,21.0,#FF8285,0,1106
246238,69.125,73.5,-29.75,#FF6AE0,0,1106
246239,69.125,75.25,-95.75,#C477FF,0,1106
246261,69.125,97.5,-75.125,#FF48FF,0,1106
246277,69.125,118.0,-75.625,#FF00FF,0,1106
246279,69.125,118.125,-11.375,#FF00C2,0,1106
246297,69.1875,-122.5,-36.875,#00D6E9,0,1107
246326,69.1875,-87.625,82.375,#00C900,0,1107
246347,69.1875,-70.875,-66.25,#00CCFF,0,1107
246367,69.1875,-52.0,15.375,#17C08B,1,1107
246415,69.1875,-16.5,-69.25,#00B9FF,0,1107
246429,69.1875,-8.625,-36.625,#5CB1EB,1,1107
246501,69.1875,17.25,12.625,#CF9D93,1,1107
246519,69.1875,26.25,-74.125,#6FA1FF,0,1107
246534,69.1875,31.875,-76.25,#7D9DFF,0,1107
246549,69.1875,39.75,-101.875,#159CFF,0,1107
246555,69.1875,42.25,63.25,#FF8732,0,1107
246575,69.1875,58.5,-40.625,#ED7FF3,1,1107
246583,69.1875,67.125,24.125,#FF6C81,0,1107
246588,69.1875,69.375,46.75,#FF6759,0,1107
246602,69.1875,84.875,33.375,#FF4B72,0,1107
246633,69.1875,117.25,107.0,#FF0000,0,1107
246643,69.1875,126.25,33.875,#FF0075,0,1107
246659,69.25,-96.625,90.75,#00CB00,0,1108
246672,69.25,-80.875,93.75,#00C700,0,1108
246693,69.25,-58.75,71.5,#53C100,0,1108
246697,69.25,-54.875,28.25,#2FC073,1,1108
246702,69.25,-50.0,32.125,#4EBE6C,1,1108
246724,69.25,-36.125,67.875,#8AB811,1,1108
246850,69.25,25.0,73.25,#EE9507,1,1108
246932,69.25,107.75,3.75,#FF00A7,0,1108
246937,69.25,116.125,61.375,#FF0044,0,1108
246938,69.25,116.5,-87.875,#FF00FF,0,1108
246941,69.25,122.0,-28.625,#FF00E0,0,1108
246948,69.3125,-116.875,24.875,#00D178,0,1109
246951,69.3125,-110.75,-20.625,#00D2CC,0,1109
246955,69.3125,-106.5,-32.125,#00D2E1,0,1109
246975,69.3125,-81.25,114.625,#00C700,0,1109
246984,69.3125,-69.375,24.875,#00C579,0,1109
246996,69.3125,-56.625,-11.875,#00C3BD,0,1109
247159,69.3125,22.75,-105.375,#00A9FF,0,1109
247223,69.3125,57.75,-110.625,#638FFF,0,1109
247245,69.3125,79.5,98.125,#FF5400,0,1109
247274,69.3125,111.875,-69.5,#FF00FF,0,1109
247288,69.375,-117.75,53.75,#00D13A,0,1110
247292,69.375,-112.625,50.625,#00D043,0,1110
247365,69.375,-26.875,106.5,#A2B400,0,1110
247381,69.375,-16.25,96.5,#B3AF00,0,1110
247420,69.375,1.75,-19.875,#98AACD,1,1110
247430,69.375,5.0,51.375,#CCA449,1,1110
247431,69.375,5.375,-4.125,#B0A7B1,1,1110
247483,69.375,27.625,46.875,#ED9455,1,1110
247494,69.375,34.5,34.75,#F38F6C,1,1110
247529,69.375,53.25,40.375,#FF7D63,0,1110
247555,69.375,74.75,43.25,#FF5F60,0,1110
247565,69.375,82.875,-32.125,#FF5BE5,0,1110
247583,69.375,111.625,-22.125,#FF00D5,0,1110
247595,69.4375,-107.625,54.75,#00CF38,0,1111
247607,69.4375,-85.875,-59.375,#00D0FF,0,1111
247614,69.4375,-68.5,15.0,#00C68C,0,1111
247636,69.4375,-44.375,-27.75,#00C0DB,0,1111
247696,69.4375,-15.375,-123.0,#00C2FF,0,1111
247730,69.4375,-2.75,46.375,#BFA953,1,1111
247741,69.4375,2.75,-77.875,#00B1FF,0,1111
247776,69.4375,16.25,-118.875,#00B1FF,0,1111
247796,69.4375,27.25,8.0,#DE979C,1,1111
247799,69.4375,28.625,-118.375,#00A9FF,0,1111
247805,69.4375,30.75,-124.25,#00A9FF,0,1111
247816,69.4375,37.5,12.75,#EF8E94,1,1111
247822,69.4375,40.5,19.625,#F78B88,1,1111
247853,69.4375,63.625,65.75,#FF6F31,0,1111
247857,69.4375,69.875,-119.5,#7286FF,0,1111
247868,69.4375,83.0,-52.75,#FF60FF,0,1111
247873,69.4375,88.75,-76.125,#FD5DFF,0,1111
247896,69.4375,114.0,119.375,#FF0000,0,1111
247898,69.4375,114.75,-29.375,#FF00E2,0,1111
247902,69.4375,118.75,44.75,#FF0062,0,1111
247910,69.5,-123.125,92.875,#00D200,0,1112
247912,69.5,-116.875,-28.875,#00D5DC,0,1112
247917,69.5,-112.125,-44.375,#00D5F8,0,1112
247918,69.5,-111.875,-38.125,#00D5ED,0,1112
247928,69.5,-86.75,25.375,#00CB78,0,1112
247952,69.5,-60.0,-97.75,#00CEFF,0,1112
247969,69.5,-45.625,18.125,#49BE87,1,1112
247993,69.5,-22.0,-82.25,#00BEFF,0,1112
248024,69.5,-8.25,-22.125,#7DB0D1,1,1112
248112,69.5,21.0,-82.625,#21A7FF,0,1112
248182,69.5,67.875,-49.875,#F576FF,0,1112
248183,69.5,70.625,-11.625,#FF6CC1,0,1112
248184,69.5,73.75,14.875,#FF6493,0,1112
248190,69.5,86.375,-112.0,#BF6EFF,0,1112
248193,69.5,93.75,30.5,#FF3279,0,1112
248195,69.5,97.625,24.375,#FF2184,0,1112
248199,69.5,100.75,107.375,#FF0000,0,1112
248216,69.5625,-128.0,-33.875,#00D8E5,0,1113
248222,69.5625,-103.25,14.0,#00D08E,0,1113
248242,69.5625,-72.875,39.875,#00C75D,0,1113
248247,69.5625,-68.875,-57.25,#00CCFF,0,1113
248250,69.5625,-68.25,57.625,#09C534,1,1113
248294,69.5625,-31.5,-1.75,#5ABAAC,1,1113
248311,69.5625,-21.25,-48.0,#00B9FF,0,1113
248323,69.5625,-16.125,-51.25,#00B7FF,0,1113
248395,69.5625,8.125,107.25,#DAA100,0,1113
248407,69.5625,12.375,-81.875,#00ACFF,0,1113
248441,69.5625,26.5,-2.5,#D799AF,1,1113
248456,69.5625,36.375,-6.25,#E491B6,1,1113
248458,69.5625,38.375,39.5,#FB8C64,1,1113
248463,69.5625,46.25,52.125,#FF844D,0,1113
248613,69.625,-33.375,-113.25,#00C8FF,0,1114
248635,69.625,-20.25,43.0,#A0B359,1,1114
248679,69.625,0.125,87.625,#CCA700,0,1114
248695,69.625,4.625,-97.125,#00B3FF,0,1114
248716,69.625,10.5,59.25,#D7A139,1,1114
248763,69.625,28.25,-38.125,#BA9BEF,1,1114
248813,69.625,70.0,-112.0,#9084FF,0,1114
248821,69.625,77.875,-88.125,#D973FF,0,1114
248856,69.625,118.125,26.625,#FF0082,0,1114
248871,69.6875,-107.5,46.75,#00D04D,0,1115
248894,69.6875,-73.75,50.625,#00C746,0,1115
248903,69.6875,-67.75,116.75,#42C400,0,1115
248926,69.6875,-53.25,60.125,#5EC02F,1,1115
248931,69.6875,-51.25,96.375,#71BF00,0,1115
248963,69.6875,-31.375,-50.125,#00BEFF,0,1115
249041,69.6875,1.375,-69.0,#00B1FF,0,1115
249064,69.6875,10.375,67.75,#D9A120,1,1115
249071,69.6875,13.5,-73.75,#2DAAFF,0,1115
249140,69.6875,50.375,-4.125,#FB84B3,1,1115
249147,69.6875,54.875,98.875,#FF7A00,0,1115
249150,69.6875,57.375,104.375,#FF7700,0,1115
249182,69.6875,99.625,-88.75,#FF4BFF,0,1115
249184,69.6875,103.0,-37.625,#FF21F1,0,1115
249208,69.75,-115.875,96.875,#00D100,0,1116
249218,69.75,-103.875,-1.625,#00D1AB,0,1116
249232,69.75,-82.625,0.75,#00CCA7,0,1116
249235,69.75,-81.875,84.25,#00C900,0,1116
249237,69.75,-80.25,-51.25,#00CFFF,0,1116
249257,69.75,-56.375,-75.625,#00CBFF,0,1116
249272,69.75,-45.75,107.125,#7FBD00,0,1116
249295,69.75,-22.375,25.125,#91B57C,1,1116
249307,69.75,-13.25,-4.25,#8AB2B2,1,1116
249354,69.75,2.375,59.125,#CBA638,1,1116
249383,69.75,11.0,35.25,#D1A26B,1,1116
249388,69.75,13.25,-33.375,#A1A5E7,1,1116
249429,69.75,37.125,-79.25,#879BFF,0,1116
249438,69.75,42.0,109.75,#FF8700,0,1116
249470,69.75,65.5,97.25,#FF6C00,0,1116
249478,69.75,73.0,118.5,#FF6100,0,1116
249489,69.75,84.25,-71.625,#FB64FF,0,1116
249498,69.75,95.75,-15.375,#FF38C9,0,1116
249510,69.75,106.375,32.375,#FF0077,0,1116
249511,69.75,107.0,-6.625,#FF00BA,0,1116
249512,69.75,107.0,101.375,#FF0000,0,1116
249525,69.75,124.0,-95.125,#FF00FF,0,1116
249526,69.75,126.125,72.5,#FF0031,0,1116
249529,69.75,127.0,-108.875,#FF00FF,0,1116
249532,69.8125,-122.25,8.125,#00D599,0,1117
249533,69.8125,-117.25,37.75,#00D360,0,1117
249541,69.8125,-96.875,-33.125,#00D2E5,0,1117
249545,69.8125,-93.0,37.125,#00CD62,0,1117
249586,69.8125,-45.375,69.0,#78BD09,1,1117
249608,69.8125,-27.375,118.875,#A3B500,0,1117
249742,69.8125,45.125,-53.5,#C990FF,0,1117
249752,69.8125,54.25,-22.25,#F682D4,1,1117
249759,69.8125,57.5,31.75,#FF7A74,0,1117
249768,69.8125,67.25,71.25,#FF6B24,0,1117
249770,69.8125,67.5,33.625,#FF6C72,0,1117
249815,69.8125,100.875,-123.125,#CB5AFF,0,1117
249837,69.875,-116.75,0.75,#00D4A7,0,1118
249905,69.875,-22.125,69.5,#A6B30F,1,1118
249906,69.875,-21.75,35.125,#99B469,1,1118
249920,69.875,-9.5,-80.75,#00B9FF,0,1118
249922,69.875,-9.375,-69.0,#00B7FF,0,1118
249934,69.875,-2.75,81.875,#C8A900,0,1118
249995,69.875,20.125,119.25,#EC9A00,0,1118
250052,69.875,47.75,-105.5,#4A98FF,0,1118
250064,69.875,53.25,12.375,#FF8097,0,1118
250093,69.875,78.625,-63.0,#FB6BFF,0,1118
250098,69.875,86.875,0.125,#FF4EAE,0,1118
250106,69.875,97.125,47.375,#FF215C,0,1118
250113,69.875,102.75,86.75,#FF0000,0,1118
250128,69.875,126.125,-124.75,#FF00FF,0,1118
250130,69.875,126.875,-77.875,#FF00FF,0,1118
250132,69.9375,-128.0,58.875,#00D42C,0,1119
250141,69.9375,-102.375,43.0,#00D056,0,1119
250208,69.9375,-16.625,62.375,#AEB12D,1,1119
250220,69.9375,-9.875,60.5,#B9AE34,1,1119
250230,69.9375,-8.75,75.75,#BEAD00,0,1119
250266,69.9375,3.25,97.75,#D3A600,0,1119
250319,69.9375,27.25,99.5,#F59500,0,1119
250365,69.9375,48.25,36.75,#FF846B,0,1119
250372,69.9375,52.375,-80.125,#AF8FFF,0,1119
250397,69.9375,67.25,-105.0,#9E86FF,0,1119
250427,69.9375,95.875,-53.75,#FF47FF,0,1119
250442,69.9375,123.125,120.25,#FF0000,0,1119
250459,70.0,-106.75,38.5,#00D15F,0,1120
250474,70.0,-75.25,12.625,#00CA92,0,1120
250475,70.0,-71.875,-27.25,#00CBDB,0,1120
250528,70.0,-30.75,39.5,#8AB861,1,1120
250540,70.0,-24.125,-9.0,#67B8BB,1,1120
250560,70.0,-12.875,-32.0,#5BB5E4,1,1120
250625,70.0,17.5,-38.0,#A5A4F0,1,1120
250657,70.0,27.5,-112.125,#00A9FF,0,1120
250693,70.0,52.25,-45.5,#E088FF,1,1120
250717,70.0,76.25,68.5,#FF5D2E,0,1120
250728,70.0,81.875,80.75,#FF5101,0,1120
250731,70.0,86.75,13.75,#FF4C97,0,1120
250741,70.0,97.375,62.75,#FF1D3F,0,1120
250751,70.0,107.5,18.875,#FF008F,0,1120
250787,70.0625,-98.25,54.625,#00CF3B,0,1121
250792,70.0625,-88.25,-37.0,#00D1ED,0,1121
250806,70.0625,-76.125,32.375,#00C96D,0,1121
250929,70.0625,0.375,-89.25,#00B5FF,0,1121
251033,70.0625,51.125,119.875,#FF7F00,0,1121
251066,70.0625,83.5,21.125,#FF538A,0,1121
251087,70.0625,121.375,88.625,#FF0000,0,1121
251091,70.0625,125.75,45.875,#FF0063,0,1121
251121,70.125,-69.75,-0.25,#00C9AA,0,1122
251142,70.125,-45.875,-50.375,#00C5FF,0,1122
251147,70.125,-43.25,77.125,#80BD00,0,1122
251219,70.125,-6.625,-118.5,#00BFFF,0,1122
251220,70.125,-6.625,2.5,#A1AFA7,1,1122
251247,70.125,2.75,-124.625,#00BBFF,0,1122
251347,70.125,50.0,76.25,#FF8108,0,1122
251383,70.125,73.875,-81.625,#DC78FF,0,1122
251395,70.125,90.5,-90.375,#F061FF,0,1122
251404,70.125,112.75,-97.125,#FF22FF,0,1122
251454,70.1875,-76.125,106.125,#00C800,0,1123
251457,70.1875,-74.75,-77.5,#00D2FF,0,1123
251468,70.1875,-62.5,-5.5,#00C7B4,0,1123
251474,70.1875,-55.625,118.5,#6AC200,0,1123
251482,70.1875,-52.25,87.0,#6EC100,0,1123
251495,70.1875,-33.0,-27.5,#00BEDC,0,1123
251497,70.1875,-31.5,55.125,#91B93F,1,1123
251503,70.1875,-26.5,87.0,#A3B600,0,1123
251522,70.1875,-16.25,-41.75,#12B8F7,1,1123
251549,70.1875,-2.25,30.75,#BBAB74,1,1123
251582,70.1875,11.125,81.125,#DEA100,0,1123
251600,70.1875,16.625,-3.0,#C7A1B1,1,1123
251638,70.1875,35.875,-60.625,#AC9AFF,0,1123
251643,70.1875,38.75,-52.0,#BF96FF,0,1123
251693,70.1875,80.875,74.375,#FF5420,0,1123
251719,70.1875,117.25,55.5,#FF0051,0,1123
251733,70.25,-106.375,25.0,#00D27B,0,1124
251735,70.25,-103.75,67.0,#00D009,0,1124
251742,70.25,-90.25,8.0,#00CF9B,0,1124
251759,70.25,-72.75,-91.875,#00D3FF,0,1124
251765,70.25,-69.375,-37.375,#00CCEE,0,1124
251769,70.25,-62.5,107.5,#56C400,0,1124
251771,70.25,-61.25,-16.75,#00C8C8,0,1124
251802,70.25,-33.625,12.125,#6BBC95,1,1124
251808,70.25,-28.875,24.125,#84B97F,1,1124
251825,70.25,-17.5,49.25,#A9B34E,1,1124
251843,70.25,-11.625,23.875,#A7B180,1,1124
251883,70.25,1.125,119.625,#D2A800,0,1124
251934,70.25,20.875,55.0,#E89B45,1,1124
251955,70.25,32.625,120.125,#FF9100,0,1124
251990,70.25,60.125,120.25,#FF7500,0,1124
251996,70.25,67.875,2.875,#FF70A9,0,1124
252006,70.25,74.625,56.5,#FF6149,0,1124
252022,70.25,87.625,55.375,#FF464D,0,1124
252030,70.25,98.5,-112.375,#DD5BFF,0,1124
252034,70.25,101.625,120.625,#FF0000,0,1124
252046,70.25,115.375,-17.125,#FF00CF,0,1124
252064,70.3125,-117.75,60.0,#00D42B,0,1125
252073,70.3125,-100.375,-77.125,#00D9FF,0,1125
252077,70.3125,-95.625,-10.5,#00D1BD,0,1125
252078,70.3125,-94.625,12.25,#00D093,0,1125
252080,70.3125,-91.125,-4.25,#00D0B1,0,1125
252094,70.3125,-76.375,1.375,#00CBA7,0,1125
252097,70.3125,-74.375,-54.875,#00CFFF,0,1125
252117,70.3125,-62.0,-51.125,#00CBFF,0,1125
252127,70.3125,-54.75,-55.75,#00C9FF,0,1125
252128,70.3125,-53.0,-103.0,#00CFFF,0,1125
252130,70.3125,-50.875,5.625,#00C3A0,0,1125
252137,70.3125,-44.25,-72.375,#00C8FF,0,1125
252186,70.3125,-18.625,78.625,#AFB300,0,1125
252225,70.3125,-4.375,-108.25,#00BCFF,0,1125
252226,70.3125,-4.125,11.375,#ADAD97,1,1125
252237,70.3125,-0.5,65.625,#CAA927,1,1125
252242,70.3125,0.75,-102.25,#00B8FF,0,1125
252252,70.3125,2.25,-49.0,#66AFFF,0,1125
252256,70.3125,2.5,76.5,#D1A700,0,1125
252291,70.3125,15.375,-26.75,#B0A5DC,1,1125
252321,70.3125,32.875,19.75,#EE948A,1,1125
252330,70.3125,36.75,81.375,#FF8E00,0,1125
252358,70.3125,58.625,52.625,#FF784F,0,1125
252367,70.3125,65.5,82.75,#FF6E00,0,1125
252376,70.3125,72.75,97.375,#FF6300,0,1125
252391,70.3125,90.25,72.125,#FF3D29,0,1125
252395,70.3125,96.75,78.0,#FF211A,0,1125
252396,70.3125,97.375,-21.25,#FF37D5,0,1125
252408,70.3125,113.0,-55.0,#FF00FF,0,1125
252411,70.3125,115.5,-109.375,#FF22FF,0,1125
252425,70.375,-128.0,15.25,#00D78D,0,1126
252435,70.375,-113.875,-69.875,#00DBFF,0,1126
252443,70.375,-90.875,-28.375,#00D2DE,0,1126
252447,70.375,-84.25,-73.0,#00D4FF,0,1126
252473,70.375,-57.25,7.0,#00C59E,0,1126
252493,70.375,-42.75,34.75,#6BBF6A,1,1126
252503,70.375,-36.375,-5.625,#3FBEB5,1,1126
252516,70.375,-28.0,-94.25,#00C4FF,0,1126
252536,70.375,-14.0,-102.75,#00C0FF,0,1126
252650,70.375,34.25,44.5,#F9925C,1,1126
252652,70.375,36.5,50.5,#FD8F51,1,1126
252671,70.375,50.375,-112.875,#1799FF,0,1126
252682,70.375,56.5,-91.0,#A48EFF,0,1126
252716,70.375,86.75,89.625,#FF4700,0,1126
252722,70.375,90.375,-58.875,#FF57FF,0,1126
252727,70.375,95.125,-128.0,#B169FF,0,1126
252733,70.375,102.375,56.25,#FF004E,0,1126
252738,70.375,114.375,8.125,#FF00A3,0,1126
252746,70.4375,-128.0,-8.5,#00D9B9,0,1127
252758,70.4375,-110.875,-59.5,#00D9FF,0,1127
252793,70.4375,-72.5,-45.75,#00CEFE,0,1127
252899,70.4375,0.875,-2.625,#ACACB1,1,1127
252916,70.4375,6.25,-28.5,#9AABE0,1,1127
252922,70.4375,8.875,95.5,#DDA300,0,1127
252934,70.4375,13.375,7.75,#CAA39F,1,1127
252939,70.4375,14.875,-96.5,#00AFFF,0,1127
252948,70.4375,20.875,-98.0,#00ACFF,0,1127
252962,70.4375,29.25,-59.875,#9EA0FF,0,1127
253034,70.4375,94.0,-101.5,#E760FF,0,1127
253042,70.4375,104.875,-12.25,#FF00C6,0,1127
253051,70.4375,121.125,65.25,#FF0040,0,1127
253141,70.5,-46.75,-93.875,#00CCFF,0,1128
253253,70.5,13.375,88.125,#E3A100,0,1128
253292,70.5,33.75,-41.125,#C49AF8,1,1128
253307,70.5,44.25,-47.0,#D192FF,0,1128
253317,70.5,50.25,57.5,#FF8244,0,1128
253361,70.5,117.125,77.0,#FF0026,0,1128
253371,70.5625,-128.0,6.125,#00D89E,0,1129
253374,70.5625,-128.0,104.875,#00D600,0,1129
253403,70.5625,-86.875,-15.75,#00D0C7,0,1129
253448,70.5625,-41.375,-63.25,#00C6FF,0,1129
253453,70.5625,-37.0,-19.75,#00C0CF,0,1129
253455,70.5625,-36.25,87.625,#92BB00,0,1129
253478,70.5625,-25.0,-68.25,#00C0FF,0,1129
253523,70.5625,-7.0,-63.25,#00B7FF,0,1129
253551,70.5625,5.0,-112.625,#00B9FF,0,1129
253594,70.5625,17.875,41.875,#E19F61,1,1129
253649,70.5625,47.75,-91.75,#8997FF,0,1129
253661,70.5625,54.375,46.5,#FF7E5B,0,1129
253686,70.5625,82.125,-123.25,#987BFF,0,1129
253715,70.5625,111.375,-113.875,#F73BFF,0,1129
253725,70.5625,122.375,39.375,#FF006F,0,1129
253727,70.625,-128.0,-62.25,#00DDFF,0,1130
253728,70.625,-128.0,-20.125,#00DACF,0,1130
253729,70.625,-123.0,71.75,#00D500,0,1130
253738,70.625,-105.375,-8.875,#00D4BA,0,1130
253792,70.625,-41.375,4.0,#41C0A4,1,1130
253805,70.625,-33.75,120.125,#9ABA00,0,1130
253810,70.625,-31.625,-39.125,#00C0F3,0,1130
253844,70.625,-14.25,-75.75,#00BCFF,0,1130
253849,70.625,-12.5,89.0,#BCB000,0,1130
253928,70.625,14.875,-48.0,#90A8FF,0,1130
253931,70.625,15.125,97.75,#E7A000,0,1130
253949,70.625,21.75,35.0,#E49D6E,1,1130
253994,70.625,40.25,86.5,#FF8C00,0,1130
253998,70.625,42.5,-26.5,#E291DE,1,1130
254004,70.625,48.25,-126.75,#009FFF,0,1130
254006,70.625,49.375,88.0,#FF8300,0,1130
254036,70.625,71.875,-2.5,#FF6CB4,0,1130
254037,70.625,72.5,-45.25,#FF72FF,0,1130
254051,70.625,89.875,84.5,#FF3F00,0,1130
254086,70.625,126.625,60.375,#FF004A,0,1130
254094,70.6875,-101.0,-52.875,#00D7FF,0,1131
254106,70.6875,-71.75,63.125,#00C926,0,1131
254131,70.6875,-49.125,43.75,#61C259,1,1131
254144,70.6875,-39.75,-111.25,#00CDFF,0,1131
254148,70.6875,-36.125,-56.125,#00C3FF,0,1131
254192,70.6875,-5.5,-55.125,#14B5FF,0,1131
254262,70.6875,21.5,-126.25,#00B2FF,0,1131
254269,70.6875,24.875,-20.0,#CA9ED2,1,1131
254284,70.6875,33.75,61.875,#FD9238,1,1131
254312,70.6875,52.5,-31.875,#EF88E8,1,1131
254321,70.6875,61.875,-28.75,#FF7DE2,0,1131
254343,70.6875,84.125,-104.5,#CD72FF,0,1131
254346,70.6875,87.5,121.125,#FF4500,0,1131
254357,70.6875,101.25,-63.5,#FF3EFF,0,1131
254372,70.6875,114.75,89.125,#FF0000,0,1131
254373,70.6875,115.375,-82.125,#FF00FF,0,1131
254381,70.6875,123.375,-50.375,#FF00FF,0,1131
254387,70.75,-122.5,32.25,#00D76D,0,1132
254396,70.75,-110.5,111.25,#00D300,0,1132
254414,70.75,-88.5,-47.875,#00D4FF,0,1132
254429,70.75,-68.5,-82.0,#00D2FF,0,1132
254437,70.75,-58.75,65.125,#54C520,1,1132
254438,70.75,-58.25,53.125,#4BC544,1,1132
254452,70.75,-41.375,-45.625,#00C5FF,0,1132
254456,70.75,-39.375,108.75,#8FBD00,0,1132
254509,70.75,-7.625,42.375,#B9AF5E,1,1132
254586,70.75,12.875,120.375,#E5A100,0,1132
254611,70.75,29.75,26.25,#ED977F,1,1132
254640,70.75,48.0,-98.125,#7599FF,0,1132
254668,70.75,72.75,-72.0,#E978FF,0,1132
254673,70.75,77.75,37.125,#FF5F6F,0,1132
254701,70.75,121.0,-114.625,#FF00FF,0,1132
254715,70.8125,-104.625,-17.375,#00D5CA,0,1133
254792,70.8125,-32.0,-69.25,#00C4FF,0,1133
254796,70.8125,-31.5,-80.25,#00C5FF,0,1133
254832,70.8125,-18.5,-87.875,#00C1FF,0,1133
254838,70.8125,-16.5,28.25,#A2B479,1,1133
254880,70.8125,4.875,37.5,#CCA869,1,1133
254888,70.8125,7.375,-10.625,#B2AAC1,1,1133
254896,70.8125,8.75,-128.0,#00BAFF,0,1133
254900,70.8125,10.375,-89.875,#00B2FF,0,1133
254972,70.8125,41.875,-71.125,#AA99FF,0,1133
254974,70.8125,43.875,76.0,#FF890A,0,1133
255029,70.8125,88.875,102.875,#FF4200,0,1133
255057,70.8125,123.25,-34.875,#FF00F0,0,1133
255058,70.8125,124.625,-102.125,#FF00FF,0,1133
255087,70.875,-79.0,-29.875,#00D0E2,0,1134
255097,70.875,-70.5,97.75,#36C900,0,1134
255105,70.875,-64.75,-72.25,#00D0FF,0,1134
255130,70.875,-50.375,79.0,#72C200,0,1134
255140,70.875,-44.75,119.75,#86BF00,0,1134
255180,70.875,-17.375,-20.5,#69B8D2,1,1134
255200,70.875,-7.125,-29.25,#78B4E2,1,1134
255296,70.875,24.375,-92.75,#00AAFF,0,1134
255339,70.875,54.25,69.125,#FF7E2A,0,1134
255343,70.875,57.125,-116.5,#4295FF,0,1134
255354,70.875,66.625,-93.125,#BB86FF,0,1134
255368,70.875,79.75,-17.25,#FF63CF,0,1134
255369,70.875,80.25,60.0,#FF5944,0,1134
255390,70.875,111.5,45.875,#FF0063,0,1134
255399,70.875,127.0,-20.625,#FF00D7,0,1134
255402,70.9375,-122.25,-10.25,#00D9BD,0,1135
255404,70.9375,-116.5,-8.5,#00D8BA,0,1135
255406,70.9375,-110.375,-4.25,#00D6B3,0,1135
255409,70.9375,-104.25,-63.625,#00DAFF,0,1135
255415,70.9375,-94.875,67.0,#00D010,0,1135
255418,70.9375,-93.25,84.0,#00CF00,0,1135
255419,70.9375,-90.25,63.125,#00CF24,0,1135
255426,70.9375,-81.125,47.625,#00CD4F,0,1135
255435,70.9375,-66.875,49.875,#0DC84B,1,1135
255441,70.9375,-60.5,-43.5,#00CCFB,0,1135
255442,70.9375,-58.625,-0.375,#00C8AD,0,1135
255502,70.9375,-11.375,109.5,#C1B000,0,1135
255510,70.9375,-7.5,50.125,#BCAF4F,1,1135
255514,70.9375,-5.75,120.875,#CAAD00,0,1135
255517,70.9375,-5.125,-43.125,#5DB4FC,1,1135
255567,70.9375,15.625,111.0,#E9A000,0,1135
255568,70.9375,16.375,72.625,#E7A011,1,1135
255571,70.9375,18.625,-13.125,#C5A3C6,1,1135
255577,70.9375,21.125,6.0,#D7A0A4,1,1135
255586,70.9375,24.875,110.625,#F69900,0,1135
255610,70.9375,38.125,-34.5,#D496ED,1,1135
255621,70.9375,47.125,-119.0,#009FFF,0,1135
255648,70.9375,75.125,107.25,#FF6100,0,1135
255651,70.9375,77.625,-6.5,#FF65BC,0,1135
255658,70.9375,83.375,-46.375,#FF63FF,0,1135
255664,70.9375,86.75,-83.75,#F568FF,0,1135
255671,70.9375,90.375,48.5,#FF425C,0,1135
255684,70.9375,122.75,-85.5,#FF00FF,0,1135
255685,70.9375,126.75,99.25,#FF0000,0,1135
255727,71.0,-50.0,-11.125,#00C6C1,0,1136
255729,71.0,-48.375,-34.0,#00C7EA,0,1136
255743,71.0,-35.75,23.125,#74BE82,1,1136
255775,71.0,-11.625,-59.375,#00BAFF,0,1136
255872,71.0,29.0,53.0,#F5974C,1,1136
255942,71.0,82.25,-25.75,#FF60DF,0,1136
255944,71.0,85.375,-98.25,#DC6FFF,0,1136
255961,71.0,101.375,18.625,#FF1592,0,1136
255994,71.0625,-111.125,100.75,#00D400,0,1137
256000,71.0625,-102.125,92.5,#00D200,0,1137
256004,71.0625,-94.625,-56.75,#00D7FF,0,1137
256011,71.0625,-84.375,36.75,#00CE66,0,1137
256022,71.0625,-74.375,20.0,#00CC87,0,1137
256068,71.0625,-36.75,59.0,#8ABD38,1,1137
256142,71.0625,-0.625,2.75,#AFAEA9,1,1137
256227,71.0625,36.75,98.375,#FF9000,0,1137
256274,71.0625,62.875,-16.375,#FF7BCD,0,1137
256308,71.0625,97.5,-28.125,#FF3DE4,0,1137
256311,71.0625,101.875,4.5,#FF19AA,0,1137
256312,71.0625,104.875,66.875,#FF003B,0,1137
256314,71.0625,106.25,-117.375,#E74FFF,0,1137
256316,71.0625,111.75,-77.25,#FF16FF,0,1137
256318,71.0625,112.125,111.5,#FF0000,0,1137
256322,71.0625,114.75,33.625,#FF0079,0,1137
256331,71.0625,120.625,-40.5,#FF00FB,0,1137
256332,71.0625,120.75,-61.625,#FF00FF,0,1137
256338,71.0625,126.75,-2.0,#FF00B7,0,1137
256339,71.125,-128.0,27.5,#00D977,0,1138
256356,71.125,-86.125,96.25,#00CE00,0,1138
256364,71.125,-65.25,30.0,#00C974,0,1138
256375,71.125,-51.25,109.25,#77C300,0,1138
256395,71.125,-38.75,-76.0,#00C8FF,0,1138
256483,71.125,4.375,-41.75,#81AFFA,1,1138
256565,71.125,47.875,-23.625,#EF8DDA,1,1138
256576,71.125,55.75,-12.125,#FF83C6,0,1138
256593,71.125,78.625,121.625,#FF5B00,0,1138
256614,71.125,95.625,110.625,#FF2B00,0,1138
256619,71.125,97.125,37.25,#FF2C71,0,1138
256624,71.125,101.5,114.5,#FF0000,0,1138
256638,71.125,111.625,-122.75,#E944FF,0,1138
256644,71.125,121.25,82.5,#FF001A,0,1138
256650,71.1875,-128.0,-48.875,#00DEFF,0,1139
256665,71.1875,-101.75,-37.5,#00D7F1,0,1139
256676,71.1875,-83.25,-24.75,#00D2D9,0,1139
256710,71.1875,-42.0,-85.75,#00CBFF,0,1139
256717,71.1875,-37.25,78.75,#90BE00,0,1139
256757,71.1875,-14.625,11.875,#9BB598,1,1139
256782,71.1875,-4.0,-85.25,#00BAFF,0,1139
256818,71.1875,7.75,-67.875,#33B1FF,0,1139
256853,71.1875,20.375,-66.375,#78A9FF,0,1139
256888,71.1875,40.75,-13.625,#EB92C8,1,1139
256920,71.1875,67.75,-127.75,#378FFF,0,1139
256940,71.1875,89.25,6.5,#FF4CA7,0,1139
256951,71.1875,114.5,68.25,#FF003A,0,1139
257020,71.25,-55.625,20.5,#16C787,1,1140
257051,71.25,-19.875,-56.0,#00BEFF,0,1140
257131,71.25,16.875,62.375,#E6A136,1,1140
257152,71.25,26.375,92.25,#F89900,0,1140
257191,71.25,56.25,115.75,#FF7C00,0,1140
257193,71.25,56.875,-65.375,#D58BFF,0,1140
257222,71.25,80.125,110.625,#FF5900,0,1140
257239,71.25,102.875,-77.75,#FF43FF,0,1140
257246,71.25,121.125,14.75,#FF009A,0,1140
257260,71.3125,-118.25,76.375,#00D600,0,1141
257319,71.3125,-41.5,13.5,#57C295,1,1141
257378,71.3125,-6.25,-15.625,#91B3CB,1,1141
257405,71.3125,2.75,104.125,#D7A900,0,1141
257410,71.3125,4.375,19.25,#C4AB8C,1,1141
257478,71.3125,36.875,-95.25,#4EA3FF,0,1141
257484,71.3125,39.0,121.875,#FF8E00,0,1141
257496,71.3125,46.5,99.25,#FF8700,0,1141
257516,71.3125,60.625,26.625,#FF7A82,0,1141
257520,71.3125,63.625,14.125,#FF7898,0,1141
257530,71.3125,68.875,112.75,#FF6C00,0,1141
257534,71.3125,73.25,73.625,#FF6623,0,1141
257543,71.3125,85.25,-20.0,#FF5AD5,0,1141
257550,71.3125,96.625,53.25,#FF2C55,0,1141
257551,71.3125,96.875,-4.25,#FF38BA,0,1141
257563,71.3125,107.625,122.375,#FF0000,0,1141
257585,71.375,-107.625,-50.625,#00DAFF,0,1142
257626,71.375,-46.25,-108.625,#00D1FF,0,1142
257750,71.375,20.5,-76.0,#57ABFF,0,1142
257802,71.375,44.75,1.75,#FB8EAD,1,1142
257835,71.375,78.0,-117.875,#9F81FF,0,1142
257859,71.375,105.25,93.75,#FF0000,0,1142
257872,71.375,121.125,-69.625,#FF00FF,0,1142
257884,71.4375,-122.375,-25.0,#00DCDA,0,1143
257886,71.4375,-121.375,109.125,#00D700,0,1143
257887,71.4375,-118.0,67.0,#00D70E,0,1143
257895,71.4375,-95.875,24.75,#00D37E,0,1143
257922,71.4375,-57.625,83.625,#62C600,0,1143
257931,71.4375,-45.25,48.375,#72C251,1,1143
257936,71.4375,-37.875,99.125,#93BE00,0,1143
257953,71.4375,-28.0,99.125,#A5BA00,0,1143
257972,71.4375,-14.0,4.375,#96B6A7,1,1143
257981,71.4375,-9.25,-50.25,#21B9FF,0,1143
258044,71.4375,15.5,-125.375,#00B8FF,0,1143
258058,71.4375,24.125,-44.25,#AFA4FF,0,1143
258085,71.4375,35.625,-128.0,#00ABFF,0,1143
258099,71.4375,43.875,-37.25,#DD93F3,1,1143
258113,71.4375,55.625,-128.0,#009BFF,0,1143
258114,71.4375,55.875,91.875,#FF7E00,0,1143
258125,71.4375,63.0,-37.25,#FE7FF4,1,1143
258139,71.4375,84.375,27.25,#FF5583,0,1143
258149,71.4375,92.375,-48.5,#FF53FF,0,1143
258155,71.4375,98.125,-69.5,#FF4DFF,0,1143
258158,71.4375,99.875,-95.75,#FE54FF,0,1143
258166,71.4375,108.25,84.375,#FF000A,0,1143
258168,71.4375,110.625,-43.5,#FF00FF,0,1143
258196,71.5,-107.0,-75.5,#00DDFF,0,1144
258200,71.5,-97.625,-44.625,#00D8FF,0,1144
258201,71.5,-95.25,105.625,#00D100,0,1144
258222,71.5,-64.375,88.5,#4FC900,0,1144
258232,71.5,-54.375,-17.625,#00C9CE,0,1144
258236,71.5,-51.25,66.375,#6DC41F,1,1144
258330,71.5,-2.5,-75.25,#00B9FF,0,1144
258393,71.5,20.5,49.0,#E99F55,1,1144
258412,71.5,30.75,-11.625,#DD9BC5,1,1144
258420,71.5,34.75,-114.25,#00A9FF,0,1144
258435,71.5,46.375,10.625,#FF8C9E,0,1144
258445,71.5,54.125,-106.125,#7197FF,0,1144
258455,71.5,62.625,-52.0,#F083FF,0,1144
258458,71.5,65.0,89.375,#FF7200,0,1144
258459,71.5,66.125,-8.125,#FF77C0,0,1144
258478,71.5,82.125,-78.375,#F56FFF,0,1144
258486,71.5,94.75,122.625,#FF3100,0,1144
258548,71.5625,-71.75,88.5,#2DCB00,0,1145
258564,71.5625,-58.25,99.125,#65C700,0,1145
258602,71.5625,-25.125,-52.125,#00C1FF,0,1145
258609,71.5625,-21.25,-112.625,#00C8FF,0,1145
258613,71.5625,-18.125,-13.375,#76BAC7,1,1145
258675,71.5625,10.25,-107.625,#00B7FF,0,1145
258704,71.5625,23.375,14.125,#E19F97,1,1145
258713,71.5625,30.875,109.75,#FF9600,0,1145
258749,71.5625,53.0,-53.375,#DD8DFF,0,1145
258793,71.5625,88.75,-27.625,#FF56E4,0,1145
258795,71.5625,90.25,-12.625,#FF4FC9,0,1145
258797,71.5625,92.125,-64.875,#FF59FF,0,1145
258800,71.5625,97.25,89.375,#FF2700,0,1145
258801,71.5625,98.125,101.375,#FF2100,0,1145
258808,71.5625,105.375,-86.75,#FF41FF,0,1145
258818,71.5625,118.875,-98.5,#FF00FF,0,1145
258845,71.625,-104.125,74.125,#00D400,0,1146
258864,71.625,-86.0,-86.75,#00DAFF,0,1146
258873,71.625,-80.75,10.125,#00D09B,0,1146
258876,71.625,-79.0,-90.5,#00D9FF,0,1146
258883,71.625,-75.375,-5.125,#00CFB7,0,1146
258932,71.625,-37.625,39.875,#7FC064,1,1146
258955,71.625,-26.25,11.125,#81BC9A,1,1146
258966,71.625,-20.625,109.375,#B4B700,0,1146
258994,71.625,-11.75,32.125,#AFB474,1,1146
259023,71.625,-1.5,40.125,#C5AE65,1,1146
259075,71.625,12.75,1.375,#C8A7AD,1,1146
259106,71.625,32.125,-0.75,#E79AB2,1,1146
259109,71.625,36.25,74.375,#FF9214,0,1146
259209,71.6875,-90.875,-71.625,#00DAFF,0,1147
259215,71.6875,-81.75,20.875,#00D087,0,1147
259219,71.6875,-76.0,-40.5,#00D2F8,0,1147
259224,71.6875,-66.0,4.5,#00CCA6,0,1147
259225,71.6875,-65.625,-98.0,#00D6FF,0,1147
259237,71.6875,-50.0,37.75,#5CC567,1,1147
259290,71.6875,-15.75,122.25,#BDB500,0,1147
259297,71.6875,-12.5,-118.0,#00C5FF,0,1147
259314,71.6875,-4.0,58.375,#C7AF3F,1,1147
259323,71.6875,-0.625,-11.625,#A3B1C5,1,1147
259422,71.6875,38.25,3.625,#F394AB,1,1147
259433,71.6875,46.125,42.75,#FF8A64,0,1147
259442,71.6875,53.375,24.875,#FF8485,0,1147
259445,71.6875,56.5,-0.125,#FF83B2,0,1147
259491,71.6875,95.375,-121.25,#C86AFF,0,1147
259508,71.6875,117.875,2.75,#FF00B0,0,1147
259514,71.6875,122.25,110.125,#FF0000,0,1147
259516,71.6875,125.875,27.125,#FF0087,0,1147
259524,71.75,-106.75,32.625,#00D670,0,1148
259525,71.75,-106.375,-26.625,#00D9DE,0,1148
259526,71.75,-106.25,4.0,#00D7A6,0,1148
259527,71.75,-105.25,103.625,#00D500,0,1148
259536,71.75,-97.0,30.75,#00D474,0,1148
259538,71.75,-96.125,-24.375,#00D7DA,0,1148
259542,71.75,-92.75,-83.25,#00DCFF,0,1148
259555,71.75,-78.625,67.625,#00CE15,0,1148
259558,71.75,-75.5,73.5,#00CD00,0,1148
259560,71.75,-73.125,119.625,#33CC00,0,1148
259577,71.75,-59.75,42.5,#3BC95D,1,1148
259580,71.75,-58.0,13.625,#00C995,0,1148
259591,71.75,-49.25,55.75,#6DC441,1,1148
259592,71.75,-48.75,-60.875,#00CCFF,0,1148
259598,71.75,-43.875,89.375,#86C200,0,1148
259632,71.75,-27.0,80.375,#A5BB00,0,1148
259635,71.75,-25.625,-27.625,#2DBFE1,1,1148
259664,71.75,-8.0,-6.625,#99B5BB,1,1148
259707,71.75,6.5,-82.375,#00B5FF,0,1148
259733,71.75,17.0,-90.625,#00B1FF,0,1148
259747,71.75,21.5,99.75,#F39E00,0,1148
259843,71.75,88.625,-33.625,#FF58EF,0,1148
259859,71.75,103.25,-23.625,#FF26DE,0,1148
259861,71.75,107.0,50.75,#FF005C,0,1148
259867,71.75,111.75,-11.875,#FF00C9,0,1148
259869,71.75,113.375,100.375,#FF0000,0,1148
259909,71.8125,-55.75,-67.5,#00CFFF,0,1149
259912,71.8125,-54.625,47.875,#57C753,1,1149
259926,71.8125,-42.0,-55.625,#00C9FF,0,1149
259935,71.8125,-31.0,110.375,#A2BC00,0,1149
259936,71.8125,-29.25,71.75,#9FBC07,1,1149
259937,71.8125,-29.125,49.625,#98BC50,1,1149
259941,71.8125,-25.25,-60.875,#00C3FF,0,1149
259971,71.8125,-9.0,81.625,#C4B200,0,1149
260007,71.8125,4.875,1.625,#BAADAD,1,1149
260016,71.8125,6.125,-18.5,#AAAED2,1,1149
260036,71.8125,13.0,-11.0,#BFA9C4,1,1149
260052,71.8125,17.625,83.875,#EDA100,0,1149
260102,71.8125,44.625,31.75,#FF8D79,0,1149
260116,71.8125,55.5,79.0,#FF7F02,0,1149
260137,71.8125,74.5,25.625,#FF6986,0,1149
260139,71.8125,78.375,31.0,#FF617C,0,1149
260153,71.8125,97.5,11.375,#FF34A0,0,1149
260160,71.8125,117.0,-5.875,#FF00BF,0,1149
260167,71.8125,127.0,8.25,#FF00A7,0,1149
260184,71.875,-89.0,45.25,#00D257,0,1150
260188,71.875,-79.25,-65.5,#00D6FF,0,1150
260205,71.875,-65.125,74.75,#46CA00,0,1150
260267,71.875,-17.0,72.125,#B5B60B,1,1150
260332,71.875,16.5,-112.875,#00B6FF,0,1150
260378,71.875,40.625,-64.625,#B59BFF,0,1150
260380,71.875,42.25,104.0,#FF8D00,0,1150
260408,71.875,63.5,-114.875,#7691FF,0,1150
260409,71.875,64.125,44.875,#FF7662,0,1150
260411,71.875,65.75,122.375,#FF7200,0,1150
260462,71.875,119.375,-121.5,#FF26FF,0,1150
260467,71.875,126.75,20.375,#FF0093,0,1150
260482,71.9375,-97.25,116.5,#00D300,0,1151
260487,71.9375,-89.0,107.5,#00D100,0,1151
260505,71.9375,-70.375,-19.625,#00D0D2,0,1151
260514,71.9375,-61.875,-87.125,#00D4FF,0,1151
260521,71.9375,-55.75,-90.75,#00D3FF,0,1151
260524,71.9375,-52.75,-80.25,#00D0FF,0,1151
260542,71.9375,-42.625,-17.5,#00C6CF,0,1151
260657,71.9375,9.375,-61.5,#60B1FF,0,1151
260695,71.9375,25.25,79.625,#F79C00,0,1151
260716,71.9375,35.25,-120.625,#00ABFF,0,1151
260757,71.9375,60.0,-83.375,#C18DFF,0,1151
260764,71.9375,63.625,77.125,#FF7615,0,1151
260778,71.9375,77.25,-34.75,#FF6DF1,0,1151
260799,71.9375,106.5,-105.625,#FF4BFF,0,1151
260803,71.9375,111.625,13.75,#FF009D,0,1151
260818,72.0,-122.625,-53.875,#00E0FF,0,1152
260820,72.0,-118.25,84.125,#00D800,0,1152
260831,72.0,-94.875,3.375,#00D5A8,0,1152
260919,72.0,-5.75,-102.375,#00C0FF,0,1152
260935,72.0,-2.125,-36.5,#7BB5F3,1,1152
260936,72.0,-1.75,-114.0,#00C0FF,0,1152
260959,72.0,4.5,9.0,#C0ADA0,1,1152
260960,72.0,4.625,28.75,#CBAC7C,1,1152
261007,72.0,25.875,122.875,#FB9B00,0,1152
261019,72.0,31.5,70.5,#FF9724,0,1152
261049,72.0,49.125,-60.625,#CE93FF,0,1152
261050,72.0,49.25,-73.625,#BA96FF,0,1152
261055,72.0,53.25,-39.5,#ED8CF9,1,1152
261066,72.0,60.375,40.0,#FF7C6B,0,1152
261085,72.0,78.25,-41.875,#FF6DFF,0,1152
261096,72.0,91.75,61.0,#FF4147,0,1152
261100,72.0,95.875,68.375,#FF3238,0,1152
261115,72.0,114.125,-61.0,#FF00FF,0,1152
261121,72.0,118.375,123.75,#FF0000,0,1152
261125,72.0625,-117.75,-58.25,#00DFFF,0,1153
261129,72.0625,-111.25,21.75,#00D985,0,1153
261146,72.0625,-81.625,108.5,#00CF00,0,1153
261158,72.0625,-73.0,79.125,#1CCD00,0,1153
261194,72.0625,-33.75,-105.0,#00CDFF,0,1153
261202,72.0625,-25.375,-121.375,#00CDFF,0,1153
261229,72.0625,-12.0,-108.375,#00C4FF,0,1153
261248,72.0625,-4.625,-128.0,#00C5FF,0,1153
261282,72.0625,9.75,20.875,#D0A98B,1,1153
261318,72.0625,27.25,-85.875,#4EAAFF,0,1153
261323,72.0625,31.875,11.25,#EE9A9E,1,1153
261359,72.0625,63.75,-68.125,#E186FF,0,1153
261372,72.0625,74.875,-123.625,#8288FF,0,1153
261386,72.0625,86.0,112.75,#FF4F00,0,1153
261391,72.0625,88.375,39.625,#FF4D6E,0,1153
261403,72.0625,104.625,39.875,#FF0070,0,1153
261440,72.125,-83.125,-42.25,#00D6FC,0,1154
261469,72.125,-39.75,-94.25,#00CEFF,0,1154
261487,72.125,-20.375,100.375,#B5B800,0,1154
261491,72.125,-18.25,-0.5,#89BBB1,1,1154
261505,72.125,-11.875,68.875,#BEB420,1,1154
261511,72.125,-9.875,101.125,#C6B300,0,1154
261532,72.125,-0.75,24.375,#C0B084,1,1154
261553,72.125,6.0,123.125,#DFA900,0,1154
261586,72.125,19.625,-31.375,#B8A7EA,1,1154
261617,72.125,34.125,87.375,#FF9500,0,1154
261649,72.125,58.25,-47.0,#EF88FF,0,1154
261653,72.125,63.375,20.25,#FF7A8F,0,1154
261664,72.125,70.375,-25.375,#FF76E1,0,1154
261675,72.125,83.25,5.5,#FF5DAA,0,1154
261695,72.125,108.375,-17.125,#FF00D4,0,1154
261714,72.1875,-122.125,-0.625,#00DCAF,0,1155
261715,72.1875,-121.0,-68.625,#00E2FF,0,1155
261732,72.1875,-89.75,118.375,#00D200,0,1155
261759,72.1875,-61.75,58.125,#47CA3B,1,1155
261765,72.1875,-59.25,32.875,#2BCA72,1,1155
261954,72.1875,45.0,123.5,#FF8B00,0,1155
261975,72.1875,60.75,70.75,#FF7A2B,0,1155
261986,72.1875,72.875,-60.75,#FB7AFF,0,1155
261989,72.1875,75.625,6.75,#FF6AA8,0,1155
261995,72.1875,84.75,-7.75,#FF5CC2,0,1155
262033,72.1875,126.625,-41.625,#FF00FF,0,1155
262037,72.25,-122.75,51.75,#00DB47,0,1156
262057,72.25,-78.375,-13.0,#00D3C7,0,1156
262102,72.25,-45.125,100.25,#87C400,0,1156
262107,72.25,-39.5,72.125,#8DC202,1,1156
262122,72.25,-29.625,-22.375,#2DC2D9,1,1156
262140,72.25,-23.125,-39.25,#00C0F8,0,1156
262240,72.25,25.625,19.75,#E99F8E,1,1156
262244,72.25,28.125,-32.25,#C8A2EC,1,1156
262247,72.25,30.5,-17.625,#DA9ED2,1,1156
262304,72.25,61.5,-106.625,#8F92FF,0,1156
262311,72.25,68.875,-78.25,#DE83FF,0,1156
262318,72.25,73.75,63.5,#FF683F,0,1156
262321,72.25,75.5,-50.5,#FF74FF,0,1156
262338,72.25,97.625,-82.375,#FF56FF,0,1156
262385,72.3125,-67.5,110.5,#4DCC00,0,1157
262388,72.3125,-64.75,-33.5,#00D0ED,0,1157
262389,72.3125,-63.0,10.25,#00CD9D,0,1157
262391,72.3125,-60.75,121.5,#64C900,0,1157
262396,72.3125,-56.625,-33.75,#00CDED,0,1157
262418,72.3125,-39.75,-10.5,#10C5C3,1,1157
262447,72.3125,-21.875,-75.5,#00C4FF,0,1157
262448,72.3125,-21.875,123.125,#B4B900,0,1157
262512,72.3125,6.375,90.25,#DEAA00,0,1157
262513,72.3125,7.375,45.75,#D7AA5D,1,1157
262516,72.3125,9.0,-76.875,#00B5FF,0,1157
262604,72.3125,58.0,-122.375,#009AFF,0,1157
262624,72.3125,75.25,-105.875,#BA83FF,0,1157
262639,72.3125,90.25,-124.875,#B375FF,0,1157
262640,72.3125,91.0,22.625,#FF498D,0,1157
262692,72.375,-82.375,119.75,#00D000,0,1158
262711,72.375,-58.75,-102.875,#00D7FF,0,1158
262738,72.375,-22.75,-18.25,#5FBFD2,1,1158
262742,72.375,-21.0,90.25,#B3B900,0,1158
262755,72.375,-13.25,-25.375,#71BBDF,1,1158
262766,72.375,-6.625,113.0,#CDB200,0,1158
262768,72.375,-5.875,-93.5,#00C0FF,0,1158
262812,72.375,10.5,-101.375,#00B8FF,0,1158
262828,72.375,18.25,26.375,#E1A482,1,1158
262836,72.375,24.75,63.0,#F59E39,1,1158
262840,72.375,26.875,-100.875,#00AEFF,0,1158
262859,72.375,36.625,-84.75,#7EA3FF,0,1158
262865,72.375,41.0,-114.375,#00A6FF,0,1158
262881,72.375,57.5,-6.125,#FF84BF,0,1158
262896,72.375,71.75,123.75,#FF6B00,0,1158
262936,72.4375,-117.125,-38.5,#00DFF6,0,1159
262939,72.4375,-116.375,112.5,#00D900,0,1159
263025,72.4375,-28.875,32.0,#90BF76,1,1159
263034,72.4375,-24.125,1.375,#7DBEAE,1,1159
263040,72.4375,-20.125,54.375,#ACBA48,1,1159
263059,72.4375,-13.625,-128.0,#00CAFF,0,1159
263173,72.4375,25.875,-7.875,#DAA1C1,1,1159
263194,72.4375,36.375,29.0,#FD967F,1,1159
263227,72.4375,64.375,-87.5,#C58BFF,0,1159
263274,72.5,-128.0,80.5,#00DC00,0,1160
263284,72.5,-95.0,73.125,#00D500,0,1160
263287,72.5,-88.0,30.75,#00D476,0,1160
263354,72.5,-37.125,-41.75,#00C7FD,0,1160
263363,72.5,-31.875,-118.5,#00D0FF,0,1160
263377,72.5,-25.5,-86.5,#00C8FF,0,1160
263454,72.5,7.0,-119.375,#00BEFF,0,1160
263476,72.5,15.125,-18.5,#BEAAD4,1,1160
263538,72.5,45.75,92.625,#FF8B00,0,1160
263542,72.5,49.25,65.625,#FF8837,0,1160
263550,72.5,55.0,124.0,#FF8100,0,1160
263555,72.5,57.0,109.875,#FF7F00,0,1160
263565,72.5,69.875,8.75,#FF73A5,0,1160
263584,72.5,84.125,95.0,#FF5500,0,1160
263614,72.5,126.375,-59.875,#FF00FF,0,1160
263633,72.5625,-97.625,-69.75,#00DEFF,0,1161
263663,72.5625,-51.375,24.625,#46C983,1,1161
263672,72.5625,-45.125,-1.375,#15C8B3,1,1161
263681,72.5625,-39.125,-26.625,#00C7E1,0,1161
263692,72.5625,-24.5,39.875,#9EBD67,1,1161
263740,72.5625,-4.0,103.5,#D1B100,0,1161
263769,72.5625,5.125,64.625,#D9AC32,1,1161
263816,72.5625,28.125,85.125,#FE9B00,0,1161
263887,72.5625,84.25,69.75,#FF5634,0,1161
263890,72.5625,95.125,1.375,#FF42B4,0,1161
263897,72.5625,106.25,-72.125,#FF3AFF,0,1161
263904,72.5625,119.5,-92.25,#FF00FF,0,1161
263909,72.5625,126.875,-27.375,#FF00E8,0,1161
263923,72.625,-121.375,16.5,#00DD90,0,1162
263928,72.625,-117.25,-44.875,#00E0FF,0,1162
263959,72.625,-66.75,66.375,#3ACD21,1,1162
263979,72.625,-40.375,19.625,#67C58D,1,1162
263989,72.625,-32.75,-60.875,#00C8FF,0,1162
263990,72.625,-32.75,5.875,#6CC2A6,1,1162
264008,72.625,-19.625,-103.0,#00C8FF,0,1162
264037,72.625,-4.625,18.0,#B7B491,1,1162
264041,72.625,-1.5,-120.75,#00C3FF,0,1162
264111,72.625,24.25,42.25,#F0A066,1,1162
264154,72.625,49.0,113.375,#FF8800,0,1162
264159,72.625,52.25,33.125,#FF8779,0,1162
264162,72.625,55.125,7.25,#FF86A7,0,1162
264181,72.625,64.375,60.625,#FF7745,0,1162
264195,72.625,78.5,92.375,#FF6000,0,1162
264211,72.625,97.5,-41.25,#FF48FF,0,1162
264219,72.625,106.75,-56.0,#FF2EFF,0,1162
264220,72.625,108.75,-37.25,#FF0EF9,0,1162
264226,72.625,117.75,-51.875,#FF00FF,0,1162
264260,72.6875,-98.875,85.5,#00D600,0,1163
264303,72.6875,-34.125,-91.875,#00CDFF,0,1163
264360,72.6875,-5.75,68.375,#C9B325,1,1163
264444,72.6875,36.625,-27.375,#DD9BE5,1,1163
264459,72.6875,43.25,-123.25,#00A8FF,0,1163
264461,72.6875,46.25,25.375,#FF8E87,0,1163
264484,72.6875,64.125,-98.625,#AE8FFF,0,1163
264500,72.6875,78.125,-56.625,#FF73FF,0,1163
264513,72.6875,99.875,31.125,#FF2980,0,1163
264518,72.6875,103.375,79.625,#FF001F,0,1163
264531,72.6875,123.125,-8.875,#FF00C7,0,1163
264545,72.75,-116.625,11.625,#00DC9A,0,1164
264548,72.75,-112.375,45.0,#00DA58,0,1164
264598,72.75,-57.625,76.5,#64CA00,0,1164
264606,72.75,-51.375,72.75,#73C800,0,1164
264613,72.75,-43.25,-99.375,#00D2FF,0,1164
264620,72.75,-40.5,65.125,#89C42A,1,1164
264630,72.75,-32.25,-13.375,#44C4CA,1,1164
264645,72.75,-18.625,-64.25,#00C3FF,0,1164
264696,72.75,0.25,53.5,#CFB04D,1,1164
264782,72.75,37.0,112.875,#FF9400,0,1164
264796,72.75,41.625,68.75,#FF912E,0,1164
264804,72.75,50.25,-18.125,#FB8ED5,1,1164
264808,72.75,51.5,-86.125,#A998FF,0,1164
264835,72.75,69.125,-19.0,#FF79D7,0,1164
264837,72.75,69.875,-33.75,#FF7AF2,0,1164
264852,72.75,88.5,-117.375,#C376FF,0,1164
264867,72.75,111.625,56.375,#FF0054,0,1164
264875,72.75,117.75,-25.0,#FF00E4,0,1164
264876,72.75,118.375,116.5,#FF0000,0,1164
264878,72.75,121.75,-79.375,#FF00FF,0,1164
264883,72.8125,-128.0,-14.125,#00E0CA,0,1165
264894,72.8125,-105.5,18.875,#00DA8D,0,1165
264902,72.8125,-86.125,73.0,#00D300,0,1165
264907,72.8125,-81.5,56.375,#00D23F,0,1165
264908,72.8125,-80.625,41.25,#00D262,0,1165
264917,72.8125,-75.875,100.125,#1DD000,0,1165
264927,72.8125,-68.875,36.125,#00CF6D,0,1165
264954,72.8125,-44.875,8.625,#43C8A2,1,1165
264958,72.8125,-40.375,123.375,#95C300,0,1165
264963,72.8125,-37.625,32.375,#7DC375,1,1165
264983,72.8125,-30.75,90.75,#A4BF00,0,1165
264991,72.8125,-26.625,-109.875,#00CDFF,0,1165
265098,72.8125,17.875,-103.75,#00B5FF,0,1165
265148,72.8125,41.5,-20.125,#EC97D8,1,1165
265160,72.8125,53.875,18.625,#FF8793,0,1165
265167,72.8125,58.5,-77.125,#CB90FF,0,1165
265197,72.8125,92.875,-109.625,#DE6CFF,0,1165
265206,72.8125,103.0,-3.125,#FF25BC,0,1165
265210,72.8125,117.0,-34.125,#FF00F4,0,1165
265212,72.8125,119.0,49.875,#FF0061,0,1165
265225,72.875,-122.625,-41.625,#00E1FD,0,1166
265250,72.875,-90.25,-22.875,#00D8DB,0,1166
265261,72.875,-79.625,28.25,#00D37C,0,1166
265273,72.875,-64.875,-11.5,#00D0C6,0,1166
265277,72.875,-61.25,25.25,#00CD82,0,1166
265287,72.875,-56.875,-26.25,#00CFE1,0,1166
265296,72.875,-49.25,123.25,#82C700,0,1166
265316,72.875,-35.5,-85.75,#00CDFF,0,1166
265356,72.875,-15.25,19.875,#A5BA8E,1,1166
265364,72.875,-12.625,55.125,#BBB748,1,1166
265395,72.875,0.0,14.625,#BEB298,1,1166
265429,72.875,12.5,14.875,#D3AA98,1,1166
265462,72.875,27.875,-79.25,#71AAFF,0,1166
265494,72.875,44.75,-5.625,#FB92BF,1,1166
265536,72.875,77.0,48.75,#FF665F,0,1166
265541,72.875,83.125,-88.875,#EC75FF,0,1166
265544,72.875,87.375,-40.375,#FF60FF,0,1166
265550,72.875,100.75,-107.375,#F35DFF,0,1166
265557,72.875,111.625,-91.25,#FF34FF,0,1166
265566,72.875,120.0,102.125,#FF0000,0,1166
265580,72.9375,-111.875,37.375,#00DB69,0,1167
265602,72.9375,-82.75,78.5,#00D200,0,1167
265609,72.9375,-71.875,29.0,#00D07B,0,1167
265653,72.9375,-33.125,44.375,#90C15E,1,1167
265657,72.9375,-32.125,-33.25,#00C6EF,0,1167
265680,72.9375,-17.25,-93.75,#00C7FF,0,1167
265690,72.9375,-12.375,46.375,#B8B75B,1,1167
265727,72.9375,1.75,-24.875,#9CB4E0,1,1167
265771,72.9375,15.375,-57.25,#85AFFF,0,1167
265812,72.9375,42.375,-83.0,#98A0FF,0,1167
265834,72.9375,68.75,102.25,#FF7100,0,1167
265852,72.9375,91.25,-22.0,#FF54DE,0,1167
265853,72.9375,91.625,93.375,#FF4400,0,1167
265922,73.0,-73.5,-33.75,#00D5EF,0,1168
265923,73.0,-72.625,-70.625,#00D8FF,0,1168
265945,73.0,-54.125,-44.0,#00CFFF,0,1168
265968,73.0,-38.25,-67.875,#00CCFF,0,1168
266006,73.0,-16.25,37.875,#AEBA6C,1,1168
266065,73.0,0.375,71.375,#D5B01C,1,1168
266070,73.0,2.875,114.25,#DDAE00,0,1168
266118,73.0,18.0,124.5,#F4A400,0,1168
266133,73.0,23.875,-120.625,#00B6FF,0,1168
266178,73.0,50.25,82.5,#FF8800,0,1168
266214,73.0,91.75,114.875,#FF4300,0,1168
266224,73.0,107.0,-64.875,#FF35FF,0,1168
266225,73.0,108.625,106.5,#FF0000,0,1168
266237,73.0625,-118.375,92.0,#00DC00,0,1169
266258,73.0625,-97.875,-17.375,#00DBD1,0,1169
266272,73.0625,-83.75,89.125,#00D300,0,1169
266289,73.0625,-69.375,-50.375,#00D5FF,0,1169
266304,73.0625,-49.5,91.5,#7EC800,0,1169
266305,73.0625,-49.375,-23.875,#00CCDE,0,1169
266351,73.0625,-20.625,-31.0,#45C1EB,1,1169
266412,73.0625,10.0,51.625,#DFAB53,1,1169
266415,73.0625,11.125,75.125,#E6A90A,1,1169
266449,73.0625,29.875,-93.875,#29ACFF,0,1169
266450,73.0625,29.875,-45.125,#BEA4FF,0,1169
266457,73.0625,32.625,-99.25,#00ABFF,0,1169
266489,73.0625,48.25,16.5,#FF8E98,0,1169
266511,73.0625,70.125,51.875,#FF7158,0,1169
266524,73.0625,79.875,-96.0,#DB7CFF,0,1169
266534,73.0625,91.75,-96.25,#F36AFF,0,1169
266542,73.0625,94.75,-33.5,#FF4FF3,0,1169
266550,73.0625,100.5,-58.0,#FF48FF,0,1169
266553,73.0625,107.5,-96.125,#FF47FF,0,1169
266554,73.0625,109.125,25.25,#FF008C,0,1169
266567,73.0625,126.75,91.5,#FF0000,0,1169
266569,73.125,-109.375,-13.875,#00DDCA,0,1170
266570,73.125,-109.0,84.25,#00DA00,0,1170
266575,73.125,-98.75,-3.75,#00DAB8,0,1170
266616,73.125,-44.0,112.75,#8DC500,0,1170
266637,73.125,-29.375,17.75,#85C192,1,1170
266642,73.125,-26.625,-4.125,#70C1BA,1,1170
266673,73.125,-11.25,-86.5,#00C3FF,0,1170
266691,73.125,-6.375,88.875,#CDB400,0,1170
266753,73.125,22.0,-110.625,#00B5FF,0,1170
266760,73.125,27.5,-24.875,#D1A4E1,1,1170
266796,73.125,46.125,-31.5,#EC95EE,1,1170
266831,73.125,69.125,39.75,#FF736F,0,1170
266833,73.125,70.75,88.0,#FF6F00,0,1170
266849,73.125,83.25,101.375,#FF5900,0,1170
266852,73.125,85.0,50.25,#FF575D,0,1170
266880,73.125,111.5,-49.75,#FF03FF,0,1170
266883,73.125,113.75,82.625,#FF001B,0,1170
266951,73.1875,-56.0,112.625,#72CA00,0,1171
266973,73.1875,-41.5,-32.125,#00CAED,0,1171
267025,73.1875,-0.875,124.875,#D9B000,0,1171
267037,73.1875,2.0,-63.25,#30B9FF,0,1171
267052,73.1875,7.5,-46.5,#86B4FF,0,1171
267080,73.1875,21.375,-50.375,#A4ABFF,0,1171
267098,73.1875,29.375,32.75,#F79E79,1,1171
267144,73.1875,51.125,51.75,#FF8957,0,1171
267172,73.1875,72.125,-92.25,#D185FF,0,1171
267190,73.1875,92.0,15.125,#FF4B9D,0,1171
267211,73.1875,106.5,60.25,#FF004D,0,1171
267218,73.1875,121.5,-107.125,#FF00FF,0,1171
267226,73.25,-128.0,99.375,#00DE00,0,1172
267227,73.25,-122.875,58.75,#00DE37,0,1172
267247,73.25,-89.25,15.375,#00D795,0,1172
267248,73.25,-85.875,-52.75,#00DBFF,0,1172
267270,73.25,-53.125,102.125,#78C900,0,1172
267377,73.25,5.375,-56.25,#66B6FF,0,1172
267388,73.25,8.375,101.875,#E5AB00,0,1172
267396,73.25,10.375,115.375,#E9AA00,0,1172
267419,73.25,19.625,18.75,#E2A693,1,1172
267448,73.25,36.75,-105.5,#00AAFF,0,1172
267458,73.25,43.5,58.0,#FF9049,0,1172
267481,73.25,61.0,101.0,#FF7C00,0,1172
267515,73.25,102.25,-31.5,#FF38F0,0,1172
267527,73.25,121.125,72.625,#FF0038,0,1172
267546,73.3125,-97.75,49.5,#00D850,0,1173
267549,73.3125,-88.25,-63.375,#00DDFF,0,1173
267556,73.3125,-76.0,-22.125,#00D6DB,0,1173
267561,73.3125,-71.75,-97.125,#00DCFF,0,1173
267567,73.3125,-65.625,81.625,#4DCE00,0,1173
267569,73.3125,-62.375,-64.5,#00D5FF,0,1173
267665,73.3125,-7.75,-112.5,#00C6FF,0,1173
267755,73.3125,31.625,-54.5,#B6A5FF,0,1173
267767,73.3125,41.875,50.125,#FF9259,0,1173
267793,73.3125,59.625,-22.75,#FF86DF,0,1173
267813,73.3125,78.25,19.0,#FF6896,0,1173
267820,73.3125,89.0,-69.875,#FF67FF,0,1173
267840,73.375,-128.0,-38.625,#00E4F9,0,1174
267850,73.375,-117.125,32.75,#00DD73,0,1174
267854,73.375,-106.75,-40.0,#00DFFB,0,1174
267869,73.375,-81.5,-5.875,#00D6BD,0,1174
267873,73.375,-77.0,90.875,#05D200,0,1174
267877,73.375,-72.75,5.875,#00D3A7,0,1174
267903,73.375,-51.875,-95.125,#00D6FF,0,1174
267916,73.375,-44.0,58.25,#80C73F,1,1174
267921,73.375,-37.875,-116.5,#00D4FF,0,1174
267949,73.375,-20.875,7.375,#8FBFA6,1,1174
268031,73.375,15.75,54.0,#E9A74F,1,1174
268090,73.375,54.0,-97.75,#959AFF,0,1174
268118,73.375,75.375,113.875,#FF6800,0,1174
268126,73.375,84.5,-58.25,#FF6BFF,0,1174
268139,73.375,100.125,72.5,#FF2533,0,1174
268161,73.375,126.5,-65.875,#FF00FF,0,1174
268163,73.4375,-128.0,69.875,#00DF00,0,1175
268174,73.4375,-99.625,-82.25,#00E2FF,0,1175
268180,73.4375,-89.5,54.375,#00D646,0,1175
268198,73.4375,-67.875,-61.75,#00D7FF,0,1175
268202,73.4375,-63.375,102.25,#5DCE00,0,1175
268253,73.4375,-20.375,-125.375,#00CFFF,0,1175
268264,73.4375,-14.75,82.625,#C0B900,0,1175
268282,73.4375,-2.0,96.25,#D6B200,0,1175
268324,73.4375,9.875,-25.375,#AEB1E3,1,1175
268377,73.4375,31.5,-64.75,#A4A7FF,0,1175
268390,73.4375,37.375,-45.875,#CE9FFF,0,1175
268432,73.4375,78.25,-71.0,#FD78FF,0,1175
268444,73.4375,86.0,62.375,#FF5547,0,1175
268467,73.4375,119.0,-45.875,#FF00FF,0,1175
268473,73.4375,122.0,-14.75,#FF00D4,0,1175
268509,73.5,-60.625,-78.0,#00D7FF,0,1176
268560,73.5,-8.0,7.625,#ABB8A6,1,1176
268609,73.5,8.75,-37.625,#9BB3F9,1,1176
268617,73.5,12.5,29.375,#DCAB7F,1,1176
268624,73.5,16.0,34.875,#E4A875,1,1176
268644,73.5,30.375,103.25,#FF9C00,0,1176
268699,73.5,59.0,58.0,#FF814C,0,1176
268703,73.5,62.0,33.25,#FF7E7B,0,1176
268727,73.5,79.25,-1.0,#FF69B9,0,1176
268743,73.5,100.5,-48.25,#FF46FF,0,1176
268744,73.5,100.875,126.125,#FF1D00,0,1176
268750,73.5,107.0,10.125,#FF00A7,0,1176
268751,73.5,110.125,-26.375,#FF00E8,0,1176
268760,73.5,121.125,34.0,#FF007F,0,1176
268766,73.5625,-128.0,38.0,#00E069,0,1177
268796,73.5625,-80.0,-35.625,#00D9F4,0,1177
268808,73.5625,-67.5,-42.375,#00D5FF,0,1177
268835,73.5625,-48.625,-85.0,#00D4FF,0,1177
268862,73.5625,-23.25,48.875,#A8BF57,1,1177
268865,73.5625,-21.0,83.125,#B6BD00,0,1177
268876,73.5625,-13.875,-46.125,#21C0FF,0,1177
268908,73.5625,2.75,-8.5,#B2B4C4,1,1177
268918,73.5625,5.75,55.875,#DBAE4A,1,1177
268946,73.5625,22.125,-59.75,#95ADFF,0,1177
268947,73.5625,22.375,-0.25,#DDA6B6,1,1177
268967,73.5625,34.0,125.0,#FF9900,0,1177
268968,73.5625,34.25,56.25,#FF9A4D,0,1177
268978,73.5625,41.25,-57.5,#C79EFF,0,1177
268983,73.5625,42.75,-95.125,#76A4FF,0,1177
269009,73.5625,66.0,28.125,#FF7A85,0,1177
269018,73.5625,74.5,-15.125,#FF73D3,0,1177
269047,73.5625,93.625,42.25,#FF446E,0,1177
269058,73.5625,110.375,37.625,#FF0078,0,1177
269065,73.5625,125.25,125.375,#FF0000,0,1177
269074,73.625,-118.625,101.5,#00DD00,0,1178
269076,73.625,-112.75,59.625,#00DC37,0,1178
269079,73.625,-109.375,93.5,#00DB00,0,1178
269081,73.625,-108.25,64.75,#00DB26,0,1178
269084,73.625,-104.0,9.625,#00DCA0,0,1178
269104,73.625,-65.0,18.5,#00D191,0,1178
269119,73.625,-50.25,-4.5,#00CDBC,0,1178
269131,73.625,-41.875,82.0,#8EC600,0,1178
269142,73.625,-36.625,113.5,#9EC400,0,1178
269169,73.625,-23.125,62.125,#ADBE38,1,1178
269281,73.625,9.625,-3.875,#C4AFBC,1,1178
269341,73.625,36.875,106.75,#FF9700,0,1178
269379,73.625,70.25,18.125,#FF7597,0,1178
269392,73.625,93.375,-77.875,#FF62FF,0,1178
269417,73.625,122.0,-128.0,#FF2CFF,0,1178
269424,73.6875,-128.0,45.125,#00E05A,0,1179
269428,73.6875,-114.0,-75.0,#00E5FF,0,1179
269445,73.6875,-84.0,-78.0,#00DEFF,0,1179
269453,73.6875,-73.25,44.75,#00D25D,0,1179
269482,73.6875,-39.25,48.375,#87C657,1,1179
269516,73.6875,-15.0,113.75,#C4BA00,0,1179
269537,73.6875,-7.375,28.25,#BBB881,1,1179
269595,73.6875,15.5,-42.5,#A4AFFF,0,1179
269630,73.6875,32.625,93.5,#FF9A00,0,1179
269637,73.6875,35.625,-73.875,#9CA6FF,0,1179
269649,73.6875,42.0,81.625,#FF9200,0,1179
269658,73.6875,48.625,-10.875,#FF91CA,0,1179
269662,73.6875,57.5,-58.625,#E68FFF,0,1179
269677,73.6875,65.375,-43.75,#FF84FF,0,1179
269685,73.6875,70.625,-66.875,#F482FF,0,1179
269693,73.6875,81.125,41.5,#FF626E,0,1179
269713,73.6875,117.125,22.125,#FF0094,0,1179
269714,73.6875,119.25,9.25,#FF00AA,0,1179
269782,73.75,-35.25,-47.75,#00CBFF,0,1180
269785,73.75,-32.0,62.25,#9DC337,1,1180
269850,73.75,3.875,-107.375,#00C1FF,0,1180
269872,73.75,11.625,41.25,#E0AC69,1,1180
269885,73.75,14.875,-78.0,#30B5FF,0,1180
269894,73.75,19.75,-22.375,#C6ABDE,1,1180
269906,73.75,24.125,105.125,#FEA100,0,1180
269907,73.75,24.5,-70.5,#83ADFF,0,1180
269919,73.75,28.875,-107.5,#00B1FF,0,1180
269934,73.75,37.75,23.125,#FF998D,0,1180
269986,73.75,77.875,86.0,#FF6500,0,1180
270003,73.75,95.75,-10.625,#FF49CC,0,1180
270025,73.75,125.0,55.25,#FF005B,0,1180
270054,73.8125,-88.625,0.625,#00D9B2,0,1181
270068,73.8125,-74.25,-83.25,#00DDFF,0,1181
270082,73.8125,-60.875,-55.875,#00D5FF,0,1181
270098,73.8125,-42.75,25.25,#6AC985,1,1181
270113,73.8125,-33.875,125.5,#A4C300,0,1181
270191,73.8125,-0.125,-96.125,#00C1FF,0,1181
270305,73.8125,62.125,-2.125,#FF82BC,0,1181
270325,73.8125,82.0,126.375,#FF5D00,0,1181
270340,73.8125,100.0,-117.375,#E366FF,0,1181
270345,73.8125,102.5,46.5,#FF1E68,0,1181
270364,73.8125,126.0,-72.75,#FF00FF,0,1181
270367,73.875,-122.375,-30.625,#00E3EB,0,1182
270401,73.875,-70.875,-11.25,#00D5C8,0,1182
270404,73.875,-64.5,-27.125,#00D4E6,0,1182
270415,73.875,-52.0,-50.5,#00D2FF,0,1182
270474,73.875,-12.0,-39.625,#54C0FE,1,1182
270528,73.875,4.25,-91.875,#00BEFF,0,1182
270533,73.875,6.375,83.0,#E2AE00,0,1182
270566,73.875,23.875,-37.0,#BFAAFA,1,1182
270567,73.875,23.875,28.25,#EFA483,1,1182
270577,73.875,31.875,79.5,#FF9C00,0,1182
270630,73.875,61.125,94.625,#FF7E00,0,1182
270631,73.875,62.0,114.625,#FF7D00,0,1182
270645,73.875,79.75,-111.25,#BE83FF,0,1182
270663,73.875,98.375,83.375,#FF3013,0,1182
270667,73.875,105.5,-111.75,#F958FF,0,1182
270668,73.875,105.75,-124.5,#E25EFF,0,1182
270673,73.875,107.0,73.5,#FF0034,0,1182
270676,73.875,110.125,91.25,#FF0000,0,1182
270679,73.875,112.5,-1.875,#FF00BE,0,1182
270682,73.875,115.0,94.75,#FF0000,0,1182
270695,73.9375,-128.0,-67.375,#00E8FF,0,1183
270705,73.9375,-111.375,116.375,#00DC00,0,1183
270706,73.9375,-111.125,-64.5,#00E4FF,0,1183
270715,73.9375,-102.75,118.75,#00DA00,0,1183
270730,73.9375,-87.75,-8.5,#00DAC3,0,1183
270760,73.9375,-38.375,8.625,#61C8A5,1,1183
270767,73.9375,-32.25,82.75,#A3C300,0,1183
270768,73.9375,-32.125,103.0,#A6C300,0,1183
270775,73.9375,-28.0,-76.5,#00CCFF,0,1183
270781,73.9375,-22.75,29.75,#9FC07E,1,1183
270800,73.9375,-11.75,-14.25,#8CBDCF,1,1183
270814,73.9375,-2.75,-67.75,#00BEFF,0,1183
270871,73.9375,27.25,3.25,#E8A3B1,1,1183
270890,73.9375,43.375,-101.125,#60A6FF,0,1183
270964,73.9375,126.0,-119.75,#FF00FF,0,1183
270965,73.9375,127.0,104.875,#FF0000,0,1183
270988,74.0,-101.125,-58.0,#00E2FF,0,1184
270992,74.0,-94.75,-49.5,#00DFFF,0,1184
270997,74.0,-93.125,-41.5,#00DEFF,0,1184
271010,74.0,-73.625,-60.0,#00DAFF,0,1184
271016,74.0,-67.875,-5.375,#00D4BE,0,1184
271036,74.0,-52.25,-37.5,#00D1F9,0,1184
271039,74.0,-50.875,-72.75,#00D4FF,0,1184
271056,74.0,-37.375,92.75,#9BC500,0,1184
271057,74.0,-36.875,-0.75,#55C8B6,1,1184
271154,74.0,3.5,-72.625,#00BCFF,0,1184
271213,74.0,43.0,-107.5,#2BA7FF,0,1184
271234,74.0,55.0,86.125,#FF8600,0,1184
271252,74.0,76.125,79.0,#FF691A,0,1184
271253,74.0,76.875,-22.875,#FF72E2,0,1184
271270,74.0,107.875,116.75,#FF0000,0,1184
271279,74.0,121.0,60.375,#FF0051,0,1184
271282,74.0,125.5,115.75,#FF0000,0,1184
271295,74.0625,-111.5,-28.75,#00E2E8,0,1185
271307,74.0625,-97.25,37.75,#00DB6C,0,1185
271336,74.0625,-60.75,92.875,#65CF00,0,1185
271349,74.0625,-46.5,-44.875,#00D0FF,0,1185
271420,74.0625,-8.125,-76.125,#00C3FF,0,1185
271436,74.0625,-3.125,-49.625,#5BBCFF,0,1185
271540,74.0625,47.625,-41.5,#E897FF,0,1185
271549,74.0625,52.875,102.875,#FF8800,0,1185
271553,74.0625,57.75,64.625,#FF833F,0,1185
271566,74.0625,67.875,-54.875,#FE84FF,0,1185
271572,74.0625,73.875,-99.625,#CA88FF,0,1185
271608,74.0625,126.625,78.125,#FF002F,0,1185
271620,74.125,-116.75,-20.0,#00E2D8,0,1186
271639,74.125,-94.625,99.625,#00D900,0,1186
271688,74.125,-44.75,40.875,#75CA68,1,1186
271689,74.125,-44.625,-113.75,#00D9FF,0,1186
271707,74.125,-31.875,-97.625,#00D1FF,0,1186
271722,74.125,-24.625,114.125,#B5C000,0,1186
271762,74.125,-7.5,36.125,#C0B873,1,1186
271781,74.125,0.0,-81.625,#00BFFF,0,1186
271822,74.125,16.0,105.625,#F4A800,0,1186
271836,74.125,21.5,-87.375,#12B3FF,0,1186
271859,74.125,26.75,-128.0,#00B8FF,0,1186
271902,74.125,51.0,96.25,#FF8A00,0,1186
271908,74.125,57.875,-31.625,#FF8CF1,0,1186
271915,74.125,61.125,-127.5,#009DFF,0,1186
271921,74.125,64.25,-121.25,#6598FF,0,1186
271948,74.125,87.125,80.0,#FF541C,0,1186
271951,74.125,92.0,-84.5,#FF69FF,0,1186
271977,74.1875,-128.0,87.5,#00E100,0,1187
271980,74.1875,-112.25,105.875,#00DD00,0,1187
272005,74.1875,-79.875,-57.25,#00DCFF,0,1187
272065,74.1875,-19.375,-7.125,#83C1C3,1,1187
272085,74.1875,-11.0,-97.25,#00C8FF,0,1187
272092,74.1875,-7.875,126.375,#D1B700,0,1187
272116,74.1875,3.0,-32.0,#97B7F1,1,1187
272140,74.1875,10.5,-52.375,#85B5FF,0,1187
272150,74.1875,14.125,-64.75,#71B5FF,0,1187
272155,74.1875,16.625,-70.5,#67B4FF,0,1187
272162,74.1875,18.625,68.0,#F3A730,1,1187
272243,74.1875,63.25,52.875,#FF7E58,0,1187
272250,74.1875,73.25,34.375,#FF717C,0,1187
272265,74.1875,91.0,-3.75,#FF55C1,0,1187
272288,74.1875,127.0,66.875,#FF0047,0,1187
272290,74.25,-122.375,27.375,#00E180,0,1188
272297,74.25,-104.25,-68.875,#00E4FF,0,1188
272298,74.25,-101.5,26.75,#00DD82,0,1188
272305,74.25,-94.5,-61.875,#00E1FF,0,1188
272357,74.25,-30.5,-55.25,#00CBFF,0,1188
272362,74.25,-27.0,126.25,#B2C100,0,1188
272382,74.25,-11.375,93.75,#C9B900,0,1188
272411,74.25,0.625,34.125,#CDB478,1,1188
272463,74.25,25.0,56.875,#FAA34C,1,1188
272518,74.25,67.75,66.875,#FF773C,0,1188
272528,74.25,80.5,-83.625,#F37BFF,0,1188
272543,74.25,91.625,-53.75,#FF60FF,0,1188
272550,74.25,100.0,-101.125,#FF60FF,0,1188
272562,74.25,117.125,41.125,#FF0074,0,1188
272568,74.3125,-122.625,41.375,#00E164,0,1189
272591,74.3125,-72.375,113.5,#41D300,0,1189
272614,74.3125,-49.5,13.5,#3DCD9C,1,1189
272638,74.3125,-28.875,-65.5,#00CCFF,0,1189
272643,74.3125,-26.125,-45.75,#00C8FF,0,1189
272698,74.3125,-0.375,7.875,#BCB6A8,1,1189
272769,74.3125,29.5,115.125,#FF9F00,0,1189
272771,74.3125,30.125,41.5,#FEA06C,1,1189
272800,74.3125,43.25,-76.625,#ADA2FF,0,1189
272823,74.3125,60.625,83.75,#FF8000,0,1189
272827,74.3125,64.125,5.875,#FF80AF,0,1189
272843,74.3125,76.125,-77.75,#F380FF,0,1189
272860,74.3125,96.375,-90.875,#FF63FF,0,1189
272863,74.3125,103.125,103.5,#FF1200,0,1189
272867,74.3125,108.375,-81.75,#FF41FF,0,1189
272870,74.3125,112.75,123.375,#FF0000,0,1189
272893,74.375,-95.5,79.5,#00DA00,0,1190
272911,74.375,-66.25,44.75,#1ED25F,1,1190
272915,74.375,-65.375,124.75,#5ED100,0,1190
272922,74.375,-55.375,-7.875,#00D1C4,0,1190
272930,74.375,-49.625,114.75,#85CB00,0,1190
272975,74.375,-25.375,-102.5,#00D0FF,0,1190
273000,74.375,-11.125,-0.125,#A0BDB7,1,1190
273008,74.375,-8.875,-123.375,#00CCFF,0,1190
273091,74.375,24.25,-13.75,#D8A8D1,1,1190
273150,74.375,72.5,-117.0,#9B8FFF,0,1190
273155,74.375,76.375,-29.0,#FF75EE,0,1190
273196,74.375,122.375,95.75,#FF0000,0,1190
273202,74.4375,-128.0,1.375,#00E4B1,0,1191
273204,74.4375,-122.875,65.0,#00E126,0,1191
273206,74.4375,-111.0,13.625,#00E09B,0,1191
273207,74.4375,-104.75,97.625,#00DD00,0,1191
273213,74.4375,-97.875,17.625,#00DD94,0,1191
273244,74.4375,-51.25,-110.375,#00DBFF,0,1191
273264,74.4375,-35.75,15.875,#75C899,1,1191
273303,74.4375,-13.875,-67.75,#00C5FF,0,1191
273341,74.4375,-1.75,-18.75,#A0BAD9,1,1191
273378,74.4375,12.875,-120.625,#00C0FF,0,1191
273388,74.4375,19.625,89.125,#F8A700,0,1191
273416,74.4375,48.375,-50.0,#E199FF,0,1191
273430,74.4375,61.25,-93.0,#B995FF,0,1191
273444,74.4375,69.875,-85.25,#DC8AFF,0,1191
273456,74.4375,83.375,56.125,#FF5F55,0,1191
273463,74.4375,89.625,32.0,#FF5382,0,1191
273478,74.4375,115.625,-70.875,#FF0BFF,0,1191
273484,74.4375,123.5,3.25,#FF00B7,0,1191
273485,74.5,-128.0,-24.875,#00E6E2,0,1192
273493,74.5,-103.25,59.625,#00DD3A,0,1192
273494,74.5,-101.5,-30.0,#00E1EC,0,1192
273496,74.5,-99.0,64.375,#00DC2B,0,1192
273498,74.5,-91.25,-14.0,#00DDCF,0,1192
273509,74.5,-74.25,59.125,#00D53D,0,1192
273511,74.5,-69.25,11.625,#00D5A0,0,1192
273519,74.5,-61.625,70.0,#59D019,1,1192
273523,74.5,-59.625,-21.0,#00D4DC,0,1192
273530,74.5,-52.875,30.875,#51CE7C,1,1192
273569,74.5,-21.125,-24.25,#5DC4E3,1,1192
273676,74.5,25.125,70.0,#FEA32C,1,1192
273699,74.5,39.875,44.125,#FF9868,0,1192
273706,74.5,46.75,107.125,#FF9000,0,1192
273723,74.5,56.125,-17.125,#FF8DD8,0,1192
273736,74.5,66.625,-62.375,#F588FF,0,1192
273749,74.5,84.125,-127.375,#A085FF,0,1192
273750,74.5,84.25,-13.375,#FF66D2,0,1192
273752,74.5,89.25,-104.75,#E575FF,0,1192
273779,74.5625,-123.75,113.875,#00E100,0,1193
273793,74.5625,-97.25,110.5,#00DB00,0,1193
273794,74.5625,-94.375,60.375,#00DB39,0,1193
273805,74.5625,-80.125,-46.875,#00DDFF,0,1193
273848,74.5625,-44.75,-38.375,#00D0FD,0,1193
273898,74.5625,-9.375,14.5,#B1BC9D,1,1193
274000,74.5625,36.625,17.0,#FF9C9A,0,1193
274015,74.5625,52.125,-118.5,#00A4FF,0,1193
274048,74.5625,84.75,107.25,#FF5A00,0,1193
274056,74.5625,92.875,105.875,#FF4600,0,1193
274072,74.625,-128.0,22.625,#00E48A,0,1194
274112,74.625,-64.5,-103.125,#00DFFF,0,1194
274119,74.625,-55.875,89.0,#73CE00,0,1194
274155,74.625,-23.5,21.75,#9AC38F,1,1194
274158,74.625,-22.75,75.625,#B4C100,0,1194
274165,74.625,-15.25,104.0,#C5BC00,0,1194
274230,74.625,8.75,-95.875,#00BEFF,0,1194
274231,74.625,9.625,-15.625,#BCB3D4,1,1194
274245,74.625,13.375,-85.625,#00BAFF,0,1194
274314,74.625,60.0,127.0,#FF8100,0,1194
274347,74.625,103.875,-42.125,#FF3EFF,0,1194
274354,74.625,113.25,-128.0,#EF51FF,0,1194
274381,74.6875,-112.625,-51.5,#00E6FF,0,1195
274383,74.6875,-111.25,28.25,#00E080,0,1195
274392,74.6875,-90.0,21.5,#00DB8D,0,1195
274561,74.6875,19.875,114.0,#FBA700,0,1195
274593,74.6875,36.125,-18.125,#EAA0DA,1,1195
274597,74.6875,38.5,-90.5,#7AA9FF,0,1195
274612,74.6875,42.625,114.75,#FF9400,0,1195
274617,74.6875,46.125,-65.5,#C99EFF,0,1195
274623,74.6875,49.625,5.625,#FF92B0,0,1195
274630,74.6875,52.375,-69.0,#D199FF,0,1195
274640,74.6875,63.75,106.25,#FF7D00,0,1195
274649,74.6875,73.125,-8.625,#FF77CA,0,1195
274655,74.6875,74.75,101.375,#FF6D00,0,1195
274684,74.6875,116.25,-117.0,#FF40FF,0,1195
274691,74.75,-128.0,-53.75,#00E9FF,0,1196
274695,74.75,-113.375,75.125,#00E000,0,1196
274698,74.75,-107.75,-55.625,#00E5FF,0,1196
274702,74.75,-101.25,-22.125,#00E1DE,0,1196
274707,74.75,-81.375,102.625,#00D700,0,1196
274712,74.75,-78.375,-95.625,#00E2FF,0,1196
274725,74.75,-62.375,37.625,#2DD26F,1,1196
274728,74.75,-59.125,-48.125,#00D7FF,0,1196
274789,74.75,-18.875,-118.625,#00D1FF,0,1196
274790,74.75,-18.875,-83.125,#00CBFF,0,1196
274791,74.75,-17.75,-38.125,#3DC5FD,1,1196
274816,74.75,-7.125,62.875,#CCB93B,1,1196
274830,74.75,-2.5,-6.625,#ADBAC4,1,1196
274939,74.75,36.25,37.0,#FF9C76,0,1196
274945,74.75,40.0,11.0,#FF9AA6,0,1196
274950,74.75,42.75,37.625,#FF9675,0,1196
274960,74.75,48.25,71.75,#FF8F2C,0,1196
274976,74.75,61.5,-10.5,#FF87CD,0,1196
274985,74.75,70.75,-40.875,#FF80FF,0,1196
274990,74.75,76.875,12.25,#FF6FA5,0,1196
274996,74.75,83.5,15.75,#FF639F,0,1196
275000,74.75,85.875,-50.375,#FF6BFF,0,1196
275033,74.75,126.5,-54.0,#FF00FF,0,1196
275040,74.8125,-108.5,71.25,#00DF04,0,1197
275041,74.8125,-106.75,-80.625,#00E8FF,0,1197
275046,74.8125,-85.375,-91.875,#00E4FF,0,1197
275049,74.8125,-73.875,124.875,#3FD500,0,1197
275063,74.8125,-60.125,-38.625,#00D6FE,0,1197
275064,74.8125,-60.125,48.5,#4CD159,1,1197
275082,74.8125,-39.125,-105.125,#00D7FF,0,1197
275101,74.8125,-25.875,-12.375,#68C6CE,1,1197
275155,74.8125,-4.875,74.0,#D2B815,1,1197
275156,74.8125,-4.5,-1.625,#AEBBBB,1,1197
275171,74.8125,-0.75,-57.125,#4BBEFF,0,1197
275233,74.8125,20.75,74.5,#F9A71C,1,1197
275315,74.8125,67.375,-110.125,#A194FF,0,1197
275339,74.8125,90.625,66.625,#FF4F42,0,1197
275341,74.8125,92.75,76.75,#FF492A,0,1197
275353,74.8125,112.875,75.125,#FF0034,0,1197
275354,74.8125,114.125,28.625,#FF008B,0,1197
275366,74.8125,126.25,14.875,#FF00A4,0,1197
275369,74.8125,126.875,40.875,#FF0077,0,1197
275379,74.875,-106.5,108.625,#00DE00,0,1198
275387,74.875,-89.25,91.25,#00DA00,0,1198
275416,74.875,-66.875,94.0,#54D300,0,1198
275432,74.875,-45.5,-76.5,#00D5FF,0,1198
275433,74.875,-45.375,-65.5,#00D4FF,0,1198
275468,74.875,-19.875,14.5,#9CC29D,1,1198
275485,74.875,-9.25,-34.0,#72C0F6,1,1198
275536,74.875,12.0,64.5,#EBAE3A,1,1198
275545,74.875,16.75,10.0,#DDADA7,1,1198
275566,74.875,30.75,47.875,#FFA061,0,1198
275579,74.875,38.875,92.625,#FF9800,0,1198
275596,74.875,53.125,-26.25,#FF92EA,0,1198
275611,74.875,71.75,45.375,#FF7469,0,1198
275622,74.875,83.0,117.25,#FF5F00,0,1198
275632,74.875,91.25,53.5,#FF4F5C,0,1198
275648,74.875,111.0,19.625,#FF009B,0,1198
275649,74.875,114.375,105.75,#FF0000,0,1198
275662,74.875,125.25,-112.5,#FF00FF,0,1198
275679,74.9375,-100.125,-9.5,#00E0C7,0,1199
275684,74.9375,-92.25,-88.375,#00E6FF,0,1199
275686,74.9375,-90.25,-77.0,#00E4FF,0,1199
275745,74.9375,-35.125,-72.625,#00D1FF,0,1199
275765,74.9375,-27.625,56.25,#A6C44A,1,1199
275772,74.9375,-24.5,104.125,#B7C200,0,1199
275822,74.9375,-0.25,46.125,#D3B662,1,1199
275848,74.9375,11.125,126.75,#F0AE00,0,1199
275865,74.9375,17.375,-7.5,#D3AEC7,1,1199
275905,74.9375,35.875,66.5,#FF9C39,0,1199
275911,74.9375,39.0,-8.75,#F69ECA,1,1199
275924,74.9375,46.25,-112.75,#0EA9FF,0,1199
275941,74.9375,59.0,48.5,#FF8562,0,1199
275943,74.9375,59.25,16.875,#FF879C,0,1199
275958,74.9375,83.0,33.5,#FF6380,0,1199
275973,74.9375,100.5,25.25,#FF3690,0,1199
276007,75.0,-122.25,-14.75,#00E6D1,0,1200
276014,75.0,-115.75,-12.875,#00E4CE,0,1200
276021,75.0,-102.375,-45.75,#00E4FF,0,1200
276023,75.0,-101.125,4.0,#00E0AF,0,1200
276029,75.0,-89.125,81.5,#00DA00,0,1200
276035,75.0,-83.75,-18.375,#00DDD8,0,1200
276036,75.0,-81.125,3.5,#00DAB0,0,1200
276052,75.0,-53.875,126.625,#7FCE00,0,1200
276056,75.0,-48.0,-16.875,#00D1D6,0,1200
276059,75.0,-44.875,-8.625,#00CFC7,0,1200
276129,75.0,-3.0,-31.375,#8BBDF2,1,1200
276181,75.0,14.875,93.5,#F4AB00,0,1200
276215,75.0,29.875,-115.5,#00B6FF,0,1200
276231,75.0,37.0,-2.75,#F79FBF,1,1200
276251,75.0,48.375,-79.75,#B6A0FF,0,1200
276262,75.0,58.875,-100.875,#A19BFF,0,1200
276283,75.0,80.25,65.25,#FF6643,0,1200
276291,75.0,97.0,117.375,#FF3A00,0,1200
276296,75.0,103.0,-16.375,#FF38DA,0,1200
276330,75.0625,-111.25,4.375,#00E2AE,0,1201
276361,75.0625,-69.875,-87.5,#00E0FF,0,1201
276399,75.0625,-25.125,94.0,#B5C300,0,1201
276402,75.0625,-23.875,-92.375,#00CFFF,0,1201
276456,75.0625,-4.0,-24.625,#94BDE6,1,1201
276489,75.0625,6.375,71.25,#E4B225,1,1201
276500,75.0625,9.375,-113.0,#00C2FF,0,1201
276591,75.0625,69.625,80.0,#FF7617,0,1201
276602,75.0625,81.625,-64.625,#FF77FF,0,1201
276612,75.0625,90.125,125.375,#FF4F00,0,1201
276675,75.125,-90.0,112.5,#00DB00,0,1202
276685,75.125,-78.5,-70.5,#00E0FF,0,1202
276723,75.125,-42.5,105.25,#96CA00,0,1202
276744,75.125,-25.625,67.625,#AEC32C,1,1202
276760,75.125,-15.5,-112.5,#00CFFF,0,1202
276919,75.125,67.875,94.875,#FF7900,0,1202
276920,75.125,68.375,73.875,#FF792C,0,1202
276948,75.125,115.375,63.75,#FF004D,0,1202
276953,75.125,125.875,-90.25,#FF00FF,0,1202
276997,75.1875,-82.25,113.875,#00D900,0,1203
277014,75.1875,-68.125,24.625,#00D689,0,1203
277017,75.1875,-66.375,-77.0,#00DEFF,0,1203
277022,75.1875,-57.375,-108.0,#00DFFF,0,1203
277077,75.1875,-15.125,-54.5,#00C6FF,0,1203
277107,75.1875,-1.5,85.125,#DBB700,0,1203
277114,75.1875,1.0,90.625,#DFB500,0,1203
277121,75.1875,2.75,-14.75,#B0B9D4,1,1203
277127,75.1875,4.0,-128.0,#00C9FF,0,1203
277131,75.1875,5.875,108.75,#E8B200,0,1203
277196,75.1875,49.25,-1.5,#FF94BE,0,1203
277256,75.1875,112.375,-103.5,#FF45FF,0,1203
277258,75.1875,120.375,-57.25,#FF00FF,0,1203
277269,75.25,-116.75,23.625,#00E38A,0,1204
277271,75.25,-114.25,-2.375,#00E4BB,0,1204
277313,75.25,-67.0,54.75,#34D54B,1,1204
277319,75.25,-60.875,115.625,#6DD200,0,1204
277326,75.25,-53.625,42.125,#5FD068,1,1204
277335,75.25,-47.625,63.25,#7FCD37,1,1204
277336,75.25,-46.875,31.0,#68CE7E,1,1204
277351,75.25,-39.875,-80.25,#00D5FF,0,1204
277361,75.25,-32.375,-7.375,#5CCAC6,1,1204
277363,75.25,-32.125,-111.125,#00D6FF,0,1204
277386,75.25,-18.75,45.0,#B3C164,1,1204
277463,75.25,7.625,15.5,#D2B49D,1,1204
277464,75.25,7.875,6.625,#CDB4AD,1,1204
277492,75.25,25.375,-54.5,#ADAFFF,0,1204
277500,75.25,29.25,15.875,#F6A49E,1,1204
277501,75.25,30.125,-39.125,#CDA9FF,0,1204
277508,75.25,38.0,-39.625,#DBA3FF,0,1204
277521,75.25,50.75,40.5,#FF9072,0,1204
277530,75.25,56.5,-110.875,#77A0FF,0,1204
277563,75.25,96.375,19.625,#FF479B,0,1204
277564,75.25,98.5,-125.875,#D271FF,0,1204
277566,75.25,99.375,58.875,#FF3654,0,1204
277569,75.25,100.875,97.125,#FF2C00,0,1204
277575,75.25,118.5,-85.625,#FF12FF,0,1204
277585,75.25,124.875,-97.75,#FF00FF,0,1204
277587,75.25,125.5,85.125,#FF001F,0,1204
277589,75.25,126.75,-82.5,#FF00FF,0,1204
277606,75.3125,-107.75,53.5,#00E14C,0,1205
277617,75.3125,-90.375,123.625,#00DB00,0,1205
277640,75.3125,-54.375,95.125,#7AD000,0,1205
277669,75.3125,-29.75,-124.0,#00D8FF,0,1205
277794,75.3125,26.5,9.25,#EEA7AA,1,1205
277832,75.3125,49.5,126.875,#FF8F00,0,1205
277869,75.3125,82.875,-36.625,#FF6FFF,0,1205
277876,75.3125,93.5,27.5,#FF4E8D,0,1205
277878,75.3125,94.375,-114.875,#E073FF,0,1205
277879,75.3125,94.625,-17.625,#FF54DD,0,1205
277880,75.3125,95.875,-61.125,#FF5DFF,0,1205
277885,75.3125,103.625,110.375,#FF1900,0,1205
277892,75.3125,108.75,97.75,#FF0000,0,1205
277895,75.3125,115.5,-40.5,#FF00FF,0,1205
277901,75.375,-117.5,51.875,#00E34F,0,1206
277917,75.375,-88.625,40.25,#00DC6A,0,1206
277921,75.375,-85.75,60.125,#00DB3C,0,1206
277934,75.375,-74.875,84.25,#28D700,0,1206
277938,75.375,-70.0,-24.875,#00DAE6,0,1206
277963,75.375,-48.375,84.875,#86CE00,0,1206
277969,75.375,-46.625,20.0,#5BCF93,1,1206
277976,75.375,-44.625,-89.75,#00D8FF,0,1206
278009,75.375,-19.875,-70.375,#00CBFF,0,1206
278155,75.375,54.375,73.125,#FF8B2C,0,1206
278185,75.375,79.75,25.125,#FF6B90,0,1206
278202,75.375,102.375,14.375,#FF33A5,0,1206
278218,75.375,121.75,-29.625,#FF00F4,0,1206
278227,75.4375,-120.875,-73.75,#00ECFF,0,1207
278249,75.4375,-88.125,-34.25,#00E0F7,0,1207
278317,75.4375,-16.625,126.875,#C7BF00,0,1207
278352,75.4375,-3.75,4.25,#B6BCB2,1,1207
278381,75.4375,4.625,-100.75,#00C4FF,0,1207
278451,75.4375,31.5,-6.875,#EDA5C7,1,1207
278456,75.4375,34.125,-33.25,#DBA6F7,1,1207
278484,75.4375,45.25,-15.875,#FD9AD8,1,1207
278494,75.4375,51.75,-92.125,#A5A0FF,0,1207
278521,75.4375,79.375,-46.875,#FF77FF,0,1207
278534,75.4375,99.375,-74.25,#FF5BFF,0,1207
278540,75.4375,109.625,68.25,#FF0044,0,1207
278554,75.5,-122.875,-58.75,#00EBFF,0,1208
278556,75.5,-117.875,-63.25,#00EAFF,0,1208
278578,75.5,-82.875,124.875,#00DA00,0,1208
278582,75.5,-76.625,14.875,#00DA9C,0,1208
278608,75.5,-54.0,55.5,#6AD14B,1,1208
278619,75.5,-45.875,76.375,#89CD00,0,1208
278635,75.5,-35.25,67.875,#9DC92B,1,1208
278654,75.5,-25.125,-115.125,#00D5FF,0,1208
278663,75.5,-20.125,-47.125,#00C9FF,0,1208
278683,75.5,-11.875,76.5,#CABD02,1,1208
278719,75.5,2.5,-116.625,#00C8FF,0,1208
278725,75.5,5.125,95.25,#E7B300,0,1208
278746,75.5,13.75,47.375,#EBAF62,1,1208
278836,75.5,71.125,118.625,#FF7500,0,1208
278863,75.5,107.875,2.125,#FF16BB,0,1208
278904,75.5625,-85.25,10.875,#00DDA4,0,1209
278910,75.5625,-68.375,105.0,#55D500,0,1209
278915,75.5625,-63.125,-91.875,#00E0FF,0,1209
278926,75.5625,-52.125,-57.25,#00D7FF,0,1209
278940,75.5625,-41.75,-49.375,#00D3FF,0,1209
278945,75.5625,-35.25,27.5,#86CA86,1,1209
278948,75.5625,-31.625,-43.125,#00CEFF,0,1209
278953,75.5625,-29.125,120.5,#B2C600,0,1209
278983,75.5625,-12.875,61.25,#C4BE41,1,1209
278990,75.5625,-8.75,-20.0,#90C1DE,1,1209
279096,75.5625,45.875,87.25,#FF9400,0,1209
279124,75.5625,67.625,127.0,#FF7A00,0,1209
279125,75.5625,67.875,-1.75,#FF80C0,0,1209
279126,75.5625,68.375,-12.625,#FF81D3,0,1209
279131,75.5625,70.0,59.375,#FF7850,0,1209
279135,75.5625,73.625,1.125,#FF78BB,0,1209
279146,75.5625,79.875,-103.125,#D685FF,0,1209
279152,75.5625,83.0,-117.25,#BE86FF,0,1209
279170,75.5625,106.625,126.875,#FF0000,0,1209
279177,75.5625,112.375,50.875,#FF0065,0,1209
279195,75.625,-122.25,10.375,#00E6A4,0,1210
279197,75.625,-117.0,117.625,#00E300,0,1210
279199,75.625,-115.875,17.125,#00E597,0,1210
279232,75.625,-71.0,74.625,#39D700,0,1210
279240,75.625,-62.75,-1.625,#00D7BC,0,1210
279254,75.625,-52.25,1.75,#00D3B6,0,1210
279406,75.625,21.75,-81.375,#57B6FF,0,1210
279473,75.625,64.75,-31.25,#FF88F5,0,1210
279478,75.625,67.5,-73.0,#ED8DFF,0,1210
279491,75.625,77.25,-128.0,#8990FF,0,1210
279492,75.625,77.375,70.625,#FF6D38,0,1210
279499,75.625,83.0,-30.625,#FF6FF5,0,1210
279522,75.625,113.5,-20.75,#FF00E4,0,1210
279572,75.6875,-54.375,63.375,#6FD137,1,1211
279630,75.6875,-17.125,32.125,#B1C27E,1,1211
279636,75.6875,-14.75,-31.25,#68C5F3,1,1211
279641,75.6875,-12.375,-8.0,#98C2C9,1,1211
279673,75.6875,0.625,79.0,#DFB700,0,1211
279706,75.6875,13.125,-31.75,#B4B5F5,1,1211
279725,75.6875,22.25,83.375,#FFA800,0,1211
279799,75.6875,77.5,-89.75,#E885FF,0,1211
279820,75.6875,103.375,88.625,#FF2100,0,1211
279823,75.6875,108.75,-6.375,#FF16CA,0,1211
279837,75.6875,123.5,-22.125,#FF00E7,0,1211
279892,75.75,-65.5,-20.875,#00D9DF,0,1212
279903,75.75,-60.5,4.125,#00D6B1,0,1212
279907,75.75,-53.0,-13.375,#00D4D2,0,1212
279919,75.75,-43.375,95.0,#94CD00,0,1212
279924,75.75,-37.5,-35.875,#00D0FC,0,1212
279962,75.75,-6.375,45.625,#CBBC65,1,1212
279998,75.75,7.125,34.125,#DCB47C,1,1212
280018,75.75,14.5,21.875,#E3B093,1,1212
280020,75.75,15.625,118.5,#F9AD00,0,1212
280055,75.75,28.625,127.0,#FFA300,0,1212
280068,75.75,34.0,-79.75,#90AEFF,0,1212
280096,75.75,49.0,-123.625,#00ABFF,0,1212
280107,75.75,58.375,-71.5,#DD97FF,0,1212
280123,75.75,85.0,86.0,#FF5E00,0,1212
280145,75.75,104.875,34.125,#FF2283,0,1212
280174,75.8125,-102.125,41.75,#00E168,0,1213
280180,75.8125,-97.0,-74.875,#00E8FF,0,1213
280231,75.8125,-33.125,76.25,#A5C900,0,1213
280237,75.8125,-29.75,1.75,#77CAB7,1,1213
280289,75.8125,-1.125,-42.625,#7CBFFF,0,1213
280374,75.8125,41.125,-50.875,#D6A3FF,0,1213
280377,75.8125,42.5,18.0,#FF9B9C,0,1213
280384,75.8125,47.5,47.75,#FF9465,0,1213
280413,75.8125,68.125,-102.625,#BA94FF,0,1213
280416,75.8125,69.125,108.75,#FF7900,0,1213
280427,75.8125,85.625,22.25,#FF6297,0,1213
280438,75.8125,101.125,67.0,#FF3145,0,1213
280441,75.8125,102.625,52.5,#FF2B62,0,1213
280456,75.8125,125.75,48.75,#FF006B,0,1213
280521,75.875,-37.0,-53.125,#00D2FF,0,1214
280526,75.875,-33.5,36.25,#92CA76,1,1214
280566,75.875,-10.625,120.5,#D2BD00,0,1214
280567,75.875,-9.25,22.125,#BABF92,1,1214
280570,75.875,-8.875,-55.5,#06C5FF,0,1214
280639,75.875,23.0,-27.875,#CDAFEF,1,1214
280642,75.875,23.375,-97.25,#00B9FF,0,1214
280657,75.875,34.25,5.5,#FAA3B2,1,1214
280674,75.875,47.375,77.625,#FF931C,0,1214
280677,75.875,48.875,-104.0,#76A7FF,0,1214
280723,75.875,85.25,-2.0,#FF66C2,0,1214
280732,75.875,93.875,8.25,#FF52B0,0,1214
280739,75.875,102.375,-67.625,#FF52FF,0,1214
280758,75.9375,-128.0,94.0,#00E600,0,1215
280765,75.9375,-111.5,-22.375,#00E7E2,0,1215
280784,75.9375,-76.5,37.875,#00DA71,0,1215
280787,75.9375,-73.875,-0.375,#00DBBA,0,1215
280788,75.9375,-73.75,52.75,#00D951,0,1215
280801,75.9375,-55.5,8.75,#00D4A9,0,1215
280812,75.9375,-45.875,-28.5,#00D3EE,0,1215
280820,75.9375,-37.75,-61.625,#00D3FF,0,1215
280821,75.9375,-37.25,-15.375,#25CFD6,1,1215
280838,75.9375,-29.75,-83.625,#00D3FF,0,1215
280842,75.9375,-26.625,-33.375,#00CCF8,0,1215
280877,75.9375,-7.625,-82.125,#00C8FF,0,1215
280882,75.9375,-6.5,-11.75,#A2C0D0,1,1215
280895,75.9375,2.25,4.25,#C3BAB3,1,1215
280937,75.9375,18.0,-117.375,#00C0FF,0,1215
280949,75.9375,23.625,-105.375,#00BAFF,0,1215
280986,75.9375,45.125,-88.625,#9BA7FF,0,1215
281000,75.9375,52.75,118.25,#FF8D00,0,1215
281037,75.9375,91.625,99.75,#FF4F00,0,1215
281038,75.9375,92.875,-44.375,#FF61FF,0,1215
281050,75.9375,108.25,45.375,#FF0070,0,1215
281057,75.9375,116.625,-13.625,#FF00D8,0,1215
281069,76.0,-128.0,57.125,#00E743,0,1216
281071,76.0,-123.125,80.25,#00E600,0,1216
281086,76.0,-95.625,-28.75,#00E4EE,0,1216
281104,76.0,-50.0,-100.25,#00DEFF,0,1216
281118,76.0,-35.75,-121.75,#00DCFF,0,1216
281152,76.0,-17.25,93.75,#C5C100,0,1216
281158,76.0,-14.625,-78.875,#00CCFF,0,1216
281190,76.0,-1.625,-89.75,#00C7FF,0,1216
281234,76.0,11.875,-127.125,#00C6FF,0,1216
281237,76.0,13.375,80.375,#F3AF00,0,1216
281243,76.0,16.375,-0.625,#D9B1BD,1,1216
281255,76.0,20.75,94.875,#FFAA00,0,1216
281279,76.0,35.5,118.0,#FF9E00,0,1216
281289,76.0,40.625,-128.0,#00B3FF,0,1216
281290,76.0,40.75,99.25,#FF9900,0,1216
281294,76.0,41.375,127.0,#FF9900,0,1216
281315,76.0,57.125,-52.625,#F395FF,0,1216
281327,76.0,69.5,-48.875,#FF87FF,0,1216
281335,76.0,76.0,54.0,#FF715C,0,1216
281341,76.0,84.75,-93.875,#F27DFF,0,1216
281344,76.0,87.625,-111.625,#D97FFF,0,1216
281349,76.0,99.875,-36.875,#FF4EFF,0,1216
281355,76.0,109.875,-118.375,#FE59FF,0,1216
281357,76.0,114.75,-95.5,#FF3BFF,0,1216
281360,76.0,118.25,87.0,#FF0017,0,1216
281370,76.0,126.625,31.75,#FF008A,0,1216
281379,76.0625,-106.75,37.25,#00E371,0,1217
281381,76.0625,-99.375,71.0,#00E013,0,1217
281386,76.0625,-88.625,98.75,#00DD00,0,1217
281441,76.0625,-33.625,54.375,#9DCA51,1,1217
281486,76.0625,-6.25,54.75,#CFBC52,1,1217
281506,76.0625,2.875,-38.125,#92BDFF,0,1217
281553,76.0625,24.625,36.375,#FAA97A,1,1217
281563,76.0625,32.25,-124.75,#00B9FF,0,1217
281603,76.0625,70.125,-122.75,#8398FF,0,1217
281608,76.0625,73.875,-111.375,#B590FF,0,1217
281610,76.0625,75.375,127.0,#FF7000,0,1217
281637,76.0625,101.5,-87.625,#FF5DFF,0,1217
281672,76.125,-103.875,-2.875,#00E4BE,0,1218
281690,76.125,-74.75,-51.375,#00E0FF,0,1218
281709,76.125,-56.125,106.5,#7BD300,0,1218
281771,76.125,-18.25,67.5,#BFC331,1,1218
281849,76.125,16.5,99.875,#FAAD00,0,1218
281897,76.125,36.625,-61.375,#BEA9FF,0,1218
281905,76.125,41.25,-29.5,#EEA1F3,1,1218
281924,76.125,52.125,-35.25,#FB98FE,1,1218
281926,76.125,53.0,12.125,#FF92A8,0,1218
281943,76.125,74.0,95.25,#FF7300,0,1218
281963,76.125,95.25,-25.25,#FF57ED,0,1218
281980,76.125,119.875,-2.0,#FF00C4,0,1218
281985,76.125,126.75,-46.75,#FF00FF,0,1218
282009,76.1875,-81.0,51.375,#00DC55,0,1219
282026,76.1875,-59.625,-15.0,#00D8D6,0,1219
282028,76.1875,-57.25,-96.25,#00E0FF,0,1219
282040,76.1875,-51.875,-28.625,#00D6EF,0,1219
282042,76.1875,-48.75,46.125,#74D162,1,1219
282055,76.1875,-41.375,-22.125,#00D2E3,0,1219
282072,76.1875,-30.5,-28.125,#03CEEF,1,1219
282088,76.1875,-20.75,-108.25,#00D4FF,0,1219
282100,76.1875,-15.25,-123.5,#00D4FF,0,1219
282119,76.1875,-8.25,-70.5,#00C8FF,0,1219
282143,76.1875,-0.25,61.875,#DBB943,1,1219
282161,76.1875,4.75,23.375,#D4B891,1,1219
282175,76.1875,11.75,58.125,#EDB24D,1,1219
282183,76.1875,14.625,-107.5,#00C1FF,0,1219
282210,76.1875,24.25,117.875,#FFA800,0,1219
282270,76.1875,56.5,42.75,#FF8C70,0,1219
282291,76.1875,69.25,23.5,#FF7E94,0,1219
282317,76.1875,89.375,-61.75,#FF6DFF,0,1219
282321,76.1875,99.875,7.75,#FF42B2,0,1219
282327,76.1875,111.75,-56.5,#FF2CFF,0,1219
282328,76.1875,113.25,-109.625,#FF4BFF,0,1219
282331,76.1875,119.875,78.625,#FF0031,0,1219
282332,76.1875,120.25,-65.5,#FF00FF,0,1219
282354,76.25,-93.25,45.625,#00E061,0,1220
282357,76.25,-86.625,68.0,#00DD25,0,1220
282358,76.25,-83.375,-30.25,#00E1F2,0,1220
282371,76.25,-70.625,-102.25,#00E5FF,0,1220
282407,76.25,-29.25,-89.625,#00D5FF,0,1220
282408,76.25,-29.125,26.375,#95CA8A,1,1220
282413,76.25,-27.25,45.25,#A6C865,1,1220
282456,76.25,-9.5,-62.5,#00C7FF,0,1220
282497,76.25,2.625,-2.375,#BFBBC0,1,1220
282563,76.25,30.0,61.75,#FFA447,0,1220
282579,76.25,37.375,-110.75,#00B2FF,0,1220
282605,76.25,53.625,60.25,#FF8E4D,0,1220
282607,76.25,54.0,-81.875,#C39EFF,0,1220
282610,76.25,56.875,29.625,#FF8C89,0,1220
282614,76.25,58.0,-40.5,#FF93FF,0,1220
282642,76.25,86.0,-78.25,#FF77FF,0,1220
282655,76.25,113.875,114.0,#FF0000,0,1220
282665,76.25,126.625,-35.75,#FF00FF,0,1220
282666,76.3125,-128.0,14.375,#00E99E,0,1221
282746,76.3125,-26.375,84.5,#B5C700,0,1221
282794,76.3125,-2.125,-107.875,#00CBFF,0,1221
282833,76.3125,15.375,-98.0,#00BFFF,0,1221
282883,76.3125,55.875,36.625,#FF8D7C,0,1221
282894,76.3125,68.375,-96.125,#CB93FF,0,1221
282916,76.3125,92.0,87.0,#FF5003,0,1221
282926,76.3125,108.875,80.875,#FF0028,0,1221
282944,76.375,-119.75,-5.0,#00E9C3,0,1222
282969,76.375,-84.625,18.0,#00DF98,0,1222
282976,76.375,-75.0,65.25,#00DA31,0,1222
282999,76.375,-57.75,-60.375,#00DCFF,0,1222
283000,76.375,-56.5,-72.0,#00DDFF,0,1222
283004,76.375,-52.5,-63.75,#00DBFF,0,1222
283038,76.375,-22.0,35.75,#ABC679,1,1222
283056,76.375,-14.625,-104.625,#00D1FF,0,1222
283090,76.375,-1.625,-101.75,#00CAFF,0,1222
283112,76.375,6.875,-86.625,#00C2FF,0,1222
283135,76.375,18.125,-36.875,#BAB4FF,0,1222
283150,76.375,23.875,51.0,#FEAA5E,1,1222
283151,76.375,24.125,-65.0,#98B4FF,0,1222
283160,76.375,32.25,23.5,#FFA593,0,1222
283165,76.375,35.875,-68.375,#B1ACFF,0,1222
283211,76.375,85.0,10.125,#FF67AE,0,1222
283213,76.375,86.25,44.625,#FF6070,0,1222
283235,76.375,115.5,15.5,#FF00A6,0,1222
283253,76.4375,-113.5,81.875,#00E500,0,1223
283256,76.4375,-111.75,-34.375,#00E9FA,0,1223
283274,76.4375,-92.375,28.625,#00E184,0,1223
283301,76.4375,-62.0,63.75,#5AD637,1,1223
283325,76.4375,-44.125,68.75,#8DCF2A,1,1223
283393,76.4375,-4.25,11.625,#BEBEA7,1,1223
283399,76.4375,-1.875,116.875,#E1BA00,0,1223
283448,76.4375,19.75,61.375,#FAAD47,1,1223
283544,76.4375,98.875,40.125,#FF4179,0,1223
283548,76.4375,103.0,-9.25,#FF3DD1,0,1223
283557,76.4375,115.125,-76.875,#FF2CFF,0,1223
283559,76.4375,117.125,56.125,#FF005E,0,1223
283573,76.5,-117.0,-31.25,#00EAF4,0,1224
283575,76.5,-111.875,-40.5,#00EAFF,0,1224
283584,76.5,-100.625,90.25,#00E200,0,1224
283593,76.5,-78.5,-79.0,#00E5FF,0,1224
283596,76.5,-75.125,25.0,#00DC8C,0,1224
283625,76.5,-43.875,3.75,#48D2B4,1,1224
283665,76.5,-16.875,25.0,#AFC48E,1,1224
283707,76.5,1.5,100.25,#E5B800,0,1224
283736,76.5,11.5,-73.375,#48BEFF,0,1224
283756,76.5,19.375,41.25,#F5AE71,1,1224
283762,76.5,21.125,-128.0,#00C2FF,0,1224
283809,76.5,53.25,-75.625,#CD9FFF,0,1224
283818,76.5,60.0,-64.375,#EC96FF,0,1224
283828,76.5,67.5,34.25,#FF8082,0,1224
283840,76.5,86.875,-24.5,#FF69EC,0,1224
283872,76.5625,-122.625,-46.375,#00EDFF,0,1225
283970,76.5625,-10.25,85.375,#D1BF00,0,1225
283992,76.5625,-0.875,19.75,#CABC99,1,1225
284006,76.5625,3.25,41.0,#DBB971,1,1225
284060,76.5625,27.0,110.125,#FFA700,0,1225
284066,76.5625,31.75,-27.375,#E0AAF0,1,1225
284085,76.5625,43.375,64.125,#FF9944,0,1225
284095,76.5625,51.75,-56.625,#E69DFF,0,1225
284099,76.5625,53.75,-44.875,#F699FF,0,1225
284155,76.5625,92.375,47.75,#FF536B,0,1225
284163,76.5625,102.75,-81.0,#FF5AFF,0,1225
284164,76.5625,104.625,-27.0,#FF3EF2,0,1225
284176,76.5625,120.125,28.25,#FF0091,0,1225
284207,76.625,-98.875,-87.375,#00ECFF,0,1226
284223,76.625,-82.875,-83.125,#00E7FF,0,1226
284267,76.625,-29.875,-17.5,#51CEDC,1,1226
284286,76.625,-15.75,8.375,#A4C5AD,1,1226
284330,76.625,2.625,-50.625,#77C0FF,0,1226
284423,76.625,41.25,30.125,#FF9D88,0,1226
284452,76.625,59.375,-117.0,#6EA3FF,0,1226
284473,76.625,86.875,74.125,#FF5E34,0,1226
284492,76.625,126.25,-104.25,#FF00FF,0,1226
284514,76.6875,-106.25,-18.375,#00E8DD,0,1227
284532,76.6875,-77.75,95.875,#26DC00,0,1227
284542,76.6875,-65.5,32.25,#00D97E,0,1227
284671,76.6875,6.875,-9.25,#C2BACE,1,1227
284682,76.6875,14.25,86.375,#F7B100,0,1227
284708,76.6875,28.875,-74.625,#90B3FF,0,1227
284759,76.6875,63.125,-19.0,#FF8BE2,0,1227
284761,76.6875,64.75,-78.5,#E294FF,0,1227
284773,76.6875,77.875,106.125,#FF6E00,0,1227
284782,76.6875,92.0,37.25,#FF567F,0,1227
284811,76.75,-117.75,57.875,#00E744,0,1228
284818,76.75,-102.5,47.75,#00E45D,0,1228
284823,76.75,-94.625,8.5,#00E3AB,0,1228
284830,76.75,-87.75,-68.375,#00E7FF,0,1228
284836,76.75,-77.0,8.625,#00DEAB,0,1228
284846,76.75,-67.375,-36.625,#00DEFF,0,1228
284863,76.75,-53.75,82.0,#7CD400,0,1228
284893,76.75,-30.625,11.375,#84CCA7,1,1228
284900,76.75,-26.5,7.0,#8ACBB0,1,1228
284981,76.75,16.125,-50.25,#A1B8FF,0,1228
285010,76.75,27.0,-19.5,#DFADE2,1,1228
285018,76.75,33.25,-87.125,#79B2FF,0,1228
285019,76.75,33.375,99.0,#FFA200,0,1228
285023,76.75,38.25,60.0,#FF9F4D,0,1228
285058,76.75,65.75,48.0,#FF8269,0,1228
285073,76.75,79.125,-10.25,#FF75D3,0,1228
285076,76.75,87.0,91.875,#FF5D00,0,1228
285086,76.75,106.75,-90.5,#FF55FF,0,1228
285087,76.75,108.0,-46.125,#FF3BFF,0,1228
285100,76.75,126.75,-12.875,#FF00DA,0,1228
285102,76.8125,-128.0,-30.5,#00EEF3,0,1229
285103,76.8125,-128.0,-4.25,#00ECC2,0,1229
285104,76.8125,-123.125,98.375,#00E800,0,1229
285108,76.8125,-104.25,82.875,#00E400,0,1229
285114,76.8125,-93.875,-8.625,#00E4CB,0,1229
285138,76.8125,-68.125,-66.875,#00E2FF,0,1229
285142,76.8125,-62.375,-70.0,#00E0FF,0,1229
285189,76.8125,-22.0,-54.875,#00CEFF,0,1229
285197,76.8125,-17.875,-19.625,#7AC9E1,1,1229
285273,76.8125,18.625,-14.75,#D4B3D9,1,1229
285280,76.8125,21.625,-42.625,#BBB4FF,0,1229
285283,76.8125,23.0,22.875,#F4AD95,1,1229
285316,76.8125,38.125,-99.25,#5AB1FF,0,1229
285344,76.8125,58.375,-87.25,#C59DFF,0,1229
285347,76.8125,59.75,76.25,#FF8828,0,1229
285354,76.8125,67.25,13.5,#FF83A8,0,1229
285376,76.8125,95.875,64.0,#FF494D,0,1229
285377,76.8125,97.875,-53.375,#FF5CFF,0,1229
285395,76.8125,124.125,22.875,#FF009B,0,1229
285400,76.875,-113.75,-80.125,#00F0FF,0,1230
285401,76.875,-113.625,90.75,#00E600,0,1230
285413,76.875,-94.5,93.5,#00E100,0,1230
285425,76.875,-73.625,-38.375,#00E1FF,0,1230
285439,76.875,-60.5,82.25,#6BD700,0,1230
285440,76.875,-59.0,-83.0,#00E1FF,0,1230
285441,76.875,-57.625,21.375,#28D794,1,1230
285468,76.875,-23.25,-79.25,#00D2FF,0,1230
285524,76.875,5.0,-77.75,#00C3FF,0,1230
285577,76.875,27.0,97.5,#FFA800,0,1230
285583,76.875,28.25,89.875,#FFA700,0,1230
285598,76.875,37.75,-117.25,#00B5FF,0,1230
285618,76.875,50.25,23.625,#FF9695,0,1230
285656,76.875,84.5,-72.0,#FF7AFF,0,1230
285669,76.875,95.5,-104.875,#FA72FF,0,1230
285680,76.875,112.25,-66.125,#FF35FF,0,1230
285684,76.875,114.375,-29.5,#FF00F7,0,1230
285692,76.875,118.625,-101.625,#FF34FF,0,1230
285723,76.9375,-70.625,19.0,#00DC98,0,1231
285748,76.9375,-42.75,-119.25,#00E1FF,0,1231
285750,76.9375,-42.25,35.0,#7ED17B,1,1231
285787,76.9375,-14.25,-90.375,#00D0FF,0,1231
285812,76.9375,-5.625,-118.0,#00D0FF,0,1231
285915,76.9375,36.5,84.375,#FFA000,0,1231
285924,76.9375,45.75,-22.625,#FD9EE9,1,1231
285929,76.9375,48.0,32.75,#FF9784,0,1231
285945,76.9375,59.75,24.0,#FF8B95,0,1231
285965,76.9375,82.25,-18.875,#FF72E3,0,1231
285972,76.9375,89.0,3.375,#FF62BC,0,1231
285978,76.9375,98.625,106.5,#FF3E00,0,1231
285994,77.0,-101.75,-35.5,#00E9FE,0,1232
286007,77.0,-78.375,75.75,#00DD00,0,1232
286040,77.0,-44.0,-58.375,#00D9FF,0,1232
286065,77.0,-25.625,-71.875,#00D3FF,0,1232
286094,77.0,-12.125,39.625,#C1C373,1,1232
286157,77.0,12.875,110.0,#F9B200,0,1232
286204,77.0,42.625,0.125,#FF9FBF,0,1232
286213,77.0,48.375,57.375,#FF9655,0,1232
286242,77.0,75.5,39.5,#FF767A,0,1232
286275,77.0,115.875,69.625,#FF0046,0,1232
286282,77.0625,-128.0,-43.375,#00EFFF,0,1233
286283,77.0625,-128.0,33.0,#00EB7C,0,1233
286299,77.0625,-85.0,45.625,#00E063,0,1233
286341,77.0625,-40.0,76.625,#9BCF00,0,1233
286359,77.0625,-31.5,115.125,#B2CB00,0,1233
286397,77.0625,-8.5,-106.125,#00D0FF,0,1233
286399,77.0625,-8.0,-89.875,#00CDFF,0,1233
286418,77.0625,-0.875,0.0,#BDBFBE,1,1233
286419,77.0625,-0.5,107.25,#E5BB00,0,1233
286429,77.0625,5.0,126.875,#EEB700,0,1233
286495,77.0625,44.375,-118.75,#00B1FF,0,1233
286506,77.0625,53.0,66.875,#FF9141,0,1233
286528,77.0625,73.125,-56.125,#FF86FF,0,1233
286535,77.0625,78.0,59.875,#FF7154,0,1233
286555,77.0625,101.625,121.0,#FF3200,0,1233
286560,77.0625,105.5,-100.375,#FF5DFF,0,1233
286577,77.125,-123.25,107.875,#00E900,0,1234
286581,77.125,-113.875,100.0,#00E700,0,1234
286582,77.125,-110.875,-69.625,#00EEFF,0,1234
286584,77.125,-104.625,123.75,#00E400,0,1234
286588,77.125,-96.0,125.5,#00E200,0,1234
286595,77.125,-84.125,34.75,#00E07A,0,1234
286607,77.125,-68.875,-55.625,#00E2FF,0,1234
286618,77.125,-61.875,-7.875,#00DBCB,0,1234
286629,77.125,-49.625,-115.5,#00E3FF,0,1234
286640,77.125,-41.875,-70.375,#00DAFF,0,1234
286647,77.125,-38.0,58.5,#98CF4A,1,1234
286649,77.125,-37.375,84.75,#A2CE00,0,1234
286673,77.125,-23.625,-63.375,#00D1FF,0,1234
286753,77.125,8.625,-64.875,#63C0FF,0,1234
286826,77.125,52.75,110.875,#FF9000,0,1234
286843,77.125,66.375,-128.0,#57A0FF,0,1234
286858,77.125,79.5,-122.0,#AC90FF,0,1234
286879,77.125,103.75,-61.5,#FF51FF,0,1234
286888,77.125,120.625,107.625,#FF0000,0,1234
286893,77.125,125.75,-2.875,#FF00C9,0,1234
286944,77.1875,-53.875,-19.5,#00D9E1,0,1235
287009,77.1875,-9.125,104.5,#D7C000,0,1235
287092,77.1875,22.125,5.0,#EAB0B6,1,1235
287096,77.1875,23.875,-116.125,#00C0FF,0,1235
287114,77.1875,36.625,77.0,#FFA120,0,1235
287142,77.1875,59.0,89.75,#FF8A00,0,1235
287143,77.1875,62.125,120.625,#FF8600,0,1235
287161,77.1875,77.0,-38.5,#FF7EFF,0,1235
287172,77.1875,93.125,-38.25,#FF63FF,0,1235
287174,77.1875,97.5,91.75,#FF4400,0,1235
287175,77.1875,101.25,-93.625,#FF64FF,0,1235
287192,77.25,-128.0,-72.5,#00F3FF,0,1236
287193,77.25,-128.0,63.625,#00EB34,0,1236
287197,77.25,-117.375,41.5,#00E96B,0,1236
287211,77.25,-88.875,-56.75,#00E8FF,0,1236
287217,77.25,-77.875,-16.75,#00E1DC,0,1236
287220,77.25,-72.0,-44.375,#00E2FF,0,1236
287232,77.25,-52.875,-87.125,#00E0FF,0,1236
287239,77.25,-48.75,100.625,#8ED300,0,1236
287242,77.25,-46.125,51.625,#82D359,1,1236
287243,77.25,-45.25,121.5,#98D100,0,1236
287255,77.25,-36.75,121.0,#A9CE00,0,1236
287264,77.25,-27.0,109.125,#BAC900,0,1236
287278,77.25,-16.625,53.125,#C0C558,1,1236
287288,77.25,-7.875,-43.75,#64C7FF,0,1236
287334,77.25,7.125,-29.375,#AEBDF5,1,1236
287352,77.25,12.75,70.125,#F4B332,1,1236
287368,77.25,21.375,13.625,#EEB0A7,1,1236
287381,77.25,28.625,-49.5,#C2B1FF,0,1236
287421,77.25,53.75,-9.5,#FF96D2,0,1236
287429,77.25,59.375,10.625,#FF8EAE,0,1236
287444,77.25,79.25,122.125,#FF6D00,0,1236
287450,77.25,86.0,-85.25,#FF7CFF,0,1236
287452,77.25,87.75,-9.0,#FF67D2,0,1236
287456,77.25,91.5,-120.125,#D480FF,0,1236
287471,77.25,114.875,4.25,#FF00BC,0,1236
287472,77.25,118.875,127.0,#FF0000,0,1236
287490,77.3125,-101.75,32.5,#00E67E,0,1237
287492,77.3125,-96.75,104.25,#00E300,0,1237
287493,77.3125,-96.375,23.625,#00E590,0,1237
287503,77.3125,-80.125,86.5,#00DE00,0,1237
287545,77.3125,-46.5,-52.875,#00DAFF,0,1237
287619,77.3125,-3.25,-73.75,#00C9FF,0,1237
287639,77.3125,5.625,-21.5,#B5BDE7,1,1237
287654,77.3125,10.875,-58.25,#82BEFF,0,1237
287678,77.3125,21.125,-74.5,#77BAFF,0,1237
287681,77.3125,21.875,126.375,#FFAC00,0,1237
287698,77.3125,32.5,-14.125,#EFAADA,1,1237
287724,77.3125,47.25,-97.125,#8EAAFF,0,1237
287734,77.3125,52.0,90.875,#FF9200,0,1237
287741,77.3125,56.75,97.5,#FF8D00,0,1237
287747,77.3125,61.875,-47.125,#FF93FF,0,1237
287749,77.3125,64.375,39.75,#FF8679,0,1237
287761,77.3125,75.75,-65.75,#FF86FF,0,1237
287772,77.3125,80.5,-53.625,#FF7DFF,0,1237
287780,77.3125,95.5,-68.0,#FF67FF,0,1237
287782,77.3125,96.0,-5.0,#FF55CC,0,1237
287785,77.3125,100.0,0.625,#FF49C2,0,1237
287810,77.375,-101.25,-63.0,#00ECFF,0,1238
287818,77.375,-87.5,-25.875,#00E5ED,0,1238
287821,77.375,-83.625,28.5,#00E187,0,1238
287829,77.375,-76.0,-87.875,#00E8FF,0,1238
287830,77.375,-75.625,-7.875,#00E0CC,0,1238
287832,77.375,-75.375,-26.875,#00E2EF,0,1238
287836,77.375,-69.5,40.0,#00DC71,0,1238
287838,77.375,-68.25,4.75,#00DDB4,0,1238
287840,77.375,-65.625,87.75,#5FDA00,0,1238
287843,77.375,-63.0,-108.25,#00E7FF,0,1238
287845,77.375,-62.0,106.625,#6FD800,0,1238
287849,77.375,-58.875,29.5,#3BD986,1,1238
287850,77.375,-56.0,35.75,#55D77A,1,1238
287866,77.375,-38.75,-89.875,#00DCFF,0,1238
287899,77.375,-18.0,109.0,#CAC500,0,1238
287903,77.375,-17.0,119.875,#CCC500,0,1238
288023,77.375,38.25,53.125,#FFA15D,0,1238
288040,77.375,55.625,-125.0,#00AAFF,0,1238
288063,77.375,79.0,4.0,#FF75BB,0,1238
288080,77.375,104.75,20.0,#FF33A0,0,1238
288095,77.375,116.5,35.875,#FF0085,0,1238
288102,77.375,121.0,-72.125,#FF00FF,0,1238
288111,77.4375,-122.25,-20.25,#00EEE2,0,1239
288152,77.4375,-63.125,-44.0,#00DFFF,0,1239
288159,77.4375,-58.625,101.125,#77D700,0,1239
288186,77.4375,-38.5,-97.125,#00DDFF,0,1239
288188,77.4375,-37.5,98.625,#A6CF00,0,1239
288194,77.4375,-29.5,-49.75,#00D3FF,0,1239
288228,77.4375,-10.875,110.375,#D6C200,0,1239
288240,77.4375,-5.75,79.875,#DABF00,0,1239
288322,77.4375,27.5,-60.0,#AEB4FF,0,1239
288380,77.4375,70.875,-22.625,#FF84EB,0,1239
288398,77.4375,86.625,-100.0,#F180FF,0,1239
288413,77.4375,105.75,-75.75,#FF53FF,0,1239
288416,77.4375,106.875,-34.0,#FF3DFF,0,1239
288418,77.4375,107.75,55.25,#FF1361,0,1239
288426,77.4375,121.875,-50.25,#FF00FF,0,1239
288428,77.4375,124.25,120.875,#FF0000,0,1239
288440,77.5,-116.625,3.25,#00EBB6,0,1240
288472,77.5,-73.5,107.75,#49DD00,0,1240
288474,77.5,-72.375,33.125,#00DE7F,0,1240
288485,77.5,-61.25,15.375,#00DBA1,0,1240
288487,77.5,-59.25,-29.25,#00DDF4,0,1240
288558,77.5,-16.25,-60.125,#00CEFF,0,1240
288619,77.5,3.125,12.625,#CFBDA8,1,1240
288627,77.5,6.625,-0.25,#CCBBC0,1,1240
288676,77.5,25.875,-4.375,#EBAFC8,1,1240
288709,77.5,43.25,121.25,#FF9B00,0,1240
288733,77.5,56.5,1.5,#FF93BF,0,1240
288743,77.5,63.25,-57.75,#FD94FF,0,1240
288745,77.5,65.125,99.875,#FF8300,0,1240
288747,77.5,65.5,-25.5,#FF8CF0,0,1240
288756,77.5,75.25,-83.25,#F38BFF,0,1240
288773,77.5,92.125,120.125,#FF5400,0,1240
288782,77.5,106.5,-20.75,#FF3AE9,0,1240
288785,77.5,111.75,-86.875,#FF47FF,0,1240
288809,77.5625,-117.75,64.75,#00E932,0,1241
288825,77.5625,-76.875,-100.75,#00EBFF,0,1241
288885,77.5625,-30.0,98.5,#B4CC00,0,1241
288940,77.5625,-1.75,-128.0,#00D2FF,0,1241
288964,77.5625,8.375,121.875,#F4B600,0,1241
288997,77.5625,29.875,53.25,#FFA85D,0,1241
288999,77.5625,30.25,-102.5,#00B9FF,0,1241
289008,77.5625,34.875,-51.125,#CEADFF,0,1241
289045,77.5625,65.875,84.75,#FF8304,0,1241
289046,77.5625,66.0,-116.25,#929EFF,0,1241
289079,77.5625,121.125,-120.5,#FF3EFF,0,1241
289080,77.5625,121.25,-39.5,#FF00FF,0,1241
289089,77.625,-123.125,86.5,#00EA00,0,1242
289096,77.625,-106.375,25.125,#00E88D,0,1242
289105,77.625,-95.125,-20.25,#00E8E3,0,1242
289155,77.625,-48.125,127.0,#94D400,0,1242
289163,77.625,-38.75,40.0,#8DD173,1,1242
289172,77.625,-35.875,-25.625,#00D4EE,0,1242
289237,77.625,-3.25,-62.125,#20C8FF,0,1242
289247,77.625,1.25,29.125,#D6BD8A,1,1242
289249,77.625,2.125,-67.5,#2AC6FF,0,1242
289252,77.625,2.375,67.375,#E5BB39,1,1242
289257,77.625,4.875,-121.875,#00CDFF,0,1242
289274,77.625,9.75,-42.5,#A1BEFF,0,1242
289285,77.625,15.375,-26.125,#C5B8F0,1,1242
289307,77.625,26.75,-90.5,#4BBAFF,0,1242
289310,77.625,27.875,74.75,#FFA927,0,1242
289320,77.625,32.125,-0.125,#F9AAC1,1,1242
289325,77.625,33.375,29.875,#FFA78A,0,1242
289342,77.625,46.5,12.5,#FF9CAB,0,1242
289345,77.625,47.625,-71.375,#CBA6FF,0,1242
289385,77.625,90.0,111.0,#FF5900,0,1242
289430,77.6875,-104.125,-73.875,#00EFFF,0,1243
289440,77.6875,-93.875,55.25,#00E44F,0,1243
289446,77.6875,-84.125,-97.0,#00EDFF,0,1243
289452,77.6875,-80.875,-11.5,#00E3D3,0,1243
289461,77.6875,-67.75,-15.5,#00DFDB,0,1243
289491,77.6875,-41.125,14.5,#6CD3A4,1,1243
289494,77.6875,-39.375,126.75,#A6D000,0,1243
289498,77.6875,-35.875,4.375,#6DD2B7,1,1243
289499,77.6875,-35.25,21.0,#85D198,1,1243
289507,77.6875,-27.625,38.625,#A5CC76,1,1243
289516,77.6875,-22.875,-1.25,#8BCCC2,1,1243
289644,77.6875,42.75,-43.0,#E8A6FF,0,1243
289645,77.6875,42.75,24.375,#FF9F95,0,1243
289675,77.6875,73.375,66.125,#FF7947,0,1243
289687,77.6875,89.0,-32.375,#FF6BFE,0,1243
289690,77.6875,92.5,-128.0,#C582FF,0,1243
289693,77.6875,99.125,-111.5,#F971FF,0,1243
289699,77.6875,108.125,-13.0,#FF30DC,0,1243
289707,77.6875,118.75,-111.875,#FF41FF,0,1243
289729,77.75,-105.875,102.5,#00E700,0,1244
289736,77.75,-94.5,-67.0,#00ECFF,0,1244
289743,77.75,-86.0,-48.0,#00E8FF,0,1244
289746,77.75,-84.25,-40.125,#00E7FF,0,1244
289816,77.75,-17.625,75.75,#C6C716,1,1244
289817,77.75,-16.5,-11.875,#8ECAD5,1,1244
289864,77.75,4.125,50.375,#E3BB61,1,1244
289924,77.75,28.25,-82.875,#78B8FF,0,1244
289957,77.75,58.75,104.75,#FF8C00,0,1244
289971,77.75,72.625,6.625,#FF7FB7,0,1244
289999,77.75,99.875,-20.875,#FF51EA,0,1244
290005,77.75,105.875,-107.125,#FF62FF,0,1244
290006,77.75,106.25,28.0,#FF2B93,0,1244
290009,77.75,108.75,14.25,#FF20AC,0,1244
290017,77.75,119.75,-8.0,#FF00D4,0,1244
290028,77.8125,-124.25,119.125,#00EB00,0,1245
290032,77.8125,-122.5,36.5,#00EC77,0,1245
290106,77.8125,-55.625,-113.125,#00E7FF,0,1245
290174,77.8125,-16.0,-25.5,#77CBEF,1,1245
290307,77.8125,33.625,111.375,#FFA500,0,1245
290320,77.8125,41.625,105.0,#FF9E00,0,1245
290323,77.8125,45.25,-36.75,#F3A3FF,0,1245
290328,77.8125,54.625,-104.125,#94A7FF,0,1245
290338,77.8125,62.5,64.125,#FF884A,0,1245
290342,77.8125,66.5,-37.75,#FF8DFF,0,1245
290366,77.8125,79.75,98.875,#FF6F00,0,1245
290368,77.8125,84.0,-43.5,#FF76FF,0,1245
290397,77.8125,115.25,45.875,#FF0074,0,1245
290404,77.8125,126.75,7.625,#FF00B9,0,1245
290409,77.875,-122.5,-35.25,#00F0FF,0,1246
290423,77.875,-99.625,76.75,#00E600,0,1246
290424,77.875,-98.0,115.75,#00E500,0,1246
290427,77.875,-94.125,0.125,#00E7BE,0,1246
290430,77.875,-89.75,106.75,#00E300,0,1246
290431,77.875,-88.75,-3.875,#00E6C5,0,1246
290441,77.875,-76.625,-63.5,#00E7FF,0,1246
290446,77.875,-68.5,-30.125,#00E1F7,0,1246
290489,77.875,-26.625,-40.375,#00D2FF,0,1246
290504,77.875,-17.375,-97.375,#00D5FF,0,1246
290527,77.875,-6.75,95.0,#DCC100,0,1246
290588,77.875,14.5,-91.875,#00C3FF,0,1246
290637,77.875,46.25,-60.125,#DAA6FF,0,1246
290672,77.875,79.875,111.875,#FF6E00,0,1246
290706,77.875,126.5,-128.0,#FF2EFF,0,1246
290725,77.9375,-98.25,-53.125,#00ECFF,0,1247
290726,77.9375,-97.5,-42.75,#00EBFF,0,1247
290730,77.9375,-91.25,-93.5,#00EFFF,0,1247
290754,77.9375,-55.0,121.375,#85D700,0,1247
290768,77.9375,-40.375,115.875,#A4D100,0,1247
290800,77.9375,-12.5,98.625,#D4C400,0,1247
290840,77.9375,7.0,88.0,#F1B900,0,1247
290863,77.9375,16.5,28.5,#EFB48D,1,1247
290945,77.9375,74.5,18.125,#FF7CA3,0,1247
290966,77.9375,96.375,52.125,#FF4E67,0,1247
290978,77.9375,124.125,101.0,#FF0000,0,1247
290984,78.0,-118.0,73.0,#00EB0A,0,1248
290985,78.0,-117.625,-51.875,#00F1FF,0,1248
290990,78.0,-108.875,-6.375,#00EBCA,0,1248
290994,78.0,-106.0,-85.75,#00F2FF,0,1248
291020,78.0,-69.375,69.25,#46DD29,1,1248
291033,78.0,-52.125,19.0,#4AD99C,1,1248
291041,78.0,-43.125,-14.125,#00D7DA,0,1248
291045,78.0,-39.75,-44.125,#00D8FF,0,1248
291046,78.0,-39.375,52.625,#95D259,1,1248
291049,78.0,-37.625,-110.25,#00E0FF,0,1248
291157,78.0,10.25,97.625,#F7B700,0,1248
291160,78.0,12.75,-10.25,#D0BAD4,1,1248
291178,78.0,21.25,109.125,#FFAF00,0,1248
291188,78.0,27.0,-122.0,#00C1FF,0,1248
291229,78.0,54.75,51.625,#FF9264,0,1248
291243,78.0,71.75,-31.0,#FF86FC,0,1248
291251,78.0,74.875,27.5,#FF7B92,0,1248
291253,78.0,80.75,82.0,#FF6E1F,0,1248
291305,78.0625,-111.5,21.125,#00EB96,0,1249
291310,78.0625,-107.0,114.0,#00E800,0,1249
291314,78.0625,-106.125,2.625,#00EAB9,0,1249
291334,78.0625,-82.0,107.625,#0AE100,0,1249
291352,78.0625,-53.25,70.5,#7DD727,1,1249
291363,78.0625,-35.125,109.25,#AECF00,0,1249
291375,78.0625,-22.625,57.625,#B9CA50,1,1249
291386,78.0625,-16.0,-2.0,#9DCAC4,1,1249
291417,78.0625,-2.75,41.375,#D6C073,1,1249
291477,78.0625,17.875,-60.5,#95BCFF,0,1249
291500,78.0625,34.125,11.75,#FFA8AD,0,1249
291502,78.0625,35.0,42.875,#FFA673,0,1249
291555,78.0625,79.625,45.75,#FF7271,0,1249
291556,78.0625,81.0,91.5,#FF6D00,0,1249
291581,78.125,-122.375,22.625,#00ED93,0,1250
291596,78.125,-82.5,-61.0,#00E9FF,0,1250
291598,78.125,-81.875,-23.625,#00E6EB,0,1250
291621,78.125,-59.25,58.25,#64DA4B,1,1250
291637,78.125,-46.25,-105.125,#00E3FF,0,1250
291662,78.125,-33.125,88.875,#AFCF00,0,1250
291709,78.125,-11.0,69.125,#D1C433,1,1250
291718,78.125,-6.25,-97.5,#00D0FF,0,1250
291760,78.125,15.625,16.125,#E8B6A4,1,1250
291785,78.125,29.875,120.0,#FFA800,0,1250
291820,78.125,47.5,100.5,#FF9900,0,1250
291839,78.125,60.875,-35.375,#FF94FF,0,1250
291840,78.125,62.75,-104.25,#AFA0FF,0,1250
291843,78.125,64.5,-89.5,#D49BFF,0,1250
291871,78.125,112.125,85.875,#FF001F,0,1250
291891,78.1875,-113.125,69.375,#00EA23,0,1251
291969,78.1875,-41.25,-2.125,#4BD6C4,1,1251
291972,78.1875,-39.0,-8.625,#43D5D0,1,1251
291982,78.1875,-33.875,-66.25,#00D9FF,0,1251
291993,78.1875,-29.875,-103.75,#00DCFF,0,1251
292014,78.1875,-20.25,114.875,#C9C900,0,1251
292050,78.1875,-2.125,-13.625,#AFC4DA,1,1251
292076,78.1875,6.25,116.0,#F3BA00,0,1251
292154,78.1875,41.125,-65.25,#C8ACFF,0,1251
292203,78.1875,88.5,14.75,#FF65AB,0,1251
292210,78.1875,96.5,-97.5,#FF72FF,0,1251
292228,78.1875,126.25,72.625,#FF0045,0,1251
292235,78.25,-122.75,51.0,#00ED59,0,1252
292241,78.25,-112.75,-56.375,#00F1FF,0,1252
292244,78.25,-108.125,-60.5,#00F0FF,0,1252
292268,78.25,-72.75,-20.25,#00E3E5,0,1252
292278,78.25,-61.625,121.375,#75DB00,0,1252
292279,78.25,-60.0,75.0,#6DDA0E,1,1252
292285,78.25,-56.375,-53.125,#00E0FF,0,1252
292307,78.25,-40.875,89.75,#A0D300,0,1252
292336,78.25,-21.125,98.5,#C6C900,0,1252
292338,78.25,-19.5,88.375,#C7C900,0,1252
292345,78.25,-15.5,-42.75,#45CEFF,0,1252
292359,78.25,-8.75,-128.0,#00D7FF,0,1252
292394,78.25,4.25,-59.75,#67C5FF,0,1252
292465,78.25,39.625,-85.5,#9AB1FF,0,1252
292481,78.25,51.5,-20.75,#FF9CE9,0,1252
292489,78.25,58.5,-4.75,#FF93CC,0,1252
292505,78.25,73.375,75.375,#FF7B32,0,1252
292527,78.25,95.875,-81.25,#FF6EFF,0,1252
292530,78.25,99.0,77.0,#FF4535,0,1252
292535,78.25,106.875,-52.375,#FF49FF,0,1252
292541,78.25,118.0,121.125,#FF0000,0,1252
292543,78.25,120.75,114.5,#FF0000,0,1252
292562,78.3125,-107.375,-46.0,#00EFFF,0,1253
292571,78.3125,-90.5,117.75,#00E400,0,1253
292572,78.3125,-89.75,-82.0,#00EEFF,0,1253
292589,78.3125,-69.25,-92.625,#00EAFF,0,1253
292647,78.3125,-23.0,-128.0,#00DEFF,0,1253
292667,78.3125,-11.125,30.875,#C2C688,1,1253
292668,78.3125,-11.0,50.125,#CCC562,1,1253
292720,78.3125,16.875,-123.75,#00C9FF,0,1253
292741,78.3125,27.25,-10.25,#EBB0D5,1,1253
292769,78.3125,42.75,70.75,#FF9F39,0,1253
292801,78.3125,74.75,-72.25,#FF8BFF,0,1253
292811,78.3125,85.5,67.375,#FF6748,0,1253
292818,78.3125,91.875,-89.125,#FF77FF,0,1253
292821,78.3125,102.75,82.375,#FF3727,0,1253
292830,78.3125,109.625,109.75,#FF0000,0,1253
292836,78.3125,119.25,-18.625,#FF00E8,0,1253
292843,78.375,-116.75,-24.375,#00F0EC,0,1254
292844,78.375,-116.5,111.625,#00EB00,0,1254
292869,78.375,-68.875,121.625,#60DD00,0,1254
292899,78.375,-47.5,25.25,#68D891,1,1254
292919,78.375,-32.25,49.0,#A3D063,1,1254
293040,78.375,19.0,-111.0,#00C5FF,0,1254
293078,78.375,44.25,94.0,#FF9D00,0,1254
293081,78.375,45.625,-7.875,#FFA1D2,0,1254
293097,78.375,53.5,78.625,#FF9423,0,1254
293122,78.375,74.375,-105.125,#CD94FF,0,1254
293144,78.375,95.125,127.0,#FF4F00,0,1254
293154,78.375,105.625,63.625,#FF2B53,0,1254
293162,78.375,116.875,101.0,#FF0000,0,1254
293166,78.375,121.625,39.125,#FF0082,0,1254
293168,78.375,123.375,64.25,#FF0055,0,1254
293187,78.4375,-90.375,86.375,#00E500,0,1255
293220,78.4375,-50.125,-46.875,#00DEFF,0,1255
293225,78.4375,-46.5,110.375,#98D500,0,1255
293311,78.4375,2.25,56.125,#E4BE56,1,1255
293323,78.4375,6.0,61.125,#ECBB4B,1,1255
293324,78.4375,6.75,77.0,#F0BA1B,1,1255
293327,78.4375,9.0,-103.75,#00CAFF,0,1255
293373,78.4375,33.625,71.875,#FFA734,0,1255
293398,78.4375,47.125,112.875,#FF9A00,0,1255
293399,78.4375,48.125,-29.25,#FFA1F9,0,1255
293433,78.4375,98.125,33.875,#FF4D8A,0,1255
293443,78.4375,111.5,60.0,#FF005B,0,1255
293444,78.4375,114.125,-47.5,#FF28FF,0,1255
293448,78.4375,122.125,12.125,#FF00B2,0,1255
293468,78.5,-92.25,14.5,#00E7A4,0,1256
293471,78.5,-89.25,5.75,#00E7B5,0,1256
293479,78.5,-83.125,98.125,#00E300,0,1256
293483,78.5,-76.0,-32.75,#00E6FD,0,1256
293485,78.5,-71.375,-78.625,#00E9FF,0,1256
293489,78.5,-65.125,-81.875,#00E7FF,0,1256
293498,78.5,-56.625,-2.875,#00DDC6,0,1256
293500,78.5,-53.875,48.25,#6ED963,1,1256
293509,78.5,-47.0,9.25,#4ED8B0,1,1256
293528,78.5,-30.5,-116.125,#00E0FF,0,1256
293537,78.5,-24.0,-85.125,#00D8FF,0,1256
293552,78.5,-13.25,18.5,#B7C8A0,1,1256
293579,78.5,1.0,122.0,#ECBE00,0,1256
293614,78.5,11.75,-81.25,#00C4FF,0,1256
293618,78.5,12.625,35.875,#EEB880,1,1256
293628,78.5,18.125,51.75,#FCB461,1,1256
293641,78.5,26.0,-32.375,#D5B4FF,1,1256
293690,78.5,64.5,20.625,#FF8B9F,0,1256
293701,78.5,75.0,-95.125,#E391FF,0,1256
293702,78.5,76.875,-116.625,#B995FF,0,1256
293711,78.5,86.5,-66.5,#FF7AFF,0,1256
293713,78.5,90.75,20.625,#FF61A1,0,1256
293719,78.5,97.375,-30.5,#FF5CFD,0,1256
293722,78.5,99.375,-43.0,#FF5BFF,0,1256
293724,78.5,105.25,40.125,#FF327F,0,1256
293727,78.5,108.25,-128.0,#F06AFF,0,1256
293737,78.5,120.25,-91.375,#FF2CFF,0,1256
293739,78.5,123.75,90.25,#FF0017,0,1256
293746,78.5625,-120.625,-78.875,#00F6FF,0,1257
293765,78.5625,-71.75,94.0,#4FDF00,0,1257
293789,78.5625,-47.25,90.375,#94D600,0,1257
293792,78.5625,-42.625,46.25,#8BD568,1,1257
293814,78.5625,-21.875,126.875,#C8CA00,0,1257
293816,78.5625,-21.5,-15.125,#7CCFDE,1,1257
293833,78.5625,-12.0,-49.625,#38CEFF,0,1257
293839,78.5625,-10.5,5.5,#B2C8B8,1,1257
293888,78.5625,8.875,44.0,#EBBA70,1,1257
293896,78.5625,11.375,11.375,#E0BBAE,1,1257
293945,78.5625,34.75,-94.0,#6BB7FF,0,1257
293952,78.5625,39.125,-75.125,#B2B0FF,0,1257
293958,78.5625,46.25,-54.125,#E4A7FF,0,1257
293979,78.5625,66.75,-7.125,#FF8BD2,0,1257
293984,78.5625,70.625,-89.75,#E395FF,0,1257
294007,78.5625,101.625,-120.875,#F073FF,0,1257
294011,78.5625,104.375,-115.5,#FF6CFF,0,1257
294022,78.5625,116.25,-61.625,#FF28FF,0,1257
294034,78.625,-128.0,-58.875,#00F6FF,0,1258
294041,78.625,-121.375,15.75,#00EFA2,0,1258
294069,78.625,-63.5,21.5,#00DE98,0,1258
294094,78.625,-29.375,71.75,#B3CF29,1,1258
294097,78.625,-27.0,18.375,#9AD0A0,1,1258
294101,78.625,-25.5,51.375,#B3CE5F,1,1258
294102,78.625,-25.25,-6.875,#7FD0CE,1,1258
294140,78.625,-3.5,126.75,#E6C100,0,1258
294189,78.625,12.875,5.0,#DEBABA,1,1258
294265,78.625,63.375,110.875,#FF8800,0,1258
294266,78.625,66.875,-67.375,#FC95FF,0,1258
294275,78.625,75.125,-50.0,#FF87FF,0,1258
294284,78.625,84.0,-107.625,#E18AFF,0,1258
294298,78.625,110.5,34.375,#FF0C8A,0,1258
294320,78.6875,-91.25,77.0,#00E600,0,1259
294339,78.6875,-59.75,43.625,#54DC6D,1,1259
294341,78.6875,-58.875,127.0,#7FDB00,0,1259
294350,78.6875,-52.5,-76.625,#00E3FF,0,1259
294367,78.6875,-33.875,-126.875,#00E4FF,0,1259
294481,78.6875,19.625,33.875,#F9B485,1,1259
294494,78.6875,26.25,-110.375,#00C1FF,0,1259
294540,78.6875,60.25,-28.25,#FF95F9,0,1259
294564,78.6875,77.125,-4.125,#FF7DCD,0,1259
294565,78.6875,80.375,-77.0,#FF86FF,0,1259
294576,78.6875,95.75,14.375,#FF57AD,0,1259
294590,78.6875,106.75,93.125,#FF2200,0,1259
294608,78.75,-117.5,122.75,#00EC00,0,1260
294610,78.75,-116.625,10.875,#00EFAB,0,1260
294625,78.75,-77.5,122.0,#3FE100,0,1260
294631,78.75,-66.875,49.875,#3CDF60,1,1260
294667,78.75,-39.5,64.875,#9CD43E,1,1260
294702,78.75,-13.25,-84.125,#00D3FF,0,1260
294715,78.75,-10.5,-113.25,#00D7FF,0,1260
294731,78.75,-3.125,69.625,#E0C235,1,1260
294799,78.75,27.125,44.5,#FFAE71,0,1260
294819,78.75,39.625,6.25,#FFA6B9,0,1260
294825,78.75,45.25,52.5,#FF9E63,0,1260
294835,78.75,52.375,-62.375,#E6A3FF,0,1260
294858,78.75,75.5,88.875,#FF7900,0,1260
294873,78.75,90.0,-95.0,#FF7EFF,0,1260
294874,78.75,90.75,-75.125,#FF76FF,0,1260
294876,78.75,92.25,70.875,#FF5A43,0,1260
294879,78.75,99.0,-13.625,#FF55E0,0,1260
294891,78.75,114.875,-121.25,#FF58FF,0,1260
294893,78.75,117.0,-53.5,#FF1BFF,0,1260
294896,78.75,126.5,-61.0,#FF00FF,0,1260
294898,78.8125,-128.0,-15.0,#00F3DC,0,1261
294921,78.8125,-73.75,-71.625,#00EAFF,0,1261
294926,78.8125,-68.5,79.875,#55DF00,0,1261
294962,78.8125,-28.375,-95.25,#00DCFF,0,1261
295006,78.8125,-6.125,17.375,#C5C5A3,1,1261
295012,78.8125,-3.75,24.875,#CEC495,1,1261
295050,78.8125,9.625,104.875,#F9B900,0,1261
295069,78.8125,14.625,-19.75,#CDBCE8,1,1261
295093,78.8125,27.75,83.5,#FFAC00,0,1261
295103,78.8125,36.125,-23.625,#F2ACF0,1,1261
295108,78.8125,39.5,-14.875,#FEA8E0,1,1261
295119,78.8125,49.5,17.875,#FF9CA4,0,1261
295132,78.8125,62.5,-97.125,#C2A0FF,0,1261
295135,78.8125,62.875,57.25,#FF8B5B,0,1261
295148,78.8125,75.375,-18.75,#FF82E8,0,1261
295159,78.8125,87.75,-56.5,#FF77FF,0,1261
295163,78.8125,89.75,-19.375,#FF6BEA,0,1261
295190,78.8125,120.25,50.5,#FF006F,0,1261
295191,78.8125,121.5,-78.0,#FF11FF,0,1261
295200,78.875,-122.875,-63.75,#00F6FF,0,1262
295206,78.875,-118.0,-68.25,#00F5FF,0,1262
295212,78.875,-112.625,51.75,#00EC59,0,1262
295259,78.875,-57.25,-43.875,#00E1FF,0,1262
295269,78.875,-45.5,-34.0,#00DCFF,0,1262
295276,78.875,-39.5,-30.875,#00D9FB,0,1262
295286,78.875,-29.75,64.75,#B1D03F,1,1262
295354,78.875,3.125,-110.875,#00D0FF,0,1262
295421,78.875,33.125,104.625,#FFA800,0,1262
295426,78.875,34.875,-44.625,#DAB0FF,0,1262
295535,78.9375,-92.75,-38.0,#00ECFF,0,1263
295540,78.9375,-83.5,78.375,#00E400,0,1263
295578,78.9375,-47.875,36.0,#75D97E,1,1263
295604,78.9375,-32.5,-37.5,#00D7FF,0,1263
295620,78.9375,-24.75,-26.625,#55D3F4,1,1263
295649,78.9375,-10.625,-28.25,#86CCF7,1,1263
295761,78.9375,37.75,-123.0,#00BCFF,0,1263
295783,78.9375,49.0,82.625,#FF9A11,0,1263
295792,78.9375,56.5,-97.0,#B2A7FF,0,1263
295806,78.9375,64.375,69.875,#FF8940,0,1263
295829,78.9375,86.375,100.25,#FF6600,0,1263
295836,78.9375,91.125,58.125,#FF5E5D,0,1263
295843,78.9375,107.875,7.25,#FF31BB,0,1263
295856,78.9375,125.625,58.25,#FF0062,0,1263
295875,79.0,-99.625,-16.125,#00EDDF,0,1264
295913,79.0,-67.625,61.625,#4AE044,1,1264
295915,79.0,-66.5,116.125,#69DE00,0,1264
295921,79.0,-61.875,9.375,#00E0B0,0,1264
295933,79.0,-54.75,-33.125,#00E0FF,0,1264
295965,79.0,-29.625,-60.125,#00D8FF,0,1264
295974,79.0,-23.5,-120.375,#00DFFF,0,1264
296018,79.0,1.625,-27.125,#A9C5F6,1,1264
296047,79.0,15.75,126.75,#FFB500,0,1264
296050,79.0,17.625,-66.5,#88C0FF,0,1264
296057,79.0,21.0,-92.5,#00C2FF,0,1264
296110,79.0,46.25,-128.0,#00B7FF,0,1264
296121,79.0,55.75,127.0,#FF9200,0,1264
296150,79.0,109.0,-39.875,#FF40FF,0,1264
296166,79.0625,-128.0,78.5,#00F000,0,1265
296172,79.0625,-111.875,36.25,#00ED7B,0,1265
296177,79.0625,-106.25,18.0,#00ED9F,0,1265
296187,79.0625,-99.375,13.125,#00EBA8,0,1265
296188,79.0625,-96.375,-80.0,#00F2FF,0,1265
296205,79.0625,-74.125,117.0,#4FE100,0,1265
296212,79.0625,-69.125,-107.375,#00EEFF,0,1265
296221,79.0625,-55.25,-101.375,#00E8FF,0,1265
296233,79.0625,-47.625,-4.625,#00DBCB,0,1265
296235,79.0625,-45.0,81.5,#98D700,0,1265
296318,79.0625,-6.25,-6.5,#B1C8D0,1,1265
296391,79.0625,25.5,64.75,#FFAF47,0,1265
296428,79.0625,51.0,-111.5,#6BAFFF,0,1265
296439,79.0625,63.375,1.125,#FF8FC4,0,1265
296440,79.0625,64.25,92.0,#FF8900,0,1265
296460,79.0625,85.625,126.375,#FF6700,0,1265
296481,79.0625,117.5,-128.0,#FF56FF,0,1265
296496,79.125,-109.875,125.875,#00EC00,0,1266
296498,79.125,-109.25,-12.375,#00EFD8,0,1266
296519,79.125,-63.875,-50.25,#00E5FF,0,1266
296530,79.125,-48.875,-68.0,#00E2FF,0,1266
296557,79.125,-31.125,-74.375,#00DBFF,0,1266
296559,79.125,-30.875,-11.75,#64D5D9,1,1266
296570,79.125,-27.0,31.375,#A5D088,1,1266
296579,79.125,-22.875,80.0,#C2CD00,0,1266
296609,79.125,-6.625,-37.875,#7FCBFF,0,1266
296640,79.125,3.75,-95.875,#00CDFF,0,1266
296709,79.125,35.125,127.0,#FFA700,0,1266
296710,79.125,35.5,-105.125,#17BAFF,0,1266
296728,79.125,50.125,-14.75,#FF9FE1,0,1266
296758,79.125,75.5,115.875,#FF7900,0,1266
296767,79.125,80.875,-59.625,#FF83FF,0,1266
296771,79.125,83.75,60.375,#FF6D58,0,1266
296773,79.125,86.5,51.0,#FF696B,0,1266
296778,79.125,93.75,81.25,#FF572A,0,1266
296784,79.125,96.0,111.625,#FF5000,0,1266
296791,79.125,113.0,23.75,#FF009F,0,1266
296800,79.125,126.125,109.75,#FF0000,0,1266
296932,79.1875,8.125,-35.375,#ADC2FF,0,1267
296935,79.1875,9.0,27.125,#E6BD92,1,1267
296954,79.1875,19.875,-54.5,#AABDFF,0,1267
296975,79.1875,33.0,-56.625,#C6B4FF,0,1267
297013,79.1875,59.625,-14.375,#FF96E1,0,1267
297035,79.1875,76.75,34.0,#FF7B8A,0,1267
297042,79.1875,87.5,28.5,#FF6995,0,1267
297066,79.1875,112.125,-72.0,#FF45FF,0,1267
297076,79.1875,124.75,80.625,#FF0035,0,1267
297082,79.25,-117.25,-40.375,#00F4FF,0,1268
297102,79.25,-89.375,-19.625,#00EBE7,0,1268
297121,79.25,-64.5,97.5,#6CDF00,0,1268
297141,79.25,-43.625,-82.75,#00E2FF,0,1268
297154,79.25,-29.25,79.625,#B7D000,0,1268
297166,79.25,-19.5,19.25,#ADCEA0,1,1268
297179,79.25,-14.0,-36.375,#68CFFF,0,1268
297180,79.25,-13.75,-72.75,#00D3FF,0,1268
297264,79.25,16.5,75.75,#FFB626,0,1268
297271,79.25,20.375,-101.375,#00C4FF,0,1268
297278,79.25,22.875,101.25,#FFB100,0,1268
297315,79.25,58.25,-22.5,#FF98F0,0,1268
297397,79.3125,-106.25,-26.375,#00F0F3,0,1269
297424,79.3125,-80.375,-52.875,#00EBFF,0,1269
297431,79.3125,-69.0,-9.0,#00E4D3,0,1269
297455,79.3125,-53.0,115.875,#8EDA00,0,1269
297462,79.3125,-47.25,-21.0,#00DDEA,0,1269
297469,79.3125,-41.0,22.25,#7BD89A,1,1269
297496,79.3125,-23.625,12.0,#9DD0AD,1,1269
297502,79.3125,-21.5,-35.375,#46D3FF,0,1269
297506,79.3125,-20.25,5.125,#9ECFBA,1,1269
297547,79.3125,-2.375,49.875,#DDC365,1,1269
297551,79.3125,-1.125,-121.625,#00D5FF,0,1269
297610,79.3125,27.25,27.75,#FFB092,0,1269
297670,79.3125,65.0,26.625,#FF8C97,0,1269
297675,79.3125,71.375,103.375,#FF8000,0,1269
297704,79.3125,113.125,92.25,#FF0005,0,1269
297705,79.3125,113.25,10.5,#FF01B7,0,1269
297708,79.3125,118.125,-34.5,#FF00FF,0,1269
297714,79.3125,126.75,-116.5,#FF28FF,0,1269
297715,79.3125,126.75,126.875,#FF0000,0,1269
297720,79.375,-117.125,31.625,#00F085,0,1270
297724,79.375,-106.0,9.5,#00EEB0,0,1270
297743,79.375,-73.5,47.75,#00E366,0,1270
297749,79.375,-68.25,-1.875,#00E3C6,0,1270
297751,79.375,-62.125,-98.0,#00EBFF,0,1270
297770,79.375,-48.875,-92.5,#00E6FF,0,1270
297844,79.375,-3.125,33.5,#D5C486,1,1270
297903,79.375,23.0,-48.25,#BDBBFF,0,1270
297918,79.375,29.75,-67.25,#ACB8FF,0,1270
297919,79.375,29.75,38.0,#FFAE7F,0,1270
297972,79.375,80.625,19.125,#FF77A5,0,1270
297981,79.375,91.875,-50.25,#FF70FF,0,1270
297999,79.375,122.875,-84.875,#FF16FF,0,1270
298022,79.4375,-82.125,-0.625,#00E8C4,0,1271
298026,79.4375,-78.0,59.0,#00E44B,0,1271
298037,79.4375,-65.375,-60.375,#00E8FF,0,1271
298051,79.4375,-49.25,-40.625,#00E0FF,0,1271
298073,79.4375,-30.25,126.875,#BCD100,0,1271
298081,79.4375,-21.625,27.375,#AFCF91,1,1271
298114,79.4375,-3.375,-79.5,#00CFFF,0,1271
298139,79.4375,6.25,-71.875,#3AC9FF,0,1271
298207,79.4375,43.375,-104.0,#6BB5FF,0,1271
298211,79.4375,47.625,-84.125,#B9ADFF,0,1271
298235,79.4375,61.625,-110.75,#9DA6FF,0,1271
298247,79.4375,81.0,-98.5,#ED8DFF,0,1271
298258,79.4375,92.125,-13.875,#FF67E2,0,1271
298270,79.4375,107.75,103.5,#FF2100,0,1271
298295,79.5,-108.25,63.5,#00ED3D,0,1272
298298,79.5,-103.75,68.75,#00EC2C,0,1272
298329,79.5,-60.75,-34.875,#00E4FF,0,1272
298346,79.5,-47.5,57.25,#88DA52,1,1272
298369,79.5,-22.5,42.75,#B7CF73,1,1272
298390,79.5,-10.875,126.125,#DDC700,0,1272
298404,79.5,-5.75,-49.625,#62CDFF,0,1272
298426,79.5,0.75,-8.75,#BEC5D5,1,1272
298439,79.5,4.375,-44.75,#93C7FF,0,1272
298460,79.5,11.25,-117.75,#00CEFF,0,1272
298490,79.5,21.625,-20.75,#DCB9EC,1,1272
298524,79.5,39.875,47.75,#FFA56E,0,1272
298531,79.5,42.5,42.0,#FFA379,0,1272
298545,79.5,52.5,-50.25,#F7A3FF,0,1272
298546,79.5,54.25,-30.25,#FF9EFE,0,1272
298558,79.5,60.625,34.125,#FF9189,0,1272
298569,79.5,68.75,53.5,#FF8665,0,1272
298580,79.5,79.875,-26.625,#FF7FF9,0,1272
298602,79.5,105.875,71.25,#FF3046,0,1272
298605,79.5,111.25,119.75,#FF0000,0,1272
298607,79.5,113.625,-6.625,#FF14D6,0,1272
298612,79.5,125.625,-67.125,#FF00FF,0,1272
298614,79.5,126.125,-26.375,#FF00FA,0,1272
298617,79.5625,-123.125,93.0,#00F000,0,1273
298619,79.5625,-122.25,5.75,#00F3B7,0,1273
298620,79.5625,-118.25,79.875,#00EF00,0,1273
298668,79.5625,-33.5,-3.125,#6ED7CA,1,1273
298740,79.5625,3.0,-83.125,#00CDFF,0,1273
298761,79.5625,11.375,-4.125,#D7BECD,1,1273
298826,79.5625,41.0,111.625,#FFA300,0,1273
298828,79.5625,41.625,-93.625,#8EB4FF,0,1273
298851,79.5625,61.375,-123.0,#67AAFF,0,1273
298858,79.5625,69.5,42.375,#FF867B,0,1273
298862,79.5625,71.625,-78.375,#F994FF,0,1273
298875,79.5625,82.0,76.125,#FF7136,0,1273
298877,79.5625,84.375,39.5,#FF6F81,0,1273
298893,79.5625,111.75,127.0,#FF0000,0,1273
298903,79.625,-128.0,44.0,#00F26C,0,1274
299017,79.625,-10.0,-77.625,#00D3FF,0,1274
299121,79.625,42.375,82.875,#FFA20F,0,1274
299149,79.625,72.75,-128.0,#87A0FF,0,1274
299166,79.625,102.0,-48.875,#FF5BFF,0,1274
299183,79.625,126.625,-74.25,#FF00FF,0,1274
299201,79.6875,-84.0,117.5,#0AE600,0,1275
299237,79.6875,-38.625,-75.75,#00E0FF,0,1275
299243,79.6875,-36.5,-83.125,#00E0FF,0,1275
299264,79.6875,-20.25,-102.375,#00DCFF,0,1275
299275,79.6875,-16.875,37.125,#BFCD7F,1,1275
299327,79.6875,9.375,53.75,#F3BD5F,1,1275
299339,79.6875,16.5,-44.125,#B5BFFF,0,1275
299342,79.6875,19.875,121.125,#FFB400,0,1275
299354,79.6875,28.0,5.125,#FBB2BD,1,1275
299377,79.6875,42.5,-111.375,#2CB8FF,0,1275
299394,79.6875,64.375,79.0,#FF8B2A,0,1275
299399,79.6875,71.0,123.625,#FF8100,0,1275
299405,79.6875,74.25,48.375,#FF7F70,0,1275
299432,79.6875,114.25,78.375,#FF0039,0,1275
299451,79.75,-98.25,-92.5,#00F6FF,0,1276
299482,79.75,-41.375,-124.375,#00E9FF,0,1276
299508,79.75,-25.5,-109.375,#00E0FF,0,1276
299534,79.75,-5.375,121.0,#E6C500,0,1276
299592,79.75,21.125,70.75,#FFB439,0,1276
299612,79.75,31.875,66.25,#FFAC46,0,1276
299636,79.75,48.375,2.625,#FFA1C3,0,1276
299651,79.75,58.375,82.375,#FF921B,0,1276
299679,79.75,85.75,-122.875,#C690FF,0,1276
299683,79.75,93.25,-0.125,#FF63CA,0,1276
299722,79.8125,-94.875,69.625,#00EA2B,0,1277
299724,79.8125,-93.25,-48.625,#00F0FF,0,1277
299758,79.8125,-55.75,14.375,#2BDFA9,1,1277
299773,79.8125,-35.5,-48.25,#00DCFF,0,1277
299778,79.8125,-34.25,103.375,#B4D400,0,1277
299901,79.8125,17.125,-86.25,#22C5FF,0,1277
299916,79.8125,22.5,57.125,#FFB45A,0,1277
299944,79.8125,41.0,88.875,#FFA400,0,1277
299974,79.8125,61.25,-82.375,#DEA1FF,0,1277
299988,79.8125,74.5,-44.0,#FF8AFF,0,1277
300016,79.8125,110.25,-25.0,#FF39F8,0,1277
300033,79.875,-116.75,-17.875,#00F4E5,0,1278
300035,79.875,-114.125,105.375,#00EF00,0,1278
300038,79.875,-112.625,57.75,#00EF4E,0,1278
300061,79.875,-81.625,22.75,#00E899,0,1278
300062,79.875,-80.625,42.375,#00E772,0,1278
300092,79.875,-48.0,-120.75,#00EBFF,0,1278
300109,79.875,-35.75,72.5,#AAD529,1,1278
300138,79.875,-12.875,-16.75,#96CEE5,1,1278
300163,79.875,-4.0,-56.125,#52CEFF,0,1278
300265,79.875,48.75,-44.0,#F8A7FF,0,1278
300276,79.875,58.375,114.75,#FF9200,0,1278
300297,79.875,80.125,9.875,#FF7AB7,0,1278
300298,79.875,80.625,55.25,#FF7564,0,1278
300303,79.875,87.375,116.0,#FF6700,0,1278
300313,79.875,97.125,100.25,#FF5000,0,1278
300323,79.875,105.875,115.25,#FF2F00,0,1278
300324,79.875,108.25,-95.5,#FF5FFF,0,1278
300334,79.875,118.5,-25.625,#FF00F9,0,1278
300345,79.9375,-107.5,46.75,#00EF68,0,1279
300348,79.9375,-96.875,-33.125,#00F0FF,0,1279
300354,79.9375,-89.25,48.75,#00EA64,0,1279
300357,79.9375,-82.375,-88.25,#00F2FF,0,1279
300358,79.9375,-82.125,6.875,#00E9B7,0,1279
300374,79.9375,-59.125,87.25,#7ADF00,0,1279
300375,79.9375,-58.25,111.25,#82DE00,0,1279
300420,79.9375,-23.875,120.375,#C9CF00,0,1279
300454,79.9375,-6.625,59.875,#DBC751,1,1279
300482,79.9375,1.375,74.375,#ECC22A,1,1279
300485,79.9375,3.25,18.875,#DAC3A3,1,1279
300502,79.9375,8.0,-51.75,#90C6FF,0,1279
300518,79.9375,19.75,-31.75,#CEBCFF,0,1279
300608,79.9375,93.0,-109.625,#F681FF,0,1279
300618,79.9375,114.625,-82.125,#FF46FF,0,1279
300646,80.0,-93.0,37.125,#00EB7C,0,1280
300649,80.0,-90.125,64.875,#00EA3C,0,1280
300652,80.0,-82.25,66.125,#00E739,0,1280
300797,80.0,17.625,91.125,#FFB700,0,1280
300823,80.0,32.25,-117.875,#00C2FF,0,1280
300839,80.0,43.25,59.0,#FFA358,0,1280
300847,80.0,52.25,-4.375,#FF9FD0,0,1280
300864,80.0,67.0,6.75,#FF8DBD,0,1280
300984,80.0625,-39.25,8.75,#70DAB5,1,1281
301064,80.0625,9.0,18.875,#E4C0A4,1,1281
301076,80.0625,16.0,64.5,#FFB949,0,1281
301102,80.0625,27.875,-42.375,#D2B8FF,0,1281
301112,80.0625,35.0,93.625,#FFAA00,0,1281
301119,80.0625,38.5,-35.25,#EFAFFF,0,1281
301150,80.0625,56.875,-57.75,#F9A1FF,0,1281
301187,80.0625,106.5,-2.375,#FF41CF,0,1281
301198,80.0625,125.375,17.75,#FF00AD,0,1281
301205,80.125,-128.0,105.75,#00F300,0,1282
301210,80.125,-113.125,-85.25,#00FAFF,0,1282
301213,80.125,-108.75,80.375,#00EF00,0,1282
301215,80.125,-106.375,-32.875,#00F3FF,0,1282
301219,80.125,-96.375,98.25,#00EB00,0,1282
301228,80.125,-87.375,-73.375,#00F2FF,0,1282
301234,80.125,-72.75,11.25,#00E6AF,0,1282
301249,80.125,-60.625,52.5,#60E15E,1,1282
301259,80.125,-48.25,-11.5,#00DFDB,0,1282
301293,80.125,-20.375,63.125,#C5CF48,1,1282
301306,80.125,-13.75,-65.125,#00D5FF,0,1282
301312,80.125,-11.0,12.375,#BBCCAF,1,1282
301328,80.125,-5.0,110.0,#E8C600,0,1282
301330,80.125,-3.75,90.0,#E7C500,0,1282
301406,80.125,34.5,17.75,#FFADA7,0,1282
301407,80.125,35.875,-7.625,#FFAED6,0,1282
301414,80.125,36.875,25.25,#FFAB9A,0,1282
301443,80.125,52.625,45.5,#FF9B75,0,1282
301457,80.125,67.5,-82.75,#EC9BFF,0,1282
301471,80.125,81.125,29.25,#FF7795,0,1282
301479,80.125,99.625,46.375,#FF4E77,0,1282
301498,80.125,126.125,-18.0,#FF00ED,0,1282
301505,80.1875,-128.0,9.625,#00F6B1,0,1283
301524,80.1875,-96.25,88.25,#00EB00,0,1283
301546,80.1875,-58.125,-88.0,#00EBFF,0,1283
301574,80.1875,-33.0,42.0,#A3D676,1,1283
301612,80.1875,-15.25,45.25,#C7CD70,1,1283
301669,80.1875,12.75,-111.75,#00CEFF,0,1283
301687,80.1875,22.75,78.0,#FFB423,0,1283
301727,80.1875,54.125,-119.5,#52B1FF,0,1283
301729,80.1875,54.625,-67.75,#E8A6FF,0,1283
301785,80.1875,99.75,71.0,#FF4C48,0,1283
301788,80.1875,101.0,126.75,#FF4500,0,1283
301803,80.1875,124.75,44.375,#FF007E,0,1283
301849,80.25,-74.25,-56.625,#00ECFF,0,1284
301858,80.25,-61.0,-23.5,#00E5F1,0,1284
301866,80.25,-57.0,-65.125,#00E8FF,0,1284
301867,80.25,-56.125,-10.75,#00E2D9,0,1284
301893,80.25,-30.5,57.375,#B0D455,1,1284
301940,80.25,-3.0,-21.375,#A9CBEE,1,1284
301946,80.25,-0.625,10.25,#CEC7B4,1,1284
302014,80.25,24.5,18.125,#FEB5A7,1,1284
302050,80.25,47.625,66.625,#FF9F49,0,1284
302059,80.25,55.5,16.75,#FF9AAB,0,1284
302072,80.25,68.5,-61.625,#FF96FF,0,1284
302096,80.25,87.0,81.25,#FF6A2B,0,1284
302105,80.25,93.5,-57.625,#FF71FF,0,1284
302116,80.25,111.125,40.25,#FF1A84,0,1284
302117,80.25,113.875,-114.5,#FF5CFF,0,1284
302135,80.3125,-105.125,96.375,#00EE00,0,1285
302159,80.3125,-74.75,3.875,#00E8BE,0,1285
302173,80.3125,-61.5,-113.625,#00F0FF,0,1285
302209,80.3125,-35.625,31.5,#95D88B,1,1285
302227,80.3125,-25.5,-19.5,#6AD6EB,1,1285
302243,80.3125,-11.625,-119.25,#00DDFF,0,1285
302286,80.3125,7.625,-91.125,#00CDFF,0,1285
302320,80.3125,19.625,-5.0,#E8BBD1,1,1285
302368,80.3125,48.625,121.125,#FF9D00,0,1285
302390,80.3125,66.25,-43.75,#FF96FF,0,1285
302392,80.3125,67.375,118.125,#FF8800,0,1285
302410,80.3125,87.5,-38.125,#FF77FF,0,1285
302419,80.3125,97.25,86.625,#FF521D,0,1285
302422,80.3125,101.375,-128.0,#E67CFF,0,1285
302450,80.375,-103.125,58.375,#00EE4E,0,1286
302509,80.375,-27.75,104.0,#C2D200,0,1286
302528,80.375,-18.875,-88.5,#00DBFF,0,1286
302540,80.375,-13.0,89.25,#D9CB00,0,1286
302573,80.375,-3.75,101.375,#EAC600,0,1286
302625,80.375,17.125,113.125,#FFB800,0,1286
302629,80.375,17.625,-79.375,#5FC5FF,0,1286
302715,80.375,97.5,27.875,#FF5799,0,1286
302757,80.4375,-98.875,63.375,#00ED41,0,1287
302794,80.4375,-60.75,-74.625,#00EBFF,0,1287
302833,80.4375,-37.0,-102.125,#00E5FF,0,1287
302862,80.4375,-22.5,-95.0,#00DEFF,0,1287
302871,80.4375,-16.375,102.875,#D5CD00,0,1287
302905,80.4375,-0.75,95.75,#EEC400,0,1287
302914,80.4375,3.0,84.25,#F2C200,0,1287
302975,80.4375,33.625,48.5,#FFAD6E,0,1287
303013,80.4375,62.875,126.625,#FF8E00,0,1287
303029,80.4375,81.75,-113.125,#D694FF,0,1287
303030,80.4375,82.375,-89.875,#FF8CFF,0,1287
303057,80.5,-128.0,-77.625,#00FDFF,0,1288
303062,80.5,-128.0,-25.5,#00F9F5,0,1288
303063,80.5,-128.0,0.5,#00F7C4,0,1288
303082,80.5,-111.125,-74.625,#00F9FF,0,1288
303095,80.5,-97.875,46.75,#00EE69,0,1288
303096,80.5,-97.25,109.5,#00EC00,0,1288
303105,80.5,-88.125,-9.25,#00EED7,0,1288
303113,80.5,-80.75,91.625,#20E800,0,1288
303138,80.5,-61.75,69.5,#6BE232,1,1288
303158,80.5,-47.125,15.75,#61DEA9,1,1288
303183,80.5,-35.5,80.0,#AFD700,0,1288
303195,80.5,-27.875,92.75,#C0D300,0,1288
303210,80.5,-20.375,-75.25,#00DAFF,0,1288
303231,80.5,-10.25,-2.875,#AFCECD,1,1288
303241,80.5,-5.0,0.25,#BECBC7,1,1288
303248,80.5,0.0,-33.375,#9FCBFF,0,1288
303257,80.5,2.25,112.125,#F4C200,0,1288
303287,80.5,10.25,-97.375,#00CDFF,0,1288
303323,80.5,27.5,-24.25,#E6B8F5,1,1288
303344,80.5,39.5,-58.25,#D6B2FF,0,1288
303350,80.5,43.375,34.25,#FFA68A,0,1288
303387,80.5,72.125,-10.875,#FF8ADE,0,1288
303402,80.5,90.625,-27.0,#FF70FD,0,1288
303403,80.5,92.375,104.0,#FF5F00,0,1288
303410,80.5,107.75,-122.125,#FF6EFF,0,1288
303411,80.5,108.0,-83.125,#FF5CFF,0,1288
303417,80.5,119.75,19.875,#FF00AA,0,1288
303423,80.5,126.125,-41.5,#FF00FF,0,1288
303426,80.5625,-122.875,63.5,#00F43F,0,1289
303427,80.5625,-118.5,97.625,#00F200,0,1289
303430,80.5625,-115.125,-10.25,#00F5D8,0,1289
303445,80.5625,-87.625,24.25,#00EC97,0,1289
303454,80.5625,-79.625,16.75,#00EAA6,0,1289
303458,80.5625,-75.75,-106.0,#00F4FF,0,1289
303474,80.5625,-56.5,3.125,#00E2C0,0,1289
303479,80.5625,-52.875,30.0,#62E08E,1,1289
303481,80.5625,-49.875,77.875,#90DD0B,1,1289
303559,80.5625,-5.625,-85.5,#00D5FF,0,1289
303594,80.5625,7.5,-128.0,#00D5FF,0,1289
303596,80.5625,9.25,-17.0,#CAC4E8,1,1289
303628,80.5625,23.5,-69.375,#99C0FF,0,1289
303647,80.5625,33.75,-73.25,#AEBAFF,0,1289
303668,80.5625,47.5,106.0,#FF9F00,0,1289
303677,80.5625,52.125,7.375,#FF9FBC,0,1289
303693,80.5625,60.75,44.625,#FF9378,0,1289
303699,80.5625,67.75,-107.25,#BEA2FF,0,1289
303706,80.5625,80.75,-128.0,#AB9AFF,0,1289
303710,80.5625,85.625,107.375,#FF6D00,0,1289
303717,80.5625,97.5,-87.25,#FF74FF,0,1289
303734,80.5625,125.625,-109.0,#FF2FFF,0,1289
303737,80.625,-128.0,21.875,#00F69B,0,1290
303800,80.625,-52.75,86.5,#8CDE00,0,1290
303814,80.625,-43.375,99.125,#A4DA00,0,1290
303848,80.625,-22.875,-49.5,#00D9FF,0,1290
303883,80.625,-2.5,-112.5,#00D8FF,0,1290
303959,80.625,30.625,-35.75,#E1B7FF,0,1290
303973,80.625,41.125,14.375,#FFA9AF,0,1290
303976,80.625,44.375,-79.125,#BEB2FF,0,1290
303984,80.625,49.125,-90.5,#B2B0FF,0,1290
303987,80.625,50.0,73.25,#FF9E3A,0,1290
303988,80.625,51.125,37.0,#FF9E86,0,1290
303990,80.625,51.875,29.0,#FF9E95,0,1290
303996,80.625,58.625,-75.25,#E6A5FF,0,1290
303999,80.625,61.5,-52.375,#FF9DFF,0,1290
304010,80.625,68.5,-17.625,#FF90EB,0,1290
304015,80.625,71.875,81.375,#FF8427,0,1290
304018,80.625,73.875,12.5,#FF85B4,0,1290
304023,80.625,81.5,-34.0,#FF81FF,0,1290
304025,80.625,84.125,3.125,#FF77C6,0,1290
304035,80.625,97.25,-116.625,#F57FFF,0,1290
304043,80.625,106.75,-65.5,#FF59FF,0,1290
304048,80.625,113.0,-17.125,#FF2CEC,0,1290
304054,80.625,119.125,73.625,#FF0047,0,1290
304087,80.6875,-91.875,-28.5,#00F1FB,0,1291
304096,80.6875,-83.125,-102.125,#00F6FF,0,1291
304104,80.6875,-75.5,-92.875,#00F3FF,0,1291
304168,80.6875,-18.875,-112.125,#00E0FF,0,1291
304249,80.6875,17.375,46.0,#FFBA72,0,1291
304261,80.6875,29.0,-128.0,#00C8FF,0,1291
304319,80.6875,91.25,42.875,#FF657F,0,1291
304322,80.6875,99.25,19.625,#FF55A9,0,1291
304323,80.6875,100.125,-70.625,#FF6AFF,0,1291
304339,80.75,-128.0,84.75,#00F500,0,1292
304341,80.75,-122.25,-12.375,#00F7DD,0,1292
304343,80.75,-122.125,-1.375,#00F7C8,0,1292
304348,80.75,-111.25,6.875,#00F4B9,0,1292
304351,80.75,-103.5,-11.75,#00F3DC,0,1292
304355,80.75,-100.5,19.5,#00F0A1,0,1292
304356,80.75,-98.75,-3.625,#00F1CD,0,1292
304375,80.75,-75.375,71.25,#32E72B,1,1292
304377,80.75,-74.375,102.75,#51E600,0,1292
304387,80.75,-65.0,27.125,#00E593,0,1292
304403,80.75,-54.375,-118.375,#00F0FF,0,1292
304465,80.75,-14.125,79.625,#D6CD0F,1,1292
304469,80.75,-12.625,25.5,#C3CE98,1,1292
304471,80.75,-12.0,56.25,#D3CC5B,1,1292
304473,80.75,-10.125,-11.25,#A7CFDD,1,1292
304489,80.75,-6.125,-31.875,#92CFFF,0,1292
304499,80.75,-3.75,-67.25,#00D1FF,0,1292
304524,80.75,7.0,12.875,#DFC3B1,1,1292
304605,80.75,58.25,70.0,#FF9544,0,1292
304617,80.75,71.125,-118.875,#A8A2FF,0,1292
304622,80.75,80.0,-68.75,#FF8BFF,0,1292
304637,80.75,96.75,-124.0,#E583FF,0,1292
304643,80.75,115.75,29.375,#FF0099,0,1292
304645,80.75,119.875,-106.75,#FF47FF,0,1292
304647,80.75,121.75,-97.125,#FF38FF,0,1292
304651,80.8125,-128.0,28.25,#00F78F,0,1293
304661,80.8125,-109.25,89.5,#00F100,0,1293
304668,80.8125,-100.0,-27.75,#00F3FA,0,1293
304673,80.8125,-92.125,-60.375,#00F4FF,0,1293
304712,80.8125,-46.5,-77.375,#00E7FF,0,1293
304758,80.8125,-22.25,71.25,#C6D233,1,1293
304770,80.8125,-15.125,-127.75,#00E1FF,0,1293
304833,80.8125,2.625,36.375,#E5C585,1,1293
304858,80.8125,11.75,-68.5,#72C9FF,0,1293
304965,80.8125,91.0,94.75,#FF6300,0,1293
304981,80.8125,106.875,49.875,#FF3774,0,1293
304986,80.8125,113.625,-105.25,#FF5AFF,0,1293
305000,80.875,-106.5,107.75,#00F000,0,1294
305003,80.875,-101.375,-68.0,#00F7FF,0,1294
305013,80.875,-73.375,-14.75,#00EAE2,0,1294
305036,80.875,-52.5,105.375,#92DF00,0,1294
305045,80.875,-40.75,104.75,#ABDA00,0,1294
305051,80.875,-35.375,15.75,#88DAAA,1,1294
305070,80.875,-17.625,-53.75,#00D7FF,0,1294
305120,80.875,4.0,-16.625,#C1C8E8,1,1294
305130,80.875,7.375,70.125,#F7C13C,1,1294
305155,80.875,17.75,23.375,#F8BC9E,1,1294
305182,80.875,28.25,114.375,#FFB100,0,1294
305254,80.875,89.5,8.0,#FF6EBE,0,1294
305262,80.875,100.5,55.625,#FF4E68,0,1294
305285,80.9375,-128.0,-34.875,#00FBFF,0,1295
305289,80.9375,-124.375,124.25,#00F500,0,1295
305327,80.9375,-68.125,127.0,#6DE500,0,1295
305345,80.9375,-51.0,5.5,#33E1BD,1,1295
305362,80.9375,-31.375,-21.625,#4ADBF0,1,1295
305370,80.9375,-20.125,-67.0,#00DAFF,0,1295
305417,80.9375,5.875,100.625,#FAC100,0,1295
305444,80.9375,17.25,104.125,#FFBA00,0,1295
305488,80.9375,37.25,-29.375,#F5B2FF,0,1295
305490,80.9375,38.0,121.5,#FFA900,0,1295
305503,80.9375,43.875,-48.0,#EEAEFF,0,1295
305553,80.9375,103.25,98.625,#FF4200,0,1295
305558,80.9375,113.625,53.75,#FF006D,0,1295
305560,80.9375,114.875,106.25,#FF0000,0,1295
305565,80.9375,126.625,-92.75,#FF0EFF,0,1295
305567,80.9375,126.625,1.875,#FF00CB,0,1295
305571,81.0,-128.0,50.0,#00F762,0,1296
305588,81.0,-103.875,-78.875,#00FAFF,0,1296
305596,81.0,-90.25,-98.625,#00F9FF,0,1296
305601,81.0,-85.125,13.625,#00EDAD,0,1296
305615,81.0,-65.625,36.625,#30E581,1,1296
305698,81.0,-4.125,-92.5,#00D6FF,0,1296
305712,81.0,2.5,-104.875,#00D5FF,0,1296
305732,81.0,10.0,-23.5,#C6C5F5,1,1296
305734,81.0,10.25,83.5,#FFBF00,0,1296
305741,81.0,12.125,117.375,#FFBD00,0,1296
305761,81.0,23.125,39.5,#FFB780,0,1296
305784,81.0,37.125,-0.5,#FFAFCB,0,1296
305808,81.0,54.0,-38.625,#FFA4FF,0,1296
305809,81.0,55.625,57.0,#FF9A61,0,1296
305824,81.0,65.5,105.25,#FF8D00,0,1296
305827,81.0,70.125,92.75,#FF8700,0,1296
305831,81.0,72.625,110.25,#FF8300,0,1296
305862,81.0,117.25,-69.0,#FF39FF,0,1296
305865,81.0,124.875,27.625,#FF009E,0,1296
305866,81.0625,-128.0,-48.0,#00FCFF,0,1297
305868,81.0625,-128.0,115.625,#00F600,0,1297
305887,81.0625,-80.25,-71.625,#00F2FF,0,1297
305890,81.0625,-76.625,-41.5,#00EEFF,0,1297
305892,81.0625,-73.625,82.625,#4AE700,0,1297
305901,81.0625,-67.75,-41.25,#00EBFF,0,1297
305917,81.0625,-47.625,66.375,#91DE3F,1,1297
305925,81.0625,-43.375,-63.0,#00E4FF,0,1297
305928,81.0625,-42.375,29.5,#84DD90,1,1297
305932,81.0625,-40.375,-55.125,#00E2FF,0,1297
305945,81.0625,-33.125,-54.875,#00DFFF,0,1297
305977,81.0625,-17.375,13.125,#B1D2B0,1,1297
306031,81.0625,9.875,126.625,#FFBF00,0,1297
306166,81.125,-123.0,71.625,#00F524,0,1298
306167,81.125,-122.75,-52.0,#00FCFF,0,1298
306168,81.125,-118.25,86.75,#00F400,0,1298
306177,81.125,-102.0,-40.0,#00F6FF,0,1298
306190,81.125,-84.0,126.75,#23EA00,0,1298
306198,81.125,-67.5,-23.0,#00EAF3,0,1298
306218,81.125,-45.25,-97.375,#00EAFF,0,1298
306224,81.125,-42.0,-113.25,#00EBFF,0,1298
306236,81.125,-32.125,121.0,#BED700,0,1298
306250,81.125,-21.125,-43.625,#15D9FF,0,1298
306264,81.125,-12.5,-99.375,#00DCFF,0,1298
306334,81.125,18.0,83.375,#FFBA03,0,1298
306343,81.125,23.75,-79.875,#7DC3FF,0,1298
306350,81.125,26.75,-98.375,#00C5FF,0,1298
306416,81.125,71.75,-1.125,#FF8BCE,0,1298
306428,81.125,81.375,-14.5,#FF7FE7,0,1298
306430,81.125,82.875,-4.875,#FF7CD6,0,1298
306440,81.125,96.875,121.625,#FF5600,0,1298
306444,81.125,99.625,-59.625,#FF69FF,0,1298
306454,81.125,115.75,-42.125,#FF2FFF,0,1298
306460,81.125,119.625,7.25,#FF00C2,0,1298
306470,81.1875,-115.375,-2.875,#00F6CC,0,1299
306475,81.1875,-105.125,-91.0,#00FCFF,0,1299
306476,81.1875,-101.0,6.125,#00F2BB,0,1299
306477,81.1875,-99.25,122.5,#00EF00,0,1299
306507,81.1875,-53.625,-25.25,#00E5F7,0,1299
306540,81.1875,-26.875,-55.25,#00DDFF,0,1299
306558,81.1875,-19.5,-7.25,#96D5D6,1,1299
306607,81.1875,3.0,45.5,#EAC574,1,1299
306651,81.1875,19.625,9.375,#F4BCB9,1,1299
306670,81.1875,31.25,-18.75,#F4B6ED,1,1299
306688,81.1875,42.0,-25.5,#FFAEFA,0,1299
306694,81.1875,48.125,-66.5,#DFAEFF,0,1299
306700,81.1875,54.875,22.75,#FF9DA2,0,1299
306708,81.1875,61.625,50.875,#FF946E,0,1299
306710,81.1875,65.125,-74.25,#F79FFF,0,1299
306729,81.1875,101.875,-103.5,#FF74FF,0,1299
306730,81.1875,103.25,-38.25,#FF5AFF,0,1299
306739,81.1875,126.125,-54.75,#FF00FF,0,1299
306753,81.25,-116.75,23.0,#00F69B,0,1300
306903,81.25,23.375,-37.875,#D1BEFF,0,1300
306933,81.25,45.125,126.875,#FFA300,0,1300
306946,81.25,57.5,121.625,#FF9700,0,1300
306961,81.25,70.125,29.75,#FF8B96,0,1300
306976,81.25,87.5,-115.625,#E18FFF,0,1300
306989,81.25,106.75,85.875,#FF3627,0,1300
306994,81.25,118.25,60.25,#FF0063,0,1300
307018,81.3125,-94.375,-71.875,#00F7FF,0,1301
307029,81.3125,-79.75,31.0,#00EB8D,0,1301
307082,81.3125,-28.625,-68.375,#00E0FF,0,1301
307090,81.3125,-21.875,93.125,#CDD200,0,1301
307121,81.3125,-8.25,41.875,#D6CC7A,1,1301
307164,81.3125,6.125,6.625,#DBC6BE,1,1301
307199,81.3125,24.25,88.25,#FFB600,0,1301
307218,81.3125,37.625,36.375,#FFAD88,0,1301
307242,81.3125,53.625,105.375,#FF9B00,0,1301
307265,81.3125,86.875,87.875,#FF6D16,0,1301
307266,81.3125,92.25,-7.625,#FF6CDC,0,1301
307272,81.3125,101.0,-77.125,#FF6DFF,0,1301
307288,81.3125,109.75,97.875,#FF2300,0,1301
307291,81.3125,113.875,65.125,#FF0059,0,1301
307294,81.3125,119.25,95.875,#FF0000,0,1301
307299,81.3125,126.0,-9.0,#FF00E0,0,1301
307306,81.375,-111.375,26.75,#00F594,0,1302
307308,81.375,-104.125,74.75,#00F118,0,1302
307321,81.375,-88.5,42.75,#00EE75,0,1302
307333,81.375,-67.875,-98.125,#00F3FF,0,1302
307339,81.375,-62.75,-13.75,#00E8E2,0,1302
307345,81.375,-56.125,64.625,#7CE244,1,1302
307348,81.375,-53.625,95.75,#8FE100,0,1302
307350,81.375,-50.625,-55.0,#00E7FF,0,1302
307351,81.375,-48.5,42.875,#81E076,1,1302
307365,81.375,-36.25,93.75,#B3D900,0,1302
307372,81.375,-32.375,-87.625,#00E4FF,0,1302
307381,81.375,-21.0,-60.0,#00DBFF,0,1302
307391,81.375,-16.125,70.25,#D2D039,1,1302
307472,81.375,14.0,-38.875,#BCC5FF,0,1302
307495,81.375,28.125,58.625,#FFB45B,0,1302
307506,81.375,32.5,-110.5,#00C4FF,0,1302
307508,81.375,34.25,55.875,#FFAF62,0,1302
307554,81.375,66.875,61.0,#FF8D5B,0,1302
307557,81.375,70.375,-52.75,#FF96FF,0,1302
307567,81.375,81.625,-48.375,#FF86FF,0,1302
307580,81.375,93.0,-64.25,#FF78FF,0,1302
307593,81.375,106.5,123.75,#FF3600,0,1302
307596,81.375,111.0,-59.5,#FF4DFF,0,1302
307600,81.375,124.0,-33.5,#FF00FF,0,1302
307616,81.4375,-98.125,53.25,#00F05D,0,1303
307621,81.4375,-90.5,100.75,#00ED00,0,1303
307623,81.4375,-88.875,-87.125,#00F8FF,0,1303
307630,81.4375,-72.375,-48.875,#00EFFF,0,1303
307633,81.4375,-63.75,2.625,#00E8C4,0,1303
307654,81.4375,-44.875,-48.625,#00E5FF,0,1303
307661,81.4375,-37.5,-18.625,#2DDFEC,1,1303
307697,81.4375,-13.875,114.5,#DECE00,0,1303
307705,81.4375,-9.0,76.375,#E0CC26,1,1303
307734,81.4375,2.625,0.875,#D0C9C9,1,1303
307767,81.4375,14.25,-53.875,#A3C7FF,0,1303
307792,81.4375,23.25,-15.25,#E9BCE7,1,1303
307793,81.4375,23.875,-86.625,#63C5FF,0,1303
307809,81.4375,32.875,-62.375,#C3BBFF,0,1303
307833,81.4375,51.875,-127.875,#00B9FF,0,1303
307868,81.4375,89.5,-44.625,#FF79FF,0,1303
307876,81.4375,104.0,-16.875,#FF53ED,0,1303
307887,81.4375,119.0,84.125,#FF0031,0,1303
307893,81.4375,125.625,-122.25,#FF41FF,0,1303
307936,81.5,-46.625,115.875,#A2DE00,0,1304
307940,81.5,-44.625,-26.5,#00E3FB,0,1304
307953,81.5,-30.75,-31.0,#16DDFF,0,1304
307959,81.5,-28.25,-79.125,#00E1FF,0,1304
308014,81.5,-1.625,16.125,#D4CAAC,1,1304
308091,81.5,36.0,115.625,#FFAC00,0,1304
308105,81.5,43.25,-19.5,#FFADF0,0,1304
308113,81.5,51.0,-100.0,#A1B3FF,0,1304
308122,81.5,58.375,-43.875,#FFA2FF,0,1304
308137,81.5,74.5,57.625,#FF8463,0,1304
308140,81.5,78.75,127.0,#FF7B00,0,1304
308142,81.5,79.5,68.0,#FF7B4E,0,1304
308146,81.5,82.0,118.375,#FF7600,0,1304
308165,81.5,102.875,109.5,#FF4500,0,1304
308175,81.5,115.25,-99.125,#FF55FF,0,1304
308196,81.5625,-117.75,-56.75,#00FCFF,0,1305
308209,81.5625,-86.5,-52.625,#00F4FF,0,1305
308233,81.5625,-66.625,-73.0,#00F0FF,0,1305
308253,81.5625,-43.625,-40.75,#00E4FF,0,1305
308256,81.5625,-41.875,72.375,#A2DD2F,1,1305
308349,81.5625,5.25,-6.0,#D0C8D6,1,1305
308380,81.5625,16.5,56.75,#FFBD5F,0,1305
308384,81.5625,18.25,97.0,#FFBB00,0,1305
308406,81.5625,28.875,13.0,#FFB6B4,0,1305
308436,81.5625,48.625,-117.25,#40B9FF,0,1305
308439,81.5625,49.0,-106.375,#84B6FF,0,1305
308452,81.5625,53.125,-85.75,#CAAEFF,0,1305
308468,81.5625,70.875,36.5,#FF8A8B,0,1305
308470,81.5625,72.125,22.875,#FF8AA4,0,1305
308494,81.5625,92.375,32.375,#FF6794,0,1305
308495,81.5625,92.625,-102.125,#FF84FF,0,1305
308502,81.5625,103.625,14.0,#FF4EB6,0,1305
308506,81.5625,115.875,-88.5,#FF4DFF,0,1305
308518,81.625,-122.625,46.0,#00F76D,0,1306
308520,81.625,-117.375,116.75,#00F500,0,1306
308521,81.625,-115.875,16.25,#00F7A9,0,1306
308522,81.625,-108.25,-65.625,#00FBFF,0,1306
308526,81.625,-102.875,-54.25,#00F9FF,0,1306
308551,81.625,-72.0,25.625,#00EA98,0,1306
308585,81.625,-30.625,-45.125,#00DFFF,0,1306
308589,81.625,-28.75,0.375,#88DAC9,1,1306
308601,81.625,-17.25,-30.125,#73D7FF,0,1306
308604,81.625,-16.375,30.125,#C1D292,1,1306
308615,81.625,-10.375,-56.875,#1DD6FF,0,1306
308675,81.625,14.5,-102.0,#00CFFF,0,1306
308702,81.625,26.625,127.0,#FFB400,0,1306
308704,81.625,27.625,93.875,#FFB400,0,1306
308708,81.625,31.5,88.125,#FFB100,0,1306
308713,81.625,32.75,80.125,#FFB023,0,1306
308717,81.625,34.875,-81.625,#A1BDFF,0,1306
308723,81.625,38.875,-69.875,#C5B8FF,0,1306
308725,81.625,39.375,64.75,#FFAB50,0,1306
308746,81.625,56.25,-108.75,#98B1FF,0,1306
308795,81.625,109.875,19.25,#FF35AD,0,1306
308797,81.625,111.25,-32.5,#FF42FF,0,1306
308827,81.6875,-82.125,-6.5,#00EFD5,0,1307
308828,81.6875,-77.625,51.75,#00EB63,0,1307
308829,81.6875,-76.75,-3.0,#00EDCE,0,1307
308852,81.6875,-54.0,58.0,#7EE256,1,1307
308877,81.6875,-32.25,7.625,#89DBBC,1,1307
308926,81.6875,-6.75,84.125,#E6CB00,0,1307
308942,81.6875,1.375,-89.125,#00D4FF,0,1307
309024,81.6875,50.875,96.75,#FF9F00,0,1307
309031,81.6875,57.125,-90.625,#CBACFF,0,1307
309032,81.6875,57.25,39.625,#FF9B84,0,1307
309043,81.6875,70.75,-100.0,#DAA0FF,0,1307
309083,81.6875,127.0,116.5,#FF0000,0,1307
309090,81.75,-112.375,-46.875,#00FBFF,0,1308
309103,81.75,-102.5,-47.5,#00F8FF,0,1308
309104,81.75,-102.125,40.875,#00F379,0,1308
309108,81.75,-98.5,-58.875,#00F8FF,0,1308
309120,81.75,-83.375,-17.375,#00F0EA,0,1308
309129,81.75,-71.875,-65.125,#00F1FF,0,1308
309158,81.75,-47.875,-109.75,#00EFFF,0,1308
309177,81.75,-34.875,61.875,#ADDA4E,1,1308
309181,81.75,-30.875,23.5,#9EDA9E,1,1308
309238,81.75,-5.5,6.625,#C6CEBF,1,1308
309256,81.75,0.25,-40.0,#97CFFF,0,1308
309277,81.75,7.625,92.875,#FFC300,0,1308
309307,81.75,22.25,-122.25,#00CEFF,0,1308
309310,81.75,23.125,48.0,#FFB972,0,1308
309311,81.75,23.75,-0.375,#F6BCCD,1,1308
309354,81.75,52.75,-78.75,#D7AEFF,0,1308
309364,81.75,65.75,-29.875,#FF98FF,0,1308
309373,81.75,71.0,-36.0,#FF93FF,0,1308
309381,81.75,81.125,-82.5,#FF90FF,0,1308
309393,81.75,94.125,75.75,#FF6040,0,1308
309394,81.75,96.25,9.0,#FF63BF,0,1308
309399,81.75,100.875,65.125,#FF5058,0,1308
309402,81.75,103.375,-88.125,#FF6DFF,0,1308
309403,81.75,103.5,-24.125,#FF58FB,0,1308
309404,81.75,104.625,-30.125,#FF57FF,0,1308
309406,81.75,108.75,77.0,#FF3040,0,1308
309413,81.75,116.375,-0.125,#FF0DD0,0,1308
309417,81.75,121.625,32.625,#FF0096,0,1308
309456,81.8125,-92.625,113.25,#00EF00,0,1309
309464,81.8125,-84.875,103.875,#03ED00,0,1309
309484,81.8125,-64.875,92.0,#71E600,0,1309
309545,81.8125,-5.625,-102.625,#00DBFF,0,1309
309604,81.8125,22.875,-61.5,#ACC3FF,0,1309
309621,81.8125,33.625,4.375,#FFB4C5,0,1309
309635,81.8125,40.25,97.75,#FFAA00,0,1309
309677,81.8125,70.125,-112.625,#BBA5FF,0,1309
309680,81.8125,71.0,70.0,#FF8949,0,1309
309683,81.8125,73.625,-26.125,#FF8EFE,0,1309
309690,81.8125,79.625,-104.125,#E897FF,0,1309
309734,81.8125,121.75,-14.0,#FF00EA,0,1309
309742,81.875,-122.625,-39.875,#00FDFF,0,1310
309743,81.875,-120.75,-84.0,#00FFFF,0,1310
309777,81.875,-66.125,12.75,#00E9B2,0,1310
309808,81.875,-34.75,-118.75,#00EBFF,0,1310
309846,81.875,-10.75,-93.0,#00DCFF,0,1310
309889,81.875,13.75,-32.625,#C5C6FF,0,1310
309896,81.875,17.0,-72.0,#7FC9FF,0,1310
309945,81.875,47.125,89.625,#FFA400,0,1310
309954,81.875,54.75,87.25,#FF9C04,0,1310
309972,81.875,67.375,-124.25,#8AABFF,0,1310
309990,81.875,96.875,-24.5,#FF68FC,0,1310
310003,81.875,121.625,-63.125,#FF20FF,0,1310
310027,81.9375,-111.5,-23.125,#00F9F4,0,1311
310029,81.9375,-107.875,118.5,#00F400,0,1311
310041,81.9375,-76.75,37.25,#00EC82,0,1311
310043,81.9375,-74.875,111.75,#56EA00,0,1311
310086,81.9375,-41.75,-107.125,#00ECFF,0,1311
310111,81.9375,-26.0,-100.25,#00E5FF,0,1311
310164,81.9375,2.875,-116.25,#00D9FF,0,1311
310220,81.9375,44.625,19.75,#FFA9A9,0,1311
310235,81.9375,52.125,115.875,#FF9E00,0,1311
310259,81.9375,76.125,96.125,#FF8100,0,1311
310269,81.9375,84.25,-22.625,#FF7FF8,0,1311
310298,82.0,-128.0,56.5,#00F956,0,1312
310306,82.0,-112.75,-61.5,#00FDFF,0,1312
310326,82.0,-85.25,-65.125,#00F6FF,0,1312
310358,82.0,-54.625,-106.875,#00F1FF,0,1312
310360,82.0,-54.625,-93.0,#00EFFF,0,1312
310369,82.0,-42.625,-88.25,#00EAFF,0,1312
310375,82.0,-38.125,-37.125,#00E2FF,0,1312
310390,82.0,-28.125,-124.75,#00EAFF,0,1312
310455,82.0,2.0,-75.75,#00D3FF,0,1312
310510,82.0,25.125,106.75,#FFB700,0,1312
310516,82.0,29.25,100.5,#FFB400,0,1312
310535,82.0,41.875,75.5,#FFA936,0,1312
310540,82.0,45.625,-122.625,#00BEFF,0,1312
310561,82.0,61.0,100.5,#FF9500,0,1312
310563,82.0,62.375,-61.75,#FFA2FF,0,1312
310596,82.0,103.125,32.75,#FF4E95,0,1312
310613,82.0625,-122.5,31.25,#00F98D,0,1313
310614,82.0625,-122.375,-27.875,#00FCFE,0,1313
310642,82.0625,-94.5,-14.25,#00F4E4,0,1313
310652,82.0625,-83.125,73.25,#00ED27,0,1313
310664,82.0625,-77.125,127.0,#51EB00,0,1313
310673,82.0625,-68.0,-112.625,#00F7FF,0,1313
310721,82.0625,-34.125,-94.875,#00E8FF,0,1313
310733,82.0625,-25.625,114.5,#CCD600,0,1313
310745,82.0625,-18.25,-121.75,#00E5FF,0,1313
310783,82.0625,0.125,-50.125,#81D1FF,0,1313
310814,82.0625,7.875,32.875,#EFC58F,1,1313
310824,82.0625,11.625,60.25,#FFC258,0,1313
310829,82.0625,15.125,-14.5,#DCC4E7,1,1313
310834,82.0625,17.375,-117.25,#00D1FF,0,1313
310849,82.0625,26.25,-54.5,#C2C0FF,0,1313
310889,82.0625,60.375,6.625,#FF9BC2,0,1313
310912,82.0625,85.125,23.5,#FF77A5,0,1313
310926,82.0625,115.125,112.625,#FF0000,0,1313
310935,82.125,-128.0,-63.75,#00FFFF,0,1314
310943,82.125,-117.5,50.375,#00F865,0,1314
310970,82.125,-80.875,-79.5,#00F7FF,0,1314
310975,82.125,-74.125,-82.625,#00F5FF,0,1314
310985,82.125,-61.25,-55.125,#00EDFF,0,1314
310991,82.125,-55.125,74.625,#86E426,1,1314
311008,82.125,-36.125,-12.625,#54E0E3,1,1314
311026,82.125,-25.375,-90.0,#00E3FF,0,1314
311028,82.125,-24.75,87.75,#CAD600,0,1314
311039,82.125,-13.875,63.625,#D7D14D,1,1314
311041,82.125,-11.25,120.125,#E5CF00,0,1314
311074,82.125,1.375,127.0,#F9C700,0,1314
311106,82.125,16.75,0.5,#ECC1CC,1,1314
311145,82.125,38.75,-52.0,#E2B7FF,0,1314
311165,82.125,50.375,60.5,#FFA25C,0,1314
311171,82.125,55.375,-18.0,#FFA3EF,0,1314
311177,82.125,58.875,-128.0,#3CB5FF,0,1314
311185,82.125,64.375,13.625,#FF96B6,0,1314
311208,82.125,91.125,-83.25,#FF83FF,0,1314
311226,82.125,122.0,-46.125,#FF00FF,0,1314
311230,82.125,126.625,37.375,#FF008F,0,1314
311234,82.1875,-118.125,-73.375,#00FFFF,0,1315
311237,82.1875,-106.75,32.75,#00F68A,0,1315
311243,82.1875,-92.125,31.375,#00F28E,0,1315
311262,82.1875,-67.125,-86.25,#00F3FF,0,1315
311268,82.1875,-64.25,57.625,#5EE857,1,1315
311271,82.1875,-60.75,-103.25,#00F4FF,0,1315
311274,82.1875,-58.75,33.25,#55E68B,1,1315
311357,82.1875,-11.125,-41.25,#6FD6FF,0,1315
311387,82.1875,-1.125,4.375,#CECDC4,1,1315
311433,82.1875,17.375,-96.25,#00CDFF,0,1315
311452,82.1875,26.25,-104.875,#00C9FF,0,1315
311478,82.1875,46.125,7.75,#FFAAC0,0,1315
311504,82.1875,78.125,41.0,#FF8185,0,1315
311506,82.1875,80.75,104.25,#FF7A00,0,1315
311515,82.1875,96.375,-36.125,#FF6DFF,0,1315
311525,82.1875,108.375,-101.625,#FF6AFF,0,1315
311538,82.1875,125.75,51.625,#FF0076,0,1315
311539,82.1875,126.625,67.625,#FF0058,0,1315
311568,82.25,-74.0,18.125,#00EDA8,0,1316
311583,82.25,-55.25,-16.375,#00E8EA,0,1316
311586,82.25,-52.125,-1.0,#00E6CD,0,1316
311594,82.25,-49.25,49.375,#86E26B,1,1316
311602,82.25,-44.5,2.125,#55E3C7,1,1316
311611,82.25,-36.0,115.375,#BADB00,0,1316
311634,82.25,-22.0,33.625,#BAD78C,1,1316
311688,82.25,-0.75,63.625,#EDCA4F,1,1316
311745,82.25,22.0,28.625,#FFBC98,0,1316
311778,82.25,38.375,-128.0,#00C6FF,0,1316
311808,82.25,61.25,-8.875,#FF9CDF,0,1316
311827,82.25,88.625,63.75,#FF6E5A,0,1316
311841,82.25,104.125,3.625,#FF51CA,0,1316
311842,82.25,104.5,-9.625,#FF53E2,0,1316
311850,82.25,117.5,13.625,#FF00B9,0,1316
311862,82.3125,-88.125,-36.0,#00F5FF,0,1317
311864,82.3125,-83.625,-30.75,#00F3FF,0,1317
311889,82.3125,-50.125,121.375,#9EE200,0,1317
311900,82.3125,-41.25,120.875,#B0DE00,0,1317
311919,82.3125,-21.5,108.625,#D3D500,0,1317
311937,82.3125,-13.875,-105.375,#00E1FF,0,1317
311942,82.3125,-9.75,35.75,#D3D089,1,1317
311949,82.3125,-7.75,114.875,#EBCD00,0,1317
312002,82.3125,11.875,-123.75,#00D6FF,0,1317
312056,82.3125,45.125,27.875,#FFA99B,0,1317
312071,82.3125,58.25,28.5,#FF9C9B,0,1317
312089,82.3125,75.625,-57.875,#FF93FF,0,1317
312091,82.3125,76.75,-87.75,#FF98FF,0,1317
312120,82.3125,112.125,-51.75,#FF4AFF,0,1317
312131,82.3125,125.625,96.625,#FF0005,0,1317
312134,82.375,-122.875,-68.75,#00FFFF,0,1318
312145,82.375,-91.375,122.125,#00F000,0,1318
312151,82.375,-87.125,1.5,#00F2C8,0,1318
312190,82.375,-43.75,126.75,#ACDF00,0,1318
312199,82.375,-38.0,-67.625,#00E7FF,0,1318
312281,82.375,5.75,-66.5,#63D0FF,0,1318
312287,82.375,8.125,-77.375,#2FD1FF,0,1318
312401,82.375,85.625,71.875,#FF7449,0,1318
312408,82.375,95.375,-92.75,#FF7FFF,0,1318
312410,82.375,96.25,60.75,#FF5F61,0,1318
312414,82.375,99.0,-3.0,#FF61D7,0,1318
312421,82.375,105.75,-56.75,#FF5FFF,0,1318
312436,82.375,121.5,-4.0,#FF00D9,0,1318
312443,82.375,126.375,86.125,#FF0030,0,1318
312454,82.4375,-111.75,-35.125,#00FCFF,0,1319
312461,82.4375,-96.0,-85.0,#00FDFF,0,1319
312483,82.4375,-48.625,-83.75,#00EDFF,0,1319
312498,82.4375,-33.0,-106.875,#00EAFF,0,1319
312520,82.4375,-10.25,-22.25,#9BD5F6,1,1319
312603,82.4375,29.75,21.5,#FFB7A6,0,1319
312623,82.4375,40.75,-117.25,#00C2FF,0,1319
312668,82.4375,85.875,-61.375,#FF86FF,0,1319
312674,82.4375,92.625,-70.25,#FF7DFF,0,1319
312676,82.4375,95.125,38.125,#FF648C,0,1319
312682,82.4375,107.125,-111.25,#FF71FF,0,1319
312694,82.5,-117.0,-32.0,#00FDFF,0,1320
312707,82.5,-96.75,27.0,#00F497,0,1320
312732,82.5,-66.25,84.375,#6CE900,0,1320
312736,82.5,-62.5,63.375,#6BE84A,1,1320
312739,82.5,-58.0,-79.625,#00F0FF,0,1320
312749,82.5,-53.5,39.75,#72E57F,1,1320
312750,82.5,-51.0,-61.25,#00EBFF,0,1320
312785,82.5,-25.75,60.5,#C1D855,1,1320
312795,82.5,-20.0,53.75,#C9D664,1,1320
312808,82.5,-15.25,4.0,#B1D6C5,1,1320
312827,82.5,-6.75,52.5,#E0CE68,1,1320
312885,82.5,13.875,-61.375,#94CBFF,0,1320
312916,82.5,30.125,-88.375,#7EC4FF,0,1320
312925,82.5,36.0,-98.875,#6CC2FF,0,1320
312944,82.5,49.75,-57.25,#F3AFFF,0,1320
312963,82.5,66.75,-93.25,#E0A5FF,0,1320
312975,82.5,80.625,86.75,#FF7C1D,0,1320
312979,82.5,85.625,45.875,#FF767D,0,1320
313000,82.5,121.125,-115.75,#FF51FF,0,1320
313003,82.5,122.0,124.0,#FF0000,0,1320
313031,82.5625,-77.25,-21.125,#00F1F3,0,1321
313040,82.5625,-65.375,-32.375,#00EEFF,0,1321
313064,82.5625,-41.25,56.25,#9FE05D,1,1321
313068,82.5625,-39.375,110.375,#B4DE00,0,1321
313074,82.5625,-35.625,127.0,#BCDC00,0,1321
313079,82.5625,-31.125,109.0,#C3DA00,0,1321
313099,82.5625,-19.375,-24.0,#7DDAFA,1,1321
313177,82.5625,11.125,-46.75,#ABCBFF,0,1321
313212,82.5625,26.75,-118.0,#00CCFF,0,1321
313222,82.5625,30.625,-4.75,#FFB9D7,0,1321
313231,82.5625,37.625,107.625,#FFAE00,0,1321
313292,82.5625,90.625,123.125,#FF6900,0,1321
313296,82.5625,91.625,52.375,#FF6A72,0,1321
313309,82.5625,126.625,-100.75,#FF2EFF,0,1321
313314,82.625,-128.0,91.0,#00FB00,0,1322
313333,82.625,-90.125,18.625,#00F3A8,0,1322
313334,82.625,-89.75,56.75,#00F159,0,1322
313338,82.625,-88.875,-45.5,#00F7FF,0,1322
313342,82.625,-74.75,90.375,#50EC00,0,1322
313383,82.625,-40.125,84.875,#ADDF00,0,1322
313385,82.625,-36.625,25.375,#94DF9D,1,1322
313398,82.625,-27.625,45.375,#B7DA76,1,1322
313413,82.625,-18.875,-81.125,#00E0FF,0,1322
313441,82.625,-7.625,-123.125,#00E2FF,0,1322
313448,82.625,-4.375,-44.25,#82D4FF,0,1322
313523,82.625,20.625,-128.0,#00D3FF,0,1322
313536,82.625,26.625,71.375,#FFB840,0,1322
313545,82.625,30.125,-29.5,#ECBCFF,0,1322
313549,82.625,31.625,-50.375,#D7BDFF,0,1322
313560,82.625,37.75,-89.375,#98BFFF,0,1322
313590,82.625,59.875,-69.5,#F7A8FF,0,1322
313599,82.625,72.125,-68.125,#FF9AFF,0,1322
313604,82.625,77.375,1.125,#FF88CF,0,1322
313612,82.625,82.625,95.125,#FF7900,0,1322
313615,82.625,85.5,33.625,#FF7894,0,1322
313636,82.625,115.0,-11.75,#FF2DE8,0,1322
313647,82.6875,-123.0,77.875,#00FA00,0,1323
313664,82.6875,-108.75,-0.25,#00F9CB,0,1323
313683,82.6875,-68.0,111.625,#71EA00,0,1323
313693,82.6875,-56.125,22.0,#4DE7A2,1,1323
313702,82.6875,-46.5,-126.0,#00F4FF,0,1323
313758,82.6875,1.75,-126.0,#00DEFF,0,1323
313777,82.6875,9.5,2.125,#E2C8CA,1,1323
313778,82.6875,10.625,-86.5,#00D1FF,0,1323
313802,82.6875,19.75,-106.875,#00CFFF,0,1323
313882,82.6875,88.625,-128.0,#CC96FF,0,1323
313899,82.6875,117.25,39.875,#FF008B,0,1323
313918,82.75,-119.0,127.0,#00F900,0,1324
313927,82.75,-101.25,-22.0,#00F9F5,0,1324
313981,82.75,-27.625,-36.375,#13E0FF,0,1324
313984,82.75,-25.125,6.875,#9DDBC0,1,1324
314005,82.75,-15.25,108.5,#DFD300,0,1324
314015,82.75,-10.25,94.125,#E6D000,0,1324
314040,82.75,-0.75,-99.0,#00DAFF,0,1324
314118,82.75,39.625,-41.375,#F2B6FF,0,1324
314126,82.75,44.375,116.25,#FFA800,0,1324
314146,82.75,58.625,62.625,#FF9B5A,0,1324
314187,82.75,96.75,-18.5,#FF6AF4,0,1324
314195,82.75,109.75,-89.75,#FF63FF,0,1324
314219,82.8125,-85.25,52.625,#00F163,0,1325
314223,82.8125,-80.875,-46.5,#00F5FF,0,1325
314230,82.8125,-71.875,-27.0,#00F1FF,0,1325
314250,82.8125,-49.875,-35.25,#00E9FF,0,1325
314266,82.8125,-39.125,-24.375,#00E4FB,0,1325
314308,82.8125,-16.875,-93.625,#00E2FF,0,1325
314310,82.8125,-16.0,126.25,#DFD300,0,1325
314337,82.8125,-7.5,-72.75,#00DAFF,0,1325
314398,82.8125,15.5,39.125,#FFC285,0,1325
314401,82.8125,19.625,-26.25,#DCC4FF,0,1325
314415,82.8125,26.25,34.5,#FFBA8F,0,1325
314421,82.8125,31.5,-10.75,#FFB9E3,0,1325
314469,82.8125,78.125,24.625,#FF85A4,0,1325
314474,82.8125,81.875,-40.125,#FF88FF,0,1325
314493,82.8125,99.75,92.875,#FF5508,0,1325
314498,82.8125,104.25,25.375,#FF4FA5,0,1325
314503,82.8125,112.25,72.125,#FF224E,0,1325
314504,82.8125,114.5,-76.75,#FF51FF,0,1325
314508,82.8125,122.5,-128.0,#FF56FF,0,1325
314509,82.8125,123.0,105.25,#FF0000,0,1325
314515,82.875,-117.75,56.625,#00FA58,0,1326
314524,82.875,-97.5,-97.625,#00FFFF,0,1326
314542,82.875,-61.375,-41.625,#00EEFF,0,1326
314543,82.875,-59.125,-6.25,#00EBD8,0,1326
314557,82.875,-40.5,36.25,#94E188,1,1326
314611,82.875,-1.625,116.375,#F6CB00,0,1326
314703,82.875,44.25,-12.0,#FFAFE6,0,1326
314707,82.875,47.5,42.125,#FFA882,0,1326
314711,82.875,49.75,12.625,#FFA8B9,0,1326
314721,82.875,59.75,-118.125,#88B3FF,0,1326
314727,82.875,62.75,86.5,#FF9617,0,1326
314745,82.875,81.5,-119.875,#CD9DFF,0,1326
314747,82.875,84.5,14.25,#FF7CB8,0,1326
314775,82.9375,-128.0,-5.125,#00FFD5,0,1327
314778,82.9375,-128.0,100.375,#00FC00,0,1327
314803,82.9375,-66.25,44.0,#45EB77,1,1327
314805,82.9375,-64.5,76.5,#6FEA1E,1,1327
314818,82.9375,-46.25,94.375,#A4E200,0,1327
314831,82.9375,-36.625,50.0,#A7DF6C,1,1327
314868,82.9375,-7.875,-63.375,#00D9FF,0,1327
314869,82.9375,-7.75,67.375,#E5D047,1,1327
314893,82.9375,2.5,106.625,#FCC900,0,1327
314900,82.9375,4.5,25.0,#E8CAA0,1,1327
314910,82.9375,8.25,110.0,#FFC500,0,1327
314947,82.9375,28.125,-73.0,#A6C4FF,0,1327
314972,82.9375,48.75,-34.75,#FFAEFF,0,1327
314990,82.9375,58.875,77.125,#FF9B38,0,1327
315029,82.9375,102.0,118.875,#FF4E00,0,1327
315034,82.9375,107.25,-72.375,#FF63FF,0,1327
315040,82.9375,118.625,90.125,#FF0023,0,1327
315044,82.9375,122.25,-21.875,#FF00FB,0,1327
315069,83.0,-81.5,-93.375,#00FBFF,0,1328
315094,83.0,-35.25,-60.25,#00E6FF,0,1328
315156,83.0,3.875,-55.5,#83D2FF,0,1328
315249,83.0,61.75,-18.875,#FF9FF4,0,1328
315269,83.0,86.375,-74.125,#FF8AFF,0,1328
315272,83.0,88.125,-89.125,#FF8BFF,0,1328
315278,83.0,96.5,-48.125,#FF72FF,0,1328
315283,83.0,106.625,59.75,#FF4366,0,1328
315315,83.0625,-95.75,83.0,#00F400,0,1329
315417,83.0625,-2.5,-3.875,#C6D1D6,1,1329
315457,83.0625,12.875,72.5,#FFC33C,0,1329
315473,83.0625,23.0,-113.125,#00CFFF,0,1329
315501,83.0625,43.875,-0.625,#FFAFD2,0,1329
315522,83.0625,60.0,107.625,#FF9900,0,1329
315551,83.0625,85.625,-29.125,#FF81FF,0,1329
315589,83.125,-112.375,45.25,#00FA73,0,1330
315606,83.125,-86.25,92.5,#00F100,0,1330
315608,83.125,-84.375,37.5,#00F284,0,1330
315620,83.125,-70.625,58.375,#46ED58,1,1330
315628,83.125,-61.5,17.5,#05EBAC,1,1330
315636,83.125,-51.375,-71.75,#00EFFF,0,1330
315662,83.125,-30.75,36.875,#ACDD88,1,1330
315671,83.125,-25.875,-73.5,#00E4FF,0,1330
315705,83.125,-8.125,-108.625,#00E1FF,0,1330
315712,83.125,-5.5,-13.25,#B6D3E8,1,1330
315807,83.125,48.75,-25.375,#FFADFF,0,1330
315817,83.125,57.75,-0.5,#FFA1D2,0,1330
315818,83.125,59.5,92.125,#FF9A00,0,1330
315837,83.125,79.5,49.625,#FF8277,0,1330
315843,83.125,92.0,16.75,#FF6FB4,0,1330
315861,83.125,118.5,-58.0,#FF39FF,0,1330
315881,83.1875,-118.625,103.125,#00FA00,0,1331
315918,83.1875,-70.0,6.875,#00EFC0,0,1331
315928,83.1875,-57.125,-48.625,#00EEFF,0,1331
315940,83.1875,-45.0,-16.875,#00E7ED,0,1331
315959,83.1875,-29.0,-5.625,#82DFD9,1,1331
316025,83.1875,-0.5,-60.875,#5ED6FF,0,1331
316058,83.1875,14.25,32.5,#FDC493,1,1331
316094,83.1875,31.5,-123.0,#00CCFF,0,1331
316126,83.1875,48.75,50.375,#FFA773,0,1331
316173,83.1875,98.875,80.875,#FF5A38,0,1331
316196,83.25,-117.25,40.875,#00FB7C,0,1332
316223,83.25,-85.5,112.875,#1DF100,0,1332
316232,83.25,-80.25,-57.625,#00F7FF,0,1332
316235,83.25,-79.25,-26.75,#00F4FF,0,1332
316257,83.25,-60.375,-118.75,#00F9FF,0,1332
316260,83.25,-56.375,82.5,#8AE700,0,1332
316302,83.25,-25.625,-114.5,#00EBFF,0,1332
316317,83.25,-20.25,-1.25,#A1DBD1,1,1332
316359,83.25,5.5,-29.0,#BBCFFF,0,1332
316375,83.25,12.75,50.25,#FFC470,0,1332
316411,83.25,31.625,43.375,#FFB77F,0,1332
316422,83.25,39.5,-107.0,#55C3FF,0,1332
316430,83.25,45.5,-96.375,#A0BCFF,0,1332
316433,83.25,46.875,-74.125,#D6B6FF,0,1332
316451,83.25,66.125,46.5,#FF947C,0,1332
316455,83.25,68.875,75.5,#FF903F,0,1332
316456,83.25,70.0,16.5,#FF92B4,0,1332
316457,83.25,75.5,121.75,#FF8500,0,1332
316460,83.25,76.875,75.125,#FF8542,0,1332
316467,83.25,85.875,-97.875,#FF92FF,0,1332
316471,83.25,92.875,115.875,#FF6700,0,1332
316476,83.25,101.0,40.75,#FF588A,0,1332
316485,83.25,113.125,-65.0,#FF51FF,0,1332
316490,83.25,121.5,-73.625,#FF36FF,0,1332
316496,83.3125,-128.0,39.25,#00FE80,0,1333
316565,83.3125,-66.125,101.625,#76EB00,0,1333
316704,83.3125,27.125,53.0,#FFBA6C,0,1333
316757,83.3125,60.25,19.0,#FF9DAF,0,1333
316764,83.3125,64.5,-36.125,#FF9FFF,0,1333
316766,83.3125,67.5,97.625,#FF9100,0,1333
316770,83.3125,77.875,62.25,#FF845E,0,1333
316777,83.3125,91.875,109.875,#FF6900,0,1333
316790,83.3125,110.25,-45.875,#FF52FF,0,1333
316799,83.3125,125.375,10.625,#FF00C2,0,1333
316807,83.375,-112.625,-90.375,#00FFFF,0,1334
316834,83.375,-72.5,-35.25,#00F3FF,0,1334
316839,83.375,-65.375,-65.125,#00F4FF,0,1334
316861,83.375,-43.125,-5.25,#4AE6D8,1,1334
316888,83.375,-27.875,98.25,#CADB00,0,1334
316897,83.375,-23.5,22.875,#B2DBA4,1,1334
316907,83.375,-17.875,-16.25,#93DBED,1,1334
316967,83.375,9.0,-10.5,#D8CBE4,1,1334
317036,83.375,54.625,-11.5,#FFA6E7,0,1334
317041,83.375,59.25,-103.25,#B9B1FF,0,1334
317053,83.375,75.375,-122.75,#B4A6FF,0,1334
317102,83.4375,-122.25,-20.625,#00FFF4,0,1335
317153,83.4375,-58.875,106.375,#8BE800,0,1335
317185,83.4375,-29.875,51.25,#B7DD6B,1,1335
317237,83.4375,-3.5,38.25,#E3D087,1,1335
317285,83.4375,15.125,-8.5,#E6C7E0,1,1335
317322,83.4375,44.0,-61.125,#E4B7FF,0,1335
317355,83.4375,87.875,-1.75,#FF7AD7,0,1335
317357,83.4375,91.25,26.5,#FF70A4,0,1335
317369,83.4375,126.375,-81.875,#FF1FFF,0,1335
317372,83.5,-116.625,2.875,#00FEC8,0,1336
317386,83.5,-91.125,-4.25,#00F7D6,0,1336
317390,83.5,-87.875,84.25,#00F300,0,1336
317402,83.5,-73.0,42.0,#00EF7C,0,1336
317409,83.5,-67.0,70.625,#64EC38,1,1336
317422,83.5,-58.375,116.25,#8EE800,0,1336
317428,83.5,-53.5,-41.875,#00EDFF,0,1336
317452,83.5,-37.875,0.625,#71E3CE,1,1336
317456,83.5,-34.625,-112.875,#00EFFF,0,1336
317484,83.5,-21.875,47.75,#C6DA73,1,1336
317524,83.5,-1.125,55.5,#EECE65,1,1336
317542,83.5,5.375,57.5,#F9CA61,1,1336
317570,83.5,18.625,15.625,#FDC3B4,1,1336
317606,83.5,40.375,-5.5,#FFB4DC,0,1336
317619,83.5,47.0,78.5,#FFA933,0,1336
317625,83.5,50.75,127.0,#FFA400,0,1336
317629,83.5,53.375,66.625,#FFA352,0,1336
317645,83.5,65.125,-24.0,#FF9DFF,0,1336
317646,83.5,65.875,39.375,#FF968A,0,1336
317659,83.5,76.75,-75.375,#FF99FF,0,1336
317675,83.5,94.25,-76.25,#FF80FF,0,1336
317677,83.5,98.5,105.0,#FF5B00,0,1336
317681,83.5,100.75,-96.875,#FF7BFF,0,1336
317688,83.5,110.125,1.125,#FF44D3,0,1336
317692,83.5,112.875,-128.0,#FF71FF,0,1336
317704,83.5625,-113.375,78.5,#00FA02,0,1337
317723,83.5625,-74.875,-111.125,#00FDFF,0,1337
317724,83.5625,-74.25,-98.0,#00FBFF,0,1337
317727,83.5625,-72.125,32.125,#00EF91,0,1337
317740,83.5625,-59.25,95.875,#88E900,0,1337
317786,83.5625,-30.75,83.875,#C2DD00,0,1337
317788,83.5625,-26.875,-13.0,#7DE0E8,1,1337
317796,83.5625,-19.75,84.125,#D6D800,0,1337
317807,83.5625,-15.5,-47.625,#43DDFF,0,1337
317834,83.5625,-6.5,22.125,#D4D3A7,1,1337
317861,83.5625,7.125,-111.125,#00DAFF,0,1337
317894,83.5625,22.125,112.0,#FFBD00,0,1337
317898,83.5625,25.75,120.375,#FFBA00,0,1337
317914,83.5625,32.25,122.0,#FFB500,0,1337
317922,83.5625,37.75,43.625,#FFB280,0,1337
317932,83.5625,42.375,-84.625,#B6BDFF,0,1337
317967,83.5625,75.875,-32.0,#FF91FF,0,1337
318000,83.5625,113.5,46.875,#FF2681,0,1337
318005,83.5625,118.75,-123.375,#FF61FF,0,1337
318006,83.5625,119.25,54.125,#FF0074,0,1337
318024,83.625,-87.5,-78.25,#00FDFF,0,1338
318061,83.625,-37.0,-43.25,#00E7FF,0,1338
318178,83.625,32.875,32.5,#FFB795,0,1338
318255,83.625,97.75,-108.5,#FF85FF,0,1338
318273,83.6875,-117.75,64.0,#00FC48,0,1339
318299,83.6875,-82.125,-107.25,#00FFFF,0,1339
318318,83.6875,-60.375,-68.875,#00F3FF,0,1339
318326,83.6875,-53.25,-123.625,#00F9FF,0,1339
318365,83.6875,-26.375,-62.875,#00E5FF,0,1339
318370,83.6875,-23.5,16.125,#ADDCB2,1,1339
318413,83.6875,-0.75,21.75,#DFD0A8,1,1339
318428,83.6875,2.75,9.0,#DDCEC0,1,1339
318449,83.6875,11.5,101.75,#FFC500,0,1339
318468,83.6875,22.125,-44.0,#CEC6FF,0,1339
318530,83.6875,65.375,-2.75,#FF9BD8,0,1339
318546,83.6875,78.875,80.875,#FF8334,0,1339
318567,83.6875,119.75,-38.375,#FF28FF,0,1339
318574,83.75,-128.0,-82.75,#00FFFF,0,1340
318612,83.75,-78.0,-64.75,#00F9FF,0,1340
318617,83.75,-73.625,-8.25,#00F3DE,0,1340
318646,83.75,-56.25,8.875,#20EBBE,1,1340
318691,83.75,-31.125,76.125,#C0DE2B,1,1340
318716,83.75,-16.875,97.875,#DED600,0,1340
318834,83.75,39.5,127.0,#FFAF00,0,1340
318853,83.75,48.625,-7.625,#FFADE1,0,1340
318880,83.75,76.0,-108.875,#DBA2FF,0,1340
318885,83.75,79.875,-63.375,#FF93FF,0,1340
318905,83.75,110.5,28.0,#FF3DA3,0,1340
318920,83.8125,-110.75,-79.75,#00FFFF,0,1341
318931,83.8125,-91.125,8.0,#00F7BF,0,1341
318936,83.8125,-87.375,-23.75,#00F8FB,0,1341
318955,83.8125,-60.625,-92.125,#00F7FF,0,1341
318967,83.8125,-49.5,100.125,#A1E600,0,1341
319051,83.8125,-7.25,-117.0,#00E4FF,0,1341
319077,83.8125,-1.0,27.75,#E3D09D,1,1341
319094,83.8125,5.75,122.0,#FFC900,0,1341
319101,83.8125,7.5,39.125,#F7CA87,1,1341
319199,83.8125,72.75,5.75,#FF91C9,0,1341
319218,83.8125,94.375,66.375,#FF685A,0,1341
319240,83.8125,119.875,25.25,#FF00A9,0,1341
319270,83.875,-79.75,3.0,#00F4C9,0,1342
319356,83.875,-10.25,-82.25,#00E0FF,0,1342
319438,83.875,30.75,109.5,#FFB700,0,1342
319449,83.875,37.125,-19.0,#FFB9F6,0,1342
319478,83.875,56.625,-49.75,#FFABFF,0,1342
319479,83.875,59.25,-31.375,#FFA6FF,0,1342
319489,83.875,65.875,-12.5,#FF9CEB,0,1342
319490,83.875,66.125,-116.75,#AAAFFF,0,1342
319494,83.875,69.375,85.875,#FF9021,0,1342
319506,83.875,84.25,112.375,#FF7A00,0,1342
319520,83.875,109.25,12.875,#FF46BF,0,1342
319526,83.875,120.75,66.625,#FF005D,0,1342
319541,83.9375,-109.375,14.75,#00FCB2,0,1343
319543,83.9375,-107.75,56.875,#00FA5B,0,1343
319544,83.9375,-106.375,24.5,#00FB9F,0,1343
319563,83.9375,-77.375,9.75,#00F3BD,0,1343
319600,83.9375,-49.125,110.5,#A4E600,0,1343
319603,83.9375,-47.125,22.625,#76E7A5,1,1343
319609,83.9375,-42.625,-71.875,#00EEFF,0,1343
319610,83.9375,-42.0,16.125,#7DE6B2,1,1343
319623,83.9375,-33.625,68.125,#B9E045,1,1343
319639,83.9375,-26.75,67.625,#C6DD47,1,1343
319645,83.9375,-24.125,-30.375,#5DE1FF,0,1343
319664,83.9375,-17.25,119.75,#E1D700,0,1343
319685,83.9375,-10.875,47.75,#DBD575,1,1343
319690,83.9375,-10.0,103.875,#EBD300,0,1343
319730,83.9375,0.625,79.375,#F8CD26,1,1343
319745,83.9375,7.375,-40.75,#B0D1FF,0,1343
319752,83.9375,13.25,88.125,#FFC500,0,1343
319761,83.9375,17.0,-49.125,#BACBFF,0,1343
319770,83.9375,21.625,61.75,#FFC05A,0,1343
319777,83.9375,24.625,-9.125,#F8C2E3,1,1343
319792,83.9375,32.75,-40.875,#E9BFFF,0,1343
319802,83.9375,39.75,56.0,#FFB169,0,1343
319813,83.9375,44.875,70.5,#FFAC49,0,1343
319823,83.9375,56.75,-62.875,#FEADFF,0,1343
319839,83.9375,74.0,-6.0,#FF91DF,0,1343
319843,83.9375,77.875,111.25,#FF8400,0,1343
319850,83.9375,88.375,-109.375,#F994FF,0,1343
319859,83.9375,106.25,67.125,#FF485A,0,1343
319863,83.9375,111.875,84.0,#FF2D35,0,1343
319864,83.9375,116.625,-29.75,#FF36FF,0,1343
319868,83.9375,119.75,46.125,#FF0084,0,1343
319869,83.9375,120.0,-51.5,#FF32FF,0,1343
319880,84.0,-104.25,-5.25,#00FCD9,0,1344
319884,84.0,-95.0,2.0,#00F9CB,0,1344
319886,84.0,-94.5,-23.125,#00FBFB,0,1344
319889,84.0,-89.375,-103.75,#00FFFF,0,1344
319897,84.0,-81.75,60.125,#00F355,0,1344
319917,84.0,-51.5,127.0,#A1E700,0,1344
319919,84.0,-49.875,-29.125,#00ECFF,0,1344
319930,84.0,-38.25,99.0,#B8E200,0,1344
319952,84.0,-18.5,75.375,#D7D831,1,1344
319996,84.0,0.5,69.625,#F6CE45,1,1344
320007,84.0,4.75,-22.625,#C4D0FC,1,1344
320067,84.0,36.875,71.375,#FFB346,0,1344
320106,84.0,64.125,-86.375,#EBABFF,0,1344
320116,84.0,75.875,18.75,#FF8CB2,0,1344
320121,84.0,82.0,-54.5,#FF8FFF,0,1344
320126,84.0,88.5,-53.125,#FF85FF,0,1344
320128,84.0,91.375,-122.625,#E594FF,0,1344
320129,84.0,96.75,-11.5,#FF6DEA,0,1344
320136,84.0,103.125,74.625,#FF524A,0,1344
320138,84.0,107.125,-117.25,#FF79FF,0,1344
320162,84.0625,-111.5,20.625,#00FDA7,0,1345
320185,84.0625,-78.75,83.625,#3CF200,0,1345
320208,84.0625,-40.0,-79.625,#00EEFF,0,1345
320282,84.0625,11.125,7.875,#EDCAC3,1,1345
320290,84.0625,15.875,-90.375,#00D2FF,0,1345
320310,84.0625,32.375,-103.625,#39CAFF,0,1345
320321,84.0625,42.875,102.875,#FFAD00,0,1345
320322,84.0625,43.375,-31.25,#FFB5FF,0,1345
320332,84.0625,53.5,81.625,#FFA32C,0,1345
320340,84.0625,62.0,118.25,#FF9900,0,1345
320350,84.0625,71.5,115.625,#FF8D00,0,1345
320355,84.0625,86.0,-10.0,#FF81E7,0,1345
320363,84.0625,96.375,3.25,#FF6CD0,0,1345
320397,84.125,-122.375,22.125,#00FFA4,0,1346
320433,84.125,-57.0,44.5,#71EB7A,1,1346
320453,84.125,-34.875,-7.0,#6EE4DE,1,1346
320465,84.125,-26.5,126.5,#D2DC00,0,1346
320494,84.125,-11.5,-31.625,#8BDBFF,0,1346
320550,84.125,6.125,64.0,#FECB54,1,1346
320563,84.125,12.375,78.75,#FFC62C,0,1346
320580,84.125,20.625,53.125,#FFC16D,0,1346
320586,84.125,24.625,-93.375,#4DCDFF,0,1346
320617,84.125,39.75,9.5,#FFB5C2,0,1346
320645,84.125,65.5,-56.375,#FFA4FF,0,1346
320652,84.125,70.625,-74.125,#FFA1FF,0,1346
320669,84.125,91.5,-22.25,#FF7AFE,0,1346
320673,84.125,100.0,-82.375,#FF7AFF,0,1346
320689,84.125,127.0,74.875,#FF004E,0,1346
320694,84.1875,-128.0,70.25,#00FF35,0,1347
320703,84.1875,-113.125,68.875,#00FC3B,0,1347
320709,84.1875,-103.375,-84.0,#00FFFF,0,1347
320729,84.1875,-69.75,-53.625,#00F6FF,0,1347
320732,84.1875,-65.0,-46.375,#00F4FF,0,1347
320812,84.1875,5.875,-121.25,#00DFFF,0,1347
320857,84.1875,30.875,-94.125,#70C9FF,0,1347
320865,84.1875,38.0,83.375,#FFB321,0,1347
320910,84.1875,70.625,-46.75,#FF9CFF,0,1347
320917,84.1875,79.0,-95.25,#FE9DFF,0,1347
320926,84.1875,86.0,56.0,#FF7A6E,0,1347
320929,84.1875,88.25,-16.875,#FF7EF5,0,1347
320945,84.1875,116.25,125.375,#FF0000,0,1347
320958,84.25,-123.125,85.0,#00FF00,0,1348
320966,84.25,-97.25,-37.375,#00FEFF,0,1348
320967,84.25,-97.25,38.375,#00F985,0,1348
320976,84.25,-79.25,103.25,#49F200,0,1348
320980,84.25,-75.0,65.75,#3DF148,1,1348
320982,84.25,-70.75,78.125,#5EF01A,1,1348
320990,84.25,-62.0,121.375,#88EC00,0,1348
320999,84.25,-51.125,70.25,#94E83D,1,1348
321000,84.25,-50.75,-20.375,#00EDF7,0,1348
321042,84.25,-17.5,-38.875,#61DFFF,0,1348
321046,84.25,-14.125,-87.125,#00E4FF,0,1348
321059,84.25,-9.375,-49.0,#64DCFF,0,1348
321085,84.25,-1.0,-17.25,#BED4F2,1,1348
321166,84.25,33.125,-24.125,#FCBEFF,0,1348
321216,84.25,76.0,-52.0,#FF97FF,0,1348
321232,84.25,97.375,50.5,#FF647A,0,1348
321237,84.25,109.0,-6.0,#FF4EE2,0,1348
321241,84.25,114.625,34.125,#FF289A,0,1348
321260,84.3125,-94.375,62.375,#00F84F,0,1349
321262,84.3125,-92.125,-65.25,#00FFFF,0,1349
321268,84.3125,-81.125,47.625,#00F472,0,1349
321270,84.3125,-80.0,-35.625,#00F8FF,0,1349
321281,84.3125,-57.375,-36.75,#00F1FF,0,1349
321312,84.3125,-28.75,13.0,#9FE1B9,1,1349
321334,84.3125,-16.125,19.375,#C2DAAD,1,1349
321343,84.3125,-10.5,16.75,#CBD7B3,1,1349
321353,84.3125,-6.25,-27.0,#A4D8FF,0,1349
321426,84.3125,24.625,82.5,#FFBE21,0,1349
321471,84.3125,56.0,51.375,#FFA374,0,1349
321475,84.3125,57.625,12.0,#FFA4BE,0,1349
321484,84.3125,68.875,127.0,#FF9200,0,1349
321510,84.3125,108.75,35.5,#FF4597,0,1349
321513,84.3125,109.5,108.875,#FF3A00,0,1349
321522,84.3125,116.375,118.75,#FF0000,0,1349
321525,84.3125,119.375,-83.125,#FF4BFF,0,1349
321535,84.375,-116.75,-25.0,#00FFFF,0,1350
321539,84.375,-101.5,-72.875,#00FFFF,0,1350
321541,84.375,-100.375,106.0,#00F900,0,1350
321555,84.375,-69.5,121.75,#74EF00,0,1350
321560,84.375,-62.5,-19.25,#00F1F5,0,1350
321573,84.375,-41.75,65.375,#A8E54C,1,1350
321597,84.375,-21.125,-106.625,#00EAFF,0,1350
321598,84.375,-20.625,-128.0,#00EEFF,0,1350
321601,84.375,-18.0,41.5,#CCDA83,1,1350
321665,84.375,10.75,23.75,#F7CAA6,1,1350
321695,84.375,23.875,6.0,#FFC2C8,0,1350
321724,84.375,38.75,29.875,#FFB59C,0,1350
321730,84.375,43.875,109.375,#FFAD00,0,1350
321762,84.375,77.5,-115.0,#D3A4FF,0,1350
321790,84.375,94.375,-41.875,#FF79FF,0,1350
321801,84.375,106.625,-128.0,#FF7FFF,0,1350
321805,84.375,114.5,-21.625,#FF3FFF,0,1350
321813,84.375,125.125,61.75,#FF0068,0,1350
321823,84.4375,-109.75,104.125,#00FC00,0,1351
321833,84.4375,-97.5,-44.125,#00FFFF,0,1351
321834,84.4375,-93.375,49.625,#00F86E,0,1351
321838,84.4375,-85.5,121.875,#2DF500,0,1351
321840,84.4375,-84.25,-41.625,#00FBFF,0,1351
321847,84.4375,-66.875,-103.25,#00FCFF,0,1351
321848,84.4375,-66.375,-5.625,#00F2DB,0,1351
321856,84.4375,-58.375,-29.875,#00F1FF,0,1351
321858,84.4375,-55.75,121.625,#98EA00,0,1351
321862,84.4375,-47.625,85.625,#A3E700,0,1351
321863,84.4375,-47.25,10.25,#62EABE,1,1351
321867,84.4375,-39.625,-50.125,#00EBFF,0,1351
321901,84.4375,-13.875,-113.125,#00E8FF,0,1351
322007,84.4375,34.5,61.375,#FFB75E,0,1351
322023,84.4375,50.0,24.375,#FFABA8,0,1351
322039,84.4375,64.5,-100.125,#D3AFFF,0,1351
322053,84.4375,74.75,103.5,#FF8A00,0,1351
322070,84.4375,100.375,-120.375,#FF87FF,0,1351
322074,84.4375,108.125,-20.875,#FF55FD,0,1351
322089,84.4375,120.875,112.25,#FF0000,0,1351
322112,84.5,-104.75,-96.125,#00FFFF,0,1352
322187,84.5,-9.0,29.5,#D7D69B,1,1352
322195,84.5,-4.375,-128.0,#00E6FF,0,1352
322212,84.5,3.5,-11.375,#CFD2E8,1,1352
322216,84.5,6.25,49.5,#FBCC74,1,1352
322263,84.5,28.875,-82.125,#95C9FF,0,1352
322270,84.5,34.875,102.0,#FFB600,0,1352
322314,84.5,78.625,-21.375,#FF8FFD,0,1352
322322,84.5,86.375,-68.25,#FF8DFF,0,1352
322325,84.5,93.25,-30.75,#FF79FF,0,1352
322330,84.5,100.0,-65.75,#FF76FF,0,1352
322337,84.5,112.625,60.0,#FF306A,0,1352
322344,84.5,117.625,101.625,#FF0000,0,1352
322346,84.5,126.75,22.375,#FF00B0,0,1352
322361,84.5625,-114.0,97.375,#00FD00,0,1353
322368,84.5625,-100.875,95.625,#00FA00,0,1353
322370,84.5625,-94.75,14.125,#00FAB5,0,1353
322419,84.5625,-52.625,-7.75,#00EDE0,0,1353
322450,84.5625,-36.5,-29.75,#00E8FF,0,1353
322453,84.5625,-35.125,-128.0,#00F5FF,0,1353
322454,84.5625,-34.75,-72.5,#00ECFF,0,1353
322460,84.5625,-28.625,29.0,#AFE19B,1,1353
322464,84.5625,-25.25,-24.0,#6DE3FF,0,1353
322473,84.5625,-21.5,102.75,#D9DB00,0,1353
322480,84.5625,-18.125,59.125,#D5DA5E,1,1353
322490,84.5625,-12.625,84.5,#E5D700,0,1353
322504,84.5625,-7.125,-97.5,#00E2FF,0,1353
322523,84.5625,1.25,91.125,#FDCE00,0,1353
322561,84.5625,17.0,-20.0,#E2CAF9,1,1353
322595,84.5625,40.625,-74.875,#C9BFFF,0,1353
322608,84.5625,53.0,-72.375,#EBB4FF,0,1353
322623,84.5625,65.25,110.25,#FF9700,0,1353
322624,84.5625,65.625,68.0,#FF9854,0,1353
322632,84.5625,75.5,31.25,#FF8D9D,0,1353
322643,84.5625,93.375,89.25,#FF6B20,0,1353
322653,84.5625,99.75,-54.625,#FF73FF,0,1353
322668,84.625,-128.0,17.25,#00FFAF,0,1354
322671,84.625,-122.25,15.25,#00FFB3,0,1354
322674,84.625,-111.375,-28.625,#00FFFF,0,1354
322682,84.625,-101.75,118.25,#00FA00,0,1354
322689,84.625,-88.25,-92.375,#00FFFF,0,1354
322720,84.625,-43.875,-11.125,#30EAE7,1,1354
322721,84.625,-42.625,45.625,#9BE77A,1,1354
322754,84.625,-24.625,40.125,#BFDE86,1,1354
322774,84.625,-14.625,-10.125,#A8DCE6,1,1354
322803,84.625,-2.875,44.25,#EAD27F,1,1354
322831,84.625,6.375,77.0,#FFCC32,0,1354
322839,84.625,9.5,-57.625,#96D3FF,0,1354
322859,84.625,25.625,-33.125,#E5C5FF,0,1354
322881,84.625,34.125,-67.375,#C7C3FF,0,1354
322889,84.625,37.875,-12.75,#FFB9EC,0,1354
322892,84.625,43.625,46.375,#FFB07E,0,1354
322900,84.625,48.0,-17.0,#FFB1F4,0,1354
322902,84.625,48.625,-112.0,#77C0FF,0,1354
322913,84.625,55.125,110.875,#FFA300,0,1354
322924,84.625,62.375,-47.875,#FFA7FF,0,1354
322928,84.625,65.25,32.125,#FF9A9B,0,1354
322950,84.625,104.25,-43.375,#FF67FF,0,1354
322952,84.625,105.625,92.625,#FF4B18,0,1354
322954,84.625,107.0,44.0,#FF4C88,0,1354
322955,84.625,109.5,117.125,#FF3B00,0,1354
322971,84.6875,-106.75,-40.875,#00FFFF,0,1355
322985,84.6875,-91.25,76.375,#00F822,0,1355
322991,84.6875,-80.625,-12.625,#00F8E9,0,1355
323001,84.6875,-68.0,20.625,#00F2AA,0,1355
323020,84.6875,-50.5,35.0,#7DEA8F,1,1355
323025,84.6875,-44.125,-32.75,#00ECFF,0,1355
323051,84.6875,-19.75,-98.75,#00E9FF,0,1355
323088,84.6875,-4.25,73.875,#F1D23A,1,1355
323172,84.6875,44.875,94.75,#FFAD00,0,1355
323183,84.6875,52.0,-93.875,#C0BAFF,0,1355
323187,84.6875,54.875,-123.75,#55BEFF,0,1355
323195,84.6875,65.375,56.125,#FF996D,0,1355
323205,84.6875,72.625,-91.625,#F7A5FF,0,1355
323237,84.6875,110.125,-37.875,#FF56FF,0,1355
323243,84.6875,121.0,-90.125,#FF4BFF,0,1355
323262,84.75,-116.75,10.25,#00FFBD,0,1356
323268,84.75,-104.75,89.0,#00FB00,0,1356
323274,84.75,-94.375,-76.875,#00FFFF,0,1356
323297,84.75,-64.5,-26.75,#00F4FF,0,1356
323303,84.75,-58.875,127.0,#92EC00,0,1356
323305,84.75,-57.875,-60.25,#00F4FF,0,1356
323313,84.75,-46.75,-115.125,#00F8FF,0,1356
323362,84.75,-4.5,12.125,#D5D5BD,1,1356
323390,84.75,5.5,-34.875,#B7D3FF,0,1356
323411,84.75,12.75,17.25,#F7CAB4,1,1356
323460,84.75,43.375,122.25,#FFAF00,0,1356
323484,84.75,59.5,-96.25,#CFB3FF,0,1356
323500,84.75,72.625,44.25,#FF9185,0,1356
323521,84.75,105.25,80.875,#FF4E3E,0,1356
323525,84.75,107.5,-78.625,#FF6BFF,0,1356
323538,84.8125,-128.0,-15.5,#00FFEE,0,1357
323591,84.8125,-54.125,90.625,#97EB00,0,1357
323639,84.8125,-15.125,-70.875,#00E3FF,0,1357
323748,84.8125,46.0,-40.125,#FFB6FF,0,1357
323751,84.8125,49.5,-48.125,#FFB4FF,0,1357
323771,84.8125,64.625,-110.125,#BCB2FF,0,1357
323773,84.8125,66.5,23.0,#FF9AAC,0,1357
323785,84.8125,82.75,7.625,#FF86C9,0,1357
323786,84.8125,84.25,123.625,#FF7C00,0,1357
323799,84.8125,104.5,-50.625,#FF69FF,0,1357
323816,84.875,-128.0,-52.75,#00FFFF,0,1358
323821,84.875,-118.75,111.875,#00FF00,0,1358
323957,84.875,-2.25,-107.0,#00E2FF,0,1358
323988,84.875,9.25,-102.875,#00DBFF,0,1358
323995,84.875,14.5,127.0,#FFC600,0,1358
324004,84.875,21.5,127.0,#FFC100,0,1358
324007,84.875,22.625,22.25,#FFC3AB,0,1358
324037,84.875,44.5,-128.0,#00C8FF,0,1358
324050,84.875,53.75,-115.5,#80BDFF,0,1358
324070,84.875,71.375,51.875,#FF9276,0,1358
324080,84.875,85.75,-79.875,#FF92FF,0,1358
324082,84.875,87.75,103.375,#FF7700,0,1358
324084,84.875,98.0,112.375,#FF6100,0,1358
324098,84.875,115.0,-109.875,#FF68FF,0,1358
324105,84.9375,-128.0,-39.5,#00FFFF,0,1359
324108,84.9375,-123.375,115.875,#00FF00,0,1359
324110,84.9375,-122.75,-57.0,#00FFFF,0,1359
324129,84.9375,-106.25,-18.375,#00FFF4,0,1359
324137,84.9375,-97.75,113.75,#00FA00,0,1359
324169,84.9375,-66.75,-117.75,#00FFFF,0,1359
324180,84.9375,-57.625,27.625,#59EE9E,1,1359
324184,84.9375,-52.0,15.375,#5AEDB5,1,1359
324194,84.9375,-47.25,-66.0,#00F2FF,0,1359
324233,84.9375,-29.375,-119.625,#00F2FF,0,1359
324251,84.9375,-22.25,-54.125,#00E5FF,0,1359
324282,84.9375,-10.875,7.375,#C4DAC6,1,1359
324380,84.9375,38.875,20.0,#FFB7B0,0,1359
324387,84.9375,46.625,55.875,#FFAE6C,0,1359
324393,84.9375,50.875,0.625,#FFADD5,0,1359
324398,84.9375,55.125,33.875,#FFA697,0,1359
324411,84.9375,68.75,10.375,#FF99C4,0,1359
324415,84.9375,73.125,-80.625,#FFA2FF,0,1359
324419,84.9375,76.375,90.875,#FF8A0F,0,1359
324421,84.9375,79.0,-10.25,#FF8EEA,0,1359
324434,84.9375,97.75,33.125,#FF679C,0,1359
324452,85.0,-113.625,86.125,#00FF00,0,1360
324453,85.0,-110.625,127.0,#00FD00,0,1360
324459,85.0,-102.625,51.5,#00FC6B,0,1360
324461,85.0,-94.75,21.625,#00FBA8,0,1360
324467,85.0,-87.375,29.0,#00F99A,0,1360
324468,85.0,-86.375,-57.625,#00FEFF,0,1360
324476,85.0,-78.0,24.125,#00F6A4,0,1360
324515,85.0,-47.75,-101.875,#00F7FF,0,1360
324538,85.0,-31.75,-16.5,#67E6F2,1,1360
324544,85.0,-27.625,-105.875,#00EFFF,0,1360
324592,85.0,-6.125,127.0,#F7D400,0,1360
324608,85.0,-0.375,-83.625,#00DEFF,0,1360
324652,85.0,18.0,-57.75,#B0CFFF,0,1360
324675,85.0,31.5,-57.125,#D3C5FF,0,1360
324696,85.0,44.625,84.5,#FFAF22,0,1360
324718,85.0,58.25,-24.375,#FFA9FF,0,1360
324727,85.0,72.25,63.75,#FF915F,0,1360
324735,85.0,76.25,-39.5,#FF96FF,0,1360
324738,85.0,78.75,13.5,#FF8CBF,0,1360
324754,85.0,92.25,-115.5,#FA93FF,0,1360
324760,85.0,97.625,15.25,#FF6ABD,0,1360
324767,85.0,112.375,7.125,#FF41CC,0,1360
324782,85.0625,-111.875,35.75,#00FF8C,0,1361
324786,85.0625,-108.625,72.75,#00FE31,0,1361
324816,85.0625,-71.125,-70.125,#00FBFF,0,1361
324834,85.0625,-53.0,-111.875,#00FAFF,0,1361
324866,85.0625,-18.875,8.125,#B4DEC5,1,1361
324885,85.0625,-8.0,-7.5,#BCDAE2,1,1361
324907,85.0625,2.375,15.125,#E5D2B8,1,1361
324918,85.0625,6.75,-94.875,#00DCFF,0,1361
324941,85.0625,18.375,74.75,#FFC53D,0,1361
324950,85.0625,21.75,-74.75,#93CFFF,0,1361
325022,85.0625,95.375,-128.0,#E793FF,0,1361
325032,85.0625,112.875,90.5,#FF2E26,0,1361
325033,85.0625,114.5,22.125,#FF33B1,0,1361
325050,85.125,-108.625,-70.625,#00FFFF,0,1362
325058,85.125,-100.75,13.125,#00FEB9,0,1362
325060,85.125,-100.125,127.0,#00FB00,0,1362
325102,85.125,-53.5,-98.0,#00F9FF,0,1362
325112,85.125,-48.125,28.75,#7EEB9C,1,1362
325209,85.125,-1.25,-120.0,#00E5FF,0,1362
325263,85.125,20.125,35.25,#FFC593,0,1362
325281,85.125,27.375,-66.75,#B8CAFF,0,1362
325286,85.125,31.0,26.875,#FFBDA4,0,1362
325338,85.125,72.5,-15.75,#FF98F5,0,1362
325357,85.125,101.375,-114.25,#FF85FF,0,1362
325379,85.1875,-120.25,-89.125,#00FFFF,0,1363
325383,85.1875,-111.125,114.625,#00FE00,0,1363
325390,85.1875,-99.375,74.0,#00FC2D,0,1363
325398,85.1875,-78.125,121.875,#59F400,0,1363
325403,85.1875,-74.625,116.875,#65F300,0,1363
325410,85.1875,-69.375,89.375,#6DF200,0,1363
325413,85.1875,-66.75,52.125,#58F26C,1,1363
325425,85.1875,-54.625,50.875,#81ED6F,1,1363
325435,85.1875,-41.25,-99.5,#00F4FF,0,1363
325450,85.1875,-26.0,-47.125,#00E7FF,0,1363
325472,85.1875,-14.5,-1.375,#B4DDD7,1,1363
325510,85.1875,-0.625,-29.625,#B1D8FF,0,1363
325547,85.1875,13.375,-108.125,#00DAFF,0,1363
325551,85.1875,13.875,-79.875,#5DD5FF,0,1363
325614,85.1875,58.125,127.0,#FFA100,0,1363
325622,85.1875,65.25,3.5,#FF9FD1,0,1363
325625,85.1875,67.25,-79.0,#FFA9FF,0,1363
325654,85.1875,94.875,127.0,#FF6900,0,1363
325655,85.1875,95.125,96.375,#FF6A00,0,1363
325656,85.1875,97.375,23.125,#FF6AAF,0,1363
325674,85.25,-117.5,-47.375,#00FFFF,0,1364
325675,85.25,-117.25,-41.0,#00FFFF,0,1364
325678,85.25,-107.625,-54.875,#00FFFF,0,1364
325679,85.25,-106.875,39.5,#00FF85,0,1364
325683,85.25,-95.625,-9.25,#00FEE4,0,1364
325684,85.25,-89.5,-12.875,#00FCEB,0,1364
325695,85.25,-68.375,-17.25,#00F6F4,0,1364
325698,85.25,-60.125,-108.375,#00FDFF,0,1364
325707,85.25,-53.75,-85.125,#00F7FF,0,1364
325712,85.25,-51.375,-48.75,#00F2FF,0,1364
325722,85.25,-39.375,-93.625,#00F3FF,0,1364
325742,85.25,-27.125,-85.125,#00ECFF,0,1364
325763,85.25,-11.75,71.875,#E6D841,1,1364
325766,85.25,-9.0,1.375,#C4DAD2,1,1364
325804,85.25,4.875,-46.5,#A2D6FF,0,1364
325815,85.25,9.75,-116.375,#00DEFF,0,1364
325830,85.25,16.375,118.625,#FFC600,0,1364
325837,85.25,21.125,102.375,#FFC300,0,1364
325845,85.25,26.375,-19.0,#F7C5F9,1,1364
325848,85.25,29.0,2.625,#FFC1D1,0,1364
325854,85.25,35.125,13.375,#FFBBBD,0,1364
325861,85.25,37.875,50.25,#FFB777,0,1364
325863,85.25,38.5,-63.25,#DAC1FF,0,1364
325865,85.25,39.5,91.5,#FFB400,0,1364
325892,85.25,55.625,99.375,#FFA400,0,1364
325916,85.25,84.625,-104.0,#FF9BFF,0,1364
325923,85.25,92.625,82.125,#FF7039,0,1364
325943,85.25,112.75,-94.875,#FF68FF,0,1364
325951,85.25,126.125,-49.375,#FF00FF,0,1364
325952,85.25,127.0,109.75,#FF0000,0,1364
325958,85.3125,-122.125,-5.75,#00FFDD,0,1365
325972,85.3125,-99.0,-63.75,#00FFFF,0,1365
325989,85.3125,-73.125,-88.125,#00FFFF,0,1365
325992,85.3125,-68.75,-77.25,#00FCFF,0,1365
325994,85.3125,-67.625,64.75,#63F24E,1,1365
326017,85.3125,-40.75,-122.125,#00F8FF,0,1365
326039,85.3125,-23.25,79.5,#D4DE24,1,1365
326065,85.3125,-5.25,-38.25,#95DCFF,0,1365
326069,85.3125,-4.25,93.875,#F7D400,0,1365
326080,85.3125,-0.5,-10.625,#CAD6E9,1,1365
326082,85.3125,0.5,-70.0,#39DCFF,0,1365
326085,85.3125,1.125,-4.25,#D4D5DD,1,1365
326137,85.3125,19.75,67.875,#FFC550,0,1365
326138,85.3125,19.875,-66.625,#A3D0FF,0,1365
326151,85.3125,25.625,43.625,#FFC184,0,1365
326160,85.3125,28.75,64.375,#FFBE59,0,1365
326235,85.3125,114.0,-118.125,#FF70FF,0,1365
326250,85.375,-117.75,-61.625,#00FFFF,0,1366
326252,85.375,-117.125,31.125,#00FF96,0,1366
326262,85.375,-80.125,-84.5,#00FFFF,0,1366
326276,85.375,-40.0,76.625,#B3E72D,1,1366
326301,85.375,-15.0,36.25,#D2DC90,1,1366
326367,85.375,18.375,-36.5,#D4CDFF,0,1366
326371,85.375,19.625,88.375,#FFC400,0,1366
326403,85.375,43.375,62.25,#FFB260,0,1366
326414,85.375,48.875,-83.625,#D0BCFF,0,1366
326470,85.375,108.5,102.5,#FF4400,0,1366
326477,85.375,126.25,-29.625,#FF00FF,0,1366
326494,85.4375,-103.25,-59.375,#00FFFF,0,1367
326514,85.4375,-78.0,-51.25,#00FDFF,0,1367
326562,85.4375,-33.25,-35.375,#00EAFF,0,1367
326600,85.4375,-14.0,-60.25,#00E3FF,0,1367
326601,85.4375,-13.5,-53.25,#39E2FF,0,1367
326615,85.4375,-7.625,-89.25,#00E4FF,0,1367
326618,85.4375,-4.75,-53.125,#70DDFF,0,1367
326723,85.4375,48.5,33.75,#FFAE99,0,1367
326725,85.4375,48.875,101.625,#FFAC00,0,1367
326736,85.4375,57.5,-84.125,#E4B5FF,0,1367
326740,85.4375,58.875,-55.5,#FFAEFF,0,1367
326784,85.4375,106.125,-94.75,#FF77FF,0,1367
326794,85.4375,119.75,-102.75,#FF5AFF,0,1367
326799,85.4375,122.5,80.625,#FF0044,0,1367
326805,85.5,-118.25,-78.5,#00FFFF,0,1368
326806,85.5,-113.125,-66.375,#00FFFF,0,1368
326812,85.5,-108.25,63.0,#00FF50,0,1368
326814,85.5,-107.375,-48.25,#00FFFF,0,1368
326815,85.5,-103.75,68.0,#00FE43,0,1368
326817,85.5,-99.875,-14.125,#00FFEE,0,1368
326819,85.5,-96.625,-30.25,#00FFFF,0,1368
326821,85.5,-91.75,105.25,#00FA00,0,1368
326830,85.5,-75.375,-74.375,#00FEFF,0,1368
326834,85.5,-69.5,0.125,#00F6D3,0,1368
326836,85.5,-66.625,-91.5,#00FEFF,0,1368
326844,85.5,-57.375,-23.25,#00F3FF,0,1368
326854,85.5,-47.75,57.375,#99EB62,1,1368
326855,85.5,-47.625,-88.875,#00F6FF,0,1368
326860,85.5,-42.125,115.75,#B8E700,0,1368
326871,85.5,-35.375,40.125,#ABE687,1,1368
326872,85.5,-34.875,89.125,#C1E400,0,1368
326878,85.5,-31.75,103.25,#CAE300,0,1368
326956,85.5,5.875,86.5,#FFCE00,0,1368
326979,85.5,14.25,108.25,#FFC800,0,1368
327020,85.5,34.875,-114.25,#00CEFF,0,1368
327031,85.5,44.625,-102.25,#92C4FF,0,1368
327039,85.5,53.375,-30.375,#FFB0FF,0,1368
327040,85.5,53.875,74.375,#FFA745,0,1368
327076,85.5,91.125,71.875,#FF7452,0,1368
327097,85.5,120.625,-9.25,#FF1BEC,0,1368
327112,85.5625,-110.625,-7.5,#00FFE1,0,1369
327118,85.5625,-101.75,32.625,#00FF94,0,1369
327127,85.5625,-85.25,-70.0,#00FFFF,0,1369
327178,85.5625,-13.125,-121.875,#00EDFF,0,1369
327198,85.5625,-3.25,-77.375,#00E0FF,0,1369
327328,85.5625,66.25,-68.75,#FFA9FF,0,1369
327347,85.5625,87.5,118.625,#FF7900,0,1369
327350,85.5625,87.75,39.5,#FF7D91,0,1369
327359,85.5625,95.125,44.625,#FF6E88,0,1369
327365,85.5625,109.875,-26.75,#FF57FF,0,1369
327370,85.5625,121.875,1.375,#FF00D9,0,1369
327376,85.625,-128.0,-68.625,#00FFFF,0,1370
327385,85.625,-106.125,8.625,#00FFC3,0,1370
327394,85.625,-84.875,9.0,#00FBC2,0,1370
327405,85.625,-70.125,-59.75,#00FBFF,0,1370
327432,85.625,-42.0,-58.75,#00F1FF,0,1370
327575,85.625,43.25,-91.125,#B0C3FF,0,1370
327576,85.625,44.25,-53.0,#F6BCFF,0,1370
327589,85.625,52.625,92.25,#FFA800,0,1370
327604,85.625,73.125,-62.375,#FFA0FF,0,1370
327609,85.625,78.625,55.5,#FF8A72,0,1370
327626,85.625,107.375,53.5,#FF4E79,0,1370
327640,85.6875,-128.0,76.375,#00FF20,0,1371
327745,85.6875,8.875,-3.375,#E5D1DD,1,1371
327756,85.6875,13.875,-26.375,#D8D0FF,0,1371
327790,85.6875,42.75,37.625,#FFB492,0,1371
327792,85.6875,43.875,-67.0,#E2BFFF,0,1371
327802,85.6875,52.875,-42.625,#FFB3FF,0,1371
327810,85.6875,57.75,-38.125,#FFADFF,0,1371
327816,85.6875,63.375,73.875,#FF9D49,0,1371
327823,85.6875,71.625,-127.75,#9EB2FF,0,1371
327839,85.6875,90.375,3.5,#FF7DD4,0,1371
327849,85.6875,101.375,87.375,#FF5D2E,0,1371
327857,85.6875,112.625,-82.625,#FF64FF,0,1371
327862,85.6875,123.125,16.125,#FF00BF,0,1371
327864,85.6875,126.75,42.375,#FF0090,0,1371
327869,85.75,-122.25,8.0,#00FFC4,0,1372
327872,85.75,-95.625,-90.125,#00FFFF,0,1372
327873,85.75,-94.875,68.75,#00FC42,0,1372
327875,85.75,-91.625,93.5,#00FB00,0,1372
327880,85.75,-86.625,70.0,#00F93F,0,1372
327892,85.75,-61.75,111.5,#8CF000,0,1372
327896,85.75,-54.875,110.625,#9DEE00,0,1372
327900,85.75,-51.5,115.875,#A5EC00,0,1372
327901,85.75,-50.25,-13.25,#00F0EE,0,1372
327917,85.75,-34.125,-80.0,#00F0FF,0,1372
327920,85.75,-32.625,-65.125,#00EEFF,0,1372
327927,85.75,-26.125,-95.5,#00EFFF,0,1372
327977,85.75,-5.0,60.0,#EFD660,1,1372
327995,85.75,-0.625,122.0,#FFD200,0,1372
328017,85.75,8.25,-71.375,#69D9FF,0,1372
328028,85.75,11.75,67.0,#FFCB52,0,1372
328079,85.75,35.25,-33.375,#FBC1FF,0,1372
328136,85.75,85.625,77.5,#FF7E44,0,1372
328148,85.75,102.875,18.625,#FF60B9,0,1372
328150,85.75,105.5,8.5,#FF5BCB,0,1372
328158,85.75,115.75,76.125,#FF224E,0,1372
328160,85.75,125.75,-112.625,#FF4EFF,0,1372
328163,85.75,126.875,-66.25,#FF1FFF,0,1372
328167,85.8125,-126.625,127.0,#00FF00,0,1373
328168,85.8125,-123.0,-73.75,#00FFFF,0,1373
328174,85.8125,-93.25,-49.25,#00FFFF,0,1373
328180,85.8125,-84.5,19.0,#00FBB0,0,1373
328198,85.8125,-62.625,7.875,#00F4C6,0,1373
328207,85.8125,-46.0,104.75,#AFEA00,0,1373
328221,85.8125,-36.875,19.875,#96E9B0,1,1373
328244,85.8125,-19.0,67.25,#DADE4E,1,1373
328292,85.8125,-2.875,110.25,#FDD400,0,1373
328310,85.8125,3.375,96.75,#FFD000,0,1373
328326,85.8125,12.75,44.5,#FFCC82,0,1373
328380,85.8125,52.25,120.5,#FFA900,0,1373
328382,85.8125,53.5,-104.375,#ACBEFF,0,1373
328398,85.8125,69.125,-40.875,#FFA2FF,0,1373
328423,85.8125,95.625,-60.25,#FF80FF,0,1373
328424,85.8125,97.0,-101.875,#FF8AFF,0,1373
328441,85.8125,126.125,127.0,#FF0000,0,1373
328445,85.875,-122.875,55.625,#00FF63,0,1374
328446,85.875,-122.625,40.25,#00FF84,0,1374
328467,85.875,-91.875,127.0,#00FB00,0,1374
328479,85.875,-73.0,-44.375,#00FCFF,0,1374
328488,85.875,-58.125,-0.5,#00F3D6,0,1374
328509,85.875,-37.375,9.625,#88E9C3,1,1374
328550,85.875,-10.375,-128.0,#00EDFF,0,1374
328610,85.875,14.75,94.25,#FFC900,0,1374
328617,85.875,18.0,-84.375,#61D5FF,0,1374
328624,85.875,23.625,12.125,#FFC6C1,0,1374
328629,85.875,27.5,-46.75,#DCC9FF,0,1374
328633,85.875,31.125,75.25,#FFBD40,0,1374
328662,85.875,54.5,45.625,#FFA984,0,1374
328672,85.875,62.0,-123.25,#88BBFF,0,1374
328688,85.875,82.875,28.25,#FF87A6,0,1374
328689,85.875,83.5,66.75,#FF835C,0,1374
328701,85.875,102.125,124.75,#FF5A00,0,1374
328720,85.875,126.5,-36.625,#FF00FF,0,1374
328731,85.9375,-115.75,-12.875,#00FFEC,0,1375
328747,85.9375,-96.5,-102.75,#00FFFF,0,1375
328764,85.9375,-73.75,50.0,#2DF672,1,1375
328770,85.9375,-69.5,106.75,#76F400,0,1375
328817,85.9375,-26.5,120.375,#D7E100,0,1375
328828,85.9375,-21.375,-70.5,#00EAFF,0,1375
328873,85.9375,6.625,115.875,#FFCE00,0,1375
328897,85.9375,19.625,43.0,#FFC786,0,1375
328926,85.9375,31.75,-76.875,#B1CAFF,0,1375
329064,86.0,-62.75,-81.375,#00FCFF,0,1376
329082,86.0,-48.0,-43.5,#00F3FF,0,1376
329104,86.0,-23.25,-8.375,#97E4E6,1,1376
329240,86.0,71.25,-104.5,#E0ADFF,0,1376
329258,86.0,90.75,-95.625,#FF92FF,0,1376
329259,86.0,90.75,-36.5,#FF84FF,0,1376
329263,86.0,97.5,72.875,#FF6852,0,1376
329274,86.0,115.0,-6.25,#FF40E7,0,1376
329275,86.0,117.375,-46.25,#FF47FF,0,1376
329282,86.0,126.25,32.75,#FF00A2,0,1376
329334,86.0625,-57.625,68.125,#88F048,1,1377
329351,86.0625,-40.625,93.875,#B9E900,0,1377
329436,86.0625,12.625,-95.625,#00DBFF,0,1377
329449,86.0625,21.125,-99.375,#00D6FF,0,1377
329458,86.0625,26.375,-40.25,#E3CAFF,0,1377
329462,86.0625,28.75,-109.75,#00D3FF,0,1377
329473,86.0625,31.75,93.625,#FFBD00,0,1377
329504,86.0625,52.625,39.25,#FFAC90,0,1377
329513,86.0625,58.25,-77.875,#F2B4FF,0,1377
329534,86.0625,86.125,-47.75,#FF8DFF,0,1377
329546,86.0625,101.0,-33.75,#FF70FF,0,1377
329553,86.0625,110.0,-13.125,#FF55F4,0,1377
329564,86.125,-128.0,105.5,#00FF00,0,1378
329566,86.125,-123.125,91.375,#00FF00,0,1378
329581,86.125,-106.375,-33.125,#00FFFF,0,1378
329608,86.125,-80.625,-98.5,#00FFFF,0,1378
329638,86.125,-59.125,-124.0,#00FFFF,0,1378
329670,86.125,-25.75,92.75,#D5E200,0,1378
329671,86.125,-24.625,-18.0,#82E6F9,1,1378
329680,86.125,-18.25,-64.5,#00E8FF,0,1378
329681,86.125,-17.5,113.375,#E7DD00,0,1378
329709,86.125,-0.375,-93.125,#00E2FF,0,1378
329780,86.125,39.375,113.5,#FFB600,0,1378
329789,86.125,44.25,14.75,#FFB6BE,0,1378
329828,86.125,78.125,-128.0,#B7ACFF,0,1378
329840,86.125,87.0,84.125,#FF7D34,0,1378
329841,86.125,87.75,93.0,#FF7B11,0,1378
329844,86.125,91.5,60.125,#FF766C,0,1378
329846,86.125,94.25,-2.75,#FF78E0,0,1378
329854,86.125,112.5,-70.875,#FF62FF,0,1378
329863,86.125,127.0,-15.375,#FF00F9,0,1378
329905,86.1875,-96.25,88.125,#00FD00,0,1379
329978,86.1875,-35.25,33.75,#A8E896,1,1379
330013,86.1875,-10.875,-76.625,#00E6FF,0,1379
330095,86.1875,26.125,-125.875,#00D8FF,0,1379
330102,86.1875,29.75,116.75,#FFBE00,0,1379
330112,86.1875,39.875,-47.0,#F6C0FF,0,1379
330115,86.1875,40.875,3.625,#FFBAD2,0,1379
330124,86.1875,50.0,-63.75,#F6BAFF,0,1379
330146,86.1875,65.625,91.5,#FF9C09,0,1379
330153,86.1875,75.125,-99.5,#F4A8FF,0,1379
330163,86.1875,82.375,-86.5,#FF9CFF,0,1379
330183,86.1875,124.875,91.625,#FF002B,0,1379
330184,86.1875,126.625,101.5,#FF0000,0,1379
330209,86.25,-111.25,4.375,#00FFCC,0,1380
330307,86.25,-32.25,3.25,#8FE9D1,1,1380
330339,86.25,-14.125,-24.875,#97E2FF,0,1380
330351,86.25,-10.125,-16.375,#AFDFF6,1,1380
330373,86.25,-0.25,-23.125,#BEDAFF,0,1380
330393,86.25,8.0,-51.75,#A4D8FF,0,1380
330400,86.25,10.875,-15.5,#DFD2F5,1,1380
330410,86.25,16.125,-126.25,#00DFFF,0,1380
330414,86.25,18.125,4.75,#FDCCD0,1,1380
330472,86.25,60.125,-13.625,#FFA9F3,0,1380
330503,86.25,105.0,-105.75,#FF7FFF,0,1380
330522,86.3125,-122.375,-32.25,#00FFFF,0,1381
330525,86.3125,-122.125,1.625,#00FFD2,0,1381
330533,86.3125,-103.75,0.375,#00FFD4,0,1381
330553,86.3125,-65.375,30.75,#39F59B,1,1381
330564,86.3125,-59.5,38.125,#66F38C,1,1381
330578,86.3125,-46.5,-52.625,#00F4FF,0,1381
330598,86.3125,-31.375,58.125,#C0E664,1,1381
330601,86.3125,-30.25,-53.125,#00EDFF,0,1381
330636,86.3125,-14.75,53.5,#DEDE6F,1,1381
330685,86.3125,-0.375,33.5,#EED698,1,1381
330746,86.3125,30.25,38.125,#FFC191,0,1381
330773,86.3125,52.875,17.5,#FFAEBA,0,1381
330803,86.3125,99.375,-88.25,#FF84FF,0,1381
330804,86.3125,99.75,-73.875,#FF7FFF,0,1381
330814,86.3125,112.5,41.25,#FF4092,0,1381
330821,86.3125,118.75,-16.875,#FF35FC,0,1381
330826,86.3125,123.625,118.75,#FF0000,0,1381
330828,86.3125,125.25,56.0,#FF0078,0,1381
330830,86.3125,127.0,-23.625,#FF00FF,0,1381
330857,86.375,-66.0,-39.0,#00FAFF,0,1382
330896,86.375,-32.125,-24.625,#4FEBFF,0,1382
330981,86.375,5.625,-87.375,#00DFFF,0,1382
331019,86.375,22.375,93.875,#FFC500,0,1382
331020,86.375,23.0,-51.0,#CDCEFF,0,1382
331035,86.375,30.375,9.375,#FFC3C8,0,1382
331040,86.375,32.25,83.875,#FFBD26,0,1382
331107,86.375,126.5,-3.5,#FF00E4,0,1382
331131,86.4375,-82.25,-2.0,#00FDDA,0,1383
331135,86.4375,-80.625,41.25,#00FA85,0,1383
331140,86.4375,-73.625,-116.25,#00FFFF,0,1383
331146,86.4375,-70.5,97.625,#71F600,0,1383
331150,86.4375,-63.375,87.875,#83F300,0,1383
331158,86.4375,-57.625,56.25,#80F267,1,1383
331183,86.4375,-41.75,23.625,#8FECAA,1,1383
331192,86.4375,-32.5,46.75,#B8E77D,1,1383
331275,86.4375,-2.0,100.75,#FFD500,0,1383
331276,86.4375,-0.875,49.75,#F5D679,1,1383
331315,86.4375,12.0,55.625,#FFCE6D,0,1383
331331,86.4375,19.0,-12.125,#F2CDF0,1,1383
331336,86.4375,21.125,-4.0,#FDCBE1,1,1383
331390,86.4375,56.75,-5.75,#FFACE5,0,1383
331393,86.4375,59.25,82.0,#FFA434,0,1383
331398,86.4375,66.375,102.75,#FF9B00,0,1383
331411,86.4375,75.75,69.0,#FF9058,0,1383
331420,86.4375,81.75,-109.875,#F1A4FF,0,1383
331445,86.4375,114.75,96.375,#FF2D13,0,1383
331454,86.5,-128.0,-25.875,#00FFFF,0,1384
331456,86.5,-128.0,0.125,#00FFD5,0,1384
331459,86.5,-105.625,-24.875,#00FFFF,0,1384
331462,86.5,-101.375,22.375,#00FFAB,0,1384
331476,86.5,-81.25,91.625,#41FA00,0,1384
331486,86.5,-74.875,-17.0,#00FCF7,0,1384
331508,86.5,-58.125,-12.375,#00F5EE,0,1384
331530,86.5,-47.875,63.375,#9FEE57,1,1384
331534,86.5,-46.75,76.875,#A8ED2F,1,1384
331549,86.5,-39.375,-15.625,#47EEF5,1,1384
331552,86.5,-38.0,104.625,#C2E900,0,1384
331617,86.5,-3.75,86.625,#FBD700,1,1384
331621,86.5,-2.375,-113.75,#00E8FF,0,1384
331666,86.5,15.25,-43.125,#C7D3FF,0,1384
331671,86.5,17.0,28.0,#FFCCA4,0,1384
331748,86.5,80.625,-71.125,#FF9BFF,0,1384
331756,86.5,85.625,-124.125,#DBA3FF,0,1384
331759,86.5,91.0,9.75,#FF7DCA,0,1384
331777,86.5,113.125,-103.125,#FF6FFF,0,1384
331787,86.5625,-123.25,101.125,#00FF00,0,1385
331813,86.5625,-64.875,-11.5,#00F8ED,0,1385
331825,86.5625,-45.5,121.25,#B5EC00,0,1385
331833,86.5625,-41.25,-128.0,#00FDFF,0,1385
331837,86.5625,-37.0,120.875,#C6E800,0,1385
331854,86.5625,-25.5,1.75,#A1E6D4,1,1385
331904,86.5625,4.0,-106.875,#00E3FF,0,1385
331955,86.5625,26.875,17.375,#FFC5B9,0,1385
331969,86.5625,37.75,-56.375,#E7C4FF,0,1385
331975,86.5625,40.375,-36.75,#FFC0FF,0,1385
331998,86.5625,60.25,41.5,#FFA58E,0,1385
332019,86.5625,75.125,127.0,#FF9000,0,1385
332023,86.5625,79.125,99.5,#FF8A00,0,1385
332038,86.5625,98.25,56.375,#FF6A75,0,1385
332041,86.5625,103.5,-1.0,#FF66DF,0,1385
332055,86.5625,126.125,-59.375,#FF26FF,0,1385
332073,86.625,-112.0,-95.5,#00FFFF,0,1386
332095,86.625,-81.0,-112.375,#00FFFF,0,1386
332123,86.625,-53.125,78.125,#9AF029,1,1386
332137,86.625,-39.75,29.625,#9BEC9F,1,1386
332166,86.625,-23.375,-38.625,#4AE9FF,0,1386
332184,86.625,-14.0,25.0,#D0DFA9,1,1386
332199,86.625,-5.875,-59.0,#56E2FF,0,1386
332263,86.625,26.5,-60.75,#C6CEFF,0,1386
332276,86.625,35.125,-1.25,#FFC0DC,0,1386
332283,86.625,37.75,-27.5,#FFC1FF,0,1386
332319,86.625,58.5,57.625,#FFA66E,0,1386
332332,86.625,70.375,-30.25,#FFA1FF,0,1386
332343,86.625,82.75,-34.625,#FF92FF,0,1386
332363,86.625,106.5,-64.0,#FF6FFF,0,1386
332364,86.625,109.875,126.25,#FF4400,0,1386
332372,86.625,121.375,74.125,#FF0055,0,1386
332374,86.625,122.875,-95.625,#FF51FF,0,1386
332378,86.6875,-128.0,6.125,#00FFCA,0,1387
332383,86.6875,-122.875,63.125,#00FF52,0,1387
332399,86.6875,-87.625,-29.125,#00FFFF,0,1387
332411,86.6875,-73.375,-103.125,#00FFFF,0,1387
332425,86.6875,-61.75,22.375,#3BF5AC,1,1387
332442,86.6875,-45.5,40.375,#96EE8A,1,1387
332444,86.6875,-45.125,-23.5,#00F2FF,0,1387
332480,86.6875,-23.25,-119.625,#00F4FF,0,1387
332483,86.6875,-21.875,-77.625,#00EDFF,0,1387
332541,86.6875,11.125,122.375,#FFCD00,0,1387
332575,86.6875,32.0,52.0,#FFC077,0,1387
332598,86.6875,40.125,-122.25,#00CFFF,0,1387
332617,86.6875,55.125,6.625,#FFADCF,0,1387
332632,86.6875,67.5,120.125,#FF9A00,0,1387
332639,86.6875,73.75,82.375,#FF9337,0,1387
332647,86.6875,81.375,44.25,#FF8A8B,0,1387
332660,86.6875,100.75,-15.75,#FF6FFA,0,1387
332661,86.6875,102.875,48.875,#FF6084,0,1387
332662,86.6875,104.0,112.875,#FF5900,0,1387
332678,86.75,-116.75,-18.75,#00FFFA,0,1388
332687,86.75,-98.75,-3.75,#00FFDE,0,1388
332691,86.75,-93.125,-17.875,#00FFF9,0,1388
332697,86.75,-80.625,14.125,#00FDBC,0,1388
332699,86.75,-79.0,70.25,#35FA42,1,1388
332700,86.75,-75.875,76.125,#50F92E,1,1388
332704,86.75,-73.0,13.0,#00FABE,0,1388
332714,86.75,-60.5,79.5,#88F322,1,1388
332716,86.75,-59.375,-97.25,#00FFFF,0,1388
332731,86.75,-47.25,-79.375,#00F8FF,0,1388
332753,86.75,-31.25,-41.25,#00EDFF,0,1388
332828,86.75,1.625,3.875,#E0D8D2,1,1388
332844,86.75,7.25,16.75,#F3D4BA,1,1388
332936,86.75,70.875,-21.875,#FF9FFF,0,1388
332938,86.75,72.375,96.75,#FF9500,0,1388
332944,86.75,81.125,34.75,#FF8B9C,0,1388
332945,86.75,82.625,1.625,#FF8DDA,0,1388
332961,86.75,113.375,-57.0,#FF5CFF,0,1388
332967,86.8125,-128.0,28.0,#00FFA0,0,1389
332975,86.8125,-100.125,81.25,#00FF08,0,1389
332978,86.8125,-92.5,-34.5,#00FFFF,0,1389
332980,86.8125,-86.875,-83.375,#00FFFF,0,1389
333006,86.8125,-51.0,4.0,#47F2D0,1,1389
333057,86.8125,-11.375,42.0,#E0DE88,1,1389
333163,86.8125,42.25,-22.375,#FFBDFF,0,1389
333179,86.8125,52.75,-21.0,#FFB3FF,0,1389
333203,86.8125,72.375,26.125,#FF98AC,0,1389
333208,86.8125,80.0,-46.125,#FF98FF,0,1389
333228,86.8125,118.0,9.5,#FF31CD,0,1389
333240,86.875,-118.25,77.375,#00FF22,0,1390
333309,86.875,-9.625,-103.0,#00EBFF,0,1390
333337,86.875,4.875,-79.75,#00DFFF,0,1390
333362,86.875,18.625,81.5,#FFC92D,0,1390
333390,86.875,33.625,127.0,#FFBD00,0,1390
333410,86.875,60.75,48.375,#FFA581,0,1390
333415,86.875,71.125,-56.75,#FFA5FF,0,1390
333416,86.875,71.375,-118.25,#C2B3FF,0,1390
333421,86.875,79.875,-27.5,#FF95FF,0,1390
333425,86.875,81.875,20.75,#FF8CB7,0,1390
333444,86.875,111.75,66.25,#FF4264,0,1390
333449,86.875,115.875,28.75,#FF37AA,0,1390
333451,86.875,118.375,107.125,#FF0C00,0,1390
333454,86.875,120.375,-68.0,#FF4BFF,0,1390
333471,86.9375,-92.875,-40.625,#00FFFF,0,1391
333479,86.9375,-75.75,94.5,#5FF900,0,1391
333486,86.9375,-54.25,-54.25,#00F9FF,0,1391
333498,86.9375,-41.875,-111.625,#00FCFF,0,1391
333515,86.9375,-28.375,19.125,#AEE8B4,1,1391
333521,86.9375,-25.375,109.125,#DBE400,0,1391
333527,86.9375,-21.625,29.625,#C5E4A1,1,1391
333561,86.9375,-3.875,1.25,#D3DCD7,1,1391
333623,86.9375,23.75,76.75,#FFC63E,0,1391
333640,86.9375,40.75,-97.625,#98CAFF,0,1391
333649,86.9375,45.375,-119.0,#38CBFF,0,1391
333676,86.9375,91.5,21.5,#FF7CB6,0,1391
333677,86.9375,93.0,-106.5,#FF95FF,0,1391
333690,86.9375,122.125,-78.375,#FF4BFF,0,1391
333693,86.9375,126.75,-72.375,#FF31FF,0,1391
333694,87.0,-128.0,-87.875,#00FFFF,0,1392
333702,87.0,-128.0,49.625,#00FF73,0,1392
333727,87.0,-75.125,-30.0,#00FEFF,0,1392
333769,87.0,-32.75,-101.75,#00F6FF,0,1392
333782,87.0,-20.625,-88.625,#00EFFF,0,1392
333801,87.0,-10.375,-67.375,#00E7FF,0,1392
333832,87.0,7.125,-128.0,#00E7FF,0,1392
333907,87.0,59.125,-111.125,#AFBDFF,0,1392
333909,87.0,61.125,24.625,#FFA7AF,0,1392
333943,87.0,101.25,-126.0,#FF90FF,0,1392
333944,87.0,101.625,-26.625,#FF71FF,0,1392
333951,87.0,115.0,51.625,#FF3681,0,1392
333959,87.0,121.75,97.75,#FF0014,0,1392
333960,87.0,123.875,-42.375,#FF2BFF,0,1392
333983,87.0625,-85.375,-7.5,#00FFE6,0,1393
333984,87.0625,-85.0,-47.625,#00FFFF,0,1393
334014,87.0625,-59.5,100.75,#94F300,0,1393
334018,87.0625,-52.625,105.0,#A5F000,0,1393
334044,87.0625,-34.0,-88.75,#00F5FF,0,1393
334077,87.0625,-15.5,89.625,#E9DF00,0,1393
334161,87.0625,16.25,-114.0,#00DFFF,0,1393
334186,87.0625,27.625,-100.5,#3FD5FF,0,1393
334205,87.0625,33.75,-86.875,#A1CEFF,0,1393
334240,87.0625,62.375,97.25,#FFA200,0,1393
334260,87.0625,79.375,117.5,#FF8B00,0,1393
334272,87.0625,93.625,-51.75,#FF86FF,0,1393
334291,87.0625,121.0,37.75,#FF019B,0,1393
334309,87.125,-110.5,-84.75,#00FFFF,0,1394
334324,87.125,-88.5,-109.0,#00FFFF,0,1394
334362,87.125,-44.375,-38.25,#00F4FF,0,1394
334438,87.125,16.0,11.0,#FFCFC6,0,1394
334456,87.125,25.75,58.125,#FFC56B,0,1394
334460,87.125,27.75,-25.0,#F9CAFF,0,1394
334479,87.125,43.125,-113.0,#5DCCFF,0,1394
334498,87.125,64.625,17.25,#FFA4BD,0,1394
334537,87.125,115.25,-35.25,#FF50FF,0,1394
334545,87.1875,-128.0,34.5,#00FF94,0,1395
334558,87.1875,-92.625,35.5,#00FF93,0,1395
334583,87.1875,-55.375,-69.125,#00FCFF,0,1395
334635,87.1875,-17.75,-33.5,#7AE7FF,0,1395
334636,87.1875,-16.25,80.125,#E6E02B,1,1395
334647,87.1875,-11.625,-37.875,#86E4FF,0,1395
334650,87.1875,-10.5,98.5,#F4DD00,0,1395
334698,87.1875,7.0,127.0,#FFD200,0,1395
334705,87.1875,10.0,-64.625,#8DDBFF,0,1395
334706,87.1875,10.125,29.25,#FFD2A4,0,1395
334725,87.1875,25.75,-86.625,#83D4FF,0,1395
334738,87.1875,37.375,120.875,#FFBB00,0,1395
334751,87.1875,48.25,114.375,#FFB100,0,1395
334754,87.1875,48.75,64.75,#FFB260,0,1395
334777,87.1875,68.75,-7.625,#FFA1EB,0,1395
334790,87.1875,84.625,-92.0,#FF9DFF,0,1395
334796,87.1875,92.0,34.75,#FF7B9E,0,1395
334811,87.1875,119.625,85.875,#FF003C,0,1395
334817,87.25,-116.75,22.75,#00FFAB,0,1396
334820,87.25,-112.625,55.75,#00FF67,0,1396
334835,87.25,-68.875,35.625,#32F994,1,1396
334847,87.25,-46.25,-1.5,#53F2DC,1,1396
334850,87.25,-42.875,5.625,#73F0CF,1,1396
334852,87.25,-41.625,-66.0,#00F6FF,0,1396
334876,87.25,-19.75,-112.5,#00F3FF,0,1396
334881,87.25,-17.625,13.875,#C2E4C0,1,1396
334908,87.25,-4.0,-65.75,#3DE4FF,0,1396
334927,87.25,4.25,-1.625,#E2D8DE,1,1396
334933,87.25,6.125,-17.75,#D6D8FC,1,1396
335025,87.25,64.5,61.75,#FFA168,0,1396
335048,87.25,93.5,-66.75,#FF8AFF,0,1396
335049,87.25,93.625,-86.25,#FF8FFF,0,1396
335066,87.25,127.0,-120.125,#FF56FF,0,1396
335068,87.3125,-123.375,122.125,#00FF00,0,1397
335094,87.3125,-68.875,127.0,#81F700,0,1397
335097,87.3125,-60.75,51.125,#75F674,1,1397
335122,87.3125,-40.0,126.75,#C3EC00,0,1397
335129,87.3125,-37.0,55.625,#B6EB6C,1,1397
335132,87.3125,-34.0,80.125,#C6E927,1,1397
335136,87.3125,-31.875,126.75,#D2E800,0,1397
335174,87.3125,-13.5,-96.25,#00EDFF,0,1397
335178,87.3125,-11.625,113.875,#F4DD00,0,1397
335222,87.3125,3.125,-100.0,#00E5FF,0,1397
335223,87.3125,3.625,42.125,#FCD68A,1,1397
335233,87.3125,6.25,7.625,#EDD6CD,1,1397
335255,87.3125,16.625,62.375,#FFCD61,0,1397
335256,87.3125,17.25,48.375,#FFCD7F,0,1397
335262,87.3125,19.75,-121.375,#00DFFF,0,1397
335291,87.3125,32.75,-128.0,#00D7FF,0,1397
335323,87.3125,67.25,80.625,#FF9D3D,0,1397
335328,87.3125,69.625,-85.625,#FFAEFF,0,1397
335329,87.3125,70.5,108.125,#FF9800,0,1397
335336,87.3125,75.25,37.875,#FF9598,0,1397
335342,87.3125,86.875,-24.625,#FF8CFF,0,1397
335343,87.3125,87.5,-41.875,#FF8EFF,0,1397
335354,87.3125,99.875,99.375,#FF6600,0,1397
335356,87.3125,105.5,-84.125,#FF7AFF,0,1397
335363,87.3125,116.0,2.875,#FF41DB,0,1397
335374,87.3125,127.0,-128.0,#FF5CFF,0,1397
335386,87.375,-111.375,26.625,#00FFA4,0,1398
335397,87.375,-88.75,42.625,#00FF85,0,1398
335463,87.375,0.5,-37.75,#ADDEFF,0,1398
335481,87.375,5.25,-60.875,#87DEFF,0,1398
335518,87.375,27.0,102.375,#FFC400,0,1398
335531,87.375,35.75,-92.625,#97CEFF,0,1398
335585,87.375,91.25,-10.375,#FF83F2,0,1398
335588,87.375,98.75,9.125,#FF71CE,0,1398
335589,87.375,99.25,-39.75,#FF7AFF,0,1398
335611,87.4375,-128.0,83.5,#00FF00,0,1399
335624,87.4375,-108.75,78.375,#00FF21,0,1399
335628,87.4375,-102.75,-89.125,#00FFFF,0,1399
335635,87.4375,-85.625,-17.125,#00FFF9,0,1399
335688,87.4375,-30.375,115.25,#D4E700,0,1399
335690,87.4375,-29.5,-70.375,#00F2FF,0,1399
335696,87.4375,-23.875,55.875,#D1E56C,1,1399
335699,87.4375,-23.125,71.375,#D8E547,1,1399
335713,87.4375,-15.0,103.375,#EEE000,0,1399
335732,87.4375,-7.25,80.625,#F6DC2C,1,1399
335736,87.4375,-6.375,120.625,#FEDB00,0,1399
335845,87.4375,50.375,-128.0,#00CAFF,0,1399
335851,87.4375,52.75,-53.375,#FFB9FF,0,1399
335865,87.4375,59.25,68.375,#FFA75A,0,1399
335872,87.4375,72.375,58.125,#FF9871,0,1399
335890,87.4375,88.75,-59.25,#FF90FF,0,1399
335907,87.4375,117.75,-128.0,#FF74FF,0,1399
335911,87.4375,121.375,-108.25,#FF60FF,0,1399
335917,87.5,-123.0,70.625,#00FF3F,0,1400
335923,87.5,-113.875,92.125,#00FF00,0,1400
335936,87.5,-93.75,-55.0,#00FFFF,0,1400
335954,87.5,-74.875,3.0,#00FDD3,0,1400
335960,87.5,-66.125,-108.375,#00FFFF,0,1400
335976,87.5,-53.375,61.0,#93F35F,1,1400
335980,87.5,-51.625,45.375,#8CF381,1,1400
335988,87.5,-45.0,33.5,#93F099,1,1400
335996,87.5,-38.875,-84.875,#00F8FF,0,1400
336000,87.5,-37.0,-55.25,#00F3FF,0,1400
336003,87.5,-34.375,-47.75,#00F1FF,0,1400
336086,87.5,8.625,71.875,#FFD24A,0,1400
336141,87.5,31.5,69.25,#FFC254,0,1400
336185,87.5,73.0,-0.875,#FF9CE0,0,1400
336214,87.5,107.25,22.875,#FF5BB6,0,1400
336232,87.5625,-116.75,16.25,#00FFB9,0,1401
336254,87.5625,-91.875,81.875,#00FF0C,0,1401
336267,87.5625,-79.75,30.125,#00FE9F,0,1401
336279,87.5625,-69.875,45.25,#46FA81,1,1401
336293,87.5625,-58.25,-44.0,#00FBFF,0,1401
336311,87.5625,-44.625,51.0,#A2F076,1,1401
336313,87.5625,-44.25,110.25,#B9EE00,0,1401
336336,87.5625,-23.25,115.0,#E1E400,0,1401
336419,87.5625,13.75,-120.875,#00E3FF,0,1401
336436,87.5625,22.75,116.5,#FFC800,0,1401
336441,87.5625,25.625,87.75,#FFC614,0,1401
336467,87.5625,41.5,78.75,#FFB93D,0,1401
336519,87.5625,83.375,-116.625,#EAA7FF,0,1401
336530,87.5625,98.0,119.375,#FF6B00,0,1401
336534,87.5625,101.625,63.375,#FF656A,0,1401
336541,87.5625,113.25,-88.5,#FF6CFF,0,1401
336547,87.5625,118.875,61.5,#FF1E70,0,1401
336564,87.625,-104.125,-101.25,#00FFFF,0,1402
336566,87.625,-101.125,-78.0,#00FFFF,0,1402
336610,87.625,-46.5,-122.375,#00FFFF,0,1402
336623,87.625,-29.5,-128.0,#00FBFF,0,1402
336660,87.625,-1.625,-47.75,#92E1FF,0,1402
336739,87.625,44.25,-79.875,#D2C6FF,0,1402
336748,87.625,53.875,-88.75,#D9BFFF,0,1402
336759,87.625,63.75,-29.25,#FFABFF,0,1402
336769,87.625,81.5,-4.375,#FF92E7,0,1402
336784,87.625,101.375,-8.375,#FF70EF,0,1402
336793,87.625,108.75,74.5,#FF5054,0,1402
336800,87.625,119.125,-25.5,#FF40FF,0,1402
336808,87.6875,-116.625,-6.375,#00FFE5,0,1403
336816,87.6875,-92.0,-70.375,#00FFFF,0,1403
336834,87.6875,-63.75,106.125,#8CF700,0,1403
336840,87.6875,-57.5,86.5,#96F500,0,1403
336889,87.6875,-15.125,-81.5,#00EDFF,0,1403
336897,87.6875,-13.25,-43.875,#70E7FF,0,1403
336905,87.6875,-10.25,64.5,#EEDF5B,1,1403
336930,87.6875,-2.875,17.75,#E4DCBA,1,1403
336990,87.6875,32.75,18.5,#FFC4BA,0,1403
337014,87.6875,48.5,88.375,#FFB21D,0,1403
337017,87.6875,49.75,-99.75,#B4C5FF,0,1403
337028,87.6875,57.75,88.375,#FFA921,0,1403
337109,87.75,-85.125,126.875,#45FE00,0,1404
337145,87.75,-37.25,-116.375,#00FDFF,0,1404
337154,87.75,-30.75,-59.5,#00F2FF,0,1404
337164,87.75,-21.125,36.375,#CDE696,1,1404
337232,87.75,10.875,-33.25,#CFD8FF,0,1404
337241,87.75,14.125,-53.125,#B7D8FF,0,1404
337261,87.75,21.875,-109.5,#00DCFF,0,1404
337314,87.75,62.75,-74.0,#FFB4FF,0,1404
337315,87.75,63.5,124.625,#FFA200,0,1404
337330,87.75,84.0,-14.375,#FF90FA,0,1404
337346,87.75,102.375,36.875,#FF679D,0,1404
337349,87.75,106.75,31.0,#FF5CA8,0,1404
337353,87.75,115.875,16.75,#FF40C3,0,1404
337370,87.8125,-101.25,101.125,#00FF00,0,1405
337373,87.8125,-94.25,57.5,#00FF65,0,1405
337378,87.8125,-87.625,-97.5,#00FFFF,0,1405
337381,87.8125,-84.625,104.0,#3DFE00,0,1405
337396,87.8125,-68.25,-31.5,#00FEFF,0,1405
337402,87.8125,-63.125,-56.0,#00FFFF,0,1405
337414,87.8125,-58.0,-74.5,#00FFFF,0,1405
337453,87.8125,-29.0,87.75,#D3E800,0,1405
337531,87.8125,14.625,-0.125,#F8D3DD,1,1405
337547,87.8125,25.375,108.625,#FFC600,0,1405
337550,87.8125,26.375,31.0,#FFC8A3,0,1405
337552,87.8125,27.25,125.25,#FFC500,0,1405
337583,87.8125,52.0,-36.5,#FFB9FF,0,1405
337595,87.8125,61.125,-64.5,#FFB4FF,0,1405
337603,87.8125,73.125,13.875,#FF9CC5,0,1405
337614,87.8125,89.125,47.0,#FF8189,0,1405
337629,87.8125,107.625,-122.375,#FF86FF,0,1405
337658,87.875,-110.0,109.375,#00FF00,0,1406
337680,87.875,-92.5,113.375,#00FF00,0,1406
337862,87.875,30.875,-118.5,#00D8FF,0,1406
337865,87.875,31.25,-16.625,#FFC8FD,0,1406
337869,87.875,37.125,-103.375,#74D1FF,0,1406
337873,87.875,39.125,66.875,#FFBC5B,0,1406
337875,87.875,41.375,24.875,#FFBCAF,0,1406
337908,87.875,69.25,-98.0,#EEB3FF,0,1406
337924,87.875,93.375,105.75,#FF7600,0,1406
337945,87.875,121.25,-32.125,#FF3AFF,0,1406
337956,87.9375,-122.625,-40.0,#00FFFF,0,1407
337991,87.9375,-84.875,3.375,#00FFD4,0,1407
337997,87.9375,-81.5,-22.75,#00FFFF,0,1407
338021,87.9375,-65.75,-123.0,#00FFFF,0,1407
338022,87.9375,-65.625,12.875,#00FBC2,0,1407
338037,87.9375,-54.125,95.75,#A2F400,0,1407
338057,87.9375,-39.25,-3.75,#70F1E2,1,1407
338095,87.9375,-19.75,-47.0,#3BECFF,0,1407
338164,87.9375,9.125,105.75,#FFD200,0,1407
338186,87.9375,16.5,21.875,#FFD0B4,0,1407
338214,87.9375,35.125,4.75,#FFC3D5,0,1407
338230,87.9375,48.625,108.375,#FFB300,0,1407
338301,87.9375,126.875,-105.125,#FF50FF,0,1407
338312,88.0,-101.875,-38.125,#00FFFF,0,1408
338317,88.0,-90.25,0.0,#00FFDA,0,1408
338324,88.0,-76.75,36.875,#00FE93,0,1408
338360,88.0,-48.75,-128.0,#00FFFF,0,1408
338362,88.0,-45.875,-106.875,#00FFFF,0,1408
338386,88.0,-31.625,93.75,#D0EA00,0,1408
338390,88.0,-29.25,-30.25,#50EFFF,0,1408
338403,88.0,-20.0,126.875,#E9E400,0,1408
338417,88.0,-13.0,127.0,#F5E000,0,1408
338449,88.0,-1.375,6.875,#E0DDD0,1,1408
338471,88.0,11.5,36.375,#FFD398,0,1408
338500,88.0,29.125,-8.875,#FFCAEE,0,1408
338527,88.0,45.75,126.875,#FFB500,0,1408
338531,88.0,47.625,8.625,#FFB8CE,0,1408
338560,88.0,79.5,-78.875,#FFA3FF,0,1408
338567,88.0,88.5,15.625,#FF86C4,0,1408
338571,88.0,99.375,-45.75,#FF7DFF,0,1408
338575,88.0,103.25,104.875,#FF6000,0,1408
338584,88.0,112.625,113.25,#FF4100,0,1408
338596,88.0625,-128.0,113.0,#00FF00,0,1409
338597,88.0625,-123.375,109.125,#00FF00,0,1409
338599,88.0625,-122.5,30.75,#00FF9E,0,1409
338600,88.0625,-122.25,-11.125,#00FFEF,0,1409
338613,88.0625,-104.5,114.125,#00FF00,0,1409
338621,88.0625,-93.75,-82.0,#00FFFF,0,1409
338625,88.0625,-84.0,82.625,#29FF0C,0,1409
338629,88.0625,-79.75,108.0,#5AFE00,0,1409
338637,88.0625,-63.875,-71.875,#00FFFF,0,1409
338641,88.0625,-58.0,13.625,#3EF8C1,1,1409
338648,88.0625,-52.0,-117.125,#00FFFF,0,1409
338654,88.0625,-45.0,89.625,#B5F000,0,1409
338656,88.0625,-44.625,99.25,#B8F000,0,1409
338684,88.0625,-29.125,-76.5,#00F4FF,0,1409
338691,88.0625,-23.375,11.375,#B5E9C7,1,1409
338700,88.0625,-19.75,23.25,#C8E6B0,1,1409
338727,88.0625,-8.375,108.375,#FBDE00,0,1409
338732,88.0625,-7.0,-32.75,#A2E4FF,0,1409
338740,88.0625,-5.25,-19.625,#BCE2FF,0,1409
338754,88.0625,1.5,59.625,#FFD968,0,1409
338809,88.0625,35.75,35.75,#FFC19B,0,1409
338811,88.0625,38.125,97.5,#FFBD00,0,1409
338820,88.0625,46.5,20.0,#FFB9B9,0,1409
338838,88.0625,56.625,-68.875,#FFBAFF,0,1409
338848,88.0625,70.375,-112.25,#D3B5FF,0,1409
338866,88.0625,90.0,-74.5,#FF94FF,0,1409
338875,88.0625,103.0,-59.125,#FF7AFF,0,1409
338882,88.0625,116.5,70.0,#FF3260,0,1409
338885,88.0625,120.875,-118.0,#FF69FF,0,1409
338898,88.125,-117.5,49.75,#00FF76,0,1410
338909,88.125,-105.5,127.0,#00FF00,0,1410
338919,88.125,-75.875,-60.625,#00FFFF,0,1410
338950,88.125,-33.375,108.875,#D0EB00,0,1410
338956,88.125,-29.0,-9.5,#8AEDEE,1,1410
338959,88.125,-25.625,-110.75,#00F8FF,0,1410
338990,88.125,-5.875,-83.125,#00EAFF,0,1410
339038,88.125,14.25,-73.375,#86DCFF,0,1410
339066,88.125,29.25,-2.875,#FFC9E3,0,1410
339094,88.125,46.375,-107.375,#90CBFF,0,1410
339104,88.125,53.875,28.25,#FFB1AA,0,1410
339166,88.125,123.5,6.625,#FF0ED6,0,1410
339180,88.1875,-113.5,122.75,#00FF00,0,1411
339182,88.1875,-112.0,-40.875,#00FFFF,0,1411
339183,88.1875,-109.375,-12.75,#00FFF3,0,1411
339194,88.1875,-89.375,53.0,#00FF71,0,1411
339196,88.1875,-87.25,117.5,#36FF00,0,1411
339206,88.1875,-71.25,27.75,#00FDA6,0,1411
339221,88.1875,-58.625,-113.625,#00FFFF,0,1411
339231,88.1875,-49.5,-58.125,#00FBFF,0,1411
339247,88.1875,-37.375,-22.25,#3EF2FF,0,1411
339264,88.1875,-27.0,63.375,#D0E95D,1,1411
339272,88.1875,-16.25,46.0,#DDE484,1,1411
339273,88.1875,-15.875,-107.25,#00F3FF,0,1411
339333,88.1875,3.25,103.75,#FFD700,0,1411
339356,88.1875,14.125,113.75,#FFD000,0,1411
339363,88.1875,18.375,-29.5,#E5D4FF,0,1411
339368,88.1875,21.25,-23.125,#F2D1FF,0,1411
339369,88.1875,22.125,-80.25,#8FD8FF,0,1411
339404,88.1875,37.0,-42.0,#FCC8FF,0,1411
339417,88.1875,48.0,-31.75,#FFBDFF,0,1411
339428,88.1875,56.75,105.75,#FFAB00,0,1411
339434,88.1875,60.25,-90.125,#E8BBFF,0,1411
339444,88.1875,69.75,71.375,#FF9D56,0,1411
339455,88.1875,81.5,61.0,#FF8D6E,0,1411
339477,88.1875,111.375,-49.625,#FF65FF,0,1411
339487,88.1875,126.375,-86.25,#FF46FF,0,1411
339626,88.25,20.5,-91.25,#54DBFF,0,1412
339666,88.25,49.875,-76.375,#E8C2FF,0,1412
339668,88.25,50.75,-11.125,#FFB8F4,0,1412
339670,88.25,51.375,52.875,#FFB27B,0,1412
339704,88.25,88.0,110.5,#FF8100,0,1412
339718,88.25,119.625,-61.0,#FF51FF,0,1412
339730,88.3125,-109.375,96.625,#00FF00,0,1413
339735,88.3125,-99.75,7.25,#00FFCD,0,1413
339743,88.3125,-89.625,12.0,#00FFC4,0,1413
339752,88.3125,-77.75,127.0,#68FD00,0,1413
339755,88.3125,-76.5,-39.875,#00FFFF,0,1413
339782,88.3125,-45.625,18.125,#81F4BA,1,1413
339788,88.3125,-39.25,-34.5,#00F5FF,0,1413
339789,88.3125,-39.125,-74.25,#00F9FF,0,1413
339794,88.3125,-35.25,-122.375,#00FFFF,0,1413
339797,88.3125,-32.125,24.125,#ADEDAE,1,1413
339818,88.3125,-18.875,-20.0,#97EAFF,0,1413
339869,88.3125,3.625,-115.25,#00EAFF,0,1413
339887,88.3125,8.875,82.0,#FFD42E,0,1413
339933,88.3125,34.25,46.0,#FFC388,0,1413
339956,88.3125,58.125,114.75,#FFAA00,0,1413
339962,88.3125,60.5,34.375,#FFAAA0,0,1413
339984,88.3125,108.0,87.375,#FF5537,0,1413
339985,88.3125,108.5,97.0,#FF5314,0,1413
339987,88.3125,110.5,-112.875,#FF7FFF,0,1413
339997,88.375,-122.625,-47.0,#00FFFF,0,1414
340035,88.375,-61.875,-32.75,#00FEFF,0,1414
340042,88.375,-52.375,-103.75,#00FFFF,0,1414
340049,88.375,-43.5,-47.75,#00F8FF,0,1414
340050,88.375,-42.75,12.125,#82F3C5,1,1414
340114,88.375,1.0,-55.375,#8AE3FF,0,1414
340133,88.375,5.375,35.75,#FFD89A,0,1414
340144,88.375,9.5,-22.75,#DADAFF,0,1414
340146,88.375,9.75,61.25,#FFD466,0,1414
340209,88.375,39.125,107.375,#FFBD00,0,1414
340227,88.375,47.75,73.375,#FFB64F,0,1414
340228,88.375,48.25,44.75,#FFB68B,0,1414
340242,88.375,58.25,121.5,#FFAA00,0,1414
340251,88.375,67.0,-16.5,#FFA8FF,0,1414
340259,88.375,75.75,8.25,#FF9AD2,0,1414
340261,88.375,81.875,107.375,#FF8C00,0,1414
340272,88.375,100.625,78.375,#FF6A4C,0,1414
340285,88.375,121.75,50.625,#FF0787,0,1414
340289,88.4375,-119.75,-94.25,#00FFFF,0,1415
340291,88.4375,-118.25,84.125,#00FF00,0,1415
340294,88.4375,-107.5,50.625,#00FF76,0,1415
340323,88.4375,-66.25,-22.0,#00FFFF,0,1415
340338,88.4375,-53.125,22.5,#6EF7B1,1,1415
340339,88.4375,-52.875,-77.625,#00FFFF,0,1415
340367,88.4375,-37.625,61.875,#BBEF61,1,1415
340418,88.4375,-7.25,53.375,#F1DF76,1,1415
340456,88.4375,8.75,94.0,#FFD400,0,1415
340499,88.4375,35.25,-50.5,#EFCBFF,0,1415
340505,88.4375,37.0,-6.75,#FFC4EC,0,1415
340514,88.4375,44.125,30.375,#FFBBA7,0,1415
340555,88.4375,80.875,-99.875,#FFA8FF,0,1415
340599,88.5,-108.75,-75.625,#00FFFF,0,1416
340603,88.5,-102.125,-8.625,#00FFEC,0,1416
340616,88.5,-78.125,62.875,#37FF5B,0,1416
340635,88.5,-48.125,-7.125,#34F7EA,1,1416
340694,88.5,-6.875,34.125,#E9E09D,1,1416
340710,88.5,1.75,24.375,#F3DBB0,1,1416
340731,88.5,10.0,-83.125,#3AE1FF,0,1416
340798,88.5,58.5,-128.0,#68C6FF,0,1416
340803,88.5,61.75,-105.75,#CCBEFF,0,1416
340822,88.5,76.875,-66.125,#FFA5FF,0,1416
340828,88.5,80.25,86.875,#FF8F31,0,1416
340833,88.5,89.625,53.25,#FF827F,0,1416
340839,88.5,96.25,-123.0,#FF9AFF,0,1416
340840,88.5,96.25,-95.875,#FF92FF,0,1416
340847,88.5,118.5,-73.75,#FF5CFF,0,1416
340852,88.5,120.625,127.0,#FF0000,0,1416
340853,88.5,122.25,28.625,#FF14AF,0,1416
340854,88.5,125.0,68.5,#FF0066,0,1416
340871,88.5625,-84.125,34.75,#00FF98,0,1417
340874,88.5625,-75.875,18.0,#00FFB9,0,1417
340880,88.5625,-65.75,-96.625,#00FFFF,0,1417
340891,88.5625,-57.25,4.875,#17FAD3,1,1417
340898,88.5625,-52.75,30.5,#7BF7A2,1,1417
340910,88.5625,-37.625,68.125,#BEEF52,1,1417
340912,88.5625,-33.375,-109.75,#00FCFF,0,1417
340913,88.5625,-32.75,72.25,#CAED47,1,1417
340919,88.5625,-26.5,33.375,#C2EB9D,1,1417
340959,88.5625,-6.375,-121.25,#00F1FF,0,1417
340970,88.5625,-3.0,-99.625,#00ECFF,0,1417
340982,88.5625,2.0,112.5,#FFD900,0,1417
341045,88.5625,32.5,-62.5,#D7CFFF,0,1417
341061,88.5625,46.375,-4.125,#FFBCE8,0,1417
341068,88.5625,50.625,-121.625,#5ECCFF,0,1417
341073,88.5625,57.375,-119.125,#91C5FF,0,1417
341082,88.5625,67.25,-61.75,#FFAFFF,0,1417
341083,88.5625,67.25,-49.625,#FFADFF,0,1417
341098,88.5625,82.5,51.0,#FF8E83,0,1417
341104,88.5625,88.125,126.75,#FF8200,0,1417
341116,88.5625,105.375,-37.375,#FF71FF,0,1417
341136,88.625,-112.625,-55.0,#00FFFF,0,1418
341182,88.625,-40.25,85.125,#BFF00D,1,1418
341194,88.625,-27.125,-3.75,#9AEDE5,1,1418
341202,88.625,-16.25,-128.0,#00F8FF,0,1418
341215,88.625,-8.125,25.125,#E2E2AE,1,1418
341222,88.625,-5.75,-43.5,#91E6FF,0,1418
341312,88.625,42.75,-9.0,#FFC0F1,0,1418
341320,88.625,48.0,-57.75,#FFC2FF,0,1418
341344,88.625,77.875,-119.75,#D7B1FF,0,1418
341358,88.625,95.5,28.125,#FF7AAF,0,1418
341359,88.625,95.75,-22.625,#FF81FF,0,1418
341362,88.625,103.125,-100.125,#FF88FF,0,1418
341368,88.625,112.75,-43.125,#FF61FF,0,1418
341398,88.6875,-90.125,18.625,#00FFB8,0,1419
341399,88.6875,-90.0,-60.75,#00FFFF,0,1419
341402,88.6875,-86.875,75.375,#00FF37,0,1419
341410,88.6875,-79.625,-89.625,#00FFFF,0,1419
341417,88.6875,-73.5,-3.875,#00FFE4,0,1419
341419,88.6875,-72.625,-93.125,#00FFFF,0,1419
341420,88.6875,-71.0,-10.75,#00FFF1,0,1419
341475,88.6875,-25.0,98.625,#DFE900,0,1419
341508,88.6875,-4.375,-10.375,#CBE2F2,1,1419
341518,88.6875,1.75,75.25,#FFDA44,0,1419
341572,88.6875,24.0,-117.125,#00DFFF,0,1419
341578,88.6875,25.375,-13.625,#FFCFF9,0,1419
341595,88.6875,37.625,-80.0,#C4CEFF,0,1419
341607,88.6875,49.375,80.75,#FFB53C,0,1419
341611,88.6875,52.375,60.0,#FFB26E,0,1419
341620,88.6875,61.25,7.875,#FFADD2,0,1419
341622,88.6875,63.25,-43.25,#FFB1FF,0,1419
341668,88.6875,120.375,21.375,#FF2CBD,0,1419
341672,88.75,-128.0,-57.375,#00FFFF,0,1420
341676,88.75,-119.375,127.0,#00FF00,0,1420
341684,88.75,-102.5,46.625,#00FF7F,0,1420
341685,88.75,-102.0,39.375,#00FF8F,0,1420
341689,88.75,-79.75,117.125,#60FF00,0,1420
341697,88.75,-64.875,73.375,#7EFB40,1,1420
341698,88.75,-64.375,116.5,#90FA00,0,1420
341699,88.75,-64.25,60.5,#76FB63,1,1420
341700,88.75,-63.0,44.75,#6AFB85,1,1420
341706,88.75,-59.0,32.125,#67FA9F,1,1420
341709,88.75,-57.5,-5.75,#00FBE8,0,1420
341714,88.75,-51.125,-36.0,#00FBFF,0,1420
341717,88.75,-47.5,126.875,#B9F300,0,1420
341729,88.75,-35.25,-11.5,#71F2F3,1,1420
341749,88.75,-22.625,44.25,#D1E988,1,1420
341755,88.75,-18.125,-13.5,#A5EAF8,1,1420
341770,88.75,-13.125,58.75,#EAE36B,1,1420
341813,88.75,0.375,-128.0,#00F0FF,0,1420
341840,88.75,11.75,-8.125,#EFD8EF,1,1420
341850,88.75,23.5,48.375,#FFCC83,0,1420
341886,88.75,53.0,-109.625,#A4C7FF,0,1420
341895,88.75,66.25,-92.75,#F4B7FF,0,1420
341903,88.75,75.625,48.375,#FF9888,0,1420
341923,88.75,97.875,92.25,#FF7026,0,1420
341924,88.75,105.0,-70.5,#FF7CFF,0,1420
341935,88.75,127.0,83.75,#FF0047,0,1420
341937,88.8125,-128.0,12.875,#00FFC3,0,1421
341940,88.8125,-122.875,-61.75,#00FFFF,0,1421
341948,88.8125,-109.0,85.25,#00FF00,0,1421
341952,88.8125,-99.25,-68.75,#00FFFF,0,1421
341953,88.8125,-98.0,17.0,#00FFBB,0,1421
341956,88.8125,-85.875,60.875,#00FF60,0,1421
341959,88.8125,-83.875,-34.25,#00FFFF,0,1421
341967,88.8125,-67.75,80.875,#7AFC23,1,1421
341979,88.8125,-51.125,121.375,#B0F500,0,1421
342001,88.8125,-29.25,40.5,#C2ED90,1,1421
342016,88.8125,-18.25,-5.625,#B0EAE9,1,1421
342089,88.8125,10.375,12.75,#FCD8C7,1,1421
342100,88.8125,15.125,101.75,#FFD100,0,1421
342115,88.8125,23.875,-70.25,#B2D7FF,0,1421
342123,88.8125,28.75,-53.0,#DED1FF,0,1421
342131,88.8125,32.0,57.875,#FFC571,0,1421
342189,88.8125,69.0,40.5,#FFA196,0,1421
342191,88.8125,72.625,-36.5,#FFA6FF,0,1421
342226,88.8125,115.125,81.75,#FF3D49,0,1421
342245,88.875,-112.375,-48.25,#00FFFF,0,1422
342270,88.875,-77.0,45.875,#00FF83,0,1422
342341,88.875,12.0,-89.75,#00E2FF,0,1422
342375,88.875,36.5,75.375,#FFC149,0,1422
342378,88.875,39.25,-69.875,#DCCCFF,0,1422
342399,88.875,54.125,-59.5,#FFBDFF,0,1422
342427,88.875,76.375,-89.25,#FFACFF,0,1422
342430,88.875,79.375,77.75,#FF924B,0,1422
342435,88.875,89.25,28.375,#FF86AF,0,1422
342439,88.875,92.0,-16.375,#FF87FF,0,1422
342440,88.875,92.25,-80.5,#FF95FF,0,1422
342446,88.875,103.375,13.25,#FF6CCB,0,1422
342456,88.9375,-128.0,-31.375,#00FFFF,0,1423
342461,88.9375,-118.375,-83.5,#00FFFF,0,1423
342474,88.9375,-98.0,50.75,#00FF77,0,1423
342476,88.9375,-96.375,26.25,#00FFAA,0,1423
342479,88.9375,-84.875,-75.0,#00FFFF,0,1423
342502,88.9375,-53.5,39.5,#85F891,1,1423
342586,88.9375,-2.375,-88.0,#00EBFF,0,1423
342675,88.9375,59.0,-19.875,#FFB3FF,0,1423
342684,88.9375,67.25,-123.25,#ABBEFF,0,1423
342705,88.9375,102.0,69.625,#FF6961,0,1423
342708,88.9375,107.5,62.25,#FF5B71,0,1423
342735,89.0,-117.0,-32.5,#00FFFF,0,1424
342745,89.0,-103.375,62.875,#00FF5B,0,1424
342746,89.0,-101.5,-30.375,#00FFFF,0,1424
342749,89.0,-95.75,-107.875,#00FFFF,0,1424
342770,89.0,-58.625,-49.875,#00FFFF,0,1424
342772,89.0,-55.875,-89.375,#00FFFF,0,1424
342787,89.0,-37.125,115.375,#CDEF00,0,1424
342790,89.0,-34.0,-94.875,#00FCFF,0,1424
342822,89.0,-10.375,-110.5,#00F3FF,0,1424
342889,89.0,24.875,38.25,#FFCC98,0,1424
342890,89.0,25.0,67.875,#FFCB5A,0,1424
342947,89.0,70.875,33.75,#FFA0A4,0,1424
342950,89.0,73.75,120.25,#FF9900,0,1424
342952,89.0,79.375,-60.0,#FFA2FF,0,1424
342961,89.0,89.75,65.375,#FF8268,0,1424
342974,89.0,112.25,-76.375,#FF6FFF,0,1424
342977,89.0,118.625,43.0,#FF3396,0,1424
342981,89.0625,-128.0,-43.875,#00FFFF,0,1425
343008,89.0625,-95.25,-95.25,#00FFFF,0,1425
343024,89.0625,-77.5,53.5,#27FF73,0,1425
343029,89.0625,-71.875,85.5,#70FE00,0,1425
343030,89.0625,-71.75,-81.125,#00FFFF,0,1425
343128,89.0625,-2.875,-4.375,#D6E2E8,1,1425
343139,89.0625,1.125,82.5,#FFDB2D,0,1425
343191,89.0625,29.875,-72.0,#C0D4FF,0,1425
343197,89.0625,35.5,25.25,#FFC5B2,0,1425
343213,89.0625,43.5,52.125,#FFBC7E,0,1425
343228,89.0625,56.625,-46.0,#FFB9FF,0,1425
343231,89.0625,60.0,0.75,#FFB0E1,0,1425
343242,89.0625,67.5,49.625,#FFA385,0,1425
343273,89.0625,105.75,120.625,#FF5D00,0,1425
343282,89.0625,118.0,92.0,#FF2E30,0,1425
343284,89.0625,119.875,-54.75,#FF52FF,0,1425
343291,89.125,-118.0,-66.375,#00FFFF,0,1426
343299,89.125,-103.625,-64.125,#00FFFF,0,1426
343331,89.125,-67.0,-65.75,#00FFFF,0,1426
343344,89.125,-54.625,-17.125,#00FCFF,0,1426
343345,89.125,-52.25,-27.0,#00FCFF,0,1426
343349,89.125,-47.25,-70.375,#00FEFF,0,1426
343363,89.125,-32.5,12.5,#A2F0C7,1,1426
343382,89.125,-21.625,88.25,#E5E800,0,1426
343386,89.125,-19.375,-28.0,#88EDFF,0,1426
343402,89.125,-10.125,12.0,#D6E5C9,1,1426
343435,89.125,4.25,54.0,#FFDA77,0,1426
343459,89.125,16.625,-103.25,#00E2FF,0,1426
343465,89.125,19.75,-46.25,#D5D8FF,0,1426
343518,89.125,45.0,-45.875,#FFC4FF,0,1426
343520,89.125,47.75,-93.375,#C3CAFF,0,1426
343544,89.125,66.125,-35.125,#FFAEFF,0,1426
343554,89.125,78.25,25.0,#FF98B5,0,1426
343561,89.125,82.125,93.125,#FF8E1C,0,1426
343565,89.125,85.375,98.25,#FF8900,0,1426
343569,89.125,88.625,-119.375,#F7A5FF,0,1426
343576,89.125,96.875,40.0,#FF779A,0,1426
343584,89.125,107.125,-31.625,#FF6EFF,0,1426
343585,89.125,108.5,3.5,#FF62DE,0,1426
343588,89.125,115.125,-122.875,#FF7CFF,0,1426
343600,89.1875,-128.0,-5.25,#00FFE7,0,1427
343607,89.1875,-113.375,-71.25,#00FFFF,0,1427
343610,89.1875,-112.375,45.25,#00FF83,0,1427
343612,89.1875,-111.25,-18.875,#00FFFF,0,1427
343632,89.1875,-78.5,-78.0,#00FFFF,0,1427
343638,89.1875,-70.625,58.375,#5DFF68,1,1427
343665,89.1875,-35.25,98.625,#CEEF00,0,1427
343680,89.1875,-21.75,-59.875,#00F2FF,0,1427
343739,89.1875,4.5,-67.5,#74E4FF,0,1427
343767,89.1875,16.125,-62.5,#ADDCFF,0,1427
343829,89.1875,50.5,-26.25,#FFBDFF,0,1427
343843,89.1875,67.875,114.25,#FFA100,0,1427
343851,89.1875,74.0,-11.0,#FFA1F7,0,1427
343868,89.1875,88.25,-5.375,#FF8DEE,0,1427
343870,89.1875,90.75,-100.875,#FF9DFF,0,1427
343871,89.1875,92.125,116.625,#FF7D00,0,1427
343885,89.1875,112.625,-62.625,#FF6AFF,0,1427
343886,89.1875,113.5,120.75,#FF4400,0,1427
343917,89.25,-107.875,-59.75,#00FFFF,0,1428
343926,89.25,-96.5,93.375,#00FF00,0,1428
343955,89.25,-70.0,6.875,#00FFD1,0,1428
344031,89.25,-10.75,-11.125,#BDE7F5,1,1428
344153,89.25,57.75,-100.75,#CFC3FF,0,1428
344154,89.25,58.375,19.5,#FFB0BE,0,1428
344195,89.25,99.375,-106.75,#FF93FF,0,1428
344197,89.25,103.0,-78.75,#FF84FF,0,1428
344224,89.3125,-117.25,40.875,#00FF8C,0,1429
344240,89.3125,-102.75,-48.875,#00FFFF,0,1429
344253,89.3125,-94.375,101.375,#00FF00,0,1429
344298,89.3125,-66.875,93.0,#84FD00,0,1429
344328,89.3125,-49.5,-93.125,#00FFFF,0,1429
344338,89.3125,-43.75,72.5,#B5F447,1,1429
344343,89.3125,-36.5,-61.625,#00F9FF,0,1429
344402,89.3125,3.0,-73.875,#4BE6FF,0,1429
344436,89.3125,19.0,109.25,#FFCF00,0,1429
344461,89.3125,32.625,106.0,#FFC500,0,1429
344464,89.3125,34.375,111.75,#FFC300,0,1429
344471,89.3125,38.625,59.75,#FFC16F,0,1429
344476,89.3125,40.375,42.5,#FFC092,0,1429
344494,89.3125,62.875,-5.5,#FFAEED,0,1429
344501,89.3125,67.25,28.125,#FFA6AF,0,1429
344505,89.3125,71.25,89.375,#FF9E28,0,1429
344509,89.3125,78.0,-16.0,#FF9DFF,0,1429
344518,89.3125,96.875,84.75,#FF753E,0,1429
344531,89.3125,116.0,-98.125,#FF70FF,0,1429
344540,89.375,-128.0,-73.375,#00FFFF,0,1430
344599,89.375,-80.125,-103.625,#00FFFF,0,1430
344610,89.375,-71.5,-24.875,#00FFFF,0,1430
344624,89.375,-62.0,-86.375,#00FFFF,0,1430
344674,89.375,-25.625,-65.5,#00F5FF,0,1430
344704,89.375,-9.875,-3.0,#C9E7E6,1,1430
344736,89.375,6.125,-7.5,#E6DDEF,1,1430
344770,89.375,22.375,1.125,#FFD2DF,0,1430
344786,89.375,31.0,-36.125,#FBCFFF,0,1430
344803,89.375,44.125,-86.375,#CACCFF,0,1430
344834,89.375,76.5,-105.625,#F6B1FF,0,1430
344857,89.375,110.375,-128.0,#FF88FF,0,1430
344858,89.375,111.375,56.375,#FF527D,0,1430
344861,89.375,113.375,-29.875,#FF5EFF,0,1430
344869,89.4375,-128.0,89.875,#00FF00,0,1431
344871,89.4375,-123.125,-78.625,#00FFFF,0,1431
344876,89.4375,-117.625,-51.75,#00FFFF,0,1431
344880,89.4375,-109.0,-1.0,#00FFE0,0,1431
344886,89.4375,-93.375,122.25,#00FF00,0,1431
344895,89.4375,-82.625,-59.25,#00FFFF,0,1431
344903,89.4375,-72.625,-121.375,#00FFFF,0,1431
344906,89.4375,-69.125,111.75,#84FE00,0,1431
344941,89.4375,-38.25,45.25,#B3F287,1,1431
344963,89.4375,-24.375,-100.125,#00F9FF,0,1431
344983,89.4375,-18.875,97.625,#ECE700,0,1431
344993,89.4375,-15.0,6.625,#C7E9D4,1,1431
344995,89.4375,-15.0,120.75,#F6E500,0,1431
345029,89.4375,-4.25,66.5,#FEE05C,1,1431
345042,89.4375,2.75,-122.375,#00EFFF,0,1431
345089,89.4375,21.625,122.375,#FFCE00,0,1431
345113,89.4375,38.625,86.625,#FFC028,0,1431
345142,89.4375,62.375,-115.875,#B4C2FF,0,1431
345144,89.4375,62.625,-81.625,#FFBAFF,0,1431
345146,89.4375,64.625,-22.25,#FFAEFF,0,1431
345153,89.4375,74.125,-74.375,#FFADFF,0,1431
345155,89.4375,75.25,113.25,#FF9800,0,1431
345157,89.4375,80.375,-52.375,#FFA0FF,0,1431
345158,89.4375,81.75,-39.875,#FF9CFF,0,1431
345161,89.4375,82.375,72.0,#FF8F5A,0,1431
345163,89.4375,83.0,-65.25,#FFA0FF,0,1431
345200,89.4375,127.0,11.375,#FF00D2,0,1431
345208,89.5,-122.25,-20.625,#00FFFF,0,1432
345210,89.5,-116.625,3.0,#00FFD8,0,1432
345233,89.5,-68.0,-50.125,#00FFFF,0,1432
345241,89.5,-55.875,-128.0,#00FFFF,0,1432
345242,89.5,-55.75,-31.875,#00FFFF,0,1432
345247,89.5,-53.625,9.625,#53FBCD,1,1432
345261,89.5,-39.875,-28.625,#00F8FF,0,1432
345271,89.5,-29.875,51.25,#C9EE7C,1,1432
345303,89.5,-12.5,30.625,#DFE6A6,1,1432
345349,89.5,4.875,-29.5,#CBE0FF,0,1432
345365,89.5,9.375,-42.0,#C3DFFF,0,1432
345373,89.5,12.875,5.75,#FED8D7,1,1432
345410,89.5,39.0,-128.0,#00D9FF,0,1432
345428,89.5,46.75,120.75,#FFB900,0,1432
345464,89.5,87.75,-85.125,#FF9EFF,0,1432
345471,89.5,96.875,-114.0,#FF99FF,0,1432
345512,89.5625,-86.375,92.375,#2EFF00,0,1433
345578,89.5625,-7.125,71.875,#FBE24E,1,1433
345648,89.5625,27.875,-93.0,#7DDAFF,0,1433
345659,89.5625,38.125,-109.75,#5ED6FF,0,1433
345676,89.5625,52.75,69.25,#FFB45C,0,1433
345698,89.5625,71.75,77.25,#FF9E4D,0,1433
345727,89.5625,110.25,14.625,#FF5DCB,0,1433
345732,89.5625,126.5,-9.75,#FF0EF9,0,1433
345744,89.625,-105.5,18.875,#00FFBA,0,1434
345746,89.625,-98.5,-22.125,#00FFFF,0,1434
345774,89.625,-58.375,116.25,#A2FA00,0,1434
345789,89.625,-45.375,-14.25,#2AF9FB,1,1434
345804,89.625,-38.125,-43.125,#00F9FF,0,1434
345857,89.625,-9.75,-55.375,#5DECFF,0,1434
345896,89.625,3.5,68.625,#FFDC58,0,1434
345911,89.625,9.5,-110.25,#00E9FF,0,1434
345931,89.625,21.75,16.75,#FFD2C2,0,1434
345950,89.625,36.5,-22.0,#FFCAFF,0,1434
345968,89.625,53.875,-81.0,#EEC3FF,0,1434
345979,89.625,62.125,53.875,#FFAB7E,0,1434
345984,89.625,70.375,5.75,#FFA5D9,0,1434
345988,89.625,72.875,-45.125,#FFA9FF,0,1434
345999,89.625,87.625,-30.625,#FF93FF,0,1434
346002,89.625,96.25,-34.625,#FF86FF,0,1434
346006,89.625,104.75,-111.625,#FF8DFF,0,1434
346025,89.6875,-128.0,62.125,#00FF5D,0,1435
346033,89.6875,-99.125,67.125,#00FF52,0,1435
346037,89.6875,-90.25,-22.875,#00FFFF,0,1435
346038,89.6875,-87.75,24.25,#00FFB0,0,1435
346042,89.6875,-80.25,-117.5,#00FFFF,0,1435
346048,89.6875,-71.875,71.75,#68FF47,0,1435
346056,89.6875,-64.75,3.25,#00FFD9,0,1435
346072,89.6875,-50.5,52.25,#9BF879,1,1435
346087,89.6875,-43.625,-90.5,#00FFFF,0,1435
346095,89.6875,-39.875,-106.375,#00FFFF,0,1435
346138,89.6875,-15.625,-75.375,#00F2FF,0,1435
346171,89.6875,-2.0,117.0,#FFDE00,0,1435
346182,89.6875,1.625,-15.5,#D5E2FF,1,1435
346209,89.6875,14.625,85.5,#FFD427,0,1435
346270,89.6875,52.25,125.125,#FFB400,0,1435
346318,89.6875,117.75,116.125,#FF3200,0,1435
346331,89.75,-117.75,64.0,#00FF59,0,1436
346341,89.75,-80.875,-44.0,#00FFFF,0,1436
346382,89.75,-26.375,26.5,#C0EEAE,1,1436
346390,89.75,-21.875,120.75,#EBEA00,0,1436
346416,89.75,-2.875,38.75,#F6E197,1,1436
346462,89.75,15.625,70.875,#FFD454,0,1436
346478,89.75,21.5,-128.0,#00E6FF,0,1436
346509,89.75,41.875,-15.0,#FFC5FF,0,1436
346518,89.75,51.75,97.125,#FFB500,0,1436
346556,89.75,80.375,127.0,#FF9200,0,1436
346558,89.75,81.625,-22.25,#FF9BFF,0,1436
346559,89.75,89.25,-128.0,#E7A9FF,0,1436
346562,89.75,92.375,76.25,#FF7F53,0,1436
346567,89.75,98.25,1.5,#FF7CE3,0,1436
346578,89.75,111.5,107.0,#FF4F00,0,1436
346580,89.75,114.5,101.625,#FF4400,0,1436
346616,89.8125,-72.625,-108.25,#00FFFF,0,1437
346690,89.8125,-11.0,-117.5,#00F7FF,0,1437
346698,89.8125,-7.125,5.875,#D8E6D6,1,1437
346729,89.8125,7.125,22.5,#FFDCB7,0,1437
346750,89.8125,16.625,-16.875,#F3D8FF,0,1437
346799,89.8125,49.0,-68.875,#F7C6FF,0,1437
346828,89.8125,94.375,69.125,#FF7C63,0,1437
346838,89.8125,109.25,-18.125,#FF68FF,0,1437
346862,89.875,-111.75,-100.625,#00FFFF,0,1438
346901,89.875,-61.25,-16.5,#00FFFF,0,1438
346904,89.875,-58.75,-102.375,#00FFFF,0,1438
346912,89.875,-52.75,-122.875,#00FFFF,0,1438
346952,89.875,-18.125,-119.0,#00FBFF,0,1438
346972,89.875,-6.25,46.25,#F4E388,1,1438
346986,89.875,-2.875,-72.0,#1AEBFF,0,1438
347015,89.875,7.875,46.125,#FFDA8A,0,1438
347032,89.875,19.5,54.625,#FFD279,0,1438
347067,89.875,39.5,12.0,#FFC5CD,0,1438
347073,89.875,44.25,-62.625,#F6C9FF,0,1438
347074,89.875,45.25,-124.625,#00D4FF,0,1438
347082,89.875,49.375,-115.125,#83CFFF,0,1438
347089,89.875,53.625,-1.625,#FFB9E7,0,1438
347091,89.875,54.0,12.25,#FFB7CD,0,1438
347115,89.875,90.75,87.375,#FF8237,0,1438
347132,89.875,112.75,36.375,#FF53A4,0,1438
347135,89.875,118.25,-2.75,#FF48EC,0,1438
347140,89.9375,-128.0,99.5,#00FF00,0,1439
347156,89.9375,-90.5,68.125,#00FF51,0,1439
347163,89.9375,-77.5,-12.0,#00FFF7,0,1439
347165,89.9375,-77.0,9.625,#00FFCD,0,1439
347203,89.9375,-41.75,-9.25,#5DF8F2,1,1439
347222,89.9375,-28.625,76.625,#D7EE3F,1,1439
347231,89.9375,-25.5,-50.875,#00F5FF,0,1439
347240,89.9375,-21.0,50.875,#DBEB7E,1,1439
347245,89.9375,-17.625,71.5,#EAE94F,1,1439
347254,89.9375,-16.0,108.875,#F5E700,0,1439
347260,89.9375,-12.0,76.5,#F5E642,1,1439
347267,89.9375,-9.25,90.25,#FDE400,0,1439
347299,89.9375,1.125,126.875,#FFDD00,0,1439
347352,89.9375,26.375,24.375,#FFCFB5,0,1439
347390,89.9375,70.125,19.0,#FFA5C2,0,1439
347394,89.9375,77.0,18.625,#FF9CC3,0,1439
347409,89.9375,88.75,-110.875,#FFA5FF,0,1439
347426,89.9375,105.125,-90.75,#FF86FF,0,1439
347433,89.9375,119.625,-86.875,#FF65FF,0,1439
347462,90.0,-74.5,-53.0,#00FFFF,0,1440
347472,90.0,-66.0,-2.875,#00FFE6,0,1440
347484,90.0,-50.0,85.875,#AEF80C,1,1440
347508,90.0,-33.25,-1.875,#8FF4E5,1,1440
347512,90.0,-32.0,121.125,#DAF000,0,1440
347530,90.0,-22.0,17.5,#C3EDC0,1,1440
347557,90.0,-7.5,-93.25,#00F1FF,0,1440
347596,90.0,4.5,121.625,#FFDB00,0,1440
347614,90.0,10.875,-99.875,#00E8FF,0,1440
347658,90.0,39.375,126.0,#FFC100,0,1440
347665,90.0,45.75,97.875,#FFBB00,0,1440
347684,90.0,74.125,-26.5,#FFA6FF,0,1440
347691,90.0,82.75,13.125,#FF95CD,0,1440
347702,90.0,107.875,-55.375,#FF76FF,0,1440
347717,90.0625,-111.5,20.75,#00FFB7,0,1441
347784,90.0625,-21.25,-94.5,#00F9FF,0,1441
347788,90.0625,-19.5,1.25,#B9EDDF,1,1441
347800,90.0625,-11.0,-87.25,#00F2FF,0,1441
347823,90.0625,2.625,9.625,#F0E0D0,1,1441
347883,90.0625,44.875,-73.25,#E7CBFF,0,1441
347888,90.0625,48.375,2.875,#FFBEDF,0,1441
347898,90.0625,58.0,-28.25,#FFB8FF,0,1441
347936,90.0625,110.625,47.125,#FF5991,0,1441
347938,90.0625,119.125,-39.5,#FF53FF,0,1441
347940,90.0625,124.375,105.625,#FF0000,0,1441
347949,90.125,-122.375,22.25,#00FFB4,0,1442
347966,90.125,-88.75,-43.875,#00FFFF,0,1442
347969,90.125,-86.625,-88.375,#00FFFF,0,1442
347975,90.125,-80.5,-66.75,#00FFFF,0,1442
347980,90.125,-73.875,107.125,#77FF00,0,1442
347993,90.125,-52.25,-63.5,#00FFFF,0,1442
347995,90.125,-50.25,73.5,#A9F946,1,1442
348001,90.125,-43.125,-96.625,#00FFFF,0,1442
348069,90.125,-8.375,-24.375,#B3EAFF,0,1442
348162,90.125,26.875,81.125,#FFCC3B,0,1442
348167,90.125,31.5,-43.875,#F5D2FF,0,1442
348169,90.125,34.5,-98.375,#88D8FF,0,1442
348183,90.125,43.375,91.875,#FFBE11,0,1442
348234,90.125,91.75,98.125,#FF8106,0,1442
348245,90.125,102.125,-21.125,#FF7AFF,0,1442
348251,90.125,108.25,81.25,#FF5D4C,0,1442
348261,90.125,126.25,-53.125,#FF3CFF,0,1442
348274,90.1875,-113.125,69.0,#00FF4D,0,1443
348285,90.1875,-89.375,-50.75,#00FFFF,0,1443
348309,90.1875,-52.625,-44.625,#00FFFF,0,1443
348312,90.1875,-51.125,66.875,#A4FA58,1,1443
348327,90.1875,-27.25,-89.5,#00FBFF,0,1443
348345,90.1875,-12.875,-20.0,#AEECFF,0,1443
348392,90.1875,8.875,-76.625,#67E6FF,0,1443
348414,90.1875,19.875,-54.5,#CBDCFF,0,1443
348434,90.1875,31.625,-81.75,#B2D7FF,0,1443
348437,90.1875,34.0,63.625,#FFC768,0,1443
348473,90.1875,55.75,-94.875,#DAC6FF,0,1443
348496,90.1875,82.75,113.5,#FF9000,0,1443
348505,90.1875,92.5,-45.375,#FF90FF,0,1443
348510,90.1875,97.75,-55.25,#FF8AFF,0,1443
348512,90.1875,98.5,108.75,#FF7400,0,1443
348515,90.1875,101.875,25.75,#FF72B8,0,1443
348519,90.1875,104.625,43.125,#FF6A98,0,1443
348520,90.1875,105.125,-48.0,#FF7AFF,0,1443
348537,90.25,-109.625,14.5,#00FFC4,0,1444
348543,90.25,-87.75,-114.125,#00FFFF,0,1444
348559,90.25,-70.625,20.75,#00FFB9,0,1444
348568,90.25,-59.375,-37.875,#00FFFF,0,1444
348572,90.25,-57.0,44.5,#83FD8A,1,1444
348592,90.25,-38.125,2.0,#86F7DE,1,1444
348606,90.25,-26.5,126.5,#E5ED00,0,1444
348628,90.25,-14.5,-49.75,#5DF0FF,0,1444
348633,90.25,-12.625,-31.25,#9BEDFF,0,1444
348637,90.25,-11.75,17.875,#DAE9C1,1,1444
348668,90.25,3.75,90.375,#FFDD00,0,1444
348693,90.25,13.875,77.625,#FFD643,0,1444
348769,90.25,72.625,102.5,#FF9E00,0,1444
348788,90.25,94.625,13.375,#FF83CE,0,1444
348792,90.25,98.75,19.0,#FF7AC4,0,1444
348800,90.25,109.25,-98.75,#FF82FF,0,1444
348801,90.25,109.375,-3.375,#FF66EE,0,1444
348804,90.25,114.25,-11.125,#FF5AFD,0,1444
348808,90.25,125.0,77.875,#FF0057,0,1444
348816,90.3125,-118.625,102.0,#00FF00,0,1445
348835,90.3125,-81.5,-51.5,#00FFFF,0,1445
348839,90.3125,-74.375,-70.125,#00FFFF,0,1445
348858,90.3125,-53.5,-11.0,#00FFF7,0,1445
348879,90.3125,-29.875,-116.0,#00FFFF,0,1445
348954,90.3125,21.75,-38.0,#E8D9FF,0,1445
348961,90.3125,26.25,6.25,#FFD1D8,0,1445
349013,90.3125,60.25,-34.25,#FFB7FF,0,1445
349021,90.3125,64.625,86.625,#FFA933,0,1445
349023,90.3125,66.25,-55.625,#FFB4FF,0,1445
349033,90.3125,76.625,64.5,#FF9B6C,0,1445
349039,90.3125,79.625,-94.25,#FFADFF,0,1445
349047,90.3125,88.375,-52.125,#FF98FF,0,1445
349050,90.3125,90.125,-90.625,#FF9FFF,0,1445
349069,90.375,-128.0,-92.875,#00FFFF,0,1446
349077,90.375,-116.75,-24.875,#00FFFF,0,1446
349094,90.375,-88.5,-37.75,#00FFFF,0,1446
349110,90.375,-69.25,121.75,#89FF00,0,1446
349118,90.375,-57.875,75.0,#98FD41,1,1446
349135,90.375,-44.75,81.25,#B9F72D,1,1446
349137,90.375,-43.125,-117.875,#00FFFF,0,1446
349146,90.375,-30.75,-19.875,#74F6FF,0,1446
349220,90.375,4.75,29.25,#FFDFAC,0,1446
349265,90.375,22.625,-64.125,#C0DBFF,0,1446
349273,90.375,31.125,-105.625,#4ADCFF,0,1446
349294,90.375,47.25,39.0,#FFBD9C,0,1446
349303,90.375,54.625,83.5,#FFB43B,0,1446
349304,90.375,57.375,94.125,#FFB10A,0,1446
349320,90.375,78.125,-114.0,#ECB4FF,0,1446
349337,90.375,93.125,122.625,#FF7F00,0,1446
349341,90.375,97.875,49.125,#FF798C,0,1446
349343,90.375,103.75,91.125,#FF6931,0,1446
349344,90.375,104.125,-117.625,#FF92FF,0,1446
349354,90.375,124.0,113.375,#FF0000,0,1446
349374,90.4375,-98.25,1.0,#00FFDF,0,1447
349404,90.4375,-26.875,-44.0,#00F6FF,0,1447
349406,90.4375,-24.25,-83.125,#00FAFF,0,1447
349458,90.4375,9.0,0.875,#F6DEE2,1,1447
349498,90.4375,31.75,-29.75,#FFD1FF,0,1447
349521,90.4375,43.625,111.625,#FFBE00,0,1447
349574,90.4375,86.625,6.0,#FF91DC,0,1447
349586,90.4375,106.5,-10.625,#FF6FFC,0,1447
349652,90.5,-47.25,-84.125,#00FFFF,0,1448
349657,90.5,-36.875,-68.0,#00FEFF,0,1448
349663,90.5,-32.125,30.875,#B9F3A7,1,1448
349664,90.5,-31.875,-84.25,#00FDFF,0,1448
349680,90.5,-17.875,-40.125,#71F1FF,0,1448
349712,90.5,2.375,-9.0,#E0E3F5,1,1448
349714,90.5,2.875,18.125,#F7E1C1,1,1448
349731,90.5,17.0,127.0,#FFD400,0,1448
349738,90.5,19.625,32.5,#FFD5A7,0,1448
349769,90.5,42.0,-30.625,#FFC8FF,0,1448
349792,90.5,64.625,109.0,#FFA900,0,1448
349796,90.5,69.25,125.5,#FFA300,0,1448
349814,90.5,93.875,-29.0,#FF8CFF,0,1448
349827,90.5,117.0,-113.0,#FF79FF,0,1448
349846,90.5625,-110.625,-89.75,#00FFFF,0,1449
349873,90.5625,-65.25,-113.5,#00FFFF,0,1449
349876,90.5625,-60.125,95.875,#9BFE00,0,1449
349897,90.5625,-35.875,-128.0,#00FFFF,0,1449
349905,90.5625,-28.0,-121.875,#00FFFF,0,1449
349915,90.5625,-21.125,-124.25,#00FFFF,0,1449
349919,90.5625,-19.0,57.5,#E4EC72,1,1449
349949,90.5625,-5.0,-106.75,#00F4FF,0,1449
349966,90.5625,1.5,-43.25,#AFE7FF,0,1449
349988,90.5625,10.25,-59.0,#A8E4FF,0,1449
349995,90.5625,14.25,-37.375,#D9DEFF,0,1449
350012,90.5625,23.75,-28.25,#F8D7FF,0,1449
350033,90.5625,32.75,88.75,#FFC921,0,1449
350035,90.5625,35.125,-123.375,#00DEFF,0,1449
350059,90.5625,48.875,-17.0,#FFC1FF,0,1449
350063,90.5625,51.5,34.75,#FFBAA5,0,1449
350066,90.5625,57.625,75.125,#FFB252,0,1449
350075,90.5625,67.25,57.25,#FFA87A,0,1449
350077,90.5625,67.625,-106.75,#E1BEFF,0,1449
350083,90.5625,73.0,-94.0,#FFB5FF,0,1449
350097,90.5625,85.875,35.875,#FF90A5,0,1449
350107,90.5625,98.375,-68.125,#FF8DFF,0,1449
350116,90.5625,122.625,-123.875,#FF71FF,0,1449
350130,90.625,-111.375,-28.25,#00FFFF,0,1450
350143,90.625,-92.25,87.5,#00FF00,0,1450
350161,90.625,-66.125,-43.375,#00FFFF,0,1450
350164,90.625,-65.0,18.5,#1FFFBE,0,1450
350242,90.625,-15.75,-56.25,#28F2FF,0,1450
350244,90.625,-15.5,64.125,#EDEA63,1,1450
350327,90.625,12.125,50.375,#FFD983,0,1450
350370,90.625,41.625,117.375,#FFC100,0,1450
350377,90.625,45.75,-36.875,#FFC6FF,0,1450
350387,90.625,60.75,-52.375,#FFBAFF,0,1450
350401,90.625,70.875,-67.375,#FFB2FF,0,1450
350427,90.625,114.5,127.0,#FF4700,0,1450
350431,90.625,123.5,-19.25,#FF3BFF,0,1450
350435,90.6875,-128.0,69.625,#00FF4C,0,1451
350436,90.6875,-128.0,120.25,#00FF00,0,1451
350458,90.6875,-97.5,-44.125,#00FFFF,0,1451
350467,90.6875,-85.125,47.0,#00FF85,0,1451
350481,90.6875,-67.375,101.5,#8AFF00,0,1451
350498,90.6875,-46.625,115.5,#BFF800,0,1451
350499,90.6875,-45.875,46.0,#A5F989,1,1451
350501,90.6875,-43.25,56.125,#B2F873,1,1451
350506,90.6875,-40.75,38.0,#ABF899,1,1451
350555,90.6875,-2.875,-27.5,#BEE8FF,0,1451
350558,90.6875,-1.875,28.875,#F6E4AD,1,1451
350576,90.6875,3.875,-49.125,#AAE7FF,0,1451
350580,90.6875,4.75,-94.125,#00ECFF,0,1451
350609,90.6875,15.375,41.125,#FFD896,0,1451
350633,90.6875,31.375,98.375,#FFCA00,0,1451
350640,90.6875,35.25,-74.75,#CED5FF,0,1451
350673,90.6875,67.75,12.625,#FFABCF,0,1451
350703,90.6875,111.5,27.125,#FF5CB7,0,1451
350707,90.6875,124.5,45.5,#FF0C97,0,1451
350710,90.6875,126.75,0.875,#FF13E8,0,1451
350711,90.6875,126.75,59.875,#FF007C,0,1451
350712,90.6875,126.875,19.25,#FF00C7,0,1451
350719,90.75,-122.125,-2.5,#00FFE6,0,1452
350721,90.75,-116.625,10.5,#00FFCD,0,1452
350727,90.75,-109.75,104.0,#00FF00,0,1452
350731,90.75,-104.75,89.25,#00FF00,0,1452
350742,90.75,-90.625,-7.125,#00FFF0,0,1452
350754,90.75,-73.25,41.25,#31FF91,0,1452
350768,90.75,-60.375,-65.625,#00FFFF,0,1452
350774,90.75,-58.625,127.0,#A7FD00,0,1452
350784,90.75,-49.625,14.125,#74FDC8,1,1452
350786,90.75,-46.125,-63.0,#00FFFF,0,1452
350789,90.75,-42.625,65.625,#B9F85E,1,1452
350807,90.75,-29.25,-104.875,#00FFFF,0,1452
350847,90.75,-12.625,84.5,#F9E828,1,1452
350857,90.75,-7.125,-77.875,#00F1FF,0,1452
350928,90.75,32.25,-112.75,#00DEFF,0,1452
350980,90.75,90.75,40.625,#FF889D,0,1452
350989,90.75,96.125,61.75,#FF7D75,0,1452
350991,90.75,97.625,-83.0,#FF93FF,0,1452
351004,90.75,116.25,-20.375,#FF59FF,0,1452
351008,90.75,120.375,-12.75,#FF47FF,0,1452
351017,90.8125,-128.0,-15.25,#00FFFF,0,1453
351099,90.8125,-24.0,-31.875,#71F5FF,0,1453
351177,90.8125,16.375,-95.375,#00E6FF,0,1453
351229,90.8125,63.625,-99.625,#E6C1FF,0,1453
351231,90.8125,66.125,1.0,#FFAEE5,0,1453
351248,90.8125,81.25,-124.25,#DDB5FF,0,1453
351269,90.8125,126.25,-99.75,#FF5CFF,0,1453
351270,90.8125,126.875,-79.375,#FF4EFF,0,1453
351271,90.875,-128.0,44.875,#00FF88,0,1454
351273,90.875,-122.25,15.25,#00FFC4,0,1454
351274,90.875,-118.75,112.0,#00FF00,0,1454
351285,90.875,-103.75,-106.375,#00FFFF,0,1454
351290,90.875,-95.75,-11.5,#00FFF8,0,1454
351329,90.875,-52.375,-0.75,#3CFFE5,0,1454
351332,90.875,-50.125,110.375,#B7FA00,0,1454
351334,90.875,-49.625,-21.25,#00FFFF,0,1454
351337,90.875,-47.625,94.75,#B9FA00,0,1454
351373,90.875,-24.125,-13.25,#9AF3FD,1,1454
351400,90.875,-12.375,-62.625,#00F2FF,0,1454
351421,90.875,-5.25,96.25,#FFE400,0,1454
351426,90.875,-4.125,11.875,#E6E6CE,1,1454
351500,90.875,28.0,44.375,#FFCF91,0,1454
351502,90.875,28.125,113.25,#FFCD00,0,1454
351514,90.875,36.875,53.375,#FFC780,0,1454
351535,90.875,46.625,57.75,#FFBE78,0,1454
351557,90.875,64.75,-11.0,#FFB1FC,0,1454
351567,90.875,75.875,94.125,#FF9C1B,0,1454
351574,90.875,83.625,81.75,#FF9147,0,1454
351632,90.9375,-102.75,-94.25,#00FFFF,0,1455
351643,90.9375,-76.75,-20.625,#00FFFF,0,1455
351657,90.9375,-66.875,49.375,#67FF81,0,1455
351666,90.9375,-57.0,-57.875,#00FFFF,0,1455
351674,90.9375,-47.0,-29.5,#00FFFF,0,1455
351675,90.9375,-47.0,27.25,#90FBAF,1,1455
351690,90.9375,-28.75,103.75,#E1F100,0,1455
351691,90.9375,-28.625,-36.375,#43F8FF,0,1455
351695,90.9375,-25.5,-23.75,#81F5FF,0,1455
351712,90.9375,-15.625,-67.75,#00F5FF,0,1455
351783,90.9375,23.375,-7.875,#FFD6F5,0,1455
351802,90.9375,37.875,19.875,#FFC8C1,0,1455
351804,90.9375,38.375,-115.75,#2FDBFF,0,1455
351808,90.9375,42.625,103.0,#FFC100,0,1455
351812,90.9375,44.75,67.75,#FFC062,0,1455
351827,90.9375,55.625,42.125,#FFB698,0,1455
351839,90.9375,68.25,65.25,#FFA76B,0,1455
351847,90.9375,74.125,-52.125,#FFADFF,0,1455
351853,90.9375,85.0,-78.875,#FFA4FF,0,1455
351863,90.9375,98.0,34.25,#FF7CAA,0,1455
351886,91.0,-123.375,115.875,#00FF00,0,1456
351903,91.0,-97.75,113.75,#00FF00,0,1456
351912,91.0,-78.75,24.25,#00FFB4,0,1456
351924,91.0,-64.375,-128.0,#00FFFF,0,1456
351960,91.0,-28.125,5.625,#ABF4DA,1,1456
352031,91.0,15.75,91.25,#FFD708,0,1456
352089,91.0,54.25,110.75,#FFB600,0,1456
352112,91.0,76.875,30.625,#FF9FAF,0,1456
352121,91.0,94.125,-6.25,#FF89F5,0,1456
352152,91.0625,-113.375,77.0,#00FF36,0,1457
352154,91.0625,-111.875,36.125,#00FF9B,0,1457
352158,91.0625,-108.625,73.25,#00FF43,0,1457
352166,91.0625,-99.625,-16.375,#00FFFF,0,1457
352167,91.0625,-99.125,127.0,#00FF00,0,1457
352181,91.0625,-82.5,67.875,#2CFF55,0,1457
352207,91.0625,-54.125,90.625,#AAFD00,0,1457
352210,91.0625,-50.875,-51.125,#00FFFF,0,1457
352271,91.0625,-5.375,-128.0,#00F9FF,0,1457
352277,91.0625,0.125,-79.25,#00EEFF,0,1457
352347,91.0625,32.25,31.375,#FFCDAB,0,1457
352356,91.0625,41.75,-51.25,#FFCDFF,0,1457
352387,91.0625,68.5,-79.25,#FFB8FF,0,1457
352395,91.0625,84.0,25.25,#FF95BA,0,1457
352407,91.0625,97.25,-11.625,#FF84FF,0,1457
352412,91.0625,103.875,56.875,#FF6E80,0,1457
352418,91.0625,109.875,-106.5,#FF86FF,0,1457
352419,91.0625,111.125,-24.125,#FF6AFF,0,1457
352424,91.0625,120.5,-45.375,#FF55FF,0,1457
352441,91.125,-118.375,90.5,#00FF00,0,1458
352457,91.125,-101.375,-83.0,#00FFFF,0,1458
352459,91.125,-99.625,74.875,#00FF3F,0,1458
352476,91.125,-79.5,-28.125,#00FFFF,0,1458
352590,91.125,-4.25,105.25,#FFE400,0,1458
352617,91.125,7.625,100.5,#FFDC00,0,1458
352619,91.125,8.0,-118.875,#00F0FF,0,1458
352648,91.125,21.125,97.625,#FFD300,0,1458
352657,91.125,27.25,-77.125,#B3DCFF,0,1458
352666,91.125,31.875,119.625,#FFCA00,0,1458
352686,91.125,55.75,-14.25,#FFBCFF,0,1458
352707,91.125,74.75,-128.0,#BFBEFF,0,1458
352715,91.125,97.5,127.0,#FF7900,0,1458
352738,91.1875,-109.625,114.375,#00FF00,0,1459
352757,91.1875,-87.5,-102.5,#00FFFF,0,1459
352770,91.1875,-74.125,116.875,#7DFF00,0,1459
352780,91.1875,-63.875,26.625,#4DFFB0,0,1459
352781,91.1875,-63.75,-26.875,#00FFFF,0,1459
352782,91.1875,-62.75,121.75,#9DFF00,0,1459
352825,91.1875,-38.625,16.25,#9CF9C5,1,1459
352898,91.1875,-2.875,56.75,#FFE476,0,1459
352905,91.1875,0.125,45.875,#FFE38D,0,1459
352906,91.1875,0.25,-61.375,#7EECFF,0,1459
352910,91.1875,0.625,98.0,#FFE100,0,1459
352961,91.1875,21.0,10.125,#FFD7D3,0,1459
352984,91.1875,34.125,40.625,#FFCB9A,0,1459
352987,91.1875,35.5,-13.875,#FFCEFF,0,1459
353005,91.1875,50.875,-45.0,#FFC4FF,0,1459
353042,91.1875,94.0,7.375,#FF88DC,0,1459
353056,91.1875,114.75,22.0,#FF55C2,0,1459
353070,91.25,-122.625,49.0,#00FF80,0,1460
353071,91.25,-117.25,-40.625,#00FFFF,0,1460
353074,91.25,-105.375,26.375,#00FFAF,0,1460
353082,91.25,-80.375,-6.625,#00FFF0,0,1460
353084,91.25,-76.375,98.75,#6FFF00,0,1460
353087,91.25,-71.0,-18.5,#00FFFF,0,1460
353092,91.25,-68.25,66.125,#75FF5C,0,1460
353097,91.25,-58.25,19.25,#5AFFBF,0,1460
353099,91.25,-57.0,106.125,#A8FE00,0,1460
353115,91.25,-41.0,121.125,#CDF700,0,1460
353119,91.25,-38.875,110.0,#CFF600,0,1460
353121,91.25,-37.625,24.25,#A8F8B6,1,1460
353181,91.25,-6.125,127.0,#FFE500,0,1460
353216,91.25,3.625,-21.375,#D7E5FF,0,1460
353226,91.25,6.625,-36.375,#CAE5FF,0,1460
353245,91.25,17.375,-6.5,#FFDBF3,0,1460
353251,91.25,21.25,63.375,#FFD46A,0,1460
353273,91.25,41.125,34.75,#FFC6A6,0,1460
353289,91.25,51.625,23.375,#FFBDBC,0,1460
353293,91.25,56.25,50.25,#FFB689,0,1460
353306,91.25,77.25,42.125,#FF9E9A,0,1460
353308,91.25,79.125,-8.625,#FFA1F9,0,1460
353315,91.25,87.25,59.625,#FF8E79,0,1460
353318,91.25,89.125,0.375,#FF91E9,0,1460
353340,91.25,118.375,56.125,#FF4084,0,1460
353356,91.3125,-110.625,127.0,#00FF00,0,1461
353364,91.3125,-101.5,106.0,#00FF00,0,1461
353378,91.3125,-58.875,-22.625,#00FFFF,0,1461
353454,91.3125,10.375,117.25,#FFDB00,0,1461
353460,91.3125,12.375,-126.625,#00EFFF,0,1461
353495,91.3125,28.125,12.75,#FFD2CF,0,1461
353498,91.3125,28.5,73.875,#FFCE53,0,1461
353507,91.3125,37.875,-64.25,#EAD3FF,0,1461
353529,91.3125,57.0,63.625,#FFB56E,0,1461
353530,91.3125,57.25,100.125,#FFB400,0,1461
353539,91.3125,63.0,78.875,#FFAE4C,0,1461
353564,91.3125,87.5,104.125,#FF8C00,0,1461
353578,91.3125,126.25,-115.25,#FF66FF,0,1461
353583,91.375,-122.25,5.875,#00FFD8,0,1462
353586,91.375,-117.125,31.5,#00FFA5,0,1462
353594,91.375,-96.875,-35.375,#00FFFF,0,1462
353597,91.375,-91.875,-30.0,#00FFFF,0,1462
353601,91.375,-88.375,38.125,#00FF99,0,1462
353604,91.375,-84.375,-12.625,#00FFFC,0,1462
353611,91.375,-77.0,80.0,#60FF30,0,1462
353628,91.375,-54.0,100.75,#AEFE00,0,1462
353670,91.375,-20.75,79.0,#EBEE3D,1,1462
353679,91.375,-15.625,40.875,#E5ED97,1,1462
353688,91.375,-11.5,-125.0,#00FDFF,0,1462
353696,91.375,-8.25,-49.125,#82F0FF,0,1462
353772,91.375,27.375,62.875,#FFD06C,0,1462
353775,91.375,29.0,-123.0,#00E4FF,0,1462
353819,91.375,76.625,56.25,#FF9E7F,0,1462
353821,91.375,77.0,1.625,#FFA2E6,0,1462
353849,91.375,116.5,-67.0,#FF6BFF,0,1462
353851,91.375,126.25,-31.875,#FF38FF,0,1462
353861,91.4375,-98.25,-55.75,#00FFFF,0,1463
353865,91.4375,-92.5,31.25,#00FFA7,0,1463
353866,91.4375,-92.375,-75.25,#00FFFF,0,1463
353876,91.4375,-72.375,-34.125,#00FFFF,0,1463
353892,91.4375,-58.0,62.5,#93FF66,0,1463
353897,91.4375,-54.625,82.25,#A6FE2B,1,1463
353944,91.4375,-21.875,103.25,#EEEF00,0,1463
354016,91.4375,10.5,-47.75,#C2E4FF,0,1463
354018,91.4375,11.25,18.125,#FFDEC4,0,1463
354035,91.4375,18.5,-68.75,#ADE2FF,0,1463
354043,91.4375,24.375,-104.875,#00E4FF,0,1463
354088,91.4375,59.625,28.5,#FFB5B3,0,1463
354091,91.4375,64.5,70.0,#FFAD61,0,1463
354096,91.4375,67.375,96.625,#FFA904,0,1463
354097,91.4375,68.25,-73.25,#FFB9FF,0,1463
354111,91.4375,86.25,118.625,#FF8E00,0,1463
354145,91.5,-93.625,-87.125,#00FFFF,0,1464
354195,91.5,-16.625,-88.875,#00FAFF,0,1464
354214,91.5,-1.875,-117.875,#00F7FF,0,1464
354219,91.5,0.375,-110.75,#00F4FF,0,1464
354258,91.5,18.0,-77.25,#94E4FF,0,1464
354291,91.5,36.875,81.125,#FFC841,0,1464
354312,91.5,50.375,-104.375,#B6D0FF,0,1464
354321,91.5,56.0,-74.875,#FFC5FF,0,1464
354352,91.5,88.375,71.125,#FF8C62,0,1464
354356,91.5,96.25,-76.75,#FF96FF,0,1464
354364,91.5,105.875,109.0,#FF6700,0,1464
354371,91.5,113.625,88.625,#FF513F,0,1464
354378,91.5,121.0,121.625,#FF2B00,0,1464
354379,91.5,121.375,12.375,#FF3ED5,0,1464
354382,91.5,124.875,-64.375,#FF50FF,0,1464
354385,91.5,126.75,119.375,#FF0000,0,1464
354401,91.5625,-102.0,33.25,#00FFA3,0,1465
354424,91.5625,-64.875,-101.75,#00FFFF,0,1465
354429,91.5625,-57.625,-79.875,#00FFFF,0,1465
354430,91.5625,-56.625,27.0,#71FFB1,0,1465
354439,91.5625,-45.625,-112.5,#00FFFF,0,1465
354451,91.5625,-36.875,89.125,#D0F700,0,1465
354453,91.5625,-35.75,-79.125,#00FFFF,0,1465
354522,91.5625,11.25,-68.625,#95E7FF,0,1465
354529,91.5625,16.625,-86.0,#6BE6FF,0,1465
354552,91.5625,27.5,-20.0,#FFD6FF,0,1465
354575,91.5625,39.875,-0.5,#FFCAE9,0,1465
354584,91.5625,48.5,-51.75,#FFC9FF,0,1465
354595,91.5625,52.5,118.375,#FFB900,0,1465
354619,91.5625,73.625,-60.5,#FFB1FF,0,1465
354641,91.5625,103.875,127.0,#FF6C00,0,1465
354646,91.5625,111.875,-83.875,#FF7CFF,0,1465
354650,91.5625,119.0,-81.125,#FF6AFF,0,1465
354652,91.5625,119.375,-93.5,#FF6FFF,0,1465
354654,91.5625,119.75,-102.25,#FF72FF,0,1465
354662,91.625,-128.0,77.375,#00FF35,0,1466
354667,91.625,-106.0,9.0,#00FFD3,0,1466
354678,91.625,-92.25,5.875,#00FFD9,0,1466
354698,91.625,-62.625,38.5,#6CFF9A,0,1466
354710,91.625,-47.75,37.5,#9BFD9C,1,1466
354814,91.625,-2.375,90.75,#FFE404,0,1466
354842,91.625,9.25,66.625,#FFDE63,0,1466
354855,91.625,16.375,118.625,#FFD800,0,1466
354864,91.625,21.625,85.75,#FFD42F,0,1466
354870,91.625,25.75,-42.625,#EEDAFF,0,1466
354907,91.625,46.625,13.625,#FFC3CF,0,1466
354918,91.625,59.125,127.0,#FFB200,0,1466
354935,91.625,78.875,-32.125,#FFA5FF,0,1466
354941,91.625,84.875,-72.5,#FFA5FF,0,1466
354949,91.625,88.75,-65.0,#FF9EFF,0,1466
354965,91.625,111.5,70.0,#FF5A68,0,1466
354967,91.625,114.625,62.875,#FF5177,0,1466
354971,91.625,119.875,65.875,#FF3A72,0,1466
354979,91.6875,-125.0,127.0,#00FF00,0,1467
354994,91.6875,-95.5,79.25,#00FF32,0,1467
355001,91.6875,-85.0,9.625,#00FFD2,0,1467
355016,91.6875,-61.875,-9.0,#00FFF6,0,1467
355034,91.6875,-46.875,8.25,#76FFD6,1,1467
355038,91.6875,-42.0,104.125,#CAF900,0,1467
355039,91.6875,-40.0,76.625,#C6F943,1,1467
355043,91.6875,-35.125,40.0,#BDF898,1,1467
355077,91.6875,-12.375,-100.375,#00FAFF,0,1467
355091,91.6875,-7.625,-38.375,#A0EFFF,0,1467
355105,91.6875,-0.375,0.375,#E7E7E6,1,1467
355107,91.6875,0.75,-104.75,#00F3FF,0,1467
355194,91.6875,44.125,-101.375,#AAD5FF,0,1467
355206,91.6875,56.875,-40.375,#FFBFFF,0,1467
355209,91.6875,60.0,-58.375,#FFBFFF,0,1467
355214,91.6875,64.625,-68.125,#FFBCFF,0,1467
355233,91.6875,72.875,-18.75,#FFABFF,0,1467
355267,91.6875,125.625,-91.625,#FF5DFF,0,1467
355274,91.75,-123.125,83.0,#00FF19,0,1468
355312,91.75,-53.5,-112.625,#00FFFF,0,1468
355316,91.75,-43.25,-55.25,#00FFFF,0,1468
355367,91.75,3.875,-84.75,#00EEFF,0,1468
355386,91.75,12.125,25.625,#FFDEB7,0,1468
355398,91.75,20.5,26.25,#FFD8B6,0,1468
355436,91.75,50.375,102.75,#FFBC00,0,1468
355453,91.75,75.375,-82.25,#FFB3FF,0,1468
355458,91.75,84.375,-45.125,#FFA1FF,0,1468
355467,91.75,92.875,110.75,#FF8400,0,1468
355481,91.75,114.125,9.5,#FF5CDB,0,1468
355485,91.75,120.625,33.75,#FF3EAF,0,1468
355488,91.75,125.125,95.625,#FF002F,0,1468
355492,91.8125,-122.875,56.5,#00FF71,0,1469
355497,91.8125,-119.75,-99.25,#00FFFF,0,1469
355499,91.8125,-116.125,118.75,#00FF00,0,1469
355514,91.8125,-84.875,108.5,#52FF00,0,1469
355523,91.8125,-72.125,-98.25,#00FFFF,0,1469
355545,91.8125,-47.625,-101.5,#00FFFF,0,1469
355575,91.8125,-21.5,-107.625,#00FFFF,0,1469
355581,91.8125,-18.125,28.25,#D9F0B1,1,1469
355584,91.8125,-17.0,34.25,#DFEFA5,1,1469
355700,91.8125,39.625,-91.125,#B9D7FF,0,1469
355703,91.8125,40.875,6.125,#FFC9DD,0,1469
355755,91.8125,102.625,-42.0,#FF83FF,0,1469
355763,91.8125,117.375,75.875,#FF455E,0,1469
355774,91.875,-105.75,-16.25,#00FFFF,0,1470
355782,91.875,-90.375,-15.125,#00FFFF,0,1470
355784,91.875,-87.75,100.75,#3BFF00,0,1470
355792,91.875,-83.75,16.625,#00FFC5,0,1470
355793,91.875,-83.75,28.75,#00FFAD,0,1470
355800,91.875,-79.0,-94.875,#00FFFF,0,1470
355801,91.875,-78.75,-0.5,#00FFE6,0,1470
355811,91.875,-68.875,-57.625,#00FFFF,0,1470
355821,91.875,-61.125,69.375,#90FF56,0,1470
355836,91.875,-44.125,-75.75,#00FFFF,0,1470
355844,91.875,-35.875,127.0,#D9F700,0,1470
355898,91.875,-4.875,77.125,#FFE747,0,1470
355931,91.875,8.0,-13.5,#EBE4FF,0,1470
355945,91.875,14.75,-108.25,#00ECFF,0,1470
355946,91.875,14.75,-25.25,#EDE0FF,0,1470
355962,91.875,19.625,75.375,#FFD74F,0,1470
355967,91.875,21.125,42.375,#FFD797,0,1470
355970,91.875,22.5,-97.625,#4BE5FF,0,1470
355989,91.875,37.125,-36.375,#FFD1FF,0,1470
356033,91.875,81.125,-85.0,#FFAEFF,0,1470
356049,91.875,112.5,-117.375,#FF88FF,0,1470
356057,91.875,126.5,-46.125,#FF42FF,0,1470
356062,91.9375,-115.75,-12.375,#00FFFD,0,1471
356066,91.9375,-110.625,-7.5,#00FFF3,0,1471
356067,91.9375,-108.875,-80.625,#00FFFF,0,1471
356087,91.9375,-67.25,-75.125,#00FFFF,0,1471
356103,91.9375,-46.875,-41.125,#00FFFF,0,1471
356118,91.9375,-33.25,-27.375,#54FCFF,0,1471
356119,91.9375,-30.25,45.75,#CCF68D,1,1471
356124,91.9375,-24.375,-75.125,#00FDFF,0,1471
356263,91.9375,63.5,38.75,#FFB1A1,0,1471
356271,91.9375,73.25,-5.375,#FFAAF5,0,1471
356276,91.9375,76.125,73.625,#FFA05C,0,1471
356282,91.9375,82.25,66.25,#FF976D,0,1471
356285,91.9375,86.0,-97.375,#FFABFF,0,1471
356293,91.9375,91.875,-70.125,#FF9CFF,0,1471
356296,91.9375,100.875,115.125,#FF7400,0,1471
356302,91.9375,111.375,-93.0,#FF81FF,0,1471
356303,91.9375,112.375,-37.875,#FF6EFF,0,1471
356309,91.9375,126.0,-39.5,#FF41FF,0,1471
356325,92.0,-122.625,40.75,#00FF94,0,1472
356377,92.0,-59.5,-122.75,#00FFFF,0,1472
356398,92.0,-42.0,-18.625,#3EFFFF,0,1472
356414,92.0,-19.125,-79.75,#00FBFF,0,1472
356442,92.0,-1.375,-94.0,#00F4FF,0,1472
356515,92.0,45.875,-22.875,#FFC8FF,0,1472
356545,92.0,85.0,-56.875,#FFA3FF,0,1472
356553,92.0,94.25,-62.125,#FF97FF,0,1472
356557,92.0,96.375,-90.0,#FF9BFF,0,1472
356562,92.0,108.125,102.375,#FF6400,0,1472
356571,92.0,126.875,126.0,#FF0000,0,1472
356584,92.0625,-87.75,122.25,#4BFF00,0,1473
356588,92.0625,-81.5,57.125,#18FF72,0,1473
356597,92.0625,-62.875,83.75,#94FF24,0,1473
356622,92.0625,-39.25,8.75,#92FCD6,1,1473
356640,92.0625,-30.375,-99.125,#00FFFF,0,1473
356643,92.0625,-28.375,67.75,#DBF55D,1,1473
356657,92.0625,-22.25,109.25,#F1F100,0,1473
356658,92.0625,-22.0,67.25,#E7F15F,1,1473
356684,92.0625,-11.375,50.375,#F3EC85,1,1473
356748,92.0625,13.0,96.5,#FFDB00,0,1473
356773,92.0625,25.375,-57.875,#D8DDFF,0,1473
356778,92.0625,28.375,-66.5,#D1DCFF,0,1473
356798,92.0625,43.25,83.375,#FFC43E,0,1473
356818,92.0625,57.625,-85.625,#F7C7FF,0,1473
356826,92.0625,65.125,22.875,#FFB1C0,0,1473
356837,92.0625,83.125,-105.875,#FFB1FF,0,1473
356840,92.0625,87.25,-20.625,#FF99FF,0,1473
356846,92.0625,98.0,-100.375,#FF9BFF,0,1473
356855,92.0625,111.25,-69.875,#FF7AFF,0,1473
356863,92.0625,123.75,-73.875,#FF5CFF,0,1473
356868,92.125,-128.0,105.75,#00FF00,0,1474
356874,92.125,-106.375,-32.875,#00FFFF,0,1474
356886,92.125,-75.75,29.5,#00FFAD,0,1474
356890,92.125,-66.25,-13.75,#00FFFF,0,1474
356893,92.125,-61.75,111.5,#A1FF00,0,1474
356896,92.125,-60.875,56.75,#88FF75,0,1474
356912,92.125,-31.375,19.5,#B5F8C2,1,1474
356956,92.125,-5.625,85.5,#FFE82B,0,1474
356988,92.125,7.375,77.375,#FFE049,0,1474
356998,92.125,10.875,126.75,#FFDD00,0,1474
357008,92.125,14.75,59.125,#FFDB75,0,1474
357025,92.125,23.875,104.375,#FFD400,0,1474
357032,92.125,32.0,7.75,#FFD1DB,0,1474
357034,92.125,33.5,-55.25,#F0D7FF,0,1474
357036,92.125,34.0,14.125,#FFCFCF,0,1474
357084,92.125,87.625,-37.0,#FF9CFF,0,1474
357096,92.125,97.75,-128.0,#FFA5FF,0,1474
357100,92.125,107.5,-61.0,#FF80FF,0,1474
357104,92.125,118.25,110.625,#FF4000,0,1474
357128,92.1875,-90.375,-65.625,#00FFFF,0,1475
357160,92.1875,-39.625,50.5,#BBFB84,1,1475
357167,92.1875,-35.125,104.375,#D9F700,0,1475
357174,92.1875,-28.375,83.625,#E0F52E,1,1475
357195,92.1875,-17.5,114.375,#FAEE00,0,1475
357219,92.1875,-2.0,-34.5,#B9EDFF,0,1475
357270,92.1875,20.125,-114.125,#00EBFF,0,1475
357279,92.1875,26.375,91.875,#FFD214,0,1475
357287,92.1875,28.375,50.875,#FFD288,0,1475
357290,92.1875,29.5,-87.0,#A3DFFF,0,1475
357327,92.1875,63.375,45.25,#FFB296,0,1475
357328,92.1875,63.75,-86.875,#FFC2FF,0,1475
357330,92.1875,64.75,118.875,#FFAD00,0,1475
357346,92.1875,83.625,42.625,#FF989C,0,1475
357358,92.1875,100.25,-4.0,#FF81F4,0,1475
357361,92.1875,105.125,50.375,#FF708F,0,1475
357377,92.25,-128.0,22.25,#00FFBA,0,1476
357386,92.25,-111.25,4.5,#00FFDD,0,1476
357393,92.25,-95.5,-113.0,#00FFFF,0,1476
357395,92.25,-94.75,-100.375,#00FFFF,0,1476
357427,92.25,-31.5,-53.375,#00FFFF,0,1476
357557,92.25,59.875,14.375,#FFB8D0,0,1476
357580,92.25,96.875,101.375,#FF7E00,0,1476
357585,92.25,107.25,38.0,#FF6CA7,0,1476
357596,92.25,121.0,82.25,#FF3552,0,1476
357604,92.3125,-122.375,-32.0,#00FFFF,0,1477
357607,92.3125,-118.375,-88.5,#00FFFF,0,1477
357627,92.3125,-96.375,10.25,#00FFD2,0,1477
357639,92.3125,-73.75,50.125,#4CFF83,0,1477
357640,92.3125,-73.0,-44.375,#00FFFF,0,1477
357686,92.3125,-23.25,-115.875,#00FFFF,0,1477
357756,92.3125,13.25,-115.125,#00EFFF,0,1477
357805,92.3125,41.25,73.875,#FFC757,0,1477
357815,92.3125,53.25,-64.875,#FFC8FF,0,1477
357817,92.3125,53.875,-127.25,#64D4FF,0,1477
357818,92.3125,54.875,-115.0,#A7D1FF,0,1477
357834,92.3125,69.75,-40.75,#FFB4FF,0,1477
357835,92.3125,72.25,52.125,#FFA789,0,1477
357856,92.3125,103.375,84.875,#FF7148,0,1477
357857,92.3125,104.25,-128.0,#FF9CFF,0,1477
357861,92.3125,107.75,115.5,#FF6500,0,1477
357874,92.3125,122.375,88.875,#FF2C43,0,1477
357890,92.375,-105.25,118.375,#00FF00,0,1478
357893,92.375,-103.75,-2.25,#00FFEB,0,1478
357906,92.375,-85.5,-2.375,#00FFEB,0,1478
357911,92.375,-79.875,122.125,#6FFF00,0,1478
357916,92.375,-76.75,86.875,#6AFF09,0,1478
357922,92.375,-71.375,-86.25,#00FFFF,0,1478
357932,92.375,-62.625,8.375,#00FFD7,0,1478
357959,92.375,-40.625,93.875,#CCFB00,0,1478
357966,92.375,-34.125,-33.75,#25FEFF,0,1478
357969,92.375,-32.625,60.75,#D0F86E,1,1478
357975,92.375,-31.125,-63.5,#00FFFF,0,1478
357988,92.375,-25.75,92.75,#E8F400,0,1478
357994,92.375,-20.0,-51.875,#2DF9FF,0,1478
358074,92.375,12.0,109.5,#FFDD00,0,1478
358090,92.375,18.125,4.875,#FFDDE0,0,1478
358110,92.375,34.0,-2.875,#FFD1F0,0,1478
358113,92.375,36.75,93.125,#FFCA12,0,1478
358124,92.375,48.125,-81.75,#E7D0FF,0,1478
358173,92.375,100.875,-94.75,#FF96FF,0,1478
358175,92.375,103.25,7.375,#FF7AE0,0,1478
358176,92.375,103.75,97.125,#FF7022,0,1478
358177,92.375,106.5,18.5,#FF71CB,0,1478
358187,92.375,124.0,-4.875,#FF3DF8,0,1478
358216,92.4375,-85.25,-79.875,#00FFFF,0,1479
358219,92.4375,-79.375,-108.75,#00FFFF,0,1479
358225,92.4375,-71.625,-126.625,#00FFFF,0,1479
358277,92.4375,-14.125,-25.625,#A7F3FF,0,1479
358291,92.4375,-9.25,-70.25,#00F6FF,0,1479
358374,92.4375,44.25,46.625,#FFC592,0,1479
358378,92.4375,52.5,-31.625,#FFC5FF,0,1479
358385,92.4375,56.625,-106.0,#C9CEFF,0,1479
358409,92.4375,73.25,23.625,#FFA8C0,0,1479
358414,92.4375,80.5,100.5,#FF9A00,0,1479
358439,92.4375,123.625,-58.0,#FF56FF,0,1479
358447,92.5,-128.0,-25.5,#00FFFF,0,1480
358449,92.5,-128.0,0.5,#00FFE5,0,1480
358461,92.5,-107.375,45.875,#00FF8B,0,1480
358468,92.5,-99.75,-73.5,#00FFFF,0,1480
358481,92.5,-80.75,91.375,#5DFF00,0,1480
358482,92.5,-78.25,-83.125,#00FFFF,0,1480
358527,92.5,-39.25,-111.75,#00FFFF,0,1480
358652,92.5,39.0,-84.75,#C9D8FF,0,1480
358701,92.5,74.625,83.75,#FFA345,0,1480
358703,92.5,76.375,-100.125,#FFB9FF,0,1480
358706,92.5,77.0,106.25,#FF9F00,0,1480
358716,92.5,88.0,-12.0,#FF98FF,0,1480
358717,92.5,89.75,23.125,#FF91C2,0,1480
358724,92.5,105.0,75.5,#FF6F5E,0,1480
358731,92.5,126.125,38.5,#FF1AA8,0,1480
358744,92.5625,-113.5,83.875,#00FF1A,0,1481
358753,92.5625,-105.125,96.375,#00FF00,0,1481
358838,92.5625,-33.125,-41.25,#00FFFF,0,1481
358902,92.5625,4.5,2.5,#F5E7E5,1,1481
358944,92.5625,28.125,19.25,#FFD5C6,0,1481
358955,92.5625,36.375,69.875,#FFCC61,0,1481
358983,92.5625,65.25,-128.0,#A0CBFF,0,1481
358986,92.5625,68.875,-116.5,#D3C5FF,0,1481
359132,92.625,-41.75,-128.0,#00FFFF,0,1482
359137,92.625,-38.125,-101.375,#00FFFF,0,1482
359186,92.625,-8.75,113.75,#FFEB00,0,1482
359190,92.625,-6.25,-59.75,#6AF3FF,0,1482
359216,92.625,5.5,60.5,#FFE373,0,1482
359295,92.625,51.875,75.375,#FFBD56,0,1482
359311,92.625,63.375,-110.875,#D1C9FF,0,1482
359329,92.625,87.25,93.75,#FF912A,0,1482
359339,92.625,101.125,-29.125,#FF86FF,0,1482
359346,92.625,114.0,-55.25,#FF71FF,0,1482
359348,92.625,119.625,98.0,#FF3E28,0,1482
359369,92.6875,-113.375,-76.125,#00FFFF,0,1483
359404,92.6875,-80.0,-37.5,#00FFFF,0,1483
359405,92.6875,-79.375,-122.625,#00FFFF,0,1483
359449,92.6875,-49.0,104.75,#BEFF00,0,1483
359462,92.6875,-43.625,-35.5,#00FFFF,0,1483
359478,92.6875,-36.375,-16.0,#6DFFFF,0,1483
359517,92.6875,-17.125,92.875,#F9F000,0,1483
359574,92.6875,8.625,40.625,#FFE29C,0,1483
359636,92.6875,47.375,27.375,#FFC4B8,0,1483
359664,92.6875,79.875,120.875,#FF9B00,0,1483
359672,92.6875,95.5,55.25,#FF8586,0,1483
359685,92.6875,113.25,1.25,#FF64ED,0,1483
359688,92.6875,117.375,28.75,#FF52BA,0,1483
359690,92.6875,125.625,25.375,#FF29C1,0,1483
359695,92.75,-122.75,-51.125,#00FFFF,0,1484
359705,92.75,-112.75,-59.5,#00FFFF,0,1484
359707,92.75,-108.0,62.0,#00FF67,0,1484
359766,92.75,-58.125,-93.625,#00FFFF,0,1484
359816,92.75,-22.625,-7.25,#ADF7F7,1,1484
359839,92.75,-6.0,-112.25,#00FBFF,0,1484
359863,92.75,2.5,39.0,#FFE69F,0,1484
359911,92.75,26.875,-110.875,#00E7FF,0,1484
359935,92.75,42.125,-57.5,#FFD2FF,0,1484
359964,92.75,64.375,101.75,#FFB000,0,1484
359973,92.75,71.5,45.625,#FFAA97,0,1484
359988,92.75,85.0,18.375,#FF9ACB,0,1484
359994,92.75,93.25,-108.0,#FFA6FF,0,1484
360017,92.8125,-128.0,28.5,#00FFAF,0,1485
360019,92.8125,-122.25,-14.875,#00FFFF,0,1485
360021,92.8125,-116.625,-18.5,#00FFFF,0,1485
360022,92.8125,-114.25,-2.375,#00FFEC,0,1485
360026,92.8125,-104.375,-24.5,#00FFFF,0,1485
360027,92.8125,-103.125,58.125,#00FF71,0,1485
360028,92.8125,-96.75,-5.375,#00FFF2,0,1485
360032,92.8125,-91.0,73.75,#00FF49,0,1485
360034,92.8125,-86.125,-26.0,#00FFFF,0,1485
360035,92.8125,-80.25,37.75,#00FF9E,0,1485
360041,92.8125,-72.375,1.375,#00FFE5,0,1485
360042,92.8125,-72.25,15.5,#00FFCA,0,1485
360043,92.8125,-71.75,-113.375,#00FFFF,0,1485
360071,92.8125,-42.875,-2.0,#74FFED,0,1485
360122,92.8125,-18.625,-101.5,#00FFFF,0,1485
360133,92.8125,-15.375,-113.375,#00FFFF,0,1485
360157,92.8125,-8.5,41.125,#F6ED9A,1,1485
360208,92.8125,8.625,86.5,#FFE12D,0,1485
360235,92.8125,28.125,-48.375,#EFDCFF,0,1485
360243,92.8125,32.875,125.5,#FFCE00,0,1485
360257,92.8125,44.0,-118.5,#5EDCFF,0,1485
360267,92.8125,54.125,5.625,#FFC0E2,0,1485
360284,92.8125,74.875,126.375,#FFA300,0,1485
360300,92.8125,94.25,-118.375,#FFA8FF,0,1485
360313,92.8125,125.25,-25.625,#FF43FF,0,1485
360316,92.8125,127.0,51.25,#FF0892,0,1485
360322,92.875,-122.875,-66.25,#00FFFF,0,1486
360323,92.875,-122.875,63.5,#00FF63,0,1486
360352,92.875,-65.5,-36.0,#00FFFF,0,1486
360354,92.875,-64.5,-90.625,#00FFFF,0,1486
360358,92.875,-57.5,-107.625,#00FFFF,0,1486
360372,92.875,-32.875,-72.375,#00FFFF,0,1486
360373,92.875,-27.875,-58.125,#00FFFF,0,1486
360392,92.875,-12.875,23.375,#E3F1BD,1,1486
360418,92.875,-2.625,-16.375,#D4EDFF,0,1486
360440,92.875,7.125,-104.0,#00F3FF,0,1486
360468,92.875,23.0,-85.875,#90E6FF,0,1486
360487,92.875,37.0,102.0,#FFCB00,0,1486
360521,92.875,70.25,-30.375,#FFB3FF,0,1486
360523,92.875,73.125,-121.625,#D3C2FF,0,1486
360555,92.9375,-128.0,-87.0,#00FFFF,0,1487
360556,92.9375,-128.0,-61.75,#00FFFF,0,1487
360558,92.9375,-123.125,-83.5,#00FFFF,0,1487
360567,92.9375,-104.0,-68.875,#00FFFF,0,1487
360571,92.9375,-93.25,46.625,#00FF8B,0,1487
360591,92.9375,-68.625,33.0,#47FFA8,0,1487
360650,92.9375,-27.125,115.0,#EBF600,0,1487
360658,92.9375,-24.375,60.5,#E2F571,1,1487
360664,92.9375,-19.0,11.625,#CDF5D4,1,1487
360741,92.9375,13.75,32.125,#FFE0AE,0,1487
360759,92.9375,25.875,-33.75,#FDDCFF,0,1487
360764,92.9375,29.75,36.625,#FFD4A6,0,1487
360792,92.9375,56.5,57.625,#FFBA7E,0,1487
360829,92.9375,98.375,72.875,#FF7F64,0,1487
360856,93.0,-92.5,127.0,#33FF00,0,1488
360871,93.0,-61.0,-73.875,#00FFFF,0,1488
360897,93.0,-29.875,109.5,#E6F700,0,1488
360931,93.0,-3.0,-51.75,#94F2FF,0,1488
360935,93.0,-2.25,22.625,#F8EBBF,1,1488
360980,93.0,21.875,-122.875,#00EDFF,0,1488
361025,93.0,50.625,48.375,#FFC191,0,1488
361028,93.0,54.125,-8.0,#FFC2FC,0,1488
361029,93.0,54.375,-23.5,#FFC3FF,0,1488
361039,93.0,61.125,-123.0,#A4CFFF,0,1488
361058,93.0,78.5,-46.875,#FFACFF,0,1488
361059,93.0,79.125,-70.75,#FFB0FF,0,1488
361062,93.0,81.125,6.625,#FFA1E2,0,1488
361065,93.0,83.875,-2.375,#FF9FF3,0,1488
361087,93.0,116.0,47.5,#FF5598,0,1488
361090,93.0,119.75,3.5,#FF51EA,0,1488
361095,93.0,126.5,72.75,#FF0769,0,1488
361096,93.0,126.625,-108.625,#FF69FF,0,1488
361098,93.0625,-128.0,-78.125,#00FFFF,0,1489
361102,93.0625,-118.125,-71.25,#00FFFF,0,1489
361105,93.0625,-108.25,-64.375,#00FFFF,0,1489
361143,93.0625,-59.375,0.125,#00FFE9,0,1489
361150,93.0625,-54.5,-71.375,#00FFFF,0,1489
361154,93.0625,-52.875,58.25,#A2FF74,0,1489
361210,93.0625,-16.5,126.25,#FFF000,0,1489
361227,93.0625,-6.75,0.625,#DEEFEA,1,1489
361263,93.0625,8.125,8.0,#FFE5DC,0,1489
361264,93.0625,8.375,-53.25,#B6EBFF,0,1489
361319,93.0625,40.5,-43.75,#FFD3FF,0,1489
361330,93.0625,45.0,-111.5,#8DDAFF,0,1489
361341,93.0625,51.25,90.875,#FFBF29,0,1489
361342,93.0625,51.5,-86.75,#E9D0FF,0,1489
361363,93.0625,71.625,-88.25,#FFBDFF,0,1489
361369,93.0625,79.625,36.75,#FFA1A9,0,1489
361373,93.0625,89.875,81.375,#FF8E50,0,1489
361378,93.0625,92.0,32.875,#FF8EB2,0,1489
361385,93.0625,107.5,-75.375,#FF87FF,0,1489
361436,93.125,-39.75,29.625,#ADFFB1,1,1490
361456,93.125,-20.75,-64.875,#00FDFF,0,1490
361467,93.125,-15.0,-2.75,#C8F4F0,1,1490
361499,93.125,0.125,51.75,#FFE886,0,1490
361531,93.125,15.375,-43.625,#DAE6FF,0,1490
361535,93.125,17.25,14.5,#FFDFD0,0,1490
361544,93.125,25.875,-2.125,#FFDAF0,0,1490
361600,93.125,85.875,49.0,#FF9793,0,1490
361605,93.125,93.375,-39.125,#FF97FF,0,1490
361606,93.125,93.625,-51.375,#FF99FF,0,1490
361610,93.125,97.625,-17.375,#FF8CFF,0,1490
361613,93.125,101.875,-122.5,#FFA0FF,0,1490
361628,93.1875,-128.0,35.125,#00FFA2,0,1491
361636,93.1875,-111.5,-105.75,#00FFFF,0,1491
361655,93.1875,-86.0,-93.5,#00FFFF,0,1491
361700,93.1875,-35.75,-118.75,#00FFFF,0,1491
361736,93.1875,-11.625,-82.0,#00FBFF,0,1491
361746,93.1875,-10.375,98.75,#FFED00,0,1491
361750,93.1875,-8.125,120.5,#FFEC00,0,1491
361758,93.1875,-2.375,71.125,#FFE95B,0,1491
361874,93.1875,103.75,-83.75,#FF91FF,0,1491
361899,93.25,-116.75,23.375,#00FFBB,0,1492
361902,93.25,-112.625,56.5,#00FF75,0,1492
361934,93.25,-68.0,126.875,#97FF00,0,1492
361962,93.25,-38.0,-50.5,#00FFFF,0,1492
361968,93.25,-32.25,-7.75,#91FEF9,1,1492
361974,93.25,-23.375,-40.0,#60FCFF,0,1492
362050,93.25,21.875,113.75,#FFD800,0,1492
362053,93.25,23.625,126.75,#FFD700,0,1492
362065,93.25,29.125,-100.0,#72E5FF,0,1492
362101,93.25,63.375,-16.375,#FFBAFF,0,1492
362118,93.25,76.625,-39.125,#FFAEFF,0,1492
362124,93.25,90.875,-57.125,#FF9EFF,0,1492
362133,93.25,101.5,-72.625,#FF92FF,0,1492
362141,93.25,112.5,41.625,#FF62A3,0,1492
362144,93.25,115.0,-128.0,#FF8CFF,0,1492
362164,93.3125,-87.0,-119.25,#00FFFF,0,1493
362166,93.3125,-83.125,74.625,#41FF49,0,1493
362191,93.3125,-56.25,35.375,#84FFA5,0,1493
362229,93.3125,-30.875,89.25,#E1F912,1,1493
362231,93.3125,-30.25,97.75,#E4F800,0,1493
362285,93.3125,-2.75,112.0,#FFE900,0,1493
362309,93.3125,4.375,-127.875,#00FAFF,0,1493
362311,93.3125,4.375,109.25,#FFE500,0,1493
362405,93.3125,70.375,-102.0,#FBC2FF,0,1493
362406,93.3125,70.625,108.25,#FFAA00,0,1493
362441,93.375,-128.0,-48.125,#00FFFF,0,1494
362454,93.375,-93.875,17.125,#00FFC8,0,1494
362483,93.375,-52.0,115.875,#BCFF00,0,1494
362485,93.375,-49.5,21.75,#88FFC0,0,1494
362526,93.375,-23.0,37.75,#DAF7A2,1,1494
362596,93.375,9.875,-29.125,#E2E8FF,0,1494
362609,93.375,15.5,-32.125,#EBE5FF,0,1494
362688,93.375,86.625,-123.25,#F8B5FF,0,1494
362693,93.375,92.875,46.625,#FF8C99,0,1494
362696,93.375,99.75,-60.125,#FF92FF,0,1494
362703,93.375,110.375,-46.125,#FF7AFF,0,1494
362706,93.375,113.5,95.0,#FF5A32,0,1494
362717,93.4375,-128.0,-35.375,#00FFFF,0,1495
362719,93.4375,-123.0,71.5,#00FF4F,0,1495
362720,93.4375,-118.5,96.875,#00FF00,0,1495
362721,93.4375,-117.75,-56.25,#00FFFF,0,1495
362730,93.4375,-98.875,62.375,#00FF69,0,1495
362731,93.4375,-97.0,97.875,#00FF00,0,1495
362733,93.4375,-92.875,-40.625,#00FFFF,0,1495
362741,93.4375,-74.25,-8.125,#00FFFA,0,1495
362758,93.4375,-51.75,46.25,#9DFF8F,0,1495
362771,93.4375,-33.625,75.75,#D8FB4C,1,1495
362776,93.4375,-31.625,-47.25,#00FFFF,0,1495
362784,93.4375,-26.125,-128.0,#00FFFF,0,1495
362820,93.4375,-8.25,63.875,#FFEE6C,0,1495
362822,93.4375,-7.75,-7.375,#D4F1FA,1,1495
362825,93.4375,-4.375,-66.75,#56F5FF,0,1495
362861,93.4375,14.25,-11.25,#FEE4FF,0,1495
362911,93.4375,44.25,-67.625,#F9D4FF,0,1495
362915,93.4375,47.5,-7.75,#FFC9FD,0,1495
362936,93.4375,76.125,13.0,#FFA9D7,0,1495
362941,93.4375,83.375,-111.75,#FFB6FF,0,1495
362954,93.4375,102.5,62.5,#FF797B,0,1495
362956,93.4375,104.875,0.75,#FF7CEF,0,1495
362966,93.4375,118.75,104.25,#FF4608,0,1495
362967,93.4375,120.0,-29.375,#FF5CFF,0,1495
362970,93.4375,120.625,-108.125,#FF79FF,0,1495
362988,93.5,-115.75,16.75,#00FFC8,0,1496
363027,93.5,-44.75,-23.75,#00FFFF,0,1496
363054,93.5,-11.625,-106.375,#00FFFF,0,1496
363105,93.5,12.625,-3.25,#FFE4F3,0,1496
363116,93.5,16.125,-58.25,#C4E8FF,0,1496
363174,93.5,53.625,-54.375,#FFCAFF,0,1496
363182,93.5,61.625,-92.75,#F8C9FF,0,1496
363271,93.5625,-40.875,-64.0,#00FFFF,0,1497
363273,93.5625,-39.375,-83.625,#00FFFF,0,1497
363276,93.5625,-36.0,-57.125,#00FFFF,0,1497
363375,93.5625,24.5,57.375,#FFD87E,0,1497
363393,93.5625,41.75,-78.75,#E1D8FF,0,1497
363421,93.5625,65.125,6.25,#FFB7E3,0,1497
363429,93.5625,74.5,-110.125,#F6C0FF,0,1497
363446,93.5625,102.375,30.875,#FF7DB7,0,1497
363467,93.625,-123.125,-94.25,#00FFFF,0,1498
363472,93.625,-101.875,-40.25,#00FFFF,0,1498
363489,93.625,-83.5,-70.625,#00FFFF,0,1498
363490,93.625,-82.875,4.25,#00FFE2,0,1498
363511,93.625,-51.75,-97.5,#00FFFF,0,1498
363512,93.625,-51.5,-128.0,#00FFFF,0,1498
363520,93.625,-44.5,15.375,#90FFCE,0,1498
363524,93.625,-42.5,126.625,#D2FF00,0,1498
363531,93.625,-36.75,55.75,#C9FE7D,1,1498
363556,93.625,-19.875,84.5,#F5F431,1,1498
363598,93.625,0.0,64.625,#FFE96C,0,1498
363619,93.625,6.375,-63.75,#98EFFF,0,1498
363673,93.625,39.375,-9.75,#FFD1FF,0,1498
363681,93.625,48.125,63.25,#FFC474,0,1498
363736,93.625,101.625,121.0,#FF7900,0,1498
363739,93.625,102.25,-53.125,#FF8CFF,0,1498
363740,93.625,103.75,-107.0,#FF99FF,0,1498
363749,93.625,117.375,-50.25,#FF6BFF,0,1498
363759,93.6875,-111.375,26.75,#00FFB5,0,1499
363764,93.6875,-97.625,41.875,#00FF97,0,1499
363766,93.6875,-94.625,105.5,#00FF00,0,1499
363767,93.6875,-90.25,63.125,#00FF68,0,1499
363776,93.6875,-78.75,-61.25,#00FFFF,0,1499
363783,93.6875,-74.25,56.75,#5AFF78,0,1499
363802,93.6875,-60.0,101.125,#A7FF00,0,1499
363806,93.6875,-54.125,-39.625,#00FFFF,0,1499
363809,93.6875,-48.5,-107.25,#00FFFF,0,1499
363823,93.6875,-34.875,-88.75,#00FFFF,0,1499
363825,93.6875,-34.125,68.625,#D4FC5F,1,1499
363838,93.6875,-22.125,5.25,#C1F9E2,1,1499
363847,93.6875,-14.75,103.0,#FFF100,0,1499
363848,93.6875,-14.125,-14.875,#BCF6FF,0,1499
363859,93.6875,-8.375,28.5,#F2F0B6,1,1499
363989,93.6875,68.5,73.875,#FFAE5F,0,1499
364001,93.6875,88.625,11.75,#FF98DB,0,1499
364022,93.75,-128.0,-97.875,#00FFFF,0,1500
364064,93.75,-47.375,-122.375,#00FFFF,0,1500
364125,93.75,12.5,-19.25,#F4E7FF,0,1500
364190,93.75,50.75,-97.75,#D1D5FF,0,1500
364222,93.75,90.125,-76.75,#FFA5FF,0,1500
364225,93.75,92.125,-84.25,#FFA5FF,0,1500
364229,93.75,97.0,23.75,#FF89C5,0,1500
364230,93.75,97.375,78.75,#FF8359,0,1500
364248,93.75,126.75,65.375,#FF1879,0,1500
364272,93.8125,-94.0,58.125,#00FF74,0,1501
364299,93.8125,-32.875,8.0,#A9FEDD,1,1501
364306,93.8125,-29.125,-79.125,#00FFFF,0,1501
364307,93.8125,-27.875,-109.875,#00FFFF,0,1501
364324,93.8125,-14.0,-44.75,#7FF9FF,0,1501
364347,93.8125,-2.625,34.125,#FFEDAB,0,1501
364372,93.8125,5.875,14.0,#FFE9D3,0,1501
364389,93.8125,13.75,-121.25,#00F5FF,0,1501
364398,93.8125,16.125,-50.5,#D3E8FF,0,1501
364428,93.8125,34.125,-68.75,#E1DDFF,0,1501
364442,93.8125,39.625,25.25,#FFCFBF,0,1501
364454,93.8125,54.5,18.125,#FFC1CD,0,1501
364490,93.8125,100.0,14.0,#FF85D7,0,1501
364522,93.875,-110.375,-94.875,#00FFFF,0,1502
364541,93.875,-93.375,-47.25,#00FFFF,0,1502
364542,93.875,-92.625,93.0,#00FF00,0,1502
364544,93.875,-91.75,113.375,#35FF00,0,1502
364548,93.875,-84.25,84.25,#4AFF26,0,1502
364562,93.875,-66.75,-122.875,#00FFFF,0,1502
364608,93.875,-34.625,-107.0,#00FFFF,0,1502
364615,93.875,-30.125,-14.375,#8DFFFF,0,1502
364619,93.875,-28.75,13.0,#BAFCD3,1,1502
364639,93.875,-19.375,21.5,#D7F7C3,1,1502
364699,93.875,13.0,-79.625,#7FEEFF,0,1502
364704,93.875,16.0,65.25,#FFDF6D,0,1502
364707,93.875,18.125,49.625,#FFDE8E,0,1502
364714,93.875,22.75,-16.5,#FFE0FF,0,1502
364744,93.875,48.25,126.875,#FFC300,0,1502
364755,93.875,60.375,111.875,#FFB700,0,1502
364759,93.875,66.0,-46.125,#FFBDFF,0,1502
364762,93.875,78.625,51.125,#FFA390,0,1502
364781,93.875,124.375,-85.375,#FF67FF,0,1502
364784,93.875,126.25,-128.0,#FF77FF,0,1502
364792,93.9375,-122.625,-39.375,#00FFFF,0,1503
364798,93.9375,-111.5,-22.625,#00FFFF,0,1503
364808,93.9375,-96.25,-26.375,#00FFFF,0,1503
364820,93.9375,-81.0,44.0,#00FF94,0,1503
364821,93.9375,-81.0,51.375,#13FF84,0,1503
364843,93.9375,-54.625,-84.5,#00FFFF,0,1503
364844,93.9375,-54.5,70.875,#A9FF58,0,1503
364852,93.9375,-48.625,-10.25,#3CFFFF,0,1503
364903,93.9375,-19.375,-22.625,#A1FAFF,0,1503
364905,93.9375,-18.375,-32.0,#91FBFF,0,1503
364918,93.9375,-13.625,68.875,#FCF261,1,1503
364935,93.9375,-5.75,-101.625,#00FDFF,0,1503
364962,93.9375,7.0,34.125,#FFE7AC,0,1503
364997,93.9375,21.375,69.5,#FFDB64,0,1503
365006,93.9375,25.25,118.875,#FFD700,0,1503
365020,93.9375,31.75,-9.625,#FFD8FF,0,1503
365041,93.9375,48.375,110.25,#FFC400,0,1503
365050,93.9375,58.625,-69.875,#FFC9FF,0,1503
365051,93.9375,58.75,-3.25,#FFBFF6,0,1503
365061,93.9375,70.0,-11.0,#FFB4FF,0,1503
365073,93.9375,82.125,57.875,#FF9E83,0,1503
365075,93.9375,85.75,87.375,#FF9742,0,1503
365090,93.9375,102.375,103.625,#FF7900,0,1503
365104,93.9375,118.125,-7.625,#FF5EFF,0,1503
365142,94.0,-78.75,107.625,#74FF00,0,1504
365153,94.0,-64.625,-52.375,#00FFFF,0,1504
365155,94.0,-56.0,12.875,#60FFD3,0,1504
365160,94.0,-51.0,-59.0,#00FFFF,0,1504
365171,94.0,-42.5,-45.25,#00FFFF,0,1504
365190,94.0,-25.625,20.125,#C9FBC6,1,1504
365201,94.0,-13.875,-36.375,#97F9FF,0,1504
365263,94.0,29.5,85.0,#FFD53C,0,1504
365272,94.0,36.75,114.875,#FFCE00,0,1504
365276,94.0,38.375,-105.5,#8CE1FF,0,1504
365300,94.0,60.25,84.25,#FFB845,0,1504
365313,94.0,78.625,-26.375,#FFACFF,0,1504
365315,94.0,82.5,-17.125,#FFA5FF,0,1504
365316,94.0,83.25,-90.5,#FFB2FF,0,1504
365334,94.0,102.375,-35.625,#FF8AFF,0,1504
365341,94.0,116.0,15.75,#FF5FD6,0,1504
365358,94.0625,-122.5,31.625,#00FFAC,0,1505
365359,94.0625,-118.75,106.875,#00FF00,0,1505
365362,94.0625,-117.5,50.75,#00FF84,0,1505
365371,94.0625,-107.0,-43.75,#00FFFF,0,1505
365372,94.0625,-106.75,37.0,#00FFA2,0,1505
365390,94.0625,-92.0,25.75,#00FFB9,0,1505
365416,94.0625,-60.625,-45.25,#00FFFF,0,1505
365417,94.0625,-60.625,51.0,#89FF86,0,1505
365433,94.0625,-46.375,121.25,#CBFF00,0,1505
365454,94.0625,-31.25,26.0,#C1FDBB,1,1505
365485,94.0625,-12.125,-93.875,#00FFFF,0,1505
365497,94.0625,-7.375,-29.75,#B8F5FF,0,1505
365522,94.0625,2.75,-56.25,#A0F2FF,0,1505
365526,94.0625,4.125,116.125,#FFE700,0,1505
365588,94.0625,31.75,78.875,#FFD34E,0,1505
365604,94.0625,46.5,7.0,#FFCBE2,0,1505
365619,94.0625,62.875,-27.0,#FFBEFF,0,1505
365637,94.0625,84.625,127.0,#FF9800,0,1505
365647,94.0625,93.875,-96.5,#FFA6FF,0,1505
365656,94.0625,115.25,-105.375,#FF86FF,0,1505
365658,94.0625,118.5,-119.0,#FF85FF,0,1505
365667,94.125,-116.0,127.0,#00FF00,0,1506
365677,94.125,-104.625,84.25,#00FF23,0,1506
365678,94.125,-103.25,-111.625,#00FFFF,0,1506
365712,94.125,-75.0,65.25,#64FF65,0,1506
365757,94.125,-41.0,115.375,#D5FF00,0,1506
365762,94.125,-39.5,-93.625,#00FFFF,0,1506
365782,94.125,-29.125,37.0,#CFFCA5,1,1506
365784,94.125,-27.25,-1.25,#ADFDF0,1,1506
365803,94.125,-19.125,46.5,#E9F692,1,1506
365804,94.125,-18.75,-72.625,#00FFFF,0,1506
365807,94.125,-16.75,52.625,#F0F586,1,1506
365815,94.125,-10.625,35.125,#F3F2AA,1,1506
365826,94.125,-6.375,-86.375,#00FBFF,0,1506
365827,94.125,-5.875,17.75,#F1F0CC,1,1506
365841,94.125,-0.875,-9.375,#E3EFFF,0,1506
365844,94.125,0.0,121.125,#FFE900,0,1506
365850,94.125,1.5,-69.5,#70F4FF,0,1506
365858,94.125,5.125,-3.625,#F5EBF5,1,1506
365903,94.125,29.0,107.25,#FFD500,0,1506
365909,94.125,31.0,-128.0,#00EBFF,0,1506
365911,94.125,31.5,-118.125,#00E9FF,0,1506
365949,94.125,61.375,90.5,#FFB732,0,1506
365950,94.125,61.625,-75.625,#FFC7FF,0,1506
365968,94.125,85.5,-117.375,#FFB7FF,0,1506
365975,94.125,100.875,-112.75,#FFA1FF,0,1506
365980,94.125,109.375,124.875,#FF6800,0,1506
365982,94.125,118.0,-35.125,#FF67FF,0,1506
365996,94.1875,-107.625,-50.625,#00FFFF,0,1507
365997,94.1875,-104.5,127.0,#00FF00,0,1507
365999,94.1875,-102.375,-99.375,#00FFFF,0,1507
366001,94.1875,-101.25,18.75,#00FFC7,0,1507
366023,94.1875,-69.875,45.25,#5FFF92,0,1507
366030,94.1875,-63.625,106.125,#A1FF00,0,1507
366046,94.1875,-44.25,110.25,#CEFF00,0,1507
366061,94.1875,-25.5,51.0,#DFFA89,1,1507
366084,94.1875,-12.0,4.25,#D9F5E6,1,1507
366178,94.1875,30.625,68.75,#FFD567,0,1507
366193,94.1875,40.25,64.625,#FFCD71,0,1507
366196,94.1875,41.625,96.5,#FFCB03,0,1507
366200,94.1875,45.75,-1.375,#FFCCF3,0,1507
366215,94.1875,62.5,-40.75,#FFC1FF,0,1507
366230,94.1875,82.375,31.0,#FFA1B8,0,1507
366232,94.1875,85.0,-25.875,#FFA4FF,0,1507
366238,94.1875,93.625,18.0,#FF91D1,0,1507
366242,94.1875,97.75,88.375,#FF8443,0,1507
366252,94.1875,105.25,-15.875,#FF81FF,0,1507
366265,94.1875,126.0,-14.5,#FF43FF,0,1507
366270,94.25,-123.375,121.75,#00FF00,0,1508
366291,94.25,-76.875,127.0,#81FF00,0,1508
366296,94.25,-67.375,73.625,#88FF50,0,1508
366369,94.25,-1.875,6.5,#F0EFE2,1,1508
366429,94.25,26.375,98.5,#FFD800,0,1508
366486,94.25,67.75,33.375,#FFB3B2,0,1508
366494,94.25,71.625,39.0,#FFAEA8,0,1508
366499,94.25,77.375,-56.125,#FFB3FF,0,1508
366515,94.25,105.625,69.75,#FF746F,0,1508
366524,94.25,117.375,-75.375,#FF76FF,0,1508
366532,94.3125,-111.75,-34.5,#00FFFF,0,1509
366538,94.3125,-86.875,-107.625,#00FFFF,0,1509
366540,94.3125,-77.0,-73.875,#00FFFF,0,1509
366542,94.3125,-75.875,74.75,#6BFF4C,0,1509
366548,94.3125,-70.25,81.375,#84FF37,0,1509
366564,94.3125,-44.625,33.125,#A7FFAD,0,1509
366566,94.3125,-43.875,3.75,#81FFE6,0,1509
366591,94.3125,-26.75,-69.625,#00FFFF,0,1509
366646,94.3125,6.75,-112.875,#00F9FF,0,1509
366654,94.3125,10.125,-87.5,#3DF2FF,0,1509
366672,94.3125,18.0,102.375,#FFDE00,0,1509
366674,94.3125,19.5,20.125,#FFE0C9,0,1509
366677,94.3125,20.75,-92.0,#71ECFF,0,1509
366706,94.3125,36.625,-50.25,#FFDAFF,0,1509
366709,94.3125,38.25,47.375,#FFD095,0,1509
366720,94.3125,49.75,85.0,#FFC441,0,1509
366729,94.3125,57.875,105.375,#FFBB00,0,1509
366737,94.3125,67.375,-5.375,#FFB8FB,0,1509
366757,94.3125,87.375,111.0,#FF9500,0,1509
366768,94.3125,97.875,66.75,#FF8574,0,1509
366774,94.3125,105.875,-66.375,#FF8CFF,0,1509
366775,94.3125,107.25,24.625,#FF76C5,0,1509
366776,94.3125,107.75,-114.125,#FF97FF,0,1509
366778,94.3125,108.75,32.375,#FF71B7,0,1509
366803,94.375,-107.5,51.625,#00FF84,0,1510
366833,94.375,-62.75,-117.625,#00FFFF,0,1510
366871,94.375,-13.125,12.75,#DFF6D6,1,1510
366930,94.375,12.25,73.0,#FFE35B,0,1510
366957,94.375,32.5,-93.875,#A0E4FF,0,1510
366960,94.375,33.5,22.625,#FFD6C5,0,1510
366968,94.375,38.625,-18.75,#FFD5FF,0,1510
366993,94.375,64.125,61.25,#FFB67C,0,1510
367002,94.375,67.875,81.5,#FFB14F,0,1510
367033,94.375,116.25,-61.375,#FF75FF,0,1510
367045,94.4375,-114.25,102.5,#00FF00,0,1511
367058,94.4375,-89.75,-55.875,#00FFFF,0,1511
367062,94.4375,-84.5,-41.875,#00FFFF,0,1511
367068,94.4375,-72.0,-65.125,#00FFFF,0,1511
367072,94.4375,-65.75,-62.25,#00FFFF,0,1511
367073,94.4375,-65.625,-21.5,#00FFFF,0,1511
367104,94.4375,-37.875,-24.0,#4FFFFF,0,1511
367128,94.4375,-25.0,-96.25,#00FFFF,0,1511
367149,94.4375,-9.125,57.875,#FFF17C,0,1511
367193,94.4375,6.5,50.75,#FFE88C,0,1511
367222,94.4375,22.875,-51.5,#E4E5FF,0,1511
367228,94.4375,25.25,29.375,#FFDCB8,0,1511
367229,94.4375,25.375,-72.25,#C4E6FF,0,1511
367235,94.4375,32.75,-25.375,#FFDBFF,0,1511
367255,94.4375,46.75,-42.0,#FFD1FF,0,1511
367282,94.4375,73.5,68.25,#FFAB6E,0,1511
367283,94.4375,78.375,89.375,#FFA43B,0,1511
367306,94.4375,126.125,8.125,#FF3BE6,0,1511
367313,94.5,-128.0,114.25,#00FF00,0,1512
367320,94.5,-118.25,76.125,#00FF44,0,1512
367326,94.5,-110.0,109.375,#00FF00,0,1512
367337,94.5,-98.375,53.0,#00FF81,0,1512
367382,94.5,-49.25,126.75,#C7FF00,0,1512
367395,94.5,-38.75,-6.75,#80FFFB,0,1512
367430,94.5,-7.25,-119.625,#00FFFF,0,1512
367451,94.5,4.125,24.75,#FFEBC0,0,1512
367499,94.5,23.25,-23.25,#FFE2FF,0,1512
367530,94.5,42.25,54.375,#FFCD88,0,1512
367540,94.5,50.875,-76.0,#FFD3FF,0,1512
367542,94.5,51.75,-37.625,#FFCCFF,0,1512
367548,94.5,54.875,-121.0,#98D8FF,0,1512
367551,94.5,59.375,22.75,#FFBEC7,0,1512
367591,94.5,108.875,6.5,#FF76E8,0,1512
367605,94.5625,-128.0,93.0,#00FF00,0,1513
367622,94.5625,-103.75,-10.375,#00FFFF,0,1513
367636,94.5625,-87.5,-20.375,#00FFFF,0,1513
367657,94.5625,-71.125,-28.625,#00FFFF,0,1513
367676,94.5625,-57.625,-27.625,#00FFFF,0,1513
367677,94.5625,-57.5,86.5,#ABFF23,0,1513
367702,94.5625,-39.875,61.875,#C8FF71,0,1513
367731,94.5625,-18.125,120.5,#FFF500,0,1513
367770,94.5625,-0.25,-123.375,#00FFFF,0,1513
367772,94.5625,-0.125,80.125,#FFEC47,0,1513
367776,94.5625,1.5,103.0,#FFEA00,0,1513
367809,94.5625,13.75,-73.5,#9AEFFF,0,1513
367838,94.5625,30.75,-15.875,#FFDBFF,0,1513
367857,94.5625,48.125,-128.0,#33E0FF,0,1513
367860,94.5625,50.875,-110.0,#B1D9FF,0,1513
367876,94.5625,67.0,-63.0,#FFC1FF,0,1513
367902,94.5625,93.125,-23.125,#FF99FF,0,1513
367916,94.625,-123.125,89.25,#00FF00,0,1514
367939,94.625,-101.375,-88.0,#00FFFF,0,1514
367961,94.625,-78.75,18.5,#00FFC9,0,1514
367978,94.625,-55.375,-48.125,#00FFFF,0,1514
367981,94.625,-53.25,-33.75,#00FFFF,0,1514
367986,94.625,-48.625,-89.125,#00FFFF,0,1514
368037,94.625,-7.375,-14.625,#D0F5FF,0,1514
368052,94.625,-2.0,-40.375,#B6F4FF,0,1514
368093,94.625,16.375,-100.25,#00F1FF,0,1514
368119,94.625,35.875,35.5,#FFD4AD,0,1514
368124,94.625,38.625,-96.625,#AFE1FF,0,1514
368125,94.625,40.5,108.625,#FFCD00,0,1514
368139,94.625,49.875,-59.75,#FFD1FF,0,1514
368161,94.625,69.0,-23.125,#FFB9FF,0,1514
368164,94.625,71.125,117.75,#FFAD00,0,1514
368187,94.625,105.5,-23.625,#FF83FF,0,1514
368190,94.625,108.375,59.75,#FF7084,0,1514
368206,94.6875,-108.5,68.375,#00FF5C,0,1515
368211,94.6875,-96.375,85.625,#00FF1F,0,1515
368212,94.6875,-92.25,-80.375,#00FFFF,0,1515
368248,94.6875,-52.375,6.25,#63FFE2,0,1515
368253,94.6875,-48.0,77.0,#BDFF4A,0,1515
368260,94.6875,-46.375,60.125,#B8FF75,0,1515
368261,94.6875,-45.0,85.75,#C7FF2B,0,1515
368275,94.6875,-33.25,115.125,#E6FE00,0,1515
368365,94.6875,-1.125,16.0,#FAEFD1,1,1515
368366,94.6875,-0.875,-22.0,#D6F2FF,0,1515
368369,94.6875,0.25,-99.25,#00FBFF,0,1515
368385,94.6875,5.75,94.25,#FFE800,0,1515
368400,94.6875,12.375,-63.0,#B2EEFF,0,1515
368435,94.6875,32.75,56.625,#FFD583,0,1515
368441,94.6875,39.75,-124.0,#00E6FF,0,1515
368452,94.6875,44.125,18.625,#FFCECE,0,1515
368471,94.6875,60.125,-11.5,#FFC1FF,0,1515
368474,94.6875,64.625,127.0,#FFB500,0,1515
368487,94.6875,80.5,-77.375,#FFB5FF,0,1515
368514,94.6875,111.0,-8.25,#FF74FF,0,1515
368515,94.6875,111.25,-122.875,#FF96FF,0,1515
368524,94.75,-128.0,13.875,#00FFD1,0,1516
368602,94.75,-12.375,-53.375,#6CFCFF,0,1516
368638,94.75,5.5,-74.625,#71F4FF,0,1516
368681,94.75,30.625,2.375,#FFDAEC,0,1516
368695,94.75,42.75,41.125,#FFCEA3,0,1516
368696,94.75,43.75,122.75,#FFCA00,0,1516
368702,94.75,46.5,116.875,#FFC800,0,1516
368712,94.75,56.25,35.625,#FFC1AE,0,1516
368715,94.75,57.25,120.25,#FFBD00,0,1516
368717,94.75,58.25,-48.125,#FFC8FF,0,1516
368745,94.75,91.875,64.375,#FF9179,0,1516
368750,94.75,97.625,42.375,#FF89A5,0,1516
368752,94.75,108.875,-29.5,#FF7EFF,0,1516
368764,94.75,126.625,-120.25,#FF75FF,0,1516
368765,94.8125,-113.625,90.75,#00FF00,0,1517
368782,94.8125,-84.875,22.875,#00FFC1,0,1517
368784,94.8125,-81.25,99.625,#6AFF00,0,1517
368790,94.8125,-73.75,121.75,#8CFF00,0,1517
368791,94.8125,-69.375,24.875,#2CFFBD,0,1517
368793,94.8125,-67.125,56.625,#7BFF7C,0,1517
368816,94.8125,-44.625,99.25,#CDFF00,0,1517
368844,94.8125,-27.75,120.75,#F1FB00,0,1517
368870,94.8125,-17.0,-126.125,#00FFFF,0,1517
368914,94.8125,2.375,86.375,#FFEA34,0,1517
368919,94.8125,6.5,-44.25,#C7F0FF,0,1517
368982,94.8125,46.25,-29.125,#FFD1FF,0,1517
369004,94.8125,77.25,-13.625,#FFAEFF,0,1517
369006,94.8125,78.125,114.875,#FFA400,0,1517
369019,94.8125,92.875,94.125,#FF8E32,0,1517
369020,94.8125,98.125,-46.5,#FF96FF,0,1517
369027,94.8125,108.125,-88.625,#FF90FF,0,1517
369034,94.8125,113.625,117.625,#FF5F00,0,1517
369039,94.8125,120.5,39.75,#FF4FAC,0,1517
369041,94.875,-128.0,55.75,#00FF7B,0,1518
369048,94.875,-89.375,53.0,#00FF83,0,1518
369061,94.875,-65.75,12.875,#00FFD5,0,1518
369064,94.875,-64.5,-106.75,#00FFFF,0,1518
369103,94.875,-23.375,-87.75,#00FFFF,0,1518
369229,94.875,51.0,41.5,#FFC6A3,0,1518
369236,94.875,59.25,2.875,#FFC1ED,0,1518
369244,94.875,65.125,17.375,#FFB9D2,0,1518
369248,94.875,70.5,91.75,#FFAF33,0,1518
369252,94.875,72.25,62.125,#FFAE7C,0,1518
369253,94.875,73.25,7.25,#FFB1E6,0,1518
369257,94.875,91.0,127.0,#FF9100,0,1518
369269,94.875,110.625,76.875,#FF6A62,0,1518
369271,94.875,115.25,-88.375,#FF82FF,0,1518
369317,94.9375,-53.125,-103.25,#00FFFF,0,1519
369323,94.9375,-40.625,-70.0,#00FFFF,0,1519
369326,94.9375,-39.125,-40.375,#00FFFF,0,1519
369342,94.9375,-14.125,-120.5,#00FFFF,0,1519
369349,94.9375,-8.625,-20.75,#C5F7FF,0,1519
369387,94.9375,10.0,-96.0,#00F6FF,0,1519
369407,94.9375,17.5,37.0,#FFE2AA,0,1519
369410,94.9375,17.875,80.25,#FFE04B,0,1519
369475,94.9375,84.0,-50.5,#FFACFF,0,1519
369478,94.9375,88.5,-102.375,#FFB2FF,0,1519
369493,94.9375,107.5,-39.875,#FF84FF,0,1519
369496,94.9375,113.125,-15.0,#FF72FF,0,1519
369507,94.9375,126.25,100.625,#FF2429,0,1519
369530,95.0,-97.5,118.25,#00FF00,0,1520
369548,95.0,-64.875,92.5,#9CFF00,0,1520
369553,95.0,-55.0,-7.5,#00FFFD,0,1520
369558,95.0,-52.125,-117.5,#00FFFF,0,1520
369560,95.0,-48.75,-71.375,#00FFFF,0,1520
369578,95.0,-28.125,-29.25,#74FFFF,0,1520
369581,95.0,-24.5,98.125,#F4FA00,0,1520
369584,95.0,-21.125,-57.875,#00FFFF,0,1520
369658,95.0,29.125,-38.75,#FFE0FF,0,1520
369680,95.0,46.625,78.25,#FFC955,0,1520
369689,95.0,56.5,70.125,#FFC069,0,1520
369694,95.0,60.75,-63.625,#FFC9FF,0,1520
369710,95.0,78.125,-3.25,#FFACFA,0,1520
369711,95.0,79.375,-118.875,#F4C1FF,0,1520
369732,95.0,108.625,90.25,#FF6F43,0,1520
369735,95.0,112.0,110.875,#FF6500,0,1520
369748,95.0,126.625,84.0,#FF2556,0,1520
369751,95.0625,-119.5,-104.375,#00FFFF,0,1521
369757,95.0625,-103.75,73.0,#00FF51,0,1521
369766,95.0625,-93.875,-92.0,#00FFFF,0,1521
369769,95.0625,-89.625,12.0,#00FFD7,0,1521
369774,95.0625,-85.125,-49.0,#00FFFF,0,1521
369782,95.0625,-77.875,-53.625,#00FFFF,0,1521
369785,95.0625,-71.625,-103.375,#00FFFF,0,1521
369799,95.0625,-58.25,-128.0,#00FFFF,0,1521
369801,95.0625,-55.5,-16.5,#00FFFF,0,1521
369819,95.0625,-42.75,24.125,#A5FFC1,0,1521
369848,95.0625,-24.125,-18.125,#9EFFFF,0,1521
369865,95.0625,-17.25,75.75,#FBF753,1,1521
369923,95.0625,11.0,13.125,#FFE9D8,0,1521
369958,95.0625,35.0,-41.75,#FFDCFF,0,1521
369971,95.0625,40.125,-27.125,#FFD7FF,0,1521
369993,95.0625,61.875,74.25,#FFBA61,0,1521
370012,95.0625,80.375,-62.625,#FFB3FF,0,1521
370026,95.0625,93.875,115.875,#FF8D00,0,1521
370028,95.0625,95.125,-1.125,#FF94F7,0,1521
370049,95.125,-105.25,103.0,#00FF00,0,1522
370050,95.125,-101.125,7.375,#00FFE0,0,1522
370051,95.125,-97.125,33.375,#00FFAC,0,1522
370064,95.125,-62.875,63.625,#91FF6D,0,1522
370084,95.125,-45.625,51.375,#B6FF89,0,1522
370119,95.125,-22.5,-45.875,#52FFFF,0,1522
370128,95.125,-15.625,-8.375,#C5FBFF,0,1522
370229,95.125,40.375,-72.625,#EDDDFF,0,1522
370245,95.125,44.875,-16.0,#FFD1FF,0,1522
370247,95.125,45.875,-88.75,#DCDBFF,0,1522
370268,95.125,66.125,50.5,#FFB793,0,1522
370297,95.125,118.625,126.25,#FF4F00,0,1522
370301,95.125,126.125,32.125,#FF38BB,0,1522
370312,95.1875,-103.0,-55.375,#00FFFF,0,1523
370325,95.1875,-83.625,-31.0,#00FFFF,0,1523
370416,95.1875,3.125,-90.5,#00FAFF,0,1523
370418,95.1875,3.375,-32.125,#D4F2FF,0,1523
370465,95.1875,24.75,-128.0,#00F3FF,0,1523
370483,95.1875,34.375,-61.0,#F2E0FF,0,1523
370499,95.1875,46.625,33.875,#FFCCB2,0,1523
370505,95.1875,52.25,30.5,#FFC7B9,0,1523
370506,95.1875,53.25,-18.0,#FFCAFF,0,1523
370529,95.1875,74.75,98.5,#FFAA17,0,1523
370534,95.1875,78.75,21.625,#FFAACC,0,1523
370549,95.1875,106.0,-97.625,#FF97FF,0,1523
370552,95.1875,107.875,45.375,#FF75A1,0,1523
370556,95.1875,116.125,-44.375,#FF73FF,0,1523
370567,95.25,-117.375,41.75,#00FF9B,0,1524
370578,95.25,-106.125,3.625,#00FFE7,0,1524
370588,95.25,-94.5,-118.125,#00FFFF,0,1524
370598,95.25,-78.75,-99.875,#00FFFF,0,1524
370645,95.25,-8.0,-43.625,#9EFAFF,0,1524
370686,95.25,8.875,-8.5,#FCECFF,0,1524
370705,95.25,19.375,-1.875,#FFE5F6,0,1524
370757,95.25,48.875,96.75,#FFC712,0,1524
370803,95.25,117.875,70.625,#FF5671,0,1524
370808,95.25,125.75,14.75,#FF40DC,0,1524
370811,95.3125,-128.0,-72.375,#00FFFF,0,1525
370820,95.3125,-122.25,-8.75,#00FFFF,0,1525
370835,95.3125,-89.375,1.625,#00FFEC,0,1525
370846,95.3125,-68.5,-8.75,#00FFFF,0,1525
370852,95.3125,-64.0,116.125,#A6FF00,0,1525
370862,95.3125,-53.75,121.5,#BFFF00,0,1525
370864,95.3125,-52.75,30.5,#8FFFB4,0,1525
370867,95.3125,-48.125,-4.0,#5FFFF8,0,1525
370873,95.3125,-43.0,72.875,#C8FF58,0,1525
370875,95.3125,-41.125,43.625,#BCFF9A,0,1525
370996,95.3125,19.625,-109.0,#00F3FF,0,1525
371044,95.3125,59.0,-100.125,#E8D2FF,0,1525
371046,95.3125,60.5,-117.0,#C0D5FF,0,1525
371049,95.3125,62.25,-105.375,#E5D0FF,0,1525
371065,95.3125,84.25,76.5,#FF9E60,0,1525
371072,95.3125,89.5,-6.5,#FF9EFF,0,1525
371073,95.3125,91.125,-113.125,#FFB2FF,0,1525
371092,95.3125,122.125,20.375,#FF4FD1,0,1525
371094,95.3125,124.25,109.875,#FF3600,0,1525
371117,95.375,-101.5,-30.125,#00FFFF,0,1526
371122,95.375,-95.625,-19.875,#00FFFF,0,1526
371139,95.375,-68.125,111.75,#9BFF00,0,1526
371162,95.375,-43.125,-12.375,#5FFFFF,0,1526
371169,95.375,-37.875,-30.125,#2DFFFF,0,1526
371181,95.375,-23.125,28.75,#D9FDB9,1,1526
371211,95.375,-7.875,8.375,#E9F6E1,1,1526
371219,95.375,-4.625,48.375,#FFF293,0,1526
371240,95.375,10.75,-39.625,#DBEFFF,0,1526
371267,95.375,26.375,-94.375,#88ECFF,0,1526
371289,95.375,44.125,88.875,#FFCC37,0,1526
371313,95.375,60.625,96.75,#FFBC1B,0,1526
371321,95.375,67.0,-121.875,#C8D0FF,0,1526
371337,95.375,82.0,108.5,#FFA100,0,1526
371351,95.375,102.5,-9.5,#FF89FF,0,1526
371359,95.375,120.25,116.125,#FF4A00,0,1526
371360,95.375,120.875,61.25,#FF4D85,0,1526
371367,95.4375,-128.0,-4.875,#00FFF8,0,1527
371373,95.4375,-110.625,118.75,#00FF00,0,1527
371388,95.4375,-63.0,44.75,#7FFF97,0,1527
371399,95.4375,-51.875,94.875,#BEFF00,0,1527
371406,95.4375,-48.625,-77.5,#00FFFF,0,1527
371415,95.4375,-40.75,-122.0,#00FFFF,0,1527
371427,95.4375,-35.125,13.625,#AEFFD6,0,1527
371435,95.4375,-30.75,126.625,#EEFE00,0,1527
371453,95.4375,-23.25,126.75,#FCFB00,0,1527
371467,95.4375,-17.625,-96.125,#00FFFF,0,1527
371501,95.4375,-1.125,-83.25,#00FCFF,0,1527
371507,95.4375,1.125,-4.125,#F0F1FA,1,1527
371512,95.4375,5.0,126.75,#FFEA00,0,1527
371538,95.4375,19.25,-63.625,#C7ECFF,0,1527
371588,95.4375,55.125,-92.0,#EFD4FF,0,1527
371589,95.4375,56.0,78.75,#FFC156,0,1527
371601,95.4375,71.125,-55.125,#FFBEFF,0,1527
371605,95.4375,79.0,-128.0,#DDC5FF,0,1527
371616,95.4375,92.0,-32.375,#FF9FFF,0,1527
371629,95.4375,113.5,-97.5,#FF8BFF,0,1527
371631,95.4375,115.875,34.0,#FF63B8,0,1527
371635,95.4375,119.875,-16.875,#FF62FF,0,1527
371649,95.5,-116.625,3.5,#00FFE8,0,1528
371667,95.5,-94.125,-105.625,#00FFFF,0,1528
371686,95.5,-60.5,-83.375,#00FFFF,0,1528
371768,95.5,17.125,-128.0,#00F9FF,0,1528
371799,95.5,39.0,-111.375,#79E6FF,0,1528
371813,95.5,50.25,70.0,#FFC76A,0,1528
371832,95.5,71.875,-76.25,#FFC1FF,0,1528
371846,95.5,89.625,-47.25,#FFA5FF,0,1528
371847,95.5,90.0,56.25,#FF978B,0,1528
371848,95.5,92.0,-128.0,#FFB6FF,0,1528
371867,95.5,115.625,81.5,#FF5E5B,0,1528
371875,95.5625,-122.25,-20.25,#00FFFF,0,1529
371882,95.5625,-109.25,-85.5,#00FFFF,0,1529
371887,95.5625,-98.75,-60.25,#00FFFF,0,1529
371895,95.5625,-80.125,117.0,#78FF00,0,1529
371896,95.5625,-78.625,-113.875,#00FFFF,0,1529
371899,95.5625,-77.875,-16.875,#00FFFF,0,1529
371900,95.5625,-75.25,-24.375,#00FFFF,0,1529
371907,95.5625,-67.0,-80.25,#00FFFF,0,1529
371930,95.5625,-38.0,84.125,#D8FF37,0,1529
371948,95.5625,-24.0,-102.125,#00FFFF,0,1529
371962,95.5625,-16.0,-61.5,#00FFFF,0,1529
371968,95.5625,-13.625,108.625,#FFF600,0,1529
371994,95.5625,-4.0,100.0,#FFF000,0,1529
372027,95.5625,11.5,45.625,#FFE89A,0,1529
372038,95.5625,14.75,114.125,#FFE400,0,1529
372042,95.5625,19.0,-27.375,#FEE8FF,0,1529
372055,95.5625,23.0,-79.25,#AEECFF,0,1529
372060,95.5625,25.75,78.625,#FFDC52,0,1529
372067,95.5625,31.625,-75.875,#D1E5FF,0,1529
372079,95.5625,42.0,-38.25,#FFD8FF,0,1529
372112,95.5625,71.5,-49.0,#FFBDFF,0,1529
372117,95.5625,82.0,-40.625,#FFAFFF,0,1529
372118,95.5625,83.625,-33.5,#FFABFF,0,1529
372133,95.5625,121.625,51.75,#FF4C97,0,1529
372141,95.625,-117.25,-44.75,#00FFFF,0,1530
372163,95.625,-74.75,8.75,#00FFDF,0,1530
372172,95.625,-62.125,31.625,#70FFB2,0,1530
372179,95.625,-58.0,116.125,#B6FF00,0,1530
372182,95.625,-56.75,-62.625,#00FFFF,0,1530
372185,95.625,-52.0,-24.5,#00FFFF,0,1530
372205,95.625,-29.875,-22.875,#80FFFF,0,1530
372217,95.625,-24.25,75.25,#F0FC55,1,1530
372231,95.625,-12.0,79.25,#FFF64B,0,1530
372233,95.625,-11.25,88.875,#FFF529,0,1530
372306,95.625,17.0,87.375,#FFE336,0,1530
372311,95.625,20.25,-40.5,#F1E9FF,0,1530
372337,95.625,33.75,-83.75,#C6E5FF,0,1530
372367,95.625,51.375,11.25,#FFCADF,0,1530
372373,95.625,58.625,46.875,#FFC09B,0,1530
372388,95.625,69.0,-94.375,#FFC8FF,0,1530
372394,95.625,71.375,-0.875,#FFB6F7,0,1530
372399,95.625,77.0,-89.0,#FFBEFF,0,1530
372400,95.625,77.75,78.375,#FFA85B,0,1530
372420,95.625,108.875,53.625,#FF7393,0,1530
372421,95.625,109.0,13.5,#FF78DE,0,1530
372423,95.625,114.125,56.625,#FF658D,0,1530
372426,95.625,122.125,-69.125,#FF6EFF,0,1530
372450,95.6875,-78.5,-127.75,#00FFFF,0,1531
372451,95.6875,-77.875,-88.25,#00FFFF,0,1531
372455,95.6875,-70.875,-91.5,#00FFFF,0,1531
372468,95.6875,-47.625,-16.5,#26FFFF,0,1531
372479,95.6875,-35.375,-0.375,#9BFFF2,0,1531
372496,95.6875,-13.0,44.375,#F8F89B,1,1531
372526,95.6875,3.75,-14.625,#ECF1FF,0,1531
372530,95.6875,6.25,-80.75,#59F8FF,0,1531
372548,95.6875,12.125,2.875,#FFEBED,0,1531
372563,95.6875,21.25,93.125,#FFE01E,0,1531
372584,95.6875,37.625,85.75,#FFD341,0,1531
372601,95.6875,51.25,55.25,#FFC88A,0,1531
372610,95.6875,56.75,-80.375,#FFD1FF,0,1531
372631,95.6875,82.0,-100.25,#FFBBFF,0,1531
372634,95.6875,84.375,-67.5,#FFB1FF,0,1531
372661,95.75,-117.75,64.75,#00FF68,0,1532
372672,95.75,-102.375,110.0,#00FF00,0,1532
372682,95.75,-88.375,34.0,#00FFAD,0,1532
372684,95.75,-85.75,92.25,#53FF00,0,1532
372703,95.75,-47.375,-53.125,#00FFFF,0,1532
372732,95.75,-12.5,-74.375,#00FFFF,0,1532
372746,95.75,-4.75,-73.875,#1FFDFF,0,1532
372749,95.75,-3.25,-2.625,#E9F5F8,1,1532
372802,95.75,24.875,8.875,#FFE1E3,0,1532
372804,95.75,25.125,39.25,#FFDFA8,0,1532
372823,95.75,37.5,121.125,#FFD300,0,1532
372850,95.75,61.5,55.5,#FFBD8B,0,1532
372889,95.75,123.625,-49.75,#FF62FF,0,1532
372900,95.8125,-113.625,-90.0,#00FFFF,0,1533
372901,95.8125,-112.375,45.25,#00FF95,0,1533
372905,95.8125,-102.375,46.125,#00FF94,0,1533
372912,95.8125,-88.125,-9.25,#00FFFF,0,1533
372914,95.8125,-85.125,-84.875,#00FFFF,0,1533
372924,95.8125,-65.875,-1.0,#00FFF3,0,1533
372932,95.8125,-56.875,41.875,#91FF9E,0,1533
372949,95.8125,-36.875,121.0,#E3FF00,0,1533
372952,95.8125,-34.875,44.625,#CCFF9A,0,1533
372974,95.8125,-20.125,-119.625,#00FFFF,0,1533
373037,95.8125,8.0,121.375,#FFE900,0,1533
373043,95.8125,11.0,80.5,#FFE84C,0,1533
373086,95.8125,36.375,75.0,#FFD55E,0,1533
373089,95.8125,38.5,11.5,#FFD6DE,0,1533
373111,95.8125,57.0,-34.875,#FFCAFF,0,1533
373154,95.8125,108.0,-51.75,#FF89FF,0,1533
373177,95.875,-99.75,-78.5,#00FFFF,0,1534
373179,95.875,-90.875,-70.375,#00FFFF,0,1534
373184,95.875,-85.5,112.875,#63FF00,0,1534
373193,95.875,-77.25,-47.25,#00FFFF,0,1534
373198,95.875,-71.125,-118.5,#00FFFF,0,1534
373199,95.875,-70.125,-48.375,#00FFFF,0,1534
373203,95.875,-65.25,-30.375,#00FFFF,0,1534
373212,95.875,-59.25,-33.625,#00FFFF,0,1534
373229,95.875,-37.75,36.0,#BFFFAB,0,1534
373294,95.875,4.5,71.625,#FFED62,0,1534
373300,95.875,8.625,105.875,#FFE900,0,1534
373315,95.875,19.25,121.875,#FFE100,0,1534
373336,95.875,31.75,101.5,#FFD800,0,1534
373372,95.875,62.625,-81.625,#FFCDFF,0,1534
373377,95.875,68.625,-83.5,#FFC7FF,0,1534
373399,95.875,87.75,38.0,#FF9DAF,0,1534
373401,95.875,91.625,4.125,#FF9BEF,0,1534
373408,95.875,112.75,102.0,#FF6720,0,1534
373413,95.875,123.75,-35.25,#FF5DFF,0,1534
373417,95.9375,-128.0,62.75,#00FF6D,0,1535
373418,95.9375,-128.0,100.25,#00FF00,0,1535
373479,95.9375,-44.75,-96.5,#00FFFF,0,1535
373482,95.9375,-42.75,-88.375,#00FFFF,0,1535
373532,95.9375,-9.75,-64.5,#47FFFF,0,1535
373590,95.9375,24.75,45.625,#FFE09C,0,1535
373592,95.9375,25.25,-118.25,#00F2FF,0,1535
373598,95.9375,32.875,45.0,#FFD99E,0,1535
373636,95.9375,72.0,-70.25,#FFC1FF,0,1535
373643,95.9375,80.125,70.625,#FFA66E,0,1535
373650,95.9375,99.0,110.625,#FF8600,0,1535
373743,96.0,-61.5,17.5,#55FFCF,0,1536
373746,96.0,-57.75,-112.875,#00FFFF,0,1536
373765,96.0,-41.375,-106.625,#00FFFF,0,1536
373810,96.0,-7.0,93.625,#FFF40C,0,1536
373839,96.0,6.5,-24.5,#E7F1FF,0,1536
373856,96.0,19.75,-11.5,#FFE7FF,0,1536
373899,96.0,48.375,-122.0,#77E2FF,0,1536
373920,96.0,66.375,27.625,#FFBAC2,0,1536
373922,96.0,68.25,-109.25,#EFCDFF,0,1536
373941,96.0,97.625,4.375,#FF92EF,0,1536
373956,96.0,123.5,-98.5,#FF78FF,0,1536
373968,96.0625,-122.375,23.125,#00FFC3,0,1537
374032,96.0625,-79.75,31.625,#00FFB3,0,1537
374050,96.0625,-69.375,-41.375,#00FFFF,0,1537
374085,96.0625,-51.375,-65.5,#00FFFF,0,1537
374228,96.0625,17.0,55.125,#FFE588,0,1537
374283,96.0625,52.125,-1.375,#FFCCF8,0,1537
374286,96.0625,54.0,127.0,#FFC400,0,1537
374300,96.0625,71.125,17.125,#FFB6D6,0,1537
374310,96.0625,90.625,75.0,#FF9766,0,1537
374313,96.0625,94.25,105.75,#FF9000,0,1537
374319,96.0625,100.5,93.375,#FF843B,0,1537
374332,96.0625,119.625,-22.875,#FF67FF,0,1537
374356,96.125,-118.25,82.875,#00FF31,0,1538
374376,96.125,-99.125,67.75,#00FF63,0,1538
374386,96.125,-91.375,78.75,#00FF44,0,1538
374399,96.125,-80.875,-11.5,#00FFFF,0,1538
374403,96.125,-76.0,-32.125,#00FFFF,0,1538
374468,96.125,-33.0,-128.0,#00FFFF,0,1538
374471,96.125,-30.625,-93.875,#00FFFF,0,1538
374478,96.125,-28.75,-119.25,#00FFFF,0,1538
374596,96.125,31.875,-32.625,#FFE1FF,0,1538
374612,96.125,46.375,104.25,#FFCC00,0,1538
374627,96.125,60.125,9.375,#FFC3E4,0,1538
374629,96.125,61.75,66.75,#FFBE74,0,1538
374641,96.125,82.625,13.375,#FFA8DE,0,1538
374648,96.125,99.5,51.625,#FF8997,0,1538
374649,96.125,99.875,-79.875,#FF9FFF,0,1538
374656,96.125,111.75,-78.625,#FF8AFF,0,1538
374659,96.125,122.75,-78.875,#FF72FF,0,1538
374666,96.1875,-111.5,21.25,#00FFC7,0,1539
374669,96.1875,-101.5,28.75,#00FFB8,0,1539
374673,96.1875,-90.5,68.625,#00FF62,0,1539
374701,96.1875,-56.5,78.75,#AFFF48,0,1539
374702,96.1875,-54.625,53.0,#A3FF88,0,1539
374708,96.1875,-51.125,63.75,#B4FF70,0,1539
374741,96.1875,-26.0,45.0,#E0FF9B,0,1539
374755,96.1875,-18.75,60.5,#F6FC7A,1,1539
374774,96.1875,-9.625,126.0,#FFF500,0,1539
374813,96.1875,0.875,-47.25,#B5F8FF,0,1539
374832,96.1875,7.75,-123.625,#00FFFF,0,1539
374895,96.1875,66.375,113.875,#FFB700,0,1539
374911,96.1875,82.125,93.875,#FFA334,0,1539
374914,96.1875,85.375,99.0,#FF9F20,0,1539
374917,96.1875,88.875,-91.0,#FFB2FF,0,1539
374920,96.1875,102.5,37.0,#FF85B3,0,1539
374938,96.25,-109.125,15.125,#00FFD3,0,1540
374950,96.25,-76.625,-41.0,#00FFFF,0,1540
374957,96.25,-71.375,-15.125,#00FFFF,0,1540
374960,96.25,-69.5,39.625,#5EFFA4,0,1540
375005,96.25,-19.625,-14.125,#B5FFFF,0,1540
375099,96.25,25.75,-11.5,#FFE4FF,0,1540
375108,96.25,30.875,27.75,#FFDDC0,0,1540
375152,96.25,51.5,-69.125,#FFD6FF,0,1540
375163,96.25,64.625,-55.125,#FFC7FF,0,1540
375194,96.25,101.25,-89.875,#FFA0FF,0,1540
375202,96.25,106.375,81.375,#FF795B,0,1540
375205,96.25,108.375,-103.875,#FF99FF,0,1540
375207,96.25,111.5,19.375,#FF74D5,0,1540
375218,96.25,126.0,57.5,#FF3A8F,0,1540
375294,96.3125,-29.875,-84.75,#00FFFF,0,1541
375354,96.3125,1.875,8.375,#FFF3E4,0,1541
375386,96.3125,20.875,108.125,#FFE200,0,1541
375416,96.3125,44.625,-47.375,#FFD9FF,0,1541
375423,96.3125,48.375,-115.375,#9AE2FF,0,1541
375437,96.3125,64.375,-33.625,#FFC4FF,0,1541
375444,96.3125,75.125,34.375,#FFB0B6,0,1541
375445,96.3125,76.0,-95.0,#FFC3FF,0,1541
375452,96.3125,84.75,2.625,#FFA7F3,0,1541
375473,96.3125,118.75,-2.125,#FF65FE,0,1541
375480,96.375,-113.5,-81.0,#00FFFF,0,1542
375481,96.375,-106.375,-107.0,#00FFFF,0,1542
375504,96.375,-71.125,93.625,#8FFF00,0,1542
375508,96.375,-70.125,102.25,#95FF00,0,1542
375556,96.375,-36.875,19.875,#B4FFCD,0,1542
375571,96.375,-25.5,-34.75,#74FFFF,0,1542
375655,96.375,10.375,56.625,#FFEB86,0,1542
375688,96.375,23.875,15.75,#FFE3D7,0,1542
375691,96.375,25.5,23.625,#FFE1C8,0,1542
375693,96.375,26.0,-28.375,#FFE6FF,0,1542
375705,96.375,33.5,-109.0,#69ECFF,0,1542
375718,96.375,44.375,-95.125,#CDE1FF,0,1542
375723,96.375,51.5,-48.875,#FFD3FF,0,1542
375731,96.375,58.875,-20.0,#FFC8FF,0,1542
375754,96.375,91.625,27.75,#FF9AC4,0,1542
375758,96.375,95.625,122.0,#FF8E00,0,1542
375760,96.375,96.875,-66.125,#FFA1FF,0,1542
375767,96.375,115.875,-111.5,#FF8EFF,0,1542
375777,96.4375,-128.0,-91.875,#00FFFF,0,1543
375780,96.4375,-123.125,-88.375,#00FFFF,0,1543
375782,96.4375,-116.75,-24.125,#00FFFF,0,1543
375783,96.4375,-111.125,-110.875,#00FFFF,0,1543
375795,96.4375,-88.375,-37.25,#00FFFF,0,1543
375796,96.4375,-86.5,-124.375,#00FFFF,0,1543
375800,96.4375,-81.875,-23.625,#00FFFF,0,1543
375806,96.4375,-75.125,23.125,#00FFC5,0,1543
375813,96.4375,-68.5,18.625,#1BFFCE,0,1543
375820,96.4375,-64.125,-96.0,#00FFFF,0,1543
375828,96.4375,-58.5,22.75,#72FFC6,0,1543
375830,96.4375,-57.0,-98.625,#00FFFF,0,1543
375838,96.4375,-50.875,39.5,#A2FFA5,0,1543
375840,96.4375,-50.0,12.25,#80FFDB,0,1543
375858,96.4375,-35.5,99.0,#E4FF00,0,1543
375866,96.4375,-31.75,52.125,#D9FF8C,0,1543
375876,96.4375,-25.875,88.125,#F3FF2C,0,1543
375882,96.4375,-22.375,-28.0,#93FFFF,0,1543
375890,96.4375,-16.875,97.875,#FFFA00,0,1543
375904,96.4375,-9.5,-128.0,#00FFFF,0,1543
375913,96.4375,-7.5,69.5,#FFF667,0,1543
375922,96.4375,-5.25,-95.625,#00FFFF,0,1543
375942,96.4375,2.75,30.5,#FFF1BA,0,1543
375953,96.4375,11.0,22.0,#FFECCB,0,1543
375993,96.4375,26.0,-62.0,#E0EAFF,0,1543
376002,96.4375,39.0,127.0,#FFD300,0,1543
376033,96.4375,61.875,33.75,#FFC0B7,0,1543
376036,96.4375,64.25,107.625,#FFBA00,0,1543
376046,96.4375,70.875,-36.0,#FFBEFF,0,1543
376063,96.4375,85.625,-84.25,#FFB5FF,0,1543
376069,96.4375,92.625,-11.875,#FF9EFF,0,1543
376073,96.4375,96.0,-72.375,#FFA4FF,0,1543
376076,96.4375,110.0,-20.0,#FF80FF,0,1543
376079,96.4375,113.875,25.0,#FF6ECB,0,1543
376082,96.4375,118.875,92.625,#FF5643,0,1543
376084,96.4375,122.625,-114.625,#FF82FF,0,1543
376105,96.5,-88.0,104.625,#55FF00,0,1544
376115,96.5,-59.25,95.875,#B0FF00,0,1544
376116,96.5,-56.125,-53.875,#00FFFF,0,1544
376139,96.5,-34.25,-66.75,#00FFFF,0,1544
376216,96.5,11.75,-105.625,#00FBFF,0,1544
376231,96.5,21.25,-57.375,#DCEDFF,0,1544
376250,96.5,30.875,93.125,#FFDB26,0,1544
376268,96.5,53.625,100.5,#FFC600,0,1544
376286,96.5,76.625,-21.0,#FFB5FF,0,1544
376317,96.5,119.625,-124.75,#FF8DFF,0,1544
376320,96.5,121.125,77.5,#FF5067,0,1544
376321,96.5,122.0,-43.125,#FF68FF,0,1544
376362,96.5625,-66.75,-113.0,#00FFFF,0,1545
376381,96.5625,-52.125,110.5,#C5FF00,0,1545
376417,96.5625,-21.25,-1.0,#C4FFF6,0,1545
376450,96.5625,0.875,58.25,#FFF182,0,1545
376499,96.5625,29.75,-57.0,#F2E7FF,0,1545
376514,96.5625,46.25,-72.5,#FFDCFF,0,1545
376600,96.625,-104.75,90.5,#00FF00,0,1546
376604,96.625,-98.625,-1.125,#00FFF5,0,1546
376607,96.625,-96.75,23.125,#00FFC5,0,1546
376625,96.625,-66.5,-70.0,#00FFFF,0,1546
376641,96.625,-45.0,-31.125,#00FFFF,0,1546
376665,96.625,-22.375,114.625,#FFFE00,0,1546
376676,96.625,-14.0,30.5,#F1FCBA,1,1546
376745,96.625,17.625,9.125,#FFE9E4,0,1546
376780,96.625,40.5,31.5,#FFD6BB,0,1546
376792,96.625,49.75,121.625,#FFCA00,0,1546
376810,96.625,82.25,-7.875,#FFACFF,0,1546
376818,96.625,98.75,58.625,#FF8C8A,0,1546
376836,96.6875,-128.0,70.75,#00FF5B,0,1547
376840,96.6875,-122.125,-1.5,#00FFF5,0,1547
376842,96.6875,-116.625,11.375,#00FFDC,0,1547
376853,96.6875,-86.25,-98.375,#00FFFF,0,1547
376871,96.6875,-57.625,127.0,#BCFF00,0,1547
376880,96.6875,-49.375,-44.25,#00FFFF,0,1547
376882,96.6875,-48.375,-36.75,#00FFFF,0,1547
376913,96.6875,-27.375,7.625,#BFFFE6,0,1547
376968,96.6875,3.75,-118.625,#00FFFF,0,1547
376988,96.6875,18.5,-118.625,#00F9FF,0,1547
377011,96.6875,34.25,63.375,#FFD97A,0,1547
377029,96.6875,47.25,-102.5,#C3E1FF,0,1547
377058,96.6875,70.125,123.375,#FFB400,0,1547
377065,96.6875,78.5,62.875,#FFAB80,0,1547
377072,96.6875,84.375,115.625,#FFA100,0,1547
377077,96.6875,91.75,87.375,#FF974B,0,1547
377080,96.6875,96.125,-123.125,#FFB3FF,0,1547
377099,96.75,-128.0,-14.25,#00FFFF,0,1548
377103,96.75,-128.0,46.125,#00FF95,0,1548
377109,96.75,-121.375,16.25,#00FFD2,0,1548
377110,96.75,-118.75,113.375,#00FF00,0,1548
377111,96.75,-117.0,-32.875,#00FFFF,0,1548
377113,96.75,-113.0,-64.0,#00FFFF,0,1548
377117,96.75,-104.0,-73.875,#00FFFF,0,1548
377145,96.75,-59.875,-68.0,#00FFFF,0,1548
377157,96.75,-46.375,-128.0,#00FFFF,0,1548
377172,96.75,-30.25,103.625,#F0FF00,0,1548
377204,96.75,-13.5,-88.0,#00FFFF,0,1548
377211,96.75,-11.125,-111.625,#00FFFF,0,1548
377221,96.75,-1.75,-60.0,#8EFDFF,0,1548
377243,96.75,7.375,-69.25,#96F8FF,0,1548
377272,96.75,16.125,26.0,#FFE9C4,0,1548
377310,96.75,40.0,79.75,#FFD455,0,1548
377326,96.75,55.5,87.125,#FFC544,0,1548
377331,96.75,57.5,-28.5,#FFCCFF,0,1548
377345,96.75,67.75,67.0,#FFB976,0,1548
377373,96.75,126.5,45.125,#FF3EA7,0,1548
377380,96.8125,-118.125,-76.0,#00FFFF,0,1549
377383,96.8125,-109.375,-13.875,#00FFFF,0,1549
377397,96.8125,-94.25,-10.375,#00FFFF,0,1549
377399,96.8125,-93.625,122.5,#41FF00,0,1549
377417,96.8125,-67.0,50.625,#7CFF8E,0,1549
377418,96.8125,-64.25,80.25,#9DFF45,0,1549
377423,96.8125,-60.125,-4.5,#00FFFD,0,1549
377445,96.8125,-44.25,66.0,#C7FF6D,0,1549
377465,96.8125,-28.75,57.5,#E3FF82,0,1549
377466,96.8125,-28.25,-40.5,#4CFFFF,0,1549
377471,96.8125,-26.5,-9.75,#AAFFFF,0,1549
377477,96.8125,-21.375,-111.625,#00FFFF,0,1549
377488,96.8125,-16.875,-107.5,#00FFFF,0,1549
377559,96.8125,9.25,-57.875,#BAF6FF,0,1549
377606,96.8125,37.5,18.25,#FFDAD4,0,1549
377618,96.8125,43.875,69.75,#FFD16E,0,1549
377648,96.8125,72.75,-128.0,#CED0FF,0,1549
377653,96.8125,79.375,-105.75,#FFC3FF,0,1549
377677,96.8125,111.125,66.5,#FF717D,0,1549
377688,96.875,-122.75,-55.625,#00FFFF,0,1550
377701,96.875,-106.375,24.5,#00FFC3,0,1550
377725,96.875,-73.5,-3.0,#00FFFA,0,1550
377748,96.875,-34.0,-113.5,#00FFFF,0,1550
377850,96.875,15.625,126.625,#FFE700,0,1550
377871,96.875,30.125,114.5,#FFDC00,0,1550
377901,96.875,53.25,61.125,#FFC981,0,1550
377902,96.875,53.25,114.5,#FFC700,0,1550
377931,96.875,84.875,63.625,#FFA380,0,1550
377933,96.875,88.375,121.75,#FF9C00,0,1550
377935,96.875,88.5,43.875,#FF9FA7,0,1550
377943,96.875,102.25,20.375,#FF8AD4,0,1550
377948,96.875,112.75,-65.625,#FF87FF,0,1550
377950,96.875,119.625,-57.0,#FF75FF,0,1550
377955,96.875,127.0,2.0,#FF49F8,0,1550
377956,96.9375,-128.0,-66.375,#00FFFF,0,1551
377972,96.9375,-108.5,-69.0,#00FFFF,0,1551
377982,96.9375,-97.75,127.0,#1CFF00,0,1551
377991,96.9375,-83.125,12.875,#00FFDB,0,1551
378000,96.9375,-65.5,-128.0,#00FFFF,0,1551
378055,96.9375,-13.5,114.5,#FFFA00,0,1551
378074,96.9375,-3.5,42.125,#FFF6A4,0,1551
378079,96.9375,-2.125,-114.25,#00FFFF,0,1551
378083,96.9375,-0.875,126.375,#FFF200,0,1551
378097,96.9375,5.25,43.5,#FFF0A2,0,1551
378102,96.9375,8.375,112.375,#FFEC00,0,1551
378121,96.9375,17.875,43.25,#FFE8A3,0,1551
378155,96.9375,36.125,3.75,#FFDCF0,0,1551
378220,96.9375,98.125,-104.125,#FFABFF,0,1551
378221,96.9375,98.875,-22.625,#FF97FF,0,1551
378224,96.9375,99.75,127.0,#FF8800,0,1551
378228,96.9375,105.5,-58.0,#FF93FF,0,1551
378230,96.9375,107.375,119.5,#FF7800,0,1551
378250,97.0,-110.0,-1.5,#00FFF6,0,1552
378264,97.0,-82.5,69.0,#4EFF63,0,1552
378266,97.0,-76.625,90.75,#7DFF09,0,1552
378282,97.0,-41.0,-58.0,#00FFFF,0,1552
378284,97.0,-38.625,-75.375,#00FFFF,0,1552
378298,97.0,-24.375,-52.0,#00FFFF,0,1552
378300,97.0,-22.625,-81.75,#00FFFF,0,1552
378388,97.0,40.0,-62.625,#FFE1FF,0,1552
378396,97.0,48.25,22.5,#FFD0CD,0,1552
378405,97.0,56.75,-110.5,#CDDBFF,0,1552
378416,97.0,65.0,-99.375,#FFD1FF,0,1552
378422,97.0,71.5,103.25,#FFB400,0,1552
378424,97.0,73.75,27.5,#FFB5C5,0,1552
378430,97.0,78.875,44.0,#FFADA6,0,1552
378447,97.0,97.875,-40.125,#FF9CFF,0,1552
378467,97.0625,-123.125,95.5,#00FF00,0,1553
378468,97.0625,-122.75,50.625,#00FF8C,0,1553
378470,97.0625,-121.25,127.0,#00FF00,0,1553
378475,97.0625,-110.375,-27.625,#00FFFF,0,1553
378493,97.0625,-78.75,83.625,#71FF37,0,1553
378501,97.0625,-74.875,98.375,#88FF00,0,1553
378519,97.0625,-54.75,-76.75,#00FFFF,0,1553
378527,97.0625,-43.25,-116.5,#00FFFF,0,1553
378535,97.0625,-36.5,-11.75,#85FFFF,0,1553
378540,97.0625,-27.125,-63.875,#00FFFF,0,1553
378549,97.0625,-16.875,-49.375,#6DFFFF,0,1553
378557,97.0625,-11.375,18.375,#EFFCD3,1,1553
378585,97.0625,4.125,-108.125,#00FFFF,0,1553
378623,97.0625,17.875,-82.75,#95F4FF,0,1553
378651,97.0625,36.75,-116.75,#4AEDFF,0,1553
378677,97.0625,69.0,-17.375,#FFBFFF,0,1553
378691,97.0625,95.5,-56.125,#FFA3FF,0,1553
378699,97.0625,104.125,-46.0,#FF93FF,0,1553
378700,97.0625,109.25,-2.375,#FF80FF,0,1553
378707,97.0625,126.375,91.75,#FF3849,0,1553
378709,97.0625,127.0,-103.625,#FF75FF,0,1553
378710,97.125,-128.0,-103.0,#00FFFF,0,1554
378726,97.125,-97.25,-37.25,#00FFFF,0,1554
378731,97.125,-92.375,-31.75,#00FFFF,0,1554
378746,97.125,-68.125,67.375,#89FF69,0,1554
378748,97.125,-66.125,6.625,#00FFE8,0,1554
378755,97.125,-61.75,121.5,#B3FF00,0,1554
378756,97.125,-61.375,-14.125,#00FFFF,0,1554
378765,97.125,-50.5,82.25,#C1FF41,0,1554
378779,97.125,-35.25,109.25,#E9FF00,0,1554
378810,97.125,-18.25,40.375,#F0FFA7,1,1554
378834,97.125,-6.375,81.625,#FFF74A,0,1554
378838,97.125,-4.375,-107.875,#00FFFF,0,1554
378861,97.125,3.25,18.875,#FFF3D2,0,1554
378897,97.125,21.125,-34.625,#FFECFF,0,1554
378910,97.125,26.25,72.375,#FFE166,0,1554
378914,97.125,29.5,122.375,#FFDD00,0,1554
378921,97.125,34.0,-102.0,#93ECFF,0,1554
378943,97.125,53.125,-43.125,#FFD3FF,0,1554
378954,97.125,69.0,11.25,#FFBCE4,0,1554
378968,97.125,86.875,-60.625,#FFB1FF,0,1554
378973,97.125,89.375,-18.0,#FFA6FF,0,1554
378981,97.125,97.0,33.75,#FF93BB,0,1554
378995,97.125,115.125,-30.75,#FF79FF,0,1554
379004,97.1875,-116.5,-8.5,#00FFFF,0,1555
379005,97.1875,-111.875,36.75,#00FFAB,0,1555
379021,97.1875,-88.875,46.25,#00FF98,0,1555
379026,97.1875,-85.75,59.25,#0DFF7B,0,1555
379031,97.1875,-79.5,-4.25,#00FFFD,0,1555
379032,97.1875,-78.125,60.5,#5AFF79,0,1555
379034,97.1875,-74.375,-79.375,#00FFFF,0,1555
379058,97.1875,-32.375,-102.125,#00FFFF,0,1555
379065,97.1875,-27.125,64.5,#EBFF73,0,1555
379092,97.1875,-7.375,-79.5,#00FFFF,0,1555
379095,97.1875,-6.625,-35.375,#B9FEFF,0,1555
379097,97.1875,-5.75,105.625,#FFF600,0,1555
379102,97.1875,-3.25,-128.0,#00FFFF,0,1555
379133,97.1875,9.625,64.125,#FFED78,0,1555
379150,97.1875,20.0,31.25,#FFE7BB,0,1555
379158,97.1875,25.875,-104.0,#58F3FF,0,1555
379160,97.1875,29.75,12.375,#FFE1E0,0,1555
379164,97.1875,32.0,-46.625,#FFE5FF,0,1555
379186,97.1875,56.0,-58.875,#FFD3FF,0,1555
379189,97.1875,58.25,-128.0,#94DEFF,0,1555
379203,97.1875,75.125,-64.625,#FFC0FF,0,1555
379219,97.1875,97.25,-28.5,#FF9BFF,0,1555
379221,97.1875,99.25,-118.0,#FFAEFF,0,1555
379225,97.1875,106.875,106.75,#FF7A00,0,1555
379233,97.1875,121.5,26.125,#FF5ACC,0,1555
379234,97.1875,122.875,-10.25,#FF5EFF,0,1555
379238,97.1875,127.0,-93.625,#FF71FF,0,1555
379242,97.25,-118.5,-95.625,#00FFFF,0,1556
379272,97.25,-62.125,-57.375,#00FFFF,0,1556
379317,97.25,-3.75,27.0,#FFF8C3,0,1556
379359,97.25,15.0,-92.375,#56F8FF,0,1556
379367,97.25,21.625,61.5,#FFE57F,0,1556
379368,97.25,22.0,3.625,#FFE8F1,0,1556
379382,97.25,28.25,61.75,#FFE07F,0,1556
379397,97.25,40.0,59.375,#FFD685,0,1556
379420,97.25,56.875,41.125,#FFC7AB,0,1556
379432,97.25,69.75,55.0,#FFB890,0,1556
379437,97.25,75.25,109.75,#FFAF00,0,1556
379444,97.25,80.75,84.25,#FFA952,0,1556
379457,97.25,106.0,-119.875,#FFA5FF,0,1556
379465,97.25,121.0,-91.375,#FF7FFF,0,1556
379468,97.25,123.875,120.625,#FF4400,0,1556
379473,97.25,126.875,-61.875,#FF64FF,0,1556
379477,97.3125,-122.25,6.75,#00FFE7,0,1557
379480,97.3125,-117.125,32.625,#00FFB3,0,1557
379486,97.3125,-110.375,-99.875,#00FFFF,0,1557
379496,97.3125,-102.75,-116.75,#00FFFF,0,1557
379545,97.3125,-18.375,15.875,#DEFFD8,0,1557
379548,97.3125,-16.625,6.75,#DAFFEA,0,1557
379591,97.3125,12.625,91.5,#FFEB2B,0,1557
379729,97.375,-83.75,79.0,#56FF48,0,1558
379751,97.375,-47.375,-83.5,#00FFFF,0,1558
379874,97.375,23.0,-46.125,#F5EDFF,0,1558
379901,97.375,37.5,-56.125,#FFE3FF,0,1558
379912,97.375,46.125,-53.25,#FFDBFF,0,1558
379941,97.375,74.375,-116.125,#F5CCFF,0,1558
379942,97.375,76.375,57.25,#FFB08D,0,1558
379951,97.375,86.375,-107.625,#FFBDFF,0,1558
379962,97.375,100.5,-98.625,#FFA7FF,0,1558
379969,97.375,109.25,96.75,#FF7637,0,1558
379976,97.375,117.625,-83.125,#FF84FF,0,1558
379979,97.375,120.375,10.875,#FF62E8,0,1558
379988,97.4375,-128.0,78.875,#00FF44,0,1559
379995,97.4375,-109.625,127.0,#00FF00,0,1559
380010,97.4375,-76.375,37.5,#2CFFAB,0,1559
380027,97.4375,-59.25,-22.0,#00FFFF,0,1559
380034,97.4375,-42.5,9.75,#99FFE3,0,1559
380068,97.4375,-20.5,33.75,#E8FFB5,0,1559
380151,97.4375,17.375,-19.125,#FFEEFF,0,1559
380155,97.4375,20.625,-69.75,#C5F2FF,0,1559
380183,97.4375,39.625,-2.0,#FFDBFD,0,1559
380204,97.4375,53.0,-104.75,#D2DFFF,0,1559
380205,97.4375,53.0,-12.125,#FFD0FF,0,1559
380217,97.4375,65.875,43.25,#FFBEA8,0,1559
380220,97.4375,66.625,-73.75,#FFCCFF,0,1559
380233,97.4375,86.25,69.75,#FFA275,0,1559
380243,97.4375,114.75,5.875,#FF73F2,0,1559
380257,97.5,-112.625,51.75,#00FF8C,0,1560
380264,97.5,-97.625,13.0,#00FFDB,0,1560
380271,97.5,-84.25,-75.25,#00FFFF,0,1560
380353,97.5,-7.5,-49.375,#98FFFF,0,1560
380380,97.5,8.75,27.875,#FFF0C2,0,1560
380406,97.5,22.5,83.5,#FFE44A,0,1560
380410,97.5,26.875,-84.25,#B4F0FF,0,1560
380411,97.5,29.625,-5.25,#FFE4FF,0,1560
380418,97.5,34.0,106.875,#FFDB00,0,1560
380432,97.5,63.5,-0.75,#FFC5FC,0,1560
380446,97.5,74.625,-8.875,#FFB9FF,0,1560
380458,97.5,92.625,99.5,#FF9727,0,1560
380467,97.5,110.75,-35.375,#FF85FF,0,1560
380475,97.5,121.125,86.125,#FF5457,0,1560
380507,97.5625,-104.25,79.25,#00FF46,0,1561
380509,97.5625,-100.875,95.75,#00FF00,0,1561
380513,97.5625,-97.5,-44.125,#00FFFF,0,1561
380519,97.5625,-86.375,-112.75,#00FFFF,0,1561
380552,97.5625,-49.75,1.375,#6DFFF4,0,1561
380558,97.5625,-46.625,115.5,#D5FF00,0,1561
380577,97.5625,-38.75,-18.625,#6AFFFF,0,1561
380587,97.5625,-34.125,-37.625,#28FFFF,0,1561
380631,97.5625,-16.0,-80.75,#00FFFF,0,1561
380665,97.5625,0.25,95.375,#FFF30D,0,1561
380683,97.5625,8.625,-16.5,#FAF4FF,0,1561
380746,97.5625,44.375,12.5,#FFD6E2,0,1561
380755,97.5625,52.0,107.0,#FFCB00,0,1561
380789,97.5625,95.25,11.75,#FF9AE6,0,1561
380795,97.5625,100.375,83.375,#FF8A59,0,1561
380811,97.5625,120.5,45.25,#FF5CA9,0,1561
380815,97.625,-128.0,-52.375,#00FFFF,0,1562
380818,97.625,-128.0,109.0,#00FF00,0,1562
380819,97.625,-123.25,105.125,#00FF00,0,1562
380826,97.625,-114.0,97.375,#00FF00,0,1562
380848,97.625,-79.125,-66.0,#00FFFF,0,1562
380861,97.625,-61.75,-122.75,#00FFFF,0,1562
380869,97.625,-57.875,4.0,#46FFEF,0,1562
380874,97.625,-55.0,17.875,#7BFFD4,0,1562
380899,97.625,-31.625,84.125,#EBFF3F,0,1562
380911,97.625,-21.5,102.75,#FFFF00,0,1562
380913,97.625,-19.125,-37.25,#8CFFFF,0,1562
380928,97.625,-14.0,-19.875,#C0FFFF,0,1562
380931,97.625,-12.75,63.625,#FFFC78,0,1562
380957,97.625,-4.625,60.875,#FFF87F,0,1562
380965,97.625,-1.625,-29.25,#D2FCFF,0,1562
380975,97.625,3.25,-38.5,#D0FAFF,0,1562
381034,97.625,43.125,-83.75,#E7E3FF,0,1562
381053,97.625,59.375,-87.75,#FFD6FF,0,1562
381075,97.625,89.0,-40.0,#FFABFF,0,1562
381084,97.625,113.75,86.875,#FF6C54,0,1562
381088,97.625,118.5,-101.5,#FF8AFF,0,1562
381092,97.6875,-128.0,120.0,#00FF00,0,1563
381101,97.6875,-112.5,-50.375,#00FFFF,0,1563
381110,97.6875,-88.75,-44.625,#00FFFF,0,1563
381117,97.6875,-85.5,-60.25,#00FFFF,0,1563
381132,97.6875,-71.375,-58.875,#00FFFF,0,1563
381140,97.6875,-56.875,105.875,#BCFF00,0,1563
381145,97.6875,-53.75,100.5,#C2FF00,0,1563
381155,97.6875,-37.0,72.125,#DCFF62,0,1563
381172,97.6875,-26.0,109.5,#FCFF00,0,1563
381251,97.6875,14.5,-112.375,#00FDFF,0,1563
381266,97.6875,25.25,88.875,#FFE33A,0,1563
381270,97.6875,27.0,53.25,#FFE291,0,1563
381283,97.6875,35.5,-6.625,#FFE0FF,0,1563
381286,97.6875,36.25,52.25,#FFDB94,0,1563
381304,97.6875,48.75,-21.375,#FFD6FF,0,1563
381322,97.6875,74.125,-30.125,#FFBDFF,0,1563
381328,97.6875,84.0,23.375,#FFAAD0,0,1563
381344,97.6875,99.75,116.875,#FF8B00,0,1563
381359,97.6875,125.25,-20.25,#FF5CFF,0,1563
381364,97.75,-122.875,57.625,#00FF7F,0,1564
381378,97.75,-85.75,122.0,#6DFF00,0,1564
381417,97.75,-29.875,-74.25,#00FFFF,0,1564
381438,97.75,-10.75,-99.75,#00FFFF,0,1564
381531,97.75,49.25,16.5,#FFD2DB,0,1564
381545,97.75,66.0,88.5,#FFBD45,0,1564
381546,97.75,66.875,97.625,#FFBB25,0,1564
381553,97.75,78.5,3.75,#FFB3F5,0,1564
381554,97.75,79.125,124.25,#FFAC00,0,1564
381569,97.75,108.5,-128.0,#FFA6FF,0,1564
381584,97.8125,-97.75,-100.75,#00FFFF,0,1565
381607,97.8125,-63.0,-41.0,#00FFFF,0,1565
381623,97.8125,-44.5,104.75,#D8FF00,0,1565
381674,97.8125,-12.375,-28.5,#B7FFFF,0,1565
381697,97.8125,-2.875,87.25,#FFF63A,0,1565
381698,97.8125,-2.875,116.375,#FFF600,0,1565
381729,97.8125,12.5,39.75,#FFEEAC,0,1565
381739,97.8125,16.625,70.5,#FFEA6B,0,1565
381774,97.8125,35.75,-13.875,#FFE1FF,0,1565
381795,97.8125,51.5,-26.875,#FFD4FF,0,1565
381836,97.8125,101.125,-126.75,#FFB0FF,0,1565
381880,97.875,-52.5,-92.75,#00FFFF,0,1566
381891,97.875,-35.25,-44.625,#00FFFF,0,1566
381892,97.875,-34.0,-80.5,#00FFFF,0,1566
381896,97.875,-30.5,-51.25,#00FFFF,0,1566
381914,97.875,-15.5,-68.0,#00FFFF,0,1566
381925,97.875,-9.5,-2.375,#E2FFFD,1,1566
381952,97.875,4.75,-96.5,#00FFFF,0,1566
381958,97.875,7.25,99.125,#FFF000,0,1566
381960,97.875,9.625,-117.625,#00FFFF,0,1566
381996,97.875,29.0,-68.25,#E1EDFF,0,1566
382013,97.875,37.125,-79.25,#E1E8FF,0,1566
382014,97.875,37.375,41.5,#FFDBAA,0,1566
382015,97.875,38.625,-33.0,#FFE0FF,0,1566
382067,97.875,103.625,10.25,#FF8CEA,0,1566
382075,97.9375,-128.0,-39.375,#00FFFF,0,1567
382076,97.9375,-128.0,88.0,#00FF1A,0,1567
382083,97.9375,-113.375,77.0,#00FF4D,0,1567
382105,97.9375,-83.375,-17.5,#00FFFF,0,1567
382138,97.9375,-47.0,27.25,#A4FFC2,0,1567
382139,97.9375,-45.25,-102.375,#00FFFF,0,1567
382156,97.9375,-29.875,31.25,#D4FFBB,0,1567
382174,97.9375,-19.125,109.125,#FFFF00,0,1567
382247,97.9375,12.125,-48.375,#D8F6FF,0,1567
382277,97.9375,37.125,-91.625,#C4EAFF,0,1567
382296,97.9375,57.125,-74.125,#FFD6FF,0,1567
382308,97.9375,71.5,78.25,#FFB761,0,1567
382318,97.9375,79.375,-112.625,#FFC8FF,0,1567
382326,97.9375,88.75,16.875,#FFA4DD,0,1567
382330,97.9375,90.875,-65.5,#FFAFFF,0,1567
382338,97.9375,102.0,76.875,#FF8969,0,1567
382399,98.0,-73.625,48.125,#5FFF97,0,1568
382436,98.0,-40.375,-35.0,#00FFFF,0,1568
382477,98.0,-5.75,-55.125,#91FFFF,0,1568
382555,98.0,46.0,59.25,#FFD388,0,1568
382556,98.0,46.625,-78.75,#FBE1FF,0,1568
382557,98.0,46.75,44.75,#FFD3A5,0,1568
382566,98.0,51.0,4.75,#FFD2F2,0,1568
382576,98.0,59.125,16.875,#FFC9DB,0,1568
382585,98.0,73.375,50.0,#FFB79D,0,1568
382601,98.0,85.125,-74.0,#FFB8FF,0,1568
382606,98.0,89.5,-120.25,#FFBEFF,0,1568
382641,98.0625,-101.375,-93.0,#00FFFF,0,1569
382642,98.0625,-101.125,-21.5,#00FFFF,0,1569
382647,98.0625,-92.0,-25.0,#00FFFF,0,1569
382702,98.0625,-41.875,89.625,#D9FF28,0,1569
382716,98.0625,-36.625,27.125,#C0FFC3,0,1569
382751,98.0625,-14.25,84.25,#FFFE43,0,1569
382754,98.0625,-11.125,51.0,#FFFD94,0,1569
382770,98.0625,-4.25,74.5,#FFF860,0,1569
382802,98.0625,14.625,98.125,#FFEB00,0,1569
382826,98.0625,33.75,-122.625,#00F3FF,0,1569
382827,98.0625,36.5,-128.0,#00F2FF,0,1569
382841,98.0625,43.875,3.25,#FFD9F5,0,1569
382860,98.0625,62.125,118.875,#FFC100,0,1569
382865,98.0625,65.125,-89.5,#FFD2FF,0,1569
382872,98.0625,75.375,-43.5,#FFBFFF,0,1569
382878,98.0625,78.375,-82.25,#FFC2FF,0,1569
382888,98.0625,98.125,-6.0,#FF99FF,0,1569
382890,98.0625,100.25,27.125,#FF91CB,0,1569
382894,98.0625,102.375,45.375,#FF8BA8,0,1569
382903,98.0625,112.25,-72.875,#FF8EFF,0,1569
382912,98.0625,125.375,127.0,#FF4200,0,1569
382915,98.125,-128.0,23.625,#00FFC7,0,1570
382927,98.125,-111.375,5.75,#00FFEB,0,1570
382929,98.125,-109.0,82.875,#00FF3A,0,1570
382931,98.125,-105.875,9.5,#00FFE4,0,1570
382937,98.125,-96.5,91.25,#00FF03,0,1570
382947,98.125,-86.75,-3.75,#00FFFE,0,1570
382996,98.125,-38.5,-98.5,#00FFFF,0,1570
383046,98.125,-2.75,-89.5,#00FFFF,0,1570
383057,98.125,2.125,1.875,#FFF8F6,0,1570
383074,98.125,6.75,3.375,#FFF5F3,0,1570
383105,98.125,22.5,101.125,#FFE600,0,1570
383106,98.125,22.75,-6.25,#FFEBFF,0,1570
383153,98.125,62.75,79.375,#FFC25E,0,1570
383169,98.125,84.875,-128.0,#F8C6FF,0,1570
383183,98.125,105.0,112.5,#FF8200,0,1570
383190,98.125,112.25,49.125,#FF75A2,0,1570
383207,98.1875,-122.625,41.5,#00FFA3,0,1571
383210,98.1875,-118.0,70.875,#00FF5F,0,1571
383221,98.1875,-97.25,101.75,#00FF00,0,1571
383224,98.1875,-93.125,97.375,#33FF00,0,1571
383234,98.1875,-74.25,116.625,#94FF00,0,1571
383242,98.1875,-64.0,101.5,#ABFF00,0,1571
383268,98.1875,-51.5,-122.625,#00FFFF,0,1571
383275,98.1875,-47.875,90.5,#CDFF22,0,1571
383290,98.1875,-37.875,126.75,#EAFF00,0,1571
383317,98.1875,-24.125,-124.625,#00FFFF,0,1571
383325,98.1875,-21.0,51.0,#F4FF94,0,1571
383450,98.1875,42.625,-22.625,#FFDDFF,0,1571
383452,98.1875,43.625,-7.625,#FFDAFF,0,1571
383461,98.1875,53.875,93.375,#FFCB34,0,1571
383486,98.1875,86.75,81.25,#FFA35D,0,1571
383488,98.1875,90.25,49.5,#FFA0A0,0,1571
383491,98.1875,93.375,81.375,#FF995E,0,1571
383493,98.1875,102.375,99.375,#FF882E,0,1571
383499,98.1875,116.875,108.375,#FF6402,0,1571
383518,98.25,-114.25,107.375,#00FF00,0,1572
383552,98.25,-45.875,-66.5,#00FFFF,0,1572
383556,98.25,-42.375,81.0,#D6FF4A,0,1572
383558,98.25,-38.75,-128.0,#00FFFF,0,1572
383570,98.25,-18.75,-90.625,#00FFFF,0,1572
383574,98.25,-13.375,-40.75,#9BFFFF,0,1572
383608,98.25,6.0,-51.125,#C3FBFF,0,1572
383625,98.25,13.125,-27.75,#F9F4FF,0,1572
383725,98.3125,-122.625,-43.5,#00FFFF,0,1573
383731,98.3125,-106.5,-32.125,#00FFFF,0,1573
383735,98.3125,-102.875,118.25,#00FF00,0,1573
383736,98.3125,-94.5,109.375,#38FF00,0,1573
383747,98.3125,-71.125,-108.5,#00FFFF,0,1573
383749,98.3125,-69.0,-34.5,#00FFFF,0,1573
383756,98.3125,-61.125,58.375,#9BFF82,0,1573
383757,98.3125,-61.0,10.5,#4BFFE4,0,1573
383759,98.3125,-56.625,65.25,#ADFF72,0,1573
383762,98.3125,-54.5,-2.375,#48FFFD,0,1573
383770,98.3125,-48.75,70.125,#C3FF67,0,1573
383795,98.3125,-32.0,-58.75,#00FFFF,0,1573
383815,98.3125,-25.125,15.25,#D1FFDC,0,1573
383820,98.3125,-21.5,10.375,#D5FFE5,0,1573
383825,98.3125,-18.0,70.375,#FFFF6A,0,1573
383839,98.3125,-11.375,120.5,#FFFC00,0,1573
383926,98.3125,29.625,33.875,#FFE3BA,0,1573
383943,98.3125,37.375,94.875,#FFDA28,0,1573
383946,98.3125,41.0,115.5,#FFD700,0,1573
383974,98.3125,65.625,-115.125,#E1D8FF,0,1573
383976,98.3125,67.875,-42.0,#FFC7FF,0,1573
383981,98.3125,72.25,85.125,#FFB751,0,1573
383982,98.3125,74.375,-102.625,#FFCCFF,0,1573
383995,98.3125,100.75,-14.875,#FF97FF,0,1573
384015,98.375,-118.25,89.25,#00FF15,0,1574
384024,98.375,-99.0,-13.875,#00FFFF,0,1574
384028,98.375,-96.25,5.875,#00FFEC,0,1574
384032,98.375,-92.625,-85.25,#00FFFF,0,1574
384033,98.375,-88.5,19.25,#00FFD2,0,1574
384035,98.375,-81.625,126.875,#81FF00,0,1574
384037,98.375,-77.5,54.625,#58FF89,0,1574
384042,98.375,-72.5,-69.75,#00FFFF,0,1574
384054,98.375,-57.625,-89.0,#00FFFF,0,1574
384080,98.375,-31.75,93.5,#F0FF13,0,1574
384099,98.375,-22.5,93.0,#FFFF1B,0,1574
384160,98.375,8.625,-34.75,#E6F8FF,0,1574
384219,98.375,42.5,-128.0,#00EFFF,0,1574
384236,98.375,53.875,25.625,#FFCFCB,0,1574
384267,98.375,95.375,71.0,#FF9776,0,1574
384276,98.375,112.125,-57.25,#FF8BFF,0,1574
384280,98.375,123.0,71.125,#FF5379,0,1574
384281,98.375,125.75,-28.125,#FF60FF,0,1574
384283,98.4375,-128.0,-24.625,#00FFFF,0,1575
384284,98.4375,-128.0,1.5,#00FFF4,0,1575
384287,98.4375,-119.375,-109.5,#00FFFF,0,1575
384313,98.4375,-70.75,59.75,#7DFF7F,0,1575
384326,98.4375,-35.125,59.0,#DCFF83,0,1575
384351,98.4375,-9.625,24.875,#FBFFCA,1,1575
384353,98.4375,-6.125,32.5,#FFFCBB,0,1575
384415,98.4375,37.625,69.375,#FFDB72,0,1575
384431,98.4375,47.125,51.625,#FFD498,0,1575
384438,98.4375,53.125,49.125,#FFCE9E,0,1575
384475,98.4375,88.125,104.375,#FFA109,0,1575
384493,98.4375,107.125,-82.5,#FF9BFF,0,1575
384499,98.4375,119.875,-64.25,#FF7DFF,0,1575
384512,98.5,-112.0,-44.125,#00FFFF,0,1576
384522,98.5,-94.25,-123.25,#00FFFF,0,1576
384529,98.5,-78.625,-105.0,#00FFFF,0,1576
384550,98.5,-47.125,46.625,#B8FF9C,0,1576
384551,98.5,-45.125,-48.25,#00FFFF,0,1576
384552,98.5,-42.875,-79.375,#00FFFF,0,1576
384554,98.5,-40.625,-1.25,#90FFFC,0,1576
384600,98.5,0.0,110.625,#FFF600,0,1576
384672,98.5,45.25,-108.125,#B1E9FF,0,1576
384686,98.5,59.0,-53.125,#FFD3FF,0,1576
384687,98.5,60.125,28.125,#FFC8C7,0,1576
384691,98.5,65.125,-68.0,#FFCFFF,0,1576
384692,98.5,65.875,-127.25,#BEDBFF,0,1576
384697,98.5,69.125,4.75,#FFC1F4,0,1576
384703,98.5,76.125,93.625,#FFB33A,0,1576
384706,98.5,78.5,104.125,#FFAF00,0,1576
384712,98.5,84.125,-94.875,#FFC0FF,0,1576
384722,98.5,96.75,-93.625,#FFAFFF,0,1576
384725,98.5,101.5,0.375,#FF94FE,0,1576
384731,98.5,114.375,-118.5,#FF9BFF,0,1576
384740,98.5,125.875,-4.75,#FF59FF,0,1576
384749,98.5625,-115.75,118.75,#00FF00,0,1577
384759,98.5625,-90.375,-64.75,#00FFFF,0,1577
384779,98.5625,-64.25,25.875,#65FFC6,0,1577
384781,98.5625,-62.625,38.5,#82FFAD,0,1577
384790,98.5625,-56.875,-42.5,#00FFFF,0,1577
384806,98.5625,-43.25,18.875,#A7FFD5,0,1577
384825,98.5625,-29.75,75.5,#EEFF5C,0,1577
384882,98.5625,-3.75,2.75,#F6FDF5,1,1577
384939,98.5625,25.125,-111.5,#00F9FF,0,1577
384972,98.5625,50.5,-33.0,#FFD8FF,0,1577
385010,98.5625,90.125,-52.75,#FFAFFF,0,1577
385023,98.5625,109.625,40.0,#FF7EB4,0,1577
385029,98.5625,119.875,99.875,#FF5D35,0,1577
385032,98.5625,126.25,115.25,#FF4100,0,1577
385035,98.625,-123.0,-73.0,#00FFFF,0,1578
385040,98.625,-103.25,59.625,#00FF7D,0,1578
385045,98.625,-78.875,2.875,#00FFF3,0,1578
385050,98.625,-71.5,2.875,#00FFF3,0,1578
385093,98.625,-31.125,19.75,#C8FFD4,0,1578
385110,98.625,-21.875,-75.5,#00FFFF,0,1578
385150,98.625,2.375,-65.0,#95FFFF,0,1578
385156,98.625,3.875,78.125,#FFF559,0,1578
385260,98.625,77.375,16.0,#FFB6E0,0,1578
385269,98.625,85.375,53.75,#FFA898,0,1578
385276,98.625,97.375,-85.75,#FFACFF,0,1578
385284,98.625,104.0,-29.75,#FF95FF,0,1578
385296,98.6875,-128.0,-85.25,#00FFFF,0,1579
385299,98.6875,-123.125,-81.75,#00FFFF,0,1579
385311,98.6875,-108.25,63.125,#00FF75,0,1579
385318,98.6875,-91.875,85.25,#2BFF35,0,1579
385383,98.6875,-2.5,53.75,#FFFA91,0,1579
385385,98.6875,-2.0,10.875,#FFFCE6,0,1579
385405,98.6875,6.75,83.625,#FFF34B,0,1579
385426,98.6875,21.875,-99.125,#65F9FF,0,1579
385437,98.6875,33.375,-19.375,#FFE6FF,0,1579
385447,98.6875,42.875,-116.125,#86EDFF,0,1579
385448,98.6875,43.25,26.125,#FFD9CB,0,1579
385479,98.6875,74.5,-122.25,#EAD2FF,0,1579
385554,98.75,-51.375,-12.625,#2CFFFF,0,1580
385601,98.75,-2.875,-13.375,#E7FEFF,0,1580
385615,98.75,4.625,-9.125,#FCF9FF,0,1580
385691,98.75,68.375,22.25,#FFC1D4,0,1580
385716,98.75,104.625,-74.75,#FF9FFF,0,1580
385719,98.75,106.875,-109.375,#FFA5FF,0,1580
385725,98.75,126.5,-72.75,#FF70FF,0,1580
385731,98.8125,-122.25,-14.125,#00FFFF,0,1581
385884,98.8125,11.625,33.75,#FFF2BB,0,1581
385894,98.8125,16.75,17.125,#FFEFDB,0,1581
385914,98.8125,28.75,-51.5,#FEEDFF,0,1581
385940,98.8125,48.375,-64.0,#FFDFFF,0,1581
385942,98.8125,51.0,80.375,#FFD05B,0,1581
385951,98.8125,57.125,-6.875,#FFD0FF,0,1581
385969,98.8125,82.875,35.5,#FFAEBC,0,1581
385971,98.8125,84.125,-21.0,#FFB2FF,0,1581
385973,98.8125,86.25,30.0,#FFA9C6,0,1581
385974,98.8125,87.875,92.25,#FFA343,0,1581
385983,98.8125,102.625,-63.625,#FF9FFF,0,1581
385989,98.8125,113.75,-48.75,#FF87FF,0,1581
385991,98.8125,116.625,64.375,#FF6B87,0,1581
385997,98.8125,121.25,32.0,#FF62C5,0,1581
385999,98.8125,121.75,5.0,#FF66F8,0,1581
386000,98.8125,125.0,39.0,#FF53B8,0,1581
386002,98.8125,126.625,78.75,#FF456B,0,1581
386005,98.875,-122.875,64.625,#00FF71,0,1582
386010,98.875,-116.75,-17.875,#00FFFF,0,1582
386013,98.875,-107.75,-55.25,#00FFFF,0,1582
386021,98.875,-94.0,-110.75,#00FFFF,0,1582
386022,98.875,-90.375,-15.125,#00FFFF,0,1582
386032,98.875,-80.125,-36.75,#00FFFF,0,1582
386036,98.875,-73.375,-128.0,#00FFFF,0,1582
386043,98.875,-68.875,31.125,#59FFBC,0,1582
386047,98.875,-61.125,69.375,#A5FF6A,0,1582
386058,98.875,-45.25,38.375,#B7FFAF,0,1582
386069,98.875,-36.0,6.5,#ADFFEE,0,1582
386092,98.875,-18.25,127.0,#FFFF00,0,1582
386107,98.875,-11.25,-11.75,#D6FFFF,0,1582
386151,98.875,5.0,37.25,#FFF6B3,0,1582
386182,98.875,14.25,108.25,#FFEE00,0,1582
386185,98.875,14.75,49.5,#FFEF9B,0,1582
386233,98.875,50.75,-89.625,#F3E2FF,0,1582
386260,98.875,77.375,-71.5,#FFC4FF,0,1582
386267,98.875,93.875,22.25,#FF9FD6,0,1582
386271,98.875,108.25,-11.625,#FF8AFF,0,1582
386294,98.9375,-110.625,-7.5,#00FFFF,0,1583
386316,98.9375,-54.125,46.75,#A7FF9D,0,1583
386345,98.9375,-26.125,-107.25,#00FFFF,0,1583
386349,98.9375,-23.0,23.25,#DFFFCE,0,1583
386425,98.9375,14.75,-5.125,#FFF3FF,0,1583
386455,98.9375,31.875,17.875,#FFE4DB,0,1583
386471,98.9375,38.875,-46.375,#FFE5FF,0,1583
386510,98.9375,75.25,72.875,#FFB670,0,1583
386511,98.9375,76.875,-52.0,#FFC1FF,0,1583
386518,98.9375,85.75,-13.5,#FFB0FF,0,1583
386521,98.9375,89.125,-24.375,#FFACFF,0,1583
386528,98.9375,96.375,-112.75,#FFB6FF,0,1583
386535,98.9375,111.625,-25.625,#FF86FF,0,1583
386564,99.0,-107.5,46.75,#00FF9B,0,1584
386571,99.0,-89.625,-93.625,#00FFFF,0,1584
386577,99.0,-77.875,-118.875,#00FFFF,0,1584
386607,99.0,-37.5,-52.5,#00FFFF,0,1584
386664,99.0,7.875,16.875,#FFF6DC,0,1584
386685,99.0,18.25,-104.375,#00FDFF,0,1584
386689,99.0,19.0,-76.125,#B5F8FF,0,1584
386695,99.0,20.5,75.625,#FFEA63,0,1584
386752,99.0,57.0,-66.5,#FFD8FF,0,1584
386755,99.0,59.625,127.0,#FFC600,0,1584
386773,99.0,83.5,-45.625,#FFB8FF,0,1584
386793,99.0,112.0,-91.75,#FF98FF,0,1584
386798,99.0,115.125,42.75,#FF72B1,0,1584
386801,99.0,117.375,18.875,#FF70DE,0,1584
386806,99.0,126.75,-56.0,#FF6AFF,0,1584
386809,99.0,127.0,-110.625,#FF80FF,0,1584
386822,99.0625,-93.0,37.125,#00FFB0,0,1585
386826,99.0625,-84.5,41.5,#00FFA7,0,1585
386835,99.0625,-70.875,-96.5,#00FFFF,0,1585
386847,99.0625,-60.25,-107.875,#00FFFF,0,1585
386850,99.0625,-55.25,90.375,#BFFF25,0,1585
386860,99.0625,-47.75,7.0,#87FFED,0,1585
386867,99.0625,-39.125,53.125,#D1FF91,0,1585
386879,99.0625,-33.125,-29.25,#69FFFF,0,1585
386951,99.0625,2.375,66.875,#FFF776,0,1585
386968,99.0625,6.375,-86.875,#3EFFFF,0,1585
386974,99.0625,11.0,-128.0,#00FFFF,0,1585
387005,99.0625,29.375,-89.625,#B3F3FF,0,1585
387016,99.0625,38.125,101.5,#FFDC00,0,1585
387034,99.0625,59.75,-44.125,#FFD2FF,0,1585
387037,99.0625,61.25,-95.0,#FFDAFF,0,1585
387062,99.0625,102.875,65.625,#FF8C83,0,1585
387072,99.125,-128.0,9.75,#00FFE6,0,1586
387090,99.125,-70.375,-83.75,#00FFFF,0,1586
387097,99.125,-61.75,111.5,#B7FF00,0,1586
387125,99.125,-33.25,64.75,#E5FF78,0,1586
387136,99.125,-24.5,39.125,#E8FFAF,0,1586
387150,99.125,-16.875,-100.875,#00FFFF,0,1586
387165,99.125,-11.875,104.0,#FFFF00,0,1586
387169,99.125,-10.0,-59.25,#72FFFF,0,1586
387181,99.125,-6.125,-68.125,#5EFFFF,0,1586
387244,99.125,24.875,112.25,#FFE600,0,1586
387257,99.125,35.75,-72.125,#EFECFF,0,1586
387269,99.125,45.125,127.0,#FFD500,0,1586
387289,99.125,65.0,-9.0,#FFC9FF,0,1586
387293,99.125,71.125,-88.375,#FFCFFF,0,1586
387301,99.125,78.75,9.875,#FFB7ED,0,1586
387307,99.125,86.5,8.625,#FFACF0,0,1586
387333,99.1875,-128.0,-77.125,#00FFFF,0,1587
387334,99.1875,-128.0,35.75,#00FFB2,0,1587
387353,99.1875,-87.125,6.875,#00FFED,0,1587
387357,99.1875,-82.375,103.75,#78FF00,0,1587
387361,99.1875,-78.0,-93.125,#00FFFF,0,1587
387368,99.1875,-67.0,88.5,#A1FF2D,0,1587
387372,99.1875,-63.625,-87.0,#00FFFF,0,1587
387399,99.1875,-31.625,-5.75,#A8FFFF,0,1587
387400,99.1875,-31.5,-17.25,#93FFFF,0,1587
387417,99.1875,-16.375,-55.5,#5DFFFF,0,1587
387430,99.1875,-10.25,39.375,#FFFFAF,0,1587
387499,99.1875,22.75,-88.5,#9DF8FF,0,1587
387501,99.1875,24.25,-19.125,#FFEEFF,0,1587
387539,99.1875,56.25,54.625,#FFCD95,0,1587
387541,99.1875,58.75,-122.125,#B7E2FF,0,1587
387568,99.1875,90.375,-80.25,#FFB6FF,0,1587
387576,99.1875,106.375,29.0,#FF89CB,0,1587
387579,99.1875,112.375,30.625,#FF7CC8,0,1587
387582,99.1875,113.0,126.5,#FF7300,0,1587
387592,99.25,-116.5,23.875,#00FFCA,0,1588
387623,99.25,-67.625,127.0,#ACFF00,0,1588
387633,99.25,-50.75,-106.75,#00FFFF,0,1588
387691,99.25,5.875,-102.375,#00FFFF,0,1588
387697,99.25,8.125,9.375,#FFF7EB,0,1588
387706,99.25,14.125,-54.375,#D7F9FF,0,1588
387729,99.25,26.125,126.875,#FFE600,0,1588
387731,99.25,27.125,-123.25,#00FBFF,0,1588
387737,99.25,32.75,87.0,#FFE147,0,1588
387766,99.25,52.125,35.375,#FFD2BB,0,1588
387779,99.25,69.5,108.625,#FFBC00,0,1588
387786,99.25,81.875,-27.875,#FFB8FF,0,1588
387808,99.3125,-122.375,-32.0,#00FFFF,0,1589
387820,99.3125,-85.625,-53.5,#00FFFF,0,1589
387844,99.3125,-46.0,-8.5,#6BFFFF,0,1589
387845,99.3125,-45.875,-21.0,#32FFFF,0,1589
387849,99.3125,-37.125,115.375,#EDFF00,0,1589
387852,99.3125,-34.125,-121.5,#00FFFF,0,1589
387913,99.3125,3.5,-126.625,#00FFFF,0,1589
387984,99.3125,44.0,93.625,#FFD734,0,1589
388002,99.3125,58.875,62.5,#FFCA86,0,1589
388007,99.3125,63.125,-23.625,#FFCDFF,0,1589
388016,99.3125,75.125,119.875,#FFB600,0,1589
388019,99.3125,79.75,27.375,#FFB4CC,0,1589
388022,99.3125,82.875,-122.0,#FFCAFF,0,1589
388030,99.3125,95.875,63.75,#FF9987,0,1589
388045,99.3125,126.125,-87.375,#FF79FF,0,1589
388046,99.3125,126.5,22.625,#FF53D8,0,1589
388058,99.375,-92.25,30.125,#00FFBF,0,1590
388067,99.375,-83.75,28.25,#00FFC3,0,1590
388081,99.375,-70.375,-22.25,#00FFFF,0,1590
388089,99.375,-61.0,-50.625,#00FFFF,0,1590
388091,99.375,-60.0,48.25,#98FF9B,0,1590
388101,99.375,-56.125,35.375,#96FFB6,0,1590
388106,99.375,-52.625,-29.5,#00FFFF,0,1590
388114,99.375,-42.5,121.375,#E4FF00,0,1590
388144,99.375,-19.875,79.5,#FFFF55,0,1590
388150,99.375,-15.75,-115.875,#00FFFF,0,1590
388207,99.375,12.25,118.875,#FFF000,0,1590
388211,99.375,14.5,-42.75,#EBF8FF,0,1590
388232,99.375,24.625,66.625,#FFE979,0,1590
388300,99.375,80.25,-57.875,#FFBFFF,0,1590
388307,99.375,85.375,-113.375,#FFC5FF,0,1590
388313,99.375,93.375,-99.75,#FFB8FF,0,1590
388337,99.4375,-123.125,81.75,#00FF41,0,1591
388350,99.4375,-103.375,-60.25,#00FFFF,0,1591
388353,99.4375,-100.125,-83.375,#00FFFF,0,1591
388361,99.4375,-91.25,-75.25,#00FFFF,0,1591
388383,99.4375,-56.25,-117.625,#00FFFF,0,1591
388404,99.4375,-41.5,-26.5,#3BFFFF,0,1591
388405,99.4375,-39.75,-111.75,#00FFFF,0,1591
388417,99.4375,-27.625,1.75,#BFFFF9,0,1591
388423,99.4375,-23.125,-68.125,#00FFFF,0,1591
388471,99.4375,1.125,-72.375,#77FFFF,0,1591
388500,99.4375,14.0,-66.625,#BDFBFF,0,1591
388514,99.4375,27.0,0.0,#FFEBFE,0,1591
388519,99.4375,31.25,40.0,#FFE5B1,0,1591
388522,99.4375,35.0,-65.375,#FAECFF,0,1591
388544,99.4375,52.375,-128.0,#7EEAFF,0,1591
388562,99.4375,68.125,-104.25,#FFD6FF,0,1591
388566,99.4375,69.0,36.25,#FFC1BB,0,1591
388570,99.4375,72.75,41.875,#FFBCB0,0,1591
388593,99.4375,101.875,-51.25,#FFA0FF,0,1591
388594,99.4375,105.625,87.125,#FF8656,0,1591
388606,99.4375,114.125,13.375,#FF7BE9,0,1591
388611,99.4375,122.75,-120.25,#FF8FFF,0,1591
388612,99.4375,126.125,-125.25,#FF8AFF,0,1591
388616,99.5,-126.75,127.0,#00FF00,0,1592
388646,99.5,-75.375,71.75,#7CFF64,0,1592
388660,99.5,-53.375,-58.5,#00FFFF,0,1592
388662,99.5,-52.125,-50.125,#00FFFF,0,1592
388692,99.5,-21.625,-61.875,#00FFFF,0,1592
388706,99.5,-6.0,-24.25,#D4FFFF,0,1592
388722,99.5,3.25,-19.875,#F0FDFF,0,1592
388737,99.5,9.625,-1.625,#FFF8FF,0,1592
388742,99.5,10.625,-77.125,#93FFFF,0,1592
388774,99.5,27.125,-77.125,#CEF4FF,0,1592
388778,99.5,29.5,-115.875,#00F9FF,0,1592
388800,99.5,43.75,110.125,#FFD800,0,1592
388803,99.5,44.375,37.75,#FFDAB7,0,1592
388823,99.5,66.75,-49.375,#FFCDFF,0,1592
388880,99.5625,-103.75,-2.25,#00FFFF,0,1593
388888,99.5625,-99.125,-64.75,#00FFFF,0,1593
388894,99.5625,-93.75,-49.25,#00FFFF,0,1593
388916,99.5625,-69.5,-123.125,#00FFFF,0,1593
388918,99.5625,-66.0,-118.25,#00FFFF,0,1593
388951,99.5625,-39.0,-64.5,#00FFFF,0,1593
388955,99.5625,-36.0,-87.375,#00FFFF,0,1593
389026,99.5625,10.625,69.75,#FFF371,0,1593
389031,99.5625,12.875,-12.125,#FFF6FF,0,1593
389039,99.5625,15.125,83.125,#FFF050,0,1593
389052,99.5625,24.75,-39.625,#FFF1FF,0,1593
389054,99.5625,26.5,105.625,#FFE700,0,1593
389100,99.5625,88.125,-34.375,#FFB1FF,0,1593
389103,99.5625,93.25,-44.25,#FFACFF,0,1593
389109,99.5625,106.625,3.875,#FF8DFB,0,1593
389114,99.5625,113.125,72.25,#FF7779,0,1593
389145,99.625,-111.5,27.75,#00FFC4,0,1594
389152,99.625,-104.75,-87.5,#00FFFF,0,1594
389173,99.625,-81.875,19.75,#00FFD5,0,1594
389286,99.625,-15.0,1.125,#DEFFFB,0,1594
389355,99.625,14.625,-34.25,#F8F8FF,0,1594
389396,99.625,41.625,-102.0,#BCEEFF,0,1594
389399,99.625,44.375,-32.5,#FFE1FF,0,1594
389429,99.625,79.625,-35.375,#FFBDFF,0,1594
389440,99.625,97.25,-34.625,#FFA4FF,0,1594
389443,99.625,106.625,127.0,#FF8300,0,1594
389445,99.625,111.25,-42.375,#FF8DFF,0,1594
389446,99.625,116.125,-8.5,#FF7BFF,0,1594
389452,99.625,123.625,105.125,#FF5427,0,1594
389453,99.625,125.625,63.75,#FF508B,0,1594
389471,99.6875,-109.25,-91.625,#00FFFF,0,1595
389494,99.6875,-94.125,59.5,#00FF81,0,1595
389526,99.6875,-72.875,82.125,#8DFF47,0,1595
389550,99.6875,-55.375,26.75,#8EFFC8,0,1595
389582,99.6875,-32.625,39.625,#D9FFAF,0,1595
389612,99.6875,-8.75,-85.0,#00FFFF,0,1595
389623,99.6875,-4.25,-121.75,#00FFFF,0,1595
389637,99.6875,1.625,48.25,#FFFA9F,0,1595
389645,99.6875,3.375,121.375,#FFF700,0,1595
389663,99.6875,15.75,63.125,#FFF081,0,1595
389669,99.6875,19.25,116.25,#FFEC00,0,1595
389698,99.6875,34.75,-37.625,#FFE9FF,0,1595
389729,99.6875,67.25,-59.625,#FFCFFF,0,1595
389771,99.6875,113.5,92.625,#FF754B,0,1595
389780,99.6875,127.0,-39.875,#FF66FF,0,1595
389796,99.75,-111.0,-116.0,#00FFFF,0,1596
389804,99.75,-97.875,46.75,#00FF9D,0,1596
389807,99.75,-95.25,-5.0,#00FFFF,0,1596
389867,99.75,-46.0,-92.0,#00FFFF,0,1596
389895,99.75,-24.875,-23.0,#A0FFFF,0,1596
389931,99.75,-1.25,19.75,#FFFED8,0,1596
389953,99.75,10.0,76.0,#FFF463,0,1596
389993,99.75,31.875,-96.5,#A9F4FF,0,1596
390005,99.75,42.5,-69.0,#FFE8FF,0,1596
390007,99.75,44.0,-58.375,#FFE5FF,0,1596
390013,99.75,46.75,-38.375,#FFE0FF,0,1596
390021,99.75,50.375,-96.625,#E6E6FF,0,1596
390035,99.75,61.375,-15.0,#FFCFFF,0,1596
390040,99.75,67.875,-28.125,#FFCAFF,0,1596
390057,99.75,95.0,53.75,#FF9D9C,0,1596
390069,99.75,116.125,121.25,#FF6D00,0,1596
390081,99.8125,-117.75,60.25,#00FF7F,0,1597
390085,99.8125,-106.5,31.375,#00FFBD,0,1597
390086,99.8125,-106.25,-112.25,#00FFFF,0,1597
390089,99.8125,-104.125,16.0,#00FFDC,0,1597
390096,99.8125,-91.0,73.75,#1AFF5E,0,1597
390105,99.8125,-69.75,107.375,#A3FF00,0,1597
390118,99.8125,-59.875,83.125,#B3FF46,0,1597
390125,99.8125,-50.0,22.25,#9AFFD1,0,1597
390132,99.8125,-43.625,-41.875,#00FFFF,0,1597
390138,99.8125,-38.125,94.375,#E8FF13,0,1597
390148,99.8125,-33.5,-107.75,#00FFFF,0,1597
390152,99.8125,-27.875,-80.125,#00FFFF,0,1597
390164,99.8125,-21.875,120.375,#FFFF00,0,1597
390165,99.8125,-21.75,-7.375,#C4FFFF,0,1597
390180,99.8125,-16.5,21.125,#EEFFD5,0,1597
390256,99.8125,13.375,-86.125,#7DFFFF,0,1597
390272,99.8125,25.0,95.875,#FFE925,0,1597
390302,99.8125,43.75,75.25,#FFDA69,0,1597
390328,99.8125,67.875,73.125,#FFC171,0,1597
390343,99.8125,90.375,60.75,#FFA48E,0,1597
390345,99.8125,92.875,40.0,#FFA2B6,0,1597
390346,99.8125,104.0,-40.25,#FF9BFF,0,1597
390354,99.8125,118.5,-107.25,#FF93FF,0,1597
390363,99.875,-111.375,-21.75,#00FFFF,0,1598
390367,99.875,-103.75,67.0,#00FF6F,0,1598
390384,99.875,-77.5,107.625,#8DFF00,0,1598
390458,99.875,-6.875,13.375,#FCFFE4,0,1598
390524,99.875,18.875,-124.25,#00FFFF,0,1598
390526,99.875,20.25,-52.0,#EDF6FF,0,1598
390594,99.875,90.875,-74.25,#FFB6FF,0,1598
390607,99.875,99.0,104.75,#FF941B,0,1598
390614,99.875,105.75,58.0,#FF8A95,0,1598
390615,99.875,106.375,-69.0,#FF9EFF,0,1598
390620,99.875,118.25,-71.625,#FF88FF,0,1598
390623,99.875,126.625,10.625,#FF59F0,0,1598
390625,99.9375,-128.0,-96.75,#00FFFF,0,1599
390628,99.9375,-118.375,-89.5,#00FFFF,0,1599
390637,99.9375,-95.375,-70.125,#00FFFF,0,1599
390643,99.9375,-86.375,-26.0,#00FFFF,0,1599
390652,99.9375,-66.5,-45.75,#00FFFF,0,1599
390660,99.9375,-53.75,-69.5,#00FFFF,0,1599
390666,99.9375,-49.875,54.75,#BCFF8F,0,1599
390681,99.9375,-35.75,79.875,#E8FF53,0,1599
390696,99.9375,-28.0,98.25,#FDFF00,0,1599
390699,99.9375,-26.5,-47.0,#43FFFF,0,1599
390704,99.9375,-22.25,-97.375,#00FFFF,0,1599
390712,99.9375,-14.5,-128.0,#00FFFF,0,1599
390716,99.9375,-12.625,10.375,#EEFFEA,0,1599
390735,99.9375,-6.0,-8.125,#EAFFFF,0,1599
390781,99.9375,11.875,-99.625,#00FFFF,0,1599
390802,99.9375,28.875,-23.875,#FFEDFF,0,1599
390807,99.9375,31.0,77.125,#FFE563,0,1599
390813,99.9375,35.625,-27.625,#FFE8FF,0,1599
390837,99.9375,60.125,100.75,#FFC91B,0,1599
390840,99.9375,62.5,-38.125,#FFD1FF,0,1599
390844,99.9375,67.875,61.625,#FFC28A,0,1599
390863,99.9375,88.25,-0.875,#FFAEFF,0,1599
390867,99.9375,92.25,-105.875,#FFBCFF,0,1599
390868,99.9375,92.25,111.5,#FF9F00,0,1599
390871,99.9375,98.0,17.25,#FF9CE2,0,1599
390895,100.0,-122.5,32.625,#00FFBA,0,1600
390916,100.0,-92.75,-40.0,#00FFFF,0,1600
390921,100.0,-86.0,-103.5,#00FFFF,0,1600
390934,100.0,-65.5,-103.75,#00FFFF,0,1600
390967,100.0,-26.625,-113.625,#00FFFF,0,1600
391052,100.0,45.5,84.875,#FFD852,0,1600
391059,100.0,53.75,72.25,#FFD172,0,1600
391094,100.0,96.125,46.625,#FF9DAB,0,1600
