id,L,a,b,hex_srgb,slice_id
3,0.0,0.0,0.0,#000000,0
9,0.0625,2.625,-4.375,#02000B,1
18,0.0625,6.0,-10.125,#040015,1
32,0.125,12.5,-20.125,#090022,2
38,0.125,17.125,-25.25,#0C0029,2
47,0.1875,24.0,-31.75,#0F0031,3
65,0.25,33.375,-38.625,#13003A,4
69,0.25,38.75,-42.0,#16003F,4
85,0.3125,44.0,-45.625,#180044,5
96,0.375,51.125,-50.25,#1B004B,6
123,0.5625,4.375,0.875,#0E0000,9
131,0.5625,56.25,-54.125,#1C0051,9
135,0.5625,62.625,-58.0,#200057,9
139,0.5625,70.875,-63.0,#24005E,9
143,0.625,11.75,-11.125,#120018,10
162,0.6875,79.875,-69.0,#280067,11
185,0.8125,31.875,-32.5,#1B0034,13
189,0.8125,85.5,-72.875,#2B006D,13
232,1.0,90.75,-76.625,#2D0073,16
253,1.125,9.5,1.75,#180000,18
279,1.25,13.625,-4.0,#1B000E,20
285,1.3125,7.75,-4.625,#12000F,21
292,1.3125,17.875,-10.375,#1D0018,21
293,1.3125,25.0,-20.625,#1E0025,21
322,1.4375,21.75,-15.375,#1E001F,23
325,1.4375,49.5,-42.875,#260043,23
334,1.5,101.125,-81.75,#37007D,24
337,1.5,104.875,-86.5,#340084,24
344,1.5625,30.75,-24.375,#22002A,25
369,1.75,37.5,-34.375,#210038,28
401,1.9375,69.625,-57.125,#2F0059,31
402,1.9375,77.75,-63.5,#320062,31
418,2.0625,43.625,-33.75,#290038,33
425,2.0625,95.125,-81.625,#2D007E,33
442,2.125,109.375,-90.5,#36008C,34
450,2.25,19.25,2.5,#250003,36
468,2.3125,23.625,-3.875,#270011,37
472,2.3125,39.125,-27.5,#290030,37
493,2.4375,27.5,-9.0,#280019,39
516,2.5625,56.125,-43.5,#2F0047,41
518,2.5625,63.5,-63.875,#170064,41
522,2.5625,116.0,-95.5,#390095,41
525,2.5625,121.125,-98.625,#3C009A,41
528,2.625,48.625,-55.375,#090058,42
537,2.6875,73.625,-70.125,#1E006E,43
561,2.875,38.25,-21.25,#2D0029,46
562,2.875,50.125,-36.875,#2F003E,46
577,3.0,35.25,-15.25,#2E0022,48
586,3.0,65.0,-52.75,#310055,48
627,3.25,86.25,-67.125,#3C006B,52
630,3.3125,27.125,5.125,#2E0001,53
641,3.375,29.5,-3.25,#2D0013,54
668,3.5,23.75,-42.875,#000248,56
719,3.5,30.625,-45.875,#00004C,56
744,3.5,35.375,-49.75,#000051,56
776,3.5625,54.625,-61.0,#080062,57
780,3.5625,126.375,-103.625,#3E00A5,57
788,3.625,79.625,-75.625,#1F0079,58
802,3.75,98.25,-86.875,#2C008B,60
807,3.8125,46.25,-26.125,#340032,61
810,3.8125,95.625,-74.0,#420077,61
811,3.875,24.25,-36.625,#060140,62
832,4.0,33.375,1.75,#33000C,64
843,4.0625,41.0,-53.5,#000058,65
849,4.0625,63.25,-45.0,#39004C,65
853,4.0625,76.125,-56.625,#3E005D,65
883,4.25,85.25,-78.75,#26007F,68
892,4.3125,39.375,-10.5,#36001F,69
912,4.375,51.5,-29.25,#390037,70
924,4.4375,57.125,-49.25,#2E0053,71
943,4.5,65.625,-69.25,#0F0071,72
944,4.5625,33.0,7.75,#360000,73
947,4.5625,38.625,-4.125,#370017,73
948,4.5625,45.875,-19.375,#39002B,73
956,4.5625,104.0,-91.75,#2F0094,73
963,4.625,89.875,-83.5,#250087,74
974,4.75,60.75,-38.875,#3D0045,76
988,4.9375,110.0,-96.0,#33009C,79
1001,5.125,106.625,-80.875,#4C0085,82
1002,5.125,120.375,-92.25,#500097,82
1007,5.1875,73.0,-50.75,#430057,83
1027,5.3125,115.75,-88.125,#500091,85
1040,5.375,101.25,-76.25,#4B007E,86
1051,5.5,8.0,-37.5,#001245,88
1060,5.5,11.25,-32.0,#00103D,88
1073,5.5,14.0,-41.0,#00104A,88
1077,5.5,14.375,-26.875,#0A0D36,88
1104,5.5,17.625,-21.25,#1A092E,88
1113,5.5,18.5,-35.375,#000B42,88
1141,5.5,21.125,-28.625,#150738,88
1205,5.5,27.125,-27.625,#200137,88
1210,5.5,27.625,-16.5,#2A0028,88
1331,5.5,39.625,-39.125,#240047,88
1411,5.5625,30.75,-39.625,#130148,89
1415,5.5625,45.5,-11.625,#3E0023,89
1423,5.625,40.75,-47.0,#180053,90
1424,5.625,44.875,-59.25,#000065,90
1427,5.625,59.0,-67.375,#000071,90
1428,5.625,83.0,-59.625,#470066,90
1456,5.875,70.625,-66.0,#2C0070,94
1457,5.875,71.75,-74.875,#12007D,94
1460,5.9375,-0.875,-0.375,#111414,95
1485,6.0,119.625,-103.5,#3900AC,96
1506,6.125,41.625,6.25,#40000A,98
1524,6.1875,91.5,-67.375,#4B0073,99
1553,6.3125,57.25,-28.5,#44003B,101
1615,6.5625,-7.625,-29.0,#001A3B,105
1627,6.5625,-2.25,-32.875,#001941,105
1629,6.5625,-2.25,-24.75,#001835,105
1651,6.5625,1.875,-21.0,#001530,105
1664,6.5625,3.75,-32.625,#001640,105
1678,6.5625,5.5,-18.0,#0A132C,105
1688,6.5625,6.75,-26.375,#001438,105
1713,6.5625,9.25,-14.875,#161128,105
1717,6.5625,10.0,-22.0,#0D1132,105
1754,6.5625,13.625,-11.375,#1F0E24,105
1788,6.5625,18.875,-7.0,#28091E,105
1815,6.5625,28.75,-50.875,#000A5B,105
1817,6.5625,32.25,-21.0,#2E0031,105
1818,6.5625,33.0,-10.875,#340023,105
1829,6.5625,49.75,-63.75,#00006E,105
1830,6.5625,51.625,-47.375,#2D0056,105
1859,6.625,65.0,-57.625,#330065,106
1870,6.6875,126.875,-108.875,#3E00B6,107
1871,6.75,20.0,-13.125,#260926,108
1878,6.75,51.375,-20.75,#430031,108
1879,6.75,52.5,-40.875,#37004D,108
1880,6.75,55.5,-34.625,#3F0044,108
1883,6.75,79.75,-80.875,#190089,108
1884,6.75,80.25,-66.375,#3E0073,108
1891,6.8125,56.125,-55.375,#280062,109
1910,6.875,33.25,-31.125,#28003F,110
1911,6.875,35.375,-55.5,#000562,110
1916,6.875,44.5,-2.0,#430019,110
1928,6.875,69.25,-45.75,#470054,110
1934,6.875,113.5,-101.25,#3400AA,110
1992,6.9375,67.125,-40.125,#49004C,111
1995,6.9375,88.125,-73.375,#40007E,111
2099,7.0625,126.25,-97.875,#5700A5,113
2145,7.125,95.375,-91.0,#25009A,114
2204,7.3125,102.875,-85.375,#460092,117
2240,7.5,-20.75,-19.875,#002031,120
2253,7.5,-15.75,-24.75,#001E37,120
2255,7.5,-15.375,-16.875,#001E2D,120
2290,7.5,-9.5,-21.125,#001C32,120
2293,7.5,-9.375,-14.75,#001B2A,120
2331,7.5,-4.375,-10.625,#011924,120
2335,7.5,-4.125,-16.875,#00192D,120
2377,7.5,0.0,-12.25,#091727,120
2409,7.5,2.875,-7.0,#161620,120
2451,7.5,6.625,-4.625,#1D141D,120
2492,7.5,11.375,-2.0,#241119,120
2540,7.5,20.75,-48.0,#001259,120
2576,7.5,37.625,10.625,#410004,120
2580,7.5,39.0,-16.75,#3A002D,120
2583,7.5,40.625,-24.75,#370038,120
2602,7.5,75.0,-61.875,#3F006E,120
2607,7.5625,24.0,-0.375,#310518,121
2618,7.5625,46.5,-51.5,#1F005E,121
2630,7.625,16.75,0.875,#2B0D16,122
2634,7.625,40.75,-32.875,#320043,122
2648,7.6875,46.5,-39.25,#33004D,123
2657,7.6875,103.875,-96.875,#2C00A5,123
2683,7.75,111.875,-83.25,#590090,124
2793,8.0,50.875,-13.5,#49002A,128
2796,8.0,64.875,-34.25,#4D0047,128
2800,8.0,86.0,-87.0,#1A0096,128
2833,8.0625,24.25,-22.375,#270936,129
2874,8.125,42.625,14.0,#470000,130
2881,8.125,88.125,-62.125,#520070,130
2892,8.1875,73.875,-80.25,#07008C,131
2894,8.1875,91.375,-78.625,#410089,131
2896,8.1875,95.625,-83.0,#400090,131
2949,8.375,20.875,-40.875,#001250,134
3081,8.5625,119.5,-97.5,#5100A9,137
3089,8.625,109.25,-91.0,#4B009E,138
3121,9.0,63.75,-48.375,#44005D,144
3135,9.1875,79.25,-55.875,#500069,147
3142,9.25,49.25,6.5,#4F0013,148
3161,9.3125,76.5,-46.625,#55005C,149
3178,9.4375,59.75,-21.75,#520039,151
3202,9.5,-34.25,-11.875,#00262A,152
3214,9.5,-28.75,-16.0,#002530,152
3219,9.5,-27.25,-9.75,#002427,152
3244,9.5,-22.125,-13.375,#00232C,152
3250,9.5,-21.5,-7.375,#002224,152
3294,9.5,-15.875,-5.25,#002021,152
3370,9.5,-9.625,-3.125,#041E1E,152
3632,9.5,3.25,0.25,#1F191A,152
3743,9.5,7.75,2.375,#251718,152
3939,9.5,20.125,6.375,#340D12,152
4014,9.5,26.375,9.875,#3B050C,152
4025,9.5,27.125,-35.75,#1E0C4C,152
4075,9.5,31.0,-4.0,#3C0021,152
4078,9.5,31.125,2.875,#3E0018,152
4128,9.5,34.875,-36.875,#29024D,152
4132,9.5,35.25,-45.25,#1B055A,152
4146,9.5,36.25,-0.875,#42001D,152
4152,9.5,36.75,-60.75,#000A71,152
4247,9.5,47.25,-31.875,#3F0047,152
4317,9.5,62.25,-75.625,#000088,152
4319,9.5,62.25,-62.625,#2E0074,152
4322,9.5,62.5,-28.5,#520042,152
4333,9.5,98.375,-72.75,#580084,152
4334,9.5,119.125,-108.5,#3800BE,152
4336,9.5625,-1.5,-5.75,#141C22,153
4346,9.5625,12.375,-45.625,#001A5A,153
4361,9.5625,40.875,-56.125,#01016A,153
4366,9.5625,76.25,-73.125,#340084,153
4370,9.5625,125.25,-103.25,#5400B5,153
4374,9.625,38.375,-7.375,#430025,154
4376,9.625,44.75,-65.5,#000078,154
4377,9.625,61.5,-42.375,#480056,154
4378,9.625,70.125,-58.5,#42006E,154
4382,9.625,97.375,-96.125,#2300A9,154
4405,9.75,114.0,-95.25,#4F00A9,156
4416,9.8125,49.75,-2.0,#4F001F,157
4438,9.9375,6.375,-41.25,#001D55,159
4458,9.9375,90.125,-92.375,#1B00A4,159
4459,9.9375,108.5,-103.0,#2E00B6,159
4470,10.0,24.625,-53.625,#001567,160
4501,10.0625,83.875,-69.875,#490081,161
4523,10.1875,0.375,-28.75,#001E43,163
4527,10.1875,28.0,-12.75,#37072D,163
4532,10.1875,45.125,-7.0,#4B0026,163
4543,10.25,14.75,-18.875,#221636,164
4582,10.375,12.25,-37.875,#001A51,166
4591,10.375,68.75,-72.25,#280085,166
4669,10.5625,49.625,17.0,#550001,169
4670,10.5625,49.75,-25.625,#490040,169
4676,10.5625,56.5,-61.125,#290074,169
4686,10.5625,79.375,-85.625,#14009B,169
4689,10.5625,85.625,-81.125,#390094,169
4693,10.5625,99.625,-79.0,#550091,169
4706,10.625,108.5,-79.0,#620091,170
4728,10.75,70.125,-36.375,#590050,172
4756,10.875,118.125,-86.75,#67009E,174
4768,10.9375,93.25,-63.5,#600079,175
4791,11.125,41.25,19.125,#4F0000,178
4799,11.125,57.0,-7.5,#590029,178
4801,11.125,59.0,-16.0,#580035,178
4826,11.1875,83.125,-51.25,#5F0067,179
4842,11.375,48.25,-17.75,#4D0037,182
4864,11.5,-46.375,-3.75,#002C23,184
4871,11.5,-41.625,-7.75,#002B28,184
4881,11.5,-38.125,-1.75,#002A20,184
4913,11.5,-31.125,0.25,#00281D,184
4957,11.5,-25.0,-21.875,#00283C,184
4959,11.5,-25.0,1.75,#00261C,184
5050,11.5,-16.875,3.75,#002419,184
5097,11.5,-13.875,-31.25,#00264A,184
5155,11.5,-10.875,-9.875,#00232C,184
5213,11.5,-8.25,-36.0,#002551,184
5233,11.5,-7.625,6.375,#172116,184
5340,11.5,-3.75,-0.125,#19201F,184
5357,11.5,-3.25,7.5,#1E1F14,184
5359,11.5,-3.125,-40.25,#002457,184
5476,11.5,0.375,3.75,#211E19,184
5596,11.5,3.75,7.75,#271C14,184
5635,11.5,4.875,-11.625,#1C1D2E,184
5743,11.5,8.375,-31.125,#001E4A,184
5751,11.5,8.375,10.625,#2D1A0F,184
5781,11.5,9.625,-9.625,#251A2C,184
5874,11.5,12.875,8.25,#321714,184
5898,11.5,14.0,-29.375,#121A47,184
5926,11.5,15.0,-5.75,#2F1727,184
5971,11.5,17.125,12.75,#37140C,184
5977,11.5,17.375,-34.375,#0E194E,184
6002,11.5,18.5,-23.875,#251640,184
6062,11.5,21.5,-29.25,#231547,184
6185,11.5,28.0,-41.75,#181159,184
6228,11.5,30.25,-27.25,#320A44,184
6234,11.5,30.5,16.375,#450204,184
6376,11.5,38.875,5.375,#4B0019,184
6396,11.5,40.625,-39.375,#340056,184
6413,11.5,41.875,-12.0,#490030,184
6436,11.5,44.75,-45.0,#33005E,184
6474,11.5,52.0,-71.75,#000087,184
6486,11.5,56.625,-50.5,#3E0067,184
6488,11.5,61.75,-69.75,#200084,184
6497,11.5,92.375,-70.25,#590085,184
6498,11.5,102.625,-92.25,#4600A8,184
6499,11.5,123.25,-113.75,#3B00CC,184
6505,11.5625,4.125,-24.0,#011F40,185
6513,11.5625,23.25,-6.0,#380F27,185
6515,11.5625,45.0,2.625,#51001D,185
6517,11.5625,46.75,-56.75,#200070,185
6526,11.5625,61.25,-55.375,#3F006E,185
6531,11.5625,101.875,-101.625,#2600B8,185
6534,11.5625,112.5,-107.75,#3100C2,185
6537,11.625,33.625,8.875,#470014,186
6539,11.625,39.875,-48.625,#240364,186
6545,11.625,67.25,-80.125,#000095,186
6552,11.625,122.625,-91.5,#6A00A8,186
6557,11.6875,59.875,-36.875,#500053,187
6561,11.6875,91.25,-86.0,#3D009F,187
6568,11.75,36.375,-21.25,#3F003D,188
6576,11.75,69.0,-64.625,#3E007D,188
6578,11.75,77.0,-67.125,#470081,188
6592,11.875,-19.5,-26.5,#002844,190
6670,12.0625,53.0,-35.875,#490052,193
6671,12.0625,55.625,-29.25,#510049,193
6682,12.125,-5.625,-21.125,#00243D,194
6706,12.1875,-0.75,-18.625,#022239,195
6730,12.25,-12.125,-24.0,#002641,196
6772,12.3125,6.75,-46.75,#002363,197
6775,12.3125,24.75,-18.125,#351139,197
6800,12.3125,72.0,-49.25,#560067,197
6810,12.375,-17.25,-19.875,#00283B,198
6813,12.375,-6.25,-29.625,#002549,198
6817,12.375,13.75,-50.75,#002069,198
6820,12.375,28.75,-49.375,#001567,198
6847,12.4375,-32.625,-6.875,#002B29,199
6848,12.4375,-26.125,-4.625,#002926,199
6850,12.4375,-16.125,-13.5,#002733,199
6865,12.4375,34.125,-53.625,#00116D,199
6893,12.5,-10.875,-17.75,#002639,200
6901,12.5,18.875,-11.75,#321631,200
6938,12.5625,38.125,-66.25,#001281,201
6950,12.5625,54.75,3.75,#5D001E,201
6951,12.5625,55.0,12.375,#5E0012,201
6953,12.5625,56.125,-67.0,#1D0083,201
6963,12.5625,73.25,-85.625,#0000A0,201
6965,12.5625,81.125,-76.5,#410092,201
6967,12.5625,89.125,-56.0,#660072,201
6969,12.5625,98.0,-86.375,#4D00A2,201
6981,12.625,81.75,-91.75,#0000AB,202
6990,12.6875,116.0,-102.625,#4F00BD,203
6993,12.75,39.625,-27.5,#410048,204
7103,13.0,104.375,-84.125,#5D009F,208
7151,13.125,48.5,-11.375,#540033,210
7152,13.125,57.75,-1.875,#600026,210
7279,13.5,-57.125,4.125,#00311C,216
7285,13.5,-52.875,-1.125,#003123,216
7292,13.5,-50.875,5.375,#00301A,216
7324,13.5,-42.375,6.875,#002E18,216
7341,13.5,-39.25,-15.875,#002F38,216
7362,13.5,-36.375,6.125,#002D19,216
7380,13.5,-34.25,-21.25,#002E40,216
7418,13.5,-30.5,9.0,#002C15,216
7432,13.5,-29.125,-26.75,#002D48,216
7485,13.5,-25.0,-31.25,#002D4E,216
7490,13.5,-24.625,10.25,#002A13,216
7562,13.5,-20.125,-1.5,#002924,216
7569,13.5,-19.75,-34.25,#002C53,216
7603,13.5,-18.0,11.5,#092812,216
7671,13.5,-14.5,-37.25,#002B57,216
7777,13.5,-10.125,12.875,#1A2610,216
7927,13.5,-5.125,13.75,#22240E,216
8202,13.5,2.375,15.125,#2C210C,216
8427,13.5,8.375,-20.0,#1C203E,216
8499,13.5,10.5,-1.375,#301D25,216
8794,13.5,21.25,-44.0,#001C62,216
8876,13.5,25.0,-0.25,#411124,216
8882,13.5,25.25,-59.375,#001D79,216
9133,13.5,45.625,-71.0,#000A8B,216
9138,13.5,53.25,22.875,#610000,216
9139,13.5,54.125,-19.375,#58003F,216
9148,13.5,60.25,-80.625,#00009B,216
9151,13.5,62.625,-10.0,#640032,216
9153,13.5,65.5,-22.5,#630043,216
9156,13.5,74.125,-61.375,#50007D,216
9159,13.5,81.5,-61.5,#5A007D,216
9164,13.5,89.875,-97.75,#0D00B7,216
9166,13.5,95.5,-101.0,#1800BC,216
9168,13.5,107.25,-96.5,#4D00B5,216
9177,13.5625,-4.0,-10.75,#0F2531,217
9180,13.5625,0.625,-11.875,#192333,217
9181,13.5625,3.25,-4.75,#242129,217
9184,13.5625,22.375,16.625,#42130A,217
9188,13.5625,35.0,-15.0,#460438,217
9189,13.5625,38.5,14.0,#520011,217
9193,13.5625,46.75,23.375,#5B0000,217
9194,13.5625,50.375,-49.5,#3B006A,217
9202,13.5625,66.625,-45.125,#570064,217
9206,13.5625,73.875,-41.5,#62005F,217
9209,13.5625,81.125,-45.875,#670065,217
9220,13.625,11.5,16.875,#371C09,218
9222,13.625,19.0,-54.875,#002072,218
9224,13.625,33.375,-32.5,#370C51,218
9225,13.625,43.125,-33.75,#430053,218
9227,13.625,47.625,-39.375,#43005B,218
9237,13.625,72.5,-77.875,#2D0097,218
9238,13.625,87.625,-75.75,#510094,218
9241,13.625,94.375,-75.5,#5C0093,218
9243,13.625,98.5,-67.375,#6B0087,218
9247,13.625,113.125,-89.125,#6600A9,218
9249,13.6875,1.875,-37.75,#002658,219
9254,13.6875,16.375,0.125,#381A23,219
9260,13.6875,32.0,-61.625,#00187D,219
9261,13.6875,32.25,-9.625,#450831,219
9262,13.6875,34.625,21.125,#500001,219
9295,13.75,67.25,-29.0,#62004D,220
9297,13.75,106.125,-107.375,#2700C8,220
9313,13.8125,104.5,-75.125,#6B0093,221
9314,13.8125,113.25,-83.125,#6E00A0,221
9327,13.875,77.5,-52.5,#5F0070,222
9367,14.0,74.375,-32.5,#690053,224
9376,14.0625,23.875,-38.0,#1E1A5A,225
9561,14.375,52.125,-62.75,#270081,230
9572,14.4375,-32.875,-15.0,#002F39,231
9573,14.4375,-10.375,0.25,#122924,231
9635,14.4375,120.5,-98.25,#6600BB,231
9651,14.5,39.875,-59.5,#01107C,232
9699,14.5625,-45.0,-19.875,#003240,233
9738,14.5625,24.25,6.0,#44141D,233
9753,14.5625,42.625,-22.625,#4D0045,233
9756,14.5625,45.25,9.25,#5A001A,233
9762,14.5625,54.125,-78.625,#00009A,233
9769,14.5625,66.25,-51.25,#530070,233
9780,14.5625,94.0,-91.125,#4100AF,233
9788,14.5625,114.125,-113.375,#2E00D4,233
9792,14.5625,125.125,-118.875,#3D00DE,233
9793,14.625,-40.375,-23.75,#003246,234
9794,14.625,-35.375,-27.25,#00314B,234
9795,14.625,-25.0,-16.5,#002E3C,234
9808,14.625,24.0,-24.25,#341847,234
9821,14.625,53.125,-44.25,#490065,234
9824,14.625,60.125,-25.5,#5F004A,234
9834,14.625,88.75,-62.0,#660081,234
9885,14.6875,65.125,-36.875,#5E005B,235
9887,14.6875,66.75,-86.25,#0000A7,235
9909,14.75,-2.125,-46.125,#002B68,236
9960,14.75,31.25,-19.875,#410F42,236
9972,14.75,40.5,-4.25,#53002C,236
10207,14.8125,46.25,-28.5,#4E004E,237
10217,14.8125,60.75,-47.625,#50006B,237
10345,14.875,13.5,-14.625,#2E1F3A,238
10373,14.875,19.375,-17.25,#341B3E,238
10470,14.875,78.375,-37.625,#6D005C,238
10532,14.9375,-6.625,-5.0,#15292C,239
10681,14.9375,61.0,5.625,#6A0021,239
10688,14.9375,123.5,-107.125,#5C00CB,239
10719,15.0,-7.5,-43.375,#002D64,240
10791,15.0,54.0,-55.625,#3C0077,240
10807,15.0625,-22.75,-9.25,#002E32,241
10829,15.0625,-0.125,-2.5,#242629,241
10840,15.0625,16.875,-40.0,#00215F,241
10841,15.0625,17.875,5.875,#3F1B1E,241
10844,15.0625,32.625,-39.0,#31135E,241
10845,15.0625,34.0,3.5,#4F0622,241
10855,15.0625,52.375,-5.0,#60002E,241
10859,15.0625,71.375,-55.0,#580077,241
10879,15.125,-3.375,-34.25,#002A57,242
10884,15.125,5.0,1.875,#2E2323,242
10885,15.125,8.0,-36.25,#00265A,242
10903,15.125,40.375,24.5,#590000,242
10906,15.125,54.625,-13.0,#600039,242
10911,15.125,58.875,20.25,#6A000B,242
10940,15.1875,25.0,-10.5,#401635,243
10941,15.1875,28.25,11.875,#4B1017,243
10955,15.1875,62.0,-60.125,#43007F,243
10960,15.1875,82.0,-82.75,#3D00A3,243
10979,15.25,10.75,-42.5,#002664,244
11001,15.25,85.875,-87.625,#3A00AB,244
11002,15.25,97.375,-61.5,#740082,244
11003,15.25,107.25,-90.25,#6000B0,244
11011,15.3125,-0.5,-25.25,#00294A,245
11022,15.3125,26.375,-32.25,#301955,245
11041,15.3125,75.25,-91.5,#0000B2,245
11048,15.3125,100.0,-96.125,#4500BA,245
11084,15.4375,34.5,-46.125,#29146A,247
11102,15.5,-66.25,11.0,#003715,248
11114,15.5,-57.375,13.5,#003511,248
11130,15.5,-51.25,14.5,#003410,248
11179,15.5,-40.25,16.0,#00320D,248
11270,15.5,-29.0,17.75,#002F0A,248
11345,15.5,-21.375,18.625,#0B2D08,248
11412,15.5,-15.125,19.75,#1A2C06,248
11499,15.5,-8.25,20.875,#252904,248
11586,15.5,-2.125,21.75,#2D2702,248
11665,15.5,3.0,21.375,#332403,248
11749,15.5,11.375,23.75,#3D2000,248
11789,15.5,16.5,20.25,#421C07,248
11808,15.5,21.125,24.875,#471800,248
11835,15.5,27.75,24.0,#4E1100,248
11878,15.5,73.125,-25.625,#6F004D,248
11880,15.5,83.5,-97.25,#0000BC,248
11911,15.5625,41.0,-53.625,#270D76,249
11930,15.5625,82.125,-67.125,#5A008B,249
11937,15.625,-34.75,12.875,#003113,250
11977,15.625,58.125,-72.25,#1C0093,250
11982,15.625,68.5,-15.625,#6E003F,250
11990,15.625,91.625,-81.375,#5500A2,250
12005,15.6875,32.25,-2.75,#4D0C2C,251
12035,15.6875,110.125,-102.375,#4E00C5,251
12037,15.6875,113.125,-95.0,#6300B9,251
12040,15.6875,127.0,-101.25,#7000C3,251
12096,15.75,49.375,0.25,#600029,252
12103,15.75,63.25,0.0,#6E002A,252
12105,15.75,72.5,-69.75,#470090,252
12108,15.75,87.25,-48.125,#73006E,252
12113,15.75,99.375,-106.75,#1500CD,252
12194,15.875,3.0,-17.75,#1A2741,254
12242,15.9375,-13.125,-6.0,#002D30,255
12243,15.9375,-12.0,7.25,#182C1D,255
12267,15.9375,9.125,6.125,#37231F,255
12274,15.9375,20.875,11.25,#461A19,255
12292,15.9375,44.125,-63.5,#090E86,255
12299,15.9375,52.5,-25.5,#5A004D,255
12499,16.125,19.625,-4.5,#3F1C2F,258
12515,16.125,50.0,27.75,#660000,258
12565,16.1875,7.25,-26.25,#14274E,259
12623,16.1875,50.5,15.0,#650016,259
12630,16.25,-41.25,0.25,#003427,260
12710,16.25,18.375,-49.5,#002571,260
13096,16.4375,-15.0,-27.25,#00304F,263
13205,16.4375,110.25,-73.625,#7D0098,263
13214,16.5,-20.0,5.0,#003021,264
13249,16.5,-1.375,15.875,#2E2912,264
13324,16.5625,-62.75,-9.125,#003935,265
13330,16.5625,-58.5,-14.0,#00393C,265
13337,16.5625,-56.5,-6.5,#003831,265
13347,16.5625,-52.875,-17.875,#003842,265
13349,16.5625,-52.25,-11.25,#003738,265
13369,16.5625,-46.75,-8.625,#003634,265
13424,16.5625,-31.125,-31.625,#003556,265
13514,16.5625,2.5,-32.0,#002B57,265
13523,16.5625,5.75,-53.5,#002D78,265
13545,16.5625,13.75,-56.125,#00297C,265
13553,16.5625,18.625,-61.0,#002883,265
13563,16.5625,24.875,-64.625,#002589,265
13577,16.5625,32.125,-68.25,#00208F,265
13592,16.5625,40.125,-44.0,#3A0D69,265
13602,16.5625,46.375,-77.25,#00149E,265
13616,16.5625,58.125,28.5,#6F0000,265
13627,16.5625,63.25,11.25,#72001D,265
13629,16.5625,66.25,-68.625,#400090,265
13642,16.5625,82.875,-56.125,#6A007D,265
13659,16.625,-31.625,3.375,#003324,266
13668,16.625,-0.125,9.125,#2E291C,266
13694,16.625,36.25,28.625,#5A0300,266
13697,16.625,39.375,8.75,#5A001F,266
13711,16.625,60.875,-40.75,#5B0065,266
13723,16.625,127.0,-112.75,#5D00DA,266
13724,16.6875,-47.25,-14.625,#00373D,267
13749,16.6875,13.5,-25.125,#26244D,267
13768,16.6875,40.125,-73.375,#001A98,267
13772,16.6875,42.375,-15.5,#560040,267
13798,16.6875,118.125,-118.125,#3300E3,267
13799,16.6875,118.5,-84.125,#7E00AA,267
13834,16.75,6.625,17.125,#392511,268
13845,16.75,18.0,-31.25,#262257,268
13865,16.75,66.875,-75.75,#31009C,268
13866,16.75,67.625,-5.75,#740034,268
13869,16.75,84.5,-41.25,#770067,268
13872,16.75,94.625,-55.0,#7A007C,268
13873,16.75,104.625,-67.0,#7D008E,268
13921,16.8125,-7.25,-15.375,#002D3F,269
13973,16.8125,29.125,-53.625,#001F79,269
13980,16.8125,38.5,-10.0,#540439,269
13986,16.8125,43.5,17.0,#600014,269
14011,16.8125,88.625,-69.0,#650092,269
14019,16.875,-37.5,-6.5,#003532,270
14099,16.875,12.875,-8.5,#362336,270
14115,16.875,35.375,-24.5,#480F4D,270
14120,16.875,41.75,2.125,#5C0028,270
14127,16.875,58.25,-34.0,#5E005C,270
14131,16.875,59.375,-19.5,#670047,270
14142,16.875,99.125,-81.875,#6400A7,270
14193,16.9375,6.625,-14.75,#28283F,271
14194,16.9375,7.25,-8.5,#2E2736,271
14207,16.9375,13.375,12.0,#402219,271
14237,16.9375,54.75,7.875,#6A0021,271
14325,17.0625,-28.875,-10.125,#003438,273
14399,17.0625,98.375,-72.5,#700098,273
14407,17.125,-14.75,-17.125,#003142,274
14414,17.125,-2.625,1.875,#272B27,274
14451,17.125,24.375,-49.25,#002273,274
14480,17.125,123.625,-93.75,#7B00BB,274
14486,17.1875,-20.5,-23.0,#00334B,275
14530,17.1875,38.25,-37.625,#410F61,275
14552,17.1875,75.25,-46.875,#6A0070,275
14556,17.1875,90.75,-102.75,#0400CA,275
14562,17.1875,116.0,-106.625,#5600D1,275
14563,17.1875,118.375,-90.25,#7800B5,275
14619,17.25,46.375,-6.75,#5F0035,276
14629,17.25,77.125,-74.5,#4C009B,276
14636,17.25,114.875,-78.0,#8100A2,276
14672,17.3125,26.25,-43.5,#20206A,277
14680,17.3125,32.625,15.875,#560E16,277
14694,17.3125,49.0,-16.0,#5E0042,277
14695,17.3125,52.125,-69.375,#190293,277
14784,17.375,60.75,-53.25,#51007A,278
14788,17.375,69.25,-40.875,#680067,278
14799,17.4375,-29.0,-2.75,#00342E,279
14835,17.4375,4.625,9.625,#36281D,279
14871,17.4375,35.125,-57.25,#071B80,279
14883,17.4375,45.625,-46.625,#420370,279
14885,17.4375,52.0,-32.375,#59005A,279
14900,17.4375,108.0,-81.0,#7500A7,279
14903,17.5,-73.875,17.75,#003C0E,280
14914,17.5,-65.75,20.75,#003B07,280
14937,17.5,-55.625,21.625,#003906,280
14987,17.5,-44.0,22.75,#003703,280
15023,17.5,-36.625,21.0,#003508,280
15056,17.5,-29.625,24.0,#003401,280
15113,17.5,-19.875,24.75,#173100,280
15192,17.5,-6.125,-25.5,#002F50,280
15373,17.5,69.0,-91.875,#0000B8,280
15375,17.5,77.5,-96.875,#0000C1,280
15407,17.5625,2.625,-43.5,#002E6B,281
15477,17.5625,102.25,-101.375,#4500C9,281
15478,17.5625,108.25,-114.0,#2300DE,281
15498,17.625,-4.0,8.625,#2A2D1F,282
15523,17.625,4.5,26.875,#3B2800,282
15584,17.625,60.25,-66.75,#3B0090,282
15598,17.625,79.625,-30.5,#7A0059,282
15600,17.625,93.25,-65.25,#72008E,282
15605,17.6875,-44.375,11.125,#00381A,283
15695,17.6875,58.5,-86.0,#0002AF,283
15726,17.75,-11.5,-32.875,#00335B,284
15834,17.8125,-15.375,-0.25,#0A312C,285
15898,17.8125,42.375,30.0,#630000,285
15907,17.8125,48.875,-57.75,#360382,285
15921,17.8125,67.375,-58.875,#550084,285
16015,17.875,25.75,-5.0,#4A1B34,286
16053,17.875,76.0,-81.25,#3D00A8,286
16058,17.875,101.375,-88.75,#6100B5,286
16139,17.9375,57.375,1.75,#6E002C,287
16145,17.9375,74.875,-20.125,#7A004B,287
16162,18.0,-16.875,-10.875,#00333B,288
16168,18.0,-11.75,25.125,#263001,288
16190,18.0,10.125,-48.125,#002D73,288
16229,18.0625,-60.375,6.75,#003B21,289
16230,18.0625,-48.375,-3.0,#003A30,289
16324,18.0625,60.0,-6.875,#6F0038,289
16373,18.125,0.875,2.625,#2F2C29,290
16419,18.125,53.0,-38.375,#570065,290
16421,18.125,57.875,14.125,#72001C,290
16435,18.125,77.75,-59.25,#650086,290
16457,18.1875,-2.875,-7.0,#212E36,291
16495,18.1875,54.625,-50.375,#4D0078,291
16499,18.1875,69.5,-33.125,#6F005E,291
16551,18.3125,-29.375,-18.375,#003847,293
16566,18.3125,-13.75,12.75,#1E321A,293
16597,18.3125,27.5,2.375,#50192A,293
16608,18.3125,47.0,-35.625,#520061,293
16702,18.375,110.0,-107.75,#4A00D6,294
16760,18.4375,39.625,-66.625,#001C92,295
16772,18.4375,63.875,20.875,#790014,295
16865,18.5625,-41.125,-30.375,#003C59,297
16907,18.5625,-23.75,-39.75,#003967,297
16927,18.5625,-18.125,-43.0,#00386C,297
16954,18.5625,-7.625,-48.875,#003575,297
16974,18.5625,-2.125,-51.75,#00347A,297
17110,18.5625,62.75,-13.625,#710042,297
17119,18.5625,67.75,5.125,#7B0029,297
17128,18.5625,86.375,-79.75,#5800A8,297
17141,18.5625,124.875,-125.5,#3500F5,297
17175,18.625,13.25,-36.625,#0D2A63,298
17214,18.625,47.875,5.375,#670028,298
17230,18.625,69.5,-48.0,#660075,298
17231,18.625,70.25,-83.0,#2900AD,298
17256,18.6875,-1.25,-18.75,#132F48,299
17296,18.6875,26.125,18.375,#541A14,299
17300,18.6875,29.0,-26.25,#431C54,299
17312,18.6875,38.5,-19.625,#540D4B,299
17350,18.6875,89.625,-94.0,#3F00BF,299
17360,18.75,-12.25,-44.625,#00376F,300
17363,18.75,-4.875,-39.375,#003367,300
17397,18.75,13.75,-2.0,#3F2631,300
17410,18.75,22.25,-55.375,#002880,300
17420,18.75,29.0,-15.625,#4B1B45,300
17441,18.75,50.625,-81.25,#0014AA,300
17453,18.75,67.75,-24.375,#730052,300
17454,18.75,72.125,-10.375,#7D003F,300
17457,18.75,81.375,-90.25,#3300B9,300
17464,18.75,102.25,-112.5,#1000DF,300
17465,18.8125,-29.375,-37.0,#003A64,301
17532,18.8125,61.5,-77.75,#2000A5,301
17537,18.8125,84.625,-74.0,#5F009F,301
17541,18.875,-20.125,-29.625,#003759,302
17565,18.875,7.125,-2.625,#372A32,302
17600,18.875,30.5,31.375,#5B1500,302
17637,18.875,81.75,-49.25,#750078,302
17642,18.875,103.0,-61.5,#86008C,302
17679,18.9375,46.875,-23.75,#5C0051,303
17692,18.9375,71.25,-63.375,#59008E,303
17699,18.9375,92.625,-48.5,#830077,303
17988,19.1875,38.5,19.375,#620715,307
18015,19.25,-18.75,-36.5,#003964,308
18132,19.3125,2.25,-12.75,#272F41,309
18155,19.3125,21.5,-36.25,#2A2664,309
18163,19.3125,32.25,-34.75,#401C62,309
18184,19.3125,57.625,-59.75,#480089,309
18301,19.4375,-25.625,-32.25,#003A5E,311
18390,19.4375,53.25,21.75,#720013,311
18397,19.4375,61.5,-28.875,#6C005A,311
18419,19.5,-82.125,4.75,#004227,312
18424,19.5,-81.875,11.875,#00421C,312
18430,19.5,-81.625,19.25,#00410F,312
18438,19.5,-78.625,-2.0,#004231,312
18440,19.5,-78.125,26.125,#004100,312
18456,19.5,-74.125,6.5,#004124,312
18464,19.5,-73.25,-5.375,#004136,312
18474,19.5,-70.875,27.5,#004000,312
18487,19.5,-68.5,3.0,#00402A,312
18494,19.5,-67.25,-5.625,#004036,312
18562,19.5,-57.0,28.5,#003E00,312
18584,19.5,-54.5,1.5,#003E2C,312
18613,19.5,-51.0,26.5,#003D00,312
18628,19.5,-49.75,7.75,#003D23,312
18677,19.5,-45.0,29.125,#003C00,312
18727,19.5,-40.125,-19.75,#003D4B,312
18747,19.5,-38.5,-12.25,#003C40,312
18762,19.5,-37.375,27.25,#003A00,312
18860,19.5,-28.125,12.875,#00381B,312
18866,19.5,-27.5,-24.625,#003A53,312
18886,19.5,-26.125,30.375,#103700,312
18921,19.5,-23.25,-1.75,#003831,312
18954,19.5,-20.5,-16.125,#003846,312
19122,19.5,-9.375,31.375,#2F3200,312
19203,19.5,-5.0,26.875,#333002,312
19274,19.5,-1.0,31.5,#3A2F00,312
19397,19.5,7.5,32.625,#442A00,312
19416,19.5,9.25,-20.0,#2C2C4C,312
19465,19.5,14.5,33.0,#4C2600,312
19484,19.5,17.5,15.75,#4C2419,312
19501,19.5,20.625,30.125,#522100,312
19524,19.5,29.5,-9.5,#511B3E,312
19550,19.5,42.875,-30.75,#54095D,312
19572,19.5,63.5,-89.75,#0000BA,312
19588,19.5,86.0,-35.125,#840064,312
19592,19.5,95.25,-96.5,#4900C6,312
19595,19.5,102.125,-76.875,#7800A6,312
19596,19.5,105.625,-96.5,#6000C6,312
19601,19.5625,-64.125,27.875,#003F00,313
19603,19.5625,-38.75,8.0,#003B23,313
19613,19.5625,-20.875,13.875,#11371A,313
19616,19.5625,-17.25,30.875,#233500,313
19658,19.5625,19.5,-12.75,#422542,313
19660,19.5625,21.125,-22.0,#3D2550,313
19695,19.5625,44.875,-70.25,#00199A,313
19697,19.5625,45.5,-52.25,#3F0E7E,313
19701,19.5625,49.625,33.5,#700000,313
19713,19.5625,84.875,-103.375,#0000D2,313
19722,19.5625,117.625,-96.25,#7600C6,313
19724,19.625,-62.125,14.0,#003F19,314
19725,19.625,-50.0,19.625,#003D10,314
19735,19.625,-9.625,-21.0,#00354E,314
19775,19.625,30.625,-63.25,#00268F,314
19784,19.625,36.75,-4.75,#5B1037,314
19795,19.625,55.625,33.75,#760000,314
19803,19.625,70.75,-1.0,#800034,314
19804,19.625,74.875,-52.875,#6B007F,314
19810,19.625,94.5,-86.25,#5E00B5,314
19813,19.625,112.75,-89.5,#7800BB,314
19814,19.625,119.0,-112.75,#5700E2,314
19816,19.6875,-61.875,0.625,#003F2E,315
19824,19.6875,-25.5,5.75,#003827,315
19832,19.6875,-5.25,14.5,#30311A,315
19838,19.6875,1.375,-37.625,#003367,315
19842,19.6875,2.625,-5.25,#302F37,315
19870,19.6875,29.625,-47.875,#252377,315
19876,19.6875,37.0,-51.375,#2F1C7D,315
19893,19.6875,62.0,33.875,#7C0000,315
19985,19.75,54.5,-9.0,#6E003E,316
19994,19.75,74.75,-40.25,#75006C,316
19999,19.75,91.375,-73.5,#6D00A1,316
20000,19.75,93.75,-108.25,#0000DB,316
20002,19.75,95.875,-77.625,#6E00A8,316
20009,19.8125,-45.25,3.125,#003D2A,317
20023,19.8125,-7.5,3.375,#26332B,317
20070,19.8125,26.375,8.25,#551D25,317
20078,19.8125,32.75,7.375,#5B1627,317
20102,19.8125,89.625,-56.875,#7B0086,317
20105,19.8125,122.75,-102.625,#7500D2,317
20158,19.875,8.0,-31.75,#0F2F5F,318
20218,19.9375,-47.0,-21.875,#003F50,319
20247,19.9375,-8.25,-9.5,#15343E,319
20285,19.9375,13.75,5.875,#462828,319
20292,19.9375,17.75,-44.5,#002C72,319
20308,19.9375,32.875,23.875,#5F150E,319
20312,19.9375,34.875,-14.0,#561645,319
20323,19.9375,46.625,24.375,#6D000F,319
20325,19.9375,50.875,-75.125,#0012A3,319
20336,19.9375,68.125,16.75,#81001C,319
20341,19.9375,81.5,-25.25,#850057,319
20345,19.9375,98.75,-66.75,#7F0097,319
20375,20.0,-3.125,-30.375,#00345D,320
20437,20.0625,-35.375,0.0,#003C30,321
20483,20.0625,21.375,4.875,#4F232A,321
20502,20.0625,42.125,-57.625,#2E1888,321
20530,20.0625,112.25,-118.25,#2F00ED,321
20554,20.125,14.875,27.0,#4C2705,322
20597,20.125,85.125,-64.0,#700092,322
20645,20.1875,63.0,-35.75,#6B0067,323
20650,20.1875,77.875,-15.0,#860049,323
20754,20.3125,76.75,-86.75,#3800B8,325
20762,20.3125,123.875,-117.625,#5900ED,325
21039,20.5,54.625,-15.75,#6D004A,328
21049,20.5,75.25,-5.375,#87003C,328
21053,20.5,89.25,-40.625,#88006F,328
21070,20.5625,-68.25,-17.5,#00434A,329
21077,20.5625,-62.0,-21.5,#004350,329
21086,20.5625,-55.625,-25.375,#004256,329
21094,20.5625,-49.5,-28.75,#00425B,329
21108,20.5625,-37.25,-35.375,#004066,329
21218,20.5625,8.375,-61.25,#00358E,329
21245,20.5625,17.25,-66.5,#003297,329
21262,20.5625,21.875,-28.25,#3A275B,329
21270,20.5625,24.875,-69.875,#002E9C,329
21290,20.5625,35.0,-76.625,#0028A7,329
21295,20.5625,36.25,34.375,#651000,329
21307,20.5625,41.875,-79.125,#0023AC,329
21319,20.5625,58.0,-45.125,#5E0076,329
21332,20.5625,67.625,28.75,#84000B,329
21358,20.625,-34.25,-23.625,#003E54,330
21391,20.625,1.25,-57.125,#003888,330
21443,20.625,38.75,13.5,#650C20,330
21453,20.625,44.0,-40.375,#4F0F6E,330
21469,20.625,54.875,-21.75,#6B0053,330
21478,20.625,71.25,-73.875,#4D00A4,330
21488,20.625,99.0,-56.75,#8A0089,330
21568,20.6875,11.625,16.875,#482B19,331
21569,20.6875,12.0,-14.75,#392D48,331
21612,20.6875,47.875,11.625,#6F0023,331
21633,20.6875,74.375,-29.25,#7E005E,331
21638,20.6875,80.25,-69.875,#63009D,331
21648,20.6875,126.125,-107.75,#7500DD,331
21728,20.75,2.125,15.75,#3C301B,332
21743,20.75,7.75,-42.0,#003271,332
21790,20.75,53.625,-64.625,#3B0495,332
21809,20.75,88.5,-85.5,#5800B7,332
21813,20.75,111.75,-99.125,#6B00CE,332
21859,20.8125,-9.5,-2.125,#1F3635,333
21907,20.8125,0.375,23.75,#3C310D,333
21978,20.8125,23.375,35.75,#592100,333
22015,20.8125,70.75,-97.125,#0000CB,333
22137,20.875,46.0,-11.875,#660045,334
22163,20.9375,-62.625,-14.0,#004346,335
22231,20.9375,-2.375,-44.625,#003875,335
22244,20.9375,2.25,-23.625,#183355,335
22285,20.9375,34.875,-43.75,#3D1F74,335
22368,21.0,103.75,-83.625,#7600B5,336
22601,21.25,-51.875,-7.5,#00423D,340
22715,21.3125,-57.0,-10.625,#004342,341
22822,21.3125,80.625,-40.5,#800071,341
22834,21.375,-25.5,-7.625,#003D3E,342
22970,21.375,113.125,-69.125,#94009F,342
23077,21.4375,47.875,-1.0,#6E0036,343
23107,21.5,-80.875,31.375,#004600,344
23114,21.5,-73.75,32.875,#004500,344
23165,21.5,-53.875,12.25,#004220,344
23255,21.5,-39.375,34.875,#003F00,344
23267,21.5,-37.375,16.5,#003F19,344
23308,21.5,-31.75,18.875,#003E16,344
23323,21.5,-30.0,35.375,#0C3D00,344
23376,21.5,-22.0,35.875,#203B00,344
23417,21.5,-15.875,5.5,#1A3A2B,344
23457,21.5,-10.625,18.125,#2D3718,344
23557,21.5,3.5,-48.75,#00377D,344
23589,21.5,9.625,-54.5,#003586,344
23620,21.5,21.75,23.5,#572511,344
23642,21.5,33.125,0.375,#5E1A34,344
23664,21.5,51.5,-46.125,#570079,344
23670,21.5,54.0,-2.5,#740039,344
23697,21.5,81.375,-81.875,#5400B3,344
23698,21.5,86.25,-45.875,#84007A,344
23711,21.5625,-66.25,33.125,#004400,345
23717,21.5625,-23.75,20.875,#143C13,345
23722,21.5625,-16.625,-20.75,#003C52,345
23725,21.5625,-15.125,36.375,#2C3900,345
23734,21.5625,-3.375,36.625,#3C3400,345
23761,21.5625,5.25,3.5,#3D312F,345
23780,21.5625,14.125,-30.875,#2A2F62,345
23785,21.5625,16.125,-52.5,#003183,345
23833,21.5625,54.375,-88.5,#0019BE,345
23843,21.5625,64.0,1.375,#800034,345
23847,21.5625,67.0,-17.625,#7D004F,345
23858,21.5625,98.125,-48.875,#91007F,345
23861,21.5625,107.875,-75.875,#8700AA,345
23863,21.5625,116.375,-124.125,#2800FC,345
23866,21.625,-44.75,16.125,#00411A,346
23868,21.625,-32.5,-5.25,#003F3B,346
23925,21.625,25.875,-60.0,#002D8F,346
23943,21.625,42.125,37.125,#6F0400,346
23960,21.625,64.75,-64.875,#530098,346
23964,21.625,71.375,11.75,#890027,346
23968,21.625,86.5,-29.125,#8E0061,346
23970,21.625,105.125,-105.375,#5200DB,346
23974,21.6875,-47.25,34.5,#004100,347
24001,21.6875,3.625,37.125,#453100,347
24050,21.6875,42.75,-4.125,#68083B,347
24059,21.6875,52.75,27.75,#78000E,347
24071,21.6875,70.375,23.375,#8A0017,347
24077,21.6875,83.5,-96.125,#3100CC,347
24080,21.6875,104.875,-117.5,#1100F0,347
24083,21.75,-70.125,21.125,#004511,348
24084,21.75,-53.25,34.125,#004200,348
24101,21.75,-13.125,-7.5,#0C3A3F,348
24138,21.75,10.625,37.25,#4E2D00,348
24158,21.75,21.25,-1.0,#502736,348
24190,21.75,57.125,-73.0,#3104A5,348
24193,21.75,62.375,8.0,#80002B,348
24195,21.75,65.75,-43.625,#6D0077,348
24215,21.75,115.0,-83.625,#8900B7,348
24282,21.875,-12.0,-27.5,#003B5D,350
24304,21.875,-0.875,-1.5,#323537,350
24378,21.875,31.5,-71.75,#002CA3,350
24388,21.875,36.5,-30.5,#511C62,350
24393,21.875,41.125,-25.125,#5C135A,350
24414,21.875,60.625,26.25,#810012,350
24417,21.875,63.75,-72.875,#4300A5,350
24418,21.875,64.125,-83.0,#2100B6,350
24424,21.875,76.5,-101.25,#0000D5,350
24425,21.875,78.625,-34.625,#830069,350
24431,21.875,94.625,-43.25,#910077,350
24436,21.875,104.0,-71.25,#8700A3,350
24463,21.9375,-17.5,18.5,#223B18,351
24491,21.9375,7.125,23.625,#473011,351
24494,21.9375,9.375,-25.5,#29325A,351
24547,21.9375,45.5,-18.0,#660550,351
24566,21.9375,75.5,2.375,#8D0034,351
24576,21.9375,106.625,-90.625,#7400C3,351
24640,22.0,9.625,10.125,#472F26,352
24651,22.0,15.125,-20.625,#3B2E53,352
24664,22.0,27.5,-38.375,#3A276E,352
24690,22.0,62.375,-49.625,#640080,352
24696,22.0,68.75,-54.375,#680088,352
25197,22.3125,17.75,37.25,#572900,357
25218,22.3125,33.875,-22.375,#551F57,357
25234,22.3125,57.25,-36.375,#6A006D,357
25340,22.375,43.875,19.25,#70031C,358
25347,22.375,52.0,38.25,#7B0000,358
25368,22.375,87.875,-107.75,#0000E1,358
25412,22.4375,-0.875,10.5,#3A3626,359
25543,22.5,-2.375,4.625,#35372F,360
25628,22.5,46.375,-61.125,#381994,360
25648,22.5,66.375,-4.375,#83003E,360
25669,22.5625,-95.75,10.25,#004B25,361
25674,22.5625,-90.625,5.5,#004A2C,361
25678,22.5625,-87.875,12.75,#004A21,361
25733,22.5625,-69.0,12.375,#004722,361
25770,22.5625,-61.0,20.75,#004614,361
25863,22.5625,-42.125,-6.125,#00443E,361
25906,22.5625,-32.625,-29.875,#004362,361
25908,22.5625,-31.875,29.25,#004002,361
25923,22.5625,-29.75,-13.375,#004149,361
25961,22.5625,-19.125,-4.875,#003E3D,361
25976,22.5625,-14.5,-50.625,#004183,361
25992,22.5625,-7.875,-53.375,#003F87,361
26111,22.5625,29.875,37.625,#651F00,361
26129,22.5625,39.75,26.875,#6E0F10,361
26130,22.5625,41.0,-46.375,#481C7C,361
26140,22.5625,50.0,-28.375,#670061,361
26144,22.5625,55.625,5.25,#7B0031,361
26171,22.5625,77.0,-64.75,#6A009A,361
26179,22.5625,97.75,-101.625,#4D00D8,361
26181,22.5625,113.375,-110.875,#5B00E8,361
26182,22.5625,115.625,-103.625,#7000DB,361
26190,22.625,-43.375,-14.875,#00444B,362
26207,22.625,-16.25,25.5,#293C0D,362
26213,22.625,-10.875,-15.875,#003C4D,362
26246,22.625,6.875,-10.75,#393346,362
26265,22.625,18.25,-7.5,#4B2C42,362
26276,22.625,23.5,-46.25,#202E7C,362
26284,22.625,26.875,-52.75,#122C86,362
26285,22.625,27.5,25.875,#612210,362
26299,22.625,37.5,4.5,#671631,362
26320,22.625,62.0,-21.25,#790057,362
26321,22.625,62.375,-56.375,#5E008D,362
26334,22.625,81.0,-56.25,#79008D,362
26343,22.625,109.0,-64.75,#96009B,362
26345,22.625,115.625,-75.0,#9600AC,362
26346,22.625,121.375,-89.125,#8F00C3,362
26393,22.6875,-9.25,8.5,#2D3A29,363
26416,22.6875,-2.75,-14.25,#22384B,363
26466,22.6875,21.875,12.75,#582824,363
26478,22.6875,29.375,13.625,#612123,363
26490,22.6875,36.625,-63.0,#072797,363
26514,22.6875,55.375,-79.625,#0113B2,363
26516,22.6875,58.75,38.625,#830000,363
26523,22.6875,72.25,-91.625,#1A00C7,363
26541,22.6875,124.875,-96.625,#8B00D0,363
26582,22.75,-16.125,-32.125,#003F66,364
26585,22.75,-11.625,-36.625,#003E6D,364
26671,22.75,23.875,-17.0,#4D2950,364
26687,22.75,40.0,-9.375,#651445,364
26707,22.75,58.0,19.75,#80001D,364
26720,22.75,70.125,-37.5,#7A0070,364
26726,22.75,86.25,-52.5,#830087,364
26728,22.75,90.375,-62.75,#800098,364
26832,22.8125,14.75,-60.375,#003693,365
26860,22.8125,39.625,-72.625,#0027A7,365
26876,22.8125,52.125,-54.375,#51088A,365
26884,22.8125,66.625,-30.0,#7A0064,365
26895,22.8125,85.0,-19.875,#930056,365
26896,22.8125,94.25,-91.5,#5F00C7,365
26932,22.875,-29.5,0.25,#004136,366
27043,22.875,49.375,-7.125,#710043,366
27152,23.0,-21.0,-45.875,#00437C,368
27205,23.0,72.25,-22.125,#850059,368
27265,23.0625,49.75,-70.0,#2819A4,369
27268,23.0625,52.5,15.375,#7B0023,369
27379,23.125,91.875,-81.125,#6D00B7,370
27480,23.1875,81.625,-10.5,#940049,371
27502,23.25,-20.375,9.125,#163F29,372
27623,23.25,77.75,-48.25,#7D0082,372
27632,23.25,105.875,-55.625,#9B008E,372
27765,23.3125,35.375,40.0,#6D1900,373
27801,23.3125,65.5,39.25,#8B0000,373
27827,23.375,-49.0,-17.375,#004851,374
27956,23.375,46.625,-81.5,#0024B7,374
27983,23.375,75.875,15.875,#940025,374
28150,23.4375,70.25,-67.25,#5F00A0,375
28173,23.5,-92.0,-5.375,#004D3F,376
28182,23.5,-86.875,-9.125,#004D44,376
28195,23.5,-81.75,-12.5,#004C4A,376
28207,23.5,-77.875,-7.125,#004B41,376
28214,23.5,-76.125,16.875,#004A1C,376
28220,23.5,-74.875,-13.0,#004B4A,376
28275,23.5,-57.875,37.875,#004700,376
28309,23.5,-46.875,-34.25,#00496B,376
28319,23.5,-43.5,23.5,#004511,376
28350,23.5,-34.75,-41.0,#004776,376
28351,23.5,-33.75,6.875,#00432D,376
28368,23.5,-28.75,-44.375,#00467B,376
28390,23.5,-21.625,-25.5,#00425E,376
28469,23.5,3.5,29.5,#483508,376
28492,23.5,13.375,-46.625,#00367F,376
28549,23.5,56.25,-26.875,#720061,376
28558,23.5,64.0,-95.875,#000ED0,376
28561,23.5,71.375,33.125,#91000B,376
28566,23.5,77.75,-95.5,#2400D0,376
28577,23.5,92.25,-35.625,#97006F,376
28582,23.5,117.875,-118.125,#5500F7,376
28584,23.5,121.0,-82.75,#9800BB,376
28585,23.5625,-82.875,-3.5,#004C3C,377
28587,23.5625,-54.625,19.75,#004718,377
28626,23.5625,-3.5,19.0,#3C391B,377
28630,23.5625,-0.5,-8.75,#303945,377
28640,23.5625,3.625,9.625,#43362A,377
28658,23.5625,9.875,1.5,#473336,377
28659,23.5625,10.0,-66.25,#003C9E,377
28684,23.5625,25.875,-32.75,#432B6A,377
28688,23.5625,27.375,-76.0,#0034AF,377
28706,23.5625,38.5,-39.5,#502074,377
28753,23.5625,90.25,-100.125,#4100D8,377
28754,23.5625,93.25,-52.625,#8E008A,377
28769,23.625,-41.25,0.75,#004636,378
28774,23.625,-35.25,-16.125,#004550,378
28795,23.625,-11.125,40.375,#383C00,378
28886,23.625,45.75,29.75,#77010E,378
28907,23.625,75.375,-77.125,#5800B1,378
28909,23.625,80.875,-105.25,#0000E1,378
28910,23.625,88.875,-69.0,#7A00A4,378
28922,23.6875,-43.5,38.75,#004500,379
28968,23.6875,17.375,-36.625,#2B3270,379
29013,23.75,-83.375,23.125,#004C11,380
29026,23.75,-43.875,-29.0,#004864,380
29055,23.75,-8.25,-45.875,#00407E,380
29085,23.75,14.875,21.0,#552F19,380
29124,23.75,62.0,-8.625,#810047,380
29194,23.8125,-23.25,-12.625,#00424B,381
29272,23.8125,24.75,-10.5,#552A49,381
29277,23.8125,28.75,-5.375,#5D2541,381
29297,23.8125,41.875,9.25,#70102D,381
29314,23.8125,68.0,-78.625,#4500B4,381
29327,23.8125,98.75,-110.125,#3600EA,381
29449,23.875,3.5,-62.375,#003F99,382
29472,23.875,23.0,41.0,#612800,382
29496,23.875,62.625,15.75,#880025,382
29589,23.9375,-26.5,-38.375,#004673,383
29625,23.9375,-5.625,-19.375,#0E3D56,383
29693,23.9375,39.25,-15.75,#651A51,383
29696,23.9375,42.0,-65.375,#21249E,383
29731,23.9375,78.5,-20.0,#900059,383
29749,24.0,-78.375,9.875,#004C28,384
29753,24.0,-59.75,7.75,#004A2C,384
29766,24.0,-48.375,-1.875,#00483B,384
29798,24.0,-17.25,-11.625,#00414A,384
29889,24.0,77.625,10.0,#97002E,384
29929,24.0625,-21.75,-34.5,#00446D,385
29941,24.0625,-15.125,-44.375,#00437D,385
30002,24.0625,11.5,30.5,#533208,385
30208,24.125,47.75,-34.125,#640F6E,386
30376,24.1875,34.25,-8.375,#632147,387
30414,24.1875,74.875,-59.375,#720096,387
30419,24.1875,81.75,-2.875,#990041,387
30451,24.25,-27.125,39.875,#1D4300,388
30610,24.25,69.75,4.625,#8E0036,388
30613,24.25,75.625,22.0,#97001E,388
30618,24.25,88.375,-92.125,#5600CC,388
30647,24.3125,-26.125,26.75,#19430D,389
30701,24.3125,4.0,-31.125,#0F3B69,389
30759,24.3125,49.625,20.875,#7C001E,389
30789,24.3125,114.75,-92.75,#8600CE,389
30792,24.375,-74.25,-2.0,#004D3C,390
30794,24.375,-65.0,-8.375,#004C45,390
30873,24.375,9.75,-37.625,#0E3973,390
30929,24.375,57.375,-92.875,#001DCE,390
30958,24.4375,-71.0,-8.0,#004D45,391
30960,24.4375,-65.125,3.5,#004C33,391
31073,24.4375,27.0,20.0,#64271D,391
31149,24.4375,81.125,-87.25,#5100C4,391
31371,24.5625,-72.125,39.25,#004C00,393
31374,24.5625,-65.125,40.125,#004B00,393
31376,24.5625,-60.25,28.0,#004B08,393
31387,24.5625,-36.125,41.875,#004600,393
31401,24.5625,-17.625,42.125,#304000,393
31413,24.5625,-9.875,24.625,#373E13,393
31438,24.5625,0.125,42.0,#493900,393
31445,24.5625,3.5,-1.25,#3F393C,393
31456,24.5625,7.5,42.125,#523500,393
31480,24.5625,15.0,12.75,#553128,393
31510,24.5625,33.125,-52.125,#332B8B,393
31517,24.5625,38.625,-54.75,#3A268F,393
31539,24.5625,60.25,-15.75,#7F0053,393
31551,24.5625,70.5,-48.75,#770086,393
31557,24.5625,72.25,-15.875,#8C0054,393
31566,24.5625,86.25,-78.75,#6C00B7,393
31570,24.5625,94.25,-114.625,#0000F4,393
31575,24.5625,100.625,-88.875,#7500C8,393
31578,24.5625,106.125,-111.625,#4D00EF,393
31581,24.5625,107.875,-122.75,#1100FF,393
31589,24.625,-23.125,1.75,#004337,394
31599,24.625,-5.75,-5.75,#2B3D43,394
31618,24.625,5.0,-19.25,#303957,394
31620,24.625,5.75,16.25,#4A3722,394
31647,24.625,27.375,1.875,#602839,394
31665,24.625,50.0,-39.75,#630D78,394
31672,24.625,60.375,-68.25,#4E00A5,394
31676,24.625,66.875,-89.75,#1200C9,394
31678,24.625,72.375,-85.5,#4100C2,394
31685,24.625,89.375,-23.875,#9C0061,394
31687,24.625,94.75,-68.125,#8600A6,394
31749,24.6875,7.875,-4.5,#443741,395
31762,24.6875,17.5,30.0,#5C2F0C,395
31776,24.6875,29.625,-14.875,#5B2851,395
31782,24.6875,42.375,42.375,#780F00,395
31792,24.6875,50.375,-21.5,#71025C,395
31824,24.6875,109.875,-82.5,#8C00BE,395
31827,24.6875,120.25,-108.75,#7600EA,395
31828,24.6875,124.25,-113.5,#7400F3,395
31836,24.75,-37.0,22.375,#004716,396
31847,24.75,-20.875,30.625,#274205,396
31901,24.75,16.75,3.25,#543136,396
31952,24.75,100.0,-80.125,#8100BA,396
31954,24.75,103.125,-63.5,#96009F,396
31987,24.8125,-5.5,0.25,#323D3A,397
32035,24.8125,34.5,30.25,#6F1F0E,397
32036,24.8125,34.625,20.0,#6D1F1F,397
32048,24.8125,57.5,10.625,#84002E,397
32051,24.8125,60.0,-86.25,#0013C4,397
32070,24.8125,104.75,-99.625,#6A00DB,397
32089,24.875,-16.25,13.25,#284126,398
32126,24.875,14.375,-2.625,#4E333F,398
32127,24.875,15.25,42.75,#5B3100,398
32128,24.875,16.625,-14.25,#4A3351,398
32196,24.9375,-4.625,29.875,#413C09,399
32251,24.9375,34.0,10.375,#6B212D,399
32262,24.9375,43.25,1.0,#73123B,399
32264,24.9375,46.0,-55.0,#4A1D90,399
32277,24.9375,57.375,-62.0,#54059C,399
32307,24.9375,99.75,-117.875,#0000FB,399
32312,24.9375,127.0,-102.125,#8E00E0,399
32314,25.0,-40.875,9.5,#00482C,400
32320,25.0,-14.5,31.375,#334005,400
32331,25.0,-2.25,-27.125,#003F64,400
32349,25.0,12.375,-9.625,#47354A,400
32363,25.0,26.0,-26.125,#4E2D63,400
32383,25.0,49.875,-14.25,#750252,400
32392,25.0,68.125,-9.75,#8B004C,400
32403,25.0,96.5,-73.875,#8400B0,400
32464,25.0625,25.875,31.75,#66290A,401
32484,25.0625,56.625,-49.375,#640088,401
32501,25.0625,99.25,-96.25,#6700D6,401
32567,25.125,51.25,8.875,#7E0031,402
32569,25.125,57.5,30.5,#880012,402
32572,25.125,63.5,30.625,#8E0012,402
32574,25.125,71.875,-3.5,#910043,402
32576,25.125,79.875,-29.625,#91006A,402
32667,25.1875,58.75,-3.5,#830043,403
32669,25.1875,65.0,23.75,#8F001D,403
32680,25.1875,86.75,-13.5,#9F0053,403
32682,25.1875,93.375,-105.375,#3E00E6,403
32688,25.25,-49.125,26.625,#004A0E,404
32809,25.25,60.875,-41.0,#73007B,404
32826,25.25,85.375,-40.5,#92007B,404
32831,25.25,101.375,-43.5,#A30080,404
32958,25.3125,31.375,-29.625,#532A69,405
32994,25.3125,118.5,-98.375,#8700DA,405
33078,25.375,10.125,-18.0,#3D3857,406
33093,25.375,20.0,-23.25,#483260,406
33287,25.4375,50.875,43.75,#830000,407
33292,25.4375,71.125,39.125,#980003,407
33305,25.5,-107.625,19.375,#00531B,408
33311,25.5,-101.625,23.375,#005214,408
33314,25.5,-101.375,13.75,#005225,408
33322,25.5,-95.875,17.75,#00521E,408
33328,25.5,-95.0,26.75,#00510C,408
33343,25.5,-89.25,21.0,#005119,408
33347,25.5,-88.625,30.0,#005104,408
33358,25.5,-85.5,7.75,#00512F,408
33379,25.5,-80.75,3.5,#005036,408
33397,25.5,-77.25,26.875,#004F0D,408
33530,25.5,-57.875,-17.0,#004E55,408
33534,25.5,-57.375,-1.75,#004D3E,408
33569,25.5,-53.0,-30.25,#004E6A,408
33583,25.5,-51.75,3.625,#004C36,408
33594,25.5,-51.0,39.375,#004B00,408
33626,25.5,-47.25,9.0,#004B2E,408
33630,25.5,-47.125,-10.5,#004C4B,408
33672,25.5,-42.375,-38.75,#004D77,408
33677,25.5,-42.125,-22.75,#004C5E,408
33703,25.5,-39.0,28.375,#00490B,408
33739,25.5,-34.875,34.375,#004800,408
33773,25.5,-30.625,-24.75,#004961,408
33807,25.5,-27.0,8.375,#00462F,408
33821,25.5,-25.75,-19.25,#004759,408
34002,25.5,-4.25,-60.375,#00459A,408
34003,25.5,-4.0,-40.25,#00427A,408
34006,25.5,-3.5,-33.75,#004170,408
34023,25.5,-1.125,-53.875,#004390,408
34055,25.5,2.5,-38.75,#003F78,408
34125,25.5,15.125,-71.375,#003EAC,408
34154,25.5,21.125,-70.375,#003BAB,408
34184,25.5,27.75,-64.25,#0035A1,408
34203,25.5,33.25,-35.625,#512973,408
34240,25.5,46.5,-48.25,#571B87,408
34282,25.5,68.375,-60.625,#6A009B,408
34287,25.5,76.5,-41.75,#87007E,408
34301,25.5625,-63.75,12.0,#004E29,409
34307,25.5625,-31.25,13.125,#004728,409
34370,25.5625,19.75,-57.125,#003995,409
34381,25.5625,33.75,-81.875,#0035BE,409
34383,25.5625,41.125,-83.375,#002FC1,409
34393,25.5625,47.0,-88.125,#002BC9,409
34406,25.5625,62.375,44.0,#8F0000,409
34411,25.5625,69.5,-101.125,#0007DF,409
34431,25.625,-53.125,-21.25,#004E5C,410
34434,25.625,-37.0,-27.125,#004B65,410
34487,25.625,1.75,19.5,#493B1F,410
34501,25.625,6.125,-57.125,#004095,410
34548,25.625,30.0,-43.125,#412E7F,410
34609,25.625,84.375,-61.625,#81009E,410
34620,25.6875,-83.625,15.75,#005122,411
34622,25.6875,-65.125,-19.25,#005059,411
34628,25.6875,-48.5,-25.375,#004E63,411
34636,25.6875,-35.75,-10.0,#004A4B,411
34659,25.6875,-11.375,2.75,#2B4238,411
34662,25.6875,-9.125,-11.0,#1D424D,411
34727,25.6875,21.25,-63.75,#0039A0,411
34741,25.6875,29.75,44.0,#6E2600,411
34757,25.6875,40.625,-32.875,#5F206F,411
34774,25.6875,61.125,-31.75,#7B006E,411
34796,25.6875,96.125,-59.625,#93009B,411
34802,25.6875,111.75,-115.75,#5500F9,411
34832,25.75,-10.125,13.625,#354128,412
34857,25.75,1.0,2.875,#403C39,412
34962,25.8125,-58.625,-25.125,#005062,413
34979,25.8125,-14.5,-2.375,#1D4340,413
35048,25.8125,22.375,-40.875,#35347C,413
35063,25.8125,52.25,-84.25,#0023C3,413
35084,25.8125,81.0,-75.625,#6C00B5,413
35097,25.8125,111.875,-59.375,#A7009B,413
35112,25.875,-25.0,16.0,#164624,414
35119,25.875,-12.25,-55.875,#004894,414
35187,25.875,46.125,14.5,#7C0C2A,414
35214,25.875,110.25,-72.125,#9B00B0,414
35220,25.9375,-56.375,43.25,#004D00,415
35294,25.9375,23.0,5.875,#602F35,415
35301,25.9375,32.5,-59.5,#1B309A,415
35312,25.9375,40.25,32.625,#78190D,415
35339,25.9375,76.625,-71.125,#6B00AE,415
35345,25.9375,83.125,6.5,#A20038,415
35422,26.0,19.0,-48.625,#0D3889,416
35460,26.0,74.75,-53.375,#7D0091,416
35462,26.0,75.875,-11.0,#960050,416
35468,26.0,94.25,-30.125,#A3006D,416
35475,26.0625,-86.75,0.375,#00533C,417
35519,26.0625,3.25,-11.5,#393D4F,417
35549,26.0625,23.125,-4.875,#5B3046,417
35580,26.0625,48.75,3.375,#7D053A,417
35594,26.0625,66.375,9.5,#910033,417
35599,26.0625,76.5,28.0,#9E001A,417
35612,26.0625,98.75,-53.75,#9C0092,417
35614,26.0625,103.875,-49.125,#A5008B,417
35615,26.0625,109.75,-103.125,#7100E5,417
35651,26.125,-7.125,44.75,#444000,418
35735,26.1875,-71.5,29.875,#005007,419
35865,26.25,-47.75,44.375,#004C00,420
35910,26.25,0.5,34.625,#4C3D02,420
35966,26.25,37.125,-1.375,#6F2141,420
35986,26.25,54.375,-9.25,#80004E,420
35998,26.25,72.25,-31.625,#8A0070,420
36008,26.25,84.5,-100.125,#3900E0,420
36090,26.3125,20.375,-29.875,#44356C,421
36116,26.3125,46.375,36.125,#800A07,421
36123,26.3125,51.5,32.5,#850010,421
36130,26.3125,68.875,15.375,#96002B,421
36134,26.3125,81.25,16.125,#A3002B,421
36171,26.375,-9.375,-30.5,#00456D,422
36263,26.375,66.25,-24.625,#870065,422
36269,26.375,83.875,-34.375,#970075,422
36271,26.375,92.125,-86.375,#7000C9,422
36276,26.375,99.125,-36.25,#A70078,422
36292,26.4375,-37.75,-34.0,#004E72,423
36381,26.4375,50.125,-76.875,#1524B8,423
36382,26.4375,51.5,-59.5,#521A9C,423
36525,26.5,116.125,-70.0,#A700AE,424
36528,26.5625,-111.375,6.0,#005634,425
36532,26.5625,-106.375,0.875,#00563C,425
36541,26.5625,-101.375,-3.75,#005643,425
36547,26.5625,-97.125,3.625,#005538,425
36551,26.5625,-96.75,-8.125,#00554A,425
36559,26.5625,-92.375,-12.25,#005550,425
36569,26.5625,-87.125,-15.625,#005555,425
36579,26.5625,-81.75,-18.625,#00545A,425
36589,26.5625,-74.125,-22.875,#005461,425
36596,26.5625,-70.25,16.75,#005123,425
36604,26.5625,-64.625,-28.125,#005369,425
36631,26.5625,-26.0,-49.75,#004D8B,425
36637,26.5625,-20.0,-53.125,#004C91,425
36662,26.5625,-11.125,-22.125,#004560,425
36726,26.5625,13.5,-55.125,#003E95,425
36752,26.5625,21.5,-76.375,#003EB8,425
36786,26.5625,36.875,-68.5,#0030AB,425
36810,26.5625,54.875,-43.75,#6C0783,425
36887,26.625,-29.5,-6.75,#004A49,426
36922,26.625,-15.875,-38.875,#00497A,426
36962,26.625,-0.5,-19.625,#27415D,426
36979,26.625,8.25,-50.25,#00408D,426
37000,26.625,21.25,18.875,#633123,426
37032,26.625,37.5,-25.875,#632567,426
37039,26.625,44.5,-10.75,#741750,426
37226,26.6875,4.625,-25.125,#2A3F65,427
37236,26.6875,7.0,6.625,#4D3B35,427
37314,26.6875,56.875,-21.375,#7E0061,427
37320,26.6875,65.625,-36.25,#800078,427
37334,26.6875,89.875,-57.75,#8F009A,427
37335,26.6875,90.25,-45.875,#980087,427
37507,26.75,54.5,-70.5,#421AAF,428
37519,26.75,84.0,-47.75,#90008A,428
37911,26.875,37.0,-77.0,#0034BA,430
37922,26.875,42.875,-20.25,#6E1D5F,430
37983,26.9375,-23.25,-4.375,#004946,431
38022,26.9375,10.375,24.625,#58391A,431
38061,26.9375,45.875,-28.25,#6D1A6C,431
38068,26.9375,59.625,4.125,#8B003C,431
38086,26.9375,82.125,-92.625,#4F00D5,431
38421,27.0625,96.25,-47.25,#A0008B,433
38453,27.125,-19.0,22.625,#2D471C,434
38457,27.125,-16.875,-26.25,#004968,434
38581,27.125,55.0,22.625,#8A0021,434
38627,27.125,116.625,-80.75,#A000C2,434
38630,27.1875,-64.0,18.375,#005222,435
38709,27.1875,11.0,-28.0,#363D6B,435
38825,27.25,-53.75,10.5,#00512F,436
39008,27.3125,-73.375,10.25,#00542F,437
39009,27.3125,-57.5,-11.0,#005250,437
39210,27.3125,77.5,0.0,#9F0044,437
39227,27.375,-92.5,-0.75,#005740,438
39290,27.375,-1.125,25.625,#4B4018,438
39411,27.375,59.75,-97.625,#0022DE,438
39421,27.375,66.0,-54.375,#730096,438
39448,27.375,109.625,-92.125,#8800D6,438
39640,27.4375,88.75,-3.75,#AA004A,439
39643,27.4375,94.25,-41.0,#A20082,439
39652,27.5,-112.125,28.0,#00580E,440
39659,27.5,-105.125,31.25,#005705,440
39698,27.5,-79.0,34.5,#005500,440
39713,27.5,-70.375,4.125,#005439,440
39719,27.5,-68.75,23.125,#00531A,440
39721,27.5,-67.625,-2.375,#005443,440
39741,27.5,-55.5,24.75,#005117,440
39745,27.5,-53.625,31.125,#005108,440
39753,27.5,-48.625,20.625,#00501F,440
39768,27.5,-43.625,14.25,#004F2A,440
39782,27.5,-36.125,-0.5,#004E41,440
39804,27.5,-26.875,21.5,#1B4A1E,440
39806,27.5,-26.875,34.625,#234A01,440
39824,27.5,-19.625,35.875,#324800,440
39832,27.5,-16.375,-18.125,#00495C,440
39863,27.5,-6.375,37.375,#464300,440
39867,27.5,-5.5,6.125,#3C4337,440
39887,27.5,-1.5,-47.375,#00468A,440
39929,27.5,10.625,-43.0,#004084,440
39951,27.5,18.875,46.75,#673400,440
39960,27.5,21.75,35.625,#693206,440
39993,27.5,38.125,45.875,#7C2000,440
39997,27.5,40.75,20.25,#7C1D24,440
40004,27.5,46.0,47.25,#841000,440
40011,27.5,57.0,41.875,#900000,440
40016,27.5,63.0,-76.0,#4C08BA,440
40030,27.5,73.125,47.25,#A10000,440
40039,27.5,81.75,-111.25,#0000F7,440
40046,27.5,84.875,-27.0,#9F006C,440
40050,27.5,88.5,-115.0,#0000FD,440
40052,27.5,103.375,-105.375,#6400ED,440
40056,27.5,109.875,-52.125,#AF0094,440
40057,27.5,112.625,-97.375,#8600DF,440
40066,27.5625,-45.5,32.625,#004F05,441
40076,27.5625,-25.625,-27.75,#004D6B,441
40100,27.5625,-4.0,14.5,#43422B,441
40108,27.5625,0.25,13.75,#49402C,441
40117,27.5625,6.875,33.375,#573C09,441
40144,27.5625,26.375,-57.5,#08389B,441
40146,27.5625,28.5,-20.25,#5D3060,441
40175,27.5625,64.25,-46.875,#79008B,441
40176,27.5625,65.5,-65.5,#6500A9,441
40177,27.5625,66.0,-0.625,#930044,441
40179,27.5625,71.0,-73.5,#6200B6,441
40184,27.5625,75.625,-25.25,#950069,441
40187,27.5625,78.375,-81.0,#6300C3,441
40188,27.5625,82.0,-67.125,#7E00AC,441
40190,27.5625,90.0,-73.625,#8200B7,441
40191,27.5625,90.75,-18.5,#A90060,441
40233,27.625,4.25,-67.625,#0047AC,442
40243,27.625,13.875,-22.375,#443B64,442
40255,27.625,21.125,25.875,#67331A,442
40275,27.625,46.875,-4.125,#7D1449,442
40282,27.625,52.0,-31.25,#750F72,442
40290,27.625,70.875,-43.375,#850086,442
40304,27.6875,-52.25,-4.625,#005247,443
40366,27.6875,14.25,34.75,#603807,443
40378,27.6875,26.5,10.75,#6A2F32,443
40387,27.6875,35.375,-45.75,#4C2E89,443
40390,27.6875,37.5,14.5,#78232D,443
40391,27.6875,40.375,-60.125,#3B2DA0,443
40406,27.6875,68.875,-95.375,#000ADB,443
40408,27.6875,72.5,-106.0,#000AEE,443
40431,27.75,-31.375,-34.0,#005075,444
40464,27.75,0.25,-3.5,#3F4247,444
40503,27.75,31.75,34.75,#75290B,444
40515,27.75,43.875,-70.0,#252CB1,444
40526,27.75,49.875,-93.25,#002ED8,444
40536,27.75,70.25,25.25,#9D0020,444
40542,27.75,81.25,-53.125,#8B0096,444
40551,27.75,104.375,-76.75,#9400BD,444
40554,27.8125,-95.25,32.5,#005703,445
40557,27.8125,-75.0,21.625,#00551D,445
40579,27.8125,-21.5,-42.25,#004E83,445
40586,27.8125,-17.625,3.25,#21493C,445
40592,27.8125,-12.0,19.125,#394623,445
40597,27.8125,-9.75,-50.5,#004B90,445
40658,27.8125,22.0,-14.25,#593558,445
40685,27.8125,43.25,-76.75,#002FBC,445
40703,27.8125,82.125,23.25,#A90024,445
40714,27.8125,114.375,-87.125,#9800CE,445
40717,27.8125,123.625,-86.0,#A600CD,445
40750,27.875,-32.25,-19.25,#004F5F,446
40778,27.875,-13.875,8.375,#2F4735,446
40847,27.875,33.0,3.125,#702A3E,446
40849,27.875,35.0,-20.125,#672A61,446
40889,27.875,102.5,-70.125,#9900B2,446
40909,27.9375,-58.125,16.0,#005327,447
41040,27.9375,31.375,-73.75,#0039B7,447
41060,27.9375,45.625,-42.75,#622285,447
41075,27.9375,75.25,6.0,#A0003C,447
41076,27.9375,76.625,34.125,#A50015,447
41079,27.9375,83.0,-17.375,#A2005F,447
41085,28.0,-93.875,12.125,#00582D,448
41119,28.0,-33.125,26.0,#074D17,448
41180,28.0,11.0,-62.0,#0044A4,448
41209,28.0,32.25,25.5,#75291C,448
41232,28.0,53.875,-0.875,#870045,448
41236,28.0,55.375,48.125,#900000,448
41249,28.0,77.75,-35.75,#93007B,448
41260,28.0,122.25,-94.5,#9B00DC,448
41317,28.0625,-31.0,2.875,#004E3D,449
41452,28.0625,78.5,-100.125,#2900E5,449
41631,28.125,59.5,-57.25,#68069D,450
41638,28.125,64.75,-17.875,#8D005F,450
41651,28.125,87.375,-105.5,#3500EF,450
41664,28.125,115.125,-108.75,#7800F5,450
41665,28.125,118.625,-113.75,#7500FD,450
41740,28.1875,55.875,-36.625,#77057C,451
41758,28.25,-65.875,29.5,#00550E,452
41786,28.25,-12.75,36.25,#3F4701,452
41896,28.25,25.0,47.375,#703100,452
41929,28.25,49.5,-66.75,#4425AD,452
41963,28.25,91.875,-11.125,#AE0057,452
41964,28.25,94.125,-96.875,#6600E0,452
41965,28.25,94.75,-79.125,#8500C2,452
41968,28.25,104.375,-84.625,#8D00CB,452
41972,28.25,121.875,-103.25,#8F00EB,452
42067,28.3125,10.625,17.0,#5A3C29,453
42149,28.3125,75.75,-91.25,#4700D6,453
42156,28.3125,86.0,11.5,#AD0036,453
42162,28.3125,103.375,-57.75,#A6009F,453
42276,28.375,24.875,-48.0,#32398E,454
42324,28.375,84.375,-83.375,#6D00C9,454
42343,28.4375,-44.875,-4.125,#005248,455
42347,28.4375,-37.5,17.375,#005027,455
42447,28.4375,41.25,-48.875,#552B90,455
42490,28.4375,73.0,-65.375,#7400AB,455
42507,28.4375,90.125,-65.0,#8E00AB,455
42513,28.4375,107.0,-44.125,#B3008A,455
42519,28.5,-65.125,-12.75,#005756,456
42576,28.5,17.125,-8.0,#583A50,456
42655,28.5625,-56.125,-35.25,#005779,457
42661,28.5625,-52.375,-15.375,#00555A,457
42668,28.5625,-49.375,-39.0,#00567F,457
42689,28.5625,-36.25,-46.25,#00548B,457
42740,28.5625,-3.75,-13.125,#2F4657,457
42752,28.5625,-0.5,7.75,#474337,457
42808,28.5625,19.5,11.125,#643733,457
42815,28.5625,26.75,-80.75,#0040C5,457
42837,28.5625,39.0,26.125,#7E221D,457
42869,28.5625,61.75,35.75,#970010,457
42876,28.5625,65.75,-81.625,#4808C7,457
42905,28.5625,110.75,-66.125,#A900AE,457
42908,28.625,-39.0,-14.125,#005258,458
42917,28.625,-15.375,-8.25,#144B50,458
42963,28.625,29.25,-9.0,#683152,458
42973,28.625,38.75,-10.0,#732654,458
42994,28.625,99.125,-26.125,#B3006E,458
42999,28.6875,-46.5,-18.75,#005460,459
43082,28.75,-26.5,-13.75,#004F58,460
43125,28.75,12.875,9.0,#5B3C36,460
43189,28.75,104.25,-116.625,#4800FF,460
43571,29.0,-21.0,-10.5,#004E54,464
44219,29.1875,0.125,-58.5,#004BA1,467
44541,29.25,37.75,-86.75,#003BD1,468
44597,29.25,75.875,-19.0,#9D0064,468
44622,29.3125,-45.5,-33.375,#005778,469
44633,29.3125,-33.25,-40.375,#005584,469
44640,29.3125,-27.25,-43.75,#005389,469
44725,29.3125,10.25,-34.25,#2D437A,469
44728,29.3125,11.25,0.25,#563F45,469
44986,29.375,31.75,15.0,#762E30,470
45032,29.375,60.75,24.625,#980023,470
45081,29.4375,-69.875,-27.625,#005B6F,471
45183,29.4375,18.0,-35.0,#3F3E7C,471
45188,29.4375,19.375,-1.625,#613A48,471
45216,29.4375,35.375,-39.625,#593184,471
45265,29.4375,69.625,34.875,#A20015,471
45293,29.5,-125.625,16.75,#005F28,472
45297,29.5,-123.0,10.5,#005F33,472
45303,29.5,-119.625,4.375,#005F3D,472
45309,29.5,-116.0,19.625,#005E23,472
45312,29.5,-115.5,-1.0,#005F45,472
45318,29.5,-113.375,13.5,#005E2E,472
45329,29.5,-108.5,-5.25,#005E4C,472
45346,29.5,-102.125,-9.125,#005E52,472
45396,29.5,-88.875,25.5,#005B19,472
45404,29.5,-87.75,-9.25,#005C52,472
45429,29.5,-82.375,-12.5,#005C58,472
45442,29.5,-79.5,-6.375,#005B4E,472
45461,29.5,-75.75,-12.5,#005B58,472
45557,29.5,-56.375,5.5,#00573C,472
45634,29.5,-43.875,24.125,#00541D,472
45677,29.5,-37.0,6.875,#00533A,472
45786,29.5,-21.875,9.0,#214E37,472
45884,29.5,-10.75,-37.5,#004D80,472
45885,29.5,-10.75,-16.375,#134B5E,472
45898,29.5,-9.5,-62.375,#0050A8,472
45983,29.5,-1.625,-66.25,#004EAF,472
46022,29.5,2.0,-33.875,#09487A,472
46051,29.5,4.875,-43.875,#00478A,472
46061,29.5,5.75,45.875,#5C4100,472
46101,29.5,10.5,40.125,#623E00,472
46114,29.5,12.375,45.875,#653D00,472
46141,29.5,16.625,-44.125,#26418B,472
46209,29.5,28.5,-36.5,#52377F,472
46225,29.5,31.875,-66.5,#003BAF,472
46230,29.5,33.375,50.375,#7D2B00,472
46237,29.5,35.25,-55.5,#3F359D,472
46248,29.5,38.875,5.5,#7C263F,472
46259,29.5,42.75,-90.5,#0038D8,472
46270,29.5,46.375,23.25,#881824,472
46284,29.5,52.25,-50.75,#681D96,472
46286,29.5,53.375,-17.125,#840C61,472
46288,29.5,55.5,16.5,#91002F,472
46295,29.5,62.125,49.0,#9C0000,472
46297,29.5,63.875,-6.625,#950052,472
46301,29.5,80.125,-7.875,#A60054,472
46307,29.5,98.375,-92.125,#7C00DC,472
46318,29.5625,-47.5,1.75,#005542,473
46340,29.5625,-13.75,26.125,#3D4B1B,473
46346,29.5625,-7.5,27.0,#47481A,473
46366,29.5625,6.375,-7.875,#4A4352,473
46367,29.5625,9.5,-72.75,#004ABA,473
46368,29.5625,9.5,-13.25,#4A425A,473
46402,29.5625,45.5,9.375,#851B39,473
46407,29.5625,57.375,-80.25,#3722C7,473
46409,29.5625,61.0,-92.125,#0022DB,473
46414,29.5625,76.875,-47.375,#8F0091,473
46418,29.5625,84.625,1.75,#AE0047,473
46424,29.5625,104.625,-35.375,#B8007F,473
46427,29.5625,124.5,-109.625,#8E00FB,473
46446,29.625,-11.875,42.125,#454A00,474
46493,29.625,29.5,-52.0,#383998,474
46501,29.625,45.625,30.625,#891919,474
46508,29.625,58.5,-12.25,#8D005A,474
46516,29.625,73.625,13.75,#A50035,474
46527,29.625,100.375,-111.5,#5300FE,474
46548,29.6875,-10.0,-5.75,#2D4B4E,475
46567,29.6875,4.875,1.75,#4F4343,475
46568,29.6875,5.875,12.875,#564232,475
46585,29.6875,15.875,-67.125,#0046B1,475
46608,29.6875,41.25,39.25,#852107,475
46623,29.6875,76.625,41.0,#AB000C,475
46627,29.6875,80.125,11.25,#AB0039,475
46633,29.6875,98.375,-64.5,#9E00AE,475
46651,29.75,-39.625,36.125,#005301,476
46662,29.75,-21.875,-23.5,#00516A,476
46687,29.75,4.125,27.5,#58431A,476
46703,29.75,14.625,28.5,#653C19,476
46709,29.75,19.125,40.875,#6D3900,476
46731,29.75,43.0,-37.0,#692980,476
46736,29.75,54.875,-88.875,#002BD6,476
46739,29.75,58.625,-65.375,#5F17AF,476
46743,29.75,63.25,13.625,#9A0034,476
46744,29.75,66.125,40.5,#A0000A,476
46752,29.75,77.75,-59.5,#8600A5,476
46756,29.75,88.75,-38.375,#A40084,476
46760,29.75,118.375,-75.0,#B000C0,476
46762,29.8125,-76.625,-0.5,#005B46,477
46835,29.8125,-6.0,20.75,#484825,477
46858,29.8125,4.0,39.5,#5A4300,477
46885,29.8125,32.875,-14.75,#6C315E,477
46887,29.8125,34.75,40.875,#7E2A02,477
46893,29.8125,45.625,-83.875,#0034CE,477
46902,29.8125,52.625,37.5,#92020E,477
46910,29.8125,60.0,-50.875,#750797,477
46925,29.8125,89.375,-31.25,#A90079,477
46946,29.875,-61.375,-0.625,#005946,478
46949,29.875,-43.625,7.0,#00553A,478
46953,29.875,-24.375,28.25,#2B4F17,478
46962,29.875,-1.125,44.5,#554500,478
46992,29.875,26.875,28.25,#74331B,478
47023,29.9375,-73.0,-6.625,#005B4F,479
47098,29.9375,74.5,20.25,#A8002C,479
47105,29.9375,87.875,-90.25,#6C00D9,479
47108,30.0,-82.0,11.875,#005C32,480
47123,30.0,-19.875,-35.875,#00527E,480
47152,30.0,8.375,-22.75,#3F446A,480
47174,30.0,50.75,51.625,#910A00,480
47248,30.0625,3.25,-17.375,#3C4662,481
47306,30.0625,68.75,50.5,#A50000,481
47329,30.125,-81.125,27.125,#005C17,482
47358,30.125,-21.0,17.5,#2C4F2B,482
47390,30.125,-2.875,0.0,#424847,482
47487,30.125,70.125,-14.875,#9B0060,482
47502,30.1875,-97.125,23.625,#005E1E,483
47514,30.1875,-33.0,37.625,#1B5200,483
47623,30.1875,16.875,-74.75,#0048BF,483
47954,30.3125,-100.375,10.25,#005F35,485
47957,30.3125,-65.25,5.5,#005B3D,485
48139,30.3125,21.125,-20.0,#593C67,485
48315,30.375,-32.625,-28.75,#005674,486
48328,30.375,-24.875,1.0,#025145,486
48551,30.375,48.75,-55.875,#5D28A1,486
48618,30.375,93.25,-26.125,#B10072,486
48631,30.4375,-72.75,-18.5,#005D63,487
48648,30.4375,-35.5,31.0,#0B5411,487
48984,30.5,-86.125,19.75,#005E26,488
49282,30.5,86.0,-77.625,#7F00C6,488
49307,30.5625,-113.5,39.0,#006000,489
49316,30.5625,-103.875,40.5,#005F00,489
49329,30.5625,-94.5,41.375,#005E00,489
49337,30.5625,-89.625,34.5,#005E04,489
49340,30.5625,-88.75,8.375,#005E39,489
49345,30.5625,-86.0,42.375,#005D00,489
49359,30.5625,-78.0,43.25,#005C00,489
49368,30.5625,-73.75,36.5,#005C00,489
49376,30.5625,-70.5,43.875,#005B00,489
49386,30.5625,-66.625,37.25,#005B00,489
49392,30.5625,-63.625,44.625,#005A00,489
49400,30.5625,-60.0,38.0,#005A00,489
49417,30.5625,-50.125,14.0,#005831,489
49436,30.5625,-42.125,-28.375,#005974,489
49449,30.5625,-38.0,47.25,#0F5500,489
49467,30.5625,-31.25,48.125,#255300,489
49478,30.5625,-27.0,42.25,#2D5100,489
49485,30.5625,-25.0,48.5,#335100,489
49504,30.5625,-19.375,42.5,#3B4F00,489
49511,30.5625,-17.625,49.125,#404E00,489
49521,30.5625,-14.625,-45.25,#00528F,489
49537,30.5625,-11.0,49.75,#4A4B00,489
49549,30.5625,-8.625,-43.875,#00508D,489
49561,30.5625,-6.125,-23.5,#124D6C,489
49566,30.5625,-5.0,50.625,#524900,489
49588,30.5625,1.125,51.25,#5A4600,489
49620,30.5625,9.5,52.125,#654100,489
49635,30.5625,16.0,21.5,#683E27,489
49670,30.5625,41.0,50.75,#882400,489
49672,30.5625,41.25,-0.375,#7F274A,489
49685,30.5625,53.0,-98.375,#0033E9,489
49695,30.5625,65.875,-104.25,#0024F3,489
49697,30.5625,71.5,-56.75,#8200A3,489
49698,30.5625,71.5,-7.125,#A00055,489
49712,30.5625,86.25,-8.875,#B00059,489
49721,30.5625,92.0,2.375,#B90048,489
49722,30.5625,94.875,-114.375,#3600FF,489
49724,30.5625,96.75,-102.375,#6700F0,489
49726,30.5625,106.75,-111.125,#6900FF,489
49727,30.5625,115.5,-102.625,#8D00F1,489
49771,30.625,-50.5,-28.375,#005B74,490
49778,30.625,-45.375,39.75,#005700,490
49828,30.625,-3.625,32.625,#514911,490
49843,30.625,1.375,-51.625,#004D9A,490
49893,30.625,24.75,-30.375,#553C78,490
49898,30.625,27.25,22.0,#763527,490
49903,30.625,28.875,-1.375,#70354B,490
49922,30.625,48.875,-22.125,#7F1E6B,490
49928,30.625,55.875,8.0,#93003E,490
49932,30.625,59.625,-0.875,#95004C,490
49935,30.625,61.25,-23.625,#8D006E,490
49939,30.625,64.25,5.375,#9C0043,490
49940,30.625,64.5,-60.375,#7300A9,490
49941,30.625,64.875,-30.5,#8E0079,490
49943,30.625,68.625,-50.0,#840098,490
49945,30.625,70.25,-36.375,#910082,490
49956,30.625,81.625,31.0,#B3001F,490
49958,30.625,86.0,17.625,#B60032,490
49964,30.625,95.5,-70.75,#9700BB,490
49978,30.6875,-76.375,16.375,#005D2C,491
49989,30.6875,-54.0,39.0,#005900,491
50016,30.6875,-31.125,9.25,#005439,491
50141,30.6875,17.5,-26.625,#4D4172,491
50152,30.6875,24.375,-68.0,#0043B5,491
50157,30.6875,26.875,37.75,#78350A,491
50162,30.6875,31.25,-26.75,#633672,491
50168,30.6875,38.375,-30.25,#6B2F78,491
50169,30.6875,39.25,-15.625,#762C61,491
50174,30.6875,49.125,16.5,#8E1631,491
50187,30.6875,76.25,-30.5,#9C0079,491
50190,30.6875,94.75,-53.25,#A5009E,491
50192,30.6875,110.625,-77.25,#A600C6,491
50248,30.75,-38.25,-7.875,#005754,492
50253,30.75,-32.375,-11.75,#00555A,492
50316,30.75,3.125,7.375,#52463D,492
50348,30.75,19.875,52.75,#713A00,492
50371,30.75,50.25,-39.125,#742187,492
50377,30.75,67.25,-88.625,#3E14D9,492
50380,30.75,72.0,-84.375,#5900D2,492
50387,30.75,97.375,-14.625,#BB0062,492
50423,30.8125,-20.625,-57.375,#0057A3,493
50459,30.8125,39.75,-80.75,#003BCB,493
50471,30.875,-83.375,1.75,#005F44,494
50478,30.875,-51.25,46.0,#005800,494
50525,30.875,56.875,32.75,#990019,494
50546,30.9375,-45.0,-12.0,#00595B,495
50553,30.9375,-37.5,23.125,#005622,495
50559,30.9375,-27.0,-53.75,#00589E,495
50565,30.9375,-7.625,-0.375,#3B4C49,495
50620,31.0,-55.25,-0.375,#005B48,496
50738,31.0625,-40.5,-21.0,#005969,497
50760,31.0625,-22.375,-48.125,#005695,497
50764,31.0625,-16.375,-51.5,#00559A,497
50830,31.0625,70.625,-78.375,#6300C8,497
50851,31.125,-50.5,26.875,#00591B,498
50934,31.125,27.875,6.0,#733641,498
50968,31.125,77.125,-109.875,#000AFF,498
51002,31.1875,-32.5,-4.25,#00564F,499
51110,31.1875,52.625,27.875,#950B21,499
51117,31.1875,59.75,-41.25,#81088B,499
51123,31.1875,65.5,21.0,#A2002D,499
51136,31.1875,86.5,-60.625,#9500AB,499
51147,31.25,-57.75,-18.75,#005D66,500
51156,31.25,-40.625,-38.0,#005B85,500
51165,31.25,-28.875,-24.0,#00566E,500
51546,31.3125,57.125,53.75,#9C0000,501
51605,31.375,-60.5,-26.5,#005E72,502
51877,31.4375,-66.25,-7.625,#005E55,503
51879,31.4375,-64.875,-21.0,#005F6A,503
51917,31.4375,-27.5,-38.125,#005886,503
52101,31.4375,21.0,-56.75,#0045A4,503
52220,31.4375,78.375,-72.875,#7C00C0,503
52251,31.5,-100.0,-15.0,#006360,504
52261,31.5,-94.0,-18.25,#006365,504
52273,31.5,-88.375,-21.375,#00626A,504
52287,31.5,-82.875,-24.375,#00626F,504
52323,31.5,-63.375,-35.0,#006080,504
52325,31.5,-61.75,12.375,#005D35,504
52339,31.5,-43.0,-46.125,#005D93,504
52351,31.5,-30.25,16.375,#13552F,504
52380,31.5,-13.625,-32.625,#00537D,504
52405,31.5,-7.375,12.5,#464D36,504
52433,31.5,-0.25,20.875,#544929,504
52448,31.5,4.25,19.375,#5A472C,504
52492,31.5,20.25,4.375,#6A3E44,504
52494,31.5,20.875,-80.25,#004ACC,504
52523,31.5,31.25,-86.75,#0045D7,504
52533,31.5,34.625,9.625,#7D303D,504
52539,31.5,37.25,-64.125,#323AB1,504
52543,31.5,39.625,-72.625,#0C3ABF,504
52556,31.5,50.5,43.375,#951304,504
52562,31.5,53.625,-26.875,#841875,504
52593,31.5,81.625,-39.75,#A0008A,504
52597,31.5,86.125,-52.125,#9D009E,504
52603,31.5,91.0,13.75,#BD003A,504
52606,31.5,94.625,-35.625,#B20084,504
52615,31.5,104.375,-63.25,#AC00B1,504
52617,31.5,112.5,-47.25,#C10097,504
52669,31.5625,1.25,-26.0,#2C4C73,505
52925,31.625,98.5,-82.375,#9100D1,506
52929,31.625,111.625,-61.0,#B800AE,506
52933,31.6875,-113.625,-7.5,#006555,507
52943,31.6875,-54.875,-24.0,#005E6F,507
53076,31.6875,47.5,-12.0,#85225E,507
53101,31.6875,86.125,-71.625,#8B00BF,507
53114,31.6875,118.5,-85.125,#AC00D6,507
53161,31.75,-11.0,4.75,#3B4F43,508
53399,31.8125,25.125,-24.5,#5F3D72,509
53733,31.9375,-5.375,-58.75,#0054A9,511
53829,31.9375,54.875,-56.625,#6C22A6,511
53852,31.9375,109.125,-85.0,#9F00D7,511
53853,31.9375,110.125,-40.375,#C3008D,511
54032,32.0,90.5,-99.875,#6300F0,512
54120,32.0625,3.625,-11.25,#484A5D,513
54149,32.0625,19.25,16.0,#6E3F33,513
54214,32.0625,73.125,55.25,#B00000,513
54218,32.0625,76.75,-13.75,#A80063,513
54220,32.0625,79.25,48.375,#B60002,513
54234,32.125,-76.375,-23.625,#006370,514
54267,32.125,-20.5,-3.125,#165450,514
54350,32.125,23.125,-5.5,#6A3E55,514
54376,32.125,46.625,37.75,#921F11,514
54384,32.125,50.5,-5.875,#8D1C56,514
54387,32.125,52.375,-78.125,#372FCB,514
54418,32.125,99.25,-48.625,#B2009B,514
54476,32.1875,-10.25,-54.625,#0056A3,515
54528,32.1875,6.75,-64.625,#0050B3,515
54653,32.25,-80.0,-17.5,#006366,516
54834,32.25,43.75,-66.0,#4435B6,516
54898,32.25,106.125,-91.75,#9300E3,516
55178,32.3125,91.875,-5.5,#BD0058,517
55229,32.375,-15.125,0.25,#2E534B,518
55383,32.375,47.25,-46.5,#6D2C97,518
55432,32.375,85.0,-114.5,#0000FF,518
55448,32.375,122.375,-78.625,#BA00CD,518
55521,32.4375,-3.875,-28.75,#0D5079,519
55623,32.4375,30.25,-46.75,#4D3E97,519
55708,32.4375,81.625,-21.125,#AC006F,519
55715,32.4375,90.125,-44.0,#AB0094,519
55723,32.4375,109.25,-96.875,#9100ED,519
55953,32.5,46.625,-75.125,#2F36C6,520
55971,32.5,55.75,-71.875,#5528C1,520
56015,32.5,83.875,-46.0,#A20097,520
56031,32.5,115.25,-66.75,#BB00BA,520
56034,32.5625,-128.0,7.375,#00683F,521
56044,32.5625,-128.0,26.25,#00671D,521
56048,32.5625,-128.0,33.125,#00670C,521
56053,32.5625,-122.5,30.5,#006714,521
56057,32.5625,-122.375,23.875,#006722,521
56067,32.5625,-121.125,37.75,#006600,521
56075,32.5625,-117.0,28.0,#00661A,521
56092,32.5625,-112.875,7.25,#00663F,521
56103,32.5625,-110.375,32.125,#006510,521
56105,32.5625,-110.125,22.125,#006626,521
56113,32.5625,-107.625,46.125,#006500,521
56119,32.5625,-106.125,11.625,#006638,521
56126,32.5625,-105.625,2.625,#006647,521
56135,32.5625,-103.0,25.625,#00651F,521
56147,32.5625,-99.125,-1.5,#00654D,521
56151,32.5625,-99.0,33.25,#00640D,521
56154,32.5625,-98.625,47.625,#006400,521
56174,32.5625,-93.125,-5.375,#006553,521
56177,32.5625,-92.75,2.625,#006547,521
56182,32.5625,-91.5,17.125,#00642F,521
56189,32.5625,-89.625,48.375,#006300,521
56214,32.5625,-83.5,32.125,#006311,521
56243,32.5625,-75.875,6.25,#006241,521
56246,32.5625,-75.5,27.25,#00621D,521
56267,32.5625,-71.0,13.0,#006136,521
56307,32.5625,-61.75,26.0,#005F20,521
56330,32.5625,-56.75,21.25,#005E28,521
56368,32.5625,-49.0,7.625,#005D3F,521
56376,32.5625,-47.5,51.625,#005C00,521
56530,32.5625,-19.125,-28.125,#005778,521
56562,32.5625,-14.375,-22.375,#00556F,521
56650,32.5625,-1.0,-43.125,#005191,521
56664,32.5625,1.125,1.25,#4F4C4B,521
56671,32.5625,2.0,-70.625,#0054BF,521
56693,32.5625,5.5,-37.875,#194D88,521
56704,32.5625,7.0,-55.625,#004FA5,521
56725,32.5625,11.75,-39.125,#2E4A8B,521
56741,32.5625,14.75,-55.875,#004BA6,521
56748,32.5625,15.875,-17.25,#594568,521
56757,32.5625,17.875,-50.0,#1F489C,521
56763,32.5625,19.875,29.75,#743F1E,521
56778,32.5625,25.5,-75.5,#0048C7,521
56785,32.5625,27.5,50.875,#7F3800,521
56794,32.5625,30.25,44.125,#823600,521
56805,32.5625,36.0,-50.375,#533A9D,521
56808,32.5625,38.125,32.125,#892D1B,521
56812,32.5625,42.125,-54.125,#5A35A3,521
56814,32.5625,43.25,44.25,#902602,521
56818,32.5625,47.75,-30.25,#7D287D,521
56827,32.5625,58.5,-31.75,#8A0F80,521
56830,32.5625,63.625,-70.625,#6817BF,521
56831,32.5625,65.5,31.5,#A70020,521
56834,32.5625,69.0,11.25,#A8003F,521
56836,32.5625,70.375,-26.25,#9D0077,521
56839,32.5625,73.875,-97.25,#3C0CED,521
56841,32.5625,83.125,-97.75,#5800EE,521
56842,32.5625,83.25,-33.375,#A90083,521
56851,32.5625,97.5,-8.0,#C3005D,521
56852,32.5625,101.375,-41.375,#BA0090,521
56854,32.5625,109.625,-70.75,#B000C0,521
56856,32.5625,115.75,-91.25,#A400E3,521
56857,32.5625,125.75,-89.625,#B500E1,521
56858,32.5625,125.875,-98.0,#AB00EF,521
56870,32.625,-81.25,49.0,#006200,522
56881,32.625,-34.875,52.75,#235900,522
56884,32.625,-28.625,24.625,#255724,522
56886,32.625,-23.0,-17.875,#005768,522
56894,32.625,-15.5,31.0,#435218,522
56895,32.625,-15.125,54.25,#495200,522
56899,32.625,-13.125,12.625,#3F5238,522
56907,32.625,-5.875,-7.75,#3A5059,522
56932,32.625,10.875,-50.5,#004C9D,522
56934,32.625,11.75,-7.125,#5A4758,522
56941,32.625,21.75,-42.875,#424491,522
56947,32.625,25.5,-13.125,#6A3E62,522
56966,32.625,51.0,-62.75,#5D2CB2,522
56971,32.625,62.375,-85.25,#4224D8,522
56975,32.625,66.625,56.0,#AB0000,522
56978,32.625,69.375,1.75,#A7004D,522
56986,32.625,80.625,-88.875,#6800DF,522
56998,32.625,101.5,-74.625,#A100C7,522
57000,32.625,107.5,-104.75,#8000FB,522
57002,32.625,119.875,-98.625,#A100F0,522
57014,32.6875,-73.625,49.625,#006100,523
57016,32.6875,-66.375,50.125,#006000,523
57017,32.6875,-59.625,50.625,#005F00,523
57019,32.6875,-51.25,-11.125,#005F5D,523
57020,32.6875,-49.125,35.5,#005D0A,523
57023,32.6875,-42.5,0.125,#005C4C,523
57025,32.6875,-38.25,12.125,#005B39,523
57033,32.6875,-26.0,-8.375,#005859,523
57035,32.6875,-21.875,23.25,#345527,523
57036,32.6875,-15.75,-14.875,#045564,523
57090,32.6875,26.5,-60.75,#1244AF,523
57097,32.6875,32.25,55.875,#853400,523
57099,32.6875,33.75,-78.875,#0043CD,523
57106,32.6875,39.75,-23.5,#773173,523
57107,32.6875,40.0,-43.125,#653592,523
57134,32.6875,75.25,30.0,#B20024,523
57139,32.6875,82.875,-13.625,#B10065,523
57140,32.6875,83.125,-107.625,#3000FF,523
57141,32.6875,86.0,24.125,#BD002D,523
57142,32.6875,87.75,7.375,#BC0046,523
57144,32.6875,91.75,-106.5,#5600FE,523
57148,32.6875,107.0,-51.125,#BC00A0,523
57179,32.75,-71.75,20.5,#00622A,524
57270,32.75,43.625,56.25,#922500,524
57281,32.75,71.125,42.75,#AF000E,524
57313,32.8125,-34.25,-50.0,#005E9C,525
57330,32.8125,-14.5,-62.125,#005AB1,525
57358,32.8125,7.125,-2.875,#574A52,525
57411,32.8125,97.75,-30.375,#BC007F,525
57428,32.875,-35.75,-24.25,#005C73,526
57495,32.875,26.875,14.625,#793B38,526
57693,32.9375,60.5,39.75,#A40012,527
57702,32.9375,77.25,2.5,#B1004D,527
57707,32.9375,83.5,36.625,#BD001B,527
57728,33.0,-53.375,-38.25,#00628A,528
57737,33.0,-43.75,30.625,#005C18,528
57767,33.0,-8.875,37.0,#50500C,528
57867,33.0,67.625,-20.0,#9E006F,528
58084,33.0625,62.625,-15.125,#9A0067,529
58147,33.125,-44.625,12.25,#005D39,530
58163,33.125,-33.625,-35.625,#005D86,530
58183,33.125,-21.75,36.125,#3C560D,530
58209,33.125,-6.0,-36.875,#005488,530
58335,33.125,55.75,22.625,#9D092E,530
58364,33.125,92.25,-93.875,#7800E9,530
58465,33.1875,-0.375,-13.875,#404F64,531
58549,33.1875,35.375,24.875,#873329,531
58575,33.1875,58.75,-96.375,#0031ED,531
58612,33.25,-70.875,2.375,#006349,532
58620,33.25,-57.75,-9.875,#00625D,532
58707,33.25,-1.75,-20.375,#33516E,532
58849,33.25,79.0,-103.125,#3800F9,532
58864,33.25,99.375,-22.25,#C30074,532
58948,33.3125,-6.125,-16.0,#2F5267,533
58974,33.3125,-0.875,12.25,#544E3B,533
59067,33.3125,33.875,-72.625,#0043C4,533
59163,33.3125,94.25,-58.625,#A800AE,533
59571,33.4375,-14.625,21.625,#43542B,535
59617,33.4375,-0.375,-5.375,#4A4F57,535
59815,33.4375,89.5,-18.875,#B9006F,535
59832,33.5,-93.875,-11.75,#006860,536
59835,33.5,-88.25,-15.0,#006865,536
59842,33.5,-75.75,-30.0,#00677D,536
59850,33.5,-61.875,-15.0,#006365,536
59854,33.5,-54.625,9.625,#00613E,536
59855,33.5,-49.875,-44.25,#006395,536
59856,33.5,-48.0,21.75,#005F2A,536
59864,33.5,-37.0,-42.875,#006093,536
59874,33.5,-30.375,-16.75,#005C69,536
59905,33.5,-6.75,-68.0,#005ABD,536
59913,33.5,-2.75,4.875,#4E5047,536
59922,33.5,1.875,57.375,#644C00,536
59941,33.5,6.375,-28.5,#3A4E7C,536
59947,33.5,7.875,33.25,#684918,536
59948,33.5,9.5,11.25,#63493D,536
59955,33.5,13.0,-78.875,#0052CF,536
59956,33.5,13.375,36.375,#6F4612,536
59998,33.5,35.25,-7.25,#7D365B,536
59999,33.5,35.375,1.0,#81354E,536
60001,33.5,36.0,45.75,#8B3200,536
60012,33.5,41.25,16.375,#8D2D37,536
60013,33.5,42.25,25.0,#902B2A,536
60021,33.5,49.75,5.875,#942048,536
60024,33.5,51.125,56.875,#9D1900,536
60040,33.5,63.375,-54.5,#8010A7,536
60045,33.5,66.125,-40.125,#910090,536
60046,33.5,68.625,26.25,#AD002A,536
60048,33.5,73.0,-44.75,#970097,536
60052,33.5,76.5,-64.75,#8900B8,536
60053,33.5,77.75,-52.0,#9800A3,536
60057,33.5,84.625,-66.0,#9400BB,536
60062,33.5,88.75,-82.25,#8700D6,536
60064,33.5,92.5,-87.0,#8600DE,536
60066,33.5,100.375,-96.25,#8500EE,536
60107,33.5625,8.0,57.125,#6B4900,537
60116,33.5625,14.5,56.625,#734500,537
60132,33.5625,33.75,-21.625,#723A72,537
60273,33.625,48.75,-93.75,#003DEA,538
60295,33.625,85.625,-3.75,#BA0058,538
60423,33.6875,33.125,-36.0,#653D89,539
60556,33.75,12.375,-25.875,#4C4B78,540
60640,33.75,79.25,15.625,#B8003B,540
60662,33.8125,-47.125,-5.75,#006058,541
60681,33.8125,-30.25,1.25,#005B4D,541
60730,33.8125,1.75,35.625,#614D13,541
60763,33.8125,20.5,47.375,#7A4100,541
60801,33.8125,100.875,-56.375,#B400AC,541
60811,33.875,-82.5,-3.375,#006753,542
60875,33.875,11.0,26.0,#6B4826,542
60886,33.875,23.625,57.875,#7F3F00,542
61113,34.0,-60.5,5.25,#006346,544
61218,34.0,12.5,17.625,#6B4835,544
61237,34.0,19.25,-64.625,#004DB9,544
61283,34.0,55.875,48.5,#A30B00,544
61436,34.0625,6.375,6.125,#5E4C47,545
61459,34.0625,17.375,-10.375,#644761,545
61751,34.125,33.125,-60.625,#3943B2,546
61794,34.125,73.75,-70.125,#8000C3,546
61831,34.1875,-47.625,-37.0,#00648B,547
62024,34.1875,28.75,-40.25,#594291,547
62085,34.1875,59.875,17.875,#A40038,547
62089,34.1875,61.125,58.375,#AA0000,547
62105,34.1875,78.0,24.0,#B90030,547
62109,34.1875,82.75,-83.375,#7C00DA,547
62112,34.1875,88.625,-26.75,#B7007D,547
62205,34.25,-13.375,-40.125,#005A90,548
62400,34.25,54.0,-85.0,#2735DD,548
62452,34.25,119.375,-105.375,#9B00FF,548
62475,34.3125,-53.25,-5.0,#006357,549
62689,34.3125,21.375,-36.0,#51478A,549
62731,34.3125,33.875,36.0,#8A3717,549
62777,34.3125,53.0,-35.125,#852589,549
62831,34.3125,113.5,-106.875,#8E00FF,549
63035,34.375,13.75,7.0,#6A4946,550
63183,34.375,76.0,-35.25,#A4008A,550
63184,34.375,76.625,-83.125,#7100DA,550
63200,34.375,91.25,-65.375,#A100BC,550
63500,34.4375,49.5,33.0,#9C211F,551
63564,34.4375,94.125,-79.375,#9600D4,551
63655,34.5,-8.25,17.625,#4E5435,552
63871,34.5,60.25,27.75,#A70029,552
63876,34.5,61.875,-47.625,#88159E,552
63914,34.5,84.75,12.25,#C00042,552
63931,34.5625,-128.0,-0.125,#006D4F,553
63951,34.5625,-120.125,-4.75,#006D57,553
63991,34.5625,-106.625,-12.75,#006C64,553
64025,34.5625,-99.375,41.125,#006A00,553
64035,34.5625,-97.125,13.25,#006A3A,553
64093,34.5625,-85.125,26.125,#006823,553
64163,34.5625,-69.75,-3.875,#006756,553
64167,34.5625,-69.125,-34.375,#006987,553
64187,34.5625,-65.5,32.125,#006517,553
64195,34.5625,-64.0,19.875,#00652F,553
64221,34.5625,-58.875,32.75,#006416,553
64228,34.5625,-57.125,-33.0,#006785,553
64246,34.5625,-53.5,56.25,#006200,553
64286,34.5625,-44.625,46.75,#006000,553
64295,34.5625,-42.375,57.125,#105F00,553
64303,34.5625,-40.5,-13.75,#006166,553
64351,34.5625,-29.125,34.125,#2F5C15,553
64353,34.5625,-28.375,58.125,#385B00,553
64360,34.5625,-26.875,-29.25,#005E7F,553
64378,34.5625,-22.25,58.75,#445900,553
64382,34.5625,-20.75,2.625,#275A4D,553
64420,34.5625,-11.0,59.25,#555500,553
64427,34.5625,-7.5,45.0,#585300,553
64444,34.5625,-0.625,29.0,#5E5022,553
64449,34.5625,0.875,-63.875,#0058B9,553
64456,34.5625,3.25,43.25,#664E00,553
64483,34.5625,21.75,23.375,#7A432D,553
64484,34.5625,22.0,35.875,#7D4217,553
64486,34.5625,23.75,-48.75,#3F48A0,553
64497,34.5625,29.125,-7.25,#783F5D,553
64500,34.5625,34.625,-91.625,#004AE9,553
64511,34.5625,42.5,6.25,#8E2F49,553
64515,34.5625,42.75,-96.125,#0045F1,553
64518,34.5625,43.625,-5.5,#8B2F5B,553
64524,34.5625,47.0,0.0,#922953,553
64533,34.5625,53.75,-42.25,#812696,553
64535,34.5625,54.25,0.75,#9B1A52,553
64536,34.5625,55.25,-14.5,#961B6A,553
64539,34.5625,56.625,-6.625,#9B155D,553
64541,34.5625,58.75,-104.875,#0038FF,553
64550,34.5625,64.25,-99.75,#002DF7,553
64554,34.5625,65.75,-78.875,#631ED3,553
64557,34.5625,66.625,-64.875,#7C11BB,553
64559,34.5625,70.125,-106.375,#0027FF,553
64564,34.5625,75.0,-3.5,#B10059,553
64585,34.5625,96.25,4.875,#CB004E,553
64587,34.5625,100.5,-87.25,#9700E2,553
64632,34.625,45.0,-19.875,#862F72,554
64643,34.625,65.75,45.375,#AF000B,554
64660,34.625,102.0,-103.375,#7F00FE,554
64661,34.6875,-107.25,17.125,#006B33,555
64682,34.6875,-12.125,-48.875,#005CA0,555
64715,34.6875,32.625,30.125,#893923,555
64721,34.6875,49.875,22.375,#9B2231,555
64733,34.6875,66.0,-3.875,#A7005A,555
64738,34.6875,76.875,9.5,#B70046,555
64745,34.6875,107.875,-31.25,#CE0086,555
64748,34.75,-128.0,15.0,#006D37,556
64810,34.75,-3.0,-51.875,#0058A5,556
64865,34.75,45.875,49.5,#9A2800,556
64871,34.75,58.375,-62.0,#7226B7,556
64879,34.75,76.25,37.75,#BB001C,556
64897,34.8125,-113.0,0.375,#006D4F,557
64901,34.8125,-99.625,-7.875,#006C5D,557
64907,34.8125,-72.875,-12.25,#006964,557
64920,34.8125,-24.75,8.875,#255C43,557
64922,34.8125,-23.75,-43.625,#005F97,557
64927,34.8125,-21.25,13.75,#345A3B,557
64978,34.8125,9.375,46.5,#6F4B00,557
64995,34.8125,16.0,-30.75,#4F4C83,557
65028,34.8125,53.375,12.75,#9E1B40,557
65037,34.8125,69.375,-32.125,#9F0086,557
65051,34.8125,113.625,-52.125,#CA00A8,557
65052,34.875,-122.25,13.125,#006D3A,558
65053,34.875,-106.125,-3.875,#006D56,558
65068,34.875,-45.0,-19.75,#006471,558
65159,34.875,30.25,-16.625,#743F6D,558
65164,34.875,37.875,55.75,#923300,558
65195,34.875,78.25,57.75,#BF0000,558
65208,34.9375,-122.25,4.25,#006E49,559
65213,34.9375,-91.375,26.25,#006A23,559
65233,34.9375,-35.25,19.25,#075F32,559
65326,34.9375,28.375,-55.5,#3C47AC,559
65359,34.9375,70.75,19.375,#B30038,559
65372,34.9375,87.25,30.25,#C70029,559
65384,34.9375,106.25,-44.125,#C6009B,559
65523,35.0,45.5,-35.5,#7C328C,560
65525,35.0,49.125,-99.625,#0041F8,560
65554,35.0625,-87.25,-7.0,#006B5C,561
65555,35.0625,-81.625,37.25,#006908,561
65596,35.0625,-13.625,44.0,#505700,561
65652,35.0625,17.5,-0.625,#6D4854,561
65662,35.0625,22.375,-84.875,#0052DE,561
65678,35.0625,34.25,-42.5,#624097,561
65679,35.0625,36.5,-85.75,#0048E0,561
65702,35.0625,64.125,-107.875,#0033FF,561
65723,35.125,-120.25,18.875,#006E31,562
65730,35.125,-81.75,-10.5,#006B62,562
65736,35.125,-73.375,32.25,#006818,562
65802,35.125,-6.75,54.125,#5C5400,562
65954,35.1875,-50.125,-22.875,#006676,563
66004,35.1875,-16.375,8.25,#3B5A45,563
66148,35.1875,42.625,-12.375,#893267,563
66203,35.25,-75.875,-6.25,#006A5B,564
66241,35.25,-41.75,41.0,#066100,564
66321,35.25,-6.375,25.25,#56552A,564
66391,35.25,10.25,-32.75,#405087,564
66485,35.25,41.0,-90.125,#0046E8,564
66752,35.3125,11.625,0.75,#664C52,565
66764,35.3125,14.25,-68.5,#0054C3,565
66868,35.3125,47.5,-82.375,#133EDB,565
66890,35.3125,59.25,9.75,#A50946,565
67035,35.375,-11.375,-4.25,#39595A,566
67112,35.375,1.375,-32.75,#245587,566
67291,35.375,59.5,-80.75,#522ED8,566
67332,35.375,102.5,-69.375,#B000C6,566
67426,35.4375,-22.125,-34.625,#005F8A,567
67459,35.4375,-12.875,-10.375,#2B5A63,567
67582,35.4375,9.25,-11.875,#594F66,567
67783,35.5,-128.0,38.5,#006F03,568
67787,35.5,-123.5,43.75,#006F00,568
67798,35.5,-114.75,46.75,#006E00,568
67803,35.5,-104.75,31.5,#006D19,568
67808,35.5,-91.125,55.0,#006B00,568
67810,35.5,-88.0,-0.375,#006C52,568
67813,35.5,-83.25,56.5,#006A00,568
67814,35.5,-83.0,16.375,#006B37,568
67816,35.5,-78.875,11.5,#006A3F,568
67818,35.5,-75.75,57.625,#006900,568
67822,35.5,-68.5,58.375,#006800,568
67827,35.5,-61.75,59.0,#006600,568
67828,35.5,-59.75,-40.0,#006A93,568
67838,35.5,-50.75,1.5,#006550,568
67846,35.5,-43.25,24.875,#006329,568
67853,35.5,-37.25,6.625,#006248,568
67858,35.5,-33.875,60.5,#305F00,568
67860,35.5,-31.5,43.5,#305F00,568
67868,35.5,-21.375,50.625,#465B00,568
67879,35.5,-9.875,31.375,#54571F,568
67880,35.5,-9.625,-29.5,#005A82,568
67907,35.5,2.75,-3.25,#565259,568
67943,35.5,20.375,-24.375,#60497B,568
67986,35.5,53.875,-51.75,#7A2CA8,568
67990,35.5,56.5,-23.25,#951E7A,568
67996,35.5,64.625,-93.0,#372BEE,568
68003,35.5,70.375,61.125,#B80000,568
68005,35.5,71.5,-91.875,#541BEC,568
68014,35.5,76.0,-25.0,#AD007D,568
68024,35.5,83.25,3.875,#C00051,568
68025,35.5,83.375,43.625,#C50015,568
68028,35.5,83.875,-56.625,#A200B0,568
68038,35.5,88.875,-35.875,#B7008F,568
68041,35.5,91.0,18.625,#CB003C,568
68048,35.5,95.5,12.375,#CF0045,568
68052,35.5,101.875,-35.0,#C7008E,568
68054,35.5,102.875,-10.5,#D20068,568
68057,35.5,105.625,-22.5,#D1007A,568
68058,35.5,105.875,-81.375,#AA00DB,568
68062,35.5,125.75,-83.5,#C400DF,568
68075,35.5625,-61.5,41.125,#006700,569
68085,35.5625,-37.625,34.5,#186116,569
68108,35.5625,-5.0,60.875,#605400,569
68129,35.5625,4.125,14.25,#62513D,569
68136,35.5625,6.5,-46.0,#00559E,569
68139,35.5625,8.25,20.875,#6A4E33,569
68140,35.5625,9.125,-71.75,#0058C9,569
68148,35.5625,13.625,-44.625,#2E519C,569
68165,35.5625,24.625,0.25,#784454,569
68175,35.5625,34.875,16.625,#8B3A3B,569
68185,35.5625,41.0,-61.75,#513FB8,569
68208,35.5625,60.5,34.0,#AC0021,569
68221,35.5625,71.125,-52.625,#9400AA,569
68222,35.5625,72.875,-18.625,#AC0073,569
68232,35.5625,84.5,50.5,#C70008,569
68233,35.5625,85.625,-102.625,#5C00FF,569
68238,35.5625,92.25,-72.125,#9F00CB,569
68253,35.5625,116.5,-80.25,#BB00D9,569
68254,35.5625,120.25,-73.0,#C600CD,569
68312,35.625,-37.375,28.25,#116123,570
68379,35.625,2.875,-20.125,#445474,570
68385,35.625,7.5,-19.5,#4F5173,570
68411,35.625,24.125,8.0,#7B4448,570
68414,35.625,26.0,30.5,#844124,570
68420,35.625,28.625,-67.5,#004BC2,570
68440,35.625,47.75,-53.0,#6E35AA,570
68446,35.625,58.625,-89.0,#3033E8,570
68457,35.625,69.75,34.875,#B60021,570
68473,35.625,106.5,-58.5,#C000B4,570
68553,35.6875,-44.25,5.625,#00644A,571
68575,35.6875,-24.0,44.0,#405D00,571
68577,35.6875,-23.25,30.5,#3D5D20,571
68607,35.6875,5.5,27.5,#695027,571
68623,35.6875,15.0,49.125,#794900,571
68631,35.6875,24.75,41.875,#84420C,571
68637,35.6875,30.5,61.125,#8C3D00,571
68640,35.6875,36.125,-14.375,#803B6C,571
68641,35.6875,39.625,38.875,#953316,571
68645,35.6875,45.125,11.625,#962E44,571
68654,35.6875,51.125,-68.375,#5B36C4,571
68659,35.6875,53.625,39.375,#A51B17,571
68675,35.6875,80.25,-7.125,#BA0062,571
68680,35.6875,92.0,-11.625,#C60069,571
68745,35.75,-67.125,7.25,#006947,572
68813,35.75,-27.625,51.25,#3B5E00,572
68897,35.75,35.625,-28.5,#753E82,572
68929,35.75,62.375,1.75,#A80054,572
68934,35.75,70.625,-10.25,#AE0066,572
68935,35.75,74.375,50.25,#BD0005,572
68938,35.75,78.375,-43.125,#A6009B,572
68943,35.75,95.25,-43.75,#BB009C,572
68946,35.75,116.625,-60.75,#CB00B9,572
69060,35.8125,55.0,60.875,#A81600,573
69073,35.8125,75.25,-77.0,#7D00D4,573
69087,35.8125,108.0,-65.375,#BD00C0,573
69090,35.875,-86.0,9.0,#006D44,574
69115,35.875,-29.625,-56.0,#0065AF,574
69123,35.875,-23.0,-59.625,#0064B5,574
69161,35.875,14.0,41.875,#774B0A,574
69173,35.875,28.375,-29.25,#6A4584,574
69175,35.875,29.5,24.75,#873F2E,574
69180,35.875,32.625,50.625,#8F3B00,574
69208,35.875,58.625,-36.875,#901F91,574
69211,35.875,65.0,15.125,#AF0040,574
69220,35.875,95.875,-2.5,#CD005C,574
69228,35.9375,-117.125,33.0,#006F16,575
69229,35.9375,-92.75,44.5,#006D00,575
69237,35.9375,-67.625,-23.875,#006C7A,575
69366,35.9375,46.375,61.125,#9F2A00,575
69388,35.9375,75.125,-57.25,#9600B3,575
69390,35.9375,78.5,-93.75,#6300F1,575
69396,35.9375,85.75,-90.875,#7A00EC,575
69403,35.9375,94.75,-17.0,#C80072,575
69408,36.0,-80.25,2.25,#006C4F,576
69502,36.0,18.125,61.75,#7F4800,576
69592,36.0625,-36.0,-4.75,#00635C,577
69644,36.0625,-7.625,8.5,#4E5847,577
69777,36.0625,82.5,-28.25,#B50084,577
69789,36.125,-76.25,41.625,#006B00,578
69895,36.125,12.0,62.0,#784C00,578
69934,36.125,38.0,-76.125,#0047D2,578
69939,36.125,44.875,-26.0,#86347F,578
69975,36.125,88.75,37.875,#CD0020,578
69981,36.125,113.625,-74.5,#BE00D1,578
69982,36.125,122.5,-94.125,#B600F3,578
69983,36.1875,-89.5,36.625,#006D0E,579
69988,36.1875,-76.5,18.875,#006C34,579
69995,36.1875,-54.875,41.25,#006700,579
70009,36.1875,-40.0,-28.25,#006682,579
70018,36.1875,-33.375,11.75,#036241,579
70065,36.1875,-5.625,-44.375,#005C9D,579
70072,36.1875,-1.875,50.5,#655400,579
70188,36.1875,93.5,-50.5,#B600A8,579
70195,36.1875,111.5,-36.125,#D50092,579
70200,36.25,-98.625,52.375,#006E00,580
70288,36.25,-11.375,-17.0,#235C70,580
70324,36.25,-1.75,40.0,#63550D,580
70396,36.25,30.625,9.125,#854048,580
70462,36.25,114.375,-100.5,#A100FE,580
70535,36.3125,-24.625,-50.125,#0064A6,581
70548,36.3125,-18.5,-53.5,#0063AC,581
70749,36.3125,40.375,62.125,#9A3300,581
70785,36.3125,63.25,51.875,#B30000,581
70788,36.3125,63.75,-25.75,#A00880,581
70789,36.3125,65.125,8.5,#AF004B,581
70799,36.3125,76.625,44.375,#C10014,581
70806,36.3125,92.625,25.5,#D00034,581
70829,36.375,-55.5,-16.5,#006A6F,582
70869,36.375,-32.0,-9.625,#006364,582
70946,36.375,-7.75,-23.625,#1F5B7B,582
71127,36.4375,-112.75,38.0,#007008,583
71137,36.4375,-63.125,-6.5,#006B5F,583
71138,36.4375,-62.625,-29.0,#006C83,583
71160,36.4375,-41.875,-7.0,#006660,583
71168,36.4375,-39.125,-35.375,#00678E,583
71195,36.4375,-23.5,-12.375,#006069,583
71323,36.4375,4.0,62.375,#6F5200,583
71510,36.5,-69.625,43.375,#006B00,584
71841,36.5,46.5,-41.375,#7C3699,584
71948,36.5625,-102.75,-18.0,#007271,585
71951,36.5625,-101.25,7.625,#007048,585
71962,36.5625,-96.75,-21.25,#007177,585
71973,36.5625,-90.875,-24.375,#00717C,585
71981,36.5625,-85.5,-27.375,#007081,585
71989,36.5625,-70.0,25.125,#006B2A,585
71996,36.5625,-58.625,-22.625,#006B79,585
72006,36.5625,-46.375,-48.625,#006BA4,585
72010,36.5625,-43.0,-42.375,#00699A,585
72012,36.5625,-39.5,-52.375,#006AAA,585
72020,36.5625,-26.5,-3.5,#00615B,585
72021,36.5625,-24.625,19.0,#346036,585
72024,36.5625,-18.0,62.625,#505C00,585
72044,36.5625,-2.875,-1.875,#4F5859,585
72089,36.5625,17.375,-75.75,#0056D3,585
72133,36.5625,38.5,-35.5,#763E90,585
72136,36.5625,40.0,-68.5,#3F44C7,585
72175,36.5625,70.375,-100.25,#3128FE,585
72188,36.5625,81.25,-76.125,#8C00D4,585
72209,36.625,-99.5,18.375,#007036,586
72219,36.625,-50.5,17.25,#006739,586
72247,36.625,-11.375,50.25,#585A00,586
72309,36.625,25.25,-20.875,#6E4878,586
72339,36.625,50.875,-10.75,#982A69,586
72372,36.625,86.25,-9.0,#C30067,586
72385,36.625,101.875,-17.5,#D20075,586
72407,36.6875,-55.375,47.25,#006800,587
72430,36.6875,-16.625,38.75,#4E5C10,587
72441,36.6875,-8.875,-60.0,#0061B8,587
72504,36.6875,38.625,11.125,#913946,587
72510,36.6875,46.75,-60.0,#653BB9,587
72539,36.6875,68.125,-71.875,#7B1ACD,587
72553,36.6875,89.25,-60.125,#AA00BA,587
72555,36.6875,94.75,-102.375,#7800FF,587
72556,36.6875,94.875,-24.375,#C80080,587
72560,36.6875,106.875,-75.125,#B500D3,587
72562,36.6875,110.375,-88.75,#AC00EB,587
72617,36.75,-53.625,61.875,#006800,588
72624,36.75,-45.0,62.25,#0E6600,588
72675,36.75,-8.5,1.25,#485A54,588
72749,36.75,50.875,-18.375,#942C75,588
72760,36.75,62.375,-9.5,#A70967,588
72768,36.75,68.5,-59.25,#8C0FB8,588
72782,36.75,89.375,3.0,#CA0056,588
72901,36.8125,-2.625,20.25,#5E5736,589
72903,36.8125,-2.25,-70.375,#0060CA,589
72910,36.8125,2.5,7.25,#5F554B,589
72920,36.8125,7.625,39.75,#715111,589
72931,36.8125,15.0,29.75,#794C27,589
72965,36.8125,42.625,32.5,#9B3324,589
72966,36.8125,42.875,-49.0,#6E3DA7,589
72991,36.8125,70.875,-85.875,#671DE6,589
72996,36.8125,79.375,-17.25,#B80074,589
73152,36.875,21.5,-15.375,#6E4B70,590
73218,36.875,82.125,20.375,#C6003B,590
73241,36.9375,-95.125,34.625,#007016,591
73299,36.9375,-16.75,26.75,#4A5D2A,591
73371,36.9375,30.875,-1.125,#83425A,591
73397,36.9375,50.0,-88.75,#0041EB,591
73410,36.9375,64.5,23.125,#B30036,591
73422,36.9375,86.375,-49.5,#B000A9,591
73423,36.9375,88.5,-76.75,#9800D7,591
73430,36.9375,101.125,-62.75,#B900BF,591
73432,36.9375,102.375,-27.375,#D00085,591
73434,37.0,-116.625,12.875,#007340,592
73447,37.0,-82.0,-20.625,#007177,592
73575,37.0,47.75,43.75,#A32B10,592
73684,37.0625,-3.75,34.0,#61581D,593
73705,37.0625,6.25,52.25,#725200,593
73734,37.0625,16.75,20.875,#7A4C36,593
73792,37.0625,63.375,63.25,#B60000,593
73806,37.0625,83.875,-40.625,#B3009A,593
73815,37.0625,99.875,-78.625,#A800DA,593
73968,37.125,34.75,-55.0,#5547B1,594
74000,37.125,67.625,-46.625,#9809A4,594
74011,37.125,82.25,27.5,#C80031,594
74017,37.125,96.5,-67.125,#AF00C7,594
74034,37.1875,-75.0,-20.625,#007077,595
74063,37.1875,-38.5,46.125,#236500,595
74072,37.1875,-32.5,-21.625,#00667A,595
74161,37.1875,2.375,-53.0,#005CAE,595
74163,37.1875,4.625,-58.625,#005BB7,595
74200,37.1875,18.125,10.375,#784C48,595
74209,37.1875,23.25,-58.125,#2750B7,595
74276,37.1875,80.5,33.625,#C70028,595
74289,37.1875,113.25,-94.25,#AB00F6,595
74310,37.25,-57.125,13.625,#006B40,596
74347,37.25,-29.5,28.5,#316327,596
74348,37.25,-28.375,63.5,#406200,596
74484,37.25,18.25,-54.5,#1F53B1,596
74498,37.25,23.875,52.875,#894600,596
74526,37.25,40.125,49.25,#9B3600,596
74532,37.25,45.75,18.25,#9D303D,596
74545,37.25,60.5,44.125,#B20812,596
74557,37.25,72.25,6.625,#B90050,596
74586,37.3125,-115.375,21.625,#007431,597
74836,37.3125,53.875,-29.375,#932B88,597
74837,37.3125,54.375,27.625,#A9202F,597
74839,37.3125,56.0,53.875,#AE1A00,597
74856,37.3125,72.375,13.0,#BB0047,597
74872,37.3125,93.125,-31.125,#C4008C,597
74878,37.3125,101.875,-51.0,#C400AD,597
74883,37.3125,120.5,-87.5,#BF00EB,597
74914,37.375,-53.125,-29.5,#006D87,598
74920,37.375,-49.625,31.75,#006920,598
75151,37.375,23.375,17.5,#82483D,598
75201,37.375,55.875,-75.75,#5C36D6,598
75204,37.375,60.25,-67.625,#752CC8,598
75245,37.4375,-96.25,3.375,#007251,599
75478,37.4375,12.5,-58.625,#0058B8,599
75559,37.5,-15.0,-66.125,#0066C5,600
75561,37.5,-4.375,-64.125,#0061C1,600
75601,37.5,25.5,-79.5,#0054DC,600
75605,37.5,28.125,-85.0,#0054E6,600
75610,37.5,31.0,-76.25,#004FD6,600
75628,37.5,40.625,-0.75,#92395B,600
75674,37.5,77.125,64.5,#C60000,600
75825,37.6875,15.375,-21.875,#60527C,603
75913,37.75,8.875,-79.875,#005EDD,604
76200,37.9375,-8.625,-53.625,#0063B1,607
76405,38.0,69.125,54.75,#BF0000,608
76451,38.0625,3.75,-68.875,#0060CB,609
76514,38.0625,45.25,-71.0,#4D43CF,609
76562,38.0625,69.375,40.5,#BE001D,609
76838,38.1875,74.125,27.875,#C20032,611
76877,38.1875,113.375,-67.375,#CA00CB,611
76902,38.25,15.25,-6.625,#6E5265,612
77017,38.25,89.375,9.125,#D00050,612
77024,38.25,105.5,-92.25,#A400F6,612
77037,38.3125,6.875,-39.125,#2F5A9A,613
77135,38.3125,64.625,-33.25,#A21591,613
77219,38.375,23.375,-32.0,#644F8E,614
77317,38.4375,-1.25,-58.375,#0061BA,615
77381,38.4375,52.0,65.375,#AE2700,615
77497,38.5,71.5,-36.375,#A90097,616
77524,38.5625,-128.0,5.75,#00794F,617
77530,38.5625,-128.0,21.25,#007834,617
77533,38.5625,-128.0,27.875,#007828,617
77543,38.5625,-126.75,49.125,#007800,617
77550,38.5625,-122.5,32.125,#00771F,617
77555,38.5625,-122.375,25.5,#00782D,617
77581,38.5625,-116.625,5.375,#007850,617
77592,38.5625,-115.625,-12.25,#00786D,617
77608,38.5625,-111.25,9.375,#007749,617
77631,38.5625,-106.25,52.0,#007600,617
77633,38.5625,-106.125,2.375,#007755,617
77640,38.5625,-105.875,44.25,#007600,617
77665,38.5625,-100.75,-2.25,#00765D,617
77698,38.5625,-95.0,-6.25,#007663,617
77724,38.5625,-91.125,20.25,#007437,617
77806,38.5625,-79.875,47.25,#007200,617
77833,38.5625,-76.875,27.25,#00722A,617
77855,38.5625,-75.125,-34.5,#007592,617
77863,38.5625,-74.25,-0.875,#00725B,617
77874,38.5625,-72.875,9.75,#007249,617
77884,38.5625,-72.5,48.25,#007100,617
77892,38.5625,-71.75,-27.875,#007487,617
77937,38.5625,-68.125,-11.25,#00726C,617
77967,38.5625,-65.125,-40.0,#00739B,617
78013,38.5625,-61.75,0.625,#007058,617
78036,38.5625,-59.75,21.75,#006F35,617
78123,38.5625,-53.5,25.625,#006D2E,617
78225,38.5625,-47.5,55.125,#006B00,617
78234,38.5625,-47.25,41.625,#006B08,617
78273,38.5625,-44.875,-12.25,#006C6E,617
78322,38.5625,-42.25,52.125,#1D6A00,617
78359,38.5625,-40.75,15.75,#006A40,617
78368,38.5625,-40.125,-0.5,#006A5B,617
78585,38.5625,-30.625,-43.25,#006BA1,617
78612,38.5625,-29.625,-37.125,#006A97,617
78679,38.5625,-27.125,-17.75,#006777,617
78855,38.5625,-21.125,-21.5,#00667D,617
78947,38.5625,-18.5,-43.75,#0067A2,617
78984,38.5625,-17.375,-16.125,#0C6474,617
79010,38.5625,-16.75,-25.875,#006484,617
79056,38.5625,-15.5,55.375,#586000,617
79339,38.5625,-8.375,-7.875,#435F67,617
79547,38.5625,-4.0,-10.5,#495D6C,617
79612,38.5625,-2.875,9.25,#5C5C4C,617
79756,38.5625,-0.125,-41.5,#005F9E,617
79769,38.5625,0.125,-9.0,#535B69,617
79961,38.5625,3.625,-13.625,#555A71,617
80072,38.5625,5.875,0.375,#65585A,617
80150,38.5625,7.625,-64.25,#005EC5,617
80180,38.5625,8.25,-6.375,#645765,617
80190,38.5625,8.5,-26.625,#4F5886,617
80202,38.5625,8.75,-52.875,#005CB1,617
80205,38.5625,8.75,15.375,#715542,617
80410,38.5625,15.125,-37.5,#4C5698,617
80565,38.5625,22.5,-73.0,#0057D4,617
80636,38.5625,27.375,-90.875,#0058F3,617
80645,38.5625,28.0,-44.375,#5D4EA3,617
80724,38.5625,37.375,-19.5,#86427B,617
80755,38.5625,46.375,-77.125,#3F45DB,617
80767,38.5625,54.25,-103.5,#0045FF,617
80768,38.5625,55.25,18.625,#AC2340,617
80771,38.5625,56.5,-45.875,#8D2EA6,617
80772,38.5625,57.0,-55.875,#8331B7,617
80775,38.5625,61.875,-42.375,#9823A1,617
80778,38.5625,64.875,-87.0,#5A30ED,617
80796,38.5625,89.25,-3.75,#CE0064,617
80800,38.5625,96.5,-8.375,#D5006C,617
80801,38.5625,96.625,-84.5,#A000E9,617
80802,38.5625,98.125,-91.375,#9900F5,617
80804,38.5625,101.0,-42.5,#CC00A2,617
80807,38.5625,108.125,-98.5,#A000FF,617
80808,38.5625,109.25,-50.125,#D200AF,617
80811,38.5625,114.5,-44.75,#DC00A6,617
80812,38.5625,120.0,-65.375,#D600C9,617
80815,38.625,-83.25,22.125,#007334,618
80819,38.625,-65.625,49.25,#006F00,618
80820,38.625,-64.0,-17.375,#007176,618
80822,38.625,-51.125,-12.125,#006E6D,618
80828,38.625,-35.125,53.125,#336800,618
80860,38.625,-1.25,2.625,#5B5B57,618
80867,38.625,2.125,-27.75,#3D5C88,618
80883,38.625,25.5,66.25,#904800,618
80891,38.625,36.25,66.125,#9C3E00,618
80907,38.6875,-95.25,-14.5,#007771,619
80908,38.6875,-89.5,-17.75,#007676,619
80911,38.6875,-63.625,15.5,#007040,619
80920,38.6875,-25.125,2.625,#236656,619
80964,38.6875,35.75,42.375,#9A3F14,619
80984,38.6875,83.375,58.0,#D10000,619
80995,38.75,-33.25,-49.5,#006DAC,620
81040,38.75,42.375,54.75,#A33700,620
81077,38.8125,-52.125,8.375,#006E4C,621
81149,38.8125,64.75,36.75,#BB0024,621
81173,38.875,-87.75,46.125,#007400,622
81174,38.875,-82.75,32.75,#00741F,622
81176,38.875,-68.75,2.25,#007256,622
81180,38.875,-47.375,-26.75,#006F86,622
81182,38.875,-36.25,-17.25,#006B77,622
81184,38.875,-29.0,7.5,#1E674F,622
81198,38.875,0.0,-15.75,#4C5D75,622
81251,38.875,50.375,51.25,#AC2C00,622
81285,38.875,101.0,-99.25,#9300FF,622
81290,38.9375,-106.25,21.25,#007736,623
81293,38.9375,-78.125,-28.875,#007689,623
81296,38.9375,-46.25,12.25,#006D46,623
81414,39.0,-68.25,35.125,#00711B,624
81416,39.0,-53.125,-38.375,#00729A,624
81420,39.0,-24.375,39.0,#466515,624
81423,39.0,-16.75,2.0,#3C6358,624
81428,39.0,-12.0,16.875,#526140,624
81481,39.0,30.0,-51.375,#564FB0,624
81541,39.0,61.75,-15.75,#AA1B77,624
81548,39.0,63.875,30.375,#BA022F,624
81571,39.0,87.625,-66.75,#A800CB,624
81591,39.0625,-61.75,36.25,#007019,625
81593,39.0625,-55.5,2.5,#007057,625
81611,39.0625,-0.375,-75.625,#0065DA,625
81730,39.0625,75.75,-50.75,#A600B0,625
81767,39.125,-101.125,37.625,#007713,626
81782,39.125,-6.0,-37.25,#006299,626
81788,39.125,-1.5,-21.75,#405F7F,626
81807,39.125,18.875,-68.0,#005ACD,626
81845,39.125,36.625,21.125,#98403C,626
81905,39.125,57.625,5.375,#AD2256,626
81915,39.125,62.625,-51.375,#9226B1,626
81952,39.125,92.25,-93.75,#8C00FB,626
81969,39.1875,-108.75,-16.0,#007A75,627
81977,39.1875,-69.5,19.75,#00723A,627
81983,39.1875,-17.5,-33.625,#006793,627
82016,39.1875,19.0,42.5,#874F12,627
82044,39.1875,30.625,55.25,#964500,627
82150,39.1875,78.375,-63.875,#9E00C7,627
82183,39.25,-122.125,-8.0,#007B68,628
82191,39.25,-34.75,40.125,#306911,628
82194,39.25,-21.125,-3.625,#276662,628
82238,39.25,24.125,-4.5,#7F4E64,628
82376,39.25,91.25,-81.625,#9D00E6,628
82403,39.3125,-19.625,33.625,#4E6422,629
82437,39.3125,14.25,54.75,#835200,629
82528,39.3125,50.5,4.375,#A53058,629
82624,39.375,-122.625,39.25,#007A0D,630
82631,39.375,-38.125,-11.0,#006D6E,630
82720,39.375,39.25,-40.75,#7945A0,630
82766,39.375,60.625,-100.0,#003EFF,630
82783,39.375,70.0,48.25,#C40011,630
82813,39.375,90.25,-19.5,#CC007F,630
82820,39.375,100.75,-2.875,#DE0065,630
82839,39.4375,-41.75,36.5,#146C1B,631
82846,39.4375,-12.0,35.375,#5B6120,631
82848,39.4375,-8.25,41.5,#635F11,631
82891,39.4375,22.0,-39.125,#5B549D,631
82915,39.4375,34.375,-7.125,#8C4669,631
82954,39.4375,52.5,-97.375,#0047FF,631
83022,39.4375,105.75,-37.375,#D7009C,631
83033,39.5,-118.5,-1.375,#007B5D,632
83035,39.5,-114.125,-6.5,#007B66,632
83037,39.5,-111.125,28.0,#00792A,632
83040,39.5,-101.375,26.25,#00782E,632
83044,39.5,-91.875,9.75,#00774B,632
83070,39.5,-59.375,7.375,#007150,632
83072,39.5,-58.625,52.0,#007000,632
83074,39.5,-57.125,-5.375,#007264,632
83079,39.5,-55.375,-45.375,#0074A7,632
83098,39.5,-36.375,-39.875,#006F9E,632
83104,39.5,-30.875,16.875,#286940,632
83106,39.5,-30.125,-27.25,#006C89,632
83121,39.5,-19.25,21.375,#496539,632
83156,39.5,-2.25,26.0,#675D32,632
83177,39.5,3.25,31.625,#715A28,632
83200,39.5,13.75,-14.75,#685675,632
83209,39.5,20.625,30.0,#884F2D,632
83214,39.5,24.625,25.25,#8C4C35,632
83217,39.5,28.875,-12.0,#824B71,632
83218,39.5,28.875,38.75,#93481D,632
83221,39.5,31.625,-38.875,#6E4C9D,632
83222,39.5,33.125,-88.25,#0055F1,632
83226,39.5,40.75,26.375,#A03C34,632
83227,39.5,41.125,-29.5,#87428E,632
83230,39.5,46.125,-15.0,#983A76,632
83231,39.5,47.125,-30.625,#8F3B90,632
83232,39.5,47.125,25.25,#A73437,632
83236,39.5,52.25,-3.5,#A52F64,632
83242,39.5,65.875,-20.125,#AF0F7F,632
83244,39.5,70.0,0.25,#BC005F,632
83247,39.5,78.625,-101.0,#5C1CFF,632
83249,39.5,81.625,-70.0,#9D00D2,632
83250,39.5,81.75,39.375,#D10024,632
83251,39.5,83.375,-95.875,#7600FF,632
83259,39.5,95.625,17.5,#DD0047,632
83264,39.5,99.875,7.125,#E00056,632
83268,39.5,111.875,-81.375,#BF00E6,632
83269,39.5,122.125,-78.5,#D100E2,632
83371,39.5625,-60.0,-13.0,#007371,633
83748,39.5625,68.625,-95.25,#4F30FE,633
84073,39.625,-21.125,8.75,#3B664F,634
84506,39.625,85.375,-83.5,#9200EA,634
84569,39.6875,-82.75,-1.875,#00775F,635
84919,39.6875,-17.25,45.375,#566403,635
85500,39.6875,82.875,65.375,#D40000,635
85566,39.75,-51.375,-3.25,#007162,636
85696,39.75,-18.25,15.375,#476544,636
85725,39.75,-12.875,10.0,#4E634D,636
86065,39.8125,80.5,-89.625,#7E04F5,637
86067,39.8125,95.75,-54.75,#C100BA,637
86084,39.875,15.375,5.25,#795556,638
86127,39.9375,-75.125,-14.5,#007774,639
86128,39.9375,-34.0,-56.625,#0071BB,639
86129,39.9375,-22.375,-39.375,#006B9E,639
86157,39.9375,29.375,-23.75,#7B4D85,639
86163,39.9375,34.0,-46.0,#6A4DAA,639
86177,39.9375,45.875,-3.875,#9E3A66,639
86208,40.0,-9.0,56.875,#666100,640
86294,40.0,61.125,-60.0,#892FC2,640
86308,40.0,75.0,-70.125,#930DD4,640
86318,40.0,90.25,31.625,#DB0032,640
86329,40.0625,-79.25,-7.625,#007869,641
86444,40.0625,74.125,-5.875,#C0006A,641
86476,40.125,-113.5,43.125,#007B00,642
86477,40.125,-82.125,40.5,#00770E,642
86484,40.125,-11.25,-33.0,#006794,642
86501,40.125,12.5,-73.75,#0061D9,642
86555,40.125,36.25,-93.375,#0056FC,642
86611,40.125,63.75,-2.5,#B51565,642
86638,40.125,83.125,-12.75,#C90076,642
86646,40.125,89.25,-88.375,#9300F4,642
86664,40.1875,-83.125,-13.5,#007973,643
86665,40.1875,-27.125,-60.25,#0070C2,643
86750,40.1875,34.875,31.0,#9B442E,643
86781,40.1875,44.25,-97.625,#0051FF,643
86798,40.1875,51.875,-35.75,#93389A,643
86830,40.1875,61.5,-77.75,#6D36E1,643
86855,40.1875,72.75,-22.5,#B80085,643
86861,40.1875,76.75,-84.75,#8116EE,643
86872,40.1875,80.25,47.25,#D20017,643
86896,40.25,-96.0,14.875,#007A44,644
86898,40.25,-26.625,57.125,#4A6900,644
87052,40.25,58.0,-32.625,#9F2D95,644
87161,40.3125,-8.375,22.625,#5F6239,645
87177,40.3125,1.125,20.5,#6C5D3E,645
87214,40.3125,23.0,37.375,#8E4F21,645
87389,40.3125,80.25,-3.25,#C90067,645
87415,40.3125,93.375,-75.75,#AB00DF,645
87429,40.3125,105.875,-70.25,#C400D5,645
87440,40.375,-12.25,-46.875,#0069AC,646
87445,40.375,-1.125,54.75,#725E00,646
87474,40.375,14.375,-31.75,#585A93,646
87590,40.375,56.5,-92.0,#2D43FB,646
87618,40.375,67.375,-79.25,#782DE5,646
87619,40.375,68.0,-65.75,#8E25CD,646
87656,40.375,81.0,6.625,#CD0058,646
87668,40.375,87.75,17.125,#D70049,646
87680,40.375,96.25,1.5,#DD0061,646
87695,40.375,113.875,-58.0,#D800C1,646
87707,40.4375,-24.0,-45.75,#006EAA,647
87712,40.4375,-6.125,50.875,#6A6100,647
87720,40.4375,4.125,-7.375,#605E6B,647
87723,40.4375,4.625,43.5,#785B10,647
87727,40.4375,6.0,10.375,#6F5B4F,647
87731,40.4375,8.375,35.0,#7B5924,647
87806,40.4375,42.75,5.75,#9F3E58,647
87840,40.4375,57.5,-6.875,#AD296C,647
87909,40.4375,93.5,-40.375,#C900A3,647
87922,40.5,-35.0,25.625,#276D33,648
87927,40.5,-6.25,-29.125,#20658F,648
87978,40.5,28.375,18.625,#914C43,648
87996,40.5,34.75,-32.125,#7D4B94,648
88035,40.5,58.5,62.5,#BB1F00,648
88054,40.5,74.5,38.375,#CC0026,648
88068,40.5,87.75,49.375,#DB0016,648
88081,40.5625,-128.0,-3.375,#007F63,649
88085,40.5625,-128.0,34.5,#007E1E,649
88090,40.5625,-122.25,9.75,#007E4D,649
88095,40.5625,-119.375,53.375,#007D00,649
88097,40.5625,-119.25,44.875,#007D00,649
88103,40.5625,-114.25,50.25,#007C00,649
88106,40.5625,-113.125,58.125,#007C00,649
88113,40.5625,-106.375,-6.875,#007D69,649
88115,40.5625,-104.75,15.375,#007C44,649
88118,40.5625,-103.25,59.0,#007B00,649
88123,40.5625,-100.0,-10.75,#007C6F,649
88129,40.5625,-96.625,43.125,#007A03,649
88132,40.5625,-94.125,60.0,#007A00,649
88142,40.5625,-89.25,52.375,#007900,649
88145,40.5625,-87.75,-9.625,#007B6E,649
88150,40.5625,-85.5,60.75,#007800,649
88171,40.5625,-78.0,6.375,#007853,649
88175,40.5625,-77.5,61.375,#007700,649
88181,40.5625,-76.375,33.0,#007723,649
88196,40.5625,-70.25,62.25,#007500,649
88213,40.5625,-63.25,62.75,#007400,649
88216,40.5625,-62.875,-33.75,#007896,649
88223,40.5625,-59.25,44.75,#007301,649
88237,40.5625,-53.625,56.125,#007200,649
88248,40.5625,-48.5,-17.5,#00737B,649
88255,40.5625,-47.25,2.375,#00715B,649
88263,40.5625,-44.75,-35.875,#00739A,649
88282,40.5625,-37.875,65.25,#356D00,649
88299,40.5625,-32.875,47.75,#3C6C00,649
88316,40.5625,-27.125,-8.5,#006C6D,649
88359,40.5625,-15.5,-57.75,#006CBF,649
88364,40.5625,-13.5,63.875,#616400,649
88370,40.5625,-12.375,-21.875,#1C6783,649
88397,40.5625,-7.5,68.25,#6B6100,649
88400,40.5625,-6.625,-19.0,#3B647E,649
88435,40.5625,-0.5,65.5,#745E00,649
88438,40.5625,0.0,-48.0,#0064AE,649
88439,40.5625,0.0,13.125,#685F4A,649
88477,40.5625,4.625,69.25,#7B5B00,649
88508,40.5625,10.75,67.75,#835700,649
88512,40.5625,11.875,23.625,#7D5839,649
88526,40.5625,14.5,-79.5,#0062E5,649
88536,40.5625,16.125,36.5,#865423,649
88543,40.5625,18.5,69.625,#8D5200,649
88547,40.5625,20.5,-81.375,#005FE8,649
88552,40.5625,23.875,-64.0,#1759CA,649
88556,40.5625,24.375,11.875,#8A4F4D,649
88561,40.5625,26.25,46.0,#944C0E,649
88569,40.5625,29.875,-63.625,#3A55C9,649
88577,40.5625,35.375,-71.0,#3352D6,649
88585,40.5625,38.625,-83.5,#0052EC,649
88588,40.5625,40.25,-9.75,#964371,649
88591,40.5625,42.0,69.625,#A93C00,649
88593,40.5625,42.5,-54.0,#7148B9,649
88596,40.5625,46.375,36.875,#AB3725,649
88597,40.5625,48.375,-23.5,#983B87,649
88598,40.5625,50.25,32.0,#AF322E,649
88601,40.5625,50.875,-64.5,#7141CB,649
88602,40.5625,51.0,12.75,#AC324D,649
88605,40.5625,55.25,-82.75,#5141EB,649
88607,40.5625,61.5,68.25,#BF1600,649
88611,40.5625,69.5,69.125,#C80000,649
88612,40.5625,76.0,20.875,#CB0042,649
88613,40.5625,77.5,12.875,#CB004F,649
88616,40.5625,80.5,-34.875,#BC009A,649
88618,40.5625,86.5,-32.625,#C50097,649
88619,40.5625,88.375,-25.875,#CB008C,649
88622,40.5625,98.375,-20.875,#D90084,649
88623,40.5625,102.75,-83.125,#B200EC,649
88627,40.625,-128.0,14.625,#007E45,650
88629,40.625,-128.0,41.625,#007E07,650
88845,40.625,-22.125,-27.625,#006C8C,650
88859,40.625,-18.875,67.0,#5A6600,650
89056,40.625,10.5,46.25,#815809,650
89136,40.625,54.25,43.375,#B52A1A,650
89146,40.6875,-116.875,29.25,#007D2A,651
89778,40.6875,34.875,59.875,#A04500,651
89789,40.6875,72.875,59.375,#CC0000,651
89801,40.75,-122.375,18.75,#007E3E,652
89813,40.75,-108.625,38.75,#007C14,652
90440,40.75,26.125,59.75,#964D00,652
90447,40.75,29.25,-71.5,#0057D8,652
90465,40.75,47.125,-45.625,#8441AC,652
90470,40.75,77.25,-40.0,#B500A3,652
90529,40.8125,-76.0,14.375,#007846,653
90681,40.8125,-24.875,27.0,#446A32,653
90706,40.8125,-22.5,-53.5,#006FB8,653
91032,40.8125,20.375,48.125,#8E5206,653
91084,40.8125,55.375,36.0,#B62929,653
91089,40.8125,80.5,-58.5,#AB00C2,653
91091,40.8125,87.875,25.875,#DA003C,653
91368,40.875,4.0,-33.0,#3D6196,654
91446,40.875,34.25,10.5,#974851,654
91461,40.875,84.5,-54.0,#B500BB,654
91505,40.9375,-33.25,-2.5,#006E64,655
91519,40.9375,-26.5,48.375,#4A6A00,655
91550,40.9375,15.5,-43.25,#485CA8,655
91578,40.9375,35.875,-59.5,#5950C4,655
91588,40.9375,70.0,32.0,#C70031,655
91594,40.9375,99.375,-35.5,#D5009D,655
91597,41.0,-111.375,0.75,#007E5D,656
91598,41.0,-93.75,30.375,#007B29,656
91603,41.0,-67.125,28.0,#00762F,656
91672,41.0,41.75,-88.75,#0052F7,656
91695,41.0625,-117.125,36.125,#007E1C,657
91697,41.0625,-56.125,35.625,#007420,657
91700,41.0625,-21.0,52.875,#556900,657
91800,41.0625,108.25,-62.375,#D000CA,657
91820,41.125,-13.875,-9.375,#396870,658
91926,41.125,52.5,59.5,#B62F00,658
92001,41.1875,-57.75,-29.0,#007890,659
92109,41.1875,45.25,47.25,#AD3A11,659
92127,41.1875,52.375,-42.375,#913BA8,659
92167,41.1875,75.75,-15.25,#C2007C,659
92196,41.25,-44.625,26.125,#007234,660
92241,41.25,13.75,17.75,#805845,660
92387,41.25,71.25,-54.625,#A218BD,660
92406,41.25,83.125,-46.875,#BA00B0,660
92429,41.25,104.375,-21.125,#E30087,660
92465,41.3125,4.125,-20.375,#556183,661
92500,41.3125,17.625,-0.125,#7D5762,661
92505,41.3125,20.125,-25.25,#6E588B,661
92573,41.3125,36.25,37.0,#A14526,661
92641,41.3125,56.5,-22.5,#A63187,661
92644,41.3125,57.125,-0.5,#B12B64,661
92650,41.3125,58.5,14.375,#B8264D,661
92744,41.375,-98.25,55.5,#007C00,662
92749,41.375,-65.875,-27.875,#007A8E,662
92751,41.375,-48.25,64.375,#127200,662
92753,41.375,-43.25,7.375,#007254,662
92794,41.375,6.625,-46.0,#1B63AD,662
92820,41.375,15.625,62.875,#8B5600,662
93058,41.375,87.75,-72.75,#A900DC,662
93108,41.4375,-3.0,43.625,#706212,663
93120,41.4375,6.25,26.625,#795D36,663
93129,41.4375,11.125,-19.875,#635D82,663
93141,41.4375,17.75,24.875,#88563A,663
93147,41.4375,19.0,57.75,#8F5400,663
93234,41.4375,48.625,-53.0,#8043BA,663
93315,41.4375,81.625,-20.375,#C80085,663
93356,41.5,-90.125,-2.0,#007D63,664
93357,41.5,-88.75,25.0,#007C35,664
93358,41.5,-88.25,33.875,#007C23,664
93359,41.5,-86.75,3.25,#007C5B,664
93360,41.5,-83.75,11.5,#007B4D,664
93361,41.5,-70.25,-22.625,#007B86,664
93362,41.5,-69.25,-35.125,#007C9B,664
93365,41.5,-57.25,-19.125,#007880,664
93366,41.5,-52.75,-25.0,#00778A,664
93368,41.5,-49.625,-50.25,#0079B4,664
93372,41.5,-42.5,-54.25,#0077BB,664
93375,41.5,-39.75,-22.875,#007386,664
93382,41.5,-24.75,13.75,#3B6C4B,664
93386,41.5,-21.875,-65.875,#0072CF,664
93388,41.5,-20.75,-10.5,#1C6C72,664
93393,41.5,-13.375,-2.625,#456866,664
93396,41.5,-9.125,-70.5,#006ED8,664
93403,41.5,0.625,-1.75,#626265,664
93409,41.5,6.875,57.0,#805C00,664
93422,41.5,19.375,-59.875,#1A5DC6,664
93423,41.5,19.625,-9.25,#7B5771,664
93425,41.5,22.0,-46.625,#535AAF,664
93430,41.5,26.625,2.875,#8C505E,664
93435,41.5,33.0,2.625,#944B5F,664
93436,41.5,33.0,71.25,#A14800,664
93439,41.5,36.0,-78.125,#0055E5,664
93445,41.5,41.75,14.625,#A4414C,664
93456,41.5,53.125,-70.875,#6C43D9,664
93457,41.5,57.625,49.75,#BD260E,664
93459,41.5,58.75,24.5,#BB253D,664
93461,41.5,60.75,56.125,#C11D00,664
93468,41.5,66.625,11.75,#C10A52,664
93475,41.5,75.0,-92.25,#7127FF,664
93477,41.5,75.75,68.875,#D20000,664
93478,41.5,76.625,2.5,#CA0061,664
93479,41.5,77.25,53.875,#D3000A,664
93491,41.5,90.0,-46.25,#C400B0,664
93498,41.5,99.25,-71.875,#BC00DC,664
93500,41.5,107.875,-31.0,#E40097,664
93503,41.5,117.125,-74.875,#D300E1,664
93602,41.5625,43.0,60.875,#AD3E00,665
93611,41.5625,68.375,20.0,#C50045,665
93612,41.5625,69.0,26.0,#C7003C,665
93620,41.5625,103.0,-9.75,#E60076,665
93886,41.625,33.375,48.5,#A0490B,666
93894,41.625,50.75,71.5,#B73300,666
93912,41.625,104.125,-46.625,#D700B1,666
93963,41.6875,-77.0,22.125,#007A3B,667
93964,41.6875,-75.875,39.375,#007A17,667
94930,41.75,26.375,71.625,#9A4F00,668
94959,41.75,78.25,-76.5,#960EE4,668
94961,41.75,95.25,10.625,#E30056,668
95528,41.8125,31.0,64.375,#9F4B00,669
95559,41.8125,105.125,-53.375,#D500BD,669
95590,41.875,-68.375,12.0,#007A4D,670
95637,41.875,-44.625,-44.75,#0078AC,670
95932,41.875,7.5,-12.125,#666077,670
96121,41.9375,-37.125,-33.875,#00759A,671
96237,41.9375,-0.625,71.875,#786100,671
96255,41.9375,2.25,4.375,#6A615C,671
96266,41.9375,4.75,-73.375,#0069DE,671
96357,41.9375,87.25,40.5,#DF0028,671
96396,42.0,-38.0,11.625,#00724F,672
96521,42.0,115.875,-49.5,#E600B7,672
96523,42.0625,-91.75,-26.625,#00808E,673
96524,42.0625,-86.375,-29.625,#008093,673
96532,42.0625,-45.75,32.875,#007429,673
96543,42.0625,-5.125,-45.25,#006AAE,673
96612,42.0625,51.75,-58.75,#7F42C6,673
96645,42.125,-97.5,-23.375,#008188,674
96648,42.125,-65.0,-7.125,#007A6E,674
96711,42.125,29.5,-3.875,#8E506B,674
96739,42.125,41.625,-21.875,#944788,674
96758,42.125,61.25,-83.75,#653EF1,674
96812,42.1875,-103.5,-20.0,#008283,675
96813,42.1875,-82.375,27.75,#007D31,675
96862,42.1875,27.875,-35.0,#73559E,675
96946,42.1875,64.25,43.5,#C6151F,675
96961,42.1875,70.5,-45.125,#AC19AF,675
96980,42.1875,82.625,-26.5,#C90091,675
96992,42.1875,94.75,25.125,#E60041,675
96994,42.1875,95.875,-13.125,#DE007C,675
97008,42.25,-70.0,41.875,#007A11,676
97009,42.25,-48.5,18.125,#007544,676
97011,42.25,-38.0,-48.375,#0077B3,676
97016,42.25,-8.875,-12.625,#446978,676
97020,42.25,-3.5,-2.125,#5C6667,676
97023,42.25,1.625,49.75,#7A6100,676
97158,42.25,49.125,-9.5,#A63C75,676
97267,42.25,98.375,-61.875,#C600CD,676
97559,42.3125,82.75,30.5,#DA0038,677
97576,42.3125,91.25,-63.25,#BB00CF,677
97594,42.3125,122.25,-69.5,#E100DA,677
97595,42.375,-54.125,48.75,#007700,678
97607,42.375,-7.875,0.125,#566864,678
97953,42.4375,-83.75,-22.625,#008088,679
97955,42.4375,-77.0,-22.875,#007F88,679
97956,42.4375,-59.75,26.375,#007935,679
98135,42.4375,51.75,-17.25,#A63A82,679
98163,42.4375,66.625,-7.25,#BE1772,679
98226,42.5,-53.25,13.0,#00784D,680
98227,42.5,-33.0,35.375,#3B7125,680
98230,42.5,-15.625,-51.375,#0070B9,680
98281,42.5,23.25,-15.0,#7F577D,680
98474,42.5625,-106.0,9.0,#008253,681
98486,42.5625,-101.125,2.375,#00815E,681
98497,42.5625,-97.125,64.875,#007F00,681
98502,42.5625,-95.5,24.125,#008039,681
98518,42.5625,-88.5,65.875,#007E00,681
98535,42.5625,-80.375,66.625,#007D00,681
98550,42.5625,-72.875,-6.25,#007D6D,681
98613,42.5625,-44.375,-5.75,#00766D,681
98632,42.5625,-34.875,71.125,#427100,681
98648,42.5625,-28.125,71.5,#506F00,681
98654,42.5625,-25.5,-34.125,#00729C,681
98667,42.5625,-18.25,72.875,#616B00,681
98678,42.5625,-14.0,30.5,#5E6A30,681
98683,42.5625,-12.125,72.875,#6A6800,681
98685,42.5625,-11.375,45.875,#67680C,681
98697,42.5625,-8.375,-59.375,#006FC7,681
98704,42.5625,-7.0,9.375,#5F6755,681
98714,42.5625,-2.625,37.5,#726423,681
98727,42.5625,1.75,-64.625,#006BD0,681
98737,42.5625,4.375,-81.0,#006CED,681
98759,42.5625,11.25,-84.75,#0069F4,681
98761,42.5625,12.125,-2.75,#765E69,681
98770,42.5625,16.5,-87.75,#0067F9,681
98792,42.5625,28.625,31.5,#9B5032,681
98798,42.5625,30.375,-95.5,#0060FF,681
98802,42.5625,32.625,-17.625,#8B5082,681
98814,42.5625,37.125,54.375,#A84700,681
98820,42.5625,41.25,-73.0,#4A52E0,681
98828,42.5625,45.0,-63.375,#6C4CCF,681
98831,42.5625,46.375,66.0,#B43C00,681
98833,42.5625,49.25,-86.125,#344EF7,681
98836,42.5625,50.5,18.875,#B33848,681
98838,42.5625,62.375,-71.625,#8239DE,681
98842,42.5625,68.75,-72.75,#8C2EE0,681
98843,42.5625,69.0,-26.625,#B81792,681
98844,42.5625,70.875,-86.625,#7830F8,681
98846,42.5625,71.625,-61.375,#A020CC,681
98847,42.5625,74.75,-32.25,#BC009B,681
98853,42.5625,90.25,-9.625,#DA0077,681
98855,42.5625,93.5,-69.875,#B900DB,681
98860,42.5625,111.125,-86.5,#C200F8,681
98866,42.5625,117.25,-88.0,#CA00FB,681
98877,42.625,-96.0,36.375,#008020,682
99064,42.625,81.875,73.25,#DD0000,682
99237,42.6875,-15.25,39.25,#606A1F,683
99434,42.6875,44.75,30.75,#AF3F35,683
99445,42.6875,89.625,2.25,#DD0065,683
99449,42.6875,100.875,-26.5,#E10093,683
99514,42.75,-72.75,67.25,#007C00,684
99582,42.75,-39.125,48.375,#327300,684
99880,42.75,9.5,73.25,#885D00,684
99937,42.75,24.625,-57.25,#445CC5,684
99941,42.75,27.0,51.625,#9C5101,684
99943,42.75,28.0,-28.875,#7B5695,684
99971,42.75,98.25,-45.875,#D300B3,684
99983,42.8125,-111.0,13.625,#00834C,685
100024,42.8125,-75.75,51.0,#007D00,685
100074,42.8125,-50.125,-34.375,#007B9D,685
100250,42.8125,-12.25,-65.5,#0072D3,685
100345,42.8125,-1.75,31.125,#726530,685
100494,42.8125,20.5,18.125,#8D5748,685
100513,42.8125,30.75,24.75,#9D4F3E,685
100531,42.8125,63.625,50.5,#C81A12,685
100532,42.8125,64.125,4.0,#C01F61,685
100533,42.8125,64.625,-46.5,#A42CB3,685
100534,42.8125,66.0,73.625,#CC0D00,685
100535,42.8125,66.25,63.625,#CC0D00,685
100537,42.8125,70.0,-16.875,#BF0E83,685
100540,42.8125,81.625,21.5,#D90047,685
100543,42.8125,84.75,-40.125,#C500A9,685
100548,42.8125,111.125,-37.625,#E900A6,685
100557,42.875,-116.75,18.625,#008443,686
100944,42.875,5.375,-59.375,#0069C8,686
101035,42.875,39.5,46.625,#AB4516,686
101037,42.875,44.5,-80.875,#3952EE,686
101038,42.875,46.875,56.375,#B53C00,686
101052,42.875,112.875,-93.125,#BE00FF,686
101198,42.9375,-28.375,64.0,#4F7000,687
101416,42.9375,18.125,-53.875,#3861BF,687
101451,42.9375,61.75,-38.25,#A730A6,687
101471,43.0,-116.75,9.75,#008453,688
101477,43.0,-102.0,33.125,#008228,688
101480,43.0,-98.875,49.75,#008100,688
101769,43.0,40.5,-45.375,#7F4EB1,688
101778,43.0,47.5,8.5,#AD3E5A,688
101781,43.0,52.75,-26.875,#A33C93,688
101782,43.0,53.125,26.875,#B9353C,688
101852,43.0625,-44.125,44.125,#1F760F,689
101880,43.0625,-27.125,-1.0,#1E7267,689
101886,43.0625,-18.625,61.5,#606C00,689
102005,43.0625,67.25,57.375,#CD0800,689
102013,43.0625,87.125,55.0,#E4000F,689
102023,43.125,-68.625,51.875,#007C00,690
102049,43.125,-5.25,-64.625,#006FD2,690
102133,43.125,40.25,-2.125,#A0486B,690
102212,43.1875,-21.125,2.25,#3B6F62,691
102244,43.1875,8.5,-30.75,#546499,691
102279,43.1875,26.25,-80.625,#0061EF,691
102305,43.1875,35.75,-50.75,#6F54BB,691
102399,43.25,-106.25,-1.5,#008467,692
102458,43.25,11.25,-55.75,#0066C3,692
102674,43.25,93.0,-28.625,#D80098,692
102706,43.3125,-71.375,6.375,#007E5A,693
102727,43.3125,-1.75,-10.875,#596878,693
102794,43.3125,18.875,8.75,#895A59,693
103013,43.3125,79.125,62.375,#DC0000,693
103069,43.375,-28.125,43.125,#4B7115,694
103115,43.375,11.5,-37.125,#5063A4,694
103427,43.375,87.125,11.375,#DF0058,694
103458,43.4375,-110.125,22.125,#00843E,695
103473,43.4375,-17.75,-19.625,#0C7086,695
103479,43.4375,-6.5,-53.25,#006FBF,695
103492,43.4375,3.75,37.375,#7E6326,695
103494,43.4375,5.25,-53.375,#0069C0,695
103502,43.4375,8.0,2.125,#756263,695
103584,43.4375,29.25,-85.875,#0061F9,695
103786,43.4375,101.375,-89.875,#B000FF,695
103794,43.5,-120.125,-12.375,#008779,696
103797,43.5,-90.625,43.25,#00810E,696
103798,43.5,-89.625,14.625,#00824C,696
103800,43.5,-83.625,17.5,#008147,696
103802,43.5,-80.5,-33.625,#00839D,696
103811,43.5,-65.125,72.625,#007C00,696
103814,43.5,-60.375,-44.375,#0080B0,696
103816,43.5,-58.625,73.25,#007A00,696
103821,43.5,-52.375,73.5,#057900,696
103827,43.5,-41.625,58.0,#317600,696
103829,43.5,-41.25,74.0,#377600,696
103833,43.5,-38.375,18.375,#157647,696
103834,43.5,-37.5,-6.375,#007770,696
103835,43.5,-36.875,3.75,#007660,696
103841,43.5,-33.25,-10.875,#007578,696
103842,43.5,-32.75,-21.25,#007689,696
103846,43.5,-28.375,-53.0,#0078BF,696
103849,43.5,-25.125,20.125,#457144,696
103855,43.5,-15.625,-38.5,#0071A6,696
103857,43.5,-13.375,21.375,#5D6C43,696
103863,43.5,-9.875,-40.875,#006FAA,696
103878,43.5,6.0,18.875,#7B6248,696
103885,43.5,11.375,-65.25,#0068D4,696
103886,43.5,12.0,-9.75,#746177,696
103887,43.5,12.625,30.375,#885E34,696
103896,43.5,21.5,63.875,#995700,696
103910,43.5,39.25,-67.0,#5955D8,696
103916,43.5,43.625,21.5,#AE4446,696
103923,43.5,52.75,-48.375,#9242B8,696
103928,43.5,58.5,72.625,#C62A00,696
103934,43.5,76.625,29.5,#D7003B,696
103940,43.5,84.125,-77.875,#A300EC,696
103946,43.5,93.75,-3.75,#E30071,696
103947,43.5,94.5,37.5,#EC0031,696
103952,43.5,104.875,-77.25,#C500EB,696
103955,43.5,117.625,-80.875,#D500F1,696
103957,43.5,124.25,-82.5,#DD00F4,696
103978,43.5625,-65.0,2.5,#007E61,697
103980,43.5625,-58.875,56.625,#007B00,697
103982,43.5625,-39.5,32.375,#28762D,697
104014,43.5625,-11.125,52.5,#6B6A00,697
104025,43.5625,-4.625,15.0,#69684E,697
104033,43.5625,6.25,62.75,#856100,697
104042,43.5625,12.75,-25.625,#656291,697
104059,43.5625,33.625,17.125,#A04E4C,697
104069,43.5625,50.5,-93.25,#0051FF,697
104070,43.5625,60.0,-11.625,#B72F7C,697
104073,43.5625,62.5,-24.875,#B32D91,697
104074,43.5625,64.0,-94.0,#5442FF,697
104082,43.5625,89.75,-52.0,#C600BF,697
104088,43.5625,106.25,-15.375,#EE0084,697
104089,43.5625,109.5,-44.0,#E600B2,697
104090,43.5625,117.25,-61.875,#E400D1,697
104161,43.625,-26.75,34.625,#4B712A,698
104205,43.625,-5.5,61.0,#756800,698
104228,43.625,3.5,13.25,#756451,698
104236,43.625,9.125,40.375,#866021,698
104250,43.625,17.625,-19.875,#755E88,698
104281,43.625,66.375,-58.375,#9E30CA,698
104286,43.625,84.125,-7.875,#D70077,698
104288,43.625,87.875,64.625,#E70000,698
104293,43.625,94.125,-88.75,#A600FF,698
104297,43.625,100.5,14.125,#F00056,698
104299,43.625,103.0,3.875,#F00065,698
104301,43.625,111.375,-71.75,#D500E2,698
104410,43.6875,-34.5,58.375,#447400,699
104487,43.6875,-8.25,33.375,#6B6A2E,699
104574,43.6875,11.0,13.0,#806052,699
104591,43.6875,20.125,-33.25,#6A5E9F,699
104616,43.6875,40.75,-34.25,#8D4DA1,699
104620,43.6875,45.125,-39.75,#8F4AAA,699
104633,43.6875,70.625,6.875,#CB025F,699
104634,43.6875,74.25,45.875,#D60020,699
104640,43.6875,97.375,-81.0,#B600F2,699
104717,43.75,-62.125,18.375,#007D47,700
104737,43.75,-47.25,69.875,#237800,700
104851,43.75,-11.25,5.375,#576D5E,700
104974,43.75,15.75,45.0,#905C18,700
104990,43.75,28.625,-47.375,#675AB7,700
104995,43.75,31.5,43.125,#A4501E,700
105004,43.75,37.5,-26.375,#8F5094,700
105007,43.75,41.25,40.625,#AF4625,700
105015,43.75,55.375,67.25,#C23100,700
105017,43.75,58.625,-64.125,#893FD4,700
105028,43.75,86.5,-59.875,#BC00CD,700
105113,43.8125,-53.375,-10.0,#007C77,701
105123,43.8125,-49.75,40.125,#00791C,701
105213,43.8125,-19.375,27.25,#566F39,701
105406,43.8125,10.625,52.0,#8B5F00,701
105467,43.8125,73.5,-80.125,#8D2BF0,701
105472,43.8125,83.5,-65.375,#B200D7,701
105478,43.8125,90.625,-35.875,#D300A5,701
105485,43.8125,108.875,-25.375,#EF0094,701
105574,43.875,-48.375,9.5,#007A57,702
105762,43.875,-5.625,75.125,#776800,702
105840,43.875,16.5,75.25,#955B00,702
105885,43.875,52.625,-76.625,#664BEA,702
105892,43.875,67.125,-34.75,#B426A3,702
106030,43.9375,-31.0,21.5,#397443,703
106224,43.9375,25.25,-42.125,#695CAE,703
106253,43.9375,59.125,30.25,#C42C39,703
106259,43.9375,73.5,74.875,#D80000,703
106263,43.9375,85.125,-92.0,#9008FF,703
106280,44.0,-102.125,41.0,#008517,704
106298,44.0,-65.625,-15.125,#008080,704
106311,44.0,-53.5,5.625,#007C5D,704
106457,44.0,-7.625,-5.875,#546C71,704
106495,44.0,2.5,-42.5,#216BAF,704
106572,44.0,39.25,-15.125,#9A4D82,704
106578,44.0,43.0,75.375,#B54400,704
106593,44.0,83.0,15.75,#DD0053,704
106597,44.0,103.375,-65.0,#D000D7,704
106598,44.0,103.375,-41.125,#E100AF,704
106603,44.0625,-98.75,18.625,#008546,705
106702,44.0625,-30.25,52.25,#4C7400,705
106710,44.0625,-27.875,-16.125,#007582,705
106805,44.0625,21.25,-70.5,#0064DF,705
106840,44.0625,46.75,-70.25,#6650DF,705
106851,44.0625,53.5,7.625,#B8395E,705
106862,44.0625,60.875,9.125,#C12B5C,705
106890,44.125,-114.25,-11.125,#008879,706
106892,44.125,-84.0,71.375,#008200,706
106908,44.125,-63.75,-38.5,#0082A7,706
106921,44.125,-51.875,26.625,#007B39,706
106948,44.125,-31.5,-44.0,#0079B1,706
107008,44.125,3.375,-15.125,#606881,706
107013,44.125,3.625,75.625,#856400,706
107098,44.125,56.5,19.375,#BF334B,706
107129,44.125,92.625,46.25,#ED0024,706
107135,44.1875,-95.75,-16.875,#008683,707
107136,44.1875,-89.875,-20.125,#008688,707
107142,44.1875,-53.5,65.25,#007B00,707
107147,44.1875,-38.125,-15.375,#007981,707
107252,44.1875,26.375,-20.375,#84598B,707
107293,44.1875,47.5,0.875,#AE4269,707
107305,44.1875,58.625,-55.5,#963EC6,707
107316,44.1875,68.25,38.25,#D00E2E,707
107323,44.1875,71.875,53.0,#D60011,707
107324,44.1875,72.0,16.0,#D10052,707
107356,44.25,-58.375,1.5,#007E65,708
107361,44.25,-46.125,-29.125,#007D98,708
107366,44.25,-33.875,-29.375,#007999,708
107368,44.25,-30.375,5.875,#24755E,708
107389,44.25,-3.125,-38.625,#0E6EA9,708
107464,44.25,29.125,12.375,#9B5455,708
107602,44.3125,-80.625,-17.125,#008484,709
108260,44.4375,-14.25,13.5,#596F52,711
108539,44.4375,91.0,20.125,#E9004D,711
108547,44.5,-62.5,8.5,#007F59,712
108548,44.5,-55.375,-39.25,#0081AA,712
108554,44.5,-22.25,46.0,#5A7210,712
108780,44.5625,-128.0,6.375,#008A5C,713
108788,44.5625,-128.0,21.875,#008A41,713
108791,44.5625,-128.0,28.5,#008934,713
108799,44.5625,-124.25,48.5,#008900,713
108803,44.5625,-122.5,32.75,#00892C,713
108808,44.5625,-122.375,26.125,#008939,713
108816,44.5625,-122.125,-1.25,#008A69,713
108830,44.5625,-116.625,3.0,#008962,713
108840,44.5625,-111.875,34.125,#008829,713
108846,44.5625,-108.875,55.875,#008700,713
108851,44.5625,-106.0,45.875,#008705,713
108860,44.5625,-95.375,-6.125,#008772,713
108861,44.5625,-93.625,2.625,#008663,713
108868,44.5625,-84.0,-5.75,#008571,713
108869,44.5625,-83.625,45.75,#008308,713
108871,44.5625,-82.5,56.875,#008300,713
108873,44.5625,-81.625,1.5,#008465,713
108876,44.5625,-74.5,27.0,#008239,713
108879,44.5625,-70.75,0.0,#008268,713
108883,44.5625,-70.125,32.875,#00812D,713
108886,44.5625,-63.875,32.25,#007F2F,713
108887,44.5625,-63.375,41.0,#007F1B,713
108930,44.5625,-25.75,-24.125,#007791,713
108935,44.5625,-23.5,68.0,#5D7200,713
108938,44.5625,-23.25,76.125,#5E7200,713
108949,44.5625,-15.375,-26.375,#007395,713
108954,44.5625,-12.625,58.375,#6D6E00,713
108980,44.5625,-3.0,-20.375,#4C6C8B,713
108981,44.5625,-3.0,5.375,#686B60,713
108985,44.5625,-0.125,-28.25,#466C98,713
109013,44.5625,5.375,-25.5,#586994,713
109061,44.5625,23.625,76.375,#A05800,713
109069,44.5625,31.875,-9.75,#95557A,713
109081,44.5625,37.625,66.0,#B04B00,713
109094,44.5625,49.25,43.875,#BC3E21,713
109095,44.5625,50.375,51.375,#BE3C10,713
109112,44.5625,77.5,-45.25,#BD00B6,713
109150,44.625,-78.125,-11.375,#00847B,714
109185,44.625,-43.875,52.375,#2B7900,714
109187,44.625,-39.375,-38.75,#007DA9,714
109189,44.625,-37.5,40.375,#38781F,714
109297,44.625,20.625,41.0,#985B24,714
109310,44.625,25.5,22.375,#9A5846,714
109335,44.625,53.5,76.625,#C43700,714
109340,44.625,62.75,17.375,#C72750,714
109350,44.625,84.25,46.625,#E50022,714
109360,44.6875,-111.25,7.0,#00895C,715
109391,44.6875,-71.25,21.125,#008144,715
109500,44.6875,-4.875,25.25,#706B3F,715
109599,44.6875,31.875,76.5,#AA5100,715
109601,44.6875,34.0,-41.875,#7C57B0,715
109616,44.6875,46.25,-18.125,#A44889,715
109624,44.6875,61.125,-18.25,#B83289,715
109629,44.6875,76.625,-64.0,#AB1AD7,715
109632,44.6875,78.25,-52.875,#B805C4,715
109634,44.6875,78.875,37.0,#DE0032,715
109635,44.6875,80.625,-83.625,#981BF9,715
109638,44.6875,100.25,-55.625,#D500C9,715
109639,44.6875,122.375,-75.25,#E400EB,715
109645,44.75,-110.75,-16.25,#008A83,716
109740,44.75,-32.125,76.125,#4F7600,716
109895,44.75,3.5,-0.25,#70686A,716
109938,44.75,22.625,-4.5,#8B5C72,716
109952,44.75,40.125,9.0,#A94C5D,716
109970,44.75,88.875,-84.0,#A700FA,716
110045,44.8125,-59.25,66.875,#007E00,717
110319,44.8125,37.0,26.625,#AB4E40,717
110334,44.8125,57.75,-43.5,#A23EB4,717
110524,44.875,-20.375,-31.5,#00769E,718
110525,44.875,-20.375,33.75,#5A722F,718
110572,44.875,-9.375,40.25,#6F6D22,718
110698,44.875,45.875,-57.75,#7E50CC,718
110707,44.875,62.25,36.0,#CB2832,718
110712,44.875,72.125,-39.875,#BB1DAE,718
110715,44.875,76.5,-22.125,#CB0091,718
110725,44.875,87.375,-15.375,#DC0086,718
110733,44.875,100.625,-4.0,#F00075,718
110739,44.9375,-122.625,39.875,#008A1C,719
110755,44.9375,-94.5,9.75,#008758,719
110873,44.9375,-32.375,15.625,#30774F,719
111040,44.9375,0.875,60.125,#826800,719
111043,44.9375,1.5,26.5,#7B683E,719
111111,44.9375,30.75,56.75,#A85300,719
111184,44.9375,91.875,-20.25,#E0008E,719
111191,44.9375,111.375,-53.625,#E700C6,719
111201,45.0,-103.75,52.625,#008700,720
111203,45.0,-101.375,25.5,#00883C,720
111217,45.0,-72.125,-18.125,#008487,720
111232,45.0,-61.0,-11.25,#00817C,720
111237,45.0,-56.875,-4.75,#008071,720
111286,45.0,-41.75,64.0,#377A00,720
111438,45.0,2.0,-7.375,#686A77,720
111482,45.0,31.25,36.625,#A6532E,720
111671,45.0625,-20.0,-48.125,#0078BB,721
111829,45.0625,79.875,-70.0,#AB13E2,721
111970,45.125,-4.375,-71.25,#0075E3,722
112001,45.125,6.75,31.625,#856536,722
112018,45.125,12.875,58.75,#926100,722
112020,45.125,13.5,6.75,#856260,722
112106,45.125,57.75,41.0,#C73229,722
112125,45.125,71.625,-0.375,#CF0D6E,722
112240,45.1875,-1.0,20.5,#766A49,723
112288,45.1875,15.125,-75.625,#006CEB,723
112313,45.1875,22.125,-76.75,#0068ED,723
112322,45.1875,24.75,-51.75,#5A61C2,723
112568,45.25,12.625,-15.625,#746585,724
112635,45.25,31.75,-76.125,#0D61ED,724
112769,45.3125,-85.125,39.875,#00851F,725
112770,45.3125,-75.625,71.875,#008300,725
113113,45.3125,81.625,55.875,#E50010,725
113148,45.375,-77.0,-2.875,#00866E,726
113162,45.375,-20.125,7.75,#4A745E,726
113457,45.375,55.625,56.625,#C73603,726
113546,45.375,96.375,4.875,#EF0068,726
113570,45.4375,-79.875,32.875,#00852F,727
113576,45.4375,-35.125,-56.125,#007FC9,727
113581,45.4375,-21.875,-40.125,#0079AE,727
113582,45.4375,-18.875,-55.5,#0079C9,727
113656,45.4375,8.5,-76.5,#0070EE,727
113784,45.4375,38.0,-92.5,#0061FF,727
113789,45.4375,38.875,-55.375,#7557C9,727
113880,45.4375,64.25,25.75,#CE2645,727
113933,45.4375,83.625,4.625,#E00068,727
113963,45.5,-128.0,56.5,#008C00,728
113979,45.5,-119.375,59.875,#008B00,728
113989,45.5,-112.375,47.125,#008A02,728
114001,45.5,-79.25,10.5,#008658,728
114003,45.5,-75.125,-38.5,#0088AB,728
114005,45.5,-73.875,-30.125,#00879D,728
114009,45.5,-67.75,65.25,#008200,728
114011,45.5,-64.25,-23.25,#008491,728
114012,45.5,-55.75,-49.625,#0085BE,728
114015,45.5,-51.125,-1.5,#00806D,728
114017,45.5,-50.875,-43.625,#0083B4,728
114018,45.5,-49.5,-20.875,#00808D,728
114020,45.5,-46.75,-13.125,#007F80,728
114021,45.5,-39.5,25.25,#247B3F,728
114023,45.5,-28.375,-38.625,#007BAC,728
114028,45.5,-19.5,-3.875,#3C7572,728
114047,45.5,-5.125,54.875,#7A6C00,728
114088,45.5,12.625,-46.0,#4569B9,728
114097,45.5,18.375,32.625,#965F35,728
114114,45.5,30.5,6.375,#9E5762,728
114116,45.5,31.625,-57.25,#615ECC,728
114121,45.5,33.25,-66.25,#4F5EDC,728
114122,45.5,34.75,-35.5,#8758A7,728
114128,45.5,46.625,-27.75,#A14B9B,728
114136,45.5,58.5,-77.5,#7848F0,728
114146,45.5,74.875,-9.875,#D0007E,728
114152,45.5,86.0,-22.75,#D90094,728
114154,45.5,86.875,34.0,#EA003A,728
114160,45.5,93.0,31.5,#F0003E,728
114162,45.5,100.375,-17.75,#ED008C,728
114164,45.5,102.125,-32.625,#E800A5,728
114167,45.5,111.5,-80.125,#D300F6,728
114169,45.5,115.25,-43.25,#F400B7,728
114200,45.5625,-101.0,10.5,#008A58,729
114235,45.5625,-9.0,-20.25,#3E728D,729
114267,45.5625,22.375,4.25,#925E66,729
114284,45.5625,65.0,-66.25,#973BDD,729
114287,45.5625,81.375,-14.375,#D70086,729
114289,45.625,-117.5,50.375,#008B00,730
114335,45.625,-28.25,-61.5,#007ED3,730
114342,45.625,-21.375,-61.5,#007CD3,730
114407,45.625,18.0,-41.375,#5F65B1,730
114421,45.625,50.75,-34.625,#A247A7,730
114424,45.625,60.25,-31.875,#B239A2,730
114735,45.75,-56.875,-23.875,#008393,732
114784,45.75,-27.875,-29.625,#007B9D,732
114973,45.75,43.25,-10.375,#A84D7F,732
115195,45.8125,-15.875,66.75,#6C7200,733
115301,45.8125,3.875,45.0,#86681B,733
115309,45.8125,5.75,9.0,#7C695E,733
115335,45.8125,14.375,37.25,#93622D,733
115361,45.8125,27.375,-62.0,#4963D6,733
115384,45.8125,55.5,-90.25,#4C50FF,733
115394,45.8125,80.0,-38.0,#C900AE,733
115412,45.875,-117.375,42.625,#008C16,734
115437,45.875,-85.25,7.625,#00885E,734
116057,45.9375,-5.625,-31.125,#2E72A0,735
116171,45.9375,37.25,2.25,#A6526A,735
116207,45.9375,61.0,-0.25,#C4336F,735
116241,46.0,-128.0,-4.0,#008F71,736
116242,46.0,-122.25,9.125,#008E5B,736
116243,46.0,-107.0,-7.75,#008D78,736
116246,46.0,-101.25,-11.75,#008C7F,736
116250,46.0,-94.875,58.25,#008900,736
116253,46.0,-89.0,-10.5,#008A7D,736
116291,46.0,-57.125,43.75,#008118,736
116301,46.0,-51.625,55.0,#097F00,736
116319,46.0,-45.625,2.625,#007F67,736
116362,46.0,-33.5,46.5,#487A12,736
116599,46.0,50.125,-65.25,#7D50DC,736
116608,46.0,55.75,-83.625,#644FFD,736
116609,46.0,57.25,-6.875,#BD3A7A,736
116619,46.0,63.25,68.5,#D32700,736
116657,46.0625,-128.0,14.0,#008E53,737
116777,46.0625,-19.875,21.5,#577548,737
116895,46.0625,9.75,46.25,#8F651A,737
116911,46.0625,15.75,-69.125,#006CE3,737
117024,46.0625,72.625,61.125,#DE0000,737
117055,46.125,-117.0,28.75,#008D38,738
117068,46.125,-54.875,-32.75,#0084A3,738
117126,46.125,-26.125,25.5,#4D7841,738
117153,46.125,-14.0,-44.375,#0078B7,738
117300,46.125,21.5,54.875,#A05D00,738
117366,46.125,44.25,-90.75,#005CFF,738
117392,46.125,53.875,13.25,#C03E5A,738
117450,46.1875,-122.375,18.25,#008E4B,739
117455,46.1875,-61.125,-28.875,#00869D,739
117467,46.1875,-43.125,36.375,#267E2B,739
117482,46.1875,-24.25,-9.0,#1F797C,739
117581,46.1875,6.625,-8.0,#736A7B,739
117629,46.1875,18.125,-27.125,#74659B,739
117680,46.1875,28.875,-70.75,#2C64E6,739
117724,46.1875,40.25,58.125,#B84D00,739
117833,46.1875,81.125,-30.75,#D000A3,739
117858,46.25,-106.25,15.0,#008C52,740
117859,46.25,-106.125,4.25,#008D64,740
117914,46.25,-3.5,-6.125,#627078,740
118152,46.25,49.625,38.125,#C14230,740
118190,46.25,61.25,-88.125,#684AFF,740
118247,46.25,88.25,25.75,#EC0049,740
118267,46.3125,-91.0,19.75,#008A4A,741
118271,46.3125,-60.75,-18.125,#00858B,741
118543,46.3125,45.5,13.125,#B6495A,741
118647,46.3125,75.875,24.25,#DE004A,741
118700,46.375,-92.375,31.625,#008A33,742
118701,46.375,-54.75,17.375,#00824F,742
118705,46.375,-48.25,-53.5,#0085C7,742
118727,46.375,-15.5,-9.5,#41767D,742
118750,46.375,-3.25,68.75,#816D00,742
118758,46.375,-0.625,-0.625,#6C6E6F,742
118792,46.375,7.25,69.0,#8F6700,742
118923,46.375,39.625,-80.375,#345EF8,742
119064,46.375,96.875,-41.25,#E000B5,742
119073,46.4375,-111.5,0.25,#008E6B,743
119074,46.4375,-106.75,36.625,#008C28,743
119075,46.4375,-94.625,46.625,#008A0A,743
119078,46.4375,-57.25,37.5,#008229,743
119083,46.4375,-32.875,26.625,#3F7B3F,743
119090,46.4375,-21.75,51.75,#627600,743
119093,46.4375,-14.5,-0.375,#51756E,743
119181,46.4375,13.375,64.875,#976400,743
119226,46.4375,23.75,48.125,#A35D18,743
119350,46.4375,108.625,-61.125,#E200D7,743
119416,46.5,15.625,25.625,#936344,744
119433,46.5,25.0,60.0,#A65C00,744
119445,46.5,33.875,-22.0,#955994,744
119457,46.5,48.25,27.0,#BE4544,744
119477,46.5,72.0,-52.0,#B52AC7,744
119543,46.5625,-75.5,15.375,#008852,745
119545,46.5625,-70.375,-10.75,#00887F,745
119547,46.5625,-65.75,26.875,#00853E,745
119548,46.5625,-59.5,50.25,#008300,745
119553,46.5625,-50.875,33.625,#008132,745
119557,46.5625,-43.625,-21.875,#008292,745
119559,46.5625,-42.375,9.625,#007F5D,745
119562,46.5625,-40.0,-27.625,#00819C,745
119571,46.5625,-29.625,-5.5,#037C77,745
119573,46.5625,-28.125,58.875,#587900,745
119577,46.5625,-24.875,-67.125,#0080E0,745
119581,46.5625,-21.125,39.75,#607727,745
119586,46.5625,-17.375,-71.375,#007EE8,745
119598,46.5625,-11.75,-74.625,#007CED,745
119623,46.5625,-1.0,-53.375,#0074C8,745
119628,46.5625,0.0,12.125,#766E5A,745
119664,46.5625,8.0,-70.25,#0072E6,745
119679,46.5625,12.0,79.75,#976500,745
119695,46.5625,16.75,-2.5,#886473,745
119703,46.5625,18.25,-83.375,#006FFD,745
119718,46.5625,29.375,0.5,#9C5B6E,745
119730,46.5625,34.5,-3.375,#A15775,745
119733,46.5625,37.5,32.875,#B25139,745
119734,46.5625,37.5,72.875,#B65000,745
119739,46.5625,43.875,50.75,#BC4A16,745
119743,46.5625,47.75,-45.75,#954FBC,745
119749,46.5625,50.875,-5.25,#B74579,745
119751,46.5625,53.0,31.875,#C53F3C,745
119753,46.5625,54.125,0.75,#BD406F,745
119754,46.5625,55.625,47.125,#CA3A20,745
119759,46.5625,62.5,60.0,#D32C00,745
119763,46.5625,67.25,79.5,#DA1D00,745
119764,46.5625,71.0,-68.375,#A234E4,745
119768,46.5625,75.875,-88.375,#8C33FF,745
119769,46.5625,78.875,11.375,#DF005F,745
119785,46.5625,97.125,-67.0,#CD00E2,745
119795,46.5625,118.125,-55.0,#F400CE,745
119883,46.625,-3.5,-77.0,#0079F2,746
119923,46.625,79.75,78.125,#E90000,746
119924,46.625,81.375,-2.0,#DF0075,746
119927,46.625,85.375,-47.875,#CC00C1,746
120110,46.6875,20.75,-88.875,#006FFF,747
120118,46.6875,30.375,70.25,#AE5700,747
120124,46.6875,46.125,80.125,#C24700,747
120200,46.75,-68.0,-28.125,#00899D,748
120410,46.75,40.25,17.75,#B25053,748
120415,46.75,47.375,71.875,#C34600,748
120419,46.75,61.5,-50.875,#A73FC6,748
120424,46.75,86.0,-71.25,#B800E9,748
120561,46.8125,-32.625,65.75,#527B00,749
120738,46.8125,6.0,-64.5,#0073DC,749
120760,46.8125,19.75,69.375,#A16000,749
120788,46.8125,51.125,62.625,#C74100,749
120789,46.8125,54.625,-71.0,#7F4EE9,749
120790,46.8125,60.5,79.0,#D33000,749
120796,46.8125,71.625,30.125,#DC0F41,749
120798,46.8125,77.25,68.375,#E60000,749
120799,46.8125,77.75,4.625,#DD006B,749
120815,46.8125,98.5,-74.375,#C900EF,749
120837,46.875,-90.0,-1.875,#008C70,750
120859,46.875,-68.25,-41.375,#008BB4,750
120913,46.875,-45.25,29.25,#10803B,750
121148,46.875,19.75,-9.875,#896480,750
121166,46.875,27.25,-13.875,#915F87,750
121198,46.875,87.125,69.875,#F10000,750
121201,46.875,93.625,13.625,#F2005D,750
121203,46.875,98.625,19.125,#F90055,750
121509,46.9375,3.625,-37.375,#4371AE,751
121562,46.9375,21.25,-59.5,#3F69D4,751
121751,47.0,-33.875,-0.125,#007E6F,752
121805,47.0,-21.0,-16.0,#197A8A,752
121890,47.0,0.75,-68.75,#0077E4,752
121893,47.0,1.0,-59.375,#0075D4,752
122084,47.0625,-77.5,22.125,#008947,753
122283,47.0625,2.875,-74.625,#0077EF,753
122371,47.0625,22.125,12.125,#99615C,753
122496,47.0625,95.375,-59.875,#D200D7,753
122608,47.125,-15.25,45.25,#6D751B,754
122819,47.125,31.625,29.25,#AB5840,754
122920,47.125,81.5,-60.75,#BD0DD8,754
123429,47.25,-77.625,47.375,#00890C,756
123431,47.25,-68.0,12.25,#00885A,756
123853,47.25,70.5,-76.125,#983AF3,756
123973,47.3125,-6.375,-46.0,#0078BE,757
124340,47.375,-93.25,-26.25,#00909B,758
124341,47.375,-88.0,-29.375,#008FA0,758
124399,47.375,-0.375,78.75,#896E00,758
124464,47.375,15.25,13.0,#90665B,758
124701,47.4375,-98.625,-23.0,#009095,759
124702,47.4375,-72.625,40.25,#008924,759
124728,47.4375,-6.875,19.0,#717350,759
124885,47.4375,64.375,45.0,#D72B28,759
124950,47.5,-128.0,37.5,#009228,760
124985,47.5,-121.25,65.75,#009100,760
125014,47.5,-112.125,68.125,#009000,760
125027,47.5,-107.25,64.625,#008F00,760
125036,47.5,-102.625,69.375,#008E00,760
125041,47.5,-102.375,60.875,#008E00,760
125061,47.5,-93.875,70.75,#008D00,760
125078,47.5,-88.25,53.75,#008C00,760
125079,47.5,-86.75,26.125,#008C41,760
125093,47.5,-80.875,63.0,#008A00,760
125112,47.5,-72.875,55.75,#008900,760
125126,47.5,-66.125,56.875,#008700,760
125127,47.5,-65.625,49.0,#008707,760
125158,47.5,-49.0,76.875,#2C8200,760
125162,47.5,-48.375,63.75,#2A8200,760
125167,47.5,-45.375,17.125,#008252,760
125174,47.5,-41.0,-48.125,#0086C1,760
125177,47.5,-38.75,78.375,#497F00,760
125179,47.5,-38.5,69.375,#487F00,760
125199,47.5,-25.75,8.75,#427C61,760
125213,47.5,-19.25,81.125,#6D7800,760
125222,47.5,-14.125,-31.875,#007AA6,760
125225,47.5,-13.625,77.125,#767500,760
125227,47.5,-12.25,-57.0,#007CD1,760
125234,47.5,-9.375,81.375,#7C7300,760
125235,47.5,-9.25,28.25,#727440,760
125239,47.5,-7.625,-14.125,#527688,760
125245,47.5,-5.25,-25.25,#44759B,760
125250,47.5,-3.125,46.875,#81701A,760
125258,47.5,1.25,-19.625,#5F7291,760
125259,47.5,2.0,52.375,#896D07,760
125267,47.5,7.5,-49.5,#2A71C4,760
125270,47.5,9.125,18.5,#8A6A52,760
125283,47.5,19.25,-50.0,#566AC5,760
125289,47.5,24.375,31.625,#A35F3C,760
125292,47.5,26.875,-33.0,#8163A9,760
125293,47.5,31.0,48.0,#AF591C,760
125299,47.5,35.75,40.0,#B4552E,760
125300,47.5,39.75,81.5,#BD5000,760
125303,47.5,44.625,5.0,#B64E6A,760
125304,47.5,45.625,-52.125,#8C55CA,760
125313,47.5,61.625,54.125,#D53114,760
125317,47.5,64.5,-77.125,#8B45F6,760
125318,47.5,66.25,-83.25,#8445FF,760
125320,47.5,68.25,-20.625,#C92C95,760
125322,47.5,69.625,68.375,#DF1900,760
125324,47.5,77.0,51.25,#E7001E,760
125330,47.5,88.625,59.0,#F50010,760
125332,47.5,89.75,40.375,#F40034,760
125335,47.5,91.375,52.875,#F8001E,760
125338,47.5,94.125,-49.875,#DA00C7,760
125339,47.5,94.5,26.0,#F8004C,760
125340,47.5,99.25,-10.625,#F40086,760
125341,47.5,105.375,-85.25,#CA00FF,760
125342,47.5,106.75,-48.5,#EC00C5,760
125343,47.5,116.25,-68.375,#EB00E7,760
125344,47.5625,-128.0,44.875,#009213,761
125367,47.5625,-40.5,-11.0,#008282,761
125432,47.5625,27.625,81.5,#AE5C00,761
125455,47.5625,68.75,20.375,#D92253,761
125457,47.5625,71.875,-28.375,#CA25A2,761
125458,47.5625,74.0,79.875,#E50000,761
125460,47.5625,89.0,-3.125,#EB0079,761
125599,47.625,8.375,-83.25,#0077FF,762
125600,47.625,13.0,-52.0,#3B6FC9,762
125617,47.625,49.25,-82.875,#5759FF,762
125627,47.625,67.375,14.125,#D6275D,762
125675,47.6875,-78.5,-21.75,#008D94,763
125707,47.6875,-57.5,25.0,#008644,763
125748,47.6875,-21.5,13.125,#527A5A,763
125837,47.6875,19.125,81.5,#A46300,763
125842,47.6875,30.5,-27.375,#8E60A0,763
125852,47.6875,42.75,67.25,#C04E00,763
125856,47.6875,54.5,-17.0,#B9458F,763
126146,47.75,22.0,-18.25,#886590,764
126151,47.75,37.375,51.75,#B85415,764
126162,47.75,67.0,-8.375,#CE2D81,764
126166,47.75,77.125,42.5,#E7002F,764
126288,47.8125,-32.125,35.5,#4A7E32,765
126391,47.8125,-6.75,-59.75,#007BD7,765
126401,47.8125,-5.5,2.625,#69746D,765
126414,47.8125,-2.375,39.375,#81712C,765
126446,47.8125,5.375,23.25,#876D4A,765
126501,47.8125,54.875,81.875,#D03E00,765
126527,47.875,-97.875,65.625,#008E00,766
126528,47.875,-97.25,37.75,#008F2A,766
126529,47.875,-95.375,24.75,#008F44,766
126533,47.875,-89.375,66.75,#008D00,766
126546,47.875,-73.5,64.125,#008A00,766
126610,47.875,-44.75,-5.75,#00847A,766
126871,47.875,27.0,39.875,#AA5E2E,766
126889,47.875,49.125,18.625,#C14955,766
126897,47.875,73.25,36.625,#E20B39,766
126898,47.875,75.25,-15.5,#D6148E,766
126904,47.875,83.625,63.25,#F10001,766
126906,47.875,86.125,81.0,#F40000,766
126909,47.875,97.125,-27.375,#EC00A2,766
127046,47.9375,-25.25,-48.75,#0081C4,767
127143,47.9375,-3.25,32.5,#7E723A,767
127221,47.9375,13.375,70.75,#9C6700,767
127230,47.9375,15.5,50.5,#9D6614,767
127269,47.9375,32.625,64.125,#B45900,767
127284,47.9375,43.875,-73.875,#625DF1,767
127342,48.0,-70.625,73.875,#008900,768
127488,48.0,-15.0,25.0,#687847,768
127778,48.0,65.125,5.625,#D1306B,768
127792,48.0,82.875,40.125,#EE0035,768
127887,48.0625,-27.375,71.0,#607C00,769
127922,48.0625,-11.25,-64.0,#007EDF,769
128237,48.0625,64.75,-45.25,#B53CC0,769
128251,48.0625,72.875,-60.75,#B331DB,769
128267,48.0625,81.0,20.625,#E90054,769
128294,48.125,-116.75,19.25,#00934E,770
128299,48.125,-66.0,-33.625,#008DAA,770
128487,48.125,9.375,-3.625,#806D79,770
128492,48.125,9.875,-58.5,#0073D6,770
128513,48.125,13.125,-35.25,#646EAE,770
128612,48.125,30.375,-51.125,#7164C9,770
128753,48.125,99.375,10.25,#FD0066,770
128804,48.1875,-15.5,32.5,#6B783A,771
129132,48.1875,43.625,44.25,#C04F28,771
129208,48.1875,61.375,-37.25,#B740B2,771
129216,48.1875,63.875,74.125,#DB2E00,771
129227,48.1875,67.625,51.0,#DE251E,771
129263,48.1875,80.625,28.75,#EA0047,771
129309,48.25,-116.625,10.375,#00945E,772
129654,48.25,41.375,-45.75,#8F5AC1,772
129703,48.25,53.0,-25.625,#B34A9F,772
129779,48.25,80.25,-8.25,#E00083,772
130056,48.3125,51.0,-11.0,#B94A87,773
130149,48.3125,90.5,-55.625,#D300D3,773
130166,48.3125,107.75,-70.625,#DF00ED,773
130193,48.375,-22.0,2.75,#467D6E,774
130211,48.375,-5.25,-65.625,#007CE3,774
130256,48.375,8.375,55.25,#956C00,774
130259,48.375,9.0,-30.25,#6370A6,774
130323,48.375,34.375,-46.625,#8161C2,774
130454,48.4375,-57.375,12.375,#00885C,775
130460,48.4375,-44.0,-38.375,#0088B3,775
130462,48.4375,-32.875,10.75,#308160,775
130471,48.4375,-15.5,-50.25,#007FC8,775
130492,48.4375,-2.125,-12.375,#637588,775
130520,48.4375,11.75,-22.375,#736E99,775
130547,48.4375,27.875,-82.625,#006DFF,775
130554,48.4375,33.375,10.75,#AC5B62,775
130635,48.5,-112.375,-6.75,#00947C,776
130636,48.5,-111.5,29.375,#00933C,776
130640,48.5,-78.125,4.375,#008E6A,776
130643,48.5,-53.75,-17.875,#008990,776
130648,48.5,-41.125,-0.5,#008473,776
130654,48.5,-17.25,-22.0,#1D7D98,776
130717,48.5,39.75,-64.0,#7060E1,776
130746,48.5,78.125,59.625,#EC000C,776
130751,48.5,88.25,9.25,#F00068,776
130783,48.5625,-122.875,55.625,#009400,777
130801,48.5625,-122.125,-6.75,#00967C,777
130834,48.5625,-112.0,41.5,#009322,777
130854,48.5625,-106.25,-2.125,#009475,777
130855,48.5625,-106.125,-19.375,#009592,777
130858,48.5625,-105.75,22.125,#00934A,777
130870,48.5625,-101.75,32.25,#009237,777
130877,48.5625,-99.875,48.625,#009109,777
130925,48.5625,-85.75,14.25,#008F59,777
130933,48.5625,-83.25,76.625,#008E00,777
130956,48.5625,-75.625,77.625,#008C00,777
130972,48.5625,-70.125,5.125,#008C69,777
130982,48.5625,-66.125,-7.0,#008C7E,777
130983,48.5625,-65.625,19.75,#008B50,777
130993,48.5625,-61.875,79.125,#008900,777
130997,48.5625,-60.875,61.5,#008900,777
131010,48.5625,-55.75,80.0,#108700,777
131035,48.5625,-45.5,45.0,#2D841D,777
131037,48.5625,-44.5,81.25,#3F8400,777
131040,48.5625,-44.0,72.0,#3E8400,777
131048,48.5625,-40.625,48.875,#3F8311,777
131052,48.5625,-38.5,60.0,#488200,777
131057,48.5625,-36.125,-33.5,#0085AB,777
131058,48.5625,-36.0,53.125,#4C8100,777
131059,48.5625,-35.75,21.625,#37824D,777
131060,48.5625,-34.5,-20.0,#008494,777
131086,48.5625,-27.625,78.5,#627E00,777
131089,48.5625,-27.25,47.625,#5C7E17,777
131090,48.5625,-27.0,38.75,#597E2D,777
131114,48.5625,-18.125,59.625,#6F7A00,777
131137,48.5625,-9.0,-1.5,#617876,777
131140,48.5625,-8.125,10.0,#6C7762,777
131141,48.5625,-8.125,72.0,#807500,777
131143,48.5625,-7.625,-37.125,#057AB2,777
131156,48.5625,-3.875,12.125,#75755F,777
131177,48.5625,6.625,3.0,#816F6F,777
131178,48.5625,7.0,37.125,#906E33,777
131182,48.5625,13.5,-63.75,#0073E0,777
131183,48.5625,13.5,-9.625,#836C84,777
131189,48.5625,24.25,-26.25,#8766A0,777
131192,48.5625,30.75,23.25,#AD5D4E,777
131200,48.5625,40.125,-39.125,#955BB6,777
131204,48.5625,53.125,-40.75,#A84DB9,777
131205,48.5625,53.5,-57.375,#9751D6,777
131206,48.5625,54.625,23.75,#CB434E,777
131212,48.5625,65.625,31.5,#DA2D42,777
131219,48.5625,85.375,-38.5,#D900B6,777
131221,48.5625,93.5,-84.875,#BA00FF,777
131222,48.5625,94.5,-78.5,#C300FC,777
131224,48.5625,105.375,-20.375,#FC0099,777
131225,48.5625,108.375,-33.375,#FA00AE,777
131290,48.625,-64.5,69.5,#008A00,778
131291,48.625,-62.125,-42.25,#008EBA,778
131312,48.625,-31.125,-11.375,#008286,778
131387,48.625,4.0,64.25,#916F00,778
131399,48.625,18.25,59.875,#A46600,778
131424,48.625,92.75,-14.375,#EF008F,778
131458,48.6875,-84.375,-22.5,#009198,779
131574,48.6875,-14.75,-38.5,#007EB4,779
131659,48.6875,52.625,69.125,#CF4400,779
131662,48.6875,57.5,63.625,#D53C00,779
131667,48.6875,86.875,15.25,#F1005F,779
131669,48.6875,96.625,-0.625,#F80079,779
131671,48.6875,103.875,-78.125,#D300FC,779
131672,48.6875,120.25,-80.0,#EA00FF,779
131722,48.75,-64.75,1.75,#008C6F,780
131766,48.75,-37.875,31.625,#3B833B,780
131869,48.75,-11.25,54.125,#7A7700,780
131925,48.75,4.25,16.875,#857058,780
131931,48.75,7.0,83.25,#976D00,780
131957,48.75,45.25,60.75,#C64E00,780
131959,48.75,49.375,55.625,#CB490F,780
131994,48.8125,-82.625,-31.625,#0092A8,781
132225,48.8125,-4.0,62.75,#867400,781
132245,48.8125,-0.375,-42.0,#2778BB,781
132302,48.8125,14.875,20.125,#976A53,781
132320,48.8125,34.125,83.625,#BA5900,781
132345,48.8125,84.625,51.25,#F40023,781
132568,48.875,-11.75,15.625,#6A7959,782
132675,48.875,9.875,8.75,#8A6E66,782
132703,48.875,21.75,25.125,#A2654B,782
132718,48.875,36.5,-10.125,#A75B86,782
132727,48.875,43.875,38.25,#C25035,782
132737,48.875,60.125,13.125,#D03C61,782
132740,48.875,64.0,-14.125,#CB398E,782
132750,48.875,75.125,-36.0,#CD24B3,782
132760,48.875,90.75,-68.25,#C900EA,782
132762,48.875,99.25,-82.25,#C800FF,782
132763,48.875,105.0,-13.25,#FF008E,782
132765,48.875,109.75,-41.125,#F800BC,782
132776,48.9375,-78.75,37.625,#008E2D,783
132809,48.9375,-56.25,-9.875,#008B84,783
132878,48.9375,-34.125,-41.5,#0086BA,783
132970,48.9375,-11.375,4.625,#637A6C,783
133072,48.9375,8.875,-16.125,#76708F,783
133183,48.9375,49.75,9.75,#C24B66,783
133196,48.9375,57.625,-64.5,#964EE3,783
133216,48.9375,90.875,-25.75,#E800A2,783
133217,48.9375,95.0,-34.875,#E900B1,783
133234,49.0,-117.25,37.5,#00952C,784
133235,49.0,-116.375,-14.0,#00978A,784
133239,49.0,-100.125,74.625,#009200,784
133288,49.0,-50.875,41.125,#088727,784
133545,49.0,17.75,43.625,#A26728,784
133551,49.0,20.0,-65.0,#2670E4,784
133573,49.0,26.625,-41.5,#7A68BB,784
133644,49.0,56.75,6.0,#CA426D,784
133667,49.0,71.25,44.25,#E41D2E,784
133694,49.0625,-99.375,-5.875,#00947C,785
133700,49.0625,-73.75,31.125,#008E3B,785
133760,49.0625,-28.125,-18.375,#008393,785
133788,49.0625,-15.625,10.625,#5F7C62,785
133852,49.0625,-1.125,4.875,#76756C,785
133887,49.0625,3.875,-13.375,#70738B,785
134030,49.0625,24.25,65.5,#AD6200,785
134219,49.125,-68.125,-16.125,#008F8F,786
134539,49.125,27.0,52.75,#B06113,786
134665,49.125,58.375,32.75,#D33E41,786
134685,49.125,65.625,-2.375,#D3347B,786
134716,49.125,81.875,-79.75,#AE27FF,786
134742,49.125,96.125,-21.0,#F2009B,786
134757,49.1875,-102.25,42.75,#009320,787
134763,49.1875,-52.5,5.375,#00896A,787
135123,49.1875,39.875,-15.125,#AA5A8F,787
135146,49.1875,43.875,-21.375,#AB569A,787
135293,49.1875,103.75,-40.0,#F200BB,787
135300,49.25,-114.75,59.0,#009500,788
135301,49.25,-99.5,19.875,#009450,788
135312,49.25,-58.75,4.0,#008B6D,788
135317,49.25,-54.75,62.25,#0D8900,788
135319,49.25,-48.375,-27.375,#008BA2,788
135323,49.25,-34.5,82.25,#578200,788
135395,49.25,2.125,1.5,#7A7473,788
135638,49.25,61.625,-22.125,#C4409C,788
135678,49.25,74.75,-83.125,#9C3BFF,788
135720,49.3125,-128.0,50.625,#009700,789
135722,49.3125,-109.125,73.0,#009400,789
135739,49.3125,-37.375,14.625,#27855B,789
135894,49.3125,31.125,16.25,#AD5F5B,789
135996,49.3125,79.625,-19.5,#DE0298,789
136033,49.375,-96.0,-16.25,#00958F,790
136034,49.375,-95.875,-0.25,#009474,790
136036,49.375,-90.0,-19.5,#009495,790
136068,49.375,-2.5,24.875,#80754B,790
136086,49.375,2.625,-29.75,#5776A8,790
136153,49.375,40.375,24.75,#BC564E,790
136162,49.375,47.625,0.125,#BD5077,790
136189,49.375,61.75,-72.125,#944CF2,790
136196,49.375,63.75,-61.75,#A646E0,790
136258,49.4375,-81.375,-15.875,#00928F,791
136261,49.4375,-57.375,30.75,#008B3E,791
136263,49.4375,-39.5,-16.625,#008791,791
136349,49.4375,30.0,-7.125,#A16282,791
136433,49.5,-111.25,16.75,#009656,792
136438,49.5,-108.375,51.875,#009500,792
136468,49.5,-94.875,-10.0,#009585,792
136525,49.5,-79.0,-7.75,#009281,792
136565,49.5,-66.375,36.875,#008D31,792
136586,49.5,-58.25,73.25,#008A00,792
136606,49.5,-51.125,49.75,#1B880F,792
136634,49.5,-39.75,-54.75,#008BD2,792
136677,49.5,-23.375,63.75,#6A7F00,792
136724,49.5,-3.625,84.75,#8B7500,792
136741,49.5,10.875,29.625,#966E44,792
136748,49.5,18.625,-32.625,#776DAD,792
136754,49.5,23.25,-72.5,#0070F3,792
136766,49.5,43.0,-30.5,#A459AA,792
136767,49.5,44.125,-5.625,#B65581,792
136772,49.5,49.0,-76.75,#6E5DFB,792
136779,49.5,57.625,73.5,#D83E00,792
136783,49.5,67.5,63.125,#E32A00,792
136784,49.5,74.125,-44.75,#C72DC3,792
136789,49.5,80.5,-43.25,#D215C1,792
136794,49.5,86.875,-30.875,#E200AC,792
136801,49.5,93.5,36.125,#FF0040,792
136913,49.5625,-81.25,-1.25,#009276,793
136962,49.5625,-23.375,-22.5,#00829B,793
137022,49.5625,4.375,75.125,#957100,793
137048,49.5625,37.625,-73.0,#5766F4,793
137055,49.5625,52.75,-48.0,#A352C8,793
137060,49.5625,63.0,84.0,#DF3400,793
137065,49.5625,71.5,73.875,#E91C00,793
137066,49.5625,72.375,9.5,#E12169,793
137071,49.5625,84.625,-54.25,#CF01D4,793
137075,49.5625,105.875,-55.25,#ED00D6,793
137077,49.5625,110.875,-28.0,#FF00A8,793
137112,49.625,-84.375,20.0,#009251,794
137133,49.625,-72.625,24.875,#008F49,794
137179,49.625,-25.125,84.75,#6A7F00,794
137182,49.625,-23.25,56.625,#697F00,794
137212,49.625,-12.0,39.375,#777A30,794
137217,49.625,-9.625,45.0,#7C7924,794
137268,49.625,17.875,5.75,#976B6D,794
137269,49.625,18.75,75.125,#A86800,794
137271,49.625,20.5,37.5,#A66736,794
137274,49.625,25.0,19.75,#A76556,794
137275,49.625,25.75,75.375,#B16200,794
137292,49.625,50.625,76.75,#D04900,794
137298,49.625,64.75,-28.0,#C63DA7,794
137301,49.625,72.625,55.25,#E91919,794
137304,49.625,81.375,73.0,#F40000,794
137306,49.625,87.0,-62.875,#CB00E3,794
137311,49.625,94.25,-6.625,#F70085,794
137313,49.625,103.0,4.375,#FF0073,794
137315,49.625,117.875,-62.625,#F800E3,794
137316,49.6875,-128.0,4.5,#00996C,795
137317,49.6875,-128.0,19.875,#009951,795
137318,49.6875,-128.0,26.375,#009945,795
137319,49.6875,-122.5,30.625,#00983C,795
137320,49.6875,-122.375,24.0,#009849,795
137321,49.6875,-122.25,0.0,#009974,795
137322,49.6875,-116.625,4.125,#00986D,795
137406,49.6875,-46.25,54.25,#348700,795
137459,49.6875,-21.0,75.625,#707E00,795
137478,49.6875,-17.0,-64.625,#0085E5,795
137490,49.6875,-10.75,61.625,#7E7900,795
137535,49.6875,3.375,30.625,#8C7342,795
137548,49.6875,17.0,-14.625,#886D8F,795
137557,49.6875,36.5,-27.125,#9D5FA5,795
137566,49.6875,45.875,32.5,#C65042,795
137577,49.6875,72.75,16.375,#E31F5E,795
137601,49.75,-85.625,-7.25,#009481,796
137670,49.75,-37.875,42.375,#468527,796
137726,49.75,-22.375,31.875,#627F3E,796
137840,49.75,13.0,1.25,#8D6F75,796
137855,49.75,24.0,-0.875,#9C6779,796
137856,49.75,26.75,-57.5,#606CD9,796
137868,49.75,46.625,-61.25,#885CE0,796
137869,49.75,48.625,47.5,#CC4D26,796
137874,49.75,64.75,38.5,#DE3339,796
137880,49.75,76.25,-55.25,#C22DD6,796
137886,49.75,102.75,-65.5,#E100E8,796
138248,49.8125,34.875,56.875,#BC5B08,797
138251,49.8125,39.125,62.875,#C25700,797
138252,49.8125,41.25,0.0,#B65878,797
138275,49.8125,90.125,-44.75,#DF00C4,797
138288,49.8125,115.125,-49.25,#FE00CD,797
138594,49.875,12.875,-77.625,#0079FD,798
138647,49.875,56.125,-33.125,#B74CB0,798
138655,49.875,74.375,-4.375,#DF1F81,798
138687,49.9375,-68.25,-22.375,#00919B,799
138917,49.9375,1.125,-6.875,#737782,799
139075,49.9375,47.0,85.375,#CD4E00,799
139113,49.9375,78.125,85.875,#F20000,799
139119,49.9375,105.5,-6.25,#FF0085,799
139122,50.0,-91.625,9.625,#009564,800
139126,50.0,-73.25,-3.75,#00917C,800
139181,50.0,-28.375,21.5,#4F8351,800
139433,50.0,20.25,-78.125,#0075FE,800
139598,50.0625,-90.75,43.75,#009421,801
139605,50.0625,-58.875,-4.0,#008E7C,801
139949,50.0625,32.75,77.75,#BC5E00,801
139972,50.0625,37.875,-51.625,#8563D0,801
140089,50.0625,79.75,-73.0,#B62DF6,801
140119,50.125,-111.375,8.125,#009867,802
140154,50.125,-14.625,-4.875,#547F7F,802
140159,50.125,-12.75,-14.25,#4B7F8F,802
140173,50.125,-9.375,-9.0,#5B7D86,802
140634,50.125,103.5,-29.0,#FB00AB,802
140640,50.1875,-72.5,48.5,#009014,803
140658,50.1875,-26.375,15.625,#4F835C,803
141023,50.1875,57.375,39.875,#D74237,803
141063,50.1875,70.875,1.625,#DE2A77,803
141142,50.25,-122.625,45.0,#00991C,804
141145,50.25,-49.25,69.625,#338A00,804
141498,50.25,82.0,-26.375,#E000A6,804
141528,50.3125,-83.75,42.375,#009326,805
141614,50.3125,10.0,-43.5,#5276C2,805
141674,50.3125,33.5,-78.875,#2D6CFF,805
141805,50.375,-32.5,-57.875,#008BDB,806
141979,50.4375,-43.625,66.0,#438800,807
142029,50.4375,18.5,30.125,#A36B45,807
142056,50.4375,34.375,-33.0,#9664B1,807
142065,50.4375,41.5,11.375,#BC5967,807
142068,50.4375,43.0,73.75,#C95400,807
142091,50.4375,68.75,-32.625,#CB39B1,807
142109,50.5,-100.875,7.625,#009869,808
142129,50.5,-72.875,-31.875,#0095AD,808
142187,50.5,-30.375,-27.5,#0088A6,808
142209,50.5,-19.5,-57.0,#0087D9,808
142267,50.5,32.875,-63.875,#646AE6,808
142269,50.5,32.875,-56.375,#7469D9,808
142328,50.5625,-128.0,66.0,#009B00,809
142399,50.5625,-109.375,-14.0,#009A8E,809
142453,50.5625,-95.625,78.5,#009600,809
142487,50.5625,-88.0,80.75,#009400,809
142507,50.5625,-84.0,33.625,#00943A,809
142522,50.5625,-80.75,82.75,#009300,809
142533,50.5625,-79.5,72.125,#009200,809
142553,50.5625,-75.625,-38.75,#0096B9,809
142558,50.5625,-73.75,9.5,#009366,809
142560,50.5625,-73.375,83.75,#009100,809
142586,50.5625,-66.375,84.5,#008F00,809
142595,50.5625,-62.875,14.0,#00905F,809
142596,50.5625,-62.75,-13.125,#00918D,809
142608,50.5625,-59.75,85.0,#008D00,809
142611,50.5625,-59.5,20.125,#008E54,809
142621,50.5625,-56.75,-51.125,#0093CF,809
142628,50.5625,-55.375,-38.25,#0091B8,809
142632,50.5625,-54.25,-27.25,#0090A6,809
142635,50.5625,-53.5,85.25,#298C00,809
142639,50.5625,-52.0,-44.625,#0091C4,809
142649,50.5625,-50.125,-33.75,#008FB1,809
142651,50.5625,-49.5,21.25,#008C52,809
142655,50.5625,-48.375,12.75,#008C61,809
142657,50.5625,-47.625,-17.125,#008D94,809
142696,50.5625,-35.25,-63.5,#008EE5,809
142699,50.5625,-35.0,-5.125,#008880,809
142706,50.5625,-32.75,-48.0,#008BCA,809
142720,50.5625,-27.875,-35.75,#0088B5,809
142743,50.5625,-22.125,-38.375,#0086B9,809
142746,50.5625,-21.875,45.375,#6B8124,809
142756,50.5625,-20.25,-30.125,#0084AB,809
142786,50.5625,-13.0,86.25,#807C00,809
142836,50.5625,-3.0,-1.25,#727A7A,809
142849,50.5625,-1.375,57.0,#8E7700,809
142851,50.5625,-1.0,19.125,#837858,809
142865,50.5625,2.5,-47.625,#227CCA,809
142875,50.5625,14.375,86.375,#A66D00,809
142877,50.5625,16.5,-45.0,#6273C5,809
142890,50.5625,22.0,86.375,#B06800,809
142892,50.5625,24.125,-47.375,#706ECA,809
142895,50.5625,27.5,-20.75,#96689C,809
142896,50.5625,29.0,5.125,#A96571,809
142914,50.5625,55.0,-77.875,#7E59FF,809
142921,50.5625,61.125,26.5,#DA3E4F,809
142922,50.5625,61.875,19.5,#D93D5B,809
142929,50.5625,75.625,-68.375,#B637EF,809
142934,50.5625,84.125,33.625,#F70045,809
142936,50.5625,85.875,4.125,#F30075,809
142939,50.5625,89.875,31.125,#FE004A,809
142940,50.5625,93.5,45.75,#FF0032,809
142943,50.5625,98.25,-46.125,#EC00C9,809
142944,50.5625,112.75,-55.5,#F900DA,809
142945,50.5625,112.875,-78.5,#E600FF,809
142948,50.625,-122.25,13.0,#009B5F,810
143065,50.625,-34.5,72.625,#5A8600,810
143127,50.625,-10.0,-42.5,#0081C1,810
143166,50.625,6.5,-23.375,#6D77A0,810
143170,50.625,12.5,59.375,#A26F00,810
143172,50.625,13.5,-71.375,#0079F4,810
143175,50.625,18.375,-22.375,#856F9F,810
143185,50.625,37.875,5.5,#B65D71,810
143192,50.625,41.25,-57.875,#8463DC,810
143197,50.625,46.75,-36.5,#A859B7,810
143203,50.625,57.5,86.875,#DC4100,810
143208,50.625,70.0,-38.75,#C938BC,810
143209,50.625,70.625,86.625,#EC2400,810
143213,50.625,86.0,-8.75,#EF008A,810
143215,50.625,87.375,-76.75,#C016FF,810
143223,50.6875,-117.5,51.375,#009A01,811
143352,50.6875,-30.125,54.5,#5E8401,811
143359,50.6875,-28.25,-63.25,#008BE5,811
143506,50.6875,61.0,-8.0,#CF4288,811
143510,50.6875,71.75,24.875,#E72653,811
143513,50.6875,86.25,-19.25,#EB009C,811
143692,50.75,-18.0,70.0,#777F00,812
143774,50.75,6.25,11.0,#8B7566,812
143796,50.75,35.25,68.875,#C15D00,812
143813,50.75,67.375,-50.625,#BC41D1,812
143826,50.8125,-96.125,52.75,#009700,813
144094,50.8125,2.5,45.0,#927628,813
144154,50.8125,30.25,34.5,#B5633F,813
144168,50.8125,55.375,56.875,#D84613,813
144172,50.8125,57.625,50.875,#DB4323,813
144184,50.8125,89.75,64.125,#FF000A,813
144189,50.8125,96.75,5.0,#FF0075,813
144213,50.875,-68.375,65.125,#009100,814
144332,50.875,-19.0,18.5,#638159,814
144505,50.875,28.125,87.125,#B96300,814
144527,50.875,36.875,45.5,#C05C2B,814
144537,50.875,44.0,-68.125,#7963EF,814
144568,50.875,90.25,21.75,#FD005A,814
144616,50.9375,-52.625,26.375,#008D4A,815
144915,50.9375,51.625,35.75,#D14D3F,815
144959,51.0,-128.0,57.625,#009C00,816
144964,51.0,-120.875,70.625,#009B00,816
144976,51.0,-61.625,-25.625,#0093A4,816
145353,51.0,48.0,-27.5,#B258A9,816
145421,51.0,76.125,32.375,#EF1348,816
145460,51.0625,-92.875,58.25,#009700,817
145471,51.0625,-58.0,-32.625,#0093B0,817
145476,51.0625,-56.875,42.375,#008E29,817
145479,51.0625,-50.875,-11.5,#008F8C,817
145632,51.0625,5.125,-78.5,#0080FF,817
145927,51.0625,64.5,68.625,#E53600,817
146003,51.125,-101.0,56.25,#009800,818
146544,51.1875,-40.875,36.5,#3D8A37,819
146569,51.1875,-18.125,37.375,#708137,819
146984,51.25,-103.625,15.375,#009A5D,820
146988,51.25,-92.75,35.625,#009837,820
146991,51.25,-66.75,-45.25,#0097C6,820
146995,51.25,-56.125,67.75,#158E00,820
147007,51.25,-23.625,-13.0,#27868F,820
147085,51.25,6.625,-54.125,#187CD7,820
147118,51.25,15.875,64.75,#A96E00,820
147179,51.25,28.625,-75.5,#2772FD,820
147215,51.25,39.375,30.375,#C25C48,820
147367,51.3125,-60.0,-19.75,#00939B,821
147374,51.3125,-40.25,24.5,#328A4E,821
147379,51.3125,-26.625,-6.625,#2C8785,821
147628,51.375,-106.5,27.625,#009B47,822
147631,51.375,-92.125,29.25,#009844,822
147632,51.375,-91.125,20.25,#009855,822
147657,51.375,-49.5,-55.25,#0093D9,822
147791,51.375,48.875,24.875,#CD5253,822
147845,51.4375,-91.125,74.375,#009700,823
147856,51.4375,-53.75,16.125,#008F5D,823
147875,51.4375,-31.875,27.125,#4E884A,823
147912,51.4375,6.875,-72.75,#007FF8,823
147957,51.4375,41.125,-82.5,#486AFF,823
148007,51.5,-128.0,-1.75,#009F7B,824
148019,51.5,-128.0,33.0,#009E3C,824
148042,51.5,-117.0,27.875,#009C46,824
148055,51.5,-113.25,-1.25,#009D7B,824
148068,51.5,-107.875,45.125,#009B20,824
148070,51.5,-106.125,3.625,#009C72,824
148116,51.5,-86.5,6.5,#00986D,824
148131,51.5,-80.625,10.5,#009767,824
148133,51.5,-80.25,28.5,#009646,824
148135,51.5,-80.25,57.0,#009500,824
148151,51.5,-74.0,-23.125,#0097A1,824
148162,51.5,-67.75,42.75,#009329,824
148169,51.5,-62.375,25.625,#00924C,824
148173,51.5,-57.75,51.875,#00900C,824
148194,51.5,-44.0,6.75,#008D6E,824
148195,51.5,-42.5,-25.375,#008FA5,824
148204,51.5,-38.25,4.75,#018B72,824
148229,51.5,-28.375,1.25,#388878,824
148254,51.5,-21.875,25.0,#63844F,824
148264,51.5,-19.625,-71.625,#008BF6,824
148283,51.5,-11.875,-26.25,#3583A7,824
148300,51.5,-6.375,-73.25,#0086F9,824
148311,51.5,-4.25,-17.125,#607E98,824
148314,51.5,-3.25,-53.25,#0082D6,824
148317,51.5,-2.375,73.125,#917A00,824
148335,51.5,1.875,87.625,#987700,824
148344,51.5,4.375,-5.25,#7E7984,824
148354,51.5,10.625,45.0,#9F722B,824
148358,51.5,13.125,39.125,#A17137,824
148373,51.5,20.0,16.625,#A46D5F,824
148377,51.5,24.0,45.0,#B1692C,824
148385,51.5,33.5,-17.25,#A56599,824
148390,51.5,39.5,86.5,#C95B00,824
148394,51.5,45.625,-12.875,#BA5992,824
148400,51.5,50.5,-67.0,#8B5EEF,824
148403,51.5,53.0,-1.5,#CA4F7F,824
148406,51.5,59.0,-41.875,#B94EC3,824
148407,51.5,59.625,-57.5,#AA51DF,824
148408,51.5,60.125,-1.125,#D3457F,824
148522,51.5625,-48.125,32.375,#198D40,825
148607,51.5625,-11.0,-77.125,#0089FF,825
148627,51.5625,-4.5,-79.0,#0086FF,825
148639,51.5625,-2.5,-31.125,#4B7FB0,825
148674,51.5625,83.375,11.0,#F5006C,825
148906,51.625,12.625,78.375,#A77100,826
148911,51.625,21.75,-54.75,#5E74D9,826
148916,51.625,43.125,54.5,#CC5819,826
148917,51.625,48.5,65.5,#D35100,826
148924,51.625,81.25,-0.75,#EF007F,826
149202,51.6875,58.75,-15.5,#CB4A97,827
149410,51.75,-9.25,-48.875,#0085CF,828
149450,51.75,4.25,-64.75,#0080EB,828
149487,51.75,19.5,-7.875,#967089,828
149513,51.75,92.625,-62.75,#DA00E9,828
149516,51.8125,-123.875,38.375,#009E31,829
149598,51.8125,-37.625,65.25,#558A00,829
149845,51.8125,101.0,-16.625,#FF009B,829
149848,51.875,-87.75,-0.375,#009A7A,830
149910,51.875,-32.25,42.5,#58882D,830
150044,51.875,0.25,-23.125,#637DA3,830
150164,51.875,27.625,-13.5,#A06B93,830
150233,51.875,61.75,60.5,#E43F0D,830
150243,51.875,69.875,-69.5,#AE46F5,830
150251,51.875,82.25,-14.75,#EB0297,830
150256,51.875,97.625,-73.25,#D800FC,830
150491,51.9375,11.0,16.75,#987460,831
150675,51.9375,66.5,78.375,#EB3500,831
150682,51.9375,70.5,-24.5,#D738A7,831
150686,51.9375,75.375,64.875,#F51902,831
150714,52.0,-74.0,59.625,#009500,832
150729,52.0,-48.5,1.875,#009077,832
150865,52.0,0.625,-72.5,#0084FA,832
150879,52.0,2.0,-59.125,#0081E2,832
150911,52.0,6.625,-11.25,#7E798F,832
151014,52.0,21.875,10.75,#A56E6B,832
151238,52.0,86.75,43.25,#FF0039,832
151248,52.0,94.625,13.375,#FF006A,832
151252,52.0,97.125,-57.25,#E600E0,832
151257,52.0625,-79.25,18.0,#00985B,833
151260,52.0625,-63.75,53.75,#009303,833
151283,52.0625,-31.5,67.625,#638800,833
151934,52.125,0.375,-16.0,#6D7D97,834
152287,52.125,72.875,49.375,#F1252C,834
152303,52.125,81.25,-63.0,#CA2CEA,834
152345,52.1875,-111.375,22.125,#009E53,835
152423,52.1875,-4.375,7.5,#7A7E70,835
152523,52.1875,16.5,-60.0,#3C79E4,835
152763,52.1875,85.0,24.5,#FC0058,835
152785,52.25,-69.875,-39.25,#0099BF,836
152863,52.25,-1.75,-37.25,#4081BC,836
152864,52.25,-1.125,10.75,#827D6A,836
153028,52.25,49.0,-44.125,#A95CC9,836
153046,52.25,58.625,79.0,#E34500,836
153070,52.25,70.875,-76.75,#A748FF,836
153089,52.25,80.25,5.75,#F20A76,836
153119,52.3125,-128.0,13.375,#00A163,837
153138,52.3125,-27.875,-41.5,#008DC3,837
153139,52.3125,-21.875,-44.125,#008BC8,837
153150,52.3125,-10.25,-19.25,#4E839D,837
153159,52.3125,-6.5,79.125,#8E7E00,837
153171,52.3125,-1.625,50.0,#917C1F,837
153235,52.3125,23.25,70.625,#B66B00,837
153243,52.3125,29.5,60.125,#BD6601,837
153264,52.3125,38.875,37.75,#C65E3E,837
153267,52.3125,42.625,48.5,#CD5A29,837
153320,52.3125,79.375,54.625,#FA0023,837
153343,52.375,-91.5,-25.25,#009DA6,838
153369,52.375,-33.625,49.125,#5A8A1D,838
153385,52.375,-10.5,20.375,#78815A,838
153398,52.375,0.625,79.25,#987A00,838
153409,52.375,8.875,88.875,#A57500,838
153421,52.375,15.125,12.0,#9D7369,838
153444,52.375,30.125,72.25,#BF6600,838
153480,52.375,64.75,11.5,#E03E6C,838
153506,52.4375,-96.875,-21.875,#009EA1,839
153507,52.4375,-73.25,40.125,#009731,839
153525,52.4375,-13.25,80.5,#848100,839
153573,52.4375,30.625,45.375,#BD662E,839
153580,52.4375,45.75,-50.125,#9D61D4,839
153603,52.4375,107.25,-45.625,#FE00CE,839
153604,52.4375,111.5,-68.375,#F300F6,839
153607,52.5,-86.625,54.25,#009A00,840
153618,52.5,-41.25,-48.625,#0093D0,840
153624,52.5,-25.875,8.25,#4D896E,840
153632,52.5,-11.75,-56.625,#0089DF,840
153634,52.5,-9.75,30.0,#7F8149,840
153636,52.5,-5.75,-23.875,#5382A6,840
153655,52.5,12.5,51.0,#A6741F,840
153662,52.5,25.0,31.5,#B36B48,840
153664,52.5,28.25,-33.125,#916EB6,840
153683,52.5,72.0,80.875,#F42800,840
153685,52.5,117.0,-70.875,#FA00FA,840
153713,52.5625,-122.875,62.625,#00A000,841
153760,52.5625,-115.75,75.875,#009F00,841
153764,52.5625,-114.5,65.875,#009F00,841
153790,52.5625,-109.5,62.375,#009E00,841
153800,52.5625,-106.75,37.375,#009E36,841
153809,52.5625,-106.125,68.5,#009D00,841
153812,52.5625,-105.875,-6.625,#009F87,841
153815,52.5625,-105.5,76.75,#009D00,841
153858,52.5625,-97.125,13.25,#009D64,841
154039,52.5625,-71.125,-11.25,#00998F,841
154054,52.5625,-67.875,-28.875,#0099AE,841
154117,52.5625,-54.875,0.25,#00937C,841
154141,52.5625,-49.25,60.375,#369000,841
154144,52.5625,-47.75,-40.625,#0094C2,841
154170,52.5625,-41.5,-8.875,#00908B,841
154188,52.5625,-38.5,-38.375,#0091BE,841
154321,52.5625,-20.125,-2.5,#4F8781,841
154334,52.5625,-19.0,84.25,#7C8400,841
154340,52.5625,-18.25,-17.5,#37889B,841
154347,52.5625,-17.625,4.5,#5E8675,841
154374,52.5625,-10.75,68.25,#878100,841
154414,52.5625,-4.125,36.875,#8A7E3C,841
154456,52.5625,7.875,22.125,#977858,841
154457,52.5625,8.25,66.25,#A37600,841
154458,52.5625,8.375,-35.5,#647CBA,841
154464,52.5625,11.875,-48.75,#517BD1,841
154470,52.5625,20.625,-40.875,#7875C4,841
154473,52.5625,28.875,-68.375,#5173F4,841
154477,52.5625,36.75,15.125,#BE6265,841
154480,52.5625,41.625,79.875,#CF5B00,841
154481,52.5625,46.5,6.125,#C75975,841
154483,52.5625,50.25,-20.875,#BF58A2,841
154485,52.5625,54.0,18.0,#D54F61,841
154487,52.5625,67.5,-57.125,#BB48E1,841
154493,52.5625,78.5,24.125,#F51359,841
154514,52.5625,110.75,-61.125,#F900E9,841
154704,52.625,3.125,37.375,#967A3C,842
154713,52.625,13.0,-19.125,#84779E,842
154726,52.625,65.0,89.25,#EC3A00,842
154731,52.625,104.625,-73.625,#E500FF,842
154732,52.625,112.25,-37.125,#FF00C0,842
154735,52.6875,-101.375,64.75,#009D00,843
154976,52.6875,37.25,-43.875,#9669CA,843
154979,52.6875,42.625,67.5,#D05B00,843
154981,52.6875,44.75,90.375,#D45800,843
154995,52.75,-117.375,43.5,#00A027,844
155052,52.75,-46.0,-3.75,#009183,844
155096,52.75,-31.625,33.125,#578B42,844
155288,52.8125,-122.375,18.875,#00A15A,845
155296,52.8125,-96.375,68.75,#009C00,845
155298,52.8125,-91.75,64.875,#009B00,845
155300,52.8125,-87.375,69.0,#009A00,845
155323,52.8125,-57.5,35.75,#00943C,845
155345,52.8125,-45.75,39.625,#349035,845
155433,52.8125,-12.875,50.0,#81831F,845
155547,52.8125,12.5,-30.75,#7679B3,845
155554,52.8125,16.0,24.5,#A57355,845
155631,52.8125,69.875,36.375,#EE3244,845
155635,52.8125,75.625,-12.875,#E72B96,845
155979,52.875,31.125,-42.375,#8C6EC7,846
156034,52.875,56.75,-24.625,#C652AA,846
156058,52.875,79.625,41.25,#FB073D,846
156066,52.875,95.875,-27.375,#FA00B0,846
156268,52.9375,3.625,54.625,#9B7A14,847
156385,52.9375,25.125,80.375,#BB6B00,847
156558,53.0,-111.875,33.375,#00A03F,848
156604,53.0,-27.5,74.25,#6E8900,848
156609,53.0,-23.375,51.625,#708819,848
156849,53.0,15.75,-36.625,#7579BE,848
156905,53.0,23.0,55.0,#B66D17,848
157124,53.0,82.25,18.625,#FA0063,848
157184,53.0625,-34.625,-24.0,#0090A7,849
157214,53.0625,-17.875,55.625,#7B850A,849
157511,53.0625,30.125,-49.125,#8170D4,849
157718,53.0625,78.5,77.0,#FD0D00,849
157766,53.125,-76.625,-15.625,#009C98,850
157951,53.125,9.625,-67.5,#0081F4,850
158256,53.125,82.25,-32.125,#E61CB8,850
158295,53.1875,-68.25,70.75,#009700,851
158310,53.1875,-39.0,82.75,#598E00,851
158326,53.1875,-18.0,63.5,#7D8600,851
158373,53.1875,-1.0,31.625,#8F7E48,851
158403,53.1875,5.125,5.625,#8C7C76,851
158638,53.1875,91.5,6.75,#FF0078,851
158648,53.1875,102.75,-23.875,#FF00AB,851
158663,53.25,-92.875,-5.75,#009F87,852
158680,53.25,-44.5,-34.875,#0095BA,852
158681,53.25,-41.25,57.375,#4E8F00,852
158723,53.25,-3.625,-63.625,#0088ED,852
158747,53.25,2.625,10.625,#8B7D6D,852
158878,53.25,45.75,-73.375,#7968FF,852
158970,53.3125,-99.5,-10.375,#00A18F,853
158989,53.3125,-37.75,19.25,#3A8F5D,853
158993,53.3125,-28.5,-51.25,#0091D7,853
159002,53.3125,-11.125,-37.25,#0088BF,853
159009,53.3125,-8.25,-31.25,#3B86B5,853
159124,53.3125,51.75,-12.125,#C85796,853
159189,53.375,-8.125,54.875,#8B8211,854
159240,53.375,33.75,23.375,#BF6759,854
159287,53.4375,-72.375,3.0,#009A79,855
159290,53.4375,-53.75,-22.0,#0097A4,855
159292,53.4375,-44.125,77.75,#4D9000,855
159294,53.4375,-33.625,12.375,#3E8E69,855
159300,53.4375,-15.0,-51.625,#008CD8,855
159301,53.4375,-13.375,-67.625,#008DF5,855
159325,53.4375,24.5,-80.625,#007BFF,855
159330,53.4375,33.625,9.75,#BA6870,855
159337,53.4375,44.75,43.0,#D25B37,855
159360,53.5,-128.0,-8.125,#00A58B,856
159362,53.5,-128.0,42.875,#00A42B,856
159370,53.5,-116.625,11.75,#00A369,856
159375,53.5,-112.5,49.125,#00A119,856
159425,53.5,-86.375,-12.75,#009F94,856
159437,53.5,-81.875,49.75,#009B19,856
159448,53.5,-78.75,-32.5,#009EB6,856
159471,53.5,-69.25,16.25,#009962,856
159483,53.5,-61.875,-36.875,#009BBE,856
159489,53.5,-58.5,-42.5,#009AC8,856
159504,53.5,-51.875,79.0,#389300,856
159509,53.5,-49.5,45.25,#2D9329,856
159534,53.5,-41.125,71.75,#539000,856
159553,53.5,-35.625,59.5,#5C8E00,856
159558,53.5,-34.625,87.875,#648D00,856
159574,53.5,-30.125,83.75,#6B8B00,856
159579,53.5,-29.5,61.5,#698B00,856
159601,53.5,-25.75,89.5,#748A00,856
159632,53.5,-19.5,90.5,#7E8700,856
159634,53.5,-19.375,-8.5,#4A8A8E,856
159643,53.5,-17.5,-35.625,#008BBD,856
159648,53.5,-16.375,28.875,#75874D,856
159659,53.5,-10.25,0.875,#6D857E,856
159661,53.5,-9.375,91.25,#8E8200,856
159674,53.5,-4.5,-44.0,#0D86CB,856
159680,53.5,-3.875,-7.875,#71828D,856
159696,53.5,2.5,25.25,#937D54,856
159697,53.5,2.5,67.75,#9D7C00,856
159704,53.5,8.0,-1.625,#8D7B83,856
159711,53.5,12.25,-7.5,#8F798D,856
159717,53.5,15.625,91.5,#B17300,856
159718,53.5,16.25,-2.625,#9A7685,856
159721,53.5,22.625,-28.125,#8F74B0,856
159725,53.5,26.625,24.75,#B66D57,856
159727,53.5,30.0,-0.25,#B06C81,856
159730,53.5,32.25,29.25,#BF684F,856
159734,53.5,35.25,-4.625,#B56889,856
159744,53.5,52.625,-58.875,#A15FE7,856
159745,53.5,53.75,46.625,#DE5031,856
159746,53.5,55.25,-51.875,#AF5ADA,856
159747,53.5,60.125,-48.0,#BB53D4,856
159748,53.5,63.375,46.625,#EA4133,856
159749,53.5,67.375,53.0,#EF3927,856
159750,53.5,68.25,-12.0,#DF3F96,856
159751,53.5,71.0,59.75,#F43018,856
159756,53.5,80.875,62.0,#FF0014,856
159768,53.5,88.25,56.625,#FF0023,856
159771,53.5,90.75,-38.875,#EF00C5,856
159773,53.5,91.375,51.25,#FF002E,856
159775,53.5,92.375,-2.375,#FF0087,856
159780,53.5,96.875,26.625,#FF0059,856
159822,53.5625,-122.25,7.75,#00A470,857
159852,53.5625,-112.625,-7.25,#00A38A,857
159893,53.5625,-102.75,50.25,#00A016,857
159910,53.5625,-97.875,46.75,#009F22,857
159987,53.5625,-79.0,4.375,#009C76,857
160034,53.5625,-66.625,21.875,#009958,857
160065,53.5625,-59.375,63.25,#009600,857
160113,53.5625,-35.0,-32.5,#0092B7,857
160254,53.5625,52.625,83.125,#E05100,857
160256,53.5625,56.25,67.625,#E34C00,857
160264,53.625,-122.875,55.5,#00A300,858
160265,53.625,-122.125,-6.875,#00A58A,858
160273,53.625,-101.625,32.125,#00A044,858
160290,53.625,-81.0,-23.375,#009FA7,858
160298,53.625,-77.25,78.875,#009A00,858
160362,53.625,-44.375,50.125,#43911D,858
160379,53.625,-35.375,-15.25,#009199,858
160523,53.625,20.0,60.5,#B57100,858
160531,53.625,33.875,88.875,#C96500,858
160542,53.625,64.75,32.5,#EA404C,858
160544,53.625,78.75,91.25,#FF0F00,858
160545,53.625,82.375,83.125,#FF0000,858
160554,53.625,100.75,8.5,#FF0077,858
160555,53.625,108.625,-32.25,#FF00BA,858
160675,53.6875,-25.875,34.75,#668B42,859
160798,53.6875,55.875,10.5,#D95071,859
160799,53.6875,62.25,5.875,#DF4779,859
160803,53.6875,71.0,68.875,#F63000,859
160804,53.6875,75.375,-21.375,#E532A7,859
160809,53.6875,98.0,-37.0,#FB00C2,859
160815,53.75,-84.25,-29.75,#00A0B2,860
160823,53.75,-69.375,33.875,#009941,860
160874,53.75,-37.625,29.5,#47904B,860
160895,53.75,-30.375,-10.625,#008F92,860
161044,53.75,33.5,-10.75,#B06B94,860
161063,53.75,72.5,91.75,#F92C00,860
161167,53.8125,-16.5,13.625,#6C8869,861
161314,53.8125,19.0,-67.375,#2A7DF6,861
161412,53.8125,92.5,-53.875,#E800E0,861
161421,53.875,-73.75,20.75,#009B5A,862
161436,53.875,-56.75,-11.875,#009894,862
161595,53.875,-1.75,62.0,#987F00,862
161615,53.875,0.625,1.125,#83807F,862
161727,53.875,22.625,-60.25,#597AEA,862
161748,53.875,27.625,14.5,#B46E69,862
161786,53.875,39.625,-11.375,#B96595,862
161790,53.875,41.125,-24.0,#B265AB,862
162113,53.9375,10.875,34.125,#A47946,863
162215,53.9375,25.875,92.375,#C06D00,863
162266,53.9375,35.625,82.5,#CC6500,863
162304,53.9375,47.625,57.875,#D95917,863
162380,53.9375,75.5,-36.375,#DD37C1,863
162399,53.9375,84.5,69.625,#FF0000,863
162404,53.9375,89.75,-68.75,#D716FA,863
162421,53.9375,99.375,-7.125,#FF0091,863
162425,53.9375,103.5,-1.5,#FF0088,863
162431,54.0,-84.5,77.25,#009D00,864
162518,54.0,-12.875,7.875,#6F8773,864
162657,54.0,8.0,81.375,#A87A00,864
162880,54.0,43.625,27.125,#CF5F55,864
162900,54.0,50.25,72.625,#DE5500,864
162999,54.0,82.875,49.5,#FF0031,864
163027,54.0,117.5,-56.875,#FF00E6,864
163028,54.0625,-117.25,37.375,#00A439,865
163029,54.0625,-116.125,-14.0,#00A697,865
163398,54.0625,29.0,-27.375,#9C71B1,865
163610,54.125,-76.125,32.375,#009C45,866
163613,54.125,-55.5,6.875,#009874,866
163634,54.125,-28.5,-18.5,#0090A0,866
163642,54.125,-23.375,-59.875,#0092E9,866
163762,54.125,7.375,-18.625,#7E7FA1,866
163924,54.125,39.25,92.375,#D26200,866
164101,54.1875,-70.25,80.125,#009A00,867
164235,54.1875,4.5,-29.625,#6982B4,867
164349,54.1875,35.5,-69.75,#6973FC,867
164417,54.1875,55.125,91.125,#E54F00,867
164477,54.1875,80.25,-77.375,#BD3DFF,867
164494,54.1875,93.25,-19.875,#FF00A6,867
164510,54.25,-102.25,42.625,#00A22E,868
164511,54.25,-101.5,25.875,#00A251,868
164677,54.25,19.5,82.0,#B87300,868
164727,54.25,44.75,-19.125,#BC62A4,868
164746,54.25,55.75,-68.0,#9D5FF9,868
164805,54.3125,-112.75,57.125,#00A300,869
164806,54.3125,-92.375,-17.5,#00A39E,869
164990,54.375,-128.0,50.5,#00A616,870
164991,54.375,-112.0,41.375,#00A431,870
164992,54.375,-106.125,10.875,#00A46D,870
164996,54.375,-86.75,-20.5,#00A2A4,870
164998,54.375,-63.25,38.5,#00993A,870
165012,54.375,-25.625,-25.375,#0090AD,870
165013,54.375,-25.625,66.5,#748C00,870
165037,54.375,-3.875,88.25,#998100,870
165058,54.375,12.5,4.0,#9A7A7C,870
165076,54.375,27.75,-7.625,#AB7090,870
165097,54.375,57.0,22.875,#E0505E,870
165126,54.4375,-95.75,-0.375,#00A381,871
165186,54.4375,62.75,-71.375,#A658FF,871
165188,54.4375,66.375,-63.375,#B751F2,871
165195,54.4375,87.25,15.625,#FF006C,871
165210,54.5,-41.5,-17.25,#00969F,872
165212,54.5,-36.875,-53.125,#0097DE,872
165222,54.5,-8.625,-5.5,#6C878B,872
165244,54.5,18.625,3.875,#A4777C,872
165246,54.5,24.25,-71.75,#357CFF,872
165316,54.5625,-110.0,-19.875,#00A7A3,873
165321,54.5625,-109.25,81.5,#00A300,873
165343,54.5625,-104.125,-23.5,#00A6A9,873
165353,54.5625,-102.0,-0.125,#00A480,873
165362,54.5625,-100.625,83.625,#00A200,873
165366,54.5625,-100.0,73.75,#00A200,873
165370,54.5625,-99.625,-16.25,#00A59D,873
165415,54.5625,-92.125,85.125,#00A000,873
165432,54.5625,-89.125,47.375,#00A024,873
165451,54.5625,-86.25,61.75,#009F00,873
165462,54.5625,-84.5,15.375,#00A065,873
165464,54.5625,-84.25,86.625,#009E00,873
165469,54.5625,-83.625,24.375,#009F55,873
165477,54.5625,-82.875,-36.75,#00A3C1,873
165514,54.5625,-78.25,43.0,#009E2F,873
165520,54.5625,-77.625,-4.5,#009F88,873
165524,54.5625,-76.75,87.875,#009D00,873
165573,54.5625,-69.75,89.125,#009B00,873
165590,54.5625,-67.375,-15.625,#009D9C,873
165601,54.5625,-65.25,-2.375,#009C85,873
165611,54.5625,-63.25,90.375,#009900,873
165619,54.5625,-62.25,7.125,#009B74,873
165638,54.5625,-59.0,75.375,#1A9800,873
165644,54.5625,-57.0,91.25,#2C9700,873
165674,54.5625,-52.0,54.75,#2F960D,873
165699,54.5625,-48.375,92.5,#499500,873
165705,54.5625,-47.875,-24.0,#0098AB,873
165715,54.5625,-46.0,26.75,#279552,873
165796,54.5625,-34.5,-43.375,#0096CD,873
165947,54.5625,-17.125,43.875,#7D8932,873
165996,54.5625,-5.0,44.625,#918331,873
166000,54.5625,-4.75,21.875,#88845D,873
166031,54.5625,2.125,17.5,#918065,873
166040,54.5625,9.5,10.625,#9A7C71,873
166041,54.5625,10.75,27.25,#A37B54,873
166042,54.5625,13.875,72.75,#B17700,873
166045,54.5625,18.5,40.125,#B2753D,873
166047,54.5625,20.75,-16.75,#9977A0,873
166049,54.5625,25.0,37.875,#BA7042,873
166054,54.5625,32.0,51.5,#C66A27,873
166057,54.5625,34.875,63.5,#CC6700,873
166058,54.5625,36.375,-37.875,#A06DC4,873
166059,54.5625,36.75,-76.125,#5B74FF,873
166063,54.5625,41.0,-32.75,#AD69BC,873
166066,54.5625,43.0,20.75,#CE6161,873
166069,54.5625,45.5,-3.5,#C7618A,873
166072,54.5625,48.0,13.875,#D25C6D,873
166073,54.5625,48.0,51.5,#DB5A29,873
166076,54.5625,60.375,73.0,#EC4900,873
166077,54.5625,61.5,53.875,#EC4726,873
166079,54.5625,65.75,25.75,#EC425A,873
166081,54.5625,68.875,6.875,#EB3E7A,873
166082,54.5625,69.375,-3.5,#E83F8B,873
166083,54.5625,70.625,19.125,#F13965,873
166085,54.5625,76.75,-51.25,#D53BDD,873
166088,54.5625,81.875,-44.75,#E22BD2,873
166095,54.5625,89.625,-31.875,#F500BC,873
166099,54.5625,92.5,36.25,#FF004B,873
166101,54.5625,93.125,-10.0,#FF0097,873
166104,54.5625,98.0,-66.25,#E800F8,873
166293,54.625,-52.875,71.625,#369600,874
166314,54.625,-40.25,92.875,#5C9200,874
166337,54.625,-30.375,93.25,#6F8E00,874
166349,54.625,-26.125,27.875,#648E51,874
166359,54.625,-24.0,79.5,#798C00,874
166442,54.625,4.125,93.375,#A57E00,874
166450,54.625,25.625,65.375,#C06F00,874
166454,54.625,43.625,33.5,#D2604B,874
166458,54.625,56.5,30.25,#E25052,874
166460,54.625,66.375,-20.875,#DC48A8,874
166461,54.625,69.125,-46.375,#CE49D4,874
166462,54.625,69.875,43.625,#F5383C,874
166468,54.625,83.375,-54.25,#DD2BE2,874
166471,54.625,87.125,-24.75,#F600B0,874
166473,54.625,102.875,-56.625,#F700E7,874
166474,54.625,103.875,-11.625,#FF009A,874
166710,54.6875,38.5,73.25,#D16400,875
166711,54.6875,44.875,-62.5,#906AF0,875
166713,54.6875,52.25,-37.25,#BB5EC4,875
166715,54.6875,55.0,4.125,#D8557E,875
166716,54.6875,62.125,84.25,#EF4600,875
166718,54.6875,70.75,30.5,#F43753,875
166720,54.6875,75.5,13.375,#F62D70,875
166722,54.6875,83.75,-38.5,#E922C7,875
166724,54.6875,87.75,-60.125,#DE1EED,875
166726,54.6875,92.875,-76.125,#D610FF,875
166729,54.6875,105.625,-40.125,#FF00CB,875
166730,54.6875,111.125,-50.25,#FF00DC,875
166731,54.75,-128.0,21.25,#00A85A,876
166732,54.75,-128.0,27.875,#00A84E,876
166733,54.75,-122.5,32.125,#00A746,876
166734,54.75,-122.375,25.5,#00A753,876
166977,54.75,20.0,48.75,#B6742C,876
166979,54.75,20.375,75.625,#BA7300,876
167002,54.75,40.75,59.875,#D36211,876
167018,54.75,59.375,-35.375,#C855C1,876
167022,54.75,62.875,-28.75,#D24FB6,876
167025,54.75,64.75,-41.625,#CB4FCC,876
167029,54.75,74.25,-60.5,#C944EE,876
167031,54.75,78.0,-5.5,#F32A8F,876
167046,54.8125,-70.875,52.0,#009C17,877
167127,54.8125,-19.875,75.0,#808A00,877
167221,54.8125,4.375,-39.0,#5884C6,877
167306,54.8125,44.625,-40.25,#AC67C9,877
167336,54.8125,75.5,-44.75,#D93DD2,877
167341,54.8125,93.375,-47.5,#F100D7,877
167342,54.8125,97.875,20.75,#FF0065,877
167346,54.8125,105.125,-67.875,#F200FC,877
167552,54.875,7.625,59.875,#A87C04,878
167686,54.875,55.125,61.375,#E65211,878
167687,54.875,55.75,-30.5,#C759B9,878
167688,54.875,56.5,-8.5,#D55594,878
167698,54.875,63.0,40.625,#ED4741,878
167829,54.9375,-11.25,40.25,#87873B,879
167837,54.9375,-9.875,62.25,#8E8600,879
167942,54.9375,6.25,48.625,#A47E2B,879
168174,54.9375,76.0,-30.125,#E438B9,879
168204,55.0,-116.75,23.0,#00A758,880
168211,55.0,-93.25,-30.375,#00A6B6,880
168243,55.0,-35.25,0.875,#219481,880
168457,55.0,17.75,-75.875,#0082FF,880
168550,55.0,35.5,-51.875,#8E71DE,880
168578,55.0,46.0,-55.75,#9D69E5,880
168604,55.0,53.75,40.625,#E25540,880
168711,55.0625,-98.625,-27.0,#00A7B1,881
168712,55.0625,-96.75,61.75,#00A300,881
168753,55.0625,-27.0,20.5,#5E8F5F,881
168779,55.0625,-16.75,-28.125,#1E8EB4,881
168825,55.0625,-4.375,0.625,#7C8683,881
168966,55.0625,17.25,54.375,#B5771E,881
169132,55.0625,75.375,85.75,#FF2900,881
169135,55.0625,76.75,70.375,#FF2400,881
169150,55.0625,101.5,-31.875,#FF00BD,881
169159,55.125,-93.125,42.75,#00A231,882
169188,55.125,-23.5,14.625,#618E6A,882
169206,55.125,-13.625,-13.25,#578C9A,882
169347,55.125,16.125,-52.125,#5E80DF,882
169503,55.125,75.375,0.875,#F33285,882
169513,55.125,82.25,-69.375,#CD38FF,882
169515,55.125,82.625,29.375,#FF0857,882
169520,55.125,85.875,-3.0,#FF008C,882
169542,55.1875,-106.25,21.25,#00A65C,883
169546,55.1875,-66.875,11.0,#009E6F,883
169556,55.1875,-46.625,18.625,#089762,883
169560,55.1875,-42.875,11.375,#0E966F,883
169784,55.25,-111.125,73.125,#00A600,884
169893,55.25,11.875,-40.25,#6C81CA,884
169921,55.25,25.375,-43.375,#8679D0,884
169928,55.25,31.5,-59.0,#7976EB,884
170012,55.25,81.25,-23.125,#F127AE,884
170047,55.3125,-24.0,42.375,#728E36,885
170130,55.3125,22.0,-48.625,#767CD9,885
170170,55.3125,50.625,31.75,#DD5A50,885
170212,55.375,-122.625,46.625,#00A826,886
170220,55.375,-48.5,7.75,#009976,886
170221,55.375,-47.125,68.125,#499700,886
170256,55.375,2.25,-7.0,#838491,886
170336,55.375,65.25,64.5,#F4430B,886
170380,55.4375,-14.875,23.125,#7A8B5C,887
170388,55.4375,-7.125,-68.0,#0090FC,887
170410,55.4375,4.125,-46.0,#4687D4,887
170422,55.4375,8.75,39.75,#A77E3F,887
170428,55.4375,11.875,-73.875,#0087FF,887
170502,55.5,-128.0,5.25,#00AB79,888
170504,55.5,-128.0,74.125,#00A900,888
170507,55.5,-121.5,0.0,#00AA82,888
170509,55.5,-120.5,78.625,#00A800,888
170513,55.5,-113.5,5.0,#00A97A,888
170560,55.5,-93.125,8.5,#00A574,888
170582,55.5,-84.625,43.125,#00A231,888
170599,55.5,-78.0,65.5,#00A000,888
170622,55.5,-67.375,-23.625,#00A1AC,888
170623,55.5,-67.0,58.5,#009D00,888
170634,55.5,-59.875,47.625,#009B28,888
170640,55.5,-57.25,29.875,#009B4E,888
170688,55.5,-43.875,-60.0,#009DED,888
170725,55.5,-32.5,-57.25,#0099E8,888
170740,55.5,-29.625,-68.25,#0099FC,888
170799,55.5,-19.625,-66.5,#0095F9,888
170813,55.5,-16.0,-75.0,#0095FF,888
170823,55.5,-12.625,-43.125,#008FCF,888
170870,55.5,7.625,74.75,#AB7E00,888
170910,55.5,33.125,94.875,#CE6B00,888
170912,55.5,33.75,39.25,#C96B42,888
170916,55.5,38.625,1.375,#C36984,888
170927,55.5,48.375,95.125,#E25B00,888
170931,55.5,55.25,-19.0,#D05AA7,888
170937,55.5,59.875,16.0,#E54F6C,888
171080,55.5625,-48.375,-14.625,#009B9D,889
171182,55.5625,-14.25,95.0,#8D8A00,889
171197,55.5625,-7.875,14.375,#81886C,889
171215,55.5625,-3.625,68.75,#9B8400,889
171227,55.5625,-1.625,95.0,#A08300,889
171237,55.5625,4.125,-13.125,#81849C,889
171270,55.5625,34.625,-28.875,#A970B8,889
171277,55.5625,46.75,81.375,#DF5D00,889
171282,55.5625,52.625,-75.25,#8D68FF,889
171290,55.5625,66.0,94.75,#F74100,889
171292,55.5625,69.375,-31.25,#DC47BD,889
171294,55.5625,73.625,-72.5,#BC4CFF,889
171363,55.625,-84.25,36.25,#00A241,890
171452,55.625,-52.5,22.0,#009A5D,890
171468,55.625,-46.25,-49.75,#009DDB,890
171647,55.625,8.375,-57.875,#2687EA,890
171698,55.625,90.875,28.875,#FF0059,890
171798,55.6875,-76.125,11.0,#00A170,891
171803,55.6875,-75.125,-37.125,#00A4C4,891
171833,55.6875,-60.125,21.875,#009D5D,891
171837,55.6875,-58.125,-50.75,#00A1DD,891
171845,55.6875,-55.0,-4.875,#009C8C,891
171855,55.6875,-50.75,-32.875,#009DBD,891
171866,55.6875,-43.125,44.625,#499631,891
171875,55.6875,-38.625,48.625,#579528,891
171881,55.6875,-36.75,-64.125,#009CF5,891
171907,55.6875,-29.5,-35.75,#0096C3,891
171929,55.6875,-23.75,-38.5,#0094C8,891
171998,55.6875,-1.5,5.5,#87867C,891
172047,55.6875,40.625,-66.625,#8272FB,891
172065,55.6875,62.75,-13.0,#DE4F9E,891
172080,55.75,-128.0,65.25,#00AA00,892
172117,55.75,-52.875,-45.375,#009FD3,892
172134,55.75,-43.25,-43.0,#009CCF,892
172153,55.75,-34.25,80.0,#6A9300,892
172323,55.75,30.25,78.625,#CB6E00,892
172374,55.75,99.75,-46.625,#FE00D9,892
172414,55.8125,-52.375,34.875,#139A45,893
172440,55.8125,-40.375,-29.0,#009AB7,893
172768,55.875,-94.625,76.5,#00A400,894
172769,55.875,-83.25,-0.25,#00A484,894
173095,55.875,39.0,44.75,#D26739,894
173242,55.9375,-17.875,-58.25,#0094EB,895
173534,55.9375,47.625,-33.625,#BB66C1,895
173583,55.9375,88.5,-43.875,#F015D4,895
174054,56.0,70.375,-53.125,#CE4DE4,896
174076,56.0,86.625,-14.25,#FE08A2,896
174142,56.0625,-19.0,33.625,#798E4A,897
174569,56.125,-50.125,84.125,#479900,898
174969,56.1875,-123.0,70.75,#00AA00,899
174970,56.1875,-110.5,17.125,#00AA66,899
175358,56.25,-98.125,53.0,#00A615,900
175362,56.25,-72.625,-28.875,#00A4B7,900
175368,56.25,-58.0,-31.125,#00A1BC,900
175372,56.25,-56.125,41.25,#009C39,900
175398,56.25,-24.75,-4.625,#47938E,900
175625,56.25,68.375,83.875,#FC3F00,900
175663,56.3125,-111.375,26.5,#00AA55,901
175664,56.3125,-103.0,56.75,#00A800,901
175677,56.3125,-44.875,34.125,#3C9948,901
175679,56.3125,-40.5,38.75,#4E973F,901
175707,56.3125,-12.375,33.875,#868C4B,901
175791,56.3125,14.125,65.0,#B67C00,901
175799,56.3125,18.875,-24.375,#937EB1,901
175933,56.3125,98.875,1.5,#FF0089,901
175956,56.375,-34.25,25.125,#53965A,902
175974,56.375,-8.125,75.0,#978900,902
176130,56.4375,-128.0,56.875,#00AC00,903
176131,56.4375,-117.5,50.75,#00AB1D,903
176136,56.4375,-66.625,-43.875,#00A5D3,903
176139,56.4375,-56.625,-37.25,#00A1C7,903
176150,56.4375,-23.625,-52.875,#0097E3,903
176281,56.4375,77.375,19.375,#FF2E6A,903
176296,56.5,-92.375,32.0,#00A74B,904
176301,56.5,-60.25,-20.75,#00A1AA,904
176320,56.5,1.25,-66.25,#008EFC,904
176344,56.5,20.25,-32.75,#8D7EC1,904
176347,56.5,22.125,16.375,#B5786C,904
176348,56.5,22.25,-5.875,#A97A92,904
176421,56.5625,-109.5,-1.5,#00AB88,905
176425,56.5625,-107.375,-12.5,#00AC9B,905
176446,56.5625,-99.75,17.0,#00A967,905
176452,56.5625,-97.75,37.375,#00A840,905
176470,56.5625,-92.0,21.375,#00A75F,905
176476,56.5625,-90.25,3.25,#00A780,905
176503,56.5625,-80.25,-11.75,#00A69A,905
176553,56.5625,-61.125,69.5,#0F9E00,905
176593,56.5625,-46.125,55.75,#4A9A12,905
176617,56.5625,-38.125,-4.875,#00998F,905
176654,56.5625,-30.0,39.125,#689440,905
176665,56.5625,-28.625,50.75,#709325,905
176752,56.5625,-13.875,85.75,#908C00,905
176764,56.5625,-6.75,-58.5,#0091EE,905
176765,56.5625,-6.625,-17.625,#668CA6,905
176785,56.5625,-2.75,54.5,#9C871E,905
176805,56.5625,9.25,-11.875,#8E839C,905
176806,56.5625,10.375,96.75,#B47F00,905
176807,56.5625,12.375,-25.75,#8683B4,905
176816,56.5625,16.5,96.75,#BC7A00,905
176817,56.5625,18.25,28.625,#B47B57,905
176823,56.5625,26.0,86.375,#C87300,905
176826,56.5625,29.5,5.625,#BB747F,905
176831,56.5625,40.625,12.5,#CE6974,905
176834,56.5625,50.625,21.0,#DE5E66,905
176837,56.5625,61.25,-53.25,#C05BE6,905
176840,56.5625,69.5,75.375,#FE3E00,905
176944,56.625,-58.875,54.875,#0C9E14,906
177016,56.625,-29.625,6.0,#4A957D,906
177081,56.625,-8.25,-74.25,#0094FF,906
177085,56.625,-7.25,96.875,#9B8900,906
177109,56.625,-1.25,-55.0,#008EE8,906
177134,56.625,48.0,38.375,#DF6048,906
177137,56.625,53.625,-3.5,#D95D90,906
177138,56.625,54.75,51.75,#EA572F,906
177153,56.6875,-128.0,35.625,#00AD43,907
177169,56.6875,-117.0,30.375,#00AC4E,907
177221,56.6875,-80.125,55.375,#00A40E,907
177376,56.6875,-21.0,24.375,#72915D,907
177435,56.6875,-3.125,-33.0,#548CC1,907
177449,56.6875,1.625,85.25,#A78400,907
177471,56.6875,34.125,-16.375,#B572A5,907
177479,56.6875,60.5,-2.625,#E3548F,907
177480,56.6875,60.875,-59.875,#B85EF2,907
177486,56.6875,76.125,33.875,#FF3152,907
177488,56.6875,77.75,45.75,#FF2B3E,907
177520,56.75,-83.75,6.25,#00A67B,908
177534,56.75,-73.0,69.75,#00A200,908
177727,56.75,20.75,89.375,#C27800,908
177735,56.75,25.0,0.5,#B27888,908
177745,56.75,39.375,-56.125,#9473EB,908
177748,56.75,40.375,85.25,#DB6700,908
177757,56.75,60.0,94.0,#F44F00,908
177916,56.8125,-6.875,83.125,#9B8900,909
178002,56.8125,12.5,15.5,#A7806E,909
178049,56.8125,36.875,34.25,#D06C4F,909
178058,56.8125,47.25,66.5,#E36000,909
178262,56.875,-2.5,-23.875,#688CB2,910
178330,56.875,12.875,79.375,#B77E00,910
178366,56.875,23.375,8.625,#B4797A,910
178381,56.875,29.75,-22.125,#AA77AF,910
178415,56.875,51.875,-26.375,#CA63B7,910
178457,56.875,85.375,37.375,#FF004E,910
178531,56.9375,-22.0,57.625,#7F9110,911
178805,56.9375,50.375,-67.75,#9A6CFF,911
178849,56.9375,73.625,53.125,#FF3730,911
178995,57.0,-5.75,-39.25,#378FCD,912
179011,57.0,-2.75,-12.625,#778B9E,912
179037,57.0,1.625,-19.125,#7989AA,912
179255,57.0,49.875,-47.75,#B469DD,912
179322,57.0,82.875,57.5,#FF1329,912
179340,57.0625,-122.625,40.125,#00AD3B,913
179372,57.0625,-36.125,65.0,#679700,913
179374,57.0625,-32.75,44.75,#669635,913
179421,57.0625,-10.875,-22.875,#5290B0,913
179449,57.0625,-6.625,31.5,#908B51,913
179471,57.0625,-2.25,76.75,#A28700,913
179584,57.0625,14.125,-66.0,#1F88FD,913
179647,57.0625,24.0,97.75,#C87600,913
179664,57.0625,27.75,47.625,#C87435,913
179705,57.0625,38.375,97.75,#DA6A00,913
179719,57.0625,41.75,52.5,#DB672C,913
179755,57.0625,55.125,97.75,#EF5700,913
179833,57.125,-59.375,11.75,#00A173,914
179844,57.125,-44.375,82.5,#589A00,914
179878,57.125,-21.625,-15.75,#3C95A4,914
180121,57.125,27.75,-14.375,#AE78A3,914
180198,57.125,50.875,7.75,#DB607E,914
180221,57.125,60.75,59.875,#F4501E,914
180435,57.1875,5.5,-24.5,#7B88B4,915
180538,57.1875,28.125,56.125,#CA7421,915
180672,57.1875,81.75,14.25,#FF2375,915
180694,57.25,-74.125,58.25,#00A400,916
180764,57.25,-1.5,-2.25,#858A8D,916
180777,57.25,0.375,-74.25,#0091FF,916
180955,57.25,45.0,74.0,#E26400,916
181019,57.25,82.25,-60.0,#DE3BF4,916
181025,57.25,88.0,45.25,#FF0041,916
181031,57.25,95.125,13.625,#FF0077,916
181033,57.25,96.5,-58.25,#F500F1,916
181184,57.3125,14.0,-16.25,#9583A6,917
181187,57.3125,16.25,10.25,#AB7F78,917
181247,57.3125,36.625,18.75,#CD6F6B,917
181252,57.3125,37.875,25.25,#D06D60,917
181357,57.375,-75.25,47.375,#00A52C,918
181359,57.375,-60.125,-7.5,#00A395,918
181369,57.375,-20.75,3.75,#629483,918
181577,57.4375,-55.0,66.75,#359F00,919
181591,57.4375,-14.375,2.125,#6F9186,919
181611,57.4375,-1.75,-47.625,#268FDD,919
181613,57.4375,-0.5,11.75,#918976,919
181731,57.4375,86.125,23.625,#FF0366,919
181781,57.5,-116.625,83.25,#00AD00,920
181802,57.5,-107.5,50.375,#00AC22,920
181805,57.5,-106.75,32.125,#00AC4D,920
181821,57.5,-101.125,6.875,#00AC7C,920
181865,57.5,-87.75,28.0,#00A855,920
181875,57.5,-83.75,72.125,#00A700,920
181886,57.5,-77.875,23.5,#00A65E,920
181899,57.5,-72.0,-4.625,#00A690,920
181908,57.5,-67.875,2.75,#00A583,920
181910,57.5,-67.25,-36.625,#00A7C9,920
181919,57.5,-61.875,82.875,#1CA100,920
181924,57.5,-58.5,2.625,#00A284,920
181952,57.5,-36.375,71.0,#699800,920
181977,57.5,-19.625,69.0,#879100,920
181978,57.5,-16.5,51.0,#889029,920
181981,57.5,-14.25,65.75,#8F8F00,920
181984,57.5,-11.125,46.375,#908E34,920
181987,57.5,-5.5,6.625,#858D7E,920
181992,57.5,-0.5,37.75,#9E8847,920
181994,57.5,1.875,44.875,#A48739,920
181998,57.5,4.0,32.875,#A38650,920
181999,57.5,4.5,0.25,#92878A,920
182001,57.5,6.375,-5.875,#918794,920
182003,57.5,7.375,16.375,#A1856E,920
182010,57.5,15.5,-45.875,#7185DA,920
182022,57.5,30.875,69.375,#D07200,920
182028,57.5,39.625,-6.0,#C66E96,920
182030,57.5,44.75,-27.875,#BF6CBB,920
182032,57.5,46.0,-9.75,#CD689C,920
182040,57.5,55.0,74.625,#EF5900,920
182046,57.5,61.75,78.875,#F84F00,920
182048,57.5,68.125,-70.5,#BA59FF,920
182050,57.5,70.25,-25.0,#E74BB7,920
182052,57.5,73.0,25.25,#FF3D63,920
182053,57.5,74.625,96.75,#FF3500,920
182056,57.5,78.125,7.0,#FF3381,920
182061,57.5,83.625,2.75,#FF2089,920
182072,57.5,99.25,-17.375,#FF00AB,920
182079,57.5625,-105.125,65.25,#00AB00,921
182122,57.5625,-64.75,43.375,#00A237,921
182130,57.5625,-54.875,50.25,#289F27,921
182151,57.5625,-38.875,-12.375,#009D9F,921
182222,57.625,-128.0,13.125,#00B170,922
182227,57.625,-117.75,65.375,#00AE00,922
182421,57.625,-9.625,20.0,#878E67,922
182445,57.625,11.375,53.375,#B48127,922
182464,57.625,105.375,-48.0,#FF00E1,922
182469,57.6875,-117.75,57.125,#00AE01,923
182498,57.6875,-90.625,-24.375,#00ACB3,923
182590,57.6875,-45.875,-0.5,#009F8A,923
182731,57.6875,27.75,-55.0,#7F7FEB,923
182742,57.6875,66.375,11.75,#F34C79,923
182745,57.6875,87.625,7.75,#FF0081,923
182783,57.75,-96.5,-21.375,#00AEAE,924
182801,57.75,-79.75,29.25,#00A754,924
183016,57.75,51.5,87.875,#EC5E00,924
183017,57.75,74.375,-9.25,#F6409D,924
183052,57.8125,-107.25,42.75,#00AD37,925
183126,57.8125,-44.25,-9.0,#009F99,925
183143,57.8125,-36.125,-38.25,#009ECD,925
183180,57.8125,-23.875,-44.125,#009AD7,925
183282,57.8125,6.5,65.0,#AF8400,925
183298,57.8125,17.25,22.5,#B47F65,925
183348,57.8125,111.75,-58.5,#FF00F4,925
183351,57.875,-122.875,60.375,#00AF00,926
183374,57.875,-62.5,-27.5,#00A6BA,926
183413,57.875,-42.25,21.75,#3A9D63,926
183573,57.875,1.75,4.625,#928A83,926
183652,57.875,28.25,-66.625,#6681FF,926
183665,57.875,35.375,-44.5,#A078D9,926
184059,57.9375,56.75,83.25,#F35700,927
184082,57.9375,69.25,-39.25,#DD51D1,927
184119,58.0,-112.75,61.875,#00AE00,928
184345,58.0,11.25,21.25,#AB8367,928
184476,58.0,41.25,66.5,#DF6A00,928
184483,58.0,45.375,88.75,#E66500,928
184790,58.0625,11.75,44.25,#B4823C,929
184792,58.0625,12.0,-32.0,#8187C3,929
184888,58.0625,31.75,-36.25,#A37ACB,929
184993,58.0625,69.5,38.5,#FF454D,929
185024,58.125,-122.25,17.25,#00B16A,930
185026,58.125,-97.625,68.125,#00AC00,930
185027,58.125,-88.125,67.875,#00AA00,930
185032,58.125,-58.0,35.25,#00A24A,930
185059,58.125,-36.375,55.75,#669A1A,930
185098,58.125,-15.25,17.625,#7C926C,930
185542,58.125,79.625,25.125,#FF2E65,930
185753,58.1875,7.625,90.0,#B48400,931
186007,58.1875,62.125,-23.875,#DE59B7,931
186022,58.1875,68.875,-15.75,#ED4DA9,931
186049,58.1875,81.625,-11.75,#FF30A3,931
186076,58.1875,109.125,-36.125,#FF00CE,931
186078,58.25,-72.25,30.375,#00A753,932
186113,58.25,-25.375,72.125,#809600,932
186136,58.25,-13.75,-35.0,#1B96C9,932
186367,58.25,27.125,74.125,#CE7700,932
186537,58.25,85.125,65.5,#FF0A19,932
186558,58.3125,-83.875,81.375,#00A900,933
186574,58.3125,-55.5,78.75,#3CA100,933
186580,58.3125,-52.0,61.625,#40A000,933
186721,58.3125,9.5,0.5,#9D878C,933
186951,58.375,-73.25,6.375,#00A87F,934
186952,58.375,-59.25,-15.0,#00A6A5,934
186958,58.375,-53.25,-25.375,#00A5B7,934
186959,58.375,-52.0,3.875,#00A284,934
186966,58.375,-43.625,5.875,#009F81,934
186968,58.375,-41.625,75.375,#619D00,934
186976,58.375,-32.75,-24.25,#009DB6,934
186978,58.375,-29.875,-41.125,#009ED4,934
187002,58.375,-11.875,-3.625,#719392,934
187053,58.375,6.125,6.75,#9C8881,934
187197,58.375,61.625,34.5,#F55454,934
187239,58.375,87.625,-52.25,#F02DEA,934
187248,58.4375,-67.125,25.375,#00A65D,935
187276,58.4375,-12.875,58.375,#939115,935
187298,58.4375,0.5,27.0,#9E8B5D,935
187345,58.4375,20.5,-41.875,#8684D6,935
187440,58.4375,93.125,21.5,#FF006D,935
187445,58.5,-128.0,-4.75,#00B492,936
187449,58.5,-98.875,-3.5,#00AF91,936
187451,58.5,-75.75,-16.5,#00ABA8,936
187456,58.5,-53.125,-18.75,#00A4AC,936
187463,58.5,-32.125,-30.625,#009EC1,936
187492,58.5,4.25,70.625,#AF8700,936
187527,58.5,26.25,21.5,#C27A68,936
187549,58.5,44.875,46.25,#E2683D,936
187589,58.5,104.25,-26.125,#FF00BD,936
187597,58.5625,-120.25,-12.0,#00B49F,937
187600,58.5625,-116.375,15.875,#00B26E,937
187606,58.5625,-111.25,11.125,#00B176,937
187609,58.5625,-109.125,88.75,#00AF00,937
187615,58.5625,-107.375,77.25,#00AF00,937
187626,58.5625,-100.5,90.875,#00AD00,937
187648,58.5625,-92.0,92.25,#00AB00,937
187652,58.5625,-91.125,-11.625,#00AE9F,937
187666,58.5625,-86.875,51.5,#00AB23,937
187671,58.5625,-84.875,-7.0,#00AC97,937
187674,58.5625,-83.875,93.375,#00AA00,937
187698,58.5625,-76.375,94.625,#00A800,937
187703,58.5625,-75.5,16.375,#00A96E,937
187718,58.5625,-69.375,95.75,#00A600,937
187727,58.5625,-68.0,66.375,#00A600,937
187738,58.5625,-64.875,75.625,#00A500,937
187742,58.5625,-62.75,96.75,#23A400,937
187756,58.5625,-56.625,97.875,#3EA200,937
187763,58.5625,-53.25,15.0,#00A371,937
187770,58.5625,-49.125,-40.75,#00A5D3,937
187775,58.5625,-48.0,99.125,#579F00,937
187795,58.5625,-39.75,99.5,#699C00,937
187802,58.5625,-36.625,14.125,#459D73,937
187805,58.5625,-35.5,-18.875,#009EAD,937
187814,58.5625,-32.375,32.875,#649A51,937
187818,58.5625,-32.0,18.375,#589B6C,937
187824,58.5625,-29.75,99.625,#7C9800,937
187834,58.5625,-26.5,-11.375,#379AA0,937
187845,58.5625,-22.875,99.75,#889500,937
187848,58.5625,-21.75,9.75,#69977B,937
187850,58.5625,-21.625,-30.375,#009AC1,937
187864,58.5625,-17.5,-22.125,#4097B3,937
187872,58.5625,-16.375,99.75,#939200,937
187874,58.5625,-13.875,77.125,#959100,937
187875,58.5625,-13.0,-48.625,#0098E2,937
187876,58.5625,-12.375,-63.875,#009AFD,937
187878,58.5625,-10.0,26.125,#8C915F,937
187881,58.5625,-8.125,-11.875,#7092A1,937
187901,58.5625,3.75,55.625,#AC8822,937
187904,58.5625,4.0,100.0,#B18800,937
187907,58.5625,7.5,-51.75,#4B8EE8,937
187916,58.5625,12.625,85.375,#BC8200,937
187920,58.5625,28.75,30.875,#C97858,937
187924,58.5625,36.625,77.5,#DC7000,937
187927,58.5625,41.375,-16.625,#C571AB,937
187931,58.5625,56.75,-39.625,#CC64D3,937
187933,58.5625,65.5,19.125,#F74F6F,937
187934,58.5625,69.75,1.0,#F64A8E,937
187936,58.5625,76.0,-67.25,#D04FFF,937
187937,58.5625,77.0,60.5,#FF3424,937
187938,58.5625,81.875,-28.25,#F936C0,937
187940,58.5625,92.75,-24.75,#FF00BB,937
188018,58.625,-85.875,-33.5,#00AFC6,938
188022,58.625,-83.25,-26.375,#00AEB9,938
188071,58.625,-34.75,94.25,#739B00,938
188100,58.625,-23.375,84.5,#869600,938
188140,58.625,6.625,26.625,#A8885F,938
188146,58.625,17.125,34.875,#BA8050,938
188152,58.625,32.0,24.375,#CC7664,938
188153,58.625,33.625,-7.0,#C0779A,938
188158,58.625,41.0,39.125,#DC6D4A,938
188160,58.625,43.75,100.375,#E66900,938
188164,58.625,49.25,-17.625,#D169AD,938
188165,58.625,53.0,67.625,#F05E02,938
188166,58.625,54.625,-13.5,#DB62A6,938
188169,58.625,57.875,-45.625,#C864DE,938
188171,58.625,71.625,64.125,#FF411A,938
188173,58.625,94.0,-41.125,#FF00D7,938
188189,58.6875,-96.25,86.625,#00AD00,939
188190,58.6875,-95.875,27.625,#00AE59,939
188315,58.6875,-28.375,-49.625,#009FE4,939
188368,58.6875,3.25,79.625,#AF8800,939
188371,58.6875,13.375,-5.75,#A08698,939
188376,58.6875,20.5,70.875,#C67D00,939
188381,58.6875,30.625,16.625,#C77772,939
188383,58.6875,44.625,2.0,#D56C8B,939
188384,58.6875,52.5,13.375,#E46278,939
188390,58.6875,57.375,44.75,#F35A42,939
188392,58.6875,61.0,24.25,#F35666,939
188393,58.6875,63.25,100.375,#FF5000,939
188395,58.6875,69.125,57.0,#FF462B,939
188401,58.6875,78.0,-18.25,#F93DAF,939
188405,58.6875,91.25,-5.375,#FF009A,939
188406,58.6875,108.125,-64.125,#FF00FF,939
188432,58.75,-86.375,-15.375,#00AEA6,940
188468,58.75,-66.75,50.125,#00A62A,940
188531,58.75,-32.625,-13.125,#009DA3,940
188621,58.75,16.875,59.375,#C0801A,940
188622,58.75,18.25,-9.75,#A6839F,940
188623,58.75,18.375,-1.375,#AC8290,940
188627,58.75,27.0,-48.0,#8C81E2,940
188630,58.75,30.625,99.625,#D67500,940
188634,58.75,35.125,57.875,#D87222,940
188639,58.75,66.25,46.375,#FE4C40,940
188640,58.75,67.0,89.375,#FF4A00,940
188641,58.75,78.75,40.125,#FF314D,940
188642,58.75,101.5,-61.5,#FE00FC,940
188657,58.8125,-105.375,26.375,#00B05B,941
188838,58.8125,-10.25,52.5,#969129,941
188852,58.8125,-4.625,-6.25,#7F9098,941
188863,58.8125,-2.375,100.5,#A98C00,941
188911,58.8125,63.125,-67.25,#B963FF,941
188916,58.8125,91.25,-64.375,#EC29FF,941
188931,58.875,-112.375,46.75,#00B130,942
189005,58.875,-50.75,45.125,#3AA237,942
189047,58.875,-30.25,85.25,#7B9900,942
189178,58.875,22.25,-68.0,#4F88FF,942
189186,58.875,36.625,-21.375,#BB76B4,942
189190,58.875,48.75,27.125,#E46661,942
189191,58.875,50.75,-57.375,#AF6EF3,942
189195,58.875,54.625,-52.375,#BC69EB,942
189198,58.875,64.375,70.5,#FF4F00,942
189204,58.875,93.25,-34.25,#FF00CC,942
189205,58.875,97.375,-29.0,#FF00C3,942
189232,58.9375,-115.0,-1.0,#00B38D,943
189240,58.9375,-104.625,84.625,#00AF00,943
189257,58.9375,-68.75,85.125,#00A700,943
189349,58.9375,-25.625,90.125,#849800,943
189363,58.9375,-19.25,90.5,#8E9500,943
189461,58.9375,25.125,79.875,#CE7A00,943
189475,58.9375,33.875,0.0,#C5778F,943
189490,58.9375,49.875,55.25,#EC632C,943
189511,58.9375,93.375,4.875,#FF0089,943
189512,59.0,-122.75,52.875,#00B31D,944
189518,59.0,-106.25,4.125,#00B284,944
189633,59.0,-15.5,8.0,#769580,944
189798,59.0,23.125,43.5,#C67D41,944
189828,59.0,36.125,8.5,#CD7481,944
189864,59.0,64.125,-45.875,#D35DE0,944
189882,59.0625,-124.875,80.75,#00B300,945
189883,59.0625,-117.375,42.25,#00B23B,945
189921,59.0625,-39.125,31.75,#539E54,945
190180,59.0625,25.625,-27.75,#A480BF,945
190193,59.0625,28.5,62.0,#D17815,945
190329,59.125,-28.875,25.0,#689B61,946
190580,59.125,23.0,53.125,#C87D2D,946
190628,59.125,34.125,46.5,#D6743D,946
190699,59.125,60.625,2.875,#ED5A8C,946
190749,59.1875,-87.875,87.875,#00AC00,947
190750,59.1875,-75.75,84.125,#00A900,947
190769,59.1875,-45.375,-28.875,#00A5C0,947
190794,59.1875,-30.0,-4.375,#3C9D95,947
190798,59.1875,-27.875,63.625,#7C9A00,947
191034,59.1875,23.875,-59.875,#6F86F8,947
191080,59.1875,35.0,90.5,#DC7300,947
191174,59.1875,78.875,-47.125,#EA45E3,947
191185,59.25,-114.0,-16.25,#00B5A9,948
191652,59.25,100.125,-51.5,#FF00EB,948
191720,59.3125,-12.25,-17.375,#5F96AD,949
191797,59.3125,3.375,-57.75,#0393F5,949
192368,59.375,55.625,57.375,#F55E29,950
192444,59.4375,-67.5,-12.125,#00ABA3,951
192708,59.5,-128.0,41.375,#00B53E,952
192709,59.5,-117.125,35.875,#00B44A,952
192711,59.5,-111.875,-7.375,#00B59A,952
192713,59.5,-108.25,70.0,#00B200,952
192717,59.5,-93.875,58.75,#00AF05,952
192722,59.5,-90.375,-4.75,#00B095,952
192729,59.5,-82.25,18.5,#00AD6C,952
192731,59.5,-81.25,60.875,#00AC00,952
192738,59.5,-78.25,-33.25,#00AFC8,952
192740,59.5,-76.5,-24.375,#00AEB8,952
192743,59.5,-75.5,77.75,#00AA00,952
192747,59.5,-73.0,42.0,#00AA3F,952
192752,59.5,-68.125,35.125,#00A94D,952
192753,59.5,-67.125,17.875,#00A96E,952
192774,59.5,-54.125,-54.5,#00ABEE,952
192781,59.5,-50.625,29.125,#24A459,952
192782,59.5,-50.375,-5.625,#00A598,952
192796,59.5,-46.125,49.0,#4EA230,952
192807,59.5,-40.25,-53.5,#00A6ED,952
192808,59.5,-40.125,0.625,#03A18D,952
192815,59.5,-37.0,5.75,#36A084,952
192820,59.5,-34.625,-47.75,#00A3E3,952
192834,59.5,-26.75,-60.75,#00A2FA,952
192847,59.5,-17.75,-42.0,#009CD9,952
192848,59.5,-17.0,-10.375,#5E99A1,952
192858,59.5,-7.625,-45.75,#0097DF,952
192859,59.5,-5.75,64.625,#A29000,952
192862,59.5,-1.375,59.875,#A88D16,952
192865,59.5,0.875,-12.75,#8590A5,952
192870,59.5,4.375,-31.5,#748FC6,952
192873,59.5,7.125,-64.625,#0092FF,952
192874,59.5,7.875,-41.125,#6B8FD7,952
192877,59.5,10.0,-19.5,#908BB1,952
192885,59.5,18.25,-56.625,#668AF3,952
192897,59.5,27.375,91.75,#D37A00,952
192906,59.5,35.125,-64.0,#857FFF,952
192923,59.5,55.125,-63.25,#B26DFF,952
192926,59.5,60.125,9.375,#F05B82,952
192941,59.5,77.625,-36.75,#F046D1,952
192946,59.5,84.875,-19.375,#FF2EB4,952
192953,59.5,97.5,-3.875,#FF009A,952
193003,59.5625,-39.0,81.375,#6B9F00,953
193010,59.5625,-29.375,57.125,#799B1B,953
193049,59.5625,14.875,101.875,#C38300,953
193062,59.5625,29.125,39.625,#CF7A4B,953
193067,59.5625,34.125,83.5,#DC7400,953
193074,59.5625,42.0,-44.625,#B176DF,953
193076,59.5625,51.125,101.875,#F36300,953
193078,59.5625,53.25,-33.875,#CE69CC,953
193083,59.5625,59.5,-31.125,#DA62C7,953
193084,59.5625,72.5,10.125,#FF4781,953
193085,59.5625,76.25,75.75,#FF3900,953
193200,59.625,0.0,19.875,#9D8E6D,954
193219,59.625,25.625,-33.875,#9E82CB,954
193229,59.625,45.125,60.875,#E86A1F,954
193237,59.625,55.625,37.125,#F25F52,954
193241,59.625,65.75,-8.875,#F056A1,954
193243,59.625,72.5,80.75,#FF4200,954
193245,59.625,79.875,-1.625,#FF3896,954
193246,59.625,82.125,49.375,#FF293E,954
193323,59.6875,-70.75,12.125,#00AB78,955
193349,59.6875,-49.625,71.875,#50A300,955
193429,59.6875,-2.375,48.875,#A48F35,955
193458,59.6875,51.5,1.625,#E1678F,955
193470,59.6875,84.875,-66.0,#E340FF,955
193663,59.75,-9.0,102.125,#A29200,956
193664,59.75,-8.75,89.0,#A19200,956
193728,59.75,40.125,-36.625,#B677D1,956
193735,59.75,46.125,16.375,#E06C76,956
193741,59.75,55.0,27.25,#EF6163,956
193760,59.75,92.25,-15.5,#FF00AE,956
193762,59.75,96.875,-10.375,#FF00A5,956
193764,59.8125,-128.0,49.0,#00B62C,957
193774,59.8125,-102.625,-16.25,#00B4AA,957
193778,59.8125,-96.25,2.0,#00B28A,957
193905,59.8125,-19.0,42.25,#879842,957
193932,59.8125,-2.0,90.0,#AC8E00,957
193958,59.8125,23.75,27.25,#C57F61,957
193990,59.8125,67.0,31.25,#FF505D,957
193997,59.8125,89.0,13.5,#FF0A7D,957
194010,59.875,-92.875,38.625,#00B046,958
194015,59.875,-85.0,12.625,#00AF78,958
194127,59.875,-22.75,36.375,#7E9A4E,958
194135,59.875,-19.75,62.375,#8C9804,958
194221,59.875,42.125,93.625,#E86E00,958
194239,59.875,79.25,-55.5,#E549F4,958
194318,59.9375,-50.0,90.25,#54A400,959
194489,59.9375,17.375,50.625,#C38334,959
194491,59.9375,20.625,84.25,#CB8000,959
194510,59.9375,50.75,47.0,#EF6540,959
194515,59.9375,56.75,19.25,#F06072,959
194521,59.9375,59.125,67.0,#FC5A0F,959
194637,60.0,-42.25,-17.25,#00A5AE,960
194656,60.0,-33.875,50.625,#6E9E2F,960
194796,60.0,11.875,-60.125,#4490FB,960
194855,60.0,42.375,7.875,#D87185,960
194866,60.0,51.25,80.375,#F36400,960
194881,60.0,73.125,69.875,#FF4209,960
194919,60.0625,-102.0,74.5,#00B200,961
194923,60.0625,-96.0,13.875,#00B276,961
194926,60.0625,-79.75,43.375,#00AD3D,961
194928,60.0625,-78.5,-39.5,#00B2D5,961
194941,60.0625,-62.5,89.75,#29A800,961
194947,60.0625,-56.125,90.25,#43A600,961
194952,60.0625,-51.875,55.375,#42A51F,961
194961,60.0625,-48.5,22.875,#24A567,961
195014,60.0625,-26.125,30.25,#749C5A,961
195033,60.0625,-20.125,-4.25,#609B98,961
195249,60.0625,57.5,102.875,#FC5C00,961
195251,60.0625,61.125,52.0,#FD5837,961
195270,60.0625,72.125,-58.625,#D757FA,961
195289,60.125,-101.5,30.875,#00B356,962
195328,60.125,-43.75,60.0,#5CA20D,962
195380,60.125,-23.25,78.0,#8A9A00,962
195522,60.125,2.125,-38.0,#6393D4,962
195742,60.1875,-101.375,21.5,#00B368,963
195839,60.1875,-15.875,36.875,#8B974E,963
195896,60.1875,-8.0,-32.5,#4E98CA,963
196229,60.25,-128.0,20.75,#00B869,964
196230,60.25,-128.0,27.375,#00B85C,964
196231,60.25,-122.5,31.625,#00B754,964
196232,60.25,-122.375,25.0,#00B761,964
196233,60.25,-111.375,82.25,#00B400,964
196615,60.25,34.0,-53.5,#9780F0,964
196637,60.25,39.875,72.25,#E57100,964
196647,60.25,43.0,81.0,#EA6E00,964
196698,60.25,62.125,85.125,#FF5600,964
196711,60.25,69.125,100.125,#FF4A00,964
196738,60.25,87.125,30.625,#FF1761,964
196785,60.3125,-32.5,1.625,#42A18E,965
196797,60.3125,-26.0,-68.625,#00A5FF,965
197049,60.3125,16.5,91.75,#C78400,965
197248,60.3125,91.375,-47.5,#FF26E7,965
197255,60.375,-112.625,55.5,#00B519,966
197559,60.375,27.0,-41.375,#9A84DB,966
197666,60.375,57.375,-7.75,#E763A1,966
197736,60.4375,-93.25,45.625,#00B238,967
197865,60.4375,6.375,48.5,#B48C39,967
197891,60.4375,12.25,31.875,#B7895A,967
198107,60.4375,79.875,31.0,#FF3660,967
198131,60.5,-112.0,40.0,#00B644,968
198134,60.5,-105.625,12.0,#00B57A,968
198135,60.5,-102.125,41.125,#00B442,968
198136,60.5,-79.75,68.375,#00AE00,968
198153,60.5,-28.75,-17.375,#10A1B0,968
198182,60.5,-5.0,40.375,#A09349,968
198192,60.5,-1.375,2.5,#91928D,968
198419,60.5,92.5,-55.125,#FC27F5,968
198429,60.5625,-120.75,3.875,#00B988,969
198431,60.5625,-114.75,75.5,#00B600,969
198432,60.5625,-102.625,-9.75,#00B6A1,969
198439,60.5625,-92.25,-17.5,#00B5AF,969
198442,60.5625,-91.375,82.625,#00B100,969
198444,60.5625,-91.125,73.25,#00B100,969
198449,60.5625,-83.5,25.0,#00B063,969
198453,60.5625,-79.75,89.5,#00AE00,969
198456,60.5625,-77.5,-0.75,#00B091,969
198459,60.5625,-64.25,-1.0,#00AC92,969
198461,60.5625,-61.625,-40.375,#00AED8,969
198462,60.5625,-61.625,28.375,#00AA5D,969
198465,60.5625,-57.625,59.75,#31A80D,969
198468,60.5625,-47.875,39.75,#44A547,969
198472,60.5625,-44.375,-34.875,#00A8CE,969
198475,60.5625,-41.5,66.25,#65A300,969
198478,60.5625,-39.875,90.375,#6EA200,969
198483,60.5625,-33.625,-61.375,#00A7FE,969
198486,60.5625,-30.375,77.125,#7E9E00,969
198491,60.5625,-27.125,12.625,#649E7B,969
198493,60.5625,-26.0,-34.125,#00A1CD,969
198497,60.5625,-22.75,19.75,#759C6E,969
198498,60.5625,-20.875,-62.0,#00A2FF,969
198505,60.5625,-15.0,29.125,#8A985E,969
198506,60.5625,-12.125,-54.625,#009DF2,969
198509,60.5625,-6.125,1.625,#88958F,969
198511,60.5625,-5.0,21.25,#98946C,969
198513,60.5625,-4.0,-67.375,#009BFF,969
198522,60.5625,0.625,-5.625,#8E929C,969
198532,60.5625,11.625,7.125,#AB8B86,969
198536,60.5625,14.25,-40.0,#818DD9,969
198544,60.5625,22.375,-21.75,#A886B9,969
198550,60.5625,26.5,103.625,#D67D00,969
198557,60.5625,40.25,-60.875,#9A7DFE,969
198560,60.5625,41.75,29.5,#E17260,969
198567,60.5625,51.0,-40.5,#C770DA,969
198583,60.5625,71.875,-33.625,#ED53CF,969
198584,60.5625,72.5,48.375,#FF4641,969
198587,60.5625,74.25,86.625,#FF4100,969
198595,60.5625,82.625,-40.75,#F840DC,969
198598,60.5625,87.25,-36.5,#FF31D4,969
198603,60.5625,101.875,-41.375,#FF00DD,969
198619,60.625,-63.875,58.75,#00AA12,970
198666,60.625,33.25,52.25,#DB7934,970
198674,60.625,54.0,-21.875,#DB6ABA,970
198678,60.625,67.0,-21.0,#EE59B9,970
198776,60.6875,34.875,103.875,#E27600,971
198810,60.75,-97.25,-13.75,#00B6A9,972
198895,60.75,-27.75,46.5,#7B9E3B,972
198934,60.75,16.875,42.625,#C28647,972
198941,60.75,57.0,88.875,#FD5F00,972
199112,60.8125,7.0,37.75,#B38D50,973
199141,60.8125,80.875,71.625,#FF3109,973
199220,60.875,-53.875,9.0,#00A981,974
199381,60.9375,-86.5,57.0,#00B118,975
199426,60.9375,-49.875,-12.75,#00AAA8,975
199491,60.9375,-17.375,-67.625,#00A3FF,975
199536,60.9375,3.125,-47.5,#4F96E7,975
199543,60.9375,10.125,61.375,#BD8A19,975
199574,60.9375,52.625,93.25,#F96500,975
199594,61.0,-102.625,49.75,#00B52E,976
199838,61.0,73.25,104.625,#FF4400,976
199850,61.0625,-128.0,75.375,#00BA00,977
199893,61.0625,-66.25,-23.5,#00B0BB,977
199913,61.0625,-57.0,-3.0,#00AC97,977
199928,61.0625,-48.875,-50.0,#00ADEB,977
199929,61.0625,-47.25,79.0,#5DA600,977
200023,61.0625,-7.0,13.875,#91967B,977
200096,61.0625,18.625,-15.375,#A889AF,977
200115,61.0625,35.0,40.75,#DC794D,977
200195,61.125,-84.0,34.125,#00B253,978
200224,61.125,-60.25,51.125,#16AB2E,978
200368,61.125,-13.625,94.375,#9E9800,978
200480,61.125,15.5,-23.125,#9B8CBC,978
200516,61.125,35.125,-30.125,#B87EC9,978
200552,61.125,66.375,-27.875,#EB5CC6,978
201057,61.25,-87.625,7.375,#00B484,980
201060,61.25,-72.625,90.75,#00AE00,980
201068,61.25,-60.5,22.375,#00AC6A,980
201077,61.25,-55.25,-45.125,#00AFE3,980
201194,61.25,-10.0,-39.5,#2D9DD9,980
201556,61.25,63.5,-14.375,#EF5EAF,980
201600,61.3125,-128.0,66.5,#00BA00,981
202108,61.3125,108.125,-51.875,#FF00F2,981
202124,61.375,-60.25,44.5,#00AC3F,982
202137,61.375,-45.0,94.75,#66A600,982
202149,61.375,-36.625,-33.375,#00A8CE,982
202552,61.375,35.875,14.375,#D67A7D,982
202697,61.4375,-119.625,79.0,#00B900,983
202742,61.4375,-20.75,-47.75,#00A3E8,983
202783,61.4375,-9.125,7.75,#899986,983
203156,61.5,-128.0,3.0,#00BD8C,984
203159,61.5,-122.875,86.25,#00BA00,984
203166,61.5,-115.125,90.375,#00B900,984
203167,61.5,-111.625,30.5,#00B95A,984
203168,61.5,-111.5,20.875,#00B96C,984
203183,61.5,-78.125,11.5,#00B27E,984
203196,61.5,-58.375,73.125,#3AAB00,984
203201,61.5,-54.625,-32.875,#00AECD,984
203209,61.5,-48.0,-22.125,#00ABBA,984
203210,61.5,-46.75,12.5,#10A97D,984
203218,61.5,-38.0,41.75,#64A446,984
203222,61.5,-33.25,-53.5,#00A9F3,984
203234,61.5,-22.5,-25.0,#22A2C0,984
203238,61.5,-19.25,104.375,#979B00,984
203240,61.5,-18.625,55.125,#919C29,984
203246,61.5,-12.25,41.75,#979948,984
203251,61.5,-10.0,35.75,#999854,984
203255,61.5,-7.0,-25.0,#669AC0,984
203262,61.5,-3.875,-19.875,#7798B7,984
203278,61.5,3.5,13.0,#A4927E,984
203282,61.5,5.375,85.0,#BB8E00,984
203283,61.5,6.25,-13.125,#9492AC,984
203286,61.5,11.75,74.0,#C38A00,984
203299,61.5,22.0,3.5,#BC868F,984
203307,61.5,26.75,-8.75,#BC84A5,984
203309,61.5,31.625,-59.0,#8C86FE,984
203317,61.5,42.125,-21.875,#CB78BC,984
203319,61.5,43.625,-53.5,#AE7BF4,984
203348,61.5,66.0,62.875,#FF5423,984
203366,61.5,80.375,-23.0,#FF43BF,984
203372,61.5,85.625,-7.625,#FF31A5,984
203376,61.5,88.125,2.5,#FF2494,984
203396,61.5625,-62.375,37.5,#00AD4E,985
203402,61.5625,-25.0,4.625,#63A18C,985
203427,61.5625,13.375,67.875,#C58A00,985
203428,61.5625,14.875,-50.25,#7291EE,985
203431,61.5625,18.625,77.375,#CD8600,985
203459,61.5625,69.625,94.0,#FF4E00,985
203474,61.625,-105.625,-1.25,#00B995,986
203491,61.625,-4.125,-51.25,#009CEF,986
203515,61.625,31.5,76.625,#DF7C00,986
203540,61.625,73.5,-48.25,#E857EC,986
203543,61.625,78.625,90.75,#FF3A00,986
203570,61.6875,-58.375,-23.125,#00AFBC,987
203626,61.6875,59.875,74.625,#FF5E00,987
203628,61.6875,64.5,105.5,#FF5600,987
203633,61.6875,72.625,15.75,#FF4D7D,987
203662,61.75,-80.375,5.875,#00B489,988
203714,61.75,4.375,20.875,#AA9171,988
203746,61.75,82.75,-51.0,#F447F1,988
203776,61.8125,-76.25,-11.5,#00B4A8,989
203787,61.8125,-54.125,40.0,#2EAB4A,989
203855,61.8125,-3.875,-57.75,#009DFC,989
203864,61.8125,-1.0,73.25,#B19300,989
203865,61.8125,-0.875,105.5,#B49300,989
203882,61.8125,19.875,11.875,#BE8881,989
203913,61.8125,66.125,76.625,#FF5500,989
203927,61.875,-117.5,47.75,#00BB35,990
203973,61.875,-73.875,-29.25,#00B5C8,990
204106,61.875,31.375,-15.125,#C082B1,990
204124,61.875,63.25,95.125,#FF5900,990
204278,61.9375,-18.25,74.75,#979C00,991
204492,62.0,-31.125,8.25,#57A486,992
204553,62.0,-8.0,74.25,#A79700,992
204602,62.0,9.25,-47.125,#6995E9,992
204623,62.0,26.5,9.25,#C88487,992
204654,62.0,63.0,-35.375,#E365D6,992
204674,62.0,97.25,-20.875,#FF00BE,992
204751,62.0625,-43.125,17.5,#3CA975,993
204798,62.0625,-25.875,103.625,#8EA000,993
204877,62.0625,-1.125,-26.625,#7599C5,993
204954,62.0625,45.5,-13.625,#D875AF,993
204980,62.0625,75.75,3.875,#FF4A92,993
204983,62.0625,79.25,19.125,#FF4079,993
204996,62.125,-116.875,26.5,#00BC63,994
205052,62.125,-56.125,83.375,#49AC00,994
205318,62.125,74.125,-24.875,#FB52C4,994
205329,62.125,82.0,6.75,#FF3B8E,994
205343,62.1875,-91.25,20.5,#00B76F,995
205350,62.1875,-76.75,38.125,#00B34D,995
205370,62.1875,-66.375,6.25,#00B189,995
205441,62.1875,-31.25,39.375,#74A34D,995
205603,62.1875,12.375,13.125,#B48E80,995
205621,62.1875,17.5,18.375,#BF8A77,995
205627,62.1875,18.875,63.875,#CE8816,995
205707,62.1875,61.75,-54.75,#D06BF9,995
205731,62.1875,88.125,-58.875,#F73FFF,995
205764,62.25,-75.125,55.0,#00B225,996
205826,62.25,-42.625,-40.375,#00ADDD,996
205915,62.25,-11.375,68.125,#A29A00,996
206129,62.25,25.375,-1.5,#C1869A,996
206187,62.25,45.875,68.75,#F37009,996
206189,62.25,46.5,38.0,#EF7156,996
206257,62.3125,-122.625,43.125,#00BD41,997
206272,62.3125,-105.5,91.75,#00B900,997
206273,62.3125,-103.375,62.0,#00B900,997
206572,62.3125,8.75,-8.25,#A092A5,997
206714,62.3125,29.75,87.0,#DF7F00,997
206827,62.3125,65.25,39.125,#FF5955,997
207000,62.375,-15.5,13.375,#839E7F,998
207336,62.375,34.5,70.625,#E47B00,998
207388,62.375,49.75,-52.375,#BE78F5,998
207470,62.375,87.5,38.75,#FF2358,998
207481,62.4375,-116.625,11.25,#00BD80,999
207572,62.4375,-17.75,47.75,#929E3D,999
207578,62.4375,-16.5,23.625,#899E6C,999
207945,62.4375,38.25,35.375,#E3795A,999
208075,62.5,-96.625,93.25,#00B800,1000
208149,62.5,-11.75,-8.0,#769EA5,1000
208174,62.5,-7.0,82.375,#AC9800,1000
208190,62.5,-4.625,31.375,#A2985F,1000
208203,62.5,-0.125,8.5,#9D9788,1000
208221,62.5,2.75,64.5,#B8930F,1000
208267,62.5,11.75,80.625,#C78D00,1000
208320,62.5,21.125,32.625,#CB885E,1000
208422,62.5,46.875,-6.5,#DF74A4,1000
208438,62.5,51.5,72.0,#FB6B00,1000
208508,62.5,86.375,-29.0,#FF3ACD,1000
208519,62.5625,-128.0,34.125,#00BF55,1001
208520,62.5625,-128.0,56.75,#00BE1B,1001
208522,62.5625,-123.0,70.625,#00BD00,1001
208538,62.5625,-107.375,-19.25,#00BEB7,1001
208540,62.5625,-106.75,36.875,#00BB50,1001
208546,62.5625,-102.125,-23.0,#00BDBE,1001
208551,62.5625,-98.375,79.0,#00B800,1001
208554,62.5625,-95.375,-6.875,#00BAA1,1001
208556,62.5625,-92.875,65.125,#00B700,1001
208559,62.5625,-92.375,31.875,#00B85A,1001
208564,62.5625,-86.0,76.625,#00B600,1001
208568,62.5625,-79.625,49.75,#00B434,1001
208573,62.5625,-74.0,68.875,#00B200,1001
208574,62.5625,-72.125,47.25,#00B23B,1001
208575,62.5625,-72.0,-21.125,#00B5BB,1001
208576,62.5625,-72.0,25.625,#00B367,1001
208578,62.5625,-71.625,-35.75,#00B7D5,1001
208582,62.5625,-64.375,-34.875,#00B4D4,1001
208584,62.5625,-61.5,14.25,#00B07C,1001
208585,62.5625,-60.75,66.75,#30AF00,1001
208587,62.5625,-51.5,95.75,#5AAB00,1001
208592,62.5625,-43.625,-3.25,#00AB9C,1001
208595,62.5625,-41.375,104.25,#72A800,1001
208598,62.5625,-38.625,23.25,#56A86C,1001
208603,62.5625,-34.0,105.875,#81A500,1001
208604,62.5625,-33.875,-8.125,#26A8A5,1001
208605,62.5625,-33.75,89.125,#7FA500,1001
208623,62.5625,-24.5,-54.625,#00A8F8,1001
208637,62.5625,-15.125,-30.75,#3CA2CD,1001
208647,62.5625,-7.625,57.875,#A79926,1001
208669,62.5625,4.0,95.25,#BD9200,1001
208673,62.5625,6.25,-1.25,#A2949A,1001
208676,62.5625,7.0,103.375,#C29000,1001
208678,62.5625,9.25,-34.625,#8395D5,1001
208679,62.5625,11.875,95.125,#C88D00,1001
208687,62.5625,20.125,-32.75,#9D8ED1,1001
208690,62.5625,23.125,-50.625,#898EF1,1001
208696,62.5625,28.125,-22.875,#B687C0,1001
208708,62.5625,42.875,21.0,#E67674,1001
208712,62.5625,45.375,107.0,#F67100,1001
208717,62.5625,48.125,-63.625,#AC7CFF,1001
208723,62.5625,50.875,21.625,#F16E74,1001
208724,62.5625,51.25,63.25,#FA6B22,1001
208731,62.5625,60.0,-61.5,#C66FFF,1001
208735,62.5625,67.75,24.25,#FF5770,1001
208737,62.5625,73.75,36.125,#FF4C5C,1001
208739,62.5625,77.0,-13.5,#FF4CB2,1001
208741,62.5625,85.25,18.375,#FF317B,1001
208749,62.5625,99.375,-34.25,#FF00D6,1001
208750,62.5625,100.0,-56.875,#FF03FF,1001
208752,62.625,-92.375,-27.375,#00BBC6,1002
208754,62.625,-69.0,-5.625,#00B4A0,1002
208779,62.625,1.0,-19.125,#8698B9,1002
208787,62.625,17.0,107.0,#D08900,1002
208788,62.625,18.0,97.25,#D18900,1002
208799,62.625,42.875,54.75,#EE7535,1002
208830,62.6875,-48.125,85.25,#61AA00,1003
208846,62.6875,-6.625,107.125,#AF9800,1003
208859,62.6875,3.625,3.625,#A19591,1003
208869,62.6875,23.5,60.0,#D58525,1003
208872,62.6875,26.625,67.5,#DA8309,1003
208877,62.6875,46.125,-30.625,#CE79CF,1003
208880,62.6875,54.875,50.875,#FD683F,1003
208886,62.6875,74.125,28.25,#FF4C6A,1003
208916,62.75,-16.875,86.5,#9D9E00,1004
208928,62.75,6.875,-24.75,#8C96C4,1004
208946,62.75,36.0,64.375,#E77B1B,1004
208986,62.8125,-48.375,1.375,#00AD94,1005
208995,62.8125,-35.0,68.5,#7AA600,1005
209000,62.8125,-24.5,58.5,#8BA222,1005
209001,62.8125,-23.875,-40.75,#00A7E0,1005
209003,62.8125,-22.5,95.5,#95A000,1005
209010,62.8125,-12.75,0.25,#7E9F97,1005
209042,62.8125,51.625,8.375,#EE6F8B,1005
209050,62.8125,68.875,-62.875,#D565FF,1005
209088,62.875,-39.125,10.25,#41AA85,1006
209090,62.875,-35.125,29.375,#66A762,1006
209111,62.875,-19.625,-14.625,#57A3B1,1006
209163,62.875,68.375,-3.0,#FF5AA0,1006
209190,62.9375,-81.75,-13.625,#00B9AF,1007
209242,62.9375,-18.875,4.375,#75A290,1007
209354,63.0,-84.875,-19.375,#00BAB9,1008
209372,63.0,-60.0,-29.5,#00B4CB,1008
209567,63.0625,-75.875,30.875,#00B55E,1009
209618,63.0625,-41.25,-9.125,#00ACA8,1009
209659,63.0625,-18.375,-57.125,#00A7FE,1009
209673,63.0625,-11.125,-60.0,#00A4FF,1009
209695,63.0625,2.375,32.0,#B09560,1009
209735,63.0625,40.5,2.5,#DC7B96,1009
209789,63.125,-85.0,66.75,#00B700,1010
209864,63.125,-36.75,59.125,#74A81F,1010
209868,63.125,-35.25,-43.0,#00ADE4,1010
209879,63.125,-29.125,-25.0,#00A9C4,1010
210026,63.125,65.125,2.875,#FF5F96,1010
210059,63.1875,-84.875,43.375,#00B844,1011
210073,63.1875,-77.125,63.25,#00B500,1011
210082,63.1875,-67.25,70.125,#00B200,1011
210131,63.1875,-40.0,72.125,#72A900,1011
210387,63.25,-116.5,84.75,#00BE00,1012
210635,63.25,10.125,54.625,#C39033,1012
210640,63.25,11.75,40.75,#C29050,1012
210723,63.25,49.875,-25.375,#DA76C7,1012
210741,63.25,58.5,-24.875,#E76CC7,1012
210782,63.3125,-121.75,-8.625,#00C2A6,1013
211120,63.3125,15.0,3.0,#B69094,1013
211213,63.3125,36.75,-4.875,#D380A3,1013
211278,63.3125,67.75,-48.75,#E365F1,1013
211301,63.375,-128.0,14.25,#00C27D,1014
211302,63.375,-122.25,9.375,#00C186,1014
211303,63.375,-118.0,67.25,#00BF00,1014
211374,63.375,-53.5,23.375,#03B06E,1014
211416,63.375,-32.25,22.0,#68A871,1014
211553,63.375,-0.5,79.625,#B89700,1014
211826,63.375,52.0,-3.5,#EB71A1,1014
211876,63.375,74.125,-7.125,#FF53A9,1014
211891,63.4375,-117.75,58.625,#00BF17,1015
211902,63.4375,-98.375,53.25,#00BB2C,1015
211913,63.4375,-83.125,-31.125,#00BCCF,1015
211951,63.4375,-48.75,60.25,#59AD1A,1015
212263,63.4375,12.0,-29.25,#9395CE,1015
212386,63.4375,30.125,47.75,#DE8344,1015
212513,63.4375,65.125,12.375,#FF5F87,1015
212561,63.5,-107.875,57.75,#00BD1C,1016
212574,63.5,-100.0,69.5,#00BC00,1016
212583,63.5,-91.375,101.125,#00B900,1016
212587,63.5,-87.25,96.625,#00B800,1016
212588,63.5,-86.75,-0.25,#00BB98,1016
212592,63.5,-83.875,103.125,#00B700,1016
212599,63.5,-79.875,98.5,#00B600,1016
212603,63.5,-76.5,104.625,#00B600,1016
212610,63.5,-72.75,99.875,#00B400,1016
212614,63.5,-71.375,0.75,#00B797,1016
212618,63.5,-69.25,105.375,#15B300,1016
212620,63.5,-69.125,-44.875,#00B9E8,1016
212628,63.5,-65.625,100.375,#2DB200,1016
212635,63.5,-62.625,106.375,#3CB100,1016
212641,63.5,-59.625,-51.0,#00B7F4,1016
212643,63.5,-59.25,101.375,#47B000,1016
212653,63.5,-56.125,106.625,#52AF00,1016
212655,63.5,-55.5,30.0,#11B062,1016
212664,63.5,-52.125,76.375,#57AE00,1016
212670,63.5,-50.125,107.125,#62AD00,1016
212672,63.5,-50.0,-57.0,#00B5FF,1016
212684,63.5,-46.5,31.75,#49AD5F,1016
212697,63.5,-42.875,53.0,#65AB31,1016
212700,63.5,-42.75,-61.5,#00B3FF,1016
212708,63.5,-38.375,-21.5,#00ADBF,1016
212716,63.5,-36.25,-27.125,#00ADC9,1016
212738,63.5,-26.875,82.25,#8EA400,1016
212787,63.5,-6.125,94.5,#B19A00,1016
212797,63.5,-3.375,-11.375,#889CAE,1016
212821,63.5,6.0,75.625,#C19300,1016
212824,63.5,7.0,10.5,#AE9587,1016
212838,63.5,11.5,-14.0,#A394B3,1016
212856,63.5,16.25,55.5,#CD8D32,1016
212859,63.5,16.625,26.5,#C58E6B,1016
212870,63.5,21.25,-5.875,#BB8DA5,1016
212871,63.5,21.625,38.875,#D08A55,1016
212875,63.5,23.125,108.125,#DB8700,1016
212876,63.5,23.875,88.0,#DB8700,1016
212890,63.5,35.125,97.0,#EB7D00,1016
212894,63.5,37.5,-49.625,#AD85F3,1016
212900,63.5,39.5,-10.875,#D47FAE,1016
212909,63.5,45.25,86.25,#F87400,1016
212911,63.5,47.125,96.5,#FA7200,1016
212917,63.5,51.375,-46.5,#CA78ED,1016
212925,63.5,56.25,97.5,#FF6700,1016
212932,63.5,62.0,28.125,#FF626B,1016
212945,63.5,72.375,42.75,#FF5152,1016
212947,63.5,74.25,-39.75,#F559E2,1016
212955,63.5,78.375,-32.125,#FF50D5,1016
212960,63.5,83.25,26.25,#FF3A70,1016
212965,63.5,90.125,-22.375,#FF30C4,1016
213001,63.5625,-71.125,78.625,#00B400,1017
213003,63.5625,-63.125,-12.375,#00B5AE,1017
213006,63.5625,-51.5,-38.375,#00B3DD,1017
213027,63.5625,-13.0,108.5,#A79E00,1017
213074,63.5625,23.625,48.125,#D68843,1017
213086,63.5625,32.25,108.625,#E88000,1017
213093,63.5625,35.5,-43.0,#B286E7,1017
213094,63.5625,35.5,23.25,#DF8073,1017
213115,63.5625,69.25,52.75,#FF563F,1017
213120,63.5625,73.5,59.625,#FF4E32,1017
213127,63.5625,78.5,53.625,#FF433F,1017
213132,63.5625,86.625,-44.25,#FF42EB,1017
213166,63.625,-23.25,70.375,#93A300,1018
213240,63.625,52.75,106.125,#FF6C00,1018
213357,63.6875,47.125,30.625,#F27466,1019
213370,63.6875,61.875,58.375,#FF6133,1019
213384,63.75,-122.5,36.5,#00C153,1020
213456,63.75,9.75,108.625,#CA9100,1020
213457,63.75,11.625,22.125,#BC9274,1020
213462,63.75,15.25,86.875,#D08E00,1020
213477,63.75,24.5,75.125,#DC8700,1020
213480,63.75,30.0,-36.625,#AF8ADC,1020
213481,63.75,30.875,27.375,#DB846B,1020
213491,63.75,38.125,88.125,#EF7C00,1020
213504,63.75,57.375,83.625,#FF6700,1020
213508,63.75,68.625,86.25,#FF5600,1020
213527,63.8125,-73.375,18.375,#00B777,1021
213533,63.8125,-55.5,2.125,#00B395,1021
213546,63.8125,-31.375,97.125,#88A700,1021
213570,63.8125,-6.125,-4.125,#8B9EA2,1021
213585,63.8125,4.75,58.375,#BD952A,1021
213621,63.8125,68.375,69.5,#FF5717,1021
213640,63.875,-107.875,85.875,#00BE00,1022
213648,63.875,-68.75,30.5,#00B661,1022
213653,63.875,-47.25,44.75,#54AE45,1022
213654,63.875,-47.125,101.875,#69AD00,1022
213663,63.875,-32.0,15.5,#63A97E,1022
213696,63.875,-0.125,15.625,#A69A7F,1022
213752,63.875,59.0,108.375,#FF6500,1022
213767,63.9375,-122.25,16.75,#00C37A,1023
213790,63.9375,-58.125,-17.0,#00B5B8,1023
213900,63.9375,26.0,95.625,#E08600,1023
213901,63.9375,29.25,19.25,#D6867A,1023
213916,63.9375,58.25,41.625,#FF6854,1023
213919,63.9375,60.875,47.25,#FF644A,1023
213929,63.9375,70.375,-14.625,#FF5CB7,1023
213932,63.9375,80.875,45.375,#FF4050,1023
213935,63.9375,88.0,-16.75,#FF37BB,1023
213975,64.0,-61.75,85.25,#3CB300,1024
214040,64.0,-2.375,-37.0,#62A0DD,1024
214072,64.0,7.625,90.5,#C69300,1024
214108,64.0,38.875,109.625,#F27B00,1024
214122,64.0,54.25,-59.375,#C279FF,1024
214153,64.0625,-113.5,-3.75,#00C29F,1025
214179,64.0625,-82.375,-6.75,#00BCA5,1025
214180,64.0625,-82.0,81.25,#00B900,1025
214197,64.0625,-55.0,45.625,#3AB143,1025
214202,64.0625,-48.75,18.25,#26B079,1025
214231,64.0625,-26.5,-4.875,#56A9A3,1025
214276,64.0625,-6.5,48.5,#AA9C41,1025
214379,64.0625,42.625,46.125,#F1794A,1025
214390,64.0625,61.25,-44.25,#DF6EEB,1025
214401,64.0625,72.125,76.375,#FF5100,1025
214405,64.0625,81.125,37.25,#FF405E,1025
214551,64.125,-13.625,60.25,#A2A022,1026
214555,64.125,-12.75,51.125,#A1A03B,1026
214717,64.125,78.875,13.5,#FF4987,1026
214754,64.1875,-99.0,98.5,#00BD00,1027
214810,64.1875,-48.75,-44.875,#00B5EB,1027
214812,64.1875,-48.75,-28.5,#00B3CD,1027
214823,64.1875,-42.75,5.375,#24AF91,1027
214845,64.1875,-33.75,-15.5,#00ADB6,1027
215036,64.1875,44.875,-47.25,#C080F1,1027
215090,64.25,-109.375,77.125,#00C000,1028
215098,64.25,-90.375,90.0,#00BB00,1028
215169,64.25,-49.0,68.0,#5EAF00,1028
215180,64.25,-42.25,-29.75,#00B1D0,1028
215215,64.25,-31.25,61.25,#83A81C,1028
215235,64.25,-24.75,42.625,#88A64C,1028
215261,64.25,-16.25,-23.5,#53A6C5,1028
215321,64.25,-2.125,56.125,#B49A30,1028
215389,64.25,15.125,-7.25,#B193A9,1028
215428,64.25,29.375,-47.375,#A18DF1,1028
215507,64.25,94.5,-6.0,#FF17AA,1028
215619,64.3125,-40.125,46.625,#6AAD43,1029
215769,64.3125,-0.5,45.5,#B39A48,1029
215797,64.3125,3.5,52.125,#BB973A,1029
215890,64.3125,26.625,34.25,#D88860,1029
216003,64.375,-103.25,82.0,#00BF00,1030
216032,64.375,-69.0,95.0,#18B600,1030
216044,64.375,-62.125,95.5,#3FB400,1030
216190,64.375,-13.75,-48.5,#00A8F2,1030
216428,64.375,27.125,-56.25,#8E91FF,1030
216507,64.375,56.75,-51.0,#D275F8,1030
216925,64.4375,14.5,47.875,#CB9145,1031
216988,64.4375,26.625,-30.25,#B28ED2,1031
217071,64.4375,48.75,-18.5,#E079BE,1031
217085,64.4375,53.875,-14.125,#EB73B7,1031
217102,64.4375,59.25,33.375,#FF6864,1031
217153,64.4375,93.375,-42.625,#FF31EA,1031
217167,64.5,-107.5,49.625,#00C038,1032
217171,64.5,-97.375,86.75,#00BE00,1032
217172,64.5,-96.75,26.5,#00BF69,1032
217178,64.5,-86.125,85.625,#00BB00,1032
217179,64.5,-85.25,16.5,#00BC7C,1032
217228,64.5,-50.625,51.5,#51B137,1032
217436,64.5,7.625,67.375,#C5950A,1032
217611,64.5,41.375,-41.25,#C183E7,1032
217630,64.5,46.25,78.25,#FC7600,1032
217720,64.5625,-128.0,87.5,#00C400,1033
217724,64.5625,-105.875,23.375,#00C16F,1033
217725,64.5625,-100.0,9.625,#00C089,1033
217728,64.5625,-97.25,37.375,#00BF54,1033
217729,64.5625,-88.5,38.375,#00BD52,1033
217731,64.5625,-79.375,-26.5,#00BECA,1033
217732,64.5625,-78.875,21.375,#00BB74,1033
217733,64.5625,-71.5,-14.0,#00BBB4,1033
217734,64.5625,-66.375,41.875,#00B64C,1033
217735,64.5625,-64.25,77.75,#2FB500,1033
217753,64.5625,-37.875,-48.75,#00B2F3,1033
217755,64.5625,-36.5,77.125,#7EAB00,1033
217760,64.5625,-33.375,45.875,#79AB46,1033
217762,64.5625,-30.875,-38.125,#00AFE0,1033
217765,64.5625,-27.875,-46.375,#00AEEF,1033
217769,64.5625,-23.5,89.25,#98A600,1033
217770,64.5625,-21.125,10.75,#7BA789,1033
217772,64.5625,-21.0,28.625,#89A668,1033
217774,64.5625,-18.625,-35.5,#00A9DB,1033
217778,64.5625,-14.875,101.5,#A7A100,1033
217789,64.5625,-8.625,26.875,#9FA06C,1033
217796,64.5625,-4.375,9.75,#9C9E8B,1033
217807,64.5625,2.25,-54.0,#3FA1FD,1033
217833,64.5625,10.5,-55.125,#609CFF,1033
217855,64.5625,18.75,70.625,#D68E00,1033
217857,64.5625,19.25,-60.25,#7097FF,1033
217864,64.5625,24.625,-17.0,#BB8EBB,1033
217870,64.5625,29.125,56.5,#E28634,1033
217876,64.5625,33.25,8.25,#D9858F,1033
217878,64.5625,36.25,56.875,#EC8034,1033
217879,64.5625,36.5,-35.25,#BF87DC,1033
217881,64.5625,37.125,-25.625,#C985CB,1033
217898,64.5625,56.875,5.0,#F96E96,1033
217900,64.5625,62.5,20.625,#FF657B,1033
217903,64.5625,67.125,45.5,#FF5D4F,1033
217904,64.5625,68.125,-38.625,#F066E3,1033
217921,64.5625,88.125,-52.125,#FF45FC,1033
217922,64.5625,94.625,-50.625,#FF31F9,1033
217932,64.625,-68.0,87.0,#1DB600,1034
218006,64.625,70.875,110.625,#FF5500,1034
218029,64.6875,-89.625,53.5,#00BD2F,1035
218030,64.6875,-75.25,86.5,#00B900,1035
218098,64.6875,44.875,13.125,#EC7B88,1035
218123,64.75,-128.0,44.375,#00C544,1036
218124,64.75,-122.625,49.0,#00C43A,1036
218128,64.75,-94.375,4.875,#00C092,1036
218143,64.75,-25.75,22.875,#7BA973,1036
218208,64.75,41.0,102.625,#F77B00,1036
218220,64.75,52.375,43.625,#FF7152,1036
218238,64.75,77.875,65.125,#FF4829,1036
218243,64.75,88.0,9.25,#FF3491,1036
218246,64.75,98.5,-27.25,#FF09D0,1036
218248,64.8125,-100.75,0.25,#00C29A,1037
218350,64.8125,84.0,-2.875,#FF42A6,1037
218354,64.875,-106.75,5.0,#00C392,1038
218377,64.875,-21.0,-9.125,#62A9AD,1038
218408,64.875,4.25,-59.875,#2BA1FF,1038
218435,64.875,32.75,35.125,#E38560,1038
218501,64.9375,-16.625,-4.125,#76A6A4,1039
218555,64.9375,17.875,-27.125,#A695CE,1039
218595,64.9375,60.25,-0.125,#FD6BA0,1039
218616,65.0,-66.75,55.75,#00B72C,1040
218629,65.0,-41.125,-55.75,#00B6FF,1040
218633,65.0,-39.125,86.375,#7CAD00,1040
218635,65.0,-36.0,3.5,#46AF96,1040
218746,65.0,36.375,77.625,#F08100,1040
218781,65.0625,-116.75,18.875,#00C579,1041
218810,65.0625,-41.375,80.75,#76AE00,1041
218844,65.0625,-6.125,87.75,#B59E00,1041
218940,65.0625,60.375,-10.0,#F96DB2,1041
218980,65.125,-81.75,54.75,#00BC2E,1042
219200,65.125,78.875,-47.875,#FB59F5,1042
219251,65.1875,-57.875,78.5,#4BB500,1043
219327,65.1875,-11.625,-17.375,#70A6BD,1043
219432,65.1875,30.125,0.75,#D28A9E,1043
219457,65.1875,58.0,-34.375,#E573DD,1043
219499,65.25,-117.125,31.625,#00C561,1044
219503,65.25,-100.875,18.25,#00C27B,1044
219630,65.25,-11.625,21.5,#98A378,1044
219754,65.25,20.875,-45.75,#9496F0,1044
219769,65.25,23.125,53.875,#DB8D3B,1044
219817,65.25,57.125,69.0,#FF6C1A,1044
219970,65.3125,-31.875,73.0,#88AB00,1045
220100,65.3125,-0.25,-2.375,#9C9FA3,1045
220206,65.3125,30.25,41.125,#E38856,1045
220346,65.375,-87.0,25.875,#00BF6D,1046
220381,65.375,-65.375,17.875,#00B97D,1046
220395,65.375,-54.375,61.375,#4FB41C,1046
220399,65.375,-52.5,89.375,#5FB300,1046
220610,65.375,2.75,-6.125,#9F9EAA,1046
220751,65.375,51.875,-37.0,#DA7BE2,1046
220808,65.4375,-108.25,63.625,#00C302,1047
220818,65.4375,-93.625,49.0,#00C03D,1047
220819,65.4375,-93.25,13.625,#00C184,1047
220923,65.4375,-35.75,52.5,#7AAE39,1047
220950,65.4375,-26.875,-60.75,#00B2FF,1047
221131,65.4375,7.0,-19.375,#9A9CC1,1047
221338,65.5,-120.0,-0.625,#00C89D,1048
221339,65.5,-117.375,41.75,#00C64D,1048
221342,65.5,-113.125,71.25,#00C400,1048
221343,65.5,-112.875,4.375,#00C694,1048
221344,65.5,-112.375,46.25,#00C443,1048
221347,65.5,-110.375,16.125,#00C57F,1048
221349,65.5,-108.75,97.25,#00C300,1048
221350,65.5,-107.25,43.0,#00C34A,1048
221351,65.5,-106.25,-9.125,#00C5AD,1048
221355,65.5,-98.625,60.125,#00C11B,1048
221359,65.5,-89.625,70.0,#00BF00,1048
221360,65.5,-88.0,-11.5,#00C1B2,1048
221364,65.5,-83.125,91.375,#00BD00,1048
221365,65.5,-82.375,71.875,#00BD00,1048
221372,65.5,-75.375,-4.375,#00BEA5,1048
221374,65.5,-70.75,64.375,#00BA07,1048
221381,65.5,-62.875,-6.125,#00BAA8,1048
221386,65.5,-58.5,-38.375,#00BBE2,1048
221389,65.5,-57.0,-7.375,#00B8AB,1048
221398,65.5,-53.125,100.875,#60B400,1048
221410,65.5,-42.0,36.0,#61B15C,1048
221413,65.5,-39.5,97.75,#7EAF00,1048
221446,65.5,-26.625,-12.625,#49ADB5,1048
221453,65.5,-25.375,-20.25,#37ADC2,1048
221457,65.5,-22.875,111.375,#9DA800,1048
221494,65.5,-6.375,-44.5,#3EA7EE,1048
221496,65.5,-5.875,67.75,#B49F07,1048
221510,65.5,-2.0,111.75,#BE9D00,1048
221515,65.5,-0.375,22.625,#AD9E77,1048
221535,65.5,2.875,-13.875,#989EB8,1048
221538,65.5,3.5,-33.25,#7FA0DA,1048
221540,65.5,4.375,111.875,#C89900,1048
221542,65.5,7.0,-41.875,#789FEA,1048
221576,65.5,23.375,16.5,#D08F83,1048
221590,65.5,32.875,91.375,#EE8500,1048
221617,65.5,48.25,-58.0,#BD82FF,1048
221620,65.5,49.375,112.125,#FF7500,1048
221624,65.5,51.625,86.625,#FF7200,1048
221625,65.5,52.875,57.625,#FF7238,1048
221626,65.5,53.0,-31.0,#E179D8,1048
221629,65.5,54.375,13.75,#FC7389,1048
221637,65.5,60.625,-19.25,#F56FC3,1048
221643,65.5,71.375,9.375,#FF5C92,1048
221651,65.5,81.875,-37.0,#FF51E3,1048
221656,65.5,93.125,-34.5,#FF34DF,1048
221661,65.5625,-118.0,74.75,#00C500,1049
221790,65.5625,21.0,-37.875,#A096E3,1049
221803,65.5625,31.5,81.5,#EC8600,1049
221818,65.5625,44.125,62.0,#FA7B2C,1049
221833,65.5625,73.5,21.875,#FF577C,1049
221835,65.5625,77.5,-19.5,#FF56C4,1049
221967,65.625,14.25,101.0,#D69300,1050
221998,65.625,30.875,62.5,#E98728,1050
222042,65.625,73.75,-56.875,#EC65FF,1050
222089,65.6875,-39.75,109.125,#7FAF00,1051
222098,65.6875,-26.375,32.375,#83AB64,1051
222113,65.6875,-14.5,34.75,#9CA560,1051
222121,65.6875,-11.25,91.25,#AFA300,1051
222142,65.6875,0.25,3.25,#A39F9A,1051
222193,65.6875,27.5,112.25,#E88900,1051
222276,65.75,-94.0,74.25,#00C100,1052
222311,65.75,-21.625,80.375,#9DA800,1052
222380,65.75,17.0,112.25,#DA9100,1052
222587,65.875,-122.875,60.625,#00C717,1054
222594,65.875,-117.125,94.0,#00C600,1054
222606,65.875,-80.375,-0.75,#00C09F,1054
222614,65.875,-56.0,11.625,#00B889,1054
222673,65.875,-4.625,18.375,#A5A17F,1054
222728,65.875,40.625,96.375,#FA7F00,1054
222818,65.9375,-49.625,-9.375,#00B7B0,1055
222836,65.9375,-27.375,54.25,#8DAC37,1055
222846,65.9375,-17.0,95.625,#A7A600,1055
222895,65.9375,9.25,5.875,#B59A96,1055
222903,65.9375,12.0,-1.5,#B599A3,1055
222944,65.9375,39.0,29.625,#ED826D,1055
222945,65.9375,40.75,70.375,#F87F10,1055
222968,65.9375,65.875,-24.25,#FB6ACD,1055
222983,66.0,-100.125,-12.875,#00C6B5,1056
223061,66.0,-3.75,-30.375,#72A5D6,1056
223166,66.0,69.875,-31.875,#FC66DB,1056
223184,66.0625,-94.375,-16.375,#00C5BC,1057
223197,66.0625,-62.875,-23.5,#00BDC9,1057
223205,66.0625,-48.375,-15.5,#00B7BB,1057
223263,66.0625,-4.625,2.75,#9AA39B,1057
223390,66.0625,81.75,-27.5,#FF51D4,1057
223397,66.125,-128.0,26.125,#00CA6D,1058
223400,66.125,-122.375,23.75,#00C972,1058
223410,66.125,-83.25,8.875,#00C18E,1058
223432,66.125,-46.375,75.875,#6DB300,1058
223475,66.125,-16.0,42.75,#9EA751,1058
223564,66.125,10.75,30.625,#C5986A,1058
223584,66.125,20.75,23.0,#D19279,1058
223609,66.125,35.5,47.75,#EE854C,1058
223613,66.125,36.875,-55.0,#AC8EFF,1058
223660,66.1875,-128.0,19.625,#00CA7A,1059
223667,66.1875,-112.625,54.0,#00C631,1059
223679,66.1875,-90.875,80.5,#00C100,1059
223712,66.1875,-43.75,-21.75,#00B7C7,1059
223822,66.1875,1.0,40.0,#B99E58,1059
223919,66.1875,30.0,99.5,#ED8900,1059
223973,66.1875,59.5,89.5,#FF6B00,1059
224040,66.25,-41.75,91.625,#7BB200,1060
224059,66.25,-32.125,83.25,#8CAE00,1060
224236,66.25,21.0,101.0,#E19000,1060
224331,66.3125,-128.0,81.75,#00C900,1061
224372,66.3125,-61.75,26.5,#00BA6F,1061
224495,66.3125,-7.25,-55.625,#00AAFF,1061
224583,66.3125,15.625,-34.125,#9C9BDE,1061
224714,66.3125,80.25,-10.125,#FF51B6,1061
224722,66.375,-123.0,78.25,#00C900,1062
224728,66.375,-111.875,38.625,#00C756,1062
224774,66.375,-65.75,-0.75,#00BDA1,1062
224862,66.375,-21.0,100.125,#A2A900,1062
224892,66.375,-13.75,-54.875,#00AEFF,1062
225179,66.375,78.0,31.0,#FF506F,1062
225187,66.4375,-128.0,72.625,#00CA00,1063
225196,66.4375,-106.75,32.25,#00C663,1063
225201,66.4375,-103.125,55.375,#00C52E,1063
225222,66.4375,-78.625,76.875,#00BF00,1063
225278,66.4375,-32.25,110.125,#90AE00,1063
225400,66.4375,-0.875,94.875,#C29F00,1063
225483,66.4375,16.25,-20.375,#AE99C6,1063
225587,66.4375,46.875,18.75,#F67D82,1063
225828,66.5,-11.125,5.375,#90A798,1064
225947,66.5,12.75,64.5,#D29721,1064
225981,66.5,22.875,-22.75,#B895CB,1064
226100,66.5625,-128.0,8.875,#00CC8F,1065
226102,66.5625,-123.375,91.0,#00C900,1065
226109,66.5625,-116.375,-9.875,#00CBB1,1065
226114,66.5625,-110.875,91.125,#00C700,1065
226117,66.5625,-110.75,-14.25,#00CAB9,1065
226168,66.5625,-77.0,45.0,#00BF4A,1065
226171,66.5625,-76.375,-33.875,#00C3DD,1065
226178,66.5625,-73.375,-40.5,#00C3E9,1065
226183,66.5625,-72.0,7.5,#00BF92,1065
226202,66.5625,-61.375,-43.875,#00C0EF,1065
226213,66.5625,-56.75,52.25,#43B93A,1065
226219,66.5625,-54.125,-23.375,#00BBCA,1065
226238,66.5625,-45.5,-35.625,#00B9E1,1065
226243,66.5625,-43.375,27.0,#56B56F,1065
226250,66.5625,-37.0,-2.5,#37B4A5,1065
226254,66.5625,-34.75,36.375,#76B15E,1065
226269,66.5625,-26.0,-28.875,#00B1D5,1065
226274,66.5625,-21.875,51.0,#98AB40,1065
226276,66.5625,-19.875,62.0,#9FAA23,1065
226278,66.5625,-17.875,70.0,#A4A800,1065
226280,66.5625,-16.5,-40.75,#00AEEA,1065
226287,66.5625,-13.625,78.5,#ADA600,1065
226291,66.5625,-12.625,-35.625,#45ACE1,1065
226298,66.5625,-10.125,-29.125,#62AAD6,1065
226304,66.5625,-8.625,113.25,#B8A300,1065
226345,66.5625,8.125,47.75,#C89B4A,1065
226354,66.5625,13.625,-47.0,#839EF6,1065
226358,66.5625,18.0,-52.375,#849CFF,1065
226361,66.5625,18.75,43.25,#D69454,1065
226362,66.5625,18.875,82.0,#DE9300,1065
226364,66.5625,20.375,7.75,#CA9495,1065
226365,66.5625,21.25,-12.375,#BE95B8,1065
226371,66.5625,27.0,-42.25,#AA95EE,1065
226374,66.5625,29.25,72.5,#EB8B00,1065
226383,66.5625,36.375,17.5,#E78784,1065
226384,66.5625,39.0,9.375,#E88593,1065
226387,66.5625,46.0,7.125,#F17F97,1065
226390,66.5625,50.625,1.625,#F57BA1,1065
226391,66.5625,52.5,34.875,#FF7666,1065
226392,66.5625,54.625,26.0,#FF7476,1065
226394,66.5625,55.375,-42.0,#DF7BEE,1065
226401,66.5625,58.25,62.375,#FF6E30,1065
226457,66.625,-128.0,-0.125,#00CC9F,1066
226490,66.625,-36.625,64.125,#80B118,1066
226552,66.625,63.75,80.375,#FF6600,1066
226554,66.625,65.375,91.75,#FF6400,1066
226556,66.625,67.625,59.125,#FF613A,1066
226609,66.6875,-34.5,101.5,#8CB000,1067
226690,66.6875,46.875,101.875,#FF7B00,1067
226695,66.6875,63.875,73.875,#FF660D,1067
226696,66.6875,64.125,98.625,#FF6600,1067
226710,66.75,-64.0,63.875,#2DBB14,1068
226718,66.75,-51.625,37.625,#47B85B,1068
226736,66.75,-26.875,14.25,#76AF88,1068
226762,66.75,-7.0,35.75,#ACA461,1068
226776,66.75,4.5,-48.375,#65A4F9,1068
226817,66.75,40.0,-19.75,#D888C7,1068
226833,66.75,88.5,-39.5,#FF48EB,1068
226994,66.8125,94.375,-18.625,#FF2FC7,1069
226995,66.875,-122.75,54.625,#00CA30,1070
227020,66.875,-59.625,38.125,#1BBB5A,1070
227023,66.875,-57.125,111.5,#5BB900,1070
227051,66.875,-27.875,4.875,#69B099,1070
227095,66.875,4.5,15.5,#B69F87,1070
227178,66.875,79.125,2.5,#FF53A2,1070
227238,66.9375,-15.125,-10.25,#76ACB5,1071
227307,66.9375,29.75,-12.25,#CE90BA,1071
227402,67.0,-40.0,16.0,#54B585,1072
227455,67.0,2.125,106.125,#C99E00,1072
227544,67.0,62.625,52.125,#FF6A48,1072
227548,67.0,69.375,38.875,#FF6162,1072
227583,67.0625,-103.375,94.75,#00C600,1073
227608,67.0625,-51.0,111.875,#6BB700,1073
227746,67.0625,32.875,-17.75,#CF8EC4,1073
227772,67.0625,58.0,78.625,#FF6F00,1073
227784,67.0625,76.125,39.375,#FF5661,1073
227819,67.125,-68.25,24.375,#00BF75,1074
227883,67.125,-16.5,54.75,#A4AA3A,1074
228041,67.125,53.75,93.375,#FF7400,1074
228223,67.1875,10.0,14.75,#BF9D8A,1075
228286,67.1875,32.25,-5.75,#D78EAF,1075
228337,67.1875,60.125,13.375,#FF708E,1075
228410,67.25,-57.875,69.25,#4EBB00,1076
228436,67.25,-32.125,-52.125,#00B8FF,1076
228444,67.25,-21.875,19.0,#87AE81,1076
228516,67.25,3.625,85.375,#CA9E00,1076
228648,67.25,48.125,-43.125,#D385F2,1076
228669,67.25,68.125,-7.125,#FF68B3,1076
228675,67.25,71.25,3.625,#FF62A0,1076
228690,67.3125,-128.0,66.125,#00CC00,1077
228954,67.3125,23.375,2.5,#CE95A0,1077
229017,67.3125,49.5,-9.0,#F07FB6,1077
229030,67.3125,57.25,103.75,#FF7000,1077
229069,67.375,-104.375,75.875,#00C800,1078
229089,67.375,-79.25,-16.875,#00C5C0,1078
229129,67.375,-41.0,59.125,#77B52C,1078
229349,67.375,21.625,92.0,#E59300,1078
229495,67.4375,-128.0,49.75,#00CD3F,1079
229515,67.4375,-95.125,67.875,#00C600,1079
229531,67.4375,-75.75,25.625,#00C273,1079
229568,67.4375,-45.625,12.75,#37B98C,1079
229617,67.4375,-21.375,-25.0,#42B1D0,1079
229694,67.4375,-4.625,-15.75,#8AA8C0,1079
229719,67.4375,0.0,60.75,#C1A12D,1079
229797,67.4375,13.125,10.25,#C29B92,1079
229937,67.4375,55.0,111.25,#FF7300,1079
229978,67.5,-128.0,37.625,#00CE5A,1080
229979,67.5,-122.25,84.125,#00CC00,1080
229980,67.5,-117.375,80.5,#00CB00,1080
229986,67.5,-96.0,102.75,#00C600,1080
229987,67.5,-93.5,-2.0,#00C8A6,1080
229989,67.5,-89.0,106.0,#00C400,1080
229992,67.5,-85.625,58.875,#00C428,1080
229997,67.5,-81.75,108.25,#00C200,1080
229998,67.5,-80.75,40.25,#00C356,1080
230001,67.5,-79.875,33.375,#00C364,1080
230003,67.5,-77.0,91.875,#00C100,1080
230004,67.5,-75.875,-22.5,#00C5CB,1080
230007,67.5,-74.5,109.75,#00C000,1080
230008,67.5,-72.625,34.75,#00C162,1080
230012,67.5,-70.875,-27.875,#00C4D5,1080
230016,67.5,-67.625,-9.875,#00C1B4,1080
230018,67.5,-67.5,110.75,#39BE00,1080
230019,67.5,-65.75,35.875,#00BF60,1080
230023,67.5,-61.75,10.25,#00BE90,1080
230026,67.5,-60.875,44.875,#26BD4E,1080
230028,67.5,-60.125,58.875,#3EBC2B,1080
230036,67.5,-55.125,-43.125,#00C0F1,1080
230041,67.5,-53.75,-54.0,#00C1FF,1080
230047,67.5,-50.875,-2.25,#00BBA7,1080
230049,67.5,-49.875,27.0,#41BA72,1080
230054,67.5,-46.875,55.125,#67B837,1080
230069,67.5,-40.5,41.5,#6EB656,1080
230073,67.5,-38.25,-36.375,#00B9E5,1080
230076,67.5,-34.875,11.5,#5FB58F,1080
230083,67.5,-30.0,26.5,#7CB273,1080
230103,67.5,-21.875,-2.125,#72B0A7,1080
230116,67.5,-16.125,114.625,#AFAA00,1080
230126,67.5,-9.125,15.5,#9FA888,1080
230132,67.5,-6.75,61.625,#B7A52A,1080
230133,67.5,-6.75,100.0,#BDA500,1080
230141,67.5,-5.125,-22.875,#7FA9CD,1080
230155,67.5,-1.75,28.75,#B4A470,1080
230158,67.5,1.125,-23.25,#8EA6CE,1080
230160,67.5,1.25,73.25,#C6A100,1080
230164,67.5,1.5,-40.25,#71A7ED,1080
230175,67.5,6.75,37.625,#C59E60,1080
230177,67.5,6.875,99.125,#D19D00,1080
230184,67.5,10.5,115.0,#D79A00,1080
230194,67.5,15.75,37.5,#D39861,1080
230201,67.5,17.625,31.375,#D4976D,1080
230225,67.5,31.75,-27.625,#C692D7,1080
230230,67.5,36.375,40.5,#F2885D,1080
230236,67.5,41.875,34.75,#F88468,1080
230237,67.5,42.75,-4.375,#E986AE,1080
230240,67.5,45.125,25.625,#F98179,1080
230242,67.5,48.375,53.5,#FF7C45,1080
230245,67.5,50.75,68.5,#FF7921,1080
230258,67.5,65.0,115.0,#FF6700,1080
230262,67.5,68.375,16.625,#FF668A,1080
230263,67.5,68.5,30.5,#FF6472,1080
230265,67.5,69.5,-44.125,#F76DF5,1080
230271,67.5,72.625,-50.75,#F66AFF,1080
230276,67.5,75.5,46.125,#FF5856,1080
230306,67.5625,-42.625,0.375,#1EB8A3,1081
230424,67.5625,81.625,19.625,#FF4E86,1081
230434,67.625,-88.25,-21.25,#00C8C9,1082
230446,67.625,-60.125,89.75,#50BC00,1082
230458,67.625,-45.625,96.0,#77B700,1082
230475,67.625,-28.375,78.125,#96B000,1082
230476,67.625,-28.0,102.875,#9AB000,1082
230518,67.625,4.75,28.875,#BFA071,1082
230529,67.625,11.25,74.375,#D59B00,1082
230563,67.625,33.125,115.125,#F68A00,1082
230579,67.625,41.875,114.125,#FF8200,1082
230580,67.625,44.0,-33.375,#D688E2,1082
230719,67.6875,24.125,63.5,#E6922A,1083
230726,67.6875,35.125,67.875,#F6891F,1083
230736,67.6875,45.875,91.375,#FF7E00,1083
230863,67.75,18.125,61.625,#DD972E,1084
230889,67.75,47.125,41.25,#FF7F5D,1084
230903,67.75,86.25,2.25,#FF47A5,1084
230904,67.75,88.125,-9.875,#FF45BA,1084
230918,67.8125,-103.125,-4.375,#00CBAB,1085
230951,67.8125,-55.625,-33.625,#00C0E0,1085
231086,67.875,-74.375,53.0,#00C23B,1086
231129,67.875,-23.625,-36.125,#00B4E6,1086
231201,67.875,15.5,94.625,#DE9800,1086
231227,67.875,42.625,81.75,#FF8200,1086
231245,67.875,72.625,71.0,#FF5D21,1086
231247,67.875,81.75,8.625,#FF519A,1086
231256,67.9375,-92.375,22.0,#00C87B,1087
231292,67.9375,-49.25,4.375,#00BC9C,1087
231424,67.9375,24.75,81.875,#EA9200,1087
231438,67.9375,30.875,12.625,#E19090,1087
231451,67.9375,45.75,-51.875,#C78AFF,1087
231455,67.9375,50.375,75.5,#FF7B00,1087
231466,67.9375,66.0,8.25,#FF6B9A,1087
231478,68.0,-86.625,-5.125,#00C8AD,1088
231509,68.0,-45.25,85.625,#77B800,1088
231510,68.0,-44.875,-5.5,#00BBAE,1088
231511,68.0,-43.25,-42.125,#00BDF1,1088
231523,68.0,-32.25,-33.375,#00B8E1,1088
231567,68.0,-7.75,74.0,#BAA700,1088
231688,68.0,66.875,106.0,#FF6500,1088
231696,68.0625,-116.875,25.5,#00CE74,1089
231722,68.0625,-70.75,70.375,#00C100,1089
231726,68.0625,-66.25,-33.25,#00C4E0,1089
231737,68.0625,-57.375,95.375,#5BBC00,1089
231751,68.0625,-45.25,-52.625,#00BFFF,1089
231798,68.0625,-23.75,-52.25,#00B7FF,1089
231917,68.0625,21.0,116.25,#E79500,1089
231929,68.0625,28.75,105.75,#F28F00,1089
231941,68.0625,41.5,52.5,#FD8547,1089
231955,68.0625,55.75,-3.125,#FE7AAD,1089
231960,68.0625,57.625,20.0,#FF7585,1089
232082,68.125,-22.125,74.25,#A2AF00,1090
232091,68.125,-16.375,2.625,#87AFA1,1090
232181,68.125,12.375,-25.5,#A5A1D4,1090
232253,68.125,63.25,-48.25,#EA78FE,1090
232270,68.125,85.625,13.625,#FF4892,1090
232281,68.1875,-92.875,-9.25,#00CAB5,1091
232318,68.1875,-53.125,17.75,#0EBD84,1091
232383,68.1875,-17.875,24.75,#96AE79,1091
232390,68.1875,-15.5,14.875,#94AE8B,1091
232413,68.1875,-9.75,-7.75,#8AACB4,1091
232429,68.1875,-4.25,106.375,#C3A500,1091
232484,68.1875,9.25,-7.0,#B2A1B3,1091
232654,68.25,-43.0,102.0,#80B800,1092
232673,68.25,-31.875,-8.125,#46B7B4,1092
232711,68.25,-11.375,68.0,#B3AA13,1092
232725,68.25,-8.875,44.875,#B1A953,1092
232888,68.25,39.25,23.375,#F3897E,1092
232960,68.3125,-117.75,62.625,#00CE19,1093
232991,68.3125,-75.25,2.75,#00C5A0,1093
233279,68.3125,29.375,87.25,#F28F00,1093
233317,68.3125,49.875,62.0,#FF7D34,1093
233333,68.3125,57.0,50.5,#FF754E,1093
233364,68.3125,67.25,65.625,#FF672F,1093
233793,68.375,51.5,117.0,#FF7A00,1094
233811,68.375,59.125,116.75,#FF7100,1094
233838,68.375,78.25,-3.25,#FF5BAF,1094
233847,68.4375,-122.625,42.125,#00CF53,1095
233852,68.4375,-117.0,11.375,#00CF8F,1095
233875,68.4375,-77.75,9.625,#00C693,1095
233887,68.4375,-60.25,18.5,#00C083,1095
233939,68.4375,-30.5,65.5,#92B31B,1095
234062,68.4375,0.75,34.25,#BDA569,1095
234376,68.5,-69.625,-18.125,#00C6C6,1096
234384,68.5,-67.0,46.375,#00C24C,1096
234421,68.5,-39.375,-10.875,#00BBB9,1096
234521,68.5,-3.625,79.0,#C2A600,1096
234569,68.5,3.75,91.375,#CFA100,1096
234580,68.5,5.25,-1.75,#AFA4AA,1096
234712,68.5,42.625,75.625,#FF8400,1096
234784,68.5625,-128.0,31.625,#00D169,1097
234786,68.5625,-117.5,47.875,#00CF47,1097
234788,68.5625,-106.625,11.625,#00CE8F,1097
234789,68.5625,-102.5,45.75,#00CB4C,1097
234790,68.5625,-101.5,25.5,#00CC75,1097
234792,68.5625,-92.375,29.75,#00C96D,1097
234794,68.5625,-88.5,6.125,#00C99A,1097
234799,68.5625,-68.875,102.125,#35C200,1097
234803,68.5625,-67.125,12.75,#00C38E,1097
234805,68.5625,-62.625,-15.875,#00C3C2,1097
234807,68.5625,-59.0,31.5,#11C06B,1097
234808,68.5625,-54.125,-15.125,#00C0C1,1097
234809,68.5625,-52.25,83.125,#68BC00,1097
234815,68.5625,-43.625,20.625,#52BB80,1097
234819,68.5625,-37.875,115.625,#8CB600,1097
234824,68.5625,-32.875,-25.75,#00B9D5,1097
234825,68.5625,-32.625,93.125,#94B400,1097
234827,68.5625,-30.375,116.625,#9AB300,1097
234830,68.5625,-24.0,66.125,#9EB11A,1097
234833,68.5625,-23.125,116.875,#A7B000,1097
234836,68.5625,-21.75,35.125,#96B166,1097
234838,68.5625,-19.875,-16.75,#62B3C5,1097
234843,68.5625,-16.875,105.875,#B0AD00,1097
234848,68.5625,-14.0,86.125,#B3AC00,1097
234870,68.5625,-4.875,-50.5,#36AFFF,1097
234880,68.5625,1.5,117.125,#CDA300,1097
234883,68.5625,2.25,8.0,#B1A599,1097
234886,68.5625,3.5,78.75,#CDA200,1097
234893,68.5625,6.875,21.875,#C2A280,1097
234896,68.5625,8.75,57.5,#D19F3A,1097
234899,68.5625,10.125,-37.0,#92A5EA,1097
234912,68.5625,16.625,-41.0,#9BA1F1,1097
234914,68.5625,17.75,16.75,#D19B8A,1097
234921,68.5625,27.125,25.5,#E3947B,1097
234923,68.5625,31.25,-53.5,#A998FF,1097
234924,68.5625,32.25,22.0,#E99081,1097
234926,68.5625,34.375,-46.875,#B995FC,1097
234931,68.5625,37.375,2.0,#E78DA5,1097
234933,68.5625,39.125,-29.75,#D48FDE,1097
234946,68.5625,64.0,34.875,#FF6E6C,1097
234950,68.5625,71.375,-24.875,#FF6AD6,1097
234951,68.5625,74.625,-10.25,#FF63BC,1097
234952,68.5625,75.75,16.625,#FF5D8D,1097
234954,68.5625,80.625,-42.25,#FF5FF5,1097
234956,68.5625,88.25,-28.625,#FF4CDD,1097
234961,68.625,-103.375,62.125,#00CB1E,1098
234987,68.625,-9.25,53.0,#B4AA42,1098
235012,68.625,23.25,69.75,#E99518,1098
235035,68.625,64.5,86.0,#FF6B00,1098
235036,68.625,71.125,82.875,#FF6100,1098
235047,68.6875,-90.25,97.0,#00C800,1099
235074,68.6875,-23.875,95.0,#A4B100,1099
235132,68.6875,73.375,56.5,#FF5E45,1099
235142,68.75,-101.875,34.875,#00CC64,1100
235160,68.75,-51.5,73.5,#67BD00,1100
235221,68.75,36.75,-9.75,#E08FBA,1100
235243,68.8125,-122.375,29.125,#00D16E,1101
235256,68.8125,-82.75,98.875,#00C600,1101
235260,68.8125,-75.5,100.375,#00C400,1101
235263,68.8125,-62.5,103.5,#50C000,1101
235315,68.8125,-1.0,12.25,#AFA892,1101
235328,68.8125,14.25,107.375,#E09B00,1101
235342,68.8125,24.0,-53.625,#989EFF,1101
235361,68.8125,36.75,103.875,#FF8A00,1101
235369,68.8125,46.5,107.875,#FF8100,1101
235390,68.8125,87.5,-20.25,#FF4DCF,1101
235395,68.875,-102.625,70.125,#00CC00,1102
235524,68.875,38.0,91.75,#FF8900,1102
235560,68.9375,-102.375,89.125,#00CC00,1103
235561,68.9375,-94.0,91.0,#00CA00,1103
235562,68.9375,-93.75,54.625,#00CA38,1103
235563,68.9375,-93.25,62.375,#00CA1F,1103
235587,68.9375,-38.125,-29.0,#00BDDB,1103
235588,68.9375,-37.875,-19.0,#00BCC9,1103
235687,68.9375,51.75,-26.125,#ED83D8,1103
235706,69.0,-89.125,47.25,#00C94B,1104
235726,69.0,-45.625,113.75,#7DBB00,1104
235737,69.0,-36.375,71.5,#89B700,1104
235846,69.0,49.875,29.875,#FF8075,1104
235848,69.0,51.0,-49.0,#D788FF,1104
235861,69.0,61.875,-37.0,#F57AEC,1104
235956,69.0625,-21.375,-43.25,#00B7F6,1105
236019,69.0625,8.375,106.125,#D8A000,1105
236117,69.125,-82.125,18.75,#00C984,1106
236152,69.125,-44.5,45.875,#6CBC51,1106
236162,69.125,-33.875,21.125,#72B881,1106
236342,69.1875,-89.75,86.625,#00C900,1107
236353,69.1875,-77.75,83.375,#00C600,1107
236396,69.1875,-48.125,106.875,#78BC00,1107
236401,69.1875,-45.875,69.5,#75BC00,1107
236426,69.1875,-31.25,-17.75,#29BAC8,1107
236585,69.1875,24.375,46.125,#E79655,1107
236591,69.1875,27.5,-35.875,#BA9AEA,1107
236596,69.1875,28.75,93.75,#F59200,1107
236658,69.25,-106.75,83.375,#00CE00,1108
236763,69.25,-19.75,89.75,#ACB000,1108
236904,69.25,13.125,-14.625,#B5A2C4,1108
236910,69.25,14.75,56.5,#DC9D3F,1108
236953,69.25,34.0,29.25,#F09076,1108
237000,69.25,73.375,-38.125,#FF6CF0,1108
237050,69.3125,-65.125,97.125,#47C300,1109
237061,69.3125,-56.625,105.125,#63C000,1109
237110,69.3125,-33.5,58.875,#8CB733,1109
237217,69.3125,-2.375,-10.25,#9BABBC,1109
237333,69.3125,24.25,31.875,#E39771,1109
237361,69.3125,33.625,52.5,#F68F4A,1109
237399,69.3125,55.625,-9.0,#FF7EBB,1109
237427,69.3125,77.625,-30.625,#FF64E2,1109
237462,69.375,-81.125,48.375,#00C849,1110
237526,69.375,-37.0,81.625,#8CB900,1110
237720,69.375,13.75,21.875,#CF9F83,1110
237859,69.375,58.25,39.0,#FF7766,1110
237912,69.4375,-85.375,82.25,#00C900,1111
237927,69.4375,-67.875,90.625,#39C400,1111
238069,69.4375,-8.5,82.375,#BEAB00,1111
238102,69.4375,-0.125,48.625,#C4A74F,1111
238288,69.4375,56.75,-21.625,#F97FD2,1111
238310,69.4375,68.875,-12.75,#FF6EC3,1111
238328,69.5,-128.0,56.5,#00D332,1112
238330,69.5,-123.0,70.375,#00D200,1112
238343,69.5,-111.375,101.0,#00CF00,1112
238345,69.5,-108.625,-0.25,#00D1A8,1112
238346,69.5,-108.5,68.875,#00CF00,1112
238352,69.5,-103.0,103.75,#00CD00,1112
238359,69.5,-87.5,12.875,#00CC90,1112
238360,69.5,-85.25,75.625,#00C900,1112
238362,69.5,-83.125,64.375,#00C91A,1112
238364,69.5,-80.5,-8.5,#00CBB7,1112
238366,69.5,-76.0,62.0,#00C725,1112
238367,69.5,-75.125,-11.5,#00CABD,1112
238370,69.5,-69.25,59.625,#00C52E,1112
238372,69.5,-65.5,5.5,#00C69E,1112
238378,69.5,-53.0,47.25,#55C04E,1112
238379,69.5,-51.75,-28.5,#00C3DC,1112
238395,69.5,-39.375,30.875,#6EBB70,1112
238405,69.5,-21.75,56.875,#A2B33A,1112
238413,69.5,-10.875,118.625,#BDAC00,1112
238450,69.5,3.625,65.625,#CEA525,1112
238456,69.5,5.875,-12.625,#AAA7C1,1112
238460,69.5,7.375,9.875,#BEA598,1112
238475,69.5,12.75,89.375,#DF9E00,1112
238476,69.5,14.25,69.5,#DF9E1A,1112
238482,69.5,15.75,3.0,#C8A0A5,1112
238486,69.5,17.75,-4.875,#C69FB3,1112
238490,69.5,19.125,52.375,#E29B49,1112
238498,69.5,24.75,-6.5,#D19AB6,1112
238503,69.5,26.875,7.125,#DD979E,1112
238508,69.5,27.625,117.75,#F59300,1112
238516,69.5,30.5,46.375,#F19256,1112
238530,69.5,37.875,61.875,#FF8B36,1112
238538,69.5,42.75,-10.75,#EB8CBE,1112
238548,69.5,48.75,47.25,#FF8256,1112
238562,69.5,57.75,-15.625,#FF7DC8,1112
238563,69.5,57.875,57.125,#FF7744,1112
238567,69.5,62.625,44.375,#FF715D,1112
238570,69.5,64.5,-0.375,#FF73AD,1112
238574,69.5,68.125,49.0,#FF6A55,1112
238618,69.5625,-7.125,94.125,#C2AB00,1113
238686,69.5625,49.75,10.75,#FF8399,1113
238688,69.5625,52.125,100.125,#FF7D00,1113
238825,69.625,44.75,67.625,#FF8528,1114
238847,69.6875,-128.0,14.0,#00D58D,1115
238859,69.6875,-73.875,17.125,#00C889,1115
238862,69.6875,-63.75,74.625,#44C300,1115
238889,69.6875,-23.375,8.5,#80B69A,1115
238965,69.6875,21.75,76.25,#EB9900,1115
238976,69.6875,29.125,35.5,#ED946B,1115
239019,69.6875,64.625,24.125,#FF7182,1115
239024,69.75,-122.375,18.25,#00D486,1116
239026,69.75,-111.75,32.5,#00D16B,1116
239028,69.75,-100.75,80.875,#00CE00,1116
239064,69.75,-15.375,-25.875,#61B5D9,1116
239123,69.75,22.375,109.375,#EF9800,1116
239136,69.75,32.375,76.875,#FA9100,1116
239153,69.75,50.75,82.125,#FF7F00,1116
239181,69.8125,-67.5,84.0,#39C500,1117
239268,69.8125,38.625,118.75,#FF8B00,1117
239283,69.8125,66.0,-28.875,#FF76E0,1117
239288,69.875,-117.125,35.5,#00D365,1118
239318,69.875,-26.75,41.75,#93B65C,1118
239330,69.875,-12.75,97.25,#BAAE00,1118
239350,69.875,1.625,-9.875,#A5ABBC,1118
239366,69.875,11.375,40.875,#D4A160,1118
239376,69.875,14.375,119.375,#E49E00,1118
239398,69.875,35.125,84.25,#FF8E00,1118
239488,69.9375,-11.25,26.25,#A8B07B,1119
239572,69.9375,57.25,73.25,#FF781B,1119
239575,69.9375,61.125,67.25,#FF742E,1119
239588,70.0,-96.25,11.125,#00CF94,1120
239632,70.0,-35.75,-41.25,#00C0F5,1120
239640,70.0,-29.5,-44.375,#00BEFB,1120
239650,70.0,-23.625,28.375,#92B676,1120
239779,70.0,81.75,-49.875,#FF63FF,1120
239790,70.0625,-98.5,2.125,#00D1A5,1121
239842,70.0625,-32.75,3.0,#60BBA5,1121
239928,70.0625,7.625,119.625,#DBA300,1121
239989,70.0625,42.375,46.0,#FF8959,1121
240003,70.0625,52.375,106.375,#FF7E00,1121
240060,70.125,-61.0,80.0,#52C400,1122
240080,70.125,-43.125,64.25,#7CBD24,1122
240227,70.125,10.375,-50.625,#7DAAFF,1122
240274,70.125,36.375,-23.5,#D994D7,1122
240289,70.125,57.625,32.125,#FF7A75,1122
240310,70.1875,-115.625,-5.125,#00D5B2,1123
240313,70.1875,-107.5,51.625,#00D143,1123
240357,70.1875,-50.0,92.75,#75C000,1123
240447,70.1875,-8.25,21.0,#ABAF85,1123
240600,70.1875,49.0,-16.625,#F388CB,1123
240692,70.25,-47.125,-24.625,#00C3D7,1124
240862,70.25,13.25,46.75,#DAA156,1124
240895,70.25,26.0,55.625,#EF9845,1124
240940,70.25,55.5,6.375,#FF7FA3,1124
240969,70.3125,-122.25,9.125,#00D698,1125
241068,70.3125,-33.0,44.125,#89BA58,1125
241315,70.3125,41.0,-39.75,#D393F5,1125
241467,70.375,-38.0,7.25,#56BE9E,1126
241707,70.375,25.625,-29.75,#C19EE2,1126
241744,70.375,43.0,12.625,#FA8C97,1126
241767,70.375,59.875,-43.25,#F081FC,1126
241846,70.4375,-56.0,-1.125,#00C5AD,1127
242016,70.4375,-3.0,65.875,#C7AB26,1127
242123,70.4375,25.5,-18.125,#CC9DCE,1127
242204,70.4375,61.5,5.125,#FF79A6,1127
242213,70.4375,67.25,-20.5,#FF75D3,1127
242220,70.4375,80.375,-14.5,#FF60C9,1127
242363,70.5,-21.375,46.5,#A2B554,1128
242394,70.5,-14.625,-44.875,#00B8FD,1128
242447,70.5,-4.875,-34.25,#73B2EA,1128
242485,70.5,1.125,0.125,#AFACAC,1128
242682,70.5,54.625,-35.5,#EF86EE,1128
242713,70.5625,-117.5,2.25,#00D6A6,1129
242716,70.5625,-111.375,26.5,#00D478,1129
242723,70.5625,-105.125,-15.375,#00D5C6,1129
242724,70.5625,-104.625,20.75,#00D383,1129
242728,70.5625,-101.625,14.875,#00D28F,1129
242732,70.5625,-100.125,-19.375,#00D4CD,1129
242736,70.5625,-95.25,-23.125,#00D3D4,1129
242738,70.5625,-95.125,108.375,#00CF00,1129
242743,70.5625,-92.875,38.625,#00CF61,1129
242752,70.5625,-88.25,-28.5,#00D1DE,1129
242756,70.5625,-84.25,36.25,#00CD66,1129
242759,70.5625,-81.875,-23.375,#00CFD5,1129
242762,70.5625,-81.375,-33.5,#00D0E8,1129
242785,70.5625,-67.75,-43.125,#00CDF9,1129
242789,70.5625,-65.375,53.125,#26C743,1129
242801,70.5625,-59.75,-21.0,#00C8D1,1129
242805,70.5625,-57.125,64.125,#58C424,1129
242809,70.5625,-55.625,22.75,#1DC481,1129
242816,70.5625,-48.625,-40.125,#00C6F4,1129
242817,70.5625,-47.375,-46.25,#00C6FF,1129
242818,70.5625,-46.75,31.75,#5CC170,1129
242821,70.5625,-44.875,-12.125,#00C3C1,1129
242826,70.5625,-40.25,-49.75,#00C4FF,1129
242828,70.5625,-37.75,48.5,#81BD4F,1129
242834,70.5625,-29.75,34.375,#8ABA6C,1129
242845,70.5625,-14.375,48.375,#AFB251,1129
242849,70.5625,-10.75,-1.875,#95B3B0,1129
242853,70.5625,-8.125,-39.875,#59B5F5,1129
242859,70.5625,-3.625,85.75,#C9AB00,1129
242861,70.5625,-2.75,-44.875,#60B2FE,1129
242863,70.5625,-2.375,-0.875,#A7AEAE,1129
242870,70.5625,0.75,100.625,#D2A900,1129
242878,70.5625,2.625,-29.75,#90AEE2,1129
242918,70.5625,25.375,98.75,#F59800,1129
242938,70.5625,36.625,110.25,#FF8F00,1129
242954,70.5625,51.875,17.375,#FF8390,1129
242962,70.5625,58.625,85.375,#FF7800,1129
242982,70.5625,75.125,7.125,#FF66A3,1129
242983,70.5625,76.375,24.25,#FF6285,1129
242988,70.5625,83.0,-6.25,#FF5ABB,1129
243010,70.625,-51.375,61.5,#67C22D,1130
243013,70.625,-36.375,105.625,#94BB00,1130
243016,70.625,-29.25,71.875,#9CB900,1130
243097,70.6875,-59.5,115.5,#61C400,1131
243108,70.6875,-29.75,-38.125,#00BFF1,1131
243283,70.75,32.0,-0.5,#E497AF,1132
243303,70.8125,-117.0,85.5,#00D500,1133
243305,70.8125,-113.25,16.25,#00D58C,1133
243330,70.8125,-53.25,116.0,#72C300,1133
243400,70.8125,42.5,102.25,#FF8A00,1133
243425,70.8125,74.625,-18.75,#FF6BD1,1133
243433,70.875,-98.375,-9.75,#00D4BD,1134
243452,70.875,-38.625,89.375,#8FBD00,1134
243460,70.875,-21.5,-8.875,#72B9BD,1134
243505,70.875,9.5,-21.0,#ACA9D4,1134
243551,70.875,47.0,-1.75,#FB8AB2,1134
243631,70.9375,-11.25,34.875,#B0B26D,1135
243694,70.9375,24.0,14.0,#E09D95,1135
243777,71.0,-49.625,22.125,#44C484,1136
243781,71.0,-43.875,37.5,#6CC166,1136
243818,71.0,-2.75,23.375,#B9AE83,1136
243894,71.0,63.5,59.0,#FF7444,1136
243929,71.0625,-87.5,110.625,#00CE00,1137
244000,71.0625,-3.75,6.0,#ACB0A3,1137
244062,71.0625,30.375,65.0,#FA9631,1137
244120,71.125,-84.625,43.125,#00CE59,1138
244321,71.125,63.75,-8.625,#FF79C0,1138
244330,71.125,80.5,-24.5,#FF63DD,1138
244341,71.1875,-87.625,70.125,#00CF00,1139
244348,71.1875,-80.25,112.75,#00CC00,1139
244355,71.1875,-72.25,28.75,#00CC77,1139
244360,71.1875,-64.375,-26.25,#00CCDC,1139
244361,71.1875,-62.625,-36.875,#00CDF0,1139
244365,71.1875,-61.0,-47.75,#00CDFF,1139
244419,71.1875,-12.375,-17.625,#7EB6CE,1139
244611,71.25,-56.25,-9.0,#00C8BD,1140
244707,71.25,-6.125,11.875,#ACB199,1140
244787,71.25,13.25,78.75,#E4A300,1140
244878,71.25,46.0,116.625,#FF8800,1140
244883,71.25,49.0,121.875,#FF8400,1140
244920,71.3125,-113.375,72.875,#00D500,1141
244936,71.3125,-87.75,26.375,#00D07B,1141
244962,71.3125,-66.25,115.25,#4EC800,1141
244963,71.3125,-62.875,110.125,#59C700,1141
245019,71.3125,-34.0,28.875,#7FBE78,1141
245192,71.3125,20.5,-36.125,#B2A5F0,1141
245226,71.3125,33.125,98.75,#FF9400,1141
245297,71.375,-112.125,81.75,#00D500,1142
245398,71.375,-24.125,111.625,#ADB800,1142
245612,71.375,32.5,-33.375,#CD9CEC,1142
245673,71.375,55.875,122.125,#FF7D00,1142
245704,71.4375,-114.875,94.375,#00D600,1143
245718,71.4375,-92.0,74.25,#00D100,1143
245794,71.4375,-43.625,75.25,#82C100,1143
245819,71.4375,-33.625,53.25,#8FBD47,1143
245878,71.4375,-16.375,9.875,#96B79C,1143
246040,71.4375,18.25,102.375,#EEA000,1143
246149,71.5,-128.0,89.0,#00D900,1144
246153,71.5,-123.0,95.875,#00D800,1144
246154,71.5,-122.75,50.5,#00D848,1144
246156,71.5,-117.75,55.375,#00D73C,1144
246160,71.5,-112.75,60.125,#00D62E,1144
246161,71.5,-112.375,44.25,#00D657,1144
246165,71.5,-109.5,6.75,#00D7A0,1144
246166,71.5,-107.125,41.125,#00D55E,1144
246167,71.5,-98.5,57.875,#00D336,1144
246168,71.5,-97.75,49.375,#00D34C,1144
246172,71.5,-88.5,-13.25,#00D3C5,1144
246174,71.5,-85.25,91.25,#00CF00,1144
246176,71.5,-83.25,3.375,#00D1A7,1144
246180,71.5,-76.25,71.875,#00CC00,1144
246181,71.5,-73.625,87.25,#1CCC00,1144
246183,71.5,-73.25,41.75,#00CC5E,1144
246184,71.5,-73.25,77.5,#10CC00,1144
246199,71.5,-53.5,12.25,#00C797,1144
246200,71.5,-52.75,54.125,#61C544,1144
246221,71.5,-27.375,85.75,#A5BA00,1144
246223,71.5,-26.5,-23.875,#39BEDA,1144
246228,71.5,-25.125,-17.75,#55BDCF,1144
246235,71.5,-19.5,83.0,#B2B600,1144
246238,71.5,-17.875,65.375,#B1B629,1144
246242,71.5,-17.625,121.0,#B9B500,1144
246243,71.5,-16.75,-4.75,#86B8B7,1144
246254,71.5,-12.5,62.25,#B9B333,1144
246260,71.5,-10.25,104.375,#C4B100,1144
246270,71.5,-5.125,40.625,#BFB064,1144
246271,71.5,-4.875,116.375,#CDAE00,1144
246274,71.5,-3.625,55.375,#C6AF45,1144
246281,71.5,-1.5,121.875,#D2AC00,1144
246286,71.5,1.125,-17.25,#A0B0CE,1144
246287,71.5,1.125,111.875,#D6AB00,1144
246295,71.5,3.625,53.875,#D1AA49,1144
246298,71.5,6.25,-41.25,#88AFFA,1144
246299,71.5,6.375,74.375,#DAA802,1144
246300,71.5,6.625,4.25,#BFABA8,1144
246316,71.5,14.625,-30.875,#ACA9E7,1144
246335,71.5,21.625,26.0,#E39F81,1144
246338,71.5,22.5,37.5,#E99E6C,1144
246340,71.5,24.625,-48.0,#ABA4FF,1144
246343,71.5,25.0,20.0,#E69D8C,1144
246356,71.5,30.375,-41.125,#C09FFA,1144
246361,71.5,36.125,11.875,#F3959B,1144
246367,71.5,42.625,-24.25,#E793DC,1144
246369,71.5,47.125,-29.125,#EA8FE5,1144
246370,71.5,49.875,94.875,#FF8400,1144
246374,71.5,52.25,41.5,#FF8466,1144
246383,71.5,60.125,98.625,#FF7900,1144
246384,71.5,60.25,-26.5,#FF81E1,1144
246386,71.5,60.625,107.75,#FF7800,1144
246396,71.5,83.5,-33.375,#FF61EE,1144
246397,71.5,89.5,-43.25,#FF58FF,1144
246500,71.5625,9.875,-1.875,#C0A9B3,1145
246504,71.5625,12.125,32.875,#D8A674,1145
246514,71.5625,18.875,88.125,#EEA000,1145
246524,71.5625,32.375,121.625,#FF9500,1145
246576,71.625,-73.0,-1.75,#00CEB1,1146
246587,71.625,-58.375,49.375,#4AC84F,1146
246686,71.625,23.875,-41.25,#B3A4FB,1146
246753,71.6875,-57.125,84.75,#65C700,1147
246854,71.6875,17.625,-23.0,#BCA7DA,1147
246860,71.6875,24.375,-12.125,#D2A1C6,1147
246924,71.75,-79.0,-0.875,#00D1AF,1148
246942,71.75,-47.5,-32.125,#00C8E9,1148
247059,71.75,37.5,73.625,#FF9119,1148
247068,71.75,43.125,87.5,#FF8C00,1148
247078,71.75,55.375,64.25,#FF8039,1148
247084,71.75,67.125,74.0,#FF7121,1148
247090,71.8125,-128.0,45.625,#00DA54,1149
247112,71.8125,-72.0,11.375,#00CE99,1149
247140,71.8125,-44.375,51.25,#77C34C,1149
247167,71.8125,-19.125,-36.75,#2CBDF2,1149
247223,71.8125,6.125,45.625,#D4AA5C,1149
247260,71.8125,39.625,17.375,#FC9292,1149
247285,71.875,-128.0,24.375,#00DB7F,1150
247286,71.875,-128.0,79.375,#00DA00,1150
247310,71.875,-33.75,-48.625,#00C5FF,1150
247316,71.875,-23.5,-30.125,#30BFE6,1150
247401,71.875,41.625,27.875,#FF9080,1150
247409,71.875,57.125,24.75,#FF8086,1150
247420,71.9375,-123.0,75.875,#00D900,1151
247421,71.9375,-122.875,58.5,#00DA34,1151
247425,71.9375,-101.875,98.0,#00D400,1151
247527,71.9375,25.375,122.75,#FA9B00,1151
247533,71.9375,32.375,7.0,#EC9AA5,1151
247544,71.9375,43.125,-48.25,#D297FF,1151
247561,71.9375,62.125,19.125,#FF7B91,1151
247593,72.0,-52.125,40.5,#58C763,1152
247602,72.0,-34.25,112.25,#9DBE00,1152
247621,72.0,-17.375,72.5,#B5B708,1152
247700,72.0,17.875,8.375,#D6A5A2,1152
247735,72.0,47.125,4.75,#FF8DAA,1152
247754,72.0625,-106.375,92.375,#00D600,1153
247816,72.0625,-8.75,5.25,#A4B5A7,1153
247819,72.0625,-7.75,111.0,#CAB100,1153
247874,72.0625,8.625,27.625,#D1AA7F,1153
247970,72.0625,72.0,-6.125,#FF71BE,1153
248017,72.125,-42.125,-36.375,#00C8F2,1154
248105,72.125,8.25,111.875,#E2A800,1154
248126,72.125,13.75,62.625,#E5A537,1154
248183,72.125,43.625,39.0,#FF8E6C,1154
248216,72.125,72.375,38.0,#FF6C70,1154
248236,72.1875,-90.0,-0.5,#00D5B0,1155
248246,72.1875,-67.75,-13.75,#00CFC8,1155
248358,72.1875,1.375,40.25,#CBAE67,1155
248376,72.1875,7.0,15.25,#C8AC96,1155
248815,72.3125,-99.125,66.625,#00D519,1157
248843,72.3125,-61.375,27.25,#00CB7D,1157
248845,72.3125,-59.75,40.75,#3ACA63,1157
248993,72.3125,2.25,15.625,#C1AF95,1157
249109,72.3125,41.875,58.375,#FF8F46,1157
249162,72.375,-96.875,28.5,#00D67A,1158
249168,72.375,-89.75,58.875,#00D337,1158
249183,72.375,-66.25,-6.625,#00CFBC,1158
249184,72.375,-66.0,39.375,#00CD65,1158
249187,72.375,-62.375,1.25,#00CDAD,1158
249259,72.375,-21.625,-48.625,#00C1FF,1158
249399,72.375,18.25,-14.75,#C7A7CD,1158
249556,72.4375,-65.75,23.125,#00CD85,1159
249617,72.4375,-32.125,13.625,#77C198,1159
250022,72.5,-39.75,56.25,#86C342,1160
250033,72.5,-36.25,-33.625,#00C6EE,1160
250034,72.5,-35.875,36.75,#84C26C,1160
250082,72.5,-20.75,103.5,#B6B900,1160
250117,72.5,-10.375,-30.125,#70BAE8,1160
250174,72.5,2.75,-47.625,#73B5FF,1160
250199,72.5,8.0,-28.75,#A3B0E6,1160
250209,72.5,10.0,100.25,#E5A800,1160
250372,72.5,76.75,0.875,#FF6AB3,1160
250376,72.5625,-128.0,62.0,#00DC2A,1161
250378,72.5625,-122.5,35.875,#00DC6B,1161
250394,72.5625,-97.875,75.5,#00D500,1161
250398,72.5625,-87.375,18.5,#00D48D,1161
250406,72.5625,-81.375,-13.625,#00D4C9,1161
250407,72.5625,-81.0,13.625,#00D397,1161
250409,72.5625,-77.625,104.625,#05D000,1161
250413,72.5625,-71.125,-24.625,#00D2DD,1161
250430,72.5625,-52.5,67.5,#6DC81E,1161
250437,72.5625,-48.625,98.125,#80C600,1161
250438,72.5625,-47.875,9.625,#34C89F,1161
250443,72.5625,-45.625,-1.125,#0FC8B3,1161
250444,72.5625,-44.625,-19.5,#00C9D4,1161
250447,72.5625,-43.125,120.625,#8EC300,1161
250448,72.5625,-43.0,93.625,#8BC400,1161
250449,72.5625,-42.25,13.625,#58C698,1161
250452,72.5625,-40.125,-5.125,#32C6BA,1161
250453,72.5625,-37.75,98.5,#97C100,1161
250455,72.5625,-37.625,17.875,#6DC390,1161
250457,72.5625,-35.0,121.125,#9EC000,1161
250467,72.5625,-27.875,98.25,#A9BD00,1161
250468,72.5625,-27.0,-11.375,#60C1C6,1161
250471,72.5625,-25.875,0.75,#78BFB0,1161
250472,72.5625,-25.375,14.75,#8ABE96,1161
250474,72.5625,-25.0,121.875,#B0BC00,1161
250482,72.5625,-21.5,40.375,#A4BB66,1161
250489,72.5625,-17.25,94.25,#BBB800,1161
250490,72.5625,-16.375,110.375,#BEB700,1161
250491,72.5625,-16.125,30.375,#A9B97A,1161
250497,72.5625,-11.5,90.0,#C4B500,1161
250547,72.5625,7.625,82.625,#E0AA00,1161
250562,72.5625,18.875,46.0,#E9A35E,1161
250563,72.5625,19.625,66.75,#EFA22F,1161
250573,72.5625,30.375,-14.5,#DD9FCD,1161
250583,72.5625,40.5,6.125,#FA94A8,1161
250589,72.5625,46.5,19.875,#FF8E90,1161
250596,72.5625,52.25,56.75,#FF864B,1161
250598,72.5625,52.5,1.25,#FF89B2,1161
250600,72.5625,71.5,11.5,#FF71A0,1161
250601,72.5625,73.875,-43.75,#FF76FF,1161
250606,72.625,-96.25,83.625,#00D500,1162
250634,72.625,-40.5,109.5,#93C300,1162
250641,72.625,-23.75,21.0,#93BD8B,1162
250645,72.625,-18.375,17.75,#9CBB91,1162
250688,72.625,71.75,21.0,#FF7090,1162
250702,72.6875,-76.375,56.0,#00D040,1163
250718,72.6875,-34.75,65.75,#95C129,1163
250720,72.6875,-31.125,-4.125,#60C2B9,1163
250729,72.6875,-16.5,57.125,#B4B943,1163
250780,72.6875,39.875,-18.875,#EA98D6,1163
250805,72.75,-81.5,79.0,#00D200,1164
250818,72.75,-32.625,79.25,#9EC000,1164
250888,72.75,38.75,124.375,#FF9200,1164
250900,72.8125,-128.0,70.625,#00DD00,1165
250930,72.8125,-48.0,82.875,#7FC600,1165
251034,72.8125,59.875,11.25,#FF81A1,1165
251035,72.8125,60.5,52.5,#FF7D55,1165
251038,72.8125,65.5,-45.25,#FF82FF,1165
251039,72.8125,72.75,-30.75,#FF76ED,1165
251045,72.875,-107.75,57.0,#00D93C,1166
251050,72.875,-83.125,57.875,#00D33B,1166
251058,72.875,-70.125,95.0,#40CE00,1166
251087,72.875,-37.5,0.625,#52C5B1,1166
251229,72.9375,-84.75,102.75,#00D300,1167
251242,72.9375,-70.625,105.875,#41CF00,1167
251341,72.9375,11.125,-45.375,#92B1FF,1167
251349,72.9375,18.75,122.125,#F4A300,1167
251378,72.9375,69.75,-0.625,#FF76B7,1167
251413,73.0,-62.625,58.75,#47CD3B,1168
251418,73.0,-58.5,70.875,#5FCB0B,1168
251427,73.0,-50.125,-15.75,#00CCCE,1168
251613,73.0625,-92.5,6.125,#00D8A6,1169
251702,73.0625,-7.0,49.625,#C3B555,1169
251901,73.125,-18.375,-20.375,#6CBFD8,1170
251946,73.125,0.75,82.5,#D8B000,1170
252006,73.125,21.875,2.625,#DCA5B0,1170
252024,73.125,34.75,41.875,#FF9968,1170
252032,73.125,40.75,-6.375,#F597C0,1170
252061,73.1875,-112.625,52.5,#00DB48,1171
252082,73.1875,-70.25,5.25,#00D2A8,1171
252092,73.1875,-58.25,-32.875,#00D0EE,1171
252106,73.1875,-43.375,24.5,#66C785,1171
252178,73.1875,-3.875,-17.5,#99B7D3,1171
252185,73.1875,-0.25,-39.375,#7EB7FB,1171
252253,73.1875,34.25,-6.5,#EB9DC1,1171
252295,73.25,-123.125,85.75,#00DD00,1172
252320,73.25,-60.625,14.875,#00CE97,1172
252335,73.25,-39.5,-22.875,#00C9DC,1172
252378,73.25,-10.625,73.5,#C4B70D,1172
252384,73.25,-8.875,-10.875,#96BAC7,1172
252397,73.25,-4.375,102.25,#D2B300,1172
252426,73.25,3.5,30.625,#CEB07C,1172
252456,73.25,12.5,-7.625,#C5ADC2,1172
252503,73.25,27.75,108.625,#FF9D00,1172
252546,73.25,77.875,-38.25,#FF71FC,1172
252573,73.3125,-76.875,93.375,#0DD200,1173
252601,73.3125,-50.25,77.25,#79C900,1173
252613,73.3125,-42.625,4.75,#46C8AA,1173
252699,73.3125,-6.625,-23.25,#8ABADE,1173
252878,73.3125,69.0,-37.25,#FF7DFA,1173
252925,73.375,-51.5,3.125,#00CCAD,1174
253213,73.4375,-128.0,38.625,#00E067,1175
253216,73.4375,-111.875,37.25,#00DC6A,1175
253219,73.4375,-102.75,53.375,#00DA47,1175
253248,73.4375,-74.25,110.875,#33D100,1175
253257,73.4375,-65.375,33.5,#00D074,1175
253297,73.4375,-40.25,42.5,#80C663,1175
253321,73.4375,-24.0,71.0,#ADBE18,1175
253479,73.4375,12.0,123.625,#ECA900,1175
253531,73.4375,24.625,50.375,#F6A158,1175
253581,73.4375,47.875,75.375,#FF8C1C,1175
253595,73.4375,54.0,49.5,#FF875C,1175
253610,73.4375,60.875,-19.875,#FF85DA,1175
253636,73.5,-121.375,23.5,#00DF85,1176
253641,73.5,-117.875,65.75,#00DD20,1176
253649,73.5,-108.625,76.5,#00DB00,1176
253652,73.5,-108.0,-8.75,#00DEC2,1176
253653,73.5,-106.75,32.25,#00DB75,1176
253655,73.5,-103.375,-1.0,#00DCB4,1176
253660,73.5,-100.375,8.125,#00DBA3,1176
253667,73.5,-93.625,18.25,#00D990,1176
253668,73.5,-93.625,103.125,#00D700,1176
253672,73.5,-91.0,80.5,#00D600,1176
253674,73.5,-89.375,52.625,#00D64A,1176
253690,73.5,-79.875,32.25,#00D476,1176
253693,73.5,-78.5,24.125,#00D485,1176
253702,73.5,-74.375,-30.5,#00D6EB,1176
253703,73.5,-74.125,-16.5,#00D5D1,1176
253710,73.5,-71.75,-37.875,#00D6F8,1176
253712,73.5,-71.25,64.75,#1CD12A,1176
253717,73.5,-68.25,-30.375,#00D4EA,1176
253731,73.5,-58.875,91.5,#68CC00,1176
253737,73.5,-56.125,-41.375,#00D1FF,1176
253768,73.5,-33.75,-11.75,#44C6C9,1176
253774,73.5,-30.75,7.75,#77C4A5,1176
253777,73.5,-29.875,23.625,#8AC288,1176
253782,73.5,-27.125,104.875,#AEBF00,1176
253784,73.5,-25.625,49.5,#A3BF55,1176
253791,73.5,-20.0,2.875,#8CBFAF,1176
253807,73.5,-11.0,41.5,#BAB867,1176
253809,73.5,-10.375,124.25,#CBB700,1176
253814,73.5,-8.0,30.125,#BAB77D,1176
253842,73.5,-1.625,91.125,#D6B200,1176
253855,73.5,1.5,59.625,#D5B141,1176
253859,73.5,3.0,-23.375,#A2B5DF,1176
253875,73.5,11.25,52.875,#E3AB51,1176
253888,73.5,17.375,112.0,#F4A600,1176
253905,73.5,26.75,71.75,#FD9F23,1176
253909,73.5,28.5,30.0,#F59F7F,1176
253927,73.5,41.125,95.625,#FF9200,1176
253930,73.5,45.5,52.0,#FF8F57,1176
253932,73.5,46.875,-43.125,#E397FF,1176
253942,73.5,51.25,88.25,#FF8800,1176
253945,73.5,51.875,70.0,#FF882F,1176
253948,73.5,53.125,-44.75,#EC91FF,1176
253957,73.5,57.125,91.875,#FF8200,1176
253964,73.5,66.25,29.25,#FF7983,1176
253966,73.5,68.75,42.75,#FF756B,1176
253971,73.5625,-117.375,41.625,#00DE61,1177
253972,73.5625,-115.125,21.25,#00DE8A,1177
253985,73.5625,-56.5,97.625,#70CC00,1177
254050,73.5625,14.375,16.875,#DAAB97,1177
254071,73.5625,34.125,115.5,#FF9900,1177
254079,73.5625,43.875,111.5,#FF9000,1177
254105,73.625,-117.0,27.75,#00DE7E,1178
254217,73.625,23.375,59.875,#F7A244,1178
254225,73.625,36.625,24.125,#FF998B,1178
254274,73.6875,-68.625,70.75,#39D00E,1179
254394,73.6875,24.75,83.625,#FDA100,1179
254440,73.75,-105.625,25.75,#00DC82,1180
254499,73.75,-25.5,80.5,#AEBF00,1180
254554,73.75,5.75,89.125,#E2AE00,1180
254586,73.75,27.75,-22.625,#D5A5DF,1180
254637,73.8125,-66.0,101.5,#56D000,1181
254663,73.8125,-32.5,-21.375,#20C7DB,1181
254760,73.8125,33.125,56.5,#FF9B4D,1181
254805,73.875,-82.5,71.75,#00D500,1182
254953,73.875,34.0,17.0,#F99D98,1182
254996,73.9375,-97.5,40.5,#00DA66,1183
255017,73.9375,-44.625,103.25,#8EC800,1183
255130,73.9375,58.625,-11.625,#FF88CD,1183
255133,73.9375,65.5,37.125,#FF7B76,1183
255134,73.9375,66.125,8.125,#FF7DAA,1183
255214,74.0,-4.75,61.375,#CDB63D,1184
255245,74.0,9.125,94.5,#E8AD00,1184
255279,74.0,29.125,90.125,#FF9E00,1184
255492,74.0625,51.375,32.75,#FF8C7D,1185
255496,74.0625,55.625,-3.75,#FF8BBF,1185
255498,74.0625,59.25,-34.0,#FF8AF6,1185
255503,74.0625,65.125,-13.75,#FF81D1,1185
255518,74.125,-96.75,95.75,#00DA00,1186
255532,74.125,-59.75,102.75,#6ACE00,1186
255542,74.125,-53.5,103.25,#7ACC00,1186
255678,74.125,12.625,-25.375,#B6B1E5,1186
255685,74.125,15.375,-39.125,#AAB0FE,1186
255704,74.125,23.875,113.25,#FFA200,1186
255714,74.125,30.625,23.75,#F8A08C,1186
255726,74.125,38.5,-32.0,#E19EF2,1186
255784,74.1875,-103.75,72.75,#00DC00,1187
255841,74.1875,-38.875,78.5,#95C700,1187
255880,74.1875,-18.625,24.75,#A5BF88,1187
255930,74.1875,-3.125,77.125,#D4B500,1187
256027,74.1875,35.25,91.125,#FF9A00,1187
256063,74.1875,57.75,77.5,#FF831A,1187
256108,74.25,-73.0,-8.5,#00D6C4,1188
256115,74.25,-66.0,47.875,#28D258,1188
256118,74.25,-64.5,89.375,#58D000,1188
256133,74.25,-50.75,108.75,#82CB00,1188
256271,74.25,4.875,103.0,#E3B000,1188
256285,74.25,7.625,59.125,#E1AF45,1188
256295,74.25,10.5,-35.125,#A5B3F7,1188
256313,74.25,15.25,28.5,#E3AB83,1188
256322,74.25,16.875,97.25,#F5A800,1188
256380,74.25,42.5,0.375,#FF98B7,1188
256395,74.25,53.125,-22.0,#FF90E0,1188
256413,74.3125,-122.625,44.625,#00E15D,1189
256650,74.3125,17.875,22.25,#E4AA8F,1189
256728,74.3125,50.875,-38.25,#F194FE,1189
256758,74.375,-109.25,19.0,#00DF91,1190
256795,74.375,-60.125,20.75,#00D18F,1190
256799,74.375,-56.875,108.375,#73CE00,1190
256838,74.375,-34.25,93.625,#A2C500,1190
256983,74.375,10.875,10.625,#D2AFA4,1190
257137,74.4375,-117.625,11.0,#00E2A0,1191
257142,74.4375,-112.5,89.75,#00DE00,1191
257150,74.4375,-102.5,47.125,#00DD58,1191
257153,74.4375,-99.875,88.75,#00DB00,1191
257158,74.4375,-89.5,98.625,#00D900,1191
257367,74.4375,10.25,-13.625,#BFB2D0,1191
257408,74.4375,19.75,-44.625,#ADAFFF,1191
257487,74.4375,46.125,-10.125,#FF96CB,1191
257488,74.4375,46.375,61.75,#FF9144,1191
257492,74.4375,48.0,13.875,#FF92A0,1191
257502,74.4375,52.625,-9.875,#FF8FCB,1191
257519,74.5,-117.5,49.25,#00E053,1192
257532,74.5,-88.5,34.625,#00DA73,1192
257537,74.5,-80.625,39.0,#00D76B,1192
257542,74.5,-72.75,33.75,#00D576,1192
257570,74.5,-52.25,-5.875,#00D0C0,1192
257574,74.5,-50.875,120.125,#84CC00,1192
257599,74.5,-29.5,116.5,#AEC300,1192
257641,74.5,-12.5,-38.625,#57C1FE,1192
257720,74.5,4.25,-0.625,#BFB5B9,1192
257749,74.5,10.625,22.25,#D9AF8F,1192
257871,74.5625,-128.0,53.25,#00E349,1193
257872,74.5625,-116.75,101.125,#00E000,1193
257873,74.5625,-109.25,105.375,#00DE00,1193
257874,74.5625,-108.25,65.0,#00DE28,1193
257876,74.5625,-105.875,11.75,#00DF9F,1193
257877,74.5625,-100.75,107.75,#00DC00,1193
257878,74.5625,-92.0,88.5,#00DA00,1193
257879,74.5625,-86.875,64.375,#00D92D,1193
257881,74.5625,-80.0,85.5,#00D600,1193
257884,74.5625,-58.5,8.375,#00D2A6,1193
257886,74.5625,-55.875,-24.625,#00D3E3,1193
257891,74.5625,-52.5,30.375,#52CE7D,1193
257892,74.5625,-51.25,17.375,#3ECE96,1193
257902,74.5625,-39.25,-15.875,#00CCD3,1193
257911,74.5625,-30.5,61.125,#A1C43D,1193
257916,74.5625,-25.0,-43.625,#00C8FF,1193
257917,74.5625,-23.625,35.125,#A2C275,1193
257919,74.5625,-22.625,91.25,#B7C000,1193
257922,74.5625,-20.75,-14.25,#75C3D1,1193
257929,74.5625,-15.125,-10.125,#8BC0C9,1193
257936,74.5625,-12.5,18.625,#AEBD95,1193
257954,74.5625,-6.375,-0.5,#AABBB8,1193
257968,74.5625,0.375,6.75,#BEB7AB,1193
257972,74.5625,2.75,126.875,#E3B200,1193
257994,74.5625,17.0,73.625,#F3A91D,1193
258000,74.5625,19.375,-28.5,#C1AEEC,1193
258009,74.5625,27.75,2.25,#EAA5B4,1193
258010,74.5625,27.75,43.125,#FCA269,1193
258011,74.5625,28.25,-4.125,#E7A5C0,1193
258013,74.5625,32.5,104.5,#FF9D00,1193
258019,74.5625,36.875,31.0,#FF9B81,1193
258020,74.5625,37.75,-11.625,#F19ECE,1193
258024,74.5625,42.0,78.625,#FF950D,1193
258032,74.5625,49.75,24.875,#FF908D,1193
258034,74.5625,51.375,127.0,#FF8B00,1193
258045,74.5625,66.375,14.125,#FF7DA1,1193
258047,74.5625,68.75,-24.625,#FF7FE6,1193
258051,74.625,-103.375,61.375,#00DD35,1194
258087,74.625,4.625,-15.5,#B2B6D4,1194
258106,74.625,20.125,79.25,#F9A700,1194
258114,74.625,39.5,106.875,#FF9700,1194
258128,74.6875,-47.375,43.0,#71CC65,1195
258163,74.6875,-10.625,67.0,#C7BB2F,1195
258205,74.6875,60.5,40.75,#FF8371,1195
258223,74.75,-46.75,115.25,#8DCB00,1196
258270,74.75,11.625,70.875,#EBAD27,1196
258325,74.8125,-73.625,20.25,#00D790,1197
258337,74.8125,-50.25,49.75,#6FCE57,1197
258345,74.8125,-38.875,117.0,#9DC800,1197
258390,74.8125,-1.5,46.25,#D0B761,1197
258459,74.875,-94.375,62.5,#00DC33,1198
258499,74.875,-31.25,39.75,#96C66D,1198
258509,74.875,-19.125,125.75,#C1BF00,1198
258539,74.875,2.625,68.125,#DDB42E,1198
258582,74.875,43.0,-36.375,#E79DFC,1198
258607,74.9375,-88.875,46.375,#00DB5C,1199
258666,74.9375,-18.5,-43.625,#00C6FF,1199
258670,74.9375,-16.75,87.125,#C2BE00,1199
258743,74.9375,33.125,47.375,#FF9F62,1199
258781,75.0,-78.375,-21.25,#00DBDE,1200
258792,75.0,-65.125,77.125,#53D300,1200
258934,75.0,40.0,-43.375,#DAA1FF,1200
258943,75.0,51.25,117.75,#FF8C00,1200
258961,75.0625,-118.0,72.125,#00E200,1201
258983,75.0625,-65.0,7.75,#00D5A9,1201
258993,75.0625,-54.375,45.375,#5FD060,1201
259013,75.0625,-37.375,72.75,#99C913,1201
259061,75.0625,-9.625,84.25,#CDBB00,1201
259076,75.0625,-3.375,-4.75,#AEBBC1,1201
259157,75.125,-118.25,81.5,#00E200,1202
259405,75.1875,-119.0,92.125,#00E200,1203
259452,75.1875,-36.375,-27.625,#00CDEB,1203
259492,75.1875,-11.625,54.625,#C3BD50,1203
259604,75.1875,40.625,48.625,#FF9961,1203
259614,75.1875,47.0,-22.375,#FA98E3,1203
259701,75.25,-37.5,-43.625,#00CFFF,1204
259827,75.25,13.875,90.875,#F3AD00,1204
259883,75.25,57.25,35.25,#FF897C,1204
259921,75.3125,-67.375,110.375,#58D400,1205
260006,75.3125,-2.75,-10.75,#A9BCCD,1205
260155,75.375,-101.25,19.5,#00E092,1206
260172,75.375,-81.0,47.625,#00DA5B,1206
260214,75.375,-50.0,36.0,#64D074,1206
260230,75.375,-39.875,28.875,#7BCC83,1206
260292,75.375,-14.875,36.75,#B6C075,1206
260434,75.375,22.875,8.25,#E8AAAB,1206
260484,75.375,51.125,103.875,#FF8E00,1206
260546,75.4375,-83.375,-2.75,#00DDBD,1207
260571,75.4375,-51.875,-29.625,#00D4EF,1207
260744,75.4375,9.25,41.875,#E2B26C,1207
260779,75.4375,18.5,51.5,#F3AB5A,1207
260893,75.5,-128.0,30.375,#00E67D,1208
260899,75.5,-120.375,17.5,#00E596,1208
260912,75.5,-96.0,-2.375,#00E0BC,1208
260914,75.5,-95.125,112.75,#00DD00,1208
260915,75.5,-90.875,-6.5,#00DFC4,1208
260916,75.5,-90.875,12.75,#00DEA0,1208
260918,75.5,-87.875,115.625,#00DB00,1208
260920,75.5,-85.5,8.0,#00DDA9,1208
260926,75.5,-80.75,118.0,#05D900,1208
260932,75.5,-73.75,119.75,#42D700,1208
260937,75.5,-67.125,121.5,#5CD500,1208
260939,75.5,-63.25,-17.0,#00D8D8,1208
260941,75.5,-62.625,65.375,#55D42F,1208
260945,75.5,-60.625,122.625,#6FD200,1208
260951,75.5,-56.5,-17.75,#00D5D9,1208
260956,75.5,-53.25,89.375,#7CD000,1208
260961,75.5,-46.125,-8.875,#00D1C9,1208
260963,75.5,-45.75,57.375,#81CE47,1208
260972,75.5,-37.5,125.875,#A3C900,1208
260989,75.5,-29.75,126.75,#B1C600,1208
260990,75.5,-29.25,-31.25,#00CBF2,1208
260995,75.5,-26.0,65.5,#AEC534,1208
260997,75.5,-24.875,7.0,#8BC7AC,1208
261002,75.5,-20.875,11.5,#99C4A4,1208
261016,75.5,-13.5,0.75,#9FC1B8,1208
261048,75.5,-1.5,12.75,#C1BAA3,1208
261049,75.5,-0.875,97.625,#DEB700,1208
261057,75.5,1.625,-6.625,#B7BAC6,1208
261068,75.5,3.5,117.25,#E6B400,1208
261080,75.5,9.5,117.625,#EFB000,1208
261088,75.5,14.375,0.375,#D5B1BA,1208
261092,75.5,16.0,38.375,#EBAE74,1208
261100,75.5,19.75,33.125,#EFAB7E,1208
261101,75.5,20.5,-4.0,#DCADC2,1208
261107,75.5,22.375,91.375,#FFA700,1208
261112,75.5,25.125,102.875,#FFA500,1208
261115,75.5,27.375,77.625,#FFA411,1208
261116,75.5,27.625,-36.75,#CBABFE,1208
261118,75.5,28.5,12.125,#F3A6A5,1208
261124,75.5,29.5,127.0,#FFA200,1208
261132,75.5,32.25,81.5,#FFA000,1208
261137,75.5,34.625,63.625,#FF9E41,1208
261145,75.5,41.0,70.5,#FF9831,1208
261147,75.5,45.25,43.875,#FF966B,1208
261158,75.5,63.75,-3.625,#FF85C3,1208
261160,75.5,74.0,-14.25,#FF79D6,1208
261250,75.5625,5.75,8.625,#CBB6AB,1209
261270,75.5625,32.875,73.25,#FFA027,1209
261373,75.625,-14.625,103.875,#C9BF00,1210
261408,75.625,5.0,-33.125,#9FBAF7,1210
261440,75.625,36.75,-25.875,#E7A3EB,1210
261470,75.6875,-91.625,67.875,#00DD23,1211
261494,75.6875,-43.875,66.5,#8BCD2F,1211
261523,75.6875,-16.125,115.5,#C8C000,1211
261638,75.6875,78.0,-21.5,#FF75E4,1211
261689,75.75,-23.625,-36.0,#18CAFC,1212
261813,75.75,60.375,2.5,#FF89B8,1212
262000,75.875,-91.25,108.125,#00DD00,1214
262169,75.9375,-111.5,29.25,#00E481,1215
262255,75.9375,0.375,-28.25,#9CBDEF,1215
262303,75.9375,54.25,16.0,#FF8FA0,1215
262490,76.0625,-84.125,110.875,#00DC00,1217
262526,76.0625,-37.375,86.625,#A0CB00,1217
262539,76.0625,-23.0,115.25,#BEC400,1217
262563,76.0625,-6.625,-41.75,#6CC3FF,1217
262566,76.0625,-4.75,67.25,#D5BB33,1217
262570,76.0625,-3.0,20.125,#C5BC96,1217
262623,76.0625,28.875,119.75,#FFA400,1217
262697,76.125,-57.5,117.125,#79D300,1218
262706,76.125,-46.375,-25.75,#00D4EA,1218
262713,76.125,-38.875,63.0,#96CC3B,1218
262852,76.125,29.5,98.75,#FFA400,1218
262911,76.1875,-80.625,62.25,#00DC39,1219
262948,76.1875,-35.125,108.0,#A8CA00,1219
263062,76.1875,12.125,109.75,#F5B000,1219
263186,76.25,-59.125,36.25,#43D576,1220
263252,76.25,-19.625,-28.75,#5DC9F0,1220
263471,76.3125,-45.625,124.625,#95CF00,1221
263489,76.3125,-35.875,48.375,#95CC5E,1221
263521,76.3125,-20.625,45.0,#B2C566,1221
263559,76.3125,-5.75,-29.625,#8AC2F2,1221
263648,76.3125,20.25,126.875,#FFAB00,1221
263661,76.3125,24.375,-17.375,#DBAEDD,1221
263733,76.375,-74.875,7.375,#00DCAD,1222
263745,76.375,-59.0,-7.5,#00D8C9,1222
263850,76.375,-15.125,49.75,#BFC25D,1222
263898,76.375,0.625,26.375,#CFBA8C,1222
264062,76.4375,-67.5,58.0,#3CD846,1223
264077,76.4375,-56.75,62.75,#6AD43B,1223
264120,76.4375,-34.0,32.0,#8FCC80,1223
264132,76.4375,-30.25,73.25,#ABC919,1223
264444,76.5,-51.25,60.125,#78D243,1224
264473,76.5,-32.875,18.0,#85CC9A,1224
264666,76.5,21.25,-22.875,#D0B1E7,1224
264711,76.5,40.875,35.875,#FF9D7D,1224
264741,76.5625,-128.0,83.625,#00E800,1225
264746,76.5625,-117.75,58.875,#00E641,1225
264747,76.5625,-117.0,35.875,#00E775,1225
264751,76.5625,-114.375,3.25,#00E8B4,1225
264756,76.5625,-109.625,-1.75,#00E7BD,1225
264768,76.5625,-100.25,-10.75,#00E5CE,1225
264772,76.5625,-97.0,34.75,#00E278,1225
264776,76.5625,-95.75,-14.75,#00E4D6,1225
264780,76.5625,-92.0,28.875,#00E184,1225
264785,76.5625,-89.125,-20.5,#00E3E1,1225
264789,76.5625,-86.75,23.375,#00E08F,1225
264796,76.5625,-82.875,-25.75,#00E1EA,1225
264797,76.5625,-82.875,94.375,#00DD00,1225
264806,76.5625,-76.625,77.75,#14DB00,1225
264811,76.5625,-75.375,50.5,#00DB58,1225
264822,76.5625,-71.375,26.0,#00DB8A,1225
264823,76.5625,-70.75,80.625,#43D900,1225
264828,76.5625,-68.625,-0.5,#00DBBC,1225
264846,76.5625,-56.5,81.25,#74D400,1225
264850,76.5625,-48.375,26.0,#61D38B,1225
264852,76.5625,-47.125,-39.875,#00D7FF,1225
264854,76.5625,-44.625,18.125,#62D29A,1225
264856,76.5625,-44.375,86.875,#93CF00,1225
264866,76.5625,-29.125,110.0,#B4C900,1225
264870,76.5625,-27.5,29.5,#9CCA85,1225
264874,76.5625,-24.625,-4.75,#7FCAC5,1225
264877,76.5625,-22.25,99.0,#BFC500,1225
264886,76.5625,-15.125,76.5,#C7C209,1225
264887,76.5625,-14.0,7.125,#A7C4AF,1225
264893,76.5625,-12.0,-26.0,#7FC6EC,1225
264894,76.5625,-12.0,94.75,#D0C000,1225
264900,76.5625,-9.625,100.375,#D4BF00,1225
264903,76.5625,-8.375,10.125,#B5C1AA,1225
264917,76.5625,-2.0,52.25,#D7BB59,1225
264921,76.5625,-1.25,1.75,#BCBDBA,1225
264944,76.5625,9.875,76.75,#EFB314,1225
264950,76.5625,12.25,85.25,#F4B200,1225
264957,76.5625,17.25,12.375,#E4B1A7,1225
264973,76.5625,31.0,35.125,#FFA57E,1225
264987,76.5625,41.0,101.0,#FF9B00,1225
264998,76.5625,45.0,120.5,#FF9700,1225
265006,76.5625,48.375,98.625,#FF9400,1225
265014,76.5625,52.375,8.75,#FF94AF,1225
265026,76.5625,61.625,26.375,#FF8890,1225
265031,76.5625,66.125,-30.75,#FF89F7,1225
265032,76.5625,67.25,21.875,#FF8198,1225
265040,76.625,-83.0,17.75,#00DF9A,1226
265065,76.625,-8.0,116.375,#D8BE00,1226
265095,76.625,39.5,54.875,#FF9D58,1226
265107,76.6875,-105.125,96.25,#00E300,1227
265108,76.6875,-103.5,84.5,#00E300,1227
265133,76.6875,-19.25,68.125,#BFC530,1227
265158,76.6875,7.625,64.625,#EAB53E,1227
265190,76.75,-128.0,20.875,#00EA93,1228
265191,76.75,-122.875,62.125,#00E838,1228
265195,76.75,-107.625,52.25,#00E553,1228
265227,76.75,-24.5,-21.75,#5DCCE5,1228
265241,76.75,-13.25,-19.75,#87C6E1,1228
265378,76.8125,-5.0,4.625,#B8C0B5,1229
265449,76.875,-107.25,44.375,#00E565,1230
265521,76.875,-4.25,121.875,#DFBC00,1230
265523,76.875,-3.25,85.0,#DDBC00,1230
265630,76.9375,-62.25,84.5,#67D700,1231
265637,76.9375,-55.375,54.375,#6AD551,1231
265707,76.9375,3.875,73.875,#E7B822,1231
265714,76.9375,10.375,48.0,#EAB564,1231
265748,76.9375,53.5,-27.375,#FF98F2,1231
265765,77.0,-106.75,37.125,#00E674,1232
265768,77.0,-99.0,80.5,#00E300,1232
265789,77.0,-64.0,-35.875,#00DEFF,1232
265817,77.0,-30.0,-8.625,#68CECD,1232
265821,77.0,-26.375,-15.625,#66CDDA,1232
265849,77.0,-6.5,91.625,#D9BE00,1232
265937,77.0,38.375,113.0,#FF9E00,1232
265940,77.0,41.75,84.875,#FF9C00,1232
266062,77.0625,7.875,-7.0,#C7BACB,1233
266117,77.0625,57.625,21.75,#FF8E99,1233
266147,77.125,-69.375,-17.125,#00DEDC,1234
266161,77.125,-52.375,7.75,#1AD7AE,1234
266170,77.125,-41.375,-1.125,#4AD3BF,1234
266232,77.125,-0.75,113.0,#E5BB00,1234
266252,77.125,5.75,53.625,#E5B859,1234
266269,77.125,18.625,58.75,#FAAF4F,1234
266327,77.1875,-112.375,47.625,#00E75E,1235
266337,77.1875,-80.5,102.0,#11DE00,1235
266355,77.1875,-52.5,71.375,#7DD520,1235
266379,77.1875,-23.0,75.625,#BBC811,1235
266384,77.1875,-18.625,-5.375,#90C9C8,1235
266390,77.1875,-15.625,61.0,#C4C446,1235
266401,77.1875,-10.875,110.375,#D5C100,1235
266436,77.1875,5.0,97.5,#EDB800,1235
266499,77.1875,35.25,7.875,#FFA5B2,1235
266528,77.1875,56.125,56.875,#FF8E57,1235
266537,77.25,-111.0,80.875,#00E700,1236
266554,77.25,-67.5,-10.5,#00DED0,1236
266649,77.25,-4.625,33.375,#CCBF81,1236
266651,77.25,-4.625,106.75,#DFBE00,1236
266791,77.25,46.5,-16.75,#FF9EDF,1236
266809,77.25,73.0,-3.25,#FF7EC7,1236
266814,77.3125,-98.125,53.125,#00E453,1237
266817,77.3125,-95.75,22.375,#00E492,1237
266869,77.3125,-38.625,13.0,#71D1A6,1237
266909,77.3125,-11.875,-4.75,#A1C6C7,1237
267000,77.3125,15.75,65.0,#F8B240,1237
267026,77.3125,26.625,20.125,#FAAC9B,1237
267046,77.3125,39.5,43.125,#FFA071,1237
267088,77.375,-94.375,76.5,#00E300,1238
267109,77.375,-66.125,115.875,#65DA00,1238
267112,77.375,-64.625,27.125,#00DB8A,1238
267118,77.375,-61.5,98.0,#6FD800,1238
267126,77.375,-55.375,22.875,#3FD893,1238
267422,77.4375,-122.75,53.875,#00EA50,1239
267428,77.4375,-101.375,27.875,#00E688,1239
267482,77.4375,-43.375,75.875,#94D207,1239
267604,77.4375,4.0,-38.875,#98C0FF,1239
267690,77.4375,31.125,-27.0,#E2ADF2,1239
267724,77.4375,52.75,40.5,#FF9377,1239
267728,77.4375,57.25,65.125,#FF8D46,1239
267740,77.5,-128.0,66.375,#00EB2C,1240
267741,77.5,-128.0,75.25,#00EB00,1240
267743,77.5,-125.0,92.75,#00EA00,1240
267750,77.5,-108.5,70.375,#00E71C,1240
267758,77.5,-97.125,4.0,#00E6B5,1240
267762,77.5,-86.0,78.5,#00E100,1240
267765,77.5,-78.875,-6.25,#00E2C9,1240
267768,77.5,-75.0,71.875,#22DD1B,1240
267772,77.5,-68.0,13.25,#00DDA5,1240
267775,77.5,-65.5,-23.75,#00DFEA,1240
267780,77.5,-61.125,-29.125,#00DEF4,1240
267784,77.5,-58.75,1.0,#00DBBC,1240
267792,77.5,-51.375,126.375,#8CD500,1240
267796,77.5,-45.5,109.5,#97D200,1240
267799,77.5,-40.375,-32.625,#00D6FB,1240
267802,77.5,-37.625,-8.375,#49D3CE,1240
267806,77.5,-36.625,22.625,#83D194,1240
267809,77.5,-35.625,-38.125,#00D4FF,1240
267819,77.5,-28.0,84.5,#B5CB00,1240
267836,77.5,-21.125,55.625,#B9C853,1240
267880,77.5,-2.125,-34.75,#8EC4FF,1240
267887,77.5,0.0,-18.875,#ACC1E2,1240
267890,77.5,3.25,36.25,#DCBB7C,1240
267897,77.5,7.0,-25.5,#B3BDEE,1240
267902,77.5,8.125,2.875,#D1BABA,1240
267930,77.5,22.875,64.625,#FFAD43,1240
267937,77.5,27.875,-10.25,#EAAED3,1240
267938,77.5,28.25,61.25,#FFA94B,1240
267950,77.5,37.625,-2.125,#FFA5C5,1240
267951,77.5,39.25,15.125,#FFA2A5,1240
267955,77.5,42.875,21.0,#FF9F9B,1240
267956,77.5,44.125,-30.375,#F6A2F8,1240
267962,77.5,46.5,68.25,#FF993D,1240
267963,77.5,47.125,80.375,#FF9815,1240
267992,77.5625,-45.25,98.375,#97D200,1241
268004,77.5625,-29.0,13.25,#8DCEA6,1241
268022,77.5625,-11.625,23.75,#BBC593,1241
268056,77.5625,15.375,-15.875,#CFB7DD,1241
268080,77.5625,41.25,127.0,#FF9D00,1241
268084,77.5625,49.625,49.875,#FF9765,1241
268231,77.6875,-68.75,40.125,#00DD71,1243
268352,77.6875,58.0,-16.75,#FF94E1,1243
268353,77.6875,59.375,-28.375,#FF94F6,1243
268392,77.75,-40.125,104.5,#A3D100,1244
268426,77.75,-22.0,121.25,#C5C800,1244
268546,77.8125,-114.5,95.125,#00E900,1245
268573,77.8125,-47.625,-3.375,#00D8C5,1245
268574,77.8125,-46.5,-17.25,#00D8DF,1245
268578,77.8125,-44.5,38.75,#7ED476,1245
268583,77.8125,-40.0,93.375,#A1D100,1245
268653,77.8125,3.75,13.75,#D2BDA7,1245
268854,77.875,7.125,28.125,#E0BA8D,1246
268867,77.875,12.375,32.375,#EAB785,1246
268904,77.875,41.5,61.0,#FF9F4E,1246
268934,77.9375,-75.25,96.875,#3EDE00,1247
269082,77.9375,51.875,75.5,#FF942C,1247
269102,78.0,-73.75,-25.0,#00E3ED,1248
269103,78.0,-71.5,92.125,#4DDD00,1248
269267,78.0625,-62.125,45.25,#4ADB68,1249
269305,78.0625,-17.625,20.25,#AEC99B,1249
269395,78.0625,39.875,27.125,#FFA291,1249
269404,78.0625,49.875,20.0,#FF999F,1249
269416,78.125,-128.0,42.375,#00EE6B,1250
269419,78.125,-105.5,108.75,#00E800,1250
269423,78.125,-97.0,100.25,#00E500,1250
269594,78.125,30.25,-16.875,#EBAEE1,1250
269637,78.1875,-103.75,66.625,#00E82F,1251
269750,78.1875,-6.5,80.125,#DBC200,1251
269807,78.1875,11.875,100.875,#FAB600,1251
269883,78.1875,73.75,-33.25,#FF85FF,1251
269885,78.25,-128.0,58.0,#00EE47,1252
269889,78.25,-113.0,65.0,#00EA34,1252
269922,78.25,-63.625,17.75,#00DE9E,1252
270006,78.25,-7.75,18.75,#C1C59F,1252
270008,78.25,-7.5,40.25,#CDC476,1252
270188,78.3125,-96.75,69.625,#00E625,1253
270200,78.3125,-77.75,89.625,#2AE000,1253
270204,78.3125,-72.625,104.0,#4FDF00,1253
270235,78.3125,-45.375,50.25,#86D65F,1253
270243,78.3125,-40.25,34.125,#87D480,1253
270356,78.3125,-0.25,41.5,#DBC074,1253
270430,78.3125,27.625,48.5,#FFAC68,1253
270467,78.3125,41.875,-21.875,#FCA6EB,1253
270481,78.3125,55.625,46.375,#FF936F,1253
270492,78.375,-123.0,71.875,#00ED15,1254
270508,78.375,-83.0,-13.5,#00E6D9,1254
270643,78.375,6.25,81.875,#F0BA00,1254
270738,78.375,46.0,38.375,#FF9D7D,1254
270753,78.375,54.375,26.625,#FF9594,1254
270769,78.4375,-113.375,74.0,#00EB05,1255
270785,78.4375,-88.5,91.5,#00E400,1255
270788,78.4375,-84.375,87.0,#00E300,1255
270818,78.4375,-57.25,-35.625,#00DFFF,1255
270854,78.4375,-41.125,54.875,#93D455,1255
270863,78.4375,-33.0,65.875,#A9D03B,1255
270879,78.4375,-24.25,19.5,#A0CE9D,1255
270890,78.4375,-20.625,104.5,#C8CA00,1255
270908,78.4375,-14.875,29.875,#BBC98A,1255
271036,78.4375,23.25,42.25,#FFB074,1255
271060,78.4375,32.0,-33.875,#DFB0FF,1255
271147,78.5,-68.875,99.0,#5CDE00,1256
271218,78.5,-18.875,93.875,#CAC900,1256
271345,78.5,17.75,-32.75,#C4BAFF,1256
271364,78.5,23.75,-29.75,#D4B5FA,1256
271458,78.5625,-107.0,6.0,#00ECB4,1257
271464,78.5625,-92.875,41.75,#00E76F,1257
271467,78.5625,-85.125,29.0,#00E589,1257
271468,78.5625,-84.875,43.25,#00E46C,1257
271472,78.5625,-80.5,3.375,#00E5BA,1257
271475,78.5625,-79.75,11.5,#00E4AB,1257
271477,78.5625,-77.75,55.75,#00E251,1257
271478,78.5625,-77.25,30.125,#00E287,1257
271479,78.5625,-77.0,44.125,#00E26B,1257
271480,78.5625,-75.75,-0.625,#00E3C1,1257
271482,78.5625,-72.875,59.625,#22E048,1257
271487,78.5625,-59.75,75.0,#6FDB11,1257
271493,78.5625,-52.25,40.875,#6CD973,1257
271498,78.5625,-47.75,3.625,#39D9BA,1257
271505,78.5625,-36.75,39.875,#94D376,1257
271506,78.5625,-35.75,3.0,#6ED4BC,1257
271511,78.5625,-32.5,-2.125,#70D3C5,1257
271512,78.5625,-32.375,120.75,#B5D000,1257
271513,78.5625,-29.125,-36.875,#00D5FF,1257
271515,78.5625,-28.125,99.0,#BBCE00,1257
271516,78.5625,-27.5,53.125,#AFCE5B,1257
271520,78.5625,-24.375,40.375,#AFCD75,1257
271531,78.5625,-15.0,-32.0,#6ECDFD,1257
271533,78.5625,-14.0,14.375,#B2C9A7,1257
271540,78.5625,-8.0,126.875,#DFC300,1257
271544,78.5625,-5.625,73.125,#DCC228,1257
271578,78.5625,6.875,112.25,#F5BA00,1257
271581,78.5625,8.5,126.875,#F8B900,1257
271597,78.5625,18.5,104.875,#FFB200,1257
271598,78.5625,18.75,-9.25,#DEB7D4,1257
271599,78.5625,19.25,87.125,#FFB200,1257
271603,78.5625,22.0,16.25,#F4B3A5,1257
271606,78.5625,22.875,71.625,#FFB033,1257
271616,78.5625,35.125,-20.625,#F2ACE9,1257
271624,78.5625,40.75,92.25,#FFA100,1257
271628,78.5625,44.625,4.0,#FFA1BD,1257
271631,78.5625,48.0,-4.375,#FF9FCC,1257
271722,78.6875,-49.375,83.375,#8DD700,1259
271730,78.6875,-26.25,46.5,#AFCE69,1259
271783,78.75,-122.5,34.875,#00EF7D,1260
271791,78.75,-77.375,17.5,#00E4A0,1260
271816,78.75,-29.0,35.75,#A3D07F,1260
271855,78.75,14.75,127.0,#FFB500,1260
271859,78.75,17.75,120.75,#FFB300,1260
271865,78.75,23.5,29.75,#FDB18D,1260
271889,78.8125,-84.125,57.375,#00E44D,1261
271895,78.8125,-70.0,49.0,#22E062,1261
271946,78.8125,-3.875,57.875,#DCC253,1261
271977,78.8125,22.625,-36.5,#CBB8FF,1261
272230,78.9375,-7.875,50.75,#D3C562,1263
272306,78.9375,65.0,-22.875,#FF90F0,1263
272307,78.9375,71.125,-21.25,#FF88ED,1263
272328,79.0,-41.625,6.5,#60D8B6,1264
272330,79.0,-40.5,121.0,#A7D400,1264
272338,79.0,-37.75,-22.5,#00D8EC,1264
272417,79.0,7.625,91.5,#F6BB00,1264
272440,79.0,25.25,107.75,#FFAE00,1264
272457,79.0,34.75,68.5,#FFA83F,1264
272475,79.0625,-113.75,11.125,#00EFAC,1265
272493,79.0625,-61.125,91.125,#73DD00,1265
272510,79.0625,-36.875,81.375,#A8D300,1265
272589,79.0625,1.125,61.875,#E6C04B,1265
272642,79.0625,34.75,98.875,#FFA700,1265
272683,79.125,-59.5,-14.0,#00E0DC,1266
272741,79.125,-14.875,126.375,#D6C800,1266
272744,79.125,-14.375,-14.0,#94CDDD,1266
272846,79.125,34.0,23.875,#FFAB99,1266
272858,79.125,41.375,9.75,#FFA5B4,1266
272910,79.1875,-50.625,100.5,#90D900,1267
272927,79.1875,-33.75,-13.75,#52D6DD,1267
273008,79.1875,0.25,91.625,#EBC000,1267
273120,79.25,-76.375,-17.5,#00E7E3,1268
273132,79.25,-51.0,112.125,#91D900,1268
273223,79.25,-6.25,-24.25,#9ACAF1,1268
273328,79.25,30.125,29.25,#FFAE90,1268
273339,79.25,35.25,77.875,#FFA823,1268
273384,79.3125,-75.625,111.125,#48E200,1269
273401,79.3125,-52.875,94.0,#8ADA00,1269
273423,79.3125,-35.25,115.375,#B2D300,1269
273464,79.3125,-10.0,61.0,#D4C74C,1269
273551,79.3125,15.5,18.25,#EDB9A3,1269
273595,79.3125,40.125,-14.5,#FFA9E0,1269
273616,79.3125,68.0,-13.0,#FF8CDF,1269
273632,79.375,-105.5,101.625,#00EB00,1270
273638,79.375,-89.5,54.0,#00E857,1270
273641,79.375,-85.0,71.5,#00E623,1270
273657,79.375,-70.0,18.75,#00E39F,1270
273690,79.375,-41.0,70.625,#9DD62E,1270
273846,79.375,23.875,119.125,#FFB000,1270
273932,79.4375,-58.625,-22.375,#00E2ED,1271
273934,79.4375,-56.125,104.375,#85DC00,1271
273970,79.4375,-30.5,-20.5,#4ED6EA,1271
273978,79.4375,-27.375,-27.125,#46D5F6,1271
274183,79.5,-122.75,79.75,#00F000,1272
274184,79.5,-118.125,86.5,#00EF00,1272
274186,79.5,-115.0,24.875,#00F093,1272
274188,79.5,-112.875,18.25,#00F09F,1272
274189,79.5,-112.25,103.125,#00ED00,1272
274192,79.5,-109.0,89.25,#00ED00,1272
274195,79.5,-101.875,14.75,#00EDA6,1272
274197,79.5,-101.875,43.75,#00EC6D,1272
274200,79.5,-101.25,-3.75,#00EEC9,1272
274207,79.5,-94.75,86.25,#00E900,1272
274209,79.5,-93.5,17.125,#00EBA2,1272
274212,79.5,-90.625,103.375,#00E800,1272
274214,79.5,-90.5,-14.25,#00ECDD,1272
274222,79.5,-79.5,24.375,#00E695,1272
274226,79.5,-78.0,121.625,#40E400,1272
274236,79.5,-71.375,123.875,#5DE200,1272
274244,79.5,-67.875,63.5,#4CE141,1272
274249,79.5,-64.875,125.625,#71DF00,1272
274250,79.5,-64.25,53.25,#51E05A,1272
274254,79.5,-61.25,108.5,#79DE00,1272
274258,79.5,-58.5,126.875,#82DD00,1272
274264,79.5,-54.0,14.625,#39DEA8,1272
274267,79.5,-51.875,-11.75,#00DFD9,1272
274271,79.5,-46.75,-34.5,#00DEFF,1272
274272,79.5,-45.625,12.125,#5DDBAD,1272
274285,79.5,-29.0,90.625,#BBD100,1272
274292,79.5,-25.75,1.375,#8CD3C2,1272
274295,79.5,-21.5,-10.625,#86D1D8,1272
274299,79.5,-20.125,32.875,#B6CE87,1272
274301,79.5,-19.875,4.375,#9FCFBC,1272
274306,79.5,-18.75,80.625,#CBCC00,1272
274318,79.5,-13.125,120.25,#D9C900,1272
274333,79.5,-6.375,-7.5,#B0C9D3,1272
274337,79.5,-4.75,-14.75,#ACC9E0,1272
274362,79.5,6.5,-12.375,#C6C2DC,1272
274364,79.5,6.625,18.75,#DFC0A3,1272
274370,79.5,8.75,-18.125,#C5C1E7,1272
274379,79.5,11.25,58.625,#F6BB54,1272
274391,79.5,18.75,113.75,#FFB500,1272
274414,79.5,32.5,-6.875,#FAAFD3,1272
274415,79.5,32.75,53.5,#FFAB62,1272
274439,79.5,48.375,57.75,#FF9D5A,1272
274444,79.5,53.125,-33.625,#FFA0FF,1272
274447,79.5,59.875,-9.5,#FF96D9,1272
274457,79.5625,-90.0,82.5,#00E800,1273
274540,79.5625,33.75,119.375,#FFA900,1273
274553,79.5625,57.25,-1.875,#FF98CB,1273
274565,79.625,-79.625,82.25,#14E500,1274
274697,79.6875,-122.25,47.375,#00F165,1275
274705,79.6875,-82.75,36.75,#00E77D,1275
274788,79.6875,1.875,1.125,#CAC4C3,1275
274865,79.75,-97.875,62.25,#00EB42,1276
274868,79.75,-86.625,98.875,#00E700,1276
274871,79.75,-84.875,119.125,#00E700,1276
275035,79.75,45.0,29.75,#FFA291,1276
275054,79.75,61.75,-33.5,#FF98FF,1276
275058,79.8125,-104.0,74.875,#00ED0C,1277
275092,79.8125,-43.5,115.75,#A3D800,1277
275175,79.8125,12.5,-23.375,#C8C0F1,1277
275200,79.8125,25.25,3.75,#F6B5C0,1277
275214,79.8125,38.625,-34.0,#EFAEFF,1277
275264,79.875,-55.5,121.375,#8ADD00,1278
275294,79.875,-22.875,88.375,#C6CF00,1278
275370,79.875,16.125,4.125,#E7BBBF,1278
275467,79.9375,-31.875,77.875,#B4D40F,1279
275506,79.9375,-2.375,101.875,#EAC400,1279
275544,79.9375,15.125,42.375,#F9BA77,1279
275549,79.9375,18.625,47.5,#FFB76E,1279
275589,79.9375,53.625,34.125,#FF9A8A,1279
275650,80.0,-15.875,40.5,#C3CD79,1280
275759,80.0625,-92.75,59.0,#00EB4C,1281
275765,80.0625,-68.125,75.875,#58E311,1281
275794,80.0625,-22.0,126.875,#CDCF00,1281
275864,80.0625,21.875,77.375,#FFB425,1281
275888,80.0625,51.5,-22.25,#FFA2F1,1281
275900,80.125,-99.0,90.625,#00EC00,1282
275906,80.125,-91.75,115.875,#00EA00,1282
275911,80.125,-81.125,114.125,#2EE700,1282
275917,80.125,-67.375,106.75,#69E200,1282
275922,80.125,-61.625,61.625,#65E148,1282
275925,80.125,-56.875,47.5,#68DF69,1282
275977,80.125,-15.0,55.25,#CCCC5B,1282
276009,80.125,0.5,126.75,#F1C200,1282
276042,80.125,11.375,24.25,#EBBE9A,1282
276105,80.1875,-89.0,64.5,#00EA3E,1283
276107,80.1875,-86.875,4.5,#00EBBC,1283
276110,80.1875,-84.375,-19.75,#00ECE9,1283
276132,80.1875,-54.625,31.0,#5CDF8B,1283
276137,80.1875,-49.25,121.375,#99DB00,1283
276185,80.1875,-12.75,84.75,#D8CB00,1283
276264,80.1875,25.0,86.5,#FFB200,1283
276279,80.1875,34.625,91.5,#FFAA00,1283
276296,80.1875,64.25,0.125,#FF92C9,1283
276299,80.25,-116.75,44.875,#00F26C,1284
276404,80.25,-10.75,3.25,#B4CDC1,1284
276461,80.25,7.75,11.875,#DEC1B1,1284
276467,80.25,11.0,-34.625,#B8C3FF,1284
276522,80.25,42.0,76.625,#FFA42D,1284
276548,80.3125,-98.75,112.375,#00EC00,1285
276552,80.3125,-91.0,9.125,#00EDB4,1285
276554,80.3125,-90.375,-2.875,#00EDCA,1285
276558,80.3125,-84.0,106.625,#02E800,1285
276573,80.3125,-62.625,39.0,#46E27B,1285
276574,80.3125,-62.125,7.0,#00E4B8,1285
276893,80.375,-28.375,7.25,#8FD6B9,1286
276942,80.375,-9.5,68.625,#DACA3C,1286
276978,80.375,1.75,-10.125,#C1C7DA,1286
277011,80.375,12.0,-11.75,#D4C1DD,1286
277113,80.4375,-61.0,32.375,#41E288,1287
277114,80.4375,-60.5,68.125,#6EE137,1287
277206,80.4375,-7.375,-34.75,#87CFFF,1287
277211,80.4375,-5.375,-1.25,#BBCBCA,1287
277258,80.4375,5.75,40.875,#EBC27B,1287
277342,80.4375,50.125,12.75,#FFA0B2,1287
277430,80.5,-23.5,27.375,#AED394,1288
277575,80.5,18.75,36.5,#FEB984,1288
277593,80.5,27.375,-3.375,#F7B6CF,1288
277641,80.5625,-112.625,54.625,#00F257,1289
277642,80.5625,-109.125,25.875,#00F294,1289
277643,80.5625,-108.125,59.75,#00F04B,1289
277645,80.5625,-103.25,56.125,#00EF54,1289
277647,80.5625,-91.125,71.875,#00EB25,1289
277657,80.5625,-72.375,-6.125,#00E9D1,1289
277661,80.5625,-68.625,32.625,#00E588,1289
277662,80.5625,-67.625,84.5,#61E400,1289
277665,80.5625,-63.25,-6.75,#00E6D3,1289
277671,80.5625,-55.25,-27.25,#00E4F9,1289
277672,80.5625,-52.625,77.875,#89DE09,1289
277673,80.5625,-50.625,-22.625,#00E2F1,1289
277677,80.5625,-47.875,69.125,#91DC36,1289
277679,80.5625,-46.75,33.0,#7ADD88,1289
277683,80.5625,-43.875,22.75,#77DC9C,1289
277688,80.5625,-40.625,-15.125,#1DDDE3,1289
277689,80.5625,-35.75,99.125,#B3D700,1289
277690,80.5625,-35.25,-30.5,#00DCFF,1289
277693,80.5625,-31.875,45.125,#A8D670,1289
277696,80.5625,-26.625,59.75,#B9D351,1289
277699,80.5625,-20.625,-33.0,#59D6FF,1289
277701,80.5625,-19.875,-23.875,#75D5F4,1289
277706,80.5625,-16.375,109.25,#D6CD00,1289
277731,80.5625,-1.875,9.0,#CCC8B7,1289
277735,80.5625,-0.125,77.5,#ECC520,1289
277742,80.5625,2.375,105.625,#F4C300,1289
277748,80.5625,4.75,-20.75,#BDC7EE,1289
277765,80.5625,13.5,-5.25,#DDC0D2,1289
277767,80.5625,14.5,76.25,#FFBB29,1289
277785,80.5625,21.0,24.125,#FCB99C,1289
277791,80.5625,32.0,110.875,#FFAD00,1289
277794,80.5625,33.0,39.875,#FFAE7F,1289
277797,80.5625,33.25,125.75,#FFAC00,1289
277799,80.5625,34.125,104.75,#FFAC00,1289
277800,80.5625,34.25,16.5,#FFAFAB,1289
277808,80.5625,39.0,122.25,#FFA700,1289
277811,80.5625,43.625,49.375,#FFA56E,1289
277814,80.5625,50.625,3.5,#FFA1C3,1289
277815,80.5625,51.5,-13.0,#FFA2E2,1289
277818,80.5625,56.375,5.5,#FF9BC0,1289
277820,80.5625,58.25,14.625,#FF98B0,1289
277821,80.625,-111.25,41.875,#00F274,1290
277915,80.6875,-55.625,87.5,#86E000,1291
277919,80.6875,-49.0,18.625,#5FDFA4,1291
277967,80.6875,9.125,68.875,#F9BF3F,1291
277977,80.6875,17.625,69.625,#FFB93E,1291
277991,80.6875,39.625,-28.0,#F9AFFD,1291
278026,80.75,-34.75,126.875,#B8D700,1292
278128,80.8125,-28.5,69.5,#BAD538,1293
278134,80.8125,-23.125,65.625,#C3D243,1293
278182,80.8125,23.0,94.125,#FFB500,1293
278322,80.875,32.625,46.375,#FFAF73,1294
278423,80.9375,4.25,-4.125,#CEC7D1,1295
278470,80.9375,32.625,-0.5,#FFB2CB,1295
278521,81.0,-45.5,-11.25,#00E0DD,1296
278754,81.0625,-5.625,23.625,#D0CB9D,1297
278772,81.0625,6.0,48.5,#F0C36D,1297
278808,81.0625,23.75,10.125,#FBB9B7,1297
278820,81.0625,32.75,59.5,#FFAF59,1297
279017,81.125,20.875,-16.5,#E3BDE9,1298
279064,81.1875,-128.0,48.25,#00F767,1299
279067,81.1875,-118.0,66.625,#00F438,1299
279070,81.1875,-114.875,32.625,#00F588,1299
279085,81.1875,-80.25,65.625,#00EA3E,1299
279119,81.1875,-43.375,-21.125,#00E1F0,1299
279194,81.1875,-2.125,28.75,#DAC994,1299
279201,81.1875,-0.125,21.5,#D9C8A2,1299
279246,81.1875,12.125,51.875,#FBBF67,1299
279351,81.25,-54.75,-18.0,#00E5EA,1300
279373,81.25,-43.125,127.0,#AADC00,1300
279404,81.25,-18.625,50.375,#C7D168,1300
279417,81.25,-13.0,98.625,#DDCD00,1300
279461,81.25,2.0,118.25,#F7C500,1300
279479,81.25,8.75,121.5,#FFC000,1300
279557,81.25,64.25,-17.375,#FF97EC,1300
279611,81.3125,-45.125,90.5,#A0DD00,1301
279615,81.3125,-43.875,45.25,#8FDE71,1301
279631,81.3125,-33.875,26.375,#98DA97,1301
279645,81.3125,-25.0,79.5,#C5D40E,1301
279774,81.3125,19.125,-3.0,#EBBED0,1301
279828,81.3125,46.875,43.75,#FFA47B,1301
279877,81.375,-51.0,63.625,#89E047,1302
279895,81.375,-30.5,103.75,#C0D700,1302
279975,81.375,0.0,-23.5,#B1CCF6,1302
280021,81.375,15.625,91.0,#FFBC00,1302
280056,81.375,28.875,13.375,#FFB6B3,1302
280164,81.4375,-43.125,64.875,#9CDD45,1303
280249,81.4375,0.625,71.5,#EFC738,1303
280331,81.4375,27.875,81.375,#FFB31A,1303
280374,81.5,-107.375,11.375,#00F5B2,1304
280382,81.5,-100.125,33.375,#00F288,1304
280388,81.5,-96.5,26.625,#00F195,1304
280399,81.5,-81.625,49.75,#00EC66,1304
280406,81.5,-75.125,36.625,#00EA82,1304
280412,81.5,-71.375,69.125,#4AE836,1304
280419,81.5,-61.125,22.25,#24E69F,1304
280420,81.5,-60.0,115.5,#84E300,1304
280424,81.5,-53.25,-0.875,#00E4CB,1304
280426,81.5,-50.375,54.875,#85E15D,1304
280434,81.5,-37.875,45.25,#9DDC72,1304
280443,81.5,-28.625,115.125,#C5D600,1304
280446,81.5,-24.25,109.625,#CCD400,1304
280452,81.5,-19.125,114.625,#D5D100,1304
280459,81.5,-15.375,-8.125,#A0D4D9,1304
280466,81.5,-9.25,31.375,#CFCE8F,1304
280467,81.5,-8.875,-19.25,#A1D1EE,1304
280483,81.5,-2.875,16.0,#D1CBAD,1304
280491,81.5,-0.625,-3.375,#C6CBD1,1304
280506,81.5,3.625,7.25,#D7C8BD,1304
280528,81.5,13.0,117.25,#FFBE00,1304
280533,81.5,17.125,97.125,#FFBB00,1304
280542,81.5,23.125,101.125,#FFB700,1304
280543,81.5,23.125,125.0,#FFB700,1304
280548,81.5,27.0,54.625,#FFB564,1304
280550,81.5,27.25,75.125,#FFB432,1304
280559,81.5,43.0,-1.125,#FFABCE,1304
280573,81.5625,-89.75,31.375,#00EF8C,1305
280603,81.5625,-21.375,15.25,#ABD5AD,1305
280621,81.5625,-3.75,96.25,#EDC900,1305
280639,81.5625,14.875,10.0,#EDC0B9,1305
280657,81.625,-119.25,75.25,#00F612,1306
280664,81.625,-95.75,95.5,#00F000,1306
280727,81.625,7.75,33.375,#EEC48D,1306
280754,81.625,38.875,4.875,#FFAFC3,1306
280790,81.6875,-35.625,51.125,#A6DB67,1307
280811,81.6875,-19.5,59.875,#CAD354,1307
280851,81.6875,4.625,-29.125,#B5CBFF,1307
280874,81.6875,20.875,55.5,#FFBA62,1307
280877,81.6875,24.875,113.125,#FFB600,1307
280891,81.6875,37.5,82.875,#FFAC18,1307
281248,81.875,-34.0,109.75,#BCDA00,1310
281376,81.875,39.125,-6.0,#FFB0D8,1310
281422,81.9375,-42.0,79.625,#A6DE09,1311
281457,81.9375,-16.625,66.75,#D2D244,1311
281546,82.0,-103.125,81.625,#00F300,1312
281567,82.0,-40.625,29.375,#8BDF93,1312
281587,82.0,-21.375,71.25,#CBD437,1312
281609,82.0,-3.75,66.625,#E8CB47,1312
281733,82.0625,-45.75,-26.625,#00E5FD,1313
281774,82.0625,-10.625,9.125,#BED1BB,1313
281889,82.125,-82.25,91.25,#1CED00,1314
281954,82.125,-13.375,75.0,#DBD02D,1314
282115,82.1875,-13.25,47.875,#D2D170,1315
282237,82.25,-98.75,77.5,#00F207,1316
282252,82.25,-75.875,116.375,#55EB00,1316
282253,82.25,-69.875,1.0,#00ECC9,1316
282254,82.25,-69.875,24.75,#00EB9C,1316
282258,82.25,-67.875,94.375,#6AE800,1316
282262,82.25,-65.25,-13.0,#00ECE3,1316
282327,82.25,-17.75,-2.25,#A3D7D0,1316
282345,82.25,-8.625,89.625,#E6CE00,1316
282347,82.25,-8.0,114.25,#EACD00,1316
282439,82.25,29.875,-23.625,#F0BAF9,1316
282515,82.3125,-34.25,17.125,#90DDAC,1317
282526,82.3125,-27.875,-3.5,#87DCD2,1317
282575,82.3125,-2.625,50.5,#E6CC6C,1317
282689,82.375,-119.125,58.0,#00F954,1318
282702,82.375,-88.625,109.875,#00F000,1318
282708,82.375,-83.25,19.625,#00F0A5,1318
282712,82.375,-75.25,7.25,#00EEBD,1318
282794,82.375,-13.25,-25.0,#8ED6FB,1318
282906,82.375,19.375,61.625,#FFBD56,1318
282915,82.375,22.375,-23.75,#E2C0FA,1318
282969,82.4375,-106.0,94.75,#00F500,1319
282971,82.4375,-98.75,1.0,#00F6C9,1319
283000,82.4375,-63.875,-26.75,#00EDFD,1319
283119,82.4375,-1.5,-31.375,#A4D1FF,1319
283272,82.5,-58.875,-3.125,#00E9D1,1320
283364,82.5,-10.875,37.625,#D2D186,1320
283371,82.5,-7.875,-29.125,#97D4FF,1320
283375,82.5,-6.875,44.5,#DDCF78,1320
283383,82.5,-4.125,36.25,#DECE89,1320
283522,82.5625,-124.0,63.25,#00FA46,1321
283523,82.5625,-112.875,83.125,#00F700,1321
283524,82.5625,-105.0,48.125,#00F66C,1321
283528,82.5625,-90.125,21.125,#00F3A3,1321
283529,82.5625,-87.875,48.625,#00F16B,1321
283535,82.5625,-83.0,-6.25,#00F2D7,1321
283537,82.5625,-79.25,73.0,#1DEE2A,1321
283538,82.5625,-77.375,101.125,#4AED00,1321
283541,82.5625,-74.375,77.125,#47EC16,1321
283546,82.5625,-60.375,100.875,#83E700,1321
283549,82.5625,-55.25,37.0,#69E685,1321
283550,82.5625,-54.75,68.5,#85E53D,1321
283555,82.5625,-49.5,47.875,#86E36F,1321
283571,82.5625,-35.0,8.875,#85DFBC,1321
283574,82.5625,-33.875,88.375,#BADC00,1321
283576,82.5625,-28.5,-14.25,#72DEE7,1321
283583,82.5625,-22.125,-16.375,#83DBEB,1321
283586,82.5625,-20.0,99.0,#D5D500,1321
283593,82.5625,-10.125,-11.25,#ACD4E2,1321
283609,82.5625,-5.125,84.5,#ECCD00,1321
283637,82.5625,10.5,0.5,#E2C7CD,1321
283638,82.5625,11.25,-29.0,#C6C9FF,1321
283642,82.5625,12.625,108.625,#FFC100,1321
283660,82.5625,25.75,35.0,#FFBA8D,1321
283665,82.5625,29.5,97.5,#FFB500,1321
283667,82.5625,29.75,7.375,#FFB9C1,1321
283680,82.5625,35.75,31.0,#FFB295,1321
283687,82.5625,39.0,36.125,#FFAF8C,1321
283694,82.5625,43.0,66.125,#FFAA4F,1321
283702,82.5625,46.875,-28.375,#FFAEFF,1321
283705,82.5625,57.375,-22.0,#FFA3F8,1321
283740,82.625,7.25,61.875,#FBC655,1322
283842,82.6875,38.875,58.5,#FFAE60,1323
283860,82.75,-57.625,95.375,#89E600,1324
283950,82.8125,-99.75,102.875,#00F400,1325
283953,82.8125,-82.875,8.125,#00F2BC,1325
284011,82.8125,-5.125,5.0,#C8D1C5,1325
284048,82.8125,33.0,-11.875,#FFB8E5,1325
284068,82.875,-83.625,77.125,#00F015,1326
284124,82.875,-18.125,86.25,#D7D500,1326
284158,82.875,5.25,55.375,#F6C864,1326
284177,82.875,25.625,61.75,#FFBA58,1326
284192,82.9375,-105.875,70.0,#00F734,1327
284206,82.9375,-51.125,8.625,#46E7BD,1327
284280,82.9375,3.125,84.25,#FAC900,1327
284330,82.9375,54.0,-28.0,#FFA8FF,1327
284344,83.0,-60.125,55.875,#6EE95E,1328
284359,83.0,-40.875,-2.375,#5CE4D2,1328
284419,83.0,4.5,26.375,#E9CA9E,1328
284434,83.0,8.375,100.0,#FFC500,1328
284475,83.0625,-79.375,-12.5,#00F3E4,1329
284610,83.0625,37.625,43.0,#FFB180,1329
284622,83.125,-100.375,67.25,#00F63E,1330
284782,83.1875,-98.375,51.875,#00F665,1331
284825,83.1875,-35.25,74.125,#B5DE2F,1331
284828,83.1875,-32.875,39.625,#AADE82,1331
284840,83.1875,-30.75,2.5,#8ADFCA,1331
284918,83.1875,1.25,14.875,#DDCDB3,1331
285030,83.25,-66.5,117.125,#78EB00,1332
285098,83.25,-6.75,76.875,#EAD02B,1332
285210,83.25,48.125,26.0,#FFA9A1,1332
285387,83.3125,27.125,-8.875,#FBBEE1,1333
285402,83.3125,36.25,-17.125,#FFB8F1,1333
285465,83.375,-46.75,98.375,#A5E400,1334
285659,83.375,42.875,19.625,#FFAFAD,1334
285684,83.4375,-85.0,61.125,#00F251,1335
285721,83.4375,-48.5,116.375,#A4E400,1335
285730,83.4375,-44.625,109.875,#ACE300,1335
285742,83.4375,-38.5,-8.875,#58E4DF,1335
285955,83.4375,52.125,21.5,#FFA6AA,1335
285964,83.5,-116.25,50.375,#00FB69,1336
285965,83.5,-113.625,93.0,#00FA00,1336
285978,83.5,-95.375,108.5,#00F500,1336
285986,83.5,-87.5,39.625,#00F481,1336
285991,83.5,-79.0,60.125,#00F154,1336
285994,83.5,-75.625,85.625,#4CEF00,1336
285996,83.5,-74.125,64.0,#3CEF4A,1336
285997,83.5,-73.875,94.625,#5AEE00,1336
285998,83.5,-72.75,46.0,#17EF74,1336
285999,83.5,-71.125,-13.125,#00F1E7,1336
286000,83.5,-70.5,11.5,#00F0B8,1336
286001,83.5,-70.375,112.0,#6CED00,1336
286003,83.5,-69.625,54.5,#47EE62,1336
286007,83.5,-65.125,45.75,#50EC75,1336
286012,83.5,-61.75,121.5,#87EA00,1336
286014,83.5,-60.25,13.0,#00ECB6,1336
286017,83.5,-55.75,19.875,#4CEAA9,1336
286019,83.5,-55.25,110.625,#95E700,1336
286020,83.5,-51.875,127.0,#9EE600,1336
286021,83.5,-50.25,25.0,#6DE79F,1336
286022,83.5,-49.25,105.625,#A1E500,1336
286023,83.5,-48.5,-5.125,#1CE8D8,1336
286037,83.5,-36.5,65.875,#B1E049,1336
286041,83.5,-34.25,-18.0,#51E3F1,1336
286044,83.5,-30.25,22.0,#A2DFA6,1336
286057,83.5,-24.0,36.5,#BBDB8A,1336
286059,83.5,-21.5,9.125,#ABDBBE,1336
286060,83.5,-21.0,22.75,#B8DAA5,1336
286068,83.5,-14.5,22.5,#C5D7A5,1336
286072,83.5,-12.375,104.25,#E6D300,1336
286082,83.5,-6.125,120.625,#F1D000,1336
286103,83.5,1.625,34.5,#EACD8F,1336
286118,83.5,6.875,74.625,#FFC836,1336
286126,83.5,11.75,81.0,#FFC520,1336
286129,83.5,13.25,30.375,#FBC698,1336
286131,83.5,13.25,63.5,#FFC454,1336
286151,83.5,24.875,46.25,#FFBD7A,1336
286163,83.5,29.75,21.625,#FFBAA9,1336
286166,83.5,36.0,10.875,#FFB6BD,1336
286167,83.5,36.625,50.125,#FFB373,1336
286171,83.5,44.875,-8.75,#FFB0E2,1336
286172,83.5,46.0,7.25,#FFADC4,1336
286173,83.5,48.625,-18.25,#FFADF4,1336
286250,83.625,-99.375,11.125,#00F9B9,1338
286363,83.6875,-39.75,15.125,#82E4B3,1339
286495,83.75,-30.125,32.625,#ACDF92,1340
286504,83.75,-22.125,120.625,#D8D900,1340
286610,83.8125,-95.375,36.25,#00F788,1341
286622,83.8125,-76.25,53.25,#00F165,1341
286683,83.8125,-11.875,16.375,#C7D7B2,1341
286975,83.9375,-64.75,-2.0,#00F0D3,1343
287023,83.9375,-19.375,43.375,#C9DA7E,1343
287068,83.9375,4.25,113.375,#FFCB00,1343
287082,83.9375,10.625,42.375,#FEC882,1343
287109,83.9375,31.375,69.375,#FFB84A,1343
287125,84.0,-96.375,19.875,#00F9A9,1344
287262,84.0,50.5,-5.125,#FFACDD,1344
287304,84.0625,-34.75,121.125,#C2E000,1345
287350,84.0625,4.25,-15.375,#CBD0EE,1345
287393,84.125,-77.375,1.0,#00F4CE,1346
287540,84.1875,-75.125,16.125,#00F3B1,1347
287563,84.1875,-42.375,53.5,#A0E568,1347
287566,84.1875,-40.25,60.375,#A8E458,1347
287603,84.1875,-10.0,126.25,#EED400,1347
287626,84.1875,1.5,97.5,#FDCD00,1347
287689,84.25,-110.75,47.75,#00FC71,1348
287701,84.25,-84.625,33.0,#00F590,1348
287723,84.25,-64.375,17.375,#00EFAF,1348
287795,84.25,-6.375,58.375,#E8D360,1348
287858,84.25,19.875,19.5,#FFC4AF,1348
287891,84.3125,-112.375,73.0,#00FC2C,1349
287948,84.3125,-31.25,-28.0,#3CE5FF,1349
287958,84.3125,-23.625,92.375,#D3DC00,1349
288073,84.3125,21.25,109.125,#FFC000,1349
288088,84.3125,42.0,-22.125,#FFB6FD,1349
288104,84.375,-88.375,90.625,#00F600,1350
288128,84.375,-55.75,59.75,#82EB59,1350
288142,84.375,-40.875,99.125,#B4E400,1350
288167,84.375,-28.625,51.875,#BDDF6D,1350
288328,84.4375,-121.75,53.0,#00FF65,1351
288337,84.4375,-87.0,68.25,#00F640,1351
288338,84.4375,-84.375,86.125,#03F500,1351
288351,84.4375,-62.625,88.875,#7FED00,1351
288364,84.4375,-42.25,34.625,#93E68F,1351
288484,84.4375,8.875,-5.25,#DFCEDD,1351
288592,84.5,-39.5,5.125,#76E7C8,1352
288614,84.5,-25.25,45.25,#C1DE7B,1352
288726,84.5,9.375,126.75,#FFC900,1352
288803,84.5625,-113.625,60.0,#00FE55,1353
288804,84.5625,-111.0,66.0,#00FD45,1353
288806,84.5625,-105.0,35.75,#00FC8B,1353
288807,84.5625,-102.5,28.625,#00FC99,1353
288811,84.5625,-88.125,13.0,#00F8B8,1353
288818,84.5625,-82.625,97.375,#33F400,1353
288825,84.5625,-70.625,103.625,#6DF000,1353
288830,84.5625,-69.0,-22.5,#00F4FC,1353
288838,84.5625,-61.5,76.5,#7DED26,1353
288845,84.5625,-48.75,40.875,#87E983,1353
288846,84.5625,-46.375,83.0,#A5E700,1353
288847,84.5625,-43.5,121.125,#B3E500,1353
288849,84.5625,-42.375,74.0,#ABE533,1353
288852,84.5625,-38.875,84.25,#B5E400,1353
288854,84.5625,-38.25,115.375,#BDE300,1353
288856,84.5625,-37.625,-26.0,#00E8FF,1353
288861,84.5625,-33.125,-6.375,#77E5DE,1353
288866,84.5625,-30.375,94.5,#C8E000,1353
288868,84.5625,-29.625,126.75,#CEDF00,1353
288869,84.5625,-29.375,84.75,#C8DF00,1353
288875,84.5625,-26.625,14.5,#A7E0B7,1353
288898,84.5625,-13.375,62.25,#DED857,1353
288910,84.5625,-1.875,109.75,#FBD000,1353
288932,84.5625,12.875,15.75,#F6CAB6,1353
288934,84.5625,14.25,-18.375,#DECCF6,1353
288938,84.5625,16.375,-25.0,#DBCBFF,1353
288941,84.5625,17.0,126.75,#FFC400,1353
288944,84.5625,19.25,74.375,#FFC33D,1353
288946,84.5625,19.75,120.5,#FFC200,1353
288952,84.5625,21.875,83.375,#FFC11C,1353
288957,84.5625,23.5,67.625,#FFC04F,1353
288959,84.5625,23.875,27.75,#FFC1A0,1353
288983,84.5625,28.75,88.625,#FFBB00,1353
288998,84.5625,36.125,63.875,#FFB659,1353
289003,84.5625,42.125,25.625,#FFB2A5,1353
289008,84.5625,44.25,33.875,#FFB096,1353
289021,84.625,-86.0,102.375,#16F500,1354
289024,84.625,-76.75,26.0,#00F49F,1354
289039,84.625,-28.625,75.875,#C7DF2F,1354
289065,84.625,-1.25,44.5,#EDD17E,1354
289099,84.6875,-107.125,86.875,#00FC00,1355
289102,84.6875,-99.5,45.625,#00FB77,1355
289126,84.6875,-31.0,60.125,#BDE15B,1355
289190,84.75,-85.125,53.5,#00F667,1356
289196,84.75,-65.875,36.0,#3EF08C,1356
289200,84.75,-64.25,29.75,#37F099,1356
289311,84.8125,-50.875,92.625,#9FE900,1357
289324,84.8125,-24.125,-23.875,#73E3FF,1357
289507,84.9375,-105.0,62.5,#00FD50,1359
289529,84.9375,-58.875,-12.5,#00F1EA,1359
289531,84.9375,-55.375,74.0,#8DEC33,1359
289563,84.9375,-17.25,4.75,#B4DDCB,1359
289619,84.9375,25.5,-16.125,#F7C4F3,1359
289626,84.9375,35.125,25.125,#FFBAA7,1359
289639,85.0,-80.875,38.875,#00F686,1360
289732,85.0,6.875,91.625,#FFCC00,1360
289771,85.0625,-92.5,65.25,#00F94A,1361
289779,85.0625,-79.875,106.0,#4BF500,1361
289895,85.0625,30.5,50.125,#FFBC77,1361
289941,85.125,-55.5,5.125,#18EFC9,1362
290020,85.125,1.0,64.625,#F9D155,1362
290080,85.1875,-90.0,80.375,#00F906,1363
290095,85.1875,-64.375,105.5,#82F000,1363
290108,85.1875,-55.125,102.75,#99EC00,1363
290113,85.1875,-52.625,-14.0,#00F0EE,1363
290166,85.1875,-13.5,29.25,#D0DB9D,1363
290281,85.1875,30.375,30.5,#FFBE9D,1363
290300,85.25,-93.875,74.5,#00FA2C,1364
290303,85.25,-92.75,51.5,#00FA6C,1364
290357,85.25,-25.375,98.75,#D4DF00,1364
290484,85.25,34.0,-5.875,#FFBEE1,1364
290535,85.3125,-44.25,11.375,#72EBBE,1365
290652,85.3125,8.0,17.75,#F1CFB4,1365
290747,85.375,-70.875,122.625,#74F200,1366
290851,85.375,-4.0,-13.5,#BFD9EE,1366
290893,85.375,10.125,-23.125,#D3D1FF,1366
290946,85.4375,-100.625,85.875,#00FC00,1367
290954,85.4375,-84.0,117.375,#3CF700,1367
291029,85.4375,-19.125,33.125,#C8DE96,1367
291165,85.4375,41.625,11.75,#FFB6C1,1367
291172,85.5,-108.75,53.625,#00FF67,1368
291174,85.5,-82.75,26.375,#00F9A1,1368
291175,85.5,-70.625,88.875,#6AF300,1368
291177,85.5,-66.75,68.375,#6AF245,1368
291179,85.5,-65.5,126.5,#84F100,1368
291181,85.5,-62.25,-17.5,#00F4F5,1368
291183,85.5,-59.125,40.875,#69F085,1368
291185,85.5,-58.75,126.875,#95EE00,1368
291186,85.5,-57.875,-22.375,#00F3FE,1368
291188,85.5,-56.5,83.75,#91EE00,1368
291191,85.5,-56.375,51.25,#7DEF6F,1368
291194,85.5,-54.5,-7.625,#00F1E2,1368
291198,85.5,-52.625,14.875,#57EFB8,1368
291209,85.5,-46.125,2.875,#5AEDCF,1368
291210,85.5,-46.125,29.0,#85EB9D,1368
291217,85.5,-38.125,104.5,#BEE600,1368
291235,85.5,-22.625,-8.625,#97E3E5,1368
291243,85.5,-18.75,78.75,#DCDD2A,1368
291245,85.5,-15.625,92.875,#E5DB00,1368
291248,85.5,-13.5,115.125,#EBD900,1368
291249,85.5,-13.375,-18.625,#A1DFF8,1368
291256,85.5,-11.125,-3.0,#BBDCDB,1368
291270,85.5,-6.25,-5.75,#C3DAE0,1368
291271,85.5,-6.25,12.875,#D4D8BD,1368
291281,85.5,-0.25,103.125,#FFD200,1368
291297,85.5,10.875,6.875,#F0CEC9,1368
291301,85.5,11.75,57.375,#FFCB67,1368
291317,85.5,17.5,42.375,#FFC886,1368
291319,85.5,17.75,-9.75,#EFCBE8,1368
291322,85.5,18.125,5.5,#FCC9CC,1368
291333,85.5,22.0,89.5,#FFC300,1368
291336,85.5,23.375,2.25,#FFC6D2,1368
291345,85.5,26.625,105.375,#FFBF00,1368
291349,85.5,30.5,42.25,#FFBE87,1368
291377,85.5625,-17.5,-12.0,#A0E0EC,1369
291418,85.625,-101.125,91.875,#00FD00,1370
291421,85.625,-69.375,81.75,#6BF305,1370
291470,85.625,3.25,-0.5,#DCD4D7,1370
291507,85.6875,-109.375,79.375,#00FF0F,1371
291539,85.6875,-4.75,-20.625,#B5DBFD,1371
291593,85.75,-104.5,75.875,#00FF27,1372
291690,85.75,19.75,48.5,#FFC77B,1372
291748,85.8125,-30.375,66.75,#C4E44E,1373
291796,85.8125,-2.0,-7.375,#CBD8E4,1373
291878,85.875,-55.625,121.75,#9DEE00,1374
291929,85.875,-13.25,42.0,#DADC86,1374
292011,85.875,26.0,122.0,#FFC000,1374
292030,85.9375,-99.5,72.5,#00FE36,1375
292158,85.9375,17.0,34.625,#FFCA96,1375
292254,86.0,-15.5,54.125,#DCDD6D,1376
292266,86.0,-7.125,98.5,#F6D700,1376
292320,86.0,13.0,47.5,#FFCC7D,1376
292387,86.0625,-37.625,126.875,#C4E700,1377
292413,86.0625,-22.0,126.625,#E0DF00,1377
292460,86.0625,2.125,-6.5,#D6D6E3,1377
292481,86.0625,10.625,23.375,#FBCFAC,1377
292501,86.0625,19.25,100.625,#FFC600,1377
292521,86.0625,32.0,2.625,#FFC1D4,1377
292524,86.0625,33.375,82.875,#FFBC29,1377
292622,86.125,1.25,126.625,#FFD200,1378
292638,86.125,10.25,-11.625,#E1D2EE,1378
292686,86.1875,-80.25,12.375,#00FBBE,1379
292701,86.1875,-50.75,-24.75,#00F3FF,1379
292705,86.1875,-45.875,-18.875,#00F0FA,1379
292721,86.1875,-18.5,109.5,#E5DE00,1379
292753,86.1875,0.375,-19.875,#C3D9FD,1379
292818,86.25,-77.625,120.5,#5FF700,1380
292823,86.25,-70.0,20.25,#00F7AF,1380
292825,86.25,-64.625,23.5,#22F5A9,1380
292837,86.25,-47.625,64.75,#A0ED53,1380
292848,86.25,-41.25,25.125,#91EBA7,1380
292905,86.25,-2.25,25.5,#E6D7A8,1380
292913,86.25,0.375,75.625,#FED43B,1380
292924,86.25,8.25,11.625,#F0D2C2,1380
292984,86.3125,-71.75,35.375,#00F791,1381
293013,86.3125,-36.875,55.875,#B3E869,1381
293049,86.3125,-9.125,66.125,#ECDA53,1381
293079,86.3125,0.875,4.875,#DED7CF,1381
293125,86.3125,17.25,54.25,#FFCA70,1381
293159,86.3125,42.0,2.375,#FFB9D5,1381
293206,86.375,-52.25,29.875,#76F09D,1382
293212,86.375,-46.25,127.0,#B4EC00,1382
293391,86.4375,-71.625,-7.25,#00FAE4,1383
293403,86.4375,-59.75,68.5,#83F248,1383
293408,86.4375,-57.125,90.25,#94F100,1383
293508,86.4375,2.5,20.125,#ECD5B3,1383
293521,86.4375,5.375,40.5,#FCD38B,1383
293785,86.5,28.125,-3.375,#FFC6E0,1384
293819,86.5625,-96.75,60.25,#00FF5B,1385
293823,86.5625,-88.75,26.75,#00FEA3,1385
293824,86.5625,-87.25,5.25,#00FFCC,1385
293841,86.5625,-65.375,58.0,#69F562,1385
293843,86.5625,-64.5,9.625,#00F7C4,1385
293844,86.5625,-64.5,112.25,#88F400,1385
293851,86.5625,-46.75,58.25,#9FED63,1385
293857,86.5625,-39.875,42.0,#A5EB86,1385
293865,86.5625,-36.25,35.5,#A8EA93,1385
293870,86.5625,-27.75,120.875,#D7E400,1385
293878,86.5625,-24.0,68.125,#D3E34D,1385
293883,86.5625,-21.625,104.125,#E0E100,1385
293890,86.5625,-17.5,72.75,#E0DF41,1385
293900,86.5625,-10.125,109.75,#F4DA00,1385
293912,86.5625,-4.125,70.625,#F7D849,1385
293923,86.5625,0.875,58.125,#FBD567,1385
293944,86.5625,9.625,118.0,#FFCE00,1385
293947,86.5625,10.5,69.125,#FFCE4F,1385
293954,86.5625,13.25,74.75,#FFCC40,1385
293971,86.5625,30.25,56.375,#FFC06E,1385
293987,86.625,-36.75,29.5,#A2EA9F,1386
294028,86.625,16.875,68.875,#FFCA51,1386
294060,86.6875,-27.875,26.5,#B5E6A6,1387
294113,86.6875,18.125,94.25,#FFC900,1387
294241,86.8125,-35.375,46.625,#B3EA7E,1389
294261,86.8125,-11.5,71.75,#EBDD46,1389
294301,86.8125,12.25,97.375,#FFCD00,1389
294328,86.875,-46.75,-10.75,#1FF2EC,1390
294365,86.875,-11.125,120.625,#F4DC00,1390
294416,86.875,25.125,73.375,#FFC547,1390
294432,86.9375,-77.125,43.75,#00FB82,1391
294459,86.9375,-26.25,1.125,#9FE8D7,1391
294530,86.9375,23.5,56.875,#FFC76D,1391
294531,86.9375,24.375,11.25,#FFC9C6,1391
294598,87.0,-10.0,5.75,#CADFCF,1392
294698,87.0625,-24.25,55.0,#CFE56D,1393
294722,87.0625,-9.0,85.5,#F3DC0E,1393
294738,87.0625,-0.5,-1.125,#D8DADC,1393
294812,87.125,-45.75,89.125,#B0EE00,1394
294842,87.125,-15.25,126.5,#EFDF00,1394
294929,87.125,42.625,-4.5,#FFBCE4,1394
294944,87.1875,-76.0,70.875,#4BFA42,1395
294954,87.1875,-55.125,-1.625,#00F5DC,1395
295016,87.1875,-0.625,10.625,#E2DAC6,1395
295030,87.1875,5.875,32.0,#FBD59E,1395
295084,87.25,-95.0,84.75,#00FF00,1396
295088,87.25,-90.5,33.25,#00FF97,1396
295092,87.25,-78.125,77.625,#48FB29,1396
295101,87.25,-63.75,99.25,#89F500,1396
295133,87.25,-30.5,115.125,#D3E700,1396
295139,87.25,-26.125,109.5,#DBE500,1396
295166,87.25,-10.125,51.75,#E8DE76,1396
295242,87.25,15.625,106.375,#FFCC00,1396
295253,87.25,19.125,-2.125,#FDCEDF,1396
295261,87.25,29.875,14.25,#FFC5C1,1396
295282,87.3125,-81.875,-1.375,#00FFDB,1397
295346,87.3125,-21.375,61.0,#D7E461,1397
295388,87.3125,-6.0,1.125,#CFDED8,1397
295389,87.3125,-5.875,91.375,#FBDA00,1397
295419,87.3125,5.0,6.5,#EAD7CF,1397
295489,87.375,-91.625,57.0,#00FF65,1398
295516,87.375,-53.125,116.5,#A7F100,1398
295538,87.375,-40.25,69.125,#B5ED4B,1398
295549,87.375,-31.25,104.125,#D1E800,1398
295692,87.375,25.25,20.75,#FFC8B5,1398
295737,87.4375,-59.125,115.375,#99F400,1399
295744,87.4375,-47.25,70.625,#A7F046,1399
295765,87.4375,-33.75,-11.625,#72EEF0,1399
295894,87.4375,15.5,83.625,#FFCD26,1399
295936,87.5,-97.25,98.75,#00FF00,1400
295938,87.5,-92.75,94.625,#00FF00,1400
295939,87.5,-92.125,104.375,#00FF00,1400
295941,87.5,-88.125,18.25,#00FFB6,1400
295951,87.5,-67.625,4.5,#00FBD1,1400
295953,87.5,-63.875,-9.25,#00FAEB,1400
295957,87.5,-51.625,36.25,#83F394,1400
295960,87.5,-47.25,17.75,#79F2B8,1400
295962,87.5,-47.25,51.25,#9CF175,1400
295966,87.5,-40.125,110.125,#C1EC00,1400
295968,87.5,-38.5,78.5,#BDEC2E,1400
295977,87.5,-33.5,12.0,#9BECC3,1400
295984,87.5,-28.25,38.625,#BFE890,1400
296002,87.5,-13.75,11.25,#C9E2C6,1400
296013,87.5,-7.875,39.5,#E7DE8F,1400
296018,87.5,-4.5,114.875,#FFDA00,1400
296020,87.5,-3.875,19.0,#E2DCB7,1400
296030,87.5,0.875,119.75,#FFD600,1400
296041,87.5,6.5,105.375,#FFD300,1400
296043,87.5,7.125,79.875,#FFD332,1400
296046,87.5,8.125,52.375,#FFD377,1400
296073,87.5,18.375,28.125,#FFCDA7,1400
296081,87.5,24.625,39.375,#FFC892,1400
296095,87.5,41.75,-16.0,#FFBFFB,1400
296123,87.5625,-22.125,17.125,#BCE7BA,1401
296126,87.5625,-20.25,0.25,#AFE7DA,1401
296169,87.625,-79.75,91.125,#4EFC00,1402
296181,87.625,-34.125,0.25,#89EEDA,1402
296193,87.625,-13.625,36.0,#DBE196,1402
296313,87.6875,37.75,-9.875,#FFC2F0,1403
296357,87.75,-9.75,20.375,#D9E0B5,1404
296527,87.8125,36.5,34.5,#FFC09D,1405
296532,87.875,-81.0,20.625,#00FFB2,1406
296542,87.875,-59.5,35.375,#67F796,1406
296560,87.875,-38.625,89.25,#C1ED00,1406
296571,87.875,-22.125,83.125,#DFE51E,1406
296579,87.875,-15.875,18.375,#CBE4B9,1406
296599,87.875,-5.25,126.625,#FFDB00,1406
296604,87.875,-2.875,82.75,#FFDA26,1406
296672,87.9375,-93.125,46.125,#00FF7F,1407
296746,87.9375,-4.375,49.25,#F3DC7D,1407
296946,88.0,19.125,14.875,#FFCFC1,1408
296961,88.0,29.625,35.75,#FFC69A,1408
297002,88.0625,-31.125,6.0,#9BEDD0,1409
297079,88.0625,17.125,60.0,#FFCE69,1409
297105,88.125,-83.375,43.375,#00FF85,1410
297222,88.1875,-87.0,109.75,#33FF00,1411
297229,88.1875,-75.625,58.5,#3FFD65,1411
297259,88.1875,-37.125,18.125,#9AF0B9,1411
297393,88.25,-38.625,-4.25,#72F2E4,1412
297394,88.25,-37.375,-21.25,#43F3FF,1412
297497,88.25,15.0,120.125,#FFCF00,1412
297521,88.25,33.125,-15.75,#FFC8FC,1412
297538,88.3125,-70.0,50.875,#52FC77,1413
297539,88.3125,-69.625,26.125,#00FDA9,1413
297591,88.3125,-14.125,82.625,#EEE225,1413
297616,88.3125,-2.75,35.625,#F1DD9A,1413
297698,88.375,-62.125,47.625,#6FF97E,1414
297707,88.375,-51.75,110.5,#ACF400,1414
297736,88.375,-30.75,-17.75,#73F0FE,1414
297781,88.375,-8.875,31.375,#E3E1A2,1414
297823,88.375,2.75,47.0,#FFD983,1414
297871,88.375,28.375,-20.125,#FFCCFF,1414
297876,88.375,37.25,-20.25,#FFC5FF,1414
297889,88.4375,-78.75,100.875,#5CFE00,1415
297892,88.4375,-70.125,64.375,#63FC58,1415
297965,88.4375,-19.0,98.0,#E9E500,1415
298178,88.5,-18.625,47.25,#DAE682,1416
298291,88.5,30.125,-9.5,#FFCAF1,1416
298299,88.5625,-91.375,39.75,#00FF8E,1417
298302,88.5625,-83.375,64.875,#00FF56,1417
298304,88.5625,-80.0,112.625,#5DFF00,1417
298305,88.5625,-73.75,-1.75,#00FFDF,1417
298308,88.5625,-70.25,97.125,#79FC00,1417
298309,88.5625,-69.5,42.125,#45FD8A,1417
298313,88.5625,-66.375,75.125,#7AFB3A,1417
298314,88.5625,-66.375,92.5,#83FA00,1417
298321,88.5625,-61.25,3.25,#00FCD6,1417
298323,88.5625,-61.125,62.25,#81F95E,1417
298324,88.5625,-59.75,27.875,#5CFAA7,1417
298326,88.5625,-55.125,64.25,#93F75A,1417
298330,88.5625,-46.0,103.125,#B7F200,1417
298335,88.5625,-40.375,-14.0,#4FF4F8,1417
298340,88.5625,-34.875,94.375,#CCED00,1417
298413,88.5625,11.875,-0.375,#F5D7DF,1417
298415,88.5625,12.125,38.75,#FFD495,1417
298418,88.5625,14.0,90.125,#FFD100,1417
298447,88.625,-47.125,78.625,#AEF330,1418
298476,88.625,14.75,19.75,#FFD4BA,1418
298487,88.6875,-94.625,69.625,#00FF48,1419
298508,88.6875,-23.125,114.5,#E5E700,1419
298541,88.6875,5.375,66.75,#FFD85A,1419
298542,88.6875,5.875,-18.875,#D8DDFF,1419
298567,88.75,-78.75,4.625,#00FFD4,1420
298654,88.8125,-58.625,56.5,#85F96C,1421
298658,88.8125,-45.5,-2.125,#5BF6E2,1421
298755,88.875,-52.875,24.125,#73F8AF,1422
298832,88.9375,-78.75,51.25,#00FF77,1423
298961,89.0,-32.75,75.625,#CCEE3E,1424
299034,89.0625,-86.0,49.375,#00FF7B,1425
299048,89.0625,-47.625,96.5,#B4F400,1425
299063,89.0625,-23.875,-19.625,#8AEEFF,1425
299065,89.0625,-22.25,11.25,#BAEBCA,1425
299260,89.1875,-99.75,81.25,#00FF1B,1427
299270,89.1875,-74.25,116.5,#75FF00,1427
299290,89.1875,-48.625,9.875,#6BF8CC,1427
299310,89.1875,-22.5,39.0,#D0EA94,1427
299403,89.1875,36.25,8.875,#FFC6D1,1427
299407,89.25,-86.375,97.0,#32FF00,1428
299420,89.25,-57.625,20.0,#58FBB8,1428
299432,89.25,-31.875,21.0,#ADF0B7,1428
299443,89.25,-22.875,28.625,#C8EBA9,1428
299567,89.3125,-59.5,103.25,#9BFA00,1429
299714,89.375,-82.0,34.875,#00FF9A,1430
299726,89.375,-71.25,111.0,#7EFE00,1430
299750,89.375,-39.125,8.625,#8BF4CF,1430
299769,89.375,-20.0,120.5,#EDE800,1430
299797,89.375,-5.625,77.625,#FEE03D,1430
299826,89.375,2.625,-13.0,#D9E0F9,1430
299897,89.4375,-86.25,71.5,#00FF46,1431
299912,89.4375,-62.5,122.25,#98FB00,1431
300078,89.4375,17.75,-19.125,#F2D7FF,1431
300103,89.5,-89.25,62.625,#00FF5E,1432
300104,89.5,-82.875,81.875,#3AFF1D,1432
300105,89.5,-78.0,29.375,#00FFA6,1432
300107,89.5,-76.25,83.625,#5FFF12,1432
300116,89.5,-55.0,46.125,#88FA85,1432
300119,89.5,-52.5,126.75,#B0F700,1432
300128,89.5,-38.0,120.75,#CDF100,1432
300147,89.5,-17.25,-7.375,#B2EBEE,1432
300150,89.5,-12.875,-11.5,#B8E9F6,1432
300156,89.5,-11.0,103.0,#FBE300,1432
300174,89.5,-2.75,5.5,#E0E2D6,1432
300176,89.5,-1.875,95.375,#FFDE00,1432
300199,89.5,10.875,28.625,#FFD8AB,1432
300215,89.5,25.125,51.25,#FFCD80,1432
300221,89.5,33.25,20.25,#FFC8BC,1432
300288,89.625,-46.75,121.625,#BCF500,1434
300300,89.625,-29.125,31.875,#BEEFA3,1434
300302,89.625,-25.5,74.75,#DBEC44,1434
300437,89.75,-47.0,43.375,#9DF78C,1436
300461,89.75,-22.375,-12.875,#9DEFF9,1436
300616,89.8125,3.25,91.625,#FFDC00,1437
300649,89.8125,22.5,45.0,#FFD08D,1437
300657,89.8125,31.375,26.75,#FFCAB1,1437
300662,89.875,-87.0,86.5,#1EFF00,1438
300663,89.875,-75.125,23.5,#00FFB2,1438
300671,89.875,-63.375,15.5,#1AFFC2,1438
300714,89.875,-26.5,-7.125,#9AF1EF,1438
300822,89.9375,-51.625,57.25,#9CF96E,1439
300956,90.0,-54.25,99.25,#A9FA00,1440
301000,90.0,-17.25,-17.625,#A5EDFF,1440
301089,90.0625,-67.5,103.875,#89FF00,1441
301104,90.0625,-41.5,115.375,#C7F400,1441
301242,90.125,-27.375,126.875,#E3EE00,1442
301269,90.125,-5.625,57.25,#FBE372,1442
301300,90.125,9.875,60.75,#FFD96C,1442
301445,90.25,-87.75,78.0,#00FF32,1444
301700,90.3125,7.75,-4.75,#EEDFEC,1445
301774,90.375,-28.75,52.5,#CEF07B,1446
301780,90.375,-20.625,88.375,#EAEB06,1446
301801,90.375,-10.0,114.5,#FFE500,1446
301917,90.4375,-42.625,48.75,#AEF782,1447
301928,90.4375,-33.375,58.5,#C8F36E,1447
302100,90.5,-40.0,64.0,#BDF661,1448
302201,90.5,9.25,127.0,#FFD900,1448
302242,90.5625,-69.75,14.75,#00FFC5,1449
302245,90.5625,-65.625,84.625,#88FF15,1449
302248,90.5625,-64.25,31.625,#54FFA5,1449
302249,90.5625,-61.5,89.0,#95FE00,1449
302250,90.5625,-59.625,-4.0,#00FFEA,1449
302251,90.5625,-57.5,77.25,#9AFD3A,1449
302255,90.5625,-52.0,83.625,#ABFB20,1449
302257,90.5625,-49.75,2.5,#58FDDE,1449
302264,90.5625,-45.625,23.0,#8EFAB6,1449
302268,90.5625,-43.5,36.625,#A3F89C,1449
302269,90.5625,-41.25,30.875,#A3F8A7,1449
302278,90.5625,-31.5,110.0,#DBF100,1449
302283,90.5625,-30.0,87.625,#DAF10A,1449
302285,90.5625,-29.0,14.875,#B2F3C7,1449
302288,90.5625,-25.25,93.375,#E4EE00,1449
302297,90.5625,-18.75,56.375,#E4EC74,1449
302298,90.5625,-16.75,114.375,#F6E900,1449
302299,90.5625,-16.375,27.0,#D8ECB0,1449
302301,90.5625,-14.5,63.375,#EEE965,1449
302308,90.5625,-5.0,121.125,#FFE300,1449
302315,90.5625,1.625,28.875,#FCE1AD,1449
302317,90.5625,2.0,99.875,#FFDE00,1449
302321,90.5625,3.0,15.5,#F6E1C7,1449
302324,90.5625,4.125,110.0,#FFDD00,1449
302338,90.5625,13.125,10.625,#FFDBD0,1449
302347,90.5625,23.125,-5.25,#FFD5EF,1449
302349,90.5625,23.75,-13.0,#FFD5FD,1449
302350,90.5625,24.75,5.875,#FFD3DA,1449
302352,90.5625,33.25,-3.125,#FFCDEB,1449
302426,90.6875,-3.25,103.875,#FFE200,1451
302431,90.6875,-1.0,-16.125,#D2E6FF,1451
302448,90.6875,10.125,16.0,#FFDDC6,1451
302450,90.6875,16.625,45.875,#FFD78D,1451
302516,90.75,18.875,8.375,#FFD7D5,1452
302535,90.8125,-56.625,-9.5,#00FFF5,1453
302611,90.875,-60.375,10.25,#27FFCF,1454
302673,90.9375,-80.5,73.5,#45FF45,1455
302725,90.9375,-5.75,-15.0,#C9EAFF,1455
302827,91.0,-7.75,-7.75,#CDEAF4,1456
302882,91.0625,-53.625,-15.0,#00FFFF,1457
302916,91.0625,-17.625,103.75,#F5EB00,1457
302962,91.125,-80.875,58.125,#1EFF6E,1458
302964,91.125,-66.875,118.5,#92FF00,1458
303028,91.125,6.25,20.75,#FFE0BE,1458
303160,91.1875,30.625,8.25,#FFD0D7,1459
303186,91.25,-48.75,30.625,#90FDA9,1460
303245,91.25,-7.875,15.875,#E3E9C7,1460
303347,91.3125,-36.5,104.375,#D3F600,1461
303362,91.3125,-26.75,104.625,#E5F100,1461
303373,91.3125,-20.25,70.25,#E9EE56,1461
303381,91.3125,-15.0,51.375,#EBEC81,1461
303419,91.3125,1.5,85.0,#FFE12C,1461
303482,91.375,-57.625,93.625,#A3FF00,1462
303590,91.375,4.75,0.375,#F0E3E6,1462
303684,91.4375,-32.375,67.375,#D1F55C,1463
303686,91.4375,-31.75,98.625,#DCF400,1463
303719,91.4375,-17.875,78.75,#F0ED3F,1463
303728,91.4375,-13.875,97.0,#FBEA00,1463
303752,91.4375,-6.625,109.25,#FFE600,1463
303759,91.4375,-3.0,-5.375,#DBE9F1,1463
303810,91.4375,18.875,-9.5,#FFDBF9,1463
303816,91.4375,20.5,32.125,#FFD7AA,1463
303829,91.4375,27.625,0.0,#FFD4E7,1463
303832,91.5,-74.125,103.375,#79FF00,1464
303833,91.5,-74.0,92.5,#75FF00,1464
303834,91.5,-70.875,87.375,#7CFF00,1464
303837,91.5,-65.625,54.375,#74FF78,1464
303838,91.5,-64.0,40.375,#68FF96,1464
303839,91.5,-62.25,108.5,#9DFF00,1464
303842,91.5,-60.75,71.625,#91FF4E,1464
303855,91.5,-43.25,-7.625,#60FEF4,1464
303856,91.5,-42.625,127.0,#CBF900,1464
303861,91.5,-39.625,97.375,#CCF800,1464
303862,91.5,-38.0,24.875,#A8F9B5,1464
303866,91.5,-34.25,42.75,#C0F792,1464
303867,91.5,-34.25,126.625,#DBF500,1464
303869,91.5,-28.75,45.5,#CDF48D,1464
303870,91.5,-26.625,59.75,#D9F26F,1464
303885,91.5,-13.75,3.125,#CCEEE0,1464
303889,91.5,-13.125,45.25,#ECEC8E,1464
303890,91.5,-12.5,89.875,#FCEA05,1464
303892,91.5,-11.5,-3.625,#CAEEED,1464
303909,91.5,-2.25,65.375,#FFE564,1464
303918,91.5,1.875,71.0,#FFE257,1464
303924,91.5,4.125,54.625,#FFE17C,1464
303931,91.5,8.375,-13.75,#EBE2FF,1464
303941,91.5,13.625,65.75,#FFDA65,1464
304010,91.625,-56.625,5.625,#3AFFDA,1466
304022,91.625,-19.25,126.875,#F6EE00,1466
304116,91.6875,8.375,71.5,#FFDE57,1467
304156,91.75,-25.125,20.25,#C4F4C0,1468
304241,91.8125,-25.875,65.875,#DEF361,1469
304285,91.8125,2.625,40.125,#FFE39A,1469
304291,91.8125,7.875,36.0,#FFE0A3,1469
304295,91.8125,11.375,84.125,#FFDC33,1469
304320,91.875,-56.125,122.25,#AFFF00,1470
304355,91.875,-9.875,9.25,#DBEDD6,1470
304381,91.875,3.125,126.875,#FFE100,1470
304408,91.875,27.125,17.25,#FFD4C8,1470
304411,91.9375,-69.625,35.5,#43FFA0,1471
304419,91.9375,-51.25,18.5,#79FFC3,1471
304420,91.9375,-46.625,-14.0,#2CFFFF,1471
304464,91.9375,-4.125,26.25,#F3E9B5,1471
304510,91.9375,18.625,52.5,#FFD883,1471
304527,92.0,-55.5,107.5,#AEFF00,1472
304622,92.0625,-77.375,37.625,#00FF9C,1473
304625,92.0625,-67.625,70.375,#7EFF53,1473
304769,92.125,-44.5,86.0,#C1FC1D,1474
304797,92.125,-21.0,4.125,#BEF4E0,1474
304968,92.25,-57.875,41.625,#83FF95,1476
304970,92.25,-56.75,32.25,#7BFFA8,1476
304978,92.25,-34.25,49.0,#C6F987,1476
305072,92.3125,-63.25,78.625,#91FF3B,1477
305082,92.3125,-46.5,60.0,#B1FE6F,1477
305093,92.3125,-29.5,120.875,#E6F500,1477
305103,92.3125,-22.875,109.5,#F0F200,1477
305110,92.3125,-12.125,74.125,#FBEC50,1477
305134,92.3125,0.0,59.625,#FFE673,1477
305138,92.3125,0.75,5.625,#EFE8DE,1477
305219,92.375,-34.875,-8.375,#84FCF8,1478
305240,92.375,-16.375,8.875,#CFF2D8,1478
305250,92.375,-12.25,126.75,#FFEC00,1478
305291,92.375,14.625,75.5,#FFDC50,1478
305326,92.4375,-48.25,73.875,#B5FF4C,1479
305516,92.5,-19.0,15.75,#CFF3CB,1480
305552,92.5,-4.75,71.5,#FFE958,1480
305614,92.5625,-76.625,46.125,#2DFF8C,1481
305615,92.5625,-75.875,66.625,#5CFF5D,1481
305616,92.5625,-65.25,20.625,#35FFC0,1481
305622,92.5625,-40.0,54.875,#BEFC7B,1481
305624,92.5625,-36.625,36.125,#B9FBA2,1481
305634,92.5625,-22.75,50.0,#DFF487,1481
305636,92.5625,-21.625,-4.0,#B4F6F1,1481
305647,92.5625,-7.75,95.5,#FFEA00,1481
305652,92.5625,-5.125,43.0,#FDEA96,1481
305666,92.5625,0.0,116.25,#FFE500,1481
305668,92.5625,0.75,-5.25,#E6EAF4,1481
305687,92.5625,9.75,47.5,#FFE18E,1481
305694,92.5625,17.875,24.0,#FFDCBD,1481
305702,92.625,-48.875,116.875,#C1FF00,1482
305706,92.625,-36.5,13.0,#A2FCD0,1482
305732,92.6875,-41.375,91.75,#CBFC00,1483
305745,92.6875,-14.875,33.0,#E5F1AA,1483
305746,92.6875,-11.5,58.625,#F8EE76,1483
305776,92.75,-41.0,76.875,#C7FC45,1484
305883,92.875,-64.5,97.25,#98FF00,1486
305939,92.875,-1.375,0.25,#E8EBEA,1486
306053,93.0,-49.5,-3.75,#4EFFF1,1488
306063,93.0,-36.25,115.5,#DBFA00,1488
306072,93.0,-25.25,35.0,#D2F7A6,1488
306089,93.0,-9.375,37.5,#F3EEA2,1488
306199,93.0625,-2.75,88.875,#FFE91F,1489
306201,93.0625,-2.25,17.375,#F4EBCA,1489
306227,93.125,-68.75,46.0,#62FF8E,1490
306237,93.125,-45.75,16.125,#8CFFCB,1490
306280,93.125,-5.5,-0.5,#DFEFEC,1490
306307,93.125,6.75,88.0,#FFE327,1490
306333,93.1875,-44.375,1.875,#78FFE6,1491
306349,93.1875,-28.25,82.5,#E3F736,1491
306363,93.1875,-12.625,109.875,#FFEF00,1491
306427,93.25,-35.0,90.625,#D9FB00,1492
306536,93.3125,-47.5,92.25,#C0FF00,1493
306858,93.4375,-3.0,126.875,#FFE900,1495
306861,93.4375,-2.0,48.5,#FFEB8E,1495
306901,93.4375,14.0,-12.375,#FDE4FF,1495
306917,93.5,-72.125,59.0,#66FF73,1496
306919,93.5,-69.125,79.75,#84FF3A,1496
306924,93.5,-54.875,69.25,#A6FF5B,1496
306926,93.5,-52.125,36.375,#93FFA4,1496
306928,93.5,-50.625,48.375,#A2FF8B,1496
306932,93.5,-41.75,108.0,#D0FE00,1496
306936,93.5,-31.625,27.0,#BFFCB7,1496
306937,93.5,-30.75,0.375,#A4FDEB,1496
306941,93.5,-28.5,8.5,#B4FBDB,1496
306953,93.5,-14.875,21.125,#DFF4C3,1496
306960,93.5,-9.5,83.5,#FFEE37,1496
306979,93.5,6.125,7.25,#FEE8DF,1496
306986,93.5,10.875,5.875,#FFE5E1,1496
306994,93.5,19.5,1.125,#FFDFEB,1496
307124,93.75,-59.375,84.375,#A3FF2A,1500
307126,93.75,-53.25,13.125,#6CFFD2,1500
307162,93.75,-8.875,21.25,#ECF1C4,1500
307192,93.8125,-63.25,64.375,#8CFF67,1501
307272,93.8125,18.25,16.25,#FFE0CF,1501
307322,93.875,-2.0,33.5,#FFECAD,1502
307421,93.9375,3.25,64.75,#FFE86D,1503
307545,94.0625,-59.875,25.375,#69FFBB,1505
307587,94.0625,-13.25,15.0,#DFF5D1,1505
307717,94.125,8.375,25.5,#FFE7BE,1506
307735,94.1875,-56.875,54.375,#98FF80,1507
307829,94.25,-47.875,102.25,#C5FF00,1508
307851,94.25,-18.125,43.375,#EAF699,1508
307975,94.3125,3.5,46.125,#FFEA95,1509
307991,94.375,-55.875,62.875,#A2FF6D,1510
308138,94.4375,-4.125,8.625,#EEF1DE,1511
308166,94.4375,13.125,-0.125,#FFE7F0,1511
308172,94.4375,17.375,-4.5,#FFE4F8,1511
308207,94.5,-32.875,73.125,#DBFE56,1512
308229,94.5,-18.0,-10.625,#BAFAFF,1512
308301,94.5625,-53.25,27.125,#87FFB9,1513
308302,94.5625,-49.25,67.375,#B5FF63,1513
308307,94.5625,-38.125,84.875,#D5FF30,1513
308308,94.5625,-37.25,60.5,#CDFF74,1513
308310,94.5625,-35.125,4.625,#A0FFE5,1513
308311,94.5625,-34.625,20.0,#B4FFC8,1513
308314,94.5625,-27.875,115.125,#EFFB00,1513
308321,94.5625,-21.625,98.875,#F8F800,1513
308325,94.5625,-18.375,83.875,#FAF638,1513
308327,94.5625,-17.5,93.0,#FEF500,1513
308337,94.5625,-11.125,121.125,#FFF100,1513
308339,94.5625,-9.625,67.5,#FFF267,1513
308353,94.5625,-1.25,79.125,#FFEC4A,1513
308403,94.6875,-42.375,40.875,#B5FF9E,1515
308425,94.6875,8.375,41.25,#FFE8A0,1515
308429,94.75,-43.125,118.75,#D3FF00,1516
308444,94.75,-20.75,29.875,#DDFAB5,1516
308485,94.8125,-39.0,46.375,#C1FF93,1517
308670,95.0,-17.875,120.75,#FFF600,1520
308711,95.0,9.0,-8.875,#FBECFF,1520
308851,95.1875,-56.125,101.625,#B5FF00,1523
308854,95.1875,-53.125,96.375,#BBFF00,1523
308982,95.25,-5.0,61.25,#FFF177,1524
309082,95.3125,4.375,-4.5,#F6EFFA,1525
309122,95.375,-24.375,25.0,#D3FEC0,1526
309123,95.375,-23.75,56.125,#E8FC81,1526
309177,95.375,7.25,58.0,#FFEA80,1526
309220,95.4375,-28.0,109.125,#F1FD00,1527
309223,95.4375,-26.5,76.125,#EBFD51,1527
309316,95.5,-54.625,90.125,#B6FF0F,1528
309318,95.5,-48.5,80.625,#C0FF41,1528
309323,95.5,-43.125,69.375,#C7FF62,1528
309346,95.5,-18.5,61.875,#F5F975,1528
309360,95.5,-9.0,51.875,#FFF48C,1528
309362,95.5,-8.25,31.125,#F9F5B6,1528
309464,95.6875,-26.125,90.375,#F1FD1C,1531
309499,95.75,-31.125,53.75,#D9FF87,1532
309529,95.75,4.125,30.625,#FFEEB8,1532
309552,95.8125,-41.375,33.875,#B4FFAF,1533
309597,95.8125,12.875,14.375,#FFEAD8,1533
309604,95.875,-45.75,25.875,#A0FFBF,1534
309635,95.875,-8.375,89.625,#FFF427,1534
309867,96.125,-36.875,100.75,#E1FF00,1538
309936,96.1875,-56.375,75.375,#ADFF52,1539
309958,96.1875,-30.25,42.0,#D6FFA1,1539
310035,96.25,-23.75,120.75,#FDFD00,1540
310072,96.25,9.25,19.625,#FFEDCF,1540
310089,96.3125,-24.625,-7.625,#B1FFFF,1541
310128,96.3125,4.75,15.25,#FFF0D7,1541
310151,96.375,-35.375,78.25,#DEFF4D,1542
310161,96.375,-21.0,11.625,#D2FFDD,1542
310241,96.4375,-15.0,-0.125,#D4FDF4,1543
310242,96.4375,-14.625,78.0,#FFFA51,1543
310249,96.4375,-10.375,4.0,#E3FBED,1543
310304,96.5,-31.0,-6.375,#A1FFFF,1544
310355,96.5,1.5,9.875,#FFF3E2,1544
310372,96.5625,-44.125,96.125,#D2FF00,1545
310374,96.5625,-37.375,67.375,#D6FF6A,1545
310377,96.5625,-30.125,102.5,#EFFF00,1545
310379,96.5625,-27.625,14.375,#C6FFD8,1545
310386,96.5625,-17.0,115.0,#FFFB00,1545
310395,96.5625,-7.25,76.0,#FFF658,1545
310418,96.625,-6.0,-5.875,#E3F9FF,1546
310451,96.75,-42.25,63.0,#CAFF74,1548
310474,96.8125,-31.0,65.0,#E2FF71,1549
310483,96.8125,-19.375,72.625,#FCFD60,1549
310616,97.0,-16.125,53.0,#FAFD8D,1552
310619,97.0,-12.375,-5.875,#D5FEFF,1552
310662,97.0625,-22.875,66.125,#F4FF70,1553
310665,97.0625,-17.125,108.875,#FFFC00,1553
310864,97.3125,-13.25,25.5,#F1FDC5,1557
310879,97.3125,-2.5,21.625,#FFF7CD,1557
310930,97.375,-17.625,38.25,#F1FFAC,1558
310975,97.375,7.875,0.125,#FFF2F7,1558
310995,97.4375,-26.625,46.625,#E4FF9B,1559
310998,97.4375,-21.625,1.375,#C8FFF4,1559
311054,97.5,-36.25,41.0,#CBFFA6,1560
311055,97.5,-32.125,86.875,#EAFF34,1560
311060,97.5,-28.125,31.875,#D7FFB9,1560
311063,97.5,-22.75,18.25,#D7FFD4,1560
311071,97.5,-11.5,42.5,#FFFCA4,1560
311074,97.5,-6.875,13.875,#F6FBDD,1560
311095,97.5,3.5,2.25,#FFF5F4,1560
311251,97.875,-6.375,39.375,#FFFAAC,1566
311321,98.0,-16.125,6.75,#DDFFEC,1568
311342,98.0,0.5,-2.625,#F8F9FE,1568
311376,98.125,-34.75,34.875,#CCFFB4,1570
311476,98.25,-37.75,92.5,#E3FF18,1572
311516,98.3125,-22.5,34.375,#E7FFB6,1573
311531,98.3125,-0.125,27.25,#FFF8C5,1573
311657,98.5625,-28.5,95.25,#F7FF00,1577
311658,98.5625,-24.875,83.0,#FAFF47,1577
311678,98.5625,-4.125,3.875,#F6FDF3,1577
311679,98.5625,-2.125,14.625,#FFFBDE,1577
311805,99.125,-13.875,60.625,#FFFF83,1586
311874,99.3125,-11.625,10.5,#EEFFE8,1589
311892,99.375,-19.875,78.375,#FFFF58,1590
311959,99.5,-22.0,50.125,#F5FF99,1592
311976,99.625,-20.875,43.75,#F4FFA7,1594
311981,99.6875,-17.375,29.25,#F2FFC4,1595
