L,a,b,hex_srgb
0.0,0.0,0.0,#000000
1.0,6.0,0.0,#120004
1.0,8.0,-4.0,#12000D
1.0,8.0,0.0,#150004
1.0,10.0,-8.0,#120014
1.0,10.0,-2.0,#170009
1.0,12.0,-6.0,#170011
1.0,14.0,-14.0,#15001C
1.0,14.0,-10.0,#170017
1.0,16.0,-18.0,#140021
1.0,18.0,-16.0,#19001F
1.0,20.0,-22.0,#170026
1.0,24.0,-26.0,#18002B
1.0,28.0,-30.0,#190031
1.0,34.0,-36.0,#190039
1.0,40.0,-40.0,#1C003E
1.0,46.0,-46.0,#1B0046
1.0,52.0,-52.0,#1A004F
1.0,58.0,-56.0,#1C0055
1.0,64.0,-60.0,#1F005A
1.0,70.0,-62.0,#26005D
1.0,76.0,-66.0,#280063
1.0,84.0,-72.0,#2A006C
2.0,14.0,2.0,#1F0003
2.0,16.0,-2.0,#20000D
2.0,20.0,-8.0,#210017
2.0,20.0,-4.0,#230011
2.0,24.0,-14.0,#22001E
2.0,24.0,-10.0,#240019
2.0,28.0,-20.0,#230026
2.0,32.0,-26.0,#23002E
2.0,36.0,-32.0,#220035
2.0,42.0,-34.0,#270038
2.0,46.0,-40.0,#250040
2.0,52.0,-42.0,#2B0043
2.0,58.0,-48.0,#2B004C
2.0,94.0,-80.0,#2F007B
2.0,102.0,-84.0,#350081
3.0,22.0,2.0,#280007
3.0,24.0,-2.0,#280010
3.0,26.0,2.0,#2C0007
3.0,28.0,-12.0,#28001E
3.0,28.0,-4.0,#2B0013
3.0,30.0,-16.0,#280023
3.0,32.0,-10.0,#2D001B
3.0,34.0,-14.0,#2D0020
3.0,36.0,-18.0,#2D0025
3.0,38.0,-24.0,#2C002D
3.0,44.0,-28.0,#2F0032
3.0,46.0,-52.0,#100054
3.0,52.0,-58.0,#0B005C
3.0,70.0,-68.0,#1C006B
3.0,72.0,-56.0,#36005A
3.0,76.0,-72.0,#1F0071
3.0,88.0,-78.0,#2A007B
3.0,92.0,-74.0,#3A0075
3.0,108.0,-90.0,#37008D
3.0,116.0,-96.0,#390097
4.0,0.0,0.0,#0E0E0E
4.0,24.0,-44.0,#00044A
4.0,24.0,-40.0,#000345
4.0,26.0,-38.0,#070042
4.0,26.0,-34.0,#12003C
4.0,26.0,-30.0,#190037
4.0,26.0,-26.0,#1E0032
4.0,26.0,-22.0,#22002C
4.0,28.0,6.0,#300001
4.0,30.0,-46.0,#00004D
4.0,30.0,-30.0,#1F0037
4.0,32.0,-42.0,#0C0048
4.0,32.0,-38.0,#160042
4.0,32.0,-22.0,#28002D
4.0,32.0,0.0,#32000F
4.0,32.0,4.0,#330006
4.0,36.0,-50.0,#000053
4.0,38.0,-46.0,#10004D
4.0,42.0,-54.0,#000059
4.0,44.0,-22.0,#35002D
4.0,48.0,-36.0,#300040
4.0,50.0,-32.0,#35003A
4.0,60.0,-64.0,#110068
4.0,60.0,-42.0,#380048
4.0,64.0,-56.0,#2D005C
4.0,66.0,-50.0,#380053
4.0,78.0,-60.0,#3C0062
4.0,84.0,-64.0,#3F0068
4.0,114.0,-90.0,#450090
4.0,124.0,-102.0,#3F00A4
5.0,36.0,2.0,#38000F
5.0,38.0,-2.0,#380015
5.0,40.0,-6.0,#39001A
5.0,42.0,-10.0,#3A001F
5.0,46.0,-18.0,#3B002A
5.0,56.0,-32.0,#3E003C
5.0,72.0,-64.0,#2F006A
5.0,78.0,-66.0,#36006E
5.0,82.0,-74.0,#2E007A
5.0,96.0,-86.0,#2E008C
6.0,10.0,-38.0,#001347
6.0,10.0,-34.0,#001241
6.0,12.0,-32.0,#00113E
6.0,14.0,-40.0,#001149
6.0,14.0,-30.0,#010F3B
6.0,16.0,-38.0,#000F47
6.0,16.0,-28.0,#0D0D39
6.0,16.0,-24.0,#140C33
6.0,18.0,-36.0,#000D44
6.0,18.0,-22.0,#1A0A31
6.0,20.0,-44.0,#000E4F
6.0,20.0,-34.0,#060B41
6.0,20.0,-30.0,#120A3B
6.0,20.0,-26.0,#180936
6.0,20.0,-20.0,#1F082E
6.0,22.0,-24.0,#1E0733
6.0,22.0,-18.0,#23062B
6.0,22.0,-14.0,#260526
6.0,26.0,-18.0,#28012B
6.0,26.0,-14.0,#2B0126
6.0,26.0,-10.0,#2D0021
6.0,28.0,-6.0,#30001C
6.0,32.0,-12.0,#320024
6.0,34.0,-52.0,#00035B
6.0,34.0,-26.0,#2C0036
6.0,34.0,-8.0,#35001F
6.0,36.0,-34.0,#260041
6.0,38.0,-42.0,#1E004C
6.0,38.0,-20.0,#34002E
6.0,38.0,-16.0,#360029
6.0,38.0,-12.0,#380024
6.0,38.0,10.0,#3D0000
6.0,40.0,-32.0,#2E003E
6.0,42.0,-40.0,#28004A
6.0,44.0,-46.0,#210052
6.0,44.0,-30.0,#34003C
6.0,48.0,-44.0,#2B004F
6.0,50.0,-62.0,#00006A
6.0,50.0,-52.0,#21005B
6.0,50.0,-24.0,#3E0034
6.0,52.0,-42.0,#33004D
6.0,54.0,-50.0,#2C0058
6.0,56.0,-66.0,#000070
6.0,56.0,-56.0,#250061
6.0,58.0,-48.0,#340055
6.0,62.0,-60.0,#280067
6.0,62.0,-36.0,#440044
6.0,66.0,-66.0,#220070
6.0,66.0,-42.0,#44004D
6.0,68.0,-72.0,#120079
6.0,74.0,-74.0,#1E007C
6.0,88.0,-84.0,#24008C
6.0,90.0,-70.0,#450076
6.0,98.0,-74.0,#4B007D
6.0,100.0,-80.0,#460086
6.0,108.0,-96.0,#32009F
6.0,116.0,-100.0,#3A00A6
6.0,122.0,-96.0,#4F009F
7.0,-6.0,-30.0,#001B3D
7.0,-4.0,-26.0,#001938
7.0,-2.0,-32.0,#001940
7.0,0.0,-30.0,#00183E
7.0,0.0,-24.0,#001835
7.0,2.0,-22.0,#001633
7.0,4.0,-36.0,#001846
7.0,4.0,-30.0,#00173E
7.0,4.0,-20.0,#021530
7.0,6.0,-28.0,#00153B
7.0,6.0,-20.0,#081430
7.0,8.0,-26.0,#001438
7.0,8.0,-18.0,#10132D
7.0,10.0,-24.0,#091335
7.0,10.0,-16.0,#17122B
7.0,12.0,-22.0,#121133
7.0,12.0,-14.0,#1C1028
7.0,14.0,-20.0,#181030
7.0,14.0,-12.0,#200F25
7.0,16.0,-18.0,#1E0E2D
7.0,16.0,-10.0,#240D23
7.0,18.0,-16.0,#220C2B
7.0,18.0,-8.0,#270B20
7.0,22.0,-10.0,#2A0723
7.0,22.0,-6.0,#2C071E
7.0,26.0,-36.0,#140846
7.0,28.0,-50.0,#000B5A
7.0,28.0,-46.0,#000A54
7.0,28.0,-24.0,#280336
7.0,28.0,0.0,#340016
7.0,30.0,-44.0,#050752
7.0,30.0,-36.0,#1C0446
7.0,30.0,-18.0,#2F002E
7.0,32.0,-2.0,#370019
7.0,32.0,2.0,#380014
7.0,34.0,6.0,#3B000D
7.0,40.0,-58.0,#000066
7.0,42.0,0.0,#410017
7.0,44.0,-4.0,#42001C
7.0,44.0,4.0,#440011
7.0,48.0,-8.0,#450021
7.0,52.0,-36.0,#3B0047
7.0,70.0,-58.0,#3B0067
7.0,74.0,-54.0,#450061
7.0,80.0,-56.0,#4B0064
7.0,82.0,-82.0,#1D008B
7.0,92.0,-80.0,#3B0088
7.0,106.0,-86.0,#490092
7.0,112.0,-84.0,#55008F
7.0,126.0,-108.0,#4000B6
8.0,-20.0,-22.0,#002035
8.0,-16.0,-24.0,#001F37
8.0,-16.0,-18.0,#001F2F
8.0,-12.0,-26.0,#001E3A
8.0,-12.0,-20.0,#001D32
8.0,-12.0,-16.0,#001D2C
8.0,-8.0,-22.0,#001C35
8.0,-8.0,-18.0,#001C2F
8.0,-8.0,-14.0,#001C2A
8.0,-6.0,-12.0,#001B27
8.0,-4.0,-20.0,#001B32
8.0,-4.0,-16.0,#001A2D
8.0,-4.0,-12.0,#011A27
8.0,-2.0,-18.0,#001A2F
8.0,-2.0,-14.0,#02192A
8.0,-2.0,-10.0,#091925
8.0,0.0,-18.0,#00192F
8.0,0.0,-14.0,#07182A
8.0,0.0,-10.0,#0E1825
8.0,0.0,0.0,#181818
8.0,2.0,-18.0,#04182F
8.0,2.0,-14.0,#0C182A
8.0,2.0,-10.0,#121725
8.0,4.0,-14.0,#11172A
8.0,4.0,-10.0,#151625
8.0,4.0,-6.0,#19161F
8.0,6.0,-14.0,#14162A
8.0,6.0,-10.0,#191525
8.0,6.0,-6.0,#1C151F
8.0,8.0,-10.0,#1C1425
8.0,8.0,-6.0,#1E1420
8.0,10.0,-8.0,#201322
8.0,10.0,-4.0,#22131D
8.0,12.0,-6.0,#231220
8.0,12.0,-2.0,#25111A
8.0,14.0,-4.0,#27101D
8.0,16.0,-2.0,#2A0E1B
8.0,18.0,-46.0,#001457
8.0,20.0,-2.0,#2E0B1B
8.0,20.0,2.0,#2F0A15
8.0,22.0,-38.0,#040F4B
8.0,24.0,-50.0,#00115D
8.0,24.0,-28.0,#200B3D
8.0,24.0,0.0,#330618
8.0,24.0,4.0,#340513
8.0,28.0,-28.0,#26063D
8.0,28.0,6.0,#38000F
8.0,34.0,-44.0,#160354
8.0,34.0,-30.0,#2C0040
8.0,34.0,-22.0,#330035
8.0,38.0,-50.0,#0E005D
8.0,38.0,4.0,#410013
8.0,44.0,-54.0,#130063
8.0,44.0,12.0,#480003
8.0,46.0,-38.0,#34004C
8.0,46.0,-26.0,#3E003B
8.0,46.0,-14.0,#44002B
8.0,48.0,-64.0,#000072
8.0,52.0,-18.0,#480030
8.0,54.0,-28.0,#45003E
8.0,58.0,-42.0,#400052
8.0,58.0,-24.0,#4B0038
8.0,60.0,-72.0,#00007E
8.0,60.0,-30.0,#4A0041
8.0,62.0,-68.0,#180078
8.0,64.0,-52.0,#3D0060
8.0,64.0,-46.0,#430057
8.0,74.0,-80.0,#09008B
8.0,82.0,-66.0,#450075
8.0,86.0,-62.0,#4F006F
8.0,98.0,-90.0,#34009B
9.0,60.0,-38.0,#48004E
9.0,72.0,-70.0,#30007E
9.0,72.0,-44.0,#510057
9.0,74.0,-64.0,#3F0075
9.0,78.0,-60.0,#4A006F
9.0,80.0,-74.0,#370084
9.0,86.0,-88.0,#1B009A
9.0,86.0,-72.0,#450081
9.0,92.0,-68.0,#54007B
9.0,100.0,-96.0,#2A00A8
9.0,106.0,-78.0,#5B008B
9.0,108.0,-100.0,#3300AE
9.0,112.0,-94.0,#4B00A4
9.0,116.0,-104.0,#3C00B5
10.0,-34.0,-12.0,#00272B
10.0,-30.0,-14.0,#00262E
10.0,-28.0,-10.0,#002528
10.0,-26.0,-18.0,#002533
10.0,-24.0,-14.0,#00242E
10.0,-24.0,-10.0,#002428
10.0,-22.0,-20.0,#002436
10.0,-20.0,-16.0,#002331
10.0,-20.0,-12.0,#00232B
10.0,-20.0,-8.0,#002326
10.0,-16.0,-14.0,#00222E
10.0,-16.0,-10.0,#002229
10.0,-16.0,-6.0,#002123
10.0,-12.0,-10.0,#002029
10.0,-12.0,-6.0,#002023
10.0,-10.0,-28.0,#002142
10.0,-10.0,-4.0,#031F21
10.0,-8.0,-10.0,#001F29
10.0,-8.0,-6.0,#051F23
10.0,-6.0,-20.0,#001F36
10.0,-6.0,-8.0,#071E26
10.0,-6.0,-4.0,#0D1E21
10.0,-4.0,-28.0,#001F42
10.0,-4.0,-8.0,#0C1E26
10.0,-4.0,-4.0,#121D21
10.0,-2.0,-26.0,#001E3F
10.0,-2.0,-4.0,#151D21
10.0,0.0,-32.0,#001E47
10.0,0.0,-4.0,#191C21
10.0,2.0,-30.0,#001D44
10.0,2.0,-4.0,#1C1B21
10.0,2.0,0.0,#1E1B1C
10.0,4.0,-38.0,#001E50
10.0,4.0,-28.0,#001C42
10.0,4.0,-4.0,#1E1A21
10.0,4.0,0.0,#211A1C
10.0,6.0,-36.0,#001D4D
10.0,6.0,-26.0,#001B3F
10.0,6.0,-4.0,#211921
10.0,6.0,0.0,#23191C
10.0,8.0,-34.0,#001B4A
10.0,8.0,-24.0,#0B1A3C
10.0,8.0,-16.0,#1A1931
10.0,8.0,0.0,#26181C
10.0,10.0,-42.0,#001C56
10.0,10.0,-32.0,#001A47
10.0,10.0,-22.0,#151839
10.0,10.0,2.0,#291619
10.0,12.0,-40.0,#001A53
10.0,12.0,-30.0,#041845
10.0,12.0,-26.0,#11183F
10.0,12.0,-20.0,#1B1737
10.0,12.0,-16.0,#201731
10.0,12.0,4.0,#2C1517
10.0,14.0,-38.0,#001950
10.0,14.0,-24.0,#19163C
10.0,14.0,-14.0,#25152E
10.0,14.0,-10.0,#281529
10.0,14.0,2.0,#2D1419
10.0,16.0,-48.0,#001A5F
10.0,16.0,-36.0,#00174D
10.0,16.0,-32.0,#0C1647
10.0,16.0,-22.0,#201539
10.0,16.0,-8.0,#2B1326
10.0,16.0,6.0,#311214
10.0,18.0,-30.0,#171545
10.0,18.0,-26.0,#1E143F
10.0,18.0,-12.0,#2B122C
10.0,18.0,-6.0,#2F1124
10.0,18.0,4.0,#321017
10.0,20.0,-44.0,#001659
10.0,20.0,-24.0,#24123C
10.0,20.0,-20.0,#281137
10.0,22.0,-52.0,#001765
10.0,22.0,-42.0,#001456
10.0,22.0,-30.0,#1F1145
10.0,22.0,-18.0,#2C0F34
10.0,22.0,-14.0,#2F0E2F
10.0,22.0,6.0,#370C14
10.0,24.0,-36.0,#18114D
10.0,24.0,-24.0,#290E3C
10.0,26.0,-48.0,#00125F
10.0,26.0,-18.0,#310A34
10.0,26.0,-14.0,#34092F
10.0,26.0,-10.0,#360929
10.0,26.0,-6.0,#370824
10.0,26.0,2.0,#3A071A
10.0,28.0,-56.0,#00136B
10.0,28.0,-42.0,#120E56
10.0,28.0,-36.0,#200D4D
10.0,28.0,-32.0,#260B48
10.0,28.0,10.0,#3E040E
10.0,30.0,-54.0,#001168
10.0,30.0,-8.0,#3B0327
10.0,30.0,-4.0,#3C0222
10.0,30.0,0.0,#3D021C
10.0,30.0,4.0,#3E0117
10.0,32.0,-52.0,#000E65
10.0,32.0,-18.0,#380234
10.0,32.0,-14.0,#3A012F
10.0,32.0,8.0,#410011
10.0,34.0,-38.0,#280550
10.0,34.0,-34.0,#2D034B
10.0,34.0,-2.0,#41001F
10.0,34.0,2.0,#42001A
10.0,34.0,12.0,#44000A
10.0,36.0,-60.0,#000C71
10.0,36.0,-26.0,#37003F
10.0,36.0,-12.0,#3F002C
10.0,36.0,-8.0,#410027
10.0,38.0,-22.0,#3C003A
10.0,38.0,-18.0,#3F0034
10.0,38.0,10.0,#47000E
10.0,40.0,-44.0,#290059
10.0,40.0,-38.0,#310050
10.0,40.0,-32.0,#370048
10.0,40.0,-4.0,#460022
10.0,40.0,14.0,#4A0005
10.0,42.0,-64.0,#000577
10.0,42.0,-28.0,#3D0042
10.0,42.0,-16.0,#440032
10.0,42.0,-10.0,#46002A
10.0,42.0,8.0,#4B0012
10.0,44.0,-50.0,#250062
10.0,46.0,-46.0,#30005C
10.0,46.0,-34.0,#3D004B
10.0,46.0,-6.0,#4B0025
10.0,46.0,-2.0,#4C0020
10.0,46.0,2.0,#4D001B
10.0,46.0,16.0,#500001
10.0,48.0,-30.0,#430045
10.0,48.0,-20.0,#480037
10.0,48.0,6.0,#500015
10.0,50.0,-54.0,#290068
10.0,50.0,-10.0,#4E002A
10.0,50.0,10.0,#52000F
10.0,52.0,-64.0,#0D0077
10.0,52.0,-50.0,#330062
10.0,52.0,-44.0,#3B0059
10.0,52.0,-38.0,#410051
10.0,52.0,-4.0,#520022
10.0,54.0,-70.0,#000080
10.0,54.0,-60.0,#240071
10.0,54.0,-34.0,#47004B
10.0,56.0,-56.0,#30006B
10.0,58.0,-52.0,#3A0065
10.0,58.0,-46.0,#41005C
10.0,60.0,-20.0,#540038
10.0,62.0,-60.0,#340071
10.0,66.0,-78.0,#00008D
10.0,66.0,-32.0,#550048
10.0,68.0,-62.0,#3B0074
10.0,70.0,-54.0,#490068
10.0,76.0,-52.0,#520065
10.0,88.0,-82.0,#390094
10.0,92.0,-76.0,#4C008A
10.0,100.0,-80.0,#530091
10.0,104.0,-88.0,#4C009D
10.0,120.0,-96.0,#5A00AB
10.0,126.0,-98.0,#6000AE
11.0,50.0,-26.0,#4A0042
11.0,58.0,-68.0,#180080
11.0,60.0,-76.0,#00008D
11.0,60.0,-64.0,#2B007A
11.0,64.0,-56.0,#40006E
11.0,66.0,-70.0,#2A0083
11.0,70.0,-76.0,#21008D
11.0,74.0,-40.0,#5C0056
11.0,76.0,-84.0,#100099
11.0,78.0,-78.0,#310090
11.0,84.0,-58.0,#5A0071
11.0,90.0,-60.0,#5F0074
11.0,94.0,-94.0,#2800AA
11.0,96.0,-86.0,#44009D
11.0,100.0,-70.0,#620084
11.0,110.0,-88.0,#5A00A0
11.0,116.0,-86.0,#66009D
11.0,124.0,-112.0,#4100C8
11.0,126.0,-106.0,#5500BE
12.0,-46.0,-4.0,#002D24
12.0,-40.0,-8.0,#002B2A
12.0,-40.0,-4.0,#002B24
12.0,-34.0,-8.0,#002A2A
12.0,-34.0,-4.0,#002A24
12.0,-32.0,0.0,#00291F
12.0,-28.0,-6.0,#002827
12.0,-28.0,-2.0,#002822
12.0,-24.0,-4.0,#002724
12.0,-24.0,0.0,#00271F
12.0,-20.0,-26.0,#002843
12.0,-20.0,-2.0,#002622
12.0,-20.0,2.0,#00261C
12.0,-18.0,-20.0,#00273B
12.0,-16.0,-28.0,#002746
12.0,-16.0,0.0,#00251F
12.0,-16.0,4.0,#03251A
12.0,-14.0,-22.0,#00263E
12.0,-14.0,-18.0,#002638
12.0,-12.0,-32.0,#00274C
12.0,-12.0,-26.0,#002643
12.0,-12.0,-2.0,#052422
12.0,-12.0,2.0,#0B241C
12.0,-10.0,-22.0,#00253E
12.0,-10.0,-18.0,#002438
12.0,-10.0,-14.0,#002432
12.0,-10.0,-10.0,#00242D
12.0,-10.0,0.0,#0D231F
12.0,-10.0,4.0,#12231A
12.0,-8.0,-36.0,#002652
12.0,-8.0,-2.0,#102322
12.0,-8.0,2.0,#14221D
12.0,-8.0,6.0,#172217
12.0,-6.0,-24.0,#002441
12.0,-6.0,-14.0,#002333
12.0,-6.0,-2.0,#142222
12.0,-6.0,2.0,#17221D
12.0,-6.0,6.0,#1A2217
12.0,-4.0,-38.0,#002555
12.0,-4.0,-22.0,#00233E
12.0,-4.0,-16.0,#002235
12.0,-4.0,-12.0,#092230
12.0,-4.0,0.0,#19211F
12.0,-4.0,4.0,#1C211A
12.0,-2.0,-20.0,#00223B
12.0,-2.0,-16.0,#052135
12.0,-2.0,-12.0,#0F2130
12.0,-2.0,-8.0,#15212A
12.0,-2.0,0.0,#1C201F
12.0,-2.0,4.0,#1F201A
12.0,0.0,-40.0,#002458
12.0,0.0,-20.0,#00213B
12.0,0.0,-16.0,#0C2135
12.0,0.0,-12.0,#142030
12.0,0.0,-8.0,#19202A
12.0,0.0,0.0,#1F1F1F
12.0,0.0,4.0,#221F1A
12.0,0.0,8.0,#241F15
12.0,2.0,-20.0,#08203B
12.0,2.0,-16.0,#122035
12.0,2.0,-12.0,#181F30
12.0,2.0,-8.0,#1C1F2A
12.0,2.0,4.0,#241E1A
12.0,2.0,8.0,#261E15
12.0,4.0,-42.0,#00225B
12.0,4.0,-20.0,#0E1F3B
12.0,4.0,-16.0,#161F35
12.0,4.0,-12.0,#1C1E30
12.0,4.0,-8.0,#1F1E2A
12.0,4.0,4.0,#271D1A
12.0,4.0,8.0,#291D15
12.0,6.0,-20.0,#141E3B
12.0,6.0,-16.0,#1A1E35
12.0,6.0,-12.0,#1F1E30
12.0,6.0,-8.0,#221D2A
12.0,6.0,4.0,#291C1A
12.0,6.0,8.0,#2B1C15
12.0,8.0,-12.0,#221C30
12.0,8.0,-8.0,#251C2B
12.0,8.0,-4.0,#281C25
12.0,8.0,4.0,#2C1B1A
12.0,8.0,8.0,#2D1B15
12.0,10.0,-48.0,#002164
12.0,10.0,-10.0,#271B2D
12.0,10.0,-6.0,#291B28
12.0,10.0,-2.0,#2C1B22
12.0,10.0,6.0,#2F1A18
12.0,10.0,10.0,#301A12
12.0,12.0,-4.0,#2D1925
12.0,12.0,0.0,#2F1920
12.0,12.0,8.0,#321915
12.0,14.0,-2.0,#301823
12.0,14.0,12.0,#35170F
12.0,16.0,-52.0,#001E6A
12.0,16.0,-18.0,#281838
12.0,16.0,0.0,#331620
12.0,16.0,10.0,#371612
12.0,18.0,-16.0,#2D1636
12.0,20.0,-8.0,#34142B
12.0,20.0,-4.0,#361325
12.0,20.0,0.0,#381320
12.0,20.0,8.0,#3A1215
12.0,20.0,12.0,#3B120F
12.0,24.0,-28.0,#2A1347
12.0,24.0,-2.0,#3B0F23
12.0,24.0,12.0,#3F0E0F
12.0,28.0,-28.0,#300F47
12.0,28.0,-24.0,#340E41
12.0,28.0,6.0,#420918
12.0,30.0,14.0,#45040C
12.0,32.0,-22.0,#3A073E
12.0,34.0,-48.0,#180D64
12.0,34.0,-42.0,#260B5B
12.0,34.0,-30.0,#36064A
12.0,36.0,16.0,#4C0007
12.0,38.0,-54.0,#0E0A6D
12.0,38.0,-48.0,#220764
12.0,38.0,6.0,#4C0019
12.0,40.0,-66.0,#000E7F
12.0,42.0,-60.0,#000676
12.0,42.0,18.0,#520003
12.0,44.0,-56.0,#1C0070
12.0,46.0,-38.0,#3E0055
12.0,48.0,-64.0,#02007C
12.0,50.0,-70.0,#000086
12.0,52.0,-14.0,#540034
12.0,52.0,16.0,#5B0009
12.0,56.0,2.0,#5C001F
12.0,58.0,-16.0,#590037
12.0,58.0,-10.0,#5B002F
12.0,60.0,-28.0,#560047
12.0,64.0,-46.0,#4E0061
12.0,64.0,-24.0,#5C0042
12.0,66.0,-40.0,#560059
12.0,70.0,-48.0,#540064
12.0,72.0,-60.0,#4A0076
12.0,76.0,-68.0,#450083
12.0,78.0,-62.0,#50007A
12.0,82.0,-88.0,#1C00A3
12.0,84.0,-68.0,#510083
12.0,90.0,-70.0,#580086
12.0,106.0,-104.0,#2D00BD
12.0,108.0,-94.0,#4F00AD
12.0,114.0,-108.0,#3700C4
13.0,40.0,-42.0,#34025E
13.0,40.0,-36.0,#3B0055
13.0,40.0,-30.0,#40004C
13.0,40.0,-24.0,#450044
13.0,40.0,-18.0,#48003B
13.0,42.0,-14.0,#4C0036
13.0,42.0,-6.0,#4F002B
13.0,42.0,-2.0,#500026
13.0,42.0,2.0,#510020
13.0,42.0,10.0,#530016
13.0,42.0,14.0,#540010
13.0,42.0,22.0,#550000
13.0,44.0,-66.0,#000882
13.0,46.0,-50.0,#32006A
13.0,46.0,-44.0,#3A0061
13.0,46.0,-32.0,#46004F
13.0,46.0,-20.0,#4E003E
13.0,48.0,-10.0,#540030
13.0,48.0,-4.0,#560028
13.0,48.0,0.0,#570023
13.0,48.0,4.0,#58001E
13.0,48.0,8.0,#580019
13.0,48.0,12.0,#590013
13.0,48.0,20.0,#5A0003
13.0,52.0,-58.0,#2E0076
13.0,52.0,-52.0,#39006D
13.0,52.0,-46.0,#410064
13.0,52.0,-40.0,#47005B
13.0,52.0,-34.0,#4C0052
13.0,52.0,-22.0,#530041
13.0,54.0,-6.0,#5B002B
13.0,54.0,10.0,#5E0017
13.0,58.0,-54.0,#400070
13.0,58.0,-48.0,#470067
13.0,58.0,-42.0,#4D005E
13.0,58.0,-36.0,#520055
13.0,58.0,-2.0,#600026
13.0,64.0,-34.0,#5A0052
13.0,68.0,-82.0,#00009C
13.0,70.0,-32.0,#620050
13.0,76.0,-46.0,#600064
13.0,82.0,-74.0,#48008F
13.0,84.0,-50.0,#66006A
13.0,86.0,-84.0,#3B009F
13.0,88.0,-78.0,#4C0095
13.0,94.0,-80.0,#530099
13.0,102.0,-84.0,#59009F
13.0,108.0,-82.0,#66009C
13.0,116.0,-96.0,#5D00B3
13.0,118.0,-102.0,#5500BD
13.0,122.0,-94.0,#6A00B0
14.0,-56.0,4.0,#00321D
14.0,-52.0,-2.0,#003225
14.0,-50.0,2.0,#003120
14.0,-48.0,6.0,#00301A
14.0,-44.0,-10.0,#003031
14.0,-42.0,2.0,#002F20
14.0,-42.0,6.0,#002F1A
14.0,-40.0,-14.0,#003037
14.0,-38.0,-10.0,#002F31
14.0,-36.0,-18.0,#002F3C
14.0,-36.0,2.0,#002E20
14.0,-36.0,6.0,#002E1A
14.0,-34.0,-14.0,#002E37
14.0,-32.0,-22.0,#002F42
14.0,-32.0,-10.0,#002E31
14.0,-32.0,8.0,#002D18
14.0,-30.0,-16.0,#002E39
14.0,-30.0,2.0,#002D20
14.0,-28.0,-28.0,#002E4B
14.0,-28.0,-12.0,#002D34
14.0,-26.0,-22.0,#002D42
14.0,-26.0,-18.0,#002D3C
14.0,-26.0,-8.0,#002C2E
14.0,-26.0,4.0,#002C1D
14.0,-26.0,8.0,#002C18
14.0,-24.0,-32.0,#002E51
14.0,-24.0,-14.0,#002C37
14.0,-22.0,-18.0,#002C3C
14.0,-22.0,-10.0,#002C31
14.0,-22.0,-6.0,#002B2C
14.0,-22.0,6.0,#002B1B
14.0,-22.0,10.0,#002B15
14.0,-20.0,-34.0,#002D54
14.0,-20.0,-14.0,#002B37
14.0,-18.0,-10.0,#002A31
14.0,-18.0,-6.0,#002A2C
14.0,-18.0,6.0,#032A1B
14.0,-18.0,10.0,#082A15
14.0,-16.0,-36.0,#002C57
14.0,-16.0,-14.0,#002A37
14.0,-14.0,-10.0,#002931
14.0,-14.0,-6.0,#00292C
14.0,-14.0,-2.0,#022926
14.0,-14.0,2.0,#092920
14.0,-14.0,6.0,#0F281B
14.0,-14.0,10.0,#122815
14.0,-12.0,-38.0,#002B5A
14.0,-12.0,-14.0,#002937
14.0,-12.0,0.0,#0C2823
14.0,-12.0,12.0,#182812
14.0,-10.0,-6.0,#07282C
14.0,-10.0,-2.0,#0F2826
14.0,-10.0,2.0,#142721
14.0,-8.0,-12.0,#002834
14.0,-8.0,-8.0,#0A272F
14.0,-8.0,-4.0,#112729
14.0,-8.0,0.0,#162723
14.0,-8.0,4.0,#1A271E
14.0,-8.0,12.0,#1E2612
14.0,-6.0,-28.0,#00284B
14.0,-6.0,-10.0,#0C2731
14.0,-6.0,-6.0,#13262C
14.0,-6.0,10.0,#202615
14.0,-4.0,-6.0,#17262C
14.0,-4.0,-2.0,#1C2526
14.0,-4.0,2.0,#1F2521
14.0,-4.0,6.0,#21251B
14.0,-4.0,10.0,#232515
14.0,-4.0,14.0,#25250F
14.0,-2.0,-32.0,#002751
14.0,-2.0,-26.0,#002748
14.0,-2.0,-2.0,#1F2526
14.0,-2.0,2.0,#222421
14.0,-2.0,6.0,#24241B
14.0,-2.0,10.0,#262416
14.0,-2.0,14.0,#27240F
14.0,0.0,-24.0,#002645
14.0,0.0,-4.0,#212429
14.0,0.0,12.0,#292313
14.0,2.0,-34.0,#002654
14.0,2.0,-4.0,#242329
14.0,2.0,0.0,#262324
14.0,2.0,12.0,#2C2213
14.0,4.0,-46.0,#002766
14.0,4.0,-32.0,#002551
14.0,4.0,-28.0,#00244B
14.0,4.0,-4.0,#272229
14.0,4.0,0.0,#292224
14.0,4.0,12.0,#2E2113
14.0,6.0,-26.0,#092348
14.0,6.0,-4.0,#2A2129
14.0,6.0,0.0,#2C2124
14.0,6.0,12.0,#312013
14.0,8.0,-40.0,#00245D
14.0,8.0,-34.0,#002354
14.0,8.0,-24.0,#152245
14.0,8.0,-16.0,#22213A
14.0,8.0,0.0,#2E2024
14.0,8.0,12.0,#331F13
14.0,8.0,16.0,#341F0C
14.0,10.0,-32.0,#012251
14.0,10.0,-22.0,#1E2042
14.0,10.0,2.0,#321E21
14.0,12.0,-42.0,#002260
14.0,12.0,-30.0,#12204E
14.0,12.0,-26.0,#1B2048
14.0,12.0,-20.0,#241F40
14.0,12.0,-16.0,#291F3A
14.0,12.0,4.0,#351D1E
14.0,12.0,14.0,#381D10
14.0,14.0,-40.0,#00215D
14.0,14.0,-24.0,#231E45
14.0,14.0,-14.0,#2D1D37
14.0,14.0,-10.0,#301D32
14.0,14.0,2.0,#371C21
14.0,16.0,-38.0,#001F5A
14.0,16.0,-32.0,#181E51
14.0,16.0,-22.0,#291D43
14.0,16.0,-8.0,#341B2F
14.0,16.0,6.0,#3A1A1C
14.0,16.0,16.0,#3D1A0C
14.0,18.0,-48.0,#002069
14.0,18.0,-30.0,#211D4E
14.0,18.0,-26.0,#271C48
14.0,18.0,-12.0,#341A35
14.0,18.0,-6.0,#38192C
14.0,18.0,4.0,#3C191F
14.0,18.0,14.0,#3E1810
14.0,20.0,-54.0,#002072
14.0,20.0,-46.0,#001E66
14.0,20.0,-38.0,#131D5A
14.0,20.0,-24.0,#2D1A45
14.0,20.0,-20.0,#311940
14.0,20.0,18.0,#411608
14.0,22.0,-44.0,#001C63
14.0,22.0,-36.0,#1E1B57
14.0,22.0,-30.0,#29194E
14.0,22.0,-18.0,#35173D
14.0,22.0,-14.0,#381737
14.0,22.0,-6.0,#3C162C
14.0,22.0,2.0,#3F1522
14.0,22.0,6.0,#41151C
14.0,22.0,16.0,#43140D
14.0,24.0,-54.0,#001D72
14.0,24.0,-24.0,#331746
14.0,26.0,-60.0,#001E7B
14.0,26.0,-52.0,#001B6F
14.0,26.0,-44.0,#121963
14.0,26.0,-36.0,#271757
14.0,26.0,-18.0,#3A143D
14.0,26.0,-14.0,#3D1338
14.0,26.0,-10.0,#3F1232
14.0,26.0,-6.0,#41122D
14.0,26.0,2.0,#441122
14.0,26.0,18.0,#471009
14.0,28.0,-50.0,#00196C
14.0,28.0,-42.0,#1F1760
14.0,28.0,-34.0,#2D1554
14.0,28.0,10.0,#480D17
14.0,30.0,-60.0,#001A7B
14.0,30.0,-8.0,#440D2F
14.0,30.0,-4.0,#460C2A
14.0,30.0,0.0,#470B25
14.0,30.0,4.0,#480B1F
14.0,30.0,18.0,#4B0909
14.0,32.0,-58.0,#001878
14.0,32.0,-50.0,#11156C
14.0,32.0,-34.0,#341054
14.0,32.0,-18.0,#420B3D
14.0,32.0,-14.0,#440A38
14.0,32.0,8.0,#4B071A
14.0,34.0,-2.0,#4B0427
14.0,34.0,2.0,#4C0322
14.0,34.0,12.0,#4E0215
14.0,36.0,-66.0,#001785
14.0,36.0,-58.0,#001378
14.0,36.0,-12.0,#490235
14.0,36.0,-8.0,#4B0130
14.0,36.0,20.0,#510005
14.0,42.0,-10.0,#510032
14.0,46.0,-72.0,#000B8E
14.0,50.0,-28.0,#50004C
14.0,52.0,-76.0,#000195
14.0,56.0,-74.0,#000091
14.0,58.0,-70.0,#1E008B
14.0,58.0,-60.0,#39007C
14.0,60.0,-80.0,#00009B
14.0,60.0,-66.0,#300085
14.0,62.0,-76.0,#0E0095
14.0,62.0,-6.0,#66002E
14.0,64.0,-72.0,#2A008E
14.0,64.0,-64.0,#3D0082
14.0,64.0,-14.0,#660039
14.0,66.0,-58.0,#490079
14.0,70.0,-72.0,#38008E
14.0,70.0,-66.0,#440085
14.0,70.0,-54.0,#540073
14.0,74.0,-80.0,#2C009B
14.0,76.0,-56.0,#5A0076
14.0,76.0,-38.0,#68005B
14.0,78.0,-90.0,#0000AB
14.0,80.0,-82.0,#36009F
14.0,82.0,-60.0,#5E007C
14.0,84.0,-94.0,#0900B2
14.0,88.0,-64.0,#620082
14.0,88.0,-56.0,#690076
14.0,90.0,-96.0,#2000B5
14.0,92.0,-88.0,#4300A8
14.0,94.0,-62.0,#6B007F
14.0,96.0,-98.0,#2E00B9
14.0,96.0,-68.0,#680089
14.0,98.0,-90.0,#4B00AC
14.0,98.0,-74.0,#640092
14.0,104.0,-72.0,#6F008F
14.0,118.0,-114.0,#3600D4
14.0,126.0,-118.0,#4000DB
15.0,-44.0,-20.0,#003341
15.0,-40.0,-24.0,#003347
15.0,-36.0,-26.0,#00324A
15.0,-22.0,-26.0,#002F4A
15.0,-18.0,-24.0,#002E47
15.0,-14.0,-26.0,#002D4A
15.0,-14.0,-20.0,#002C42
15.0,-10.0,-28.0,#002C4D
15.0,-8.0,-42.0,#002D62
15.0,-6.0,-38.0,#002C5C
15.0,-6.0,-18.0,#00293F
15.0,-6.0,0.0,#1C2826
15.0,-4.0,-44.0,#002C65
15.0,-2.0,-40.0,#002A5F
15.0,0.0,-46.0,#002B68
15.0,6.0,-44.0,#002865
15.0,12.0,-52.0,#002671
15.0,14.0,-50.0,#00256E
15.0,18.0,-58.0,#00247B
15.0,20.0,-2.0,#3E1A29
15.0,22.0,-10.0,#3D1934
15.0,24.0,10.0,#461519
15.0,24.0,14.0,#471513
15.0,26.0,6.0,#47131E
15.0,28.0,-22.0,#3C1445
15.0,28.0,14.0,#4B1013
15.0,32.0,-66.0,#001D87
15.0,34.0,-26.0,#410D4B
15.0,34.0,-22.0,#440C45
15.0,34.0,16.0,#510510
15.0,36.0,-44.0,#2F1065
15.0,36.0,6.0,#52011F
15.0,38.0,-50.0,#270F6F
15.0,40.0,18.0,#58000D
15.0,42.0,-72.0,#001491
15.0,42.0,6.0,#58001F
15.0,44.0,-58.0,#20087B
15.0,46.0,-54.0,#300075
15.0,46.0,-36.0,#48005A
15.0,46.0,22.0,#5E0005
15.0,48.0,-66.0,#090487
15.0,48.0,-16.0,#57003D
15.0,50.0,-62.0,#250081
15.0,52.0,24.0,#640001
15.0,54.0,-18.0,#5D0040
15.0,54.0,4.0,#630022
15.0,56.0,-30.0,#590051
15.0,58.0,-24.0,#5E0049
15.0,58.0,-14.0,#62003B
15.0,58.0,8.0,#68001D
15.0,58.0,14.0,#690016
15.0,58.0,18.0,#69000F
15.0,58.0,22.0,#690006
15.0,62.0,-20.0,#640043
15.0,64.0,-44.0,#580066
15.0,64.0,-38.0,#5D005D
15.0,64.0,-26.0,#64004C
15.0,66.0,-86.0,#0000A8
15.0,68.0,-22.0,#6A0046
15.0,70.0,-42.0,#610063
15.0,72.0,-88.0,#0000AB
15.0,98.0,-104.0,#1D00C6
15.0,102.0,-100.0,#3E00BF
15.0,104.0,-106.0,#2D00C9
15.0,110.0,-108.0,#3900CD
15.0,112.0,-102.0,#5000C3
15.0,112.0,-78.0,#76009B
15.0,118.0,-84.0,#7800A5
16.0,-68.0,12.0,#003815
16.0,-62.0,8.0,#00371B
16.0,-60.0,12.0,#003715
16.0,-54.0,8.0,#00361B
16.0,-54.0,14.0,#003512
16.0,-48.0,10.0,#003418
16.0,-46.0,-4.0,#00352D
16.0,-46.0,14.0,#003412
16.0,-42.0,10.0,#003318
16.0,-40.0,-8.0,#003432
16.0,-40.0,-4.0,#00332D
16.0,-40.0,14.0,#003312
16.0,-38.0,0.0,#003327
16.0,-36.0,16.0,#00320F
16.0,-34.0,-6.0,#003230
16.0,-34.0,-2.0,#00322A
16.0,-34.0,12.0,#003216
16.0,-30.0,14.0,#003113
16.0,-28.0,-6.0,#003130
16.0,-26.0,-2.0,#00302A
16.0,-26.0,16.0,#00300F
16.0,-22.0,0.0,#002F27
16.0,-22.0,16.0,#072F0F
16.0,-20.0,-8.0,#002F33
16.0,-18.0,0.0,#002E27
16.0,-18.0,16.0,#122E10
16.0,-14.0,14.0,#192D13
16.0,-14.0,18.0,#1C2C0C
16.0,-12.0,-4.0,#092D2D
16.0,-12.0,20.0,#202C07
16.0,-10.0,-10.0,#022C36
16.0,-10.0,6.0,#1B2B1F
16.0,-10.0,10.0,#1E2B19
16.0,-10.0,14.0,#202B13
16.0,-8.0,-20.0,#002C44
16.0,-8.0,-16.0,#002C3E
16.0,-8.0,8.0,#202B1C
16.0,-8.0,16.0,#242A10
16.0,-8.0,20.0,#262A07
16.0,-6.0,-22.0,#002C47
16.0,-6.0,6.0,#222A1F
16.0,-6.0,14.0,#262A13
16.0,-4.0,-34.0,#002C59
16.0,-4.0,-20.0,#002B44
16.0,-4.0,-16.0,#082B3E
16.0,-4.0,-12.0,#132A39
16.0,-4.0,-8.0,#192A33
16.0,-4.0,-4.0,#1E2A2D
16.0,-4.0,0.0,#212928
16.0,-4.0,4.0,#242922
16.0,-4.0,20.0,#2B2908
16.0,-2.0,-18.0,#0A2A41
16.0,-2.0,-14.0,#142A3B
16.0,-2.0,-10.0,#1B2936
16.0,-2.0,-6.0,#202930
16.0,-2.0,18.0,#2D280D
16.0,0.0,-38.0,#002B5F
16.0,0.0,-20.0,#0C2944
16.0,0.0,-16.0,#16293E
16.0,0.0,-12.0,#1C2939
16.0,0.0,-8.0,#212833
16.0,0.0,0.0,#282828
16.0,0.0,4.0,#2A2822
16.0,0.0,8.0,#2C271C
16.0,0.0,16.0,#2F2710
16.0,0.0,20.0,#302708
16.0,2.0,-20.0,#132844
16.0,2.0,-16.0,#1B283E
16.0,2.0,-12.0,#202839
16.0,2.0,-8.0,#252733
16.0,2.0,4.0,#2D2722
16.0,2.0,8.0,#2F261D
16.0,2.0,16.0,#312611
16.0,2.0,20.0,#332608
16.0,4.0,-20.0,#182744
16.0,4.0,-16.0,#1F273E
16.0,4.0,-12.0,#242739
16.0,4.0,-8.0,#282633
16.0,4.0,4.0,#302622
16.0,4.0,8.0,#31251D
16.0,4.0,16.0,#342511
16.0,4.0,20.0,#352508
16.0,6.0,-20.0,#1D2644
16.0,6.0,-16.0,#23263E
16.0,6.0,-12.0,#272639
16.0,6.0,-8.0,#2B2533
16.0,6.0,4.0,#322522
16.0,6.0,8.0,#34241D
16.0,6.0,16.0,#362411
16.0,6.0,20.0,#372409
16.0,8.0,-12.0,#2B2539
16.0,8.0,-8.0,#2E2433
16.0,8.0,-4.0,#31242E
16.0,8.0,4.0,#352422
16.0,8.0,8.0,#36231D
16.0,10.0,-10.0,#2F2336
16.0,10.0,-6.0,#322330
16.0,10.0,-2.0,#34232B
16.0,10.0,6.0,#382220
16.0,10.0,10.0,#39221A
16.0,10.0,20.0,#3C2209
16.0,12.0,-4.0,#36222E
16.0,12.0,0.0,#382128
16.0,12.0,8.0,#3B211D
16.0,12.0,18.0,#3E200E
16.0,14.0,-2.0,#39202B
16.0,14.0,12.0,#3E1F17
16.0,14.0,22.0,#411F04
16.0,16.0,0.0,#3D1F28
16.0,16.0,10.0,#401E1A
16.0,16.0,20.0,#421E09
16.0,18.0,24.0,#451C00
16.0,20.0,8.0,#441B1D
16.0,20.0,12.0,#451B18
16.0,20.0,22.0,#471A05
16.0,24.0,20.0,#4B170A
16.0,24.0,24.0,#4B1601
16.0,28.0,-30.0,#371853
16.0,28.0,-26.0,#3B174D
16.0,28.0,24.0,#4F1101
16.0,30.0,22.0,#510F06
16.0,34.0,-32.0,#3E1156
16.0,34.0,26.0,#560600
16.0,36.0,-18.0,#4B0942
16.0,38.0,-56.0,#17147A
16.0,38.0,-30.0,#450953
16.0,38.0,24.0,#590002
16.0,40.0,-40.0,#3E0962
16.0,40.0,0.0,#570029
16.0,40.0,12.0,#5A0019
16.0,42.0,-62.0,#071184
16.0,42.0,-22.0,#500048
16.0,42.0,-4.0,#58002F
16.0,46.0,-48.0,#3D006E
16.0,46.0,-42.0,#450065
16.0,46.0,0.0,#5D0029
16.0,46.0,12.0,#5F0019
16.0,48.0,-24.0,#56004B
16.0,48.0,16.0,#620014
16.0,48.0,26.0,#630000
16.0,50.0,-34.0,#510059
16.0,50.0,-6.0,#600032
16.0,52.0,-2.0,#63002C
16.0,52.0,8.0,#65001F
16.0,52.0,20.0,#66000E
16.0,54.0,-42.0,#500065
16.0,56.0,-38.0,#56005F
16.0,58.0,-52.0,#4B0074
16.0,60.0,-48.0,#52006E
16.0,60.0,-2.0,#6B002D
16.0,64.0,2.0,#6F0028
16.0,72.0,-32.0,#6C0057
16.0,74.0,-48.0,#64006F
16.0,78.0,-62.0,#5C0084
16.0,80.0,-70.0,#540091
16.0,82.0,-46.0,#6F006C
16.0,84.0,-78.0,#4E009E
16.0,86.0,-86.0,#4100AB
16.0,86.0,-72.0,#5B0094
16.0,90.0,-82.0,#5200A4
16.0,92.0,-102.0,#0C00C5
16.0,92.0,-76.0,#5F009B
16.0,96.0,-84.0,#5900A8
16.0,104.0,-92.0,#5900B5
16.0,104.0,-82.0,#6900A4
16.0,110.0,-88.0,#6A00AE
16.0,112.0,-114.0,#2B00DA
16.0,122.0,-104.0,#6400C9
16.0,124.0,-110.0,#5B00D3
17.0,-62.0,-10.0,#003A37
17.0,-58.0,-14.0,#00393D
17.0,-56.0,-8.0,#003934
17.0,-52.0,-18.0,#003943
17.0,-52.0,-12.0,#00383A
17.0,-46.0,-14.0,#00373D
17.0,-46.0,-10.0,#003737
17.0,-42.0,-16.0,#003740
17.0,-40.0,-12.0,#00363A
17.0,-38.0,-20.0,#003646
17.0,-36.0,-16.0,#003640
17.0,-34.0,-22.0,#003649
17.0,-34.0,-12.0,#00353A
17.0,-32.0,-30.0,#003655
17.0,-30.0,-24.0,#00354C
17.0,-30.0,-18.0,#003543
17.0,-30.0,-14.0,#00343D
17.0,-28.0,-32.0,#003558
17.0,-28.0,-10.0,#003438
17.0,-26.0,-26.0,#00344F
17.0,-26.0,-20.0,#003446
17.0,-24.0,-36.0,#00355E
17.0,-24.0,-16.0,#003340
17.0,-24.0,-12.0,#00333B
17.0,-24.0,-8.0,#003335
17.0,-22.0,-30.0,#003455
17.0,-22.0,-22.0,#003349
17.0,-22.0,4.0,#003124
17.0,-20.0,-38.0,#003461
17.0,-20.0,-18.0,#003243
17.0,-20.0,8.0,#06311E
17.0,-18.0,-32.0,#003358
17.0,-16.0,-40.0,#003364
17.0,-16.0,-16.0,#003140
17.0,-16.0,-12.0,#00313B
17.0,-16.0,-8.0,#003035
17.0,-16.0,-4.0,#00302F
17.0,-16.0,4.0,#0D3024
17.0,-16.0,8.0,#12301E
17.0,-14.0,-34.0,#00325B
17.0,-14.0,0.0,#0D2F2A
17.0,-12.0,-42.0,#003267
17.0,-12.0,-22.0,#003049
17.0,-12.0,-18.0,#003043
17.0,-12.0,2.0,#162E27
17.0,-10.0,-36.0,#00315E
17.0,-10.0,0.0,#182E2A
17.0,-8.0,-26.0,#002F4F
17.0,-8.0,-2.0,#1A2D2D
17.0,-8.0,2.0,#1E2D27
17.0,-6.0,-2.0,#1E2C2D
17.0,-6.0,2.0,#222C27
17.0,-4.0,-28.0,#002E52
17.0,-4.0,8.0,#292B1E
17.0,-4.0,12.0,#2A2B19
17.0,2.0,-32.0,#002C58
17.0,4.0,-52.0,#002E76
17.0,4.0,-30.0,#002B55
17.0,4.0,-26.0,#0A2A4F
17.0,8.0,-54.0,#002D7A
17.0,8.0,-36.0,#002A5E
17.0,8.0,-32.0,#022958
17.0,8.0,-28.0,#132852
17.0,12.0,-38.0,#002861
17.0,12.0,-34.0,#0D275B
17.0,14.0,-58.0,#002B80
17.0,16.0,-36.0,#16255E
17.0,16.0,-18.0,#342244
17.0,18.0,-44.0,#00256A
17.0,18.0,-16.0,#382141
17.0,20.0,-42.0,#0D2367
17.0,22.0,-60.0,#002683
17.0,22.0,-54.0,#00257A
17.0,22.0,-40.0,#1D2264
17.0,24.0,-52.0,#002377
17.0,24.0,-48.0,#002270
17.0,24.0,-2.0,#481A2D
17.0,26.0,-46.0,#16206D
17.0,28.0,-66.0,#00248D
17.0,28.0,-58.0,#002180
17.0,28.0,-44.0,#231E6A
17.0,30.0,-56.0,#001F7D
17.0,30.0,-42.0,#2C1B67
17.0,32.0,-54.0,#081C7A
17.0,32.0,28.0,#570E00
17.0,34.0,-62.0,#001D86
17.0,34.0,-50.0,#231974
17.0,38.0,-72.0,#001D96
17.0,38.0,-62.0,#001986
17.0,40.0,-36.0,#450A5F
17.0,42.0,-16.0,#560042
17.0,42.0,22.0,#60000B
17.0,44.0,-68.0,#001390
17.0,44.0,-28.0,#510053
17.0,48.0,-12.0,#5E003C
17.0,50.0,-78.0,#000FA0
17.0,50.0,-72.0,#000A96
17.0,54.0,-70.0,#1D0093
17.0,54.0,-54.0,#44007A
17.0,54.0,28.0,#6C0000
17.0,56.0,-82.0,#0003A7
17.0,56.0,-76.0,#00009D
17.0,56.0,-66.0,#31008D
17.0,56.0,-60.0,#3E0083
17.0,60.0,-74.0,#22009A
17.0,60.0,-58.0,#480080
17.0,62.0,-70.0,#350093
17.0,62.0,-64.0,#42008A
17.0,62.0,-30.0,#650056
17.0,62.0,-8.0,#6E0037
17.0,64.0,10.0,#74001F
17.0,66.0,-78.0,#2700A0
17.0,66.0,-60.0,#4F0084
17.0,66.0,-4.0,#730032
17.0,68.0,-74.0,#39009A
17.0,68.0,-68.0,#460090
17.0,68.0,-10.0,#74003A
17.0,70.0,-56.0,#5A007D
17.0,72.0,-82.0,#2C00A7
17.0,72.0,-64.0,#53008A
17.0,74.0,-74.0,#46009A
17.0,74.0,-40.0,#6D0065
17.0,74.0,-22.0,#76004B
17.0,76.0,-54.0,#64007A
17.0,78.0,-84.0,#3700AA
17.0,82.0,-94.0,#1800BB
17.0,82.0,-58.0,#680081
17.0,82.0,-36.0,#78005F
17.0,86.0,-52.0,#730078
17.0,92.0,-58.0,#750081
17.0,96.0,-92.0,#4D00B7
17.0,98.0,-62.0,#790087
17.0,116.0,-94.0,#6E00BB
17.0,124.0,-120.0,#4200E7
17.0,124.0,-98.0,#7500C2
18.0,-74.0,18.0,#003D0E
18.0,-68.0,20.0,#003C0A
18.0,-62.0,16.0,#003B12
18.0,-60.0,20.0,#003B0B
18.0,-54.0,2.0,#003A28
18.0,-52.0,20.0,#00390B
18.0,-48.0,4.0,#003925
18.0,-46.0,22.0,#003806
18.0,-40.0,4.0,#003825
18.0,-40.0,20.0,#00370C
18.0,-38.0,8.0,#00371F
18.0,-36.0,22.0,#003607
18.0,-34.0,4.0,#003725
18.0,-32.0,8.0,#003620
18.0,-30.0,0.0,#00362B
18.0,-30.0,18.0,#003510
18.0,-30.0,22.0,#003507
18.0,-28.0,4.0,#003526
18.0,-26.0,8.0,#003520
18.0,-26.0,24.0,#073403
18.0,-22.0,12.0,#07331A
18.0,-22.0,24.0,#133303
18.0,-20.0,-2.0,#00332E
18.0,-18.0,20.0,#19320D
18.0,-18.0,24.0,#1B3203
18.0,-16.0,12.0,#18321A
18.0,-12.0,-6.0,#0A3134
18.0,-12.0,-2.0,#12312F
18.0,-12.0,10.0,#1F301D
18.0,-12.0,14.0,#213017
18.0,-12.0,24.0,#253004
18.0,-10.0,-14.0,#003140
18.0,-10.0,-4.0,#153031
18.0,-10.0,4.0,#1E3026
18.0,-10.0,20.0,#272F0D
18.0,-8.0,-8.0,#143037
18.0,-6.0,-18.0,#003046
18.0,-6.0,-14.0,#0C2F40
18.0,-6.0,-10.0,#162F3A
18.0,-6.0,-6.0,#1C2F34
18.0,-6.0,10.0,#292E1D
18.0,-6.0,18.0,#2C2E11
18.0,-6.0,24.0,#2E2E04
18.0,-4.0,16.0,#2E2D14
18.0,-4.0,26.0,#312D00
18.0,-2.0,-4.0,#262D32
18.0,-2.0,0.0,#292D2C
18.0,-2.0,4.0,#2B2D26
18.0,-2.0,8.0,#2E2D20
18.0,-2.0,12.0,#2F2C1B
18.0,0.0,-34.0,#002F5D
18.0,0.0,-26.0,#002E52
18.0,0.0,-4.0,#292C32
18.0,0.0,12.0,#322B1B
18.0,0.0,24.0,#362B05
18.0,2.0,-4.0,#2C2B32
18.0,2.0,0.0,#2F2B2C
18.0,2.0,12.0,#352A1B
18.0,2.0,26.0,#392A00
18.0,4.0,-42.0,#002E6A
18.0,4.0,-4.0,#2F2A32
18.0,4.0,0.0,#322A2C
18.0,4.0,12.0,#372A1B
18.0,4.0,24.0,#3A2905
18.0,6.0,-40.0,#002D67
18.0,6.0,-4.0,#322932
18.0,6.0,0.0,#35292C
18.0,6.0,12.0,#3A281B
18.0,8.0,-48.0,#002E73
18.0,8.0,-16.0,#2B2943
18.0,8.0,0.0,#37282C
18.0,8.0,12.0,#3C271B
18.0,8.0,16.0,#3D2715
18.0,8.0,24.0,#3F2705
18.0,10.0,-46.0,#002C70
18.0,10.0,-24.0,#24294F
18.0,10.0,-20.0,#2A2949
18.0,10.0,2.0,#3B2729
18.0,12.0,-44.0,#002B6D
18.0,12.0,-30.0,#1D2958
18.0,12.0,-18.0,#2F2746
18.0,12.0,-14.0,#332740
18.0,12.0,4.0,#3E2527
18.0,12.0,14.0,#412518
18.0,12.0,24.0,#442406
18.0,14.0,-52.0,#002B79
18.0,14.0,-28.0,#262755
18.0,14.0,-24.0,#2C274F
18.0,14.0,-12.0,#38253D
18.0,14.0,-8.0,#3B2538
18.0,14.0,2.0,#40242A
18.0,16.0,-50.0,#002A76
18.0,16.0,-22.0,#32254C
18.0,16.0,-6.0,#3E2335
18.0,16.0,6.0,#442324
18.0,16.0,16.0,#462216
18.0,16.0,28.0,#492200
18.0,18.0,-48.0,#002873
18.0,18.0,-34.0,#23255E
18.0,18.0,-30.0,#2B2558
18.0,18.0,-26.0,#302452
18.0,18.0,-12.0,#3D223E
18.0,18.0,4.0,#452127
18.0,18.0,14.0,#482119
18.0,20.0,-24.0,#36224F
18.0,20.0,-20.0,#3A2249
18.0,20.0,-8.0,#422138
18.0,20.0,-4.0,#442032
18.0,20.0,0.0,#46202D
18.0,20.0,18.0,#4B1F13
18.0,22.0,-30.0,#322258
18.0,22.0,-18.0,#3E2046
18.0,22.0,-14.0,#412040
18.0,22.0,4.0,#4A1E27
18.0,22.0,16.0,#4D1D16
18.0,22.0,28.0,#4F1D00
18.0,24.0,-38.0,#292264
18.0,24.0,-28.0,#382055
18.0,24.0,-24.0,#3C1F4F
18.0,24.0,-10.0,#461D3B
18.0,24.0,-6.0,#481D35
18.0,24.0,8.0,#4D1C22
18.0,24.0,12.0,#4E1B1C
18.0,26.0,-36.0,#312061
18.0,26.0,-18.0,#441C46
18.0,26.0,-14.0,#461C41
18.0,26.0,2.0,#4E1A2A
18.0,26.0,16.0,#511916
18.0,28.0,-34.0,#371D5E
18.0,28.0,-8.0,#4C1938
18.0,28.0,-4.0,#4E1932
18.0,28.0,6.0,#511825
18.0,28.0,10.0,#52171F
18.0,28.0,28.0,#551600
18.0,30.0,-12.0,#4C173E
18.0,30.0,0.0,#51162D
18.0,30.0,14.0,#551419
18.0,32.0,-40.0,#361B67
18.0,32.0,-34.0,#3E195E
18.0,32.0,-22.0,#49164C
18.0,32.0,-18.0,#4B1646
18.0,32.0,4.0,#551227
18.0,32.0,18.0,#581114
18.0,34.0,-10.0,#52113B
18.0,34.0,-6.0,#541035
18.0,34.0,-2.0,#551030
18.0,34.0,8.0,#580F22
18.0,34.0,12.0,#590E1C
18.0,36.0,-40.0,#3D1667
18.0,36.0,-26.0,#4B1252
18.0,36.0,2.0,#590B2A
18.0,36.0,16.0,#5C0917
18.0,38.0,-22.0,#500D4C
18.0,38.0,6.0,#5C0625
18.0,38.0,28.0,#5F0300
18.0,40.0,-54.0,#2B157C
18.0,40.0,-46.0,#3B1270
18.0,40.0,-10.0,#59043B
18.0,42.0,-72.0,#001A99
18.0,44.0,-60.0,#251186
18.0,44.0,-52.0,#380D79
18.0,44.0,6.0,#620025
18.0,44.0,18.0,#640015
18.0,44.0,30.0,#650000
18.0,46.0,-78.0,#0018A3
18.0,48.0,-58.0,#350683
18.0,50.0,-64.0,#2A068C
18.0,50.0,4.0,#680028
18.0,52.0,-28.0,#5D0055
18.0,52.0,-18.0,#630047
18.0,52.0,12.0,#6B001E
18.0,54.0,-46.0,#510070
18.0,54.0,-24.0,#620050
18.0,56.0,16.0,#700019
18.0,58.0,-20.0,#68004A
18.0,58.0,-14.0,#6B0041
18.0,58.0,2.0,#6F002B
18.0,58.0,10.0,#710021
18.0,58.0,26.0,#730007
18.0,62.0,-44.0,#5E006D
18.0,62.0,-38.0,#630064
18.0,62.0,18.0,#760017
18.0,64.0,-88.0,#0000B3
18.0,64.0,-18.0,#700047
18.0,64.0,24.0,#78000D
18.0,68.0,-46.0,#640071
18.0,68.0,-40.0,#680068
18.0,70.0,-90.0,#0000B7
18.0,72.0,-16.0,#790045
18.0,76.0,-92.0,#0300BA
18.0,80.0,-50.0,#700077
18.0,84.0,-100.0,#0000C7
18.0,84.0,-66.0,#660090
18.0,88.0,-96.0,#2F00C1
18.0,90.0,-46.0,#7E0071
18.0,92.0,-68.0,#6F0093
18.0,94.0,-98.0,#3B00C4
18.0,94.0,-52.0,#7F007A
18.0,100.0,-102.0,#3F00CB
18.0,100.0,-72.0,#75009A
18.0,102.0,-108.0,#2D00D5
18.0,106.0,-70.0,#7F0097
18.0,108.0,-102.0,#5300CB
18.0,112.0,-76.0,#8200A0
18.0,114.0,-108.0,#5100D5
18.0,114.0,-100.0,#6400C8
18.0,118.0,-84.0,#8100AD
19.0,-40.0,-30.0,#003C5A
19.0,-36.0,-32.0,#003C5D
19.0,-34.0,-26.0,#003B54
19.0,-32.0,-34.0,#003B60
19.0,-28.0,-36.0,#003A63
19.0,-22.0,-26.0,#003854
19.0,-18.0,-24.0,#003751
19.0,-18.0,-20.0,#00364B
19.0,-14.0,-26.0,#003654
19.0,-14.0,-20.0,#00354B
19.0,-14.0,-8.0,#003439
19.0,-10.0,-20.0,#00344B
19.0,-10.0,-8.0,#103339
19.0,-8.0,-48.0,#003675
19.0,-6.0,-44.0,#00356F
19.0,-6.0,-36.0,#003463
19.0,-6.0,-28.0,#003357
19.0,-6.0,-22.0,#00324E
19.0,-4.0,-50.0,#003578
19.0,-4.0,-20.0,#02314B
19.0,-4.0,-14.0,#163142
19.0,-4.0,-10.0,#1D313C
19.0,-4.0,-6.0,#223037
19.0,-4.0,-2.0,#263031
19.0,-2.0,-46.0,#003472
19.0,-2.0,-38.0,#003366
19.0,-2.0,-18.0,#133048
19.0,-2.0,-14.0,#1B3042
19.0,-2.0,-10.0,#21303C
19.0,0.0,-52.0,#00347C
19.0,0.0,-20.0,#14304B
19.0,0.0,-16.0,#1D2F45
19.0,0.0,-12.0,#232F3F
19.0,0.0,-8.0,#272F3A
19.0,0.0,0.0,#2E2E2E
19.0,0.0,4.0,#312E28
19.0,2.0,-20.0,#1A2F4B
19.0,2.0,-16.0,#212E45
19.0,2.0,-12.0,#272E3F
19.0,2.0,-8.0,#2B2E3A
19.0,2.0,4.0,#332D28
19.0,4.0,-20.0,#202E4B
19.0,4.0,-16.0,#262D45
19.0,4.0,-12.0,#2A2D3F
19.0,4.0,-8.0,#2E2D3A
19.0,4.0,4.0,#362C29
19.0,4.0,8.0,#382C23
19.0,6.0,-20.0,#242D4B
19.0,6.0,-16.0,#2A2C45
19.0,6.0,-12.0,#2E2C40
19.0,6.0,-8.0,#312C3A
19.0,6.0,4.0,#392B29
19.0,6.0,8.0,#3B2B23
19.0,8.0,-12.0,#312B40
19.0,8.0,-8.0,#342B3A
19.0,8.0,-4.0,#372A34
19.0,8.0,4.0,#3B2A29
19.0,8.0,8.0,#3D2A23
19.0,10.0,-10.0,#362A3D
19.0,10.0,-6.0,#392937
19.0,10.0,-2.0,#3B2931
19.0,10.0,6.0,#3F2926
19.0,10.0,10.0,#402820
19.0,12.0,-4.0,#3D2834
19.0,12.0,0.0,#3F282E
19.0,12.0,8.0,#422723
19.0,14.0,-2.0,#402731
19.0,14.0,12.0,#46261D
19.0,16.0,0.0,#44252F
19.0,16.0,10.0,#472420
19.0,18.0,20.0,#4C2312
19.0,20.0,-64.0,#002C8F
19.0,20.0,8.0,#4B2123
19.0,20.0,12.0,#4C211E
19.0,22.0,22.0,#511F0E
19.0,24.0,20.0,#521D12
19.0,26.0,-68.0,#002A95
19.0,26.0,24.0,#551B0B
19.0,28.0,-28.0,#401E57
19.0,28.0,-24.0,#441E51
19.0,30.0,22.0,#59160F
19.0,32.0,-72.0,#00269C
19.0,32.0,-66.0,#002492
19.0,34.0,-30.0,#47185A
19.0,36.0,-56.0,#1C1D82
19.0,36.0,32.0,#610B00
19.0,38.0,-18.0,#550F49
19.0,38.0,24.0,#61070C
19.0,40.0,-4.0,#5E0635
19.0,40.0,0.0,#5F052F
19.0,40.0,14.0,#62031C
19.0,42.0,-78.0,#001FA5
19.0,44.0,-40.0,#4C096A
19.0,44.0,12.0,#66001F
19.0,46.0,-36.0,#520164
19.0,46.0,-22.0,#5C004F
19.0,46.0,-6.0,#630038
19.0,46.0,-2.0,#650032
19.0,48.0,-46.0,#4B0173
19.0,48.0,-32.0,#58005E
19.0,48.0,26.0,#6C0009
19.0,50.0,32.0,#6E0000
19.0,52.0,-38.0,#590067
19.0,52.0,-8.0,#69003B
19.0,52.0,0.0,#6C0030
19.0,52.0,18.0,#6F0018
19.0,52.0,22.0,#6F0012
19.0,54.0,-34.0,#5E0061
19.0,56.0,-4.0,#6F0036
19.0,60.0,-82.0,#0000AC
19.0,62.0,-52.0,#59007C
19.0,62.0,14.0,#78001E
19.0,64.0,4.0,#79002B
19.0,66.0,-84.0,#1000B0
19.0,66.0,-24.0,#720052
19.0,70.0,-30.0,#74005B
19.0,76.0,-28.0,#7B0058
19.0,78.0,-98.0,#0000C7
19.0,78.0,-66.0,#600093
19.0,82.0,-74.0,#5B009F
19.0,84.0,-80.0,#5400A9
19.0,88.0,-76.0,#6200A3
19.0,90.0,-102.0,#1C00CE
19.0,90.0,-90.0,#4C00BA
19.0,90.0,-82.0,#5C00AD
19.0,96.0,-106.0,#2200D5
19.0,96.0,-84.0,#6300B0
19.0,102.0,-94.0,#5C00C1
19.0,104.0,-88.0,#6A00B7
19.0,104.0,-80.0,#7500A9
19.0,108.0,-110.0,#3F00DC
19.0,110.0,-116.0,#2A00E6
19.0,112.0,-86.0,#7900B3
19.0,116.0,-114.0,#4900E3
19.0,118.0,-120.0,#3700ED
19.0,124.0,-114.0,#5D00E3
19.0,126.0,-126.0,#3A00F8
19.0,126.0,-108.0,#6E00D8
20.0,-82.0,2.0,#00432C
20.0,-82.0,8.0,#004323
20.0,-80.0,14.0,#004219
20.0,-80.0,20.0,#00420F
20.0,-80.0,26.0,#004201
20.0,-78.0,-2.0,#004332
20.0,-74.0,2.0,#00422C
20.0,-74.0,8.0,#004223
20.0,-72.0,-6.0,#004238
20.0,-72.0,14.0,#00411A
20.0,-72.0,26.0,#004101
20.0,-68.0,0.0,#00412F
20.0,-66.0,-8.0,#00413B
20.0,-66.0,-4.0,#004135
20.0,-66.0,4.0,#004129
20.0,-66.0,10.0,#004120
20.0,-64.0,28.0,#004000
20.0,-62.0,-12.0,#004141
20.0,-60.0,-6.0,#004038
20.0,-60.0,-2.0,#004032
20.0,-60.0,2.0,#00402C
20.0,-60.0,6.0,#004026
20.0,-60.0,12.0,#00401D
20.0,-56.0,-16.0,#004047
20.0,-56.0,-10.0,#00403E
20.0,-56.0,26.0,#003F02
20.0,-54.0,-4.0,#003F35
20.0,-54.0,8.0,#003F23
20.0,-54.0,14.0,#003F1A
20.0,-50.0,-20.0,#00404D
20.0,-50.0,-14.0,#003F44
20.0,-50.0,-8.0,#003F3B
20.0,-50.0,28.0,#003E00
20.0,-48.0,-2.0,#003E32
20.0,-48.0,10.0,#003E20
20.0,-46.0,-22.0,#003F50
20.0,-46.0,-16.0,#003F47
20.0,-46.0,14.0,#003D1A
20.0,-44.0,-12.0,#003E41
20.0,-44.0,-6.0,#003E38
20.0,-44.0,18.0,#003D14
20.0,-42.0,-24.0,#003F53
20.0,-42.0,-18.0,#003E4A
20.0,-42.0,0.0,#003D2F
20.0,-42.0,8.0,#003D24
20.0,-42.0,28.0,#003C00
20.0,-40.0,-14.0,#003D44
20.0,-40.0,-8.0,#003D3B
20.0,-40.0,12.0,#003C1D
20.0,-38.0,-4.0,#003C35
20.0,-38.0,16.0,#003C17
20.0,-36.0,-20.0,#003D4D
20.0,-36.0,-16.0,#003D47
20.0,-36.0,-10.0,#003C3E
20.0,-36.0,0.0,#003C30
20.0,-34.0,-6.0,#003C38
20.0,-34.0,12.0,#003B1E
20.0,-34.0,28.0,#003B00
20.0,-32.0,-12.0,#003C41
20.0,-32.0,-2.0,#003B33
20.0,-32.0,16.0,#003A17
20.0,-30.0,-18.0,#003C4A
20.0,-30.0,-8.0,#003B3B
20.0,-30.0,30.0,#033A00
20.0,-28.0,-26.0,#003C56
20.0,-28.0,-14.0,#003B44
20.0,-28.0,-4.0,#003A36
20.0,-26.0,-20.0,#003B4D
20.0,-26.0,-10.0,#003A3E
20.0,-26.0,0.0,#003930
20.0,-26.0,14.0,#00391B
20.0,-24.0,-16.0,#003A47
20.0,-24.0,-6.0,#003939
20.0,-24.0,18.0,#0D3814
20.0,-24.0,30.0,#163800
20.0,-22.0,-36.0,#003B65
20.0,-22.0,-22.0,#003A50
20.0,-22.0,-12.0,#003941
20.0,-22.0,2.0,#00382D
20.0,-20.0,-30.0,#003A5C
20.0,-20.0,-8.0,#00383B
20.0,-20.0,6.0,#0A3727
20.0,-20.0,16.0,#163718
20.0,-18.0,-40.0,#003B6B
20.0,-18.0,-14.0,#003844
20.0,-18.0,-10.0,#00383E
20.0,-18.0,-4.0,#003736
20.0,-18.0,0.0,#053730
20.0,-18.0,8.0,#143724
20.0,-18.0,30.0,#223600
20.0,-16.0,-34.0,#003962
20.0,-16.0,-16.0,#003847
20.0,-16.0,-6.0,#003739
20.0,-16.0,2.0,#11362D
20.0,-14.0,-42.0,#003A6E
20.0,-14.0,-12.0,#003741
20.0,-14.0,-2.0,#113633
20.0,-14.0,4.0,#1A362A
20.0,-14.0,8.0,#1E3524
20.0,-14.0,16.0,#233518
20.0,-14.0,20.0,#253511
20.0,-14.0,28.0,#283500
20.0,-12.0,-36.0,#003865
20.0,-12.0,-30.0,#00375C
20.0,-12.0,-14.0,#003644
20.0,-12.0,-4.0,#143536
20.0,-12.0,0.0,#1A3530
20.0,-10.0,-2.0,#1C3533
20.0,-10.0,2.0,#20342D
20.0,-10.0,6.0,#243427
20.0,-10.0,12.0,#28341E
20.0,-10.0,16.0,#2A3418
20.0,-10.0,24.0,#2D340A
20.0,-10.0,30.0,#2F3300
20.0,-8.0,-16.0,#013547
20.0,-8.0,-12.0,#103442
20.0,-8.0,-4.0,#1E3436
20.0,-8.0,0.0,#223430
20.0,-8.0,4.0,#26332A
20.0,-8.0,8.0,#293324
20.0,-8.0,18.0,#2E3315
20.0,-6.0,-2.0,#243333
20.0,-6.0,2.0,#28332D
20.0,-6.0,6.0,#2B3327
20.0,-6.0,14.0,#2F321C
20.0,-6.0,30.0,#343200
20.0,-4.0,4.0,#2D322A
20.0,-4.0,8.0,#2F3225
20.0,-4.0,12.0,#31321F
20.0,-2.0,-26.0,#003356
20.0,-2.0,16.0,#353119
20.0,-2.0,20.0,#373012
20.0,-2.0,28.0,#393001
20.0,0.0,-44.0,#003572
20.0,0.0,8.0,#353025
20.0,0.0,16.0,#383019
20.0,0.0,20.0,#392F12
20.0,0.0,32.0,#3C2F00
20.0,2.0,8.0,#382F25
20.0,2.0,16.0,#3B2F19
20.0,2.0,20.0,#3C2F12
20.0,4.0,-46.0,#003375
20.0,4.0,-28.0,#0C3159
20.0,4.0,16.0,#3D2E19
20.0,4.0,20.0,#3E2D13
20.0,4.0,30.0,#402D00
20.0,6.0,-52.0,#00337E
20.0,6.0,-26.0,#1B3056
20.0,6.0,16.0,#402D19
20.0,6.0,20.0,#412C13
20.0,6.0,28.0,#422C02
20.0,8.0,-36.0,#003065
20.0,8.0,-24.0,#242E53
20.0,8.0,32.0,#452B00
20.0,10.0,-54.0,#003281
20.0,10.0,-34.0,#0F2F62
20.0,10.0,20.0,#452A13
20.0,10.0,28.0,#472A02
20.0,12.0,18.0,#472916
20.0,14.0,-60.0,#00318B
20.0,14.0,-42.0,#002D6F
20.0,14.0,22.0,#4A2810
20.0,14.0,30.0,#4C2700
20.0,16.0,-40.0,#112C6C
20.0,18.0,24.0,#4F250C
20.0,20.0,-58.0,#002D88
20.0,20.0,-40.0,#20296C
20.0,20.0,30.0,#522300
20.0,22.0,-56.0,#002B85
20.0,22.0,-46.0,#112975
20.0,24.0,-54.0,#002981
20.0,26.0,-52.0,#00277E
20.0,26.0,-46.0,#212675
20.0,26.0,30.0,#591D00
20.0,26.0,34.0,#591D00
20.0,28.0,-44.0,#2B2472
20.0,30.0,-60.0,#00268B
20.0,30.0,-52.0,#19247E
20.0,30.0,-42.0,#34226F
20.0,32.0,-58.0,#002488
20.0,32.0,34.0,#5F1600
20.0,36.0,-66.0,#002395
20.0,36.0,-48.0,#351D78
20.0,36.0,-14.0,#571445
20.0,40.0,-66.0,#001E95
20.0,42.0,32.0,#690000
20.0,44.0,-66.0,#121995
20.0,46.0,-72.0,#00199E
20.0,46.0,-14.0,#630046
20.0,50.0,-78.0,#0016A8
20.0,50.0,-70.0,#1A119B
20.0,52.0,-84.0,#0016B2
20.0,52.0,-56.0,#460085
20.0,52.0,8.0,#700027
20.0,54.0,-76.0,#030CA5
20.0,54.0,-62.0,#3F008E
20.0,56.0,-72.0,#29019F
20.0,56.0,-54.0,#500082
20.0,56.0,28.0,#770009
20.0,58.0,-68.0,#3B0098
20.0,58.0,-60.0,#4A008B
20.0,58.0,34.0,#790000
20.0,62.0,-90.0,#0002BC
20.0,62.0,-76.0,#2E00A5
20.0,62.0,-66.0,#480095
20.0,62.0,-58.0,#540088
20.0,62.0,-30.0,#6D005D
20.0,62.0,32.0,#7D0000
20.0,64.0,-72.0,#3F009F
20.0,64.0,-14.0,#770046
20.0,64.0,10.0,#7D0025
20.0,66.0,-8.0,#7B003E
20.0,68.0,-78.0,#3900A8
20.0,68.0,-68.0,#4F0098
20.0,68.0,-62.0,#58008F
20.0,70.0,-56.0,#630085
20.0,70.0,-2.0,#800036
20.0,70.0,4.0,#82002E
20.0,72.0,-74.0,#4C00A2
20.0,72.0,-38.0,#74006A
20.0,72.0,-10.0,#800041
20.0,74.0,-86.0,#3100B6
20.0,74.0,-80.0,#4300AC
20.0,74.0,-52.0,#6C007F
20.0,74.0,-46.0,#710076
20.0,76.0,-60.0,#67008C
20.0,78.0,-18.0,#84004C
20.0,80.0,-88.0,#3C00B9
20.0,80.0,-56.0,#700085
20.0,80.0,-40.0,#7C006D
20.0,86.0,-60.0,#75008C
20.0,86.0,-52.0,#7B007F
20.0,86.0,-36.0,#850067
20.0,92.0,-58.0,#7E0089
20.0,98.0,-64.0,#810092
20.0,112.0,-94.0,#7100C4
20.0,118.0,-92.0,#7E00C0
20.0,124.0,-98.0,#7F00CA
21.0,-68.0,-18.0,#00444C
21.0,-62.0,-20.0,#00444F
21.0,-58.0,-24.0,#004455
21.0,-52.0,-26.0,#004358
21.0,-46.0,-30.0,#00425E
21.0,-32.0,-30.0,#003F5E
21.0,-32.0,4.0,#003D2C
21.0,-28.0,-32.0,#003F61
21.0,-28.0,6.0,#003C29
21.0,-26.0,-42.0,#003F71
21.0,-24.0,8.0,#003B26
21.0,-22.0,-44.0,#003E74
21.0,-18.0,-46.0,#003E77
21.0,-16.0,12.0,#1F3820
21.0,-14.0,-48.0,#003D7A
21.0,-12.0,-22.0,#003953
21.0,-12.0,-18.0,#00394D
21.0,-10.0,-50.0,#003C7D
21.0,-10.0,-6.0,#18373B
21.0,-8.0,-32.0,#003962
21.0,-8.0,-26.0,#003859
21.0,-8.0,-20.0,#003750
21.0,-8.0,-8.0,#1B363E
21.0,-6.0,-12.0,#193644
21.0,-6.0,-8.0,#20363E
21.0,-6.0,18.0,#333417
21.0,-4.0,-4.0,#283438
21.0,-4.0,0.0,#2C3432
21.0,-4.0,16.0,#35341B
21.0,-4.0,20.0,#363314
21.0,-2.0,-6.0,#2A343B
21.0,-2.0,-2.0,#2E3335
21.0,-2.0,2.0,#31332F
21.0,-2.0,6.0,#33332A
21.0,-2.0,10.0,#353324
21.0,0.0,-4.0,#2F3338
21.0,0.0,12.0,#393221
21.0,2.0,-36.0,#003568
21.0,2.0,-4.0,#333238
21.0,2.0,0.0,#363233
21.0,2.0,12.0,#3B3121
21.0,2.0,24.0,#3F310D
21.0,4.0,-34.0,#003465
21.0,4.0,-4.0,#363138
21.0,4.0,0.0,#383133
21.0,4.0,12.0,#3E3021
21.0,6.0,-58.0,#00378A
21.0,6.0,-42.0,#003471
21.0,6.0,-4.0,#393038
21.0,6.0,0.0,#3B2F33
21.0,6.0,12.0,#412F21
21.0,6.0,24.0,#442E0E
21.0,8.0,-40.0,#00336E
21.0,8.0,-16.0,#32304A
21.0,8.0,0.0,#3E2E33
21.0,8.0,12.0,#432E21
21.0,8.0,16.0,#442E1B
21.0,10.0,-20.0,#312F50
21.0,10.0,2.0,#422D30
21.0,10.0,24.0,#492C0E
21.0,12.0,-62.0,#003591
21.0,12.0,-50.0,#00327E
21.0,12.0,-32.0,#202F62
21.0,12.0,-18.0,#362E4D
21.0,12.0,-14.0,#3A2D47
21.0,12.0,4.0,#452C2D
21.0,12.0,14.0,#492B1E
21.0,14.0,-48.0,#00317B
21.0,14.0,-30.0,#2A2E5F
21.0,14.0,-26.0,#302D59
21.0,14.0,-22.0,#352D53
21.0,14.0,-12.0,#3F2C44
21.0,14.0,-8.0,#412B3E
21.0,14.0,2.0,#472B30
21.0,14.0,26.0,#4E2A0A
21.0,16.0,-58.0,#00318A
21.0,16.0,-20.0,#3B2B50
21.0,16.0,-16.0,#3E2B4A
21.0,16.0,-6.0,#452A3C
21.0,16.0,6.0,#4B292A
21.0,16.0,16.0,#4E281C
21.0,18.0,-66.0,#003297
21.0,18.0,-32.0,#2F2B62
21.0,18.0,-28.0,#352B5C
21.0,18.0,-24.0,#3A2A56
21.0,18.0,-14.0,#432947
21.0,18.0,-10.0,#462941
21.0,18.0,4.0,#4D282D
21.0,18.0,14.0,#50271F
21.0,20.0,-22.0,#3F2953
21.0,20.0,-18.0,#43284D
21.0,20.0,-6.0,#4B273C
21.0,20.0,-2.0,#4D2736
21.0,20.0,18.0,#532519
21.0,20.0,34.0,#552500
21.0,22.0,-32.0,#372962
21.0,22.0,-28.0,#3C285C
21.0,22.0,-14.0,#482647
21.0,22.0,-10.0,#4B2642
21.0,22.0,2.0,#512530
21.0,22.0,6.0,#52242B
21.0,22.0,16.0,#55241C
21.0,22.0,28.0,#572307
21.0,24.0,-70.0,#002F9E
21.0,24.0,-38.0,#31286B
21.0,24.0,-26.0,#412659
21.0,24.0,-22.0,#452553
21.0,24.0,-18.0,#48254D
21.0,24.0,-6.0,#50243C
21.0,24.0,-2.0,#512336
21.0,24.0,10.0,#552225
21.0,24.0,14.0,#56221F
21.0,26.0,-32.0,#3E2562
21.0,26.0,-14.0,#4E2347
21.0,26.0,-10.0,#502242
21.0,26.0,2.0,#552130
21.0,26.0,6.0,#57212B
21.0,26.0,18.0,#592019
21.0,28.0,-66.0,#002C97
21.0,28.0,-18.0,#4E214D
21.0,28.0,-4.0,#552039
21.0,28.0,10.0,#5A1E25
21.0,28.0,14.0,#5B1E1F
21.0,28.0,28.0,#5D1D07
21.0,30.0,-74.0,#002CA4
21.0,30.0,-32.0,#442262
21.0,30.0,-8.0,#561E3F
21.0,30.0,0.0,#591D33
21.0,30.0,4.0,#5A1D2E
21.0,30.0,18.0,#5E1B1A
21.0,32.0,-38.0,#40216B
21.0,32.0,-16.0,#541D4B
21.0,32.0,8.0,#5E1A28
21.0,32.0,28.0,#611808
21.0,34.0,-26.0,#501C59
21.0,34.0,-22.0,#531B53
21.0,34.0,-6.0,#5B183C
21.0,34.0,-2.0,#5D1836
21.0,34.0,2.0,#5E1731
21.0,34.0,12.0,#611623
21.0,34.0,16.0,#62161D
21.0,36.0,-36.0,#491C68
21.0,36.0,-10.0,#5C1642
21.0,36.0,6.0,#62142B
21.0,36.0,20.0,#641317
21.0,36.0,28.0,#651209
21.0,38.0,-42.0,#451B72
21.0,38.0,10.0,#651026
21.0,40.0,-56.0,#301D87
21.0,40.0,-48.0,#401A7B
21.0,40.0,-34.0,#511565
21.0,40.0,-28.0,#56135C
21.0,40.0,18.0,#680A1A
21.0,42.0,-10.0,#630942
21.0,42.0,6.0,#68062B
21.0,42.0,22.0,#6B0315
21.0,42.0,26.0,#6B030E
21.0,44.0,-54.0,#3D1684
21.0,44.0,-46.0,#4A1278
21.0,44.0,-26.0,#5D095A
21.0,46.0,-62.0,#2F1691
21.0,46.0,2.0,#6B0031
21.0,46.0,18.0,#6E001B
21.0,48.0,-84.0,#001EB5
21.0,48.0,36.0,#730000
21.0,50.0,-28.0,#63005D
21.0,52.0,-66.0,#340C98
21.0,52.0,-42.0,#5A0072
21.0,54.0,-18.0,#6D004E
21.0,54.0,4.0,#74002F
21.0,56.0,-48.0,#5A007B
21.0,56.0,-26.0,#6B005A
21.0,58.0,-44.0,#610075
21.0,58.0,-38.0,#66006C
21.0,58.0,-14.0,#730048
21.0,58.0,8.0,#79002A
21.0,58.0,18.0,#7B001C
21.0,58.0,22.0,#7B0016
21.0,60.0,-22.0,#720054
21.0,60.0,-8.0,#770040
21.0,60.0,0.0,#7A0035
21.0,64.0,-46.0,#670078
21.0,64.0,-40.0,#6C006F
21.0,64.0,24.0,#810014
21.0,66.0,30.0,#840009
21.0,70.0,-20.0,#7E0051
21.0,70.0,14.0,#860022
21.0,70.0,20.0,#87001A
21.0,72.0,-96.0,#0000C9
21.0,78.0,-76.0,#5700A8
21.0,78.0,-24.0,#850057
21.0,80.0,-82.0,#4F00B2
21.0,84.0,-100.0,#1500D0
21.0,84.0,-66.0,#6E0098
21.0,88.0,-42.0,#870073
21.0,90.0,-108.0,#0000DE
21.0,90.0,-96.0,#4300C9
21.0,92.0,-68.0,#78009B
21.0,94.0,-46.0,#8C0079
21.0,96.0,-98.0,#4D00CD
21.0,98.0,-74.0,#7A00A5
21.0,102.0,-100.0,#5600D0
21.0,104.0,-114.0,#2600E8
21.0,104.0,-60.0,#8E008F
21.0,108.0,-76.0,#8500A9
21.0,110.0,-70.0,#8E009F
21.0,116.0,-106.0,#6600DB
22.0,-80.0,32.0,#004700
22.0,-72.0,32.0,#004600
22.0,-68.0,20.0,#004514
22.0,-64.0,32.0,#004500
22.0,-60.0,18.0,#004417
22.0,-60.0,24.0,#00440C
22.0,-58.0,30.0,#004400
22.0,-54.0,22.0,#004310
22.0,-54.0,34.0,#004300
22.0,-52.0,4.0,#00442E
22.0,-46.0,6.0,#00422B
22.0,-46.0,24.0,#00420C
22.0,-46.0,34.0,#004200
22.0,-40.0,4.0,#00412E
22.0,-40.0,22.0,#004111
22.0,-40.0,32.0,#004100
22.0,-36.0,6.0,#00402B
22.0,-36.0,10.0,#004025
22.0,-36.0,18.0,#004018
22.0,-36.0,24.0,#00400D
22.0,-36.0,34.0,#004000
22.0,-32.0,20.0,#003F15
22.0,-30.0,10.0,#003F25
22.0,-28.0,22.0,#073E11
22.0,-28.0,34.0,#133E00
22.0,-26.0,26.0,#123D09
22.0,-22.0,-4.0,#003D3A
22.0,-22.0,20.0,#193C15
22.0,-22.0,34.0,#213C00
22.0,-20.0,12.0,#173C22
22.0,-20.0,24.0,#203B0E
22.0,-18.0,-22.0,#003D55
22.0,-18.0,4.0,#133B2E
22.0,-18.0,20.0,#223B15
22.0,-18.0,34.0,#283B00
22.0,-16.0,6.0,#1B3B2B
22.0,-14.0,-26.0,#003C5B
22.0,-14.0,-6.0,#0D3B3D
22.0,-14.0,2.0,#1C3A31
22.0,-14.0,24.0,#2B390E
22.0,-14.0,36.0,#2F3900
22.0,-12.0,-10.0,#0A3A43
22.0,-12.0,4.0,#22392E
22.0,-12.0,8.0,#263928
22.0,-8.0,36.0,#373700
22.0,-6.0,-38.0,#003B6D
22.0,-6.0,-4.0,#27383A
22.0,-6.0,0.0,#2B3734
22.0,-6.0,4.0,#2E372F
22.0,-6.0,8.0,#303729
22.0,-6.0,24.0,#37360F
22.0,-4.0,-26.0,#00385B
22.0,-4.0,-18.0,#14384F
22.0,-4.0,-14.0,#1D3749
22.0,-4.0,-10.0,#243743
22.0,-4.0,6.0,#32362C
22.0,-4.0,26.0,#3A350B
22.0,-4.0,34.0,#3C3500
22.0,-2.0,-36.0,#00396A
22.0,-2.0,-18.0,#1B374F
22.0,-2.0,-14.0,#223749
22.0,-2.0,-10.0,#283643
22.0,0.0,-22.0,#173655
22.0,0.0,-18.0,#20364F
22.0,0.0,-14.0,#273649
22.0,0.0,-10.0,#2C3543
22.0,0.0,2.0,#363532
22.0,0.0,6.0,#38342C
22.0,2.0,-22.0,#1E3555
22.0,2.0,-18.0,#25354F
22.0,2.0,-14.0,#2B3549
22.0,2.0,-10.0,#303443
22.0,2.0,2.0,#393432
22.0,2.0,6.0,#3B332C
22.0,2.0,36.0,#443200
22.0,4.0,-18.0,#2A344F
22.0,4.0,-14.0,#2F3449
22.0,4.0,-10.0,#333343
22.0,4.0,6.0,#3E322C
22.0,6.0,-18.0,#2E334F
22.0,6.0,-14.0,#323349
22.0,6.0,-10.0,#363243
22.0,6.0,6.0,#41312C
22.0,6.0,36.0,#493000
22.0,8.0,-48.0,#00367D
22.0,8.0,-10.0,#3A3143
22.0,8.0,-6.0,#3D313E
22.0,8.0,6.0,#43302C
22.0,10.0,-8.0,#3E3041
22.0,10.0,-4.0,#41303B
22.0,10.0,8.0,#472F29
22.0,10.0,36.0,#4D2E00
22.0,12.0,-6.0,#422F3E
22.0,12.0,-2.0,#452E38
22.0,12.0,22.0,#4D2D14
22.0,12.0,32.0,#4F2D00
22.0,14.0,10.0,#4C2C26
22.0,16.0,20.0,#512A18
22.0,16.0,36.0,#542A00
22.0,18.0,-50.0,#003180
22.0,20.0,-48.0,#002F7D
22.0,20.0,10.0,#532827
22.0,20.0,22.0,#562715
22.0,24.0,24.0,#5B2412
22.0,26.0,22.0,#5D2215
22.0,32.0,-12.0,#591E47
22.0,34.0,-72.0,#002AA4
22.0,34.0,-30.0,#4F1F62
22.0,34.0,24.0,#661813
22.0,36.0,-60.0,#172590
22.0,38.0,-78.0,#0029AE
22.0,40.0,-74.0,#0025A7
22.0,40.0,-14.0,#61134A
22.0,40.0,-2.0,#661039
22.0,40.0,2.0,#681033
22.0,40.0,36.0,#6D0C00
22.0,42.0,-20.0,#611053
22.0,42.0,-6.0,#670C3F
22.0,42.0,14.0,#6C0822
22.0,44.0,-74.0,#0021A7
22.0,44.0,10.0,#6E0328
22.0,46.0,-42.0,#540F74
22.0,46.0,-36.0,#5A0C6B
22.0,46.0,-2.0,#6D0039
22.0,48.0,6.0,#71002E
22.0,48.0,14.0,#730023
22.0,48.0,32.0,#750004
22.0,50.0,-34.0,#610068
22.0,50.0,-8.0,#6F0042
22.0,50.0,22.0,#760017
22.0,52.0,-4.0,#73003C
22.0,52.0,18.0,#78001D
22.0,54.0,0.0,#760037
22.0,54.0,34.0,#7B0000
22.0,56.0,-84.0,#0013B8
22.0,56.0,14.0,#7B0023
22.0,62.0,-82.0,#1C00B5
22.0,64.0,-88.0,#0000BF
22.0,64.0,6.0,#82002F
22.0,68.0,-84.0,#2D00B8
22.0,70.0,-90.0,#1100C2
22.0,70.0,-32.0,#7B0066
22.0,76.0,-92.0,#2700C5
22.0,76.0,-68.0,#63009E
22.0,76.0,-30.0,#830063
22.0,78.0,-98.0,#0000D0
22.0,78.0,-44.0,#7D0078
22.0,82.0,-94.0,#3600C9
22.0,84.0,-30.0,#8C0063
22.0,86.0,-72.0,#6D00A4
22.0,88.0,-82.0,#6200B5
22.0,88.0,-48.0,#86007E
22.0,90.0,-102.0,#3000D7
22.0,90.0,-90.0,#5600C2
22.0,92.0,-76.0,#7100AB
22.0,94.0,-86.0,#6600BC
22.0,94.0,-54.0,#8A0088
22.0,96.0,-104.0,#3E00DA
22.0,96.0,-92.0,#5E00C6
22.0,98.0,-110.0,#2800E4
22.0,100.0,-80.0,#7800B2
22.0,102.0,-106.0,#4900DE
22.0,102.0,-94.0,#6600C9
22.0,104.0,-88.0,#7400BF
22.0,108.0,-82.0,#8200B5
22.0,110.0,-116.0,#3C00EF
22.0,110.0,-108.0,#5800E1
22.0,116.0,-114.0,#5600EB
22.0,116.0,-86.0,#8900BC
22.0,116.0,-78.0,#9100AF
22.0,118.0,-124.0,#3500FD
22.0,122.0,-116.0,#5F00EF
22.0,124.0,-122.0,#5300FA
22.0,124.0,-110.0,#7100E5
23.0,-96.0,10.0,#004C26
23.0,-90.0,6.0,#004B2C
23.0,-90.0,12.0,#004B23
23.0,-84.0,2.0,#004A32
23.0,-84.0,10.0,#004A26
23.0,-80.0,-2.0,#004A39
23.0,-80.0,14.0,#004A20
23.0,-78.0,6.0,#004A2C
23.0,-74.0,-6.0,#004A3F
23.0,-74.0,0.0,#004936
23.0,-74.0,12.0,#004923
23.0,-70.0,6.0,#00482C
23.0,-68.0,-10.0,#004945
23.0,-68.0,-4.0,#00493C
23.0,-68.0,10.0,#004826
23.0,-66.0,0.0,#004836
23.0,-64.0,-14.0,#00494B
23.0,-64.0,4.0,#004830
23.0,-64.0,14.0,#004720
23.0,-62.0,-8.0,#004842
23.0,-62.0,8.0,#00472A
23.0,-60.0,-4.0,#00483C
23.0,-58.0,-12.0,#004848
23.0,-58.0,0.0,#004736
23.0,-58.0,12.0,#004723
23.0,-54.0,-8.0,#004742
23.0,-54.0,8.0,#00462A
23.0,-52.0,-22.0,#004757
23.0,-52.0,-16.0,#00474E
23.0,-52.0,-4.0,#00463C
23.0,-50.0,-12.0,#004648
23.0,-50.0,0.0,#004636
23.0,-50.0,12.0,#004523
23.0,-46.0,-26.0,#00475D
23.0,-46.0,-20.0,#004654
23.0,-46.0,-16.0,#00464E
23.0,-46.0,-8.0,#004542
23.0,-44.0,-12.0,#004548
23.0,-44.0,-4.0,#00453C
23.0,-44.0,14.0,#004420
23.0,-42.0,-30.0,#004663
23.0,-42.0,0.0,#004436
23.0,-42.0,18.0,#00441A
23.0,-40.0,-24.0,#00455A
23.0,-40.0,-20.0,#004554
23.0,-40.0,-16.0,#00454E
23.0,-40.0,-8.0,#004442
23.0,-38.0,-32.0,#004666
23.0,-38.0,-12.0,#004448
23.0,-38.0,-4.0,#00443C
23.0,-36.0,-26.0,#00455D
23.0,-36.0,0.0,#004336
23.0,-34.0,-36.0,#00456D
23.0,-34.0,-20.0,#004454
23.0,-34.0,-16.0,#00434E
23.0,-34.0,-8.0,#004342
23.0,-34.0,28.0,#004206
23.0,-32.0,-12.0,#004348
23.0,-32.0,-4.0,#00423C
23.0,-30.0,-38.0,#004470
23.0,-30.0,-24.0,#00435A
23.0,-30.0,0.0,#004136
23.0,-30.0,16.0,#00411E
23.0,-28.0,-18.0,#004251
23.0,-28.0,-14.0,#00424B
23.0,-28.0,-8.0,#004142
23.0,-26.0,-26.0,#00425D
23.0,-26.0,-4.0,#00413C
23.0,-26.0,12.0,#034024
23.0,-26.0,18.0,#0D401A
23.0,-24.0,-36.0,#00436D
23.0,-24.0,-20.0,#004154
23.0,-24.0,-14.0,#00414B
23.0,-24.0,-10.0,#004045
23.0,-24.0,0.0,#004036
23.0,-22.0,-30.0,#004163
23.0,-22.0,10.0,#113F27
23.0,-20.0,-38.0,#004270
23.0,-20.0,-16.0,#00404E
23.0,-20.0,-12.0,#003F48
23.0,-20.0,-8.0,#003F42
23.0,-20.0,2.0,#093E33
23.0,-18.0,-32.0,#004067
23.0,-18.0,-4.0,#013E3C
23.0,-18.0,16.0,#223D1E
23.0,-16.0,-42.0,#004176
23.0,-16.0,-16.0,#003E4E
23.0,-16.0,-12.0,#003E48
23.0,-16.0,0.0,#153D36
23.0,-14.0,-36.0,#00406D
23.0,-14.0,14.0,#283C21
23.0,-14.0,30.0,#2F3C03
23.0,-12.0,-44.0,#004079
23.0,-12.0,-14.0,#003D4B
23.0,-12.0,-2.0,#1E3C3A
23.0,-12.0,16.0,#2D3B1E
23.0,-12.0,20.0,#2F3B18
23.0,-10.0,-38.0,#003E70
23.0,-10.0,-30.0,#003D64
23.0,-10.0,-20.0,#003D54
23.0,-10.0,-4.0,#203B3D
23.0,-10.0,0.0,#253B37
23.0,-10.0,12.0,#2E3B25
23.0,-10.0,22.0,#333A14
23.0,-10.0,26.0,#343A0D
23.0,-8.0,-46.0,#003F7C
23.0,-8.0,-16.0,#0C3B4E
23.0,-8.0,-12.0,#183B48
23.0,-8.0,-2.0,#273A3A
23.0,-8.0,2.0,#2B3A34
23.0,-8.0,6.0,#2E3A2E
23.0,-8.0,14.0,#323A22
23.0,-8.0,18.0,#343A1B
23.0,-8.0,28.0,#373909
23.0,-6.0,-54.0,#003F89
23.0,-6.0,-22.0,#003B57
23.0,-4.0,-48.0,#003D80
23.0,-4.0,12.0,#383825
23.0,-2.0,-56.0,#003E8C
23.0,-2.0,-44.0,#003C79
23.0,-2.0,14.0,#3B3722
23.0,-2.0,18.0,#3D371C
23.0,-2.0,22.0,#3E3715
23.0,-2.0,28.0,#3F3709
23.0,0.0,-50.0,#003C83
23.0,0.0,-26.0,#0C395E
23.0,0.0,0.0,#373737
23.0,0.0,16.0,#3F361F
23.0,0.0,20.0,#403619
23.0,0.0,24.0,#413612
23.0,0.0,32.0,#433600
23.0,2.0,-58.0,#003D90
23.0,2.0,-46.0,#003B7C
23.0,2.0,16.0,#42351F
23.0,2.0,20.0,#433519
23.0,4.0,-52.0,#003B86
23.0,4.0,-30.0,#0F3864
23.0,4.0,16.0,#44341F
23.0,4.0,20.0,#453419
23.0,4.0,24.0,#463412
23.0,4.0,30.0,#473405
23.0,6.0,-28.0,#1E3661
23.0,6.0,16.0,#47331F
23.0,6.0,20.0,#483319
23.0,6.0,28.0,#4A330A
23.0,8.0,-54.0,#003989
23.0,8.0,-36.0,#05366D
23.0,8.0,-26.0,#28355E
23.0,8.0,24.0,#4B3212
23.0,10.0,-64.0,#003A99
23.0,10.0,-34.0,#1A356A
23.0,10.0,-24.0,#30345B
23.0,10.0,28.0,#4E300B
23.0,12.0,-42.0,#003576
23.0,12.0,18.0,#4F2F1C
23.0,14.0,-40.0,#133473
23.0,14.0,30.0,#532E06
23.0,16.0,-38.0,#223270
23.0,16.0,0.0,#4D2E37
23.0,18.0,-54.0,#003489
23.0,18.0,-36.0,#2D306D
23.0,18.0,24.0,#572B13
23.0,20.0,30.0,#5A2907
23.0,22.0,-60.0,#003293
23.0,22.0,-44.0,#242F7A
23.0,24.0,-42.0,#2E2D77
23.0,24.0,34.0,#5F2600
23.0,26.0,-60.0,#003093
23.0,26.0,-50.0,#1D2D83
23.0,26.0,30.0,#612408
23.0,28.0,-58.0,#002E90
23.0,28.0,-48.0,#2A2B80
23.0,28.0,-38.0,#3E2970
23.0,28.0,-26.0,#4C275E
23.0,28.0,-22.0,#4F2658
23.0,30.0,-56.0,#122B8D
23.0,30.0,-46.0,#34297D
23.0,30.0,36.0,#662000
23.0,32.0,-54.0,#252989
23.0,34.0,-66.0,#002B9D
23.0,34.0,-46.0,#3D257D
23.0,34.0,34.0,#6A1A00
23.0,36.0,-54.0,#31258A
23.0,40.0,-68.0,#0025A0
23.0,42.0,30.0,#720B0B
23.0,44.0,-68.0,#1821A0
23.0,48.0,-16.0,#6C0150
23.0,48.0,28.0,#780010
23.0,50.0,-78.0,#001DB1
23.0,50.0,-72.0,#1F1AA7
23.0,50.0,-54.0,#4E0F8A
23.0,50.0,-22.0,#6C0059
23.0,50.0,-12.0,#70004A
23.0,52.0,10.0,#79002B
23.0,54.0,-60.0,#4C0793
23.0,54.0,-52.0,#580087
23.0,54.0,30.0,#7E000D
23.0,56.0,-90.0,#001AC5
23.0,58.0,-76.0,#2E09AD
23.0,58.0,-68.0,#4400A0
23.0,58.0,-58.0,#560090
23.0,60.0,-64.0,#50009A
23.0,60.0,-54.0,#5E008A
23.0,60.0,28.0,#840012
23.0,60.0,34.0,#840005
23.0,62.0,-74.0,#4000AA
23.0,62.0,-50.0,#660084
23.0,62.0,-32.0,#740068
23.0,64.0,-70.0,#4D00A4
23.0,64.0,-62.0,#5A0097
23.0,64.0,-18.0,#7E0053
23.0,64.0,-4.0,#83003F
23.0,64.0,16.0,#870023
23.0,66.0,-56.0,#65008D
23.0,66.0,-12.0,#82004A
23.0,66.0,36.0,#8B0001
23.0,68.0,-78.0,#4400B1
23.0,68.0,-38.0,#780071
23.0,70.0,-72.0,#5500A7
23.0,70.0,-66.0,#5F009D
23.0,70.0,-52.0,#6F0087
23.0,70.0,-24.0,#82005C
23.0,70.0,-2.0,#89003C
23.0,70.0,26.0,#8E0016
23.0,72.0,-60.0,#6A0094
23.0,72.0,-44.0,#78007A
23.0,72.0,-16.0,#870050
23.0,72.0,-10.0,#890048
23.0,72.0,6.0,#8D0031
23.0,74.0,-86.0,#3D00BE
23.0,74.0,-80.0,#4D00B4
23.0,76.0,-56.0,#73008D
23.0,76.0,-50.0,#790084
23.0,76.0,12.0,#920029
23.0,78.0,-18.0,#8D0054
23.0,78.0,-4.0,#910040
23.0,78.0,2.0,#930037
23.0,80.0,-88.0,#4800C2
23.0,80.0,-12.0,#91004B
23.0,82.0,-60.0,#780094
23.0,82.0,-52.0,#7F0087
23.0,82.0,-36.0,#8A006E
23.0,86.0,-24.0,#94005D
23.0,88.0,-58.0,#820091
23.0,90.0,-36.0,#93006F
23.0,94.0,-62.0,#860097
23.0,100.0,-50.0,#960084
23.0,102.0,-66.0,#8D009E
23.0,108.0,-102.0,#6500DA
23.0,108.0,-94.0,#7400CC
23.0,110.0,-88.0,#8100C2
23.0,114.0,-100.0,#7500D6
23.0,116.0,-94.0,#8200CC
23.0,122.0,-104.0,#7C00DD
23.0,122.0,-88.0,#9200C2
23.0,124.0,-98.0,#8900D3
24.0,-90.0,-6.0,#004E41
24.0,-90.0,0.0,#004E38
24.0,-84.0,-10.0,#004D47
24.0,-82.0,24.0,#004C10
24.0,-78.0,-14.0,#004D4D
24.0,-78.0,36.0,#004B00
24.0,-76.0,20.0,#004B18
24.0,-74.0,26.0,#004B0B
24.0,-72.0,-18.0,#004C53
24.0,-68.0,36.0,#004A00
24.0,-66.0,-22.0,#004C59
24.0,-66.0,26.0,#004A0C
24.0,-60.0,-26.0,#004B5F
24.0,-60.0,-20.0,#004B56
24.0,-60.0,36.0,#004900
24.0,-58.0,4.0,#004932
24.0,-54.0,-30.0,#004B66
24.0,-54.0,16.0,#00481F
24.0,-50.0,38.0,#004700
24.0,-48.0,-32.0,#004A69
24.0,-48.0,30.0,#004703
24.0,-42.0,10.0,#004629
24.0,-42.0,28.0,#004608
24.0,-42.0,38.0,#004600
24.0,-34.0,38.0,#044400
24.0,-32.0,4.0,#004432
24.0,-30.0,-30.0,#004666
24.0,-30.0,32.0,#0F4300
24.0,-26.0,-46.0,#00477F
24.0,-26.0,6.0,#00422F
24.0,-26.0,40.0,#1F4200
24.0,-24.0,30.0,#1F4105
24.0,-22.0,-48.0,#004682
24.0,-22.0,40.0,#274000
24.0,-18.0,-50.0,#004585
24.0,-18.0,8.0,#1D402D
24.0,-18.0,30.0,#2B3F05
24.0,-16.0,40.0,#313E00
24.0,-14.0,-52.0,#004488
24.0,-14.0,-30.0,#004166
24.0,-14.0,-18.0,#004054
24.0,-14.0,6.0,#243F30
24.0,-14.0,10.0,#283E2A
24.0,-12.0,38.0,#363D00
24.0,-10.0,-54.0,#00438C
24.0,-10.0,-8.0,#1C3E45
24.0,-10.0,4.0,#2B3D33
24.0,-10.0,8.0,#2E3D2D
24.0,-8.0,-6.0,#243D42
24.0,-8.0,10.0,#333C2A
24.0,-8.0,40.0,#3D3B00
24.0,-6.0,-28.0,#003E63
24.0,-6.0,-12.0,#203D4B
24.0,-6.0,-8.0,#263C45
24.0,-6.0,12.0,#373B27
24.0,-6.0,16.0,#393B21
24.0,-4.0,-6.0,#2D3B42
24.0,-4.0,-2.0,#313B3C
24.0,-4.0,2.0,#343B36
24.0,-4.0,18.0,#3C3A1E
24.0,-4.0,38.0,#413A00
24.0,-2.0,-32.0,#003D69
24.0,-2.0,-6.0,#313A42
24.0,-2.0,-2.0,#343A3C
24.0,-2.0,2.0,#373A36
24.0,-2.0,6.0,#3A3A30
24.0,-2.0,10.0,#3C392A
24.0,0.0,-8.0,#323A45
24.0,0.0,-4.0,#36393F
24.0,0.0,4.0,#3C3933
24.0,0.0,8.0,#3E392D
24.0,0.0,12.0,#403827
24.0,0.0,38.0,#463800
24.0,2.0,-40.0,#003C76
24.0,2.0,-34.0,#003B6C
24.0,2.0,-8.0,#363945
24.0,2.0,-4.0,#39383F
24.0,2.0,0.0,#3C3839
24.0,2.0,4.0,#3F3833
24.0,2.0,8.0,#41382D
24.0,2.0,12.0,#423727
24.0,2.0,26.0,#473710
24.0,4.0,-8.0,#393845
24.0,4.0,-4.0,#3C373F
24.0,4.0,0.0,#3F3739
24.0,4.0,4.0,#413733
24.0,4.0,8.0,#43372D
24.0,4.0,12.0,#453627
24.0,4.0,36.0,#4B3600
24.0,6.0,-42.0,#003A79
24.0,6.0,-12.0,#39374B
24.0,6.0,-8.0,#3D3745
24.0,6.0,-4.0,#40363F
24.0,6.0,0.0,#423639
24.0,6.0,4.0,#443633
24.0,6.0,8.0,#46362D
24.0,6.0,12.0,#483527
24.0,8.0,-40.0,#003976
24.0,8.0,-16.0,#383651
24.0,8.0,-12.0,#3C364B
24.0,8.0,-8.0,#403545
24.0,8.0,-4.0,#43353F
24.0,8.0,0.0,#453539
24.0,8.0,4.0,#473533
24.0,8.0,8.0,#49342D
24.0,8.0,12.0,#4A3427
24.0,8.0,16.0,#4C3421
24.0,8.0,32.0,#4F3403
24.0,8.0,38.0,#503400
24.0,10.0,-10.0,#413548
24.0,10.0,-6.0,#443442
24.0,10.0,-2.0,#47343C
24.0,10.0,2.0,#493436
24.0,10.0,6.0,#4B3330
24.0,10.0,10.0,#4C332B
24.0,10.0,20.0,#4F331B
24.0,12.0,-62.0,#003B99
24.0,12.0,-50.0,#003886
24.0,12.0,-30.0,#2D3566
24.0,12.0,-20.0,#3B3457
24.0,12.0,-16.0,#3F3451
24.0,12.0,-4.0,#48333F
24.0,12.0,0.0,#4A3339
24.0,12.0,4.0,#4C3234
24.0,12.0,8.0,#4E322E
24.0,12.0,14.0,#503225
24.0,12.0,40.0,#553100
24.0,14.0,-60.0,#003996
24.0,14.0,-48.0,#003782
24.0,14.0,-24.0,#3A345D
24.0,14.0,-14.0,#44324E
24.0,14.0,-10.0,#473248
24.0,14.0,-2.0,#4C313C
24.0,14.0,2.0,#4E3137
24.0,14.0,12.0,#523128
24.0,14.0,22.0,#543018
24.0,16.0,-68.0,#003AA3
24.0,16.0,-58.0,#003892
24.0,16.0,-22.0,#40325A
24.0,16.0,-18.0,#443254
24.0,16.0,-8.0,#4B3145
24.0,16.0,6.0,#523031
24.0,16.0,10.0,#542F2B
24.0,16.0,16.0,#552F22
24.0,16.0,28.0,#582F0E
24.0,18.0,-66.0,#00389F
24.0,18.0,-30.0,#393266
24.0,18.0,-26.0,#3F3160
24.0,18.0,-16.0,#483051
24.0,18.0,-12.0,#4B304B
24.0,18.0,-6.0,#4F2F42
24.0,18.0,4.0,#542E34
24.0,18.0,14.0,#572E25
24.0,18.0,34.0,#5B2D00
24.0,20.0,-64.0,#00379C
24.0,20.0,-24.0,#442F5D
24.0,20.0,-20.0,#482F57
24.0,20.0,-2.0,#542D3D
24.0,20.0,8.0,#582C2E
24.0,20.0,18.0,#5B2C1F
24.0,20.0,40.0,#5E2B00
24.0,22.0,-72.0,#0037A9
24.0,22.0,-36.0,#383070
24.0,22.0,-30.0,#412F66
24.0,22.0,-18.0,#4D2D54
24.0,22.0,-14.0,#502D4E
24.0,22.0,-10.0,#522C48
24.0,22.0,-6.0,#542C43
24.0,22.0,2.0,#582B37
24.0,22.0,6.0,#5A2B31
24.0,22.0,16.0,#5C2A22
24.0,22.0,28.0,#5F2A0F
24.0,22.0,36.0,#602A00
24.0,24.0,-70.0,#0036A6
24.0,24.0,-28.0,#462D63
24.0,24.0,-2.0,#592A3D
24.0,24.0,10.0,#5D292B
24.0,24.0,14.0,#5E2925
24.0,26.0,-68.0,#0034A3
24.0,26.0,-18.0,#522A54
24.0,26.0,-14.0,#55294E
24.0,26.0,-10.0,#572949
24.0,26.0,-6.0,#592943
24.0,26.0,2.0,#5D2837
24.0,26.0,6.0,#5E2831
24.0,26.0,18.0,#61271F
24.0,26.0,40.0,#652600
24.0,28.0,-76.0,#0034B0
24.0,28.0,-66.0,#00329F
24.0,28.0,-34.0,#462B6D
24.0,28.0,10.0,#62252B
24.0,28.0,14.0,#632525
24.0,28.0,28.0,#65240F
24.0,30.0,-8.0,#5D2546
24.0,30.0,-4.0,#5F2440
24.0,30.0,0.0,#61243A
24.0,30.0,4.0,#622434
24.0,30.0,18.0,#662320
24.0,30.0,22.0,#67221A
24.0,32.0,-76.0,#0031B0
24.0,32.0,-34.0,#4D276D
24.0,32.0,-22.0,#57255B
24.0,32.0,-18.0,#5A2455
24.0,32.0,8.0,#66212E
24.0,32.0,28.0,#6A2010
24.0,34.0,-2.0,#65203D
24.0,34.0,2.0,#661F37
24.0,34.0,12.0,#691E29
24.0,34.0,16.0,#6A1E23
24.0,36.0,-42.0,#492479
24.0,36.0,-26.0,#5A2161
24.0,36.0,-12.0,#631E4C
24.0,36.0,-8.0,#651E46
24.0,36.0,6.0,#6A1C32
24.0,36.0,20.0,#6D1B1D
24.0,36.0,28.0,#6E1A10
24.0,36.0,40.0,#6F1A00
24.0,38.0,-82.0,#002EBA
24.0,38.0,-38.0,#522173
24.0,38.0,-22.0,#5F1D5B
24.0,38.0,-18.0,#621D55
24.0,38.0,10.0,#6D182C
24.0,40.0,-48.0,#482183
24.0,40.0,-34.0,#591D6D
24.0,40.0,18.0,#711420
24.0,40.0,40.0,#731300
24.0,42.0,-62.0,#2E2399
24.0,42.0,-44.0,#511D7C
24.0,42.0,-30.0,#5F1967
24.0,42.0,-10.0,#6B1449
24.0,42.0,22.0,#730F1B
24.0,42.0,26.0,#740F14
24.0,44.0,-84.0,#0029BD
24.0,44.0,-54.0,#461E8C
24.0,44.0,-26.0,#641461
24.0,44.0,36.0,#770800
24.0,46.0,-60.0,#3E1D96
24.0,46.0,2.0,#740638
24.0,46.0,16.0,#770324
24.0,48.0,-84.0,#0025BD
24.0,48.0,-66.0,#341CA0
24.0,50.0,-42.0,#5F0C79
24.0,50.0,-28.0,#6B0364
24.0,50.0,40.0,#7E0000
24.0,52.0,-64.0,#43149C
24.0,52.0,-38.0,#660273
24.0,54.0,4.0,#7D0035
24.0,56.0,-80.0,#1316B7
24.0,56.0,-46.0,#640080
24.0,56.0,-30.0,#710067
24.0,58.0,-42.0,#6B007A
24.0,58.0,-10.0,#7D004A
24.0,58.0,8.0,#820030
24.0,58.0,20.0,#84001F
24.0,60.0,-36.0,#720070
24.0,60.0,-26.0,#780061
24.0,60.0,0.0,#82003B
24.0,62.0,-90.0,#000FC8
24.0,64.0,-44.0,#71007D
24.0,64.0,10.0,#89002D
24.0,64.0,22.0,#8A001D
24.0,68.0,-98.0,#0003D5
24.0,74.0,-102.0,#0000DC
24.0,74.0,20.0,#940021
24.0,78.0,-24.0,#8E005F
24.0,80.0,-104.0,#0000E0
24.0,80.0,-82.0,#5900BA
24.0,84.0,-42.0,#8B007A
24.0,86.0,-106.0,#0000E3
24.0,88.0,-66.0,#7D00A0
24.0,92.0,-108.0,#2300E7
24.0,96.0,-70.0,#8400A7
24.0,100.0,-58.0,#940094
24.0,104.0,-114.0,#3A00F1
24.0,108.0,-74.0,#9100AE
24.0,108.0,-62.0,#9B009A
24.0,110.0,-68.0,#9900A4
24.0,116.0,-106.0,#7100E4
25.0,-58.0,26.0,#004B0E
25.0,-56.0,40.0,#004B00
25.0,-52.0,22.0,#004A17
25.0,-46.0,24.0,#004913
25.0,-44.0,34.0,#004900
25.0,-40.0,20.0,#00481B
25.0,-38.0,30.0,#004706
25.0,-36.0,12.0,#004728
25.0,-34.0,16.0,#004722
25.0,-34.0,20.0,#00471B
25.0,-32.0,8.0,#00462E
25.0,-32.0,24.0,#004614
25.0,-32.0,42.0,#134600
25.0,-30.0,12.0,#004628
25.0,-26.0,24.0,#194414
25.0,-22.0,-4.0,#004441
25.0,-22.0,4.0,#0B4435
25.0,-22.0,16.0,#1D4322
25.0,-22.0,20.0,#20431C
25.0,-22.0,24.0,#234314
25.0,-20.0,0.0,#0A433B
25.0,-20.0,12.0,#1E4329
25.0,-18.0,-6.0,#004344
25.0,-18.0,4.0,#1A4235
25.0,-18.0,20.0,#29421C
25.0,-18.0,24.0,#2B4215
25.0,-18.0,36.0,#2F4100
25.0,-16.0,-8.0,#054247
25.0,-16.0,-2.0,#17423E
25.0,-14.0,-10.0,#09424A
25.0,-14.0,-4.0,#1A4141
25.0,-14.0,0.0,#20413B
25.0,-14.0,20.0,#30401C
25.0,-14.0,24.0,#324015
25.0,-12.0,-6.0,#1C4144
25.0,-12.0,2.0,#274038
25.0,-10.0,-14.0,#104150
25.0,-10.0,16.0,#353F23
25.0,-10.0,30.0,#3A3F09
25.0,-8.0,-20.0,#004059
25.0,-6.0,-16.0,#1A3F53
25.0,-6.0,-4.0,#2D3E41
25.0,-6.0,0.0,#313E3B
25.0,-6.0,4.0,#343E35
25.0,-6.0,8.0,#373E2F
25.0,-6.0,20.0,#3C3D1C
25.0,-6.0,24.0,#3E3D15
25.0,-6.0,30.0,#3F3D09
25.0,-4.0,-20.0,#173F59
25.0,-4.0,-14.0,#243E50
25.0,-4.0,-10.0,#2A3E4A
25.0,-4.0,6.0,#393D32
25.0,-4.0,26.0,#413C12
25.0,-2.0,-26.0,#073E62
25.0,-2.0,-18.0,#223E56
25.0,-2.0,-14.0,#293D50
25.0,-2.0,-10.0,#2F3D4A
25.0,-2.0,34.0,#463B00
25.0,0.0,-20.0,#243D59
25.0,0.0,-16.0,#2B3C53
25.0,0.0,-12.0,#303C4D
25.0,2.0,-20.0,#293C59
25.0,2.0,-16.0,#2F3B53
25.0,2.0,-12.0,#343B4D
25.0,2.0,32.0,#4A3905
25.0,4.0,-20.0,#2E3B59
25.0,4.0,-16.0,#333A53
25.0,4.0,-12.0,#383A4D
25.0,6.0,-20.0,#323A59
25.0,6.0,-16.0,#373953
25.0,6.0,34.0,#503701
25.0,12.0,24.0,#553417
25.0,14.0,36.0,#593200
25.0,16.0,20.0,#59311E
25.0,20.0,-48.0,#123585
25.0,20.0,-40.0,#2E3478
25.0,20.0,12.0,#5C2E2A
25.0,20.0,22.0,#5E2E1B
25.0,24.0,20.0,#622B1E
25.0,24.0,24.0,#632B18
25.0,28.0,24.0,#672718
25.0,30.0,-42.0,#412D7C
25.0,30.0,-14.0,#5D2851
25.0,32.0,42.0,#6E2200
25.0,36.0,24.0,#701D19
25.0,38.0,34.0,#731A06
25.0,40.0,0.0,#6F193D
25.0,42.0,-4.0,#701643
25.0,44.0,-18.0,#6C1557
25.0,44.0,8.0,#760F31
25.0,46.0,12.0,#79082C
25.0,48.0,32.0,#7E000D
25.0,50.0,-6.0,#780046
25.0,50.0,20.0,#7F0020
25.0,50.0,24.0,#7F001A
25.0,52.0,-2.0,#7C0040
25.0,54.0,36.0,#840005
25.0,56.0,-70.0,#4211A9
25.0,56.0,24.0,#85001B
25.0,56.0,42.0,#870000
25.0,60.0,40.0,#8B0000
25.0,62.0,26.0,#8C0019
25.0,62.0,32.0,#8C000F
25.0,64.0,38.0,#8F0002
25.0,66.0,-86.0,#2A00C4
25.0,68.0,-92.0,#0400CE
25.0,68.0,-82.0,#4000BD
25.0,68.0,34.0,#93000D
25.0,70.0,-32.0,#83006D
25.0,70.0,40.0,#950000
25.0,74.0,-94.0,#2400D1
25.0,74.0,-38.0,#850076
25.0,74.0,30.0,#980015
25.0,78.0,-76.0,#6300B3
25.0,78.0,-62.0,#76009C
25.0,80.0,-96.0,#3400D5
25.0,80.0,-70.0,#6F00A9
25.0,80.0,6.0,#9C0036
25.0,84.0,-78.0,#6B00B7
25.0,84.0,-30.0,#95006A
25.0,84.0,-6.0,#9D0047
25.0,86.0,-98.0,#4100D8
25.0,86.0,-86.0,#6000C4
25.0,86.0,-72.0,#7600AD
25.0,86.0,-18.0,#9C0059
25.0,90.0,-94.0,#5800D2
25.0,90.0,-82.0,#6F00BD
25.0,90.0,-54.0,#8D0090
25.0,92.0,-100.0,#4C00DC
25.0,92.0,-88.0,#6800C7
25.0,92.0,-76.0,#7A00B3
25.0,92.0,-48.0,#940086
25.0,92.0,-30.0,#9E006B
25.0,96.0,-84.0,#7600C1
25.0,98.0,-102.0,#5600DF
25.0,98.0,-90.0,#7000CB
25.0,98.0,-44.0,#9E0080
25.0,100.0,-108.0,#4900EA
25.0,100.0,-96.0,#6900D5
25.0,104.0,-120.0,#1300FF
25.0,104.0,-88.0,#7D00C8
25.0,104.0,-80.0,#8800BA
25.0,110.0,-122.0,#2E00FF
25.0,118.0,-120.0,#5600FF
25.0,124.0,-114.0,#7400F5
26.0,-108.0,20.0,#00541B
26.0,-102.0,16.0,#005422
26.0,-100.0,22.0,#005318
26.0,-96.0,10.0,#00532C
26.0,-94.0,16.0,#005322
26.0,-92.0,22.0,#005218
26.0,-92.0,28.0,#00520B
26.0,-90.0,4.0,#005336
26.0,-88.0,10.0,#00522C
26.0,-86.0,16.0,#005223
26.0,-84.0,-2.0,#00523F
26.0,-84.0,28.0,#00510B
26.0,-82.0,4.0,#005236
26.0,-80.0,10.0,#00512D
26.0,-78.0,-6.0,#005245
26.0,-78.0,16.0,#005123
26.0,-76.0,2.0,#005139
26.0,-74.0,-10.0,#00514C
26.0,-74.0,8.0,#005130
26.0,-72.0,-4.0,#005142
26.0,-72.0,14.0,#005026
26.0,-72.0,32.0,#005001
26.0,-70.0,-14.0,#005152
26.0,-70.0,0.0,#00503C
26.0,-70.0,20.0,#00501C
26.0,-68.0,-8.0,#005149
26.0,-68.0,6.0,#005033
26.0,-66.0,-18.0,#005158
26.0,-66.0,10.0,#00502D
26.0,-66.0,30.0,#004F06
26.0,-64.0,-12.0,#00504F
26.0,-64.0,-4.0,#005042
26.0,-64.0,2.0,#005039
26.0,-64.0,14.0,#004F26
26.0,-64.0,22.0,#004F19
26.0,-64.0,42.0,#004F00
26.0,-60.0,-16.0,#005055
26.0,-60.0,-8.0,#004F49
26.0,-60.0,32.0,#004E02
26.0,-58.0,-2.0,#004F3F
26.0,-58.0,10.0,#004E2D
26.0,-56.0,-12.0,#004F4F
26.0,-54.0,-6.0,#004E46
26.0,-54.0,30.0,#004D07
26.0,-52.0,6.0,#004D33
26.0,-52.0,12.0,#004D2A
26.0,-50.0,-24.0,#004F61
26.0,-50.0,-18.0,#004E58
26.0,-50.0,-14.0,#004E52
26.0,-50.0,-10.0,#004E4C
26.0,-50.0,-2.0,#004D40
26.0,-48.0,2.0,#004D39
26.0,-46.0,-28.0,#004E68
26.0,-46.0,-6.0,#004D46
26.0,-46.0,8.0,#004C30
26.0,-44.0,-22.0,#004D5E
26.0,-44.0,-18.0,#004D58
26.0,-44.0,-14.0,#004D52
26.0,-44.0,-10.0,#004D4C
26.0,-44.0,44.0,#004B00
26.0,-42.0,-38.0,#004E77
26.0,-42.0,-32.0,#004E6E
26.0,-42.0,-2.0,#004C40
26.0,-42.0,4.0,#004B36
26.0,-42.0,16.0,#004B24
26.0,-40.0,-26.0,#004D64
26.0,-40.0,-6.0,#004B46
26.0,-40.0,24.0,#004A16
26.0,-38.0,-20.0,#004C5B
26.0,-38.0,-16.0,#004C55
26.0,-38.0,-12.0,#004B4F
26.0,-38.0,40.0,#004A00
26.0,-36.0,-42.0,#004D7E
26.0,-36.0,-36.0,#004D74
26.0,-36.0,-30.0,#004C6B
26.0,-36.0,-8.0,#004B49
26.0,-36.0,-2.0,#004A40
26.0,-36.0,2.0,#004A3A
26.0,-34.0,-24.0,#004B61
26.0,-32.0,-18.0,#004A58
26.0,-32.0,-14.0,#004A52
26.0,-32.0,-10.0,#004A4C
26.0,-32.0,-4.0,#004943
26.0,-32.0,0.0,#00493D
26.0,-30.0,-44.0,#004C81
26.0,-30.0,-38.0,#004B77
26.0,-30.0,-26.0,#004A65
26.0,-30.0,28.0,#12480E
26.0,-28.0,-20.0,#00495B
26.0,-28.0,-6.0,#004846
26.0,-28.0,-2.0,#004840
26.0,-28.0,2.0,#00483A
26.0,-28.0,18.0,#0E4721
26.0,-26.0,-16.0,#004855
26.0,-26.0,-12.0,#00484F
26.0,-26.0,10.0,#08472E
26.0,-24.0,-36.0,#004A74
26.0,-24.0,-30.0,#00496B
26.0,-24.0,-24.0,#004862
26.0,-24.0,-8.0,#004749
26.0,-24.0,0.0,#00473D
26.0,-24.0,34.0,#254600
26.0,-22.0,-18.0,#004758
26.0,-22.0,-14.0,#004752
26.0,-22.0,8.0,#164631
26.0,-22.0,44.0,#2D4500
26.0,-20.0,-44.0,#004981
26.0,-20.0,-32.0,#00486E
26.0,-20.0,-26.0,#004765
26.0,-20.0,-10.0,#00464C
26.0,-18.0,-38.0,#004877
26.0,-18.0,-20.0,#00465B
26.0,-18.0,-16.0,#004655
26.0,-18.0,-12.0,#00464F
26.0,-18.0,16.0,#284424
26.0,-16.0,-46.0,#004884
26.0,-16.0,-26.0,#004665
26.0,-16.0,12.0,#2A442B
26.0,-16.0,44.0,#364300
26.0,-14.0,-40.0,#00477B
26.0,-14.0,14.0,#2F4328
26.0,-12.0,-48.0,#004787
26.0,-12.0,-34.0,#004571
26.0,-12.0,-28.0,#004568
26.0,-12.0,8.0,#2F4231
26.0,-12.0,42.0,#3C4100
26.0,-10.0,-42.0,#00467E
26.0,-10.0,-24.0,#004462
26.0,-10.0,-18.0,#014359
26.0,-10.0,-10.0,#1D434C
26.0,-10.0,-2.0,#294240
26.0,-10.0,6.0,#314234
26.0,-10.0,10.0,#34412E
26.0,-8.0,-50.0,#00468B
26.0,-8.0,-36.0,#004474
26.0,-8.0,-28.0,#004368
26.0,-8.0,-8.0,#264249
26.0,-8.0,-4.0,#2B4143
26.0,-8.0,0.0,#2F413D
26.0,-8.0,4.0,#334137
26.0,-8.0,8.0,#364131
26.0,-8.0,44.0,#424000
26.0,-6.0,-58.0,#004698
26.0,-6.0,-44.0,#004481
26.0,-6.0,-24.0,#004262
26.0,-4.0,-52.0,#00458E
26.0,-4.0,-40.0,#00437B
26.0,-4.0,-32.0,#00426E
26.0,-4.0,10.0,#3D3F2E
26.0,-4.0,14.0,#3F3F28
26.0,-4.0,22.0,#423E1B
26.0,-4.0,42.0,#473E00
26.0,-2.0,-58.0,#004598
26.0,-2.0,-46.0,#004384
26.0,-2.0,-4.0,#373F43
26.0,-2.0,0.0,#3A3E3D
26.0,-2.0,4.0,#3D3E37
26.0,-2.0,8.0,#3F3E31
26.0,-2.0,16.0,#433E25
26.0,-2.0,20.0,#453E1F
26.0,-2.0,24.0,#463D18
26.0,0.0,-54.0,#004391
26.0,0.0,-42.0,#00427E
26.0,0.0,0.0,#3E3E3E
26.0,0.0,16.0,#463D25
26.0,0.0,20.0,#473D1F
26.0,0.0,26.0,#493C14
26.0,0.0,42.0,#4C3C00
26.0,2.0,-60.0,#00449B
26.0,2.0,-48.0,#004287
26.0,2.0,-26.0,#1F3F65
26.0,2.0,16.0,#493C25
26.0,2.0,20.0,#4A3C1F
26.0,4.0,-56.0,#004294
26.0,4.0,-32.0,#123E6E
26.0,4.0,16.0,#4B3B25
26.0,4.0,20.0,#4D3B1F
26.0,4.0,28.0,#4F3A11
26.0,4.0,40.0,#513A00
26.0,6.0,-66.0,#0043A5
26.0,6.0,-50.0,#00408B
26.0,6.0,-30.0,#213D6B
26.0,6.0,-26.0,#2A3D65
26.0,6.0,16.0,#4E3A25
26.0,6.0,20.0,#4F3A1F
26.0,6.0,24.0,#503918
26.0,8.0,-62.0,#00419E
26.0,8.0,-56.0,#004094
26.0,8.0,-24.0,#333B62
26.0,8.0,28.0,#533811
26.0,10.0,-52.0,#003E8E
26.0,10.0,-38.0,#153C78
26.0,10.0,-32.0,#283B6E
26.0,10.0,-22.0,#3A3A5F
26.0,12.0,-68.0,#0040A8
26.0,12.0,-26.0,#383965
26.0,12.0,18.0,#563623
26.0,12.0,30.0,#59360E
26.0,14.0,-40.0,#1F3A7B
26.0,16.0,-46.0,#093A84
26.0,16.0,-38.0,#2B3978
26.0,16.0,-32.0,#37386E
26.0,16.0,0.0,#55343E
26.0,16.0,44.0,#5F3300
26.0,18.0,-56.0,#003A95
26.0,18.0,24.0,#5F3219
26.0,18.0,28.0,#5F3212
26.0,20.0,-74.0,#003DB2
26.0,20.0,-54.0,#003991
26.0,22.0,-62.0,#00399E
26.0,22.0,32.0,#652E0B
26.0,24.0,-60.0,#00379B
26.0,24.0,-24.0,#4F3162
26.0,24.0,44.0,#682C00
26.0,26.0,-58.0,#003598
26.0,26.0,-52.0,#21348E
26.0,26.0,-44.0,#373381
26.0,26.0,-36.0,#453175
26.0,26.0,30.0,#692B10
26.0,26.0,34.0,#692B07
26.0,28.0,-50.0,#2E328B
26.0,28.0,-28.0,#522E69
26.0,28.0,-24.0,#552E62
26.0,28.0,44.0,#6D2900
26.0,30.0,-58.0,#163298
26.0,32.0,-56.0,#283095
26.0,32.0,-50.0,#392F8B
26.0,32.0,34.0,#702508
26.0,34.0,-66.0,#0031A5
26.0,34.0,-30.0,#59296C
26.0,36.0,-74.0,#0032B2
26.0,36.0,-62.0,#202E9E
26.0,36.0,-56.0,#352C95
26.0,36.0,-50.0,#422B8B
26.0,40.0,-74.0,#002EB2
26.0,40.0,-68.0,#102CA8
26.0,40.0,-56.0,#3F2895
26.0,40.0,4.0,#731B39
26.0,40.0,14.0,#761A2A
26.0,42.0,30.0,#7A1512
26.0,44.0,-74.0,#002AB2
26.0,44.0,-68.0,#2727A8
26.0,44.0,-40.0,#5E1E7B
26.0,44.0,44.0,#7E1000
26.0,46.0,-50.0,#551E8B
26.0,46.0,-36.0,#651975
26.0,48.0,-46.0,#5D1985
26.0,48.0,-32.0,#6B146F
26.0,48.0,-12.0,#760D51
26.0,50.0,-78.0,#0024B9
26.0,50.0,-72.0,#2D21AF
26.0,50.0,-56.0,#531A95
26.0,50.0,10.0,#800031
26.0,50.0,44.0,#840000
26.0,52.0,-52.0,#5C138F
26.0,52.0,-24.0,#750363
26.0,54.0,-86.0,#0022C6
26.0,54.0,-34.0,#710172
26.0,54.0,-20.0,#7A005D
26.0,54.0,-14.0,#7C0054
26.0,54.0,32.0,#870010
26.0,56.0,-76.0,#3318B6
26.0,56.0,-60.0,#580D9B
26.0,56.0,12.0,#86002E
26.0,58.0,-94.0,#0020D4
26.0,58.0,-56.0,#610195
26.0,60.0,-68.0,#5205A9
26.0,60.0,-52.0,#69008F
26.0,60.0,-18.0,#82005A
26.0,62.0,-64.0,#5D00A2
26.0,62.0,-6.0,#880049
26.0,62.0,14.0,#8D002C
26.0,64.0,-98.0,#0017DB
26.0,64.0,-60.0,#66009C
26.0,64.0,-14.0,#880054
26.0,64.0,4.0,#8D003A
26.0,66.0,-74.0,#5300B3
26.0,66.0,-54.0,#700092
26.0,66.0,-24.0,#860063
26.0,66.0,-2.0,#8E0043
26.0,68.0,-68.0,#6100A9
26.0,68.0,-10.0,#8E004F
26.0,68.0,16.0,#94002A
26.0,70.0,-62.0,#6D009F
26.0,70.0,-20.0,#8C005D
26.0,70.0,24.0,#97001E
26.0,72.0,-74.0,#5F00B3
26.0,72.0,-56.0,#760095
26.0,72.0,-44.0,#810082
26.0,72.0,6.0,#960038
26.0,72.0,12.0,#97002F
26.0,74.0,-50.0,#7F008C
26.0,74.0,-4.0,#960046
26.0,76.0,-16.0,#950058
26.0,76.0,-10.0,#97004F
26.0,76.0,26.0,#9D001C
26.0,78.0,-46.0,#870086
26.0,78.0,-34.0,#8F0073
26.0,78.0,14.0,#9E002D
26.0,82.0,-52.0,#88008F
26.0,84.0,-12.0,#9F0052
26.0,86.0,-36.0,#970076
26.0,86.0,-24.0,#9D0064
26.0,92.0,-42.0,#9B0080
26.0,94.0,-62.0,#8F009F
26.0,94.0,-36.0,#A00076
26.0,102.0,-68.0,#9400A9
26.0,102.0,-52.0,#A10090
26.0,106.0,-110.0,#5800F0
26.0,108.0,-100.0,#7400DF
26.0,110.0,-116.0,#5000FB
26.0,110.0,-56.0,#A80096
26.0,112.0,-94.0,#8500D5
26.0,112.0,-86.0,#9000C7
26.0,114.0,-110.0,#6B00F0
26.0,116.0,-80.0,#9C00BD
26.0,118.0,-92.0,#9100D2
26.0,118.0,-74.0,#A400B3
26.0,124.0,-102.0,#8D00E3
26.0,126.0,-108.0,#8700ED
26.0,126.0,-96.0,#9800D8
27.0,-110.0,6.0,#005735
27.0,-104.0,0.0,#00573E
27.0,-102.0,6.0,#005635
27.0,-98.0,-6.0,#005648
27.0,-96.0,0.0,#00563E
27.0,-92.0,-12.0,#005651
27.0,-90.0,-6.0,#005648
27.0,-86.0,-16.0,#005657
27.0,-86.0,-10.0,#00554E
27.0,-80.0,-12.0,#005551
27.0,-78.0,-20.0,#00555D
27.0,-72.0,-24.0,#005564
27.0,-66.0,-26.0,#005467
27.0,-60.0,-30.0,#00536D
27.0,-60.0,-24.0,#005364
27.0,-58.0,18.0,#005122
27.0,-54.0,-34.0,#005373
27.0,-54.0,-22.0,#005261
27.0,-48.0,-36.0,#005277
27.0,-40.0,10.0,#004D2F
27.0,-34.0,6.0,#004C36
27.0,-24.0,-50.0,#004E8D
27.0,-24.0,-42.0,#004D80
27.0,-24.0,6.0,#0C4936
27.0,-24.0,28.0,#254811
27.0,-20.0,-52.0,#004D90
27.0,-20.0,-2.0,#0A4842
27.0,-20.0,2.0,#15483C
27.0,-20.0,28.0,#2D4711
27.0,-16.0,-54.0,#004C94
27.0,-16.0,-32.0,#004971
27.0,-16.0,-4.0,#184745
27.0,-16.0,0.0,#1F463F
27.0,-16.0,8.0,#294633
27.0,-14.0,-20.0,#00475E
27.0,-14.0,-8.0,#16464C
27.0,-14.0,30.0,#38450D
27.0,-12.0,-56.0,#004B97
27.0,-12.0,-16.0,#014658
27.0,-12.0,-12.0,#134652
27.0,-12.0,-4.0,#244546
27.0,-12.0,0.0,#29453F
27.0,-12.0,4.0,#2D4539
27.0,-12.0,20.0,#384420
27.0,-12.0,24.0,#394419
27.0,-10.0,2.0,#30443C
27.0,-10.0,26.0,#3D4316
27.0,-8.0,-14.0,#1E4455
27.0,-8.0,16.0,#3C4327
27.0,-8.0,20.0,#3E4320
27.0,-6.0,-12.0,#274352
27.0,-6.0,-8.0,#2D434C
27.0,-6.0,12.0,#3E422D
27.0,-4.0,-6.0,#344249
27.0,-4.0,-2.0,#374243
27.0,-4.0,2.0,#3B423D
27.0,-4.0,18.0,#434124
27.0,-4.0,32.0,#47400A
27.0,-2.0,-30.0,#00436E
27.0,-2.0,-22.0,#1E4261
27.0,-2.0,-8.0,#35414C
27.0,-2.0,12.0,#44402D
27.0,0.0,-64.0,#0047A4
27.0,0.0,-8.0,#39404C
27.0,0.0,-4.0,#3D4046
27.0,0.0,4.0,#42403A
27.0,0.0,8.0,#453F34
27.0,0.0,12.0,#473F2E
27.0,2.0,-38.0,#00427A
27.0,2.0,-8.0,#3D3F4C
27.0,2.0,-4.0,#403F46
27.0,2.0,0.0,#433F40
27.0,2.0,4.0,#453F3A
27.0,2.0,8.0,#483E34
27.0,2.0,12.0,#493E2E
27.0,4.0,-36.0,#004177
27.0,4.0,-8.0,#403E4C
27.0,4.0,-4.0,#433E46
27.0,4.0,0.0,#463E40
27.0,4.0,4.0,#483E3A
27.0,4.0,8.0,#4A3D34
27.0,4.0,12.0,#4C3D2E
27.0,4.0,24.0,#503D1A
27.0,6.0,-12.0,#403E52
27.0,6.0,-8.0,#433D4C
27.0,6.0,-4.0,#463D46
27.0,6.0,0.0,#493D40
27.0,6.0,4.0,#4B3C3A
27.0,6.0,8.0,#4D3C34
27.0,6.0,12.0,#4F3C2E
27.0,8.0,-44.0,#004084
27.0,8.0,-16.0,#3F3D58
27.0,8.0,-12.0,#433C52
27.0,8.0,-8.0,#473C4C
27.0,8.0,-4.0,#493C46
27.0,8.0,0.0,#4C3C40
27.0,8.0,4.0,#4E3B3A
27.0,8.0,8.0,#503B34
27.0,8.0,12.0,#523B2E
27.0,8.0,16.0,#533B28
27.0,10.0,-42.0,#003F81
27.0,10.0,-10.0,#483B4F
27.0,10.0,-6.0,#4B3B49
27.0,10.0,-2.0,#4E3B43
27.0,10.0,2.0,#503A3D
27.0,10.0,6.0,#523A37
27.0,10.0,10.0,#533A31
27.0,10.0,20.0,#573921
27.0,10.0,34.0,#593907
27.0,12.0,-30.0,#343C6E
27.0,12.0,-20.0,#423B5E
27.0,12.0,-16.0,#463B58
27.0,12.0,-4.0,#4F3A46
27.0,12.0,0.0,#523940
27.0,12.0,4.0,#54393A
27.0,12.0,8.0,#553934
27.0,12.0,14.0,#57382B
27.0,14.0,-60.0,#00409E
27.0,14.0,-50.0,#003E8D
27.0,14.0,-24.0,#413A65
27.0,14.0,-14.0,#4B3955
27.0,14.0,-10.0,#4E394F
27.0,14.0,-2.0,#533843
27.0,14.0,2.0,#55383D
27.0,14.0,12.0,#59372E
27.0,14.0,22.0,#5C371F
27.0,16.0,-58.0,#003E9A
27.0,16.0,-22.0,#473962
27.0,16.0,-18.0,#4B385B
27.0,16.0,-8.0,#52374C
27.0,16.0,6.0,#5A3637
27.0,16.0,10.0,#5B3631
27.0,16.0,16.0,#5D3628
27.0,18.0,-68.0,#003FAB
27.0,18.0,-30.0,#41386E
27.0,18.0,-26.0,#463868
27.0,18.0,-16.0,#4F3758
27.0,18.0,-12.0,#533652
27.0,18.0,-6.0,#563649
27.0,18.0,4.0,#5B353A
27.0,18.0,14.0,#5F342B
27.0,18.0,34.0,#633408
27.0,18.0,40.0,#643400
27.0,20.0,-66.0,#003DA8
27.0,20.0,-44.0,#2A3984
27.0,20.0,-24.0,#4B3665
27.0,20.0,-20.0,#4F365F
27.0,20.0,-2.0,#5B3443
27.0,20.0,8.0,#5F3334
27.0,20.0,18.0,#623325
27.0,22.0,-38.0,#3C377A
27.0,22.0,-30.0,#48366E
27.0,22.0,-18.0,#54345C
27.0,22.0,-14.0,#573455
27.0,22.0,-10.0,#59334F
27.0,22.0,-6.0,#5C3349
27.0,22.0,2.0,#60323D
27.0,22.0,6.0,#613238
27.0,22.0,16.0,#643128
27.0,22.0,28.0,#673115
27.0,22.0,36.0,#683104
27.0,24.0,-28.0,#4E346B
27.0,24.0,-2.0,#603144
27.0,24.0,10.0,#653032
27.0,24.0,14.0,#66302C
27.0,26.0,-74.0,#003BB5
27.0,26.0,-18.0,#5A315C
27.0,26.0,-14.0,#5C3056
27.0,26.0,-10.0,#5F3050
27.0,26.0,-6.0,#612F4A
27.0,26.0,2.0,#652F3E
27.0,26.0,6.0,#662E38
27.0,26.0,18.0,#692E26
27.0,28.0,-80.0,#003CBF
27.0,28.0,-70.0,#0039AE
27.0,28.0,-32.0,#503171
27.0,28.0,10.0,#6A2C32
27.0,28.0,14.0,#6B2C2C
27.0,28.0,28.0,#6D2B16
27.0,30.0,-68.0,#0037AB
27.0,30.0,-8.0,#652C4D
27.0,30.0,-4.0,#672B47
27.0,30.0,0.0,#692B41
27.0,30.0,4.0,#6A2B3B
27.0,30.0,18.0,#6E2A26
27.0,30.0,22.0,#6F2A20
27.0,30.0,36.0,#712905
27.0,32.0,-80.0,#0039BF
27.0,32.0,-22.0,#5F2C62
27.0,32.0,-18.0,#622B5C
27.0,32.0,8.0,#6E2835
27.0,32.0,28.0,#722716
27.0,34.0,-76.0,#0036B8
27.0,34.0,-38.0,#532D7B
27.0,34.0,-34.0,#572C74
27.0,34.0,-2.0,#6D2744
27.0,34.0,2.0,#6E273E
27.0,34.0,12.0,#71262F
27.0,34.0,16.0,#722529
27.0,36.0,-26.0,#612868
27.0,36.0,-12.0,#6A2653
27.0,36.0,-8.0,#6C254D
27.0,36.0,6.0,#722438
27.0,36.0,20.0,#752323
27.0,36.0,28.0,#762217
27.0,36.0,40.0,#782200
27.0,38.0,-84.0,#0035C6
27.0,38.0,-22.0,#672562
27.0,38.0,-18.0,#6A245C
27.0,38.0,10.0,#752132
27.0,40.0,-44.0,#552784
27.0,40.0,-32.0,#622471
27.0,40.0,18.0,#791D27
27.0,42.0,-84.0,#0032C6
27.0,42.0,-28.0,#68216B
27.0,42.0,-10.0,#731D50
27.0,42.0,22.0,#7C1921
27.0,42.0,26.0,#7D191A
27.0,44.0,-80.0,#002EBF
27.0,44.0,-56.0,#4A2698
27.0,44.0,-24.0,#6E1D65
27.0,44.0,36.0,#801408
27.0,46.0,-90.0,#0030D0
27.0,46.0,-2.0,#7B1444
27.0,46.0,2.0,#7C133E
27.0,46.0,16.0,#7F112A
27.0,46.0,20.0,#801024
27.0,48.0,-86.0,#002CC9
27.0,48.0,-64.0,#4323A5
27.0,48.0,6.0,#7F0C39
27.0,48.0,26.0,#83081B
27.0,50.0,14.0,#83022D
27.0,50.0,40.0,#870000
27.0,52.0,-92.0,#002AD4
27.0,52.0,-44.0,#681384
27.0,52.0,-38.0,#6E107B
27.0,52.0,18.0,#860027
27.0,54.0,28.0,#8A0019
27.0,56.0,-30.0,#79006F
27.0,56.0,-8.0,#84004E
27.0,56.0,6.0,#880039
27.0,58.0,-42.0,#730081
27.0,58.0,20.0,#8D0025
27.0,60.0,-84.0,#2418C6
27.0,60.0,-36.0,#7A0078
27.0,60.0,-26.0,#800069
27.0,62.0,-80.0,#3D0FBF
27.0,62.0,8.0,#8F0037
27.0,64.0,-44.0,#790085
27.0,64.0,-32.0,#820072
27.0,64.0,22.0,#940023
27.0,66.0,-94.0,#0011D7
27.0,66.0,-38.0,#80007B
27.0,68.0,46.0,#9A0000
27.0,72.0,-102.0,#0003E5
27.0,72.0,-88.0,#4100CD
27.0,72.0,-28.0,#8E006C
27.0,74.0,-80.0,#5A00BF
27.0,74.0,-68.0,#6E00AC
27.0,74.0,20.0,#9E0026
27.0,78.0,-104.0,#0000E8
27.0,78.0,2.0,#9F0040
27.0,80.0,-90.0,#5100D0
27.0,80.0,-82.0,#6300C3
27.0,80.0,-26.0,#980069
27.0,84.0,-108.0,#0000F0
27.0,86.0,-60.0,#89009F
27.0,86.0,2.0,#A70041
27.0,88.0,-66.0,#8600A9
27.0,90.0,-110.0,#1D00F3
27.0,94.0,-24.0,#A90067
27.0,96.0,-112.0,#3300F7
27.0,96.0,-70.0,#8D00AF
27.0,102.0,-114.0,#4200FA
27.0,104.0,-60.0,#A1009F
27.0,108.0,-74.0,#9A00B6
27.0,110.0,-80.0,#9700C0
27.0,110.0,-68.0,#A200AC
27.0,118.0,-102.0,#8600E6
28.0,-112.0,28.0,#00590F
28.0,-106.0,24.0,#005918
28.0,-104.0,30.0,#00590A
28.0,-98.0,32.0,#005804
28.0,-86.0,24.0,#005718
28.0,-78.0,32.0,#005605
28.0,-74.0,24.0,#005519
28.0,-68.0,34.0,#005401
28.0,-62.0,6.0,#005437
28.0,-62.0,36.0,#005300
28.0,-56.0,2.0,#00533E
28.0,-56.0,26.0,#005315
28.0,-52.0,20.0,#005221
28.0,-52.0,36.0,#005200
28.0,-50.0,24.0,#00511A
28.0,-48.0,14.0,#00512B
28.0,-46.0,18.0,#005124
28.0,-46.0,34.0,#005002
28.0,-44.0,22.0,#00501E
28.0,-44.0,28.0,#005012
28.0,-44.0,38.0,#005000
28.0,-40.0,0.0,#005041
28.0,-40.0,30.0,#004F0D
28.0,-38.0,4.0,#004F3B
28.0,-38.0,16.0,#004F28
28.0,-38.0,20.0,#004F21
28.0,-38.0,34.0,#004E03
28.0,-36.0,12.0,#004E2F
28.0,-36.0,24.0,#004E1A
28.0,-34.0,28.0,#054E12
28.0,-32.0,-32.0,#005073
28.0,-32.0,14.0,#004D2B
28.0,-32.0,18.0,#004D25
28.0,-32.0,32.0,#144D09
28.0,-32.0,40.0,#194D00
28.0,-30.0,-8.0,#004E4E
28.0,-30.0,8.0,#004D35
28.0,-30.0,22.0,#114D1E
28.0,-28.0,0.0,#004D41
28.0,-28.0,34.0,#214C04
28.0,-26.0,14.0,#164C2C
28.0,-26.0,38.0,#274B00
28.0,-24.0,-2.0,#004C45
28.0,-24.0,22.0,#244B1E
28.0,-22.0,-6.0,#004B4B
28.0,-22.0,14.0,#224A2C
28.0,-22.0,18.0,#264A25
28.0,-22.0,38.0,#2F4A00
28.0,-20.0,22.0,#2D491F
28.0,-18.0,6.0,#244938
28.0,-18.0,32.0,#35480A
28.0,-18.0,38.0,#364800
28.0,-14.0,36.0,#3C4701
28.0,-10.0,-6.0,#29474B
28.0,-10.0,8.0,#374636
28.0,-10.0,12.0,#39462F
28.0,-10.0,30.0,#414510
28.0,-8.0,-20.0,#0D4760
28.0,-8.0,2.0,#36463F
28.0,-8.0,6.0,#394539
28.0,-8.0,34.0,#454406
28.0,-8.0,40.0,#464400
28.0,-6.0,-16.0,#22465A
28.0,-6.0,-4.0,#344548
28.0,-6.0,0.0,#384542
28.0,-6.0,4.0,#3B453C
28.0,-6.0,8.0,#3E4436
28.0,-6.0,16.0,#424429
28.0,-6.0,24.0,#45441C
28.0,-4.0,-24.0,#124667
28.0,-4.0,-18.0,#24455D
28.0,-4.0,-14.0,#2B4557
28.0,-4.0,-10.0,#314551
28.0,-4.0,6.0,#404439
28.0,-4.0,26.0,#484318
28.0,-4.0,38.0,#4B4300
28.0,-2.0,-16.0,#2D445A
28.0,-2.0,-12.0,#334454
28.0,-2.0,28.0,#4C4215
28.0,-2.0,42.0,#4E4200
28.0,0.0,-20.0,#2B4461
28.0,0.0,-16.0,#32435A
28.0,0.0,-12.0,#374354
28.0,0.0,32.0,#4F410D
28.0,0.0,38.0,#504100
28.0,2.0,-20.0,#304361
28.0,2.0,-16.0,#36425A
28.0,2.0,-12.0,#3B4254
28.0,2.0,26.0,#504019
28.0,2.0,42.0,#534000
28.0,4.0,-20.0,#354261
28.0,4.0,-16.0,#3A415B
28.0,4.0,-12.0,#3F4154
28.0,4.0,36.0,#553F03
28.0,6.0,-20.0,#394161
28.0,6.0,-16.0,#3E405B
28.0,6.0,28.0,#563E16
28.0,6.0,42.0,#583D00
28.0,8.0,24.0,#583D1D
28.0,8.0,38.0,#5A3C00
28.0,10.0,28.0,#5B3B16
28.0,10.0,44.0,#5E3B00
28.0,12.0,-64.0,#0044A7
28.0,12.0,24.0,#5D3A1D
28.0,12.0,40.0,#5F3A00
28.0,14.0,30.0,#603913
28.0,14.0,46.0,#623800
28.0,16.0,-74.0,#0044B8
28.0,16.0,20.0,#613824
28.0,16.0,28.0,#623817
28.0,20.0,12.0,#633531
28.0,20.0,22.0,#663521
28.0,20.0,46.0,#693400
28.0,22.0,-50.0,#203B90
28.0,24.0,20.0,#6A3225
28.0,24.0,24.0,#6B311E
28.0,28.0,24.0,#702E1E
28.0,28.0,40.0,#722D00
28.0,30.0,-42.0,#493384
28.0,32.0,-14.0,#672D58
28.0,34.0,-42.0,#503084
28.0,36.0,24.0,#79251F
28.0,36.0,48.0,#7B2400
28.0,38.0,34.0,#7C220E
28.0,40.0,-36.0,#61287A
28.0,40.0,-4.0,#762249
28.0,40.0,0.0,#772143
28.0,40.0,46.0,#7F1E00
28.0,42.0,-62.0,#3C2CA4
28.0,42.0,-16.0,#72215B
28.0,42.0,8.0,#7C1D38
28.0,44.0,12.0,#7F1932
28.0,44.0,40.0,#831701
28.0,46.0,-6.0,#7C184D
28.0,48.0,-18.0,#79165F
28.0,48.0,30.0,#860D17
28.0,48.0,34.0,#870D10
28.0,52.0,0.0,#850344
28.0,52.0,22.0,#8A0024
28.0,54.0,-64.0,#531BA7
28.0,54.0,36.0,#8D000D
28.0,56.0,42.0,#900000
28.0,58.0,-70.0,#5016B1
28.0,58.0,24.0,#900021
28.0,58.0,48.0,#930000
28.0,60.0,-92.0,#0020D7
28.0,60.0,0.0,#8E0044
28.0,60.0,30.0,#930018
28.0,60.0,36.0,#94000E
28.0,62.0,42.0,#960001
28.0,64.0,48.0,#990000
28.0,66.0,-86.0,#380BCC
28.0,66.0,-50.0,#790091
28.0,66.0,28.0,#99001C
28.0,66.0,34.0,#9A0013
28.0,66.0,40.0,#9A0007
28.0,68.0,-82.0,#4B00C6
28.0,70.0,2.0,#990042
28.0,72.0,-96.0,#1E00DE
28.0,72.0,30.0,#A0001A
28.0,72.0,36.0,#A00011
28.0,72.0,42.0,#A10004
28.0,78.0,-98.0,#3200E1
28.0,78.0,-58.0,#83009E
28.0,78.0,32.0,#A60018
28.0,80.0,8.0,#A5003A
28.0,80.0,18.0,#A7002C
28.0,82.0,-74.0,#7600B8
28.0,82.0,-64.0,#8200A8
28.0,82.0,-18.0,#A00060
28.0,84.0,-100.0,#4000E5
28.0,84.0,-40.0,#980081
28.0,86.0,-4.0,#A9004B
28.0,88.0,-76.0,#7D00BC
28.0,88.0,-50.0,#970091
28.0,88.0,-16.0,#A8005D
28.0,90.0,-102.0,#4C00E8
28.0,90.0,-94.0,#6200DA
28.0,90.0,-82.0,#7800C6
28.0,92.0,-116.0,#0000FF
28.0,92.0,-88.0,#7200D0
28.0,92.0,-30.0,#A70072
28.0,94.0,-52.0,#9D0095
28.0,96.0,-104.0,#5700EC
28.0,96.0,-84.0,#7F00C9
28.0,98.0,-118.0,#1600FF
28.0,98.0,-98.0,#6B00E1
28.0,98.0,-90.0,#7A00D4
28.0,98.0,-46.0,#A6008B
28.0,100.0,-78.0,#8D00BF
28.0,104.0,-92.0,#8100D7
28.0,104.0,-42.0,#AF0085
28.0,106.0,-86.0,#8D00CD
28.0,108.0,-50.0,#AF0092
28.0,116.0,-66.0,#AF00AC
29.0,-72.0,-20.0,#005A62
29.0,-66.0,-22.0,#005965
29.0,-66.0,-16.0,#00585C
29.0,-60.0,-20.0,#005862
29.0,-60.0,-14.0,#005759
29.0,-54.0,-28.0,#00576F
29.0,-54.0,-18.0,#00575F
29.0,-54.0,-12.0,#005656
29.0,-50.0,-8.0,#005550
29.0,-48.0,-26.0,#00566C
29.0,-48.0,-20.0,#005562
29.0,-48.0,-16.0,#00555C
29.0,-46.0,-12.0,#005456
29.0,-44.0,-40.0,#005682
29.0,-44.0,-28.0,#00556F
29.0,-44.0,-6.0,#00544D
29.0,-42.0,-22.0,#005466
29.0,-42.0,-18.0,#00545F
29.0,-42.0,-14.0,#005459
29.0,-40.0,-44.0,#005689
29.0,-40.0,-10.0,#005353
29.0,-38.0,-38.0,#00557F
29.0,-38.0,-32.0,#005475
29.0,-38.0,-26.0,#00546C
29.0,-38.0,-6.0,#00524D
29.0,-36.0,-20.0,#005363
29.0,-36.0,-16.0,#00525C
29.0,-36.0,-12.0,#005256
29.0,-34.0,-46.0,#00558C
29.0,-32.0,-40.0,#005382
29.0,-32.0,-22.0,#005266
29.0,-32.0,-4.0,#00514A
29.0,-30.0,-16.0,#00515C
29.0,-30.0,-12.0,#005056
29.0,-28.0,-50.0,#005492
29.0,-28.0,-42.0,#005385
29.0,-28.0,-24.0,#005169
29.0,-26.0,-36.0,#00517C
29.0,-26.0,-30.0,#005172
29.0,-26.0,-18.0,#005060
29.0,-24.0,-14.0,#004F59
29.0,-24.0,-10.0,#004E53
29.0,-24.0,4.0,#0E4E3E
29.0,-22.0,-38.0,#00507F
29.0,-22.0,-32.0,#005076
29.0,-22.0,-26.0,#004F6C
29.0,-22.0,-20.0,#004F63
29.0,-20.0,-16.0,#004E5D
29.0,-20.0,-12.0,#004D56
29.0,-20.0,-8.0,#004D50
29.0,-20.0,0.0,#174D44
29.0,-20.0,4.0,#1E4C3E
29.0,-18.0,-42.0,#004F86
29.0,-18.0,-28.0,#004E6F
29.0,-18.0,-22.0,#004D66
29.0,-16.0,-48.0,#004F8F
29.0,-16.0,-18.0,#004C60
29.0,-16.0,-14.0,#004C59
29.0,-16.0,-10.0,#0C4C53
29.0,-16.0,-6.0,#194B4D
29.0,-16.0,-2.0,#214B47
29.0,-16.0,2.0,#274B41
29.0,-14.0,-42.0,#004E86
29.0,-14.0,-34.0,#004D79
29.0,-14.0,-28.0,#004C6F
29.0,-14.0,0.0,#294A44
29.0,-14.0,4.0,#2E4A3E
29.0,-14.0,10.0,#334A35
29.0,-12.0,-10.0,#1E4A53
29.0,-12.0,-2.0,#2B4A47
29.0,-12.0,2.0,#304A41
29.0,-12.0,6.0,#34493B
29.0,-10.0,-48.0,#004D8F
29.0,-10.0,-40.0,#004C82
29.0,-10.0,-32.0,#004B76
29.0,-10.0,-26.0,#004B6C
29.0,-10.0,0.0,#324944
29.0,-10.0,4.0,#36493E
29.0,-8.0,-8.0,#2D4850
29.0,-8.0,-2.0,#344847
29.0,-6.0,-58.0,#004DA0
29.0,-6.0,-50.0,#004C93
29.0,-6.0,-42.0,#004B86
29.0,-6.0,-34.0,#004A79
29.0,-6.0,-28.0,#00496F
29.0,-6.0,-10.0,#2F4854
29.0,-4.0,-64.0,#004DAA
29.0,-4.0,-4.0,#3A464A
29.0,-4.0,0.0,#3E4644
29.0,-4.0,12.0,#454632
29.0,-2.0,-58.0,#004CA0
29.0,-2.0,-50.0,#004A93
29.0,-2.0,-42.0,#004986
29.0,-2.0,-36.0,#00487C
29.0,-2.0,-6.0,#3C464D
29.0,-2.0,-2.0,#3F4547
29.0,-2.0,2.0,#424541
29.0,-2.0,6.0,#45453B
29.0,-2.0,10.0,#474535
29.0,0.0,-6.0,#3F454E
29.0,0.0,-2.0,#434447
29.0,0.0,2.0,#464441
29.0,0.0,6.0,#48443B
29.0,0.0,10.0,#4A4435
29.0,2.0,-60.0,#004AA3
29.0,2.0,-52.0,#004996
29.0,2.0,-44.0,#004889
29.0,2.0,-6.0,#43444E
29.0,2.0,-2.0,#464347
29.0,2.0,2.0,#494341
29.0,2.0,6.0,#4B433B
29.0,2.0,10.0,#4D4335
29.0,2.0,18.0,#514229
29.0,4.0,-30.0,#234573
29.0,4.0,-6.0,#46434E
29.0,4.0,-2.0,#494248
29.0,4.0,2.0,#4C4241
29.0,4.0,6.0,#4E423B
29.0,4.0,10.0,#504235
29.0,4.0,14.0,#52422F
29.0,4.0,18.0,#534129
29.0,6.0,-68.0,#004AB0
29.0,6.0,-60.0,#0048A3
29.0,6.0,-54.0,#004799
29.0,6.0,-46.0,#00468C
29.0,6.0,-28.0,#2E4470
29.0,6.0,-24.0,#354369
29.0,6.0,-10.0,#464254
29.0,6.0,-6.0,#4A424E
29.0,6.0,-2.0,#4C4148
29.0,6.0,2.0,#4F4141
29.0,6.0,6.0,#51413B
29.0,6.0,10.0,#534135
29.0,6.0,14.0,#55402F
29.0,6.0,18.0,#564029
29.0,8.0,-52.0,#004696
29.0,8.0,-18.0,#424260
29.0,8.0,-14.0,#46415A
29.0,8.0,-10.0,#4A4154
29.0,8.0,-6.0,#4D414E
29.0,8.0,-2.0,#4F4048
29.0,8.0,2.0,#524042
29.0,8.0,6.0,#54403B
29.0,8.0,10.0,#564035
29.0,8.0,14.0,#573F2F
29.0,10.0,-68.0,#0048B0
29.0,10.0,-36.0,#27427C
29.0,10.0,-30.0,#344273
29.0,10.0,-8.0,#4E4051
29.0,10.0,-4.0,#513F4B
29.0,10.0,0.0,#543F45
29.0,10.0,4.0,#563F3F
29.0,10.0,8.0,#583E38
29.0,10.0,14.0,#5A3E2F
29.0,12.0,-24.0,#424069
29.0,12.0,-12.0,#4E3F57
29.0,12.0,-6.0,#533E4E
29.0,12.0,-2.0,#553E48
29.0,12.0,2.0,#573E42
29.0,12.0,6.0,#593D3C
29.0,12.0,12.0,#5C3D32
29.0,12.0,18.0,#5E3D29
29.0,14.0,-44.0,#194189
29.0,14.0,-38.0,#2E4080
29.0,14.0,-4.0,#573D4B
29.0,14.0,0.0,#593C45
29.0,14.0,4.0,#5B3C3F
29.0,14.0,10.0,#5E3C36
29.0,14.0,16.0,#603C2C
29.0,16.0,-36.0,#383F7C
29.0,16.0,-32.0,#3F3E76
29.0,16.0,8.0,#5F3B39
29.0,16.0,14.0,#623A30
29.0,18.0,-52.0,#004096
29.0,18.0,-44.0,#2A3F89
29.0,18.0,2.0,#5F3A42
29.0,18.0,6.0,#61393C
29.0,18.0,18.0,#653929
29.0,18.0,24.0,#673820
29.0,20.0,-74.0,#0044BA
29.0,20.0,-60.0,#0040A3
29.0,22.0,-58.0,#003FA0
29.0,22.0,0.0,#643745
29.0,22.0,4.0,#65363F
29.0,24.0,-68.0,#0040B0
29.0,24.0,-56.0,#0C3D9D
29.0,24.0,-24.0,#57386A
29.0,24.0,12.0,#6B3433
29.0,26.0,-48.0,#373A90
29.0,26.0,30.0,#713216
29.0,28.0,-56.0,#243A9D
29.0,28.0,-46.0,#40388D
29.0,28.0,-28.0,#593570
29.0,28.0,-24.0,#5D346A
29.0,30.0,-62.0,#083AA7
29.0,30.0,-54.0,#323899
29.0,32.0,-52.0,#3D3696
29.0,34.0,-62.0,#2437A7
29.0,34.0,-30.0,#603073
29.0,36.0,-68.0,#0236B1
29.0,36.0,-58.0,#3934A0
29.0,36.0,-52.0,#473296
29.0,38.0,-78.0,#0037C1
29.0,40.0,-74.0,#0034BB
29.0,40.0,-68.0,#2333B1
29.0,40.0,-52.0,#4F2E96
29.0,42.0,-48.0,#592B90
29.0,42.0,-20.0,#732464
29.0,44.0,-74.0,#1230BB
29.0,44.0,-44.0,#61278A
29.0,46.0,-70.0,#332DB4
29.0,46.0,-40.0,#692383
29.0,48.0,-82.0,#002FC8
29.0,48.0,-52.0,#5E2496
29.0,48.0,-12.0,#7F1858
29.0,50.0,-78.0,#1D2BC1
29.0,50.0,-48.0,#661F90
29.0,50.0,-32.0,#751977
29.0,52.0,-74.0,#3926BB
29.0,52.0,-58.0,#5C1FA0
29.0,52.0,-4.0,#860A4C
29.0,52.0,10.0,#8A0537
29.0,54.0,-86.0,#0029CF
29.0,54.0,-54.0,#651A9A
29.0,54.0,-24.0,#800A6A
29.0,54.0,-14.0,#85055B
29.0,56.0,-50.0,#6D1293
29.0,56.0,14.0,#900032
29.0,58.0,-62.0,#6114A7
29.0,58.0,-46.0,#75088D
29.0,58.0,-20.0,#870064
29.0,60.0,-58.0,#6A0AA0
29.0,62.0,-76.0,#4F13BE
29.0,62.0,-54.0,#72009A
29.0,62.0,-16.0,#8D005E
29.0,62.0,16.0,#97002F
29.0,64.0,-72.0,#5C06B8
29.0,64.0,-66.0,#6600AE
29.0,66.0,-102.0,#001EEB
29.0,66.0,-60.0,#7100A4
29.0,66.0,-22.0,#8F0068
29.0,66.0,-12.0,#940059
29.0,66.0,-6.0,#960050
29.0,66.0,12.0,#9A0035
29.0,68.0,18.0,#9D002D
29.0,70.0,-72.0,#6700B8
29.0,70.0,-56.0,#7C009D
29.0,70.0,-36.0,#8C007D
29.0,70.0,-18.0,#960062
29.0,70.0,24.0,#A00024
29.0,72.0,-10.0,#9B0056
29.0,74.0,-62.0,#7C00A7
29.0,74.0,-46.0,#8B008D
29.0,74.0,-32.0,#940077
29.0,74.0,-24.0,#98006B
29.0,74.0,-4.0,#9F004D
29.0,74.0,14.0,#A30033
29.0,76.0,-40.0,#910084
29.0,76.0,-16.0,#9D005F
29.0,76.0,26.0,#A70022
29.0,78.0,42.0,#AA0008
29.0,80.0,-50.0,#8F0094
29.0,80.0,-30.0,#9C0074
29.0,80.0,-10.0,#A40056
29.0,84.0,24.0,#AF0026
29.0,86.0,14.0,#B00034
29.0,88.0,-10.0,#AD0057
29.0,88.0,8.0,#B1003D
29.0,94.0,-36.0,#A9007E
29.0,94.0,-18.0,#B10063
29.0,98.0,-64.0,#9C00AB
29.0,102.0,-34.0,#B4007B
29.0,106.0,-110.0,#6400F9
29.0,108.0,-116.0,#5800FF
29.0,108.0,-102.0,#7A00EB
29.0,114.0,-110.0,#7600F9
29.0,114.0,-74.0,#A800BC
29.0,114.0,-58.0,#B500A2
29.0,116.0,-94.0,#9500DE
29.0,116.0,-86.0,#9F00D0
29.0,122.0,-88.0,#A600D3
29.0,122.0,-80.0,#AE00C6
29.0,124.0,-98.0,#9D00E5
30.0,-126.0,16.0,#00602B
30.0,-122.0,10.0,#006035
30.0,-118.0,2.0,#006042
30.0,-118.0,16.0,#00602B
30.0,-116.0,8.0,#006038
30.0,-112.0,-2.0,#006048
30.0,-112.0,14.0,#005F2E
30.0,-110.0,4.0,#005F3F
30.0,-110.0,20.0,#005F24
30.0,-106.0,-6.0,#005F4E
30.0,-106.0,10.0,#005F35
30.0,-104.0,0.0,#005F45
30.0,-102.0,16.0,#005E2B
30.0,-100.0,-10.0,#005F55
30.0,-100.0,6.0,#005E3B
30.0,-98.0,-4.0,#005E4B
30.0,-96.0,14.0,#005D2E
30.0,-96.0,22.0,#005D20
30.0,-94.0,-14.0,#005F5B
30.0,-94.0,2.0,#005E42
30.0,-92.0,-8.0,#005E52
30.0,-92.0,8.0,#005D38
30.0,-90.0,16.0,#005D2B
30.0,-88.0,-12.0,#005E58
30.0,-88.0,-2.0,#005D48
30.0,-86.0,-18.0,#005E61
30.0,-86.0,4.0,#005D3F
30.0,-86.0,10.0,#005D35
30.0,-82.0,-6.0,#005D4F
30.0,-82.0,16.0,#005C2B
30.0,-80.0,-22.0,#005D68
30.0,-80.0,-12.0,#005D58
30.0,-80.0,0.0,#005C45
30.0,-80.0,6.0,#005C3C
30.0,-78.0,-16.0,#005D5E
30.0,-78.0,20.0,#005B24
30.0,-76.0,14.0,#005B2F
30.0,-74.0,-26.0,#005D6E
30.0,-74.0,-6.0,#005C4F
30.0,-74.0,2.0,#005B42
30.0,-72.0,-12.0,#005C58
30.0,-72.0,8.0,#005B39
30.0,-72.0,28.0,#005A15
30.0,-70.0,16.0,#005A2C
30.0,-68.0,-28.0,#005C71
30.0,-68.0,-8.0,#005B52
30.0,-68.0,-2.0,#005B48
30.0,-66.0,2.0,#005A42
30.0,-66.0,10.0,#005A35
30.0,-66.0,20.0,#005A25
30.0,-66.0,26.0,#00591A
30.0,-64.0,-32.0,#005C78
30.0,-64.0,14.0,#00592F
30.0,-62.0,-26.0,#005B6E
30.0,-62.0,-10.0,#005A55
30.0,-62.0,-6.0,#005A4F
30.0,-62.0,30.0,#005911
30.0,-60.0,-2.0,#005949
30.0,-60.0,18.0,#005928
30.0,-60.0,24.0,#00581E
30.0,-58.0,-34.0,#005B7B
30.0,-58.0,10.0,#005836
30.0,-56.0,-8.0,#005952
30.0,-54.0,-22.0,#005968
30.0,-54.0,-4.0,#00584C
30.0,-54.0,6.0,#00583C
30.0,-54.0,14.0,#00572F
30.0,-52.0,-38.0,#005A81
30.0,-52.0,-32.0,#005A78
30.0,-52.0,0.0,#005846
30.0,-52.0,32.0,#00570C
30.0,-50.0,10.0,#005736
30.0,-48.0,4.0,#00573F
30.0,-46.0,-36.0,#00597E
30.0,-46.0,-2.0,#005649
30.0,-44.0,8.0,#005639
30.0,-44.0,12.0,#005533
30.0,-42.0,2.0,#005543
30.0,-40.0,14.0,#005430
30.0,-38.0,10.0,#005436
30.0,-36.0,0.0,#005446
30.0,-36.0,36.0,#0D5303
30.0,-32.0,2.0,#005343
30.0,-32.0,6.0,#00523C
30.0,-28.0,4.0,#005140
30.0,-24.0,10.0,#1D5036
30.0,-24.0,28.0,#2C4F18
30.0,-22.0,-54.0,#00559C
30.0,-22.0,32.0,#324F0F
30.0,-20.0,-48.0,#005392
30.0,-20.0,10.0,#284E37
30.0,-18.0,-34.0,#00517B
30.0,-18.0,14.0,#304E30
30.0,-18.0,18.0,#334D2A
30.0,-18.0,26.0,#374D1C
30.0,-16.0,-58.0,#0053A2
30.0,-16.0,6.0,#2D4D3D
30.0,-14.0,16.0,#394C2D
30.0,-14.0,20.0,#3B4C27
30.0,-14.0,24.0,#3D4C20
30.0,-14.0,30.0,#3F4C14
30.0,-12.0,-56.0,#00529F
30.0,-12.0,-18.0,#034D62
30.0,-12.0,-14.0,#164D5C
30.0,-12.0,-6.0,#284C50
30.0,-12.0,40.0,#454B00
30.0,-10.0,-62.0,#0052A9
30.0,-10.0,-20.0,#074D65
30.0,-10.0,-4.0,#304B4D
30.0,-10.0,16.0,#404A2D
30.0,-10.0,20.0,#424A27
30.0,-10.0,24.0,#444A20
30.0,-8.0,-16.0,#214B5F
30.0,-8.0,-12.0,#294B59
30.0,-6.0,-6.0,#364A50
30.0,-6.0,-2.0,#3A4A4A
30.0,-6.0,2.0,#3E4943
30.0,-6.0,6.0,#41493D
30.0,-6.0,10.0,#434937
30.0,-6.0,28.0,#4B4819
30.0,-4.0,-8.0,#384953
30.0,-4.0,4.0,#434840
30.0,-4.0,8.0,#45483A
30.0,-4.0,16.0,#4A482E
30.0,-4.0,32.0,#4F4711
30.0,-2.0,-30.0,#064A75
30.0,-2.0,-20.0,#2B4965
30.0,-2.0,0.0,#434847
30.0,-2.0,16.0,#4C472E
30.0,-2.0,20.0,#4E4727
30.0,0.0,-28.0,#1D4972
30.0,0.0,0.0,#474747
30.0,0.0,16.0,#4F462E
30.0,0.0,20.0,#514627
30.0,0.0,24.0,#524621
30.0,2.0,-66.0,#004DB0
30.0,2.0,-38.0,#004982
30.0,2.0,0.0,#4A4647
30.0,4.0,-36.0,#0D487F
30.0,4.0,24.0,#584321
30.0,4.0,30.0,#594316
30.0,8.0,-44.0,#00478C
30.0,8.0,32.0,#5F4112
30.0,10.0,-42.0,#114688
30.0,10.0,20.0,#5E4028
30.0,12.0,-52.0,#004699
30.0,12.0,-20.0,#494266
30.0,12.0,-16.0,#4D4160
30.0,12.0,34.0,#643F0F
30.0,14.0,-60.0,#0046A6
30.0,14.0,-50.0,#004595
30.0,14.0,-10.0,#554056
30.0,14.0,22.0,#643E25
30.0,16.0,-58.0,#0045A3
30.0,16.0,-22.0,#4E3F69
30.0,16.0,-18.0,#523F63
30.0,16.0,-8.0,#5A3E53
30.0,16.0,36.0,#693C0A
30.0,16.0,42.0,#6A3C00
30.0,18.0,-68.0,#0046B3
30.0,18.0,-30.0,#483F75
30.0,18.0,-26.0,#4D3F6F
30.0,18.0,-16.0,#573D60
30.0,18.0,-12.0,#5A3D5A
30.0,18.0,-6.0,#5E3D50
30.0,18.0,34.0,#6B3A0F
30.0,18.0,48.0,#6D3A00
30.0,20.0,-24.0,#533D6C
30.0,20.0,-20.0,#563C66
30.0,20.0,30.0,#6D3918
30.0,20.0,40.0,#6E3901
30.0,22.0,-42.0,#3D3E89
30.0,22.0,-38.0,#443D82
30.0,22.0,-30.0,#4F3C76
30.0,22.0,-18.0,#5B3B63
30.0,22.0,-14.0,#5E3A5D
30.0,22.0,-10.0,#613A57
30.0,22.0,-6.0,#633A50
30.0,22.0,16.0,#6C382F
30.0,22.0,28.0,#6F381B
30.0,22.0,36.0,#70370B
30.0,24.0,-36.0,#4B3C7F
30.0,24.0,-28.0,#553B72
30.0,24.0,34.0,#723610
30.0,24.0,42.0,#733600
30.0,26.0,-82.0,#0044CB
30.0,26.0,-18.0,#613863
30.0,26.0,-14.0,#64375D
30.0,26.0,-10.0,#663757
30.0,26.0,-6.0,#693651
30.0,26.0,2.0,#6C3644
30.0,26.0,6.0,#6E353E
30.0,26.0,18.0,#71352C
30.0,26.0,48.0,#763400
30.0,28.0,-78.0,#0041C4
30.0,28.0,-68.0,#003FB3
30.0,28.0,-36.0,#53397F
30.0,28.0,-32.0,#573879
30.0,28.0,10.0,#723338
30.0,28.0,14.0,#733332
30.0,28.0,28.0,#76321C
30.0,30.0,-8.0,#6D3354
30.0,30.0,-4.0,#6F334E
30.0,30.0,0.0,#703248
30.0,30.0,4.0,#723242
30.0,30.0,18.0,#76312C
30.0,30.0,22.0,#773126
30.0,30.0,36.0,#79300D
30.0,30.0,46.0,#7A3000
30.0,32.0,-84.0,#0040CE
30.0,32.0,-78.0,#003FC4
30.0,32.0,-22.0,#673369
30.0,32.0,-18.0,#693263
30.0,32.0,8.0,#76303C
30.0,32.0,28.0,#7A2E1C
30.0,34.0,-38.0,#5A3482
30.0,34.0,-34.0,#5F337C
30.0,34.0,-2.0,#752E4B
30.0,34.0,2.0,#762E45
30.0,34.0,12.0,#792D36
30.0,34.0,16.0,#7A2D30
30.0,34.0,34.0,#7D2C12
30.0,34.0,42.0,#7E2C00
30.0,36.0,-84.0,#003DCE
30.0,36.0,-26.0,#692F70
30.0,36.0,-12.0,#722D5A
30.0,36.0,-8.0,#742D54
30.0,36.0,6.0,#7A2B3F
30.0,36.0,20.0,#7D2A2A
30.0,36.0,28.0,#7F2A1D
30.0,38.0,-22.0,#6F2C69
30.0,38.0,10.0,#7D2839
30.0,38.0,40.0,#822705
30.0,40.0,-32.0,#6A2C79
30.0,40.0,4.0,#7E2642
30.0,40.0,14.0,#812533
30.0,40.0,18.0,#82252D
30.0,42.0,-90.0,#003AD9
30.0,42.0,-28.0,#702973
30.0,42.0,-10.0,#7B2557
30.0,42.0,22.0,#852227
30.0,42.0,26.0,#852221
30.0,42.0,30.0,#86211A
30.0,44.0,-86.0,#0037D2
30.0,44.0,36.0,#891E10
30.0,46.0,-34.0,#71247C
30.0,46.0,-2.0,#831D4B
30.0,46.0,2.0,#841D45
30.0,46.0,16.0,#881B30
30.0,46.0,20.0,#891B2A
30.0,46.0,46.0,#8C1900
30.0,48.0,-92.0,#0035DC
30.0,48.0,-64.0,#4C2AAD
30.0,48.0,6.0,#88183F
30.0,48.0,26.0,#8C1521
30.0,50.0,14.0,#8C1134
30.0,50.0,40.0,#900E08
30.0,52.0,-44.0,#701D8C
30.0,52.0,-38.0,#761A83
30.0,52.0,18.0,#8F092E
30.0,52.0,46.0,#920500
30.0,54.0,-94.0,#002FE0
30.0,54.0,28.0,#93001F
30.0,54.0,32.0,#930018
30.0,56.0,-30.0,#810B76
30.0,56.0,-8.0,#8C0055
30.0,56.0,6.0,#910040
30.0,58.0,-80.0,#3C22C8
30.0,58.0,20.0,#96002B
30.0,60.0,-36.0,#820080
30.0,60.0,-26.0,#890070
30.0,60.0,-4.0,#92004F
30.0,62.0,8.0,#98003D
30.0,64.0,-88.0,#311AD5
30.0,64.0,-44.0,#82008D
30.0,64.0,-32.0,#8A007A
30.0,64.0,22.0,#9D0029
30.0,66.0,4.0,#9B0043
30.0,68.0,46.0,#A30000
30.0,70.0,-98.0,#0512E7
30.0,72.0,-82.0,#5B00CB
30.0,72.0,6.0,#A30041
30.0,74.0,-68.0,#7700B4
30.0,74.0,20.0,#A7002D
30.0,74.0,48.0,#AA0000
30.0,76.0,-106.0,#0003F5
30.0,76.0,-90.0,#5100D9
30.0,78.0,-84.0,#6400CF
30.0,78.0,-76.0,#7200C1
30.0,78.0,2.0,#A80047
30.0,80.0,-104.0,#2300F1
30.0,82.0,-94.0,#5600E0
30.0,82.0,28.0,#B10022
30.0,84.0,-86.0,#6D00D2
30.0,86.0,-106.0,#3700F5
30.0,86.0,-60.0,#9200A7
30.0,86.0,-34.0,#A4007D
30.0,86.0,-24.0,#A9006E
30.0,86.0,2.0,#B10047
30.0,88.0,-66.0,#8F00B1
30.0,90.0,-46.0,#A20090
30.0,92.0,-108.0,#4600F9
30.0,94.0,-24.0,#B2006E
30.0,96.0,-70.0,#9600B8
30.0,96.0,-58.0,#A100A4
30.0,98.0,-110.0,#5200FC
30.0,102.0,-54.0,#AC009E
30.0,104.0,-60.0,#AA00A7
30.0,108.0,-82.0,#9B00CC
30.0,108.0,-74.0,#A300BE
30.0,110.0,-68.0,#AB00B5
30.0,116.0,-104.0,#8900F2
30.0,124.0,-110.0,#8E00FC
31.0,-112.0,38.0,#006100
31.0,-106.0,30.0,#006112
31.0,-104.0,38.0,#006000
31.0,-98.0,30.0,#006012
31.0,-96.0,38.0,#006000
31.0,-90.0,30.0,#005F12
31.0,-90.0,36.0,#005F01
31.0,-86.0,22.0,#005F23
31.0,-86.0,42.0,#005F00
31.0,-84.0,28.0,#005F17
31.0,-84.0,34.0,#005E07
31.0,-80.0,40.0,#005E00
31.0,-78.0,26.0,#005E1B
31.0,-78.0,32.0,#005E0E
31.0,-74.0,36.0,#005D02
31.0,-74.0,42.0,#005D00
31.0,-68.0,34.0,#005C08
31.0,-68.0,40.0,#005C00
31.0,-64.0,44.0,#005B00
31.0,-62.0,36.0,#005B02
31.0,-58.0,2.0,#005B45
31.0,-58.0,40.0,#005A00
31.0,-54.0,44.0,#005900
31.0,-52.0,20.0,#005927
31.0,-50.0,24.0,#005920
31.0,-48.0,40.0,#005800
31.0,-48.0,46.0,#005800
31.0,-46.0,16.0,#00582E
31.0,-46.0,34.0,#00580A
31.0,-44.0,-44.0,#005C8E
31.0,-44.0,20.0,#005828
31.0,-44.0,26.0,#00571D
31.0,-42.0,38.0,#005700
31.0,-42.0,44.0,#005700
31.0,-40.0,28.0,#005619
31.0,-38.0,-8.0,#005755
31.0,-38.0,20.0,#005628
31.0,-38.0,32.0,#005610
31.0,-38.0,46.0,#105600
31.0,-36.0,-40.0,#005987
31.0,-36.0,-34.0,#00597E
31.0,-36.0,-4.0,#00574E
31.0,-34.0,-28.0,#005874
31.0,-34.0,14.0,#005532
31.0,-34.0,22.0,#065524
31.0,-34.0,40.0,#1B5500
31.0,-32.0,-50.0,#005998
31.0,-32.0,-8.0,#005655
31.0,-32.0,26.0,#17541D
31.0,-32.0,44.0,#235400
31.0,-30.0,-32.0,#00577B
31.0,-30.0,16.0,#11542F
31.0,-30.0,30.0,#215415
31.0,-30.0,48.0,#295300
31.0,-28.0,-10.0,#005558
31.0,-28.0,12.0,#135335
31.0,-28.0,20.0,#1F5328
31.0,-28.0,34.0,#29530C
31.0,-26.0,-46.0,#005791
31.0,-26.0,-6.0,#005452
31.0,-26.0,-2.0,#00534B
31.0,-26.0,24.0,#285221
31.0,-26.0,38.0,#2F5201
31.0,-24.0,14.0,#245232
31.0,-24.0,42.0,#345100
31.0,-24.0,48.0,#355100
31.0,-22.0,-6.0,#005252
31.0,-22.0,-2.0,#0D524B
31.0,-22.0,2.0,#185245
31.0,-22.0,6.0,#20523F
31.0,-22.0,18.0,#2D512C
31.0,-20.0,-10.0,#005258
31.0,-20.0,22.0,#345025
31.0,-20.0,36.0,#395007
31.0,-20.0,42.0,#3B5000
31.0,-20.0,48.0,#3C5000
31.0,-18.0,-6.0,#165152
31.0,-18.0,-2.0,#1F514C
31.0,-18.0,2.0,#265045
31.0,-16.0,-24.0,#00526E
31.0,-16.0,36.0,#404F08
31.0,-16.0,42.0,#424F00
31.0,-16.0,48.0,#434E00
31.0,-14.0,-2.0,#2B4F4C
31.0,-14.0,2.0,#304F45
31.0,-12.0,-30.0,#005178
31.0,-12.0,-24.0,#00506E
31.0,-12.0,0.0,#324E49
31.0,-12.0,4.0,#364E42
31.0,-12.0,8.0,#3A4E3C
31.0,-12.0,48.0,#494D00
31.0,-10.0,2.0,#394D46
31.0,-10.0,6.0,#3C4D3F
31.0,-10.0,10.0,#3F4D39
31.0,-8.0,-44.0,#00518E
31.0,-8.0,-36.0,#005081
31.0,-8.0,-28.0,#004F74
31.0,-8.0,-4.0,#374D4F
31.0,-8.0,0.0,#3B4D49
31.0,-8.0,4.0,#3E4C43
31.0,-8.0,8.0,#414C3C
31.0,-8.0,36.0,#4C4B09
31.0,-8.0,42.0,#4E4B00
31.0,-8.0,48.0,#4F4B00
31.0,-6.0,-24.0,#134E6E
31.0,-6.0,-18.0,#264D65
31.0,-6.0,-14.0,#2D4D5E
31.0,-6.0,14.0,#484B33
31.0,-4.0,-22.0,#234D6B
31.0,-4.0,-16.0,#2F4C62
31.0,-4.0,-12.0,#354C5B
31.0,-4.0,20.0,#4E4A29
31.0,-4.0,40.0,#534900
31.0,-4.0,46.0,#544900
31.0,-2.0,-16.0,#344B62
31.0,-2.0,-12.0,#3A4B5B
31.0,-2.0,-8.0,#3E4A55
31.0,-2.0,-4.0,#424A4F
31.0,-2.0,4.0,#484A43
31.0,-2.0,8.0,#4B493C
31.0,-2.0,12.0,#4D4936
31.0,-2.0,24.0,#524923
31.0,0.0,-20.0,#334A68
31.0,0.0,-16.0,#394A62
31.0,0.0,-12.0,#3E4A5C
31.0,0.0,-8.0,#424955
31.0,0.0,-4.0,#46494F
31.0,0.0,4.0,#4C4943
31.0,0.0,8.0,#4E483D
31.0,0.0,12.0,#504836
31.0,0.0,32.0,#574814
31.0,0.0,38.0,#584805
31.0,0.0,44.0,#594700
31.0,2.0,-24.0,#304A6E
31.0,2.0,-20.0,#374968
31.0,2.0,-16.0,#3D4962
31.0,2.0,-12.0,#42495C
31.0,2.0,-8.0,#464855
31.0,2.0,-4.0,#49484F
31.0,2.0,4.0,#4F4843
31.0,2.0,8.0,#51473D
31.0,2.0,12.0,#534736
31.0,2.0,24.0,#574723
31.0,2.0,50.0,#5C4600
31.0,4.0,-20.0,#3C4868
31.0,4.0,-16.0,#414862
31.0,4.0,-12.0,#45485C
31.0,4.0,-8.0,#494755
31.0,4.0,-4.0,#4D474F
31.0,4.0,0.0,#4F4749
31.0,4.0,4.0,#524743
31.0,4.0,8.0,#54463D
31.0,4.0,12.0,#564636
31.0,4.0,40.0,#5D4500
31.0,6.0,-20.0,#404768
31.0,6.0,-16.0,#454762
31.0,6.0,-12.0,#49475C
31.0,6.0,-8.0,#4D4655
31.0,6.0,-4.0,#50464F
31.0,6.0,0.0,#524649
31.0,6.0,4.0,#554643
31.0,6.0,8.0,#57453D
31.0,6.0,12.0,#594537
31.0,6.0,24.0,#5D4523
31.0,6.0,46.0,#614400
31.0,8.0,-60.0,#004CA8
31.0,8.0,-16.0,#494662
31.0,8.0,-12.0,#4C465C
31.0,8.0,-8.0,#504555
31.0,8.0,-4.0,#53454F
31.0,8.0,0.0,#554549
31.0,8.0,4.0,#584443
31.0,8.0,8.0,#5A443D
31.0,8.0,12.0,#5B4437
31.0,8.0,16.0,#5D4430
31.0,8.0,40.0,#624301
31.0,8.0,52.0,#644300
31.0,10.0,-74.0,#004DC0
31.0,10.0,-24.0,#43466E
31.0,10.0,-10.0,#514459
31.0,10.0,-6.0,#554452
31.0,10.0,-2.0,#57444C
31.0,10.0,2.0,#594346
31.0,10.0,6.0,#5B4340
31.0,10.0,10.0,#5D433A
31.0,10.0,24.0,#624223
31.0,10.0,46.0,#664200
31.0,12.0,-4.0,#59434F
31.0,12.0,0.0,#5B4249
31.0,12.0,4.0,#5D4243
31.0,12.0,8.0,#5F423D
31.0,12.0,14.0,#614134
31.0,12.0,42.0,#684100
31.0,12.0,52.0,#694000
31.0,14.0,-74.0,#004BC0
31.0,14.0,-2.0,#5D414C
31.0,14.0,2.0,#5F4146
31.0,14.0,12.0,#634037
31.0,14.0,26.0,#674020
31.0,14.0,48.0,#6B3F00
31.0,16.0,0.0,#614049
31.0,16.0,6.0,#643F40
31.0,16.0,10.0,#653F3A
31.0,16.0,16.0,#673F31
31.0,16.0,20.0,#683F2A
31.0,18.0,-48.0,#234495
31.0,18.0,4.0,#653E43
31.0,18.0,14.0,#693D34
31.0,20.0,-80.0,#0049CA
31.0,20.0,-64.0,#0046AF
31.0,20.0,-2.0,#653D4D
31.0,20.0,8.0,#6A3C3D
31.0,20.0,12.0,#6B3C37
31.0,20.0,18.0,#6D3C2E
31.0,20.0,22.0,#6E3C27
31.0,22.0,2.0,#6A3B47
31.0,22.0,6.0,#6B3B40
31.0,22.0,52.0,#753900
31.0,24.0,-52.0,#2B419C
31.0,24.0,-2.0,#6A3A4D
31.0,24.0,10.0,#6F393A
31.0,24.0,14.0,#713934
31.0,24.0,20.0,#72392B
31.0,24.0,24.0,#733824
31.0,28.0,24.0,#783525
31.0,30.0,-44.0,#4D3B8F
31.0,34.0,-44.0,#55378F
31.0,36.0,-72.0,#003CBD
31.0,36.0,24.0,#812D25
31.0,36.0,52.0,#842C00
31.0,38.0,-90.0,#003FDC
31.0,38.0,-16.0,#752E63
31.0,40.0,-56.0,#4D34A2
31.0,40.0,-6.0,#7D2A53
31.0,40.0,-2.0,#7F2A4D
31.0,40.0,52.0,#892600
31.0,42.0,-62.0,#4533AC
31.0,42.0,-14.0,#7C2960
31.0,42.0,46.0,#8A2300
31.0,44.0,-54.0,#592F9F
31.0,44.0,-24.0,#78286F
31.0,44.0,10.0,#87223B
31.0,46.0,-20.0,#7D2469
31.0,46.0,-6.0,#842154
31.0,46.0,52.0,#8F1C00
31.0,48.0,-86.0,#0035D5
31.0,48.0,-16.0,#821F63
31.0,48.0,32.0,#90191A
31.0,50.0,-26.0,#7F1E72
31.0,52.0,0.0,#8D124B
31.0,54.0,-64.0,#5C24B0
31.0,56.0,-100.0,#0031ED
31.0,56.0,-84.0,#252AD1
31.0,56.0,-70.0,#5523BA
31.0,58.0,-42.0,#7E0F8C
31.0,58.0,46.0,#9C0000
31.0,60.0,-94.0,#0028E3
31.0,60.0,28.0,#9C0021
31.0,60.0,34.0,#9D0018
31.0,60.0,40.0,#9D000D
31.0,60.0,52.0,#9E0000
31.0,62.0,-102.0,#002AF1
31.0,66.0,30.0,#A3001F
31.0,66.0,36.0,#A40016
31.0,66.0,52.0,#A50000
31.0,68.0,-84.0,#500DD2
31.0,70.0,-76.0,#6600C4
31.0,70.0,-50.0,#870099
31.0,72.0,32.0,#AA001D
31.0,72.0,38.0,#AA0013
31.0,74.0,-110.0,#0016FF
31.0,74.0,-94.0,#4200E3
31.0,76.0,-56.0,#8A00A3
31.0,78.0,36.0,#B00018
31.0,80.0,-112.0,#0000FF
31.0,80.0,-62.0,#8A00AD
31.0,80.0,8.0,#AF0040
31.0,82.0,-46.0,#9B0093
31.0,82.0,20.0,#B3002F
31.0,84.0,-80.0,#7A00CB
31.0,84.0,-40.0,#A10089
31.0,84.0,-6.0,#B00055
31.0,86.0,-114.0,#0000FF
31.0,86.0,-72.0,#8800BE
31.0,86.0,-52.0,#9C009D
31.0,86.0,-18.0,#AE0067
31.0,90.0,-94.0,#6C00E3
31.0,90.0,-82.0,#8100CF
31.0,92.0,-100.0,#6300EE
31.0,92.0,-88.0,#7C00D9
31.0,92.0,-76.0,#8D00C4
31.0,92.0,-40.0,#AB008A
31.0,92.0,-30.0,#B0007A
31.0,92.0,-6.0,#B90056
31.0,94.0,-52.0,#A6009D
31.0,96.0,-84.0,#8900D2
31.0,98.0,-102.0,#6C00F1
31.0,98.0,-90.0,#8300DC
31.0,98.0,-46.0,#AF0093
31.0,100.0,-96.0,#7D00E7
31.0,104.0,-88.0,#9000D9
31.0,104.0,-42.0,#B8008D
31.0,108.0,-94.0,#8E00E3
31.0,108.0,-50.0,#B9009A
31.0,116.0,-66.0,#B800B4
31.0,124.0,-104.0,#9B00F5
32.0,-112.0,-8.0,#006556
32.0,-74.0,-22.0,#00626D
32.0,-70.0,-16.0,#006163
32.0,-68.0,-24.0,#006170
32.0,-64.0,-18.0,#006066
32.0,-64.0,-14.0,#006060
32.0,-62.0,-22.0,#00606D
32.0,-60.0,6.0,#005E40
32.0,-58.0,-38.0,#006186
32.0,-58.0,-16.0,#005F63
32.0,-58.0,-12.0,#005F5D
32.0,-56.0,-20.0,#005F6A
32.0,-52.0,-28.0,#005F76
32.0,-52.0,-14.0,#005D60
32.0,-50.0,-22.0,#005E6D
32.0,-50.0,-18.0,#005D67
32.0,-48.0,-10.0,#005C5A
32.0,-48.0,-6.0,#005C54
32.0,-46.0,-32.0,#005E7D
32.0,-46.0,-26.0,#005D73
32.0,-44.0,-20.0,#005C6A
32.0,-44.0,-16.0,#005C63
32.0,-44.0,-12.0,#005C5D
32.0,-42.0,-4.0,#005B51
32.0,-40.0,-28.0,#005C77
32.0,-40.0,-22.0,#005B6D
32.0,-40.0,0.0,#005A4A
32.0,-38.0,-16.0,#005A64
32.0,-38.0,-12.0,#005A5D
32.0,-38.0,4.0,#005944
32.0,-36.0,8.0,#00583E
32.0,-34.0,-44.0,#005C90
32.0,-34.0,-20.0,#00596A
32.0,-32.0,-16.0,#005964
32.0,-32.0,-12.0,#00585D
32.0,-32.0,4.0,#005744
32.0,-30.0,-22.0,#00586D
32.0,-30.0,-4.0,#005751
32.0,-30.0,8.0,#00573E
32.0,-28.0,-40.0,#005A8A
32.0,-26.0,-18.0,#005767
32.0,-26.0,-14.0,#005761
32.0,-24.0,-30.0,#00577A
32.0,-24.0,-24.0,#005770
32.0,-22.0,-42.0,#00588D
32.0,-22.0,-36.0,#005784
32.0,-22.0,-18.0,#005667
32.0,-22.0,-14.0,#005561
32.0,-20.0,-30.0,#00567A
32.0,-20.0,-24.0,#005570
32.0,-18.0,-44.0,#005791
32.0,-18.0,-18.0,#005467
32.0,-18.0,-14.0,#005461
32.0,-18.0,8.0,#2F533E
32.0,-16.0,-52.0,#00579E
32.0,-16.0,-30.0,#00557A
32.0,-16.0,4.0,#305245
32.0,-16.0,28.0,#40511D
32.0,-14.0,-46.0,#005694
32.0,-14.0,-38.0,#005587
32.0,-14.0,-20.0,#00536A
32.0,-14.0,-16.0,#095364
32.0,-14.0,-12.0,#1A525E
32.0,-14.0,-8.0,#235257
32.0,-14.0,6.0,#365141
32.0,-12.0,24.0,#455024
32.0,-12.0,30.0,#474F19
32.0,-10.0,-48.0,#005497
32.0,-10.0,-14.0,#245161
32.0,-10.0,-10.0,#2C505B
32.0,-10.0,-6.0,#325054
32.0,-8.0,-8.0,#344F58
32.0,-8.0,22.0,#4B4E28
32.0,-8.0,26.0,#4C4E21
32.0,-6.0,-66.0,#0055B5
32.0,-6.0,-58.0,#0054A8
32.0,-6.0,-50.0,#00539B
32.0,-6.0,-10.0,#364F5B
32.0,-6.0,18.0,#4C4D2F
32.0,-4.0,-38.0,#005187
32.0,-4.0,-30.0,#00507A
32.0,-4.0,-4.0,#414D51
32.0,-4.0,0.0,#444D4B
32.0,-4.0,12.0,#4C4D38
32.0,-4.0,24.0,#514C25
32.0,-2.0,-64.0,#0053B2
32.0,-2.0,-56.0,#0052A4
32.0,-2.0,-48.0,#005197
32.0,0.0,-44.0,#004F91
32.0,0.0,-38.0,#004F87
32.0,2.0,-54.0,#0050A1
32.0,2.0,16.0,#574932
32.0,2.0,20.0,#59492C
32.0,4.0,-50.0,#004E9B
32.0,4.0,-44.0,#004E91
32.0,4.0,16.0,#5A4832
32.0,4.0,20.0,#5B482C
32.0,6.0,-62.0,#004FAF
32.0,6.0,-32.0,#2D4B7E
32.0,6.0,-28.0,#364B77
32.0,6.0,16.0,#5D4732
32.0,6.0,20.0,#5E472C
32.0,6.0,28.0,#60471E
32.0,8.0,-52.0,#004D9E
32.0,8.0,-26.0,#3E4974
32.0,10.0,-38.0,#2A4A87
32.0,10.0,-34.0,#344981
32.0,10.0,-20.0,#4A476B
32.0,10.0,28.0,#65441F
32.0,12.0,-66.0,#004DB5
32.0,12.0,-32.0,#3D487E
32.0,12.0,-18.0,#504668
32.0,12.0,-14.0,#544661
32.0,12.0,18.0,#654430
32.0,14.0,-46.0,#1C4894
32.0,14.0,-40.0,#31488B
32.0,14.0,-30.0,#45467B
32.0,14.0,-26.0,#4A4674
32.0,14.0,-22.0,#4F456E
32.0,14.0,-12.0,#59445E
32.0,14.0,-8.0,#5C4458
32.0,14.0,30.0,#6B421B
32.0,16.0,-38.0,#3C4687
32.0,16.0,-20.0,#55446B
32.0,16.0,-16.0,#584365
32.0,16.0,-6.0,#604255
32.0,18.0,-72.0,#004BBF
32.0,18.0,-52.0,#10479E
32.0,18.0,-36.0,#444484
32.0,18.0,-14.0,#5D4261
32.0,18.0,-10.0,#60415B
32.0,18.0,24.0,#6F3F26
32.0,20.0,-44.0,#394491
32.0,22.0,-72.0,#0048BF
32.0,22.0,-60.0,#0046AB
32.0,24.0,-70.0,#0047BC
32.0,24.0,-58.0,#1044A8
32.0,24.0,-22.0,#603E6E
32.0,26.0,-48.0,#404198
32.0,26.0,30.0,#79391D
32.0,28.0,-58.0,#2841A8
32.0,28.0,-46.0,#483F94
32.0,28.0,-26.0,#623C74
32.0,28.0,-22.0,#663B6E
32.0,28.0,40.0,#7D3708
32.0,30.0,-64.0,#0D41B2
32.0,30.0,-56.0,#363FA5
32.0,32.0,-54.0,#413DA2
32.0,32.0,-12.0,#72365F
32.0,34.0,-64.0,#283EB2
32.0,34.0,-50.0,#4E3B9B
32.0,34.0,-30.0,#68377B
32.0,34.0,-6.0,#783456
32.0,36.0,-60.0,#3D3BAC
32.0,38.0,-78.0,#003ECA
32.0,38.0,-50.0,#57379B
32.0,38.0,-36.0,#683485
32.0,38.0,34.0,#882C17
32.0,40.0,-68.0,#3039B9
32.0,40.0,-46.0,#603495
32.0,42.0,-78.0,#003ACA
32.0,42.0,-42.0,#68318E
32.0,42.0,6.0,#862944
32.0,44.0,-74.0,#2537C3
32.0,44.0,-38.0,#702D88
32.0,44.0,40.0,#8F230B
32.0,46.0,-70.0,#3E34BC
32.0,46.0,-50.0,#652E9B
32.0,48.0,-80.0,#1335CD
32.0,48.0,-46.0,#6D2A95
32.0,48.0,-30.0,#7C267B
32.0,50.0,-76.0,#3631C7
32.0,50.0,-56.0,#642AA5
32.0,50.0,-12.0,#891E5F
32.0,52.0,-72.0,#492DC0
32.0,52.0,-52.0,#6D259F
32.0,52.0,-22.0,#871C6F
32.0,52.0,10.0,#93143E
32.0,52.0,50.0,#991000
32.0,54.0,-48.0,#752098
32.0,54.0,-34.0,#811B82
32.0,54.0,-18.0,#8B1669
32.0,56.0,-58.0,#6C20A9
32.0,58.0,-76.0,#4F25C7
32.0,58.0,-54.0,#741AA2
32.0,58.0,-14.0,#920363
32.0,58.0,14.0,#9B0038
32.0,60.0,-50.0,#7C129C
32.0,60.0,0.0,#9A004D
32.0,62.0,-90.0,#2725DF
32.0,62.0,-68.0,#6818B9
32.0,62.0,-62.0,#7114AF
32.0,62.0,-20.0,#94006C
32.0,64.0,-78.0,#5919CA
32.0,64.0,-58.0,#7907A9
32.0,64.0,16.0,#A20036
32.0,66.0,-16.0,#9B0066
32.0,66.0,-10.0,#9D005D
32.0,68.0,-100.0,#0020F0
32.0,68.0,-68.0,#7300B9
32.0,68.0,-42.0,#8E008F
32.0,68.0,-26.0,#980075
32.0,68.0,42.0,#A9000D
32.0,70.0,-62.0,#7E00AF
32.0,70.0,-36.0,#950085
32.0,70.0,-2.0,#A40051
32.0,70.0,14.0,#A80039
32.0,70.0,26.0,#AA0028
32.0,72.0,-14.0,#A30063
32.0,72.0,-8.0,#A5005A
32.0,74.0,-44.0,#950092
32.0,74.0,-32.0,#9C007F
32.0,74.0,-24.0,#A10073
32.0,74.0,44.0,#B0000A
32.0,76.0,-38.0,#9B0089
32.0,76.0,12.0,#AE003D
32.0,76.0,24.0,#B0002B
32.0,78.0,-18.0,#A80069
32.0,78.0,-4.0,#AD0054
32.0,78.0,30.0,#B30023
32.0,80.0,-30.0,#A5007C
32.0,80.0,-12.0,#AC0060
32.0,80.0,42.0,#B60010
32.0,80.0,48.0,#B60003
32.0,82.0,14.0,#B5003A
32.0,84.0,34.0,#BA001E
32.0,88.0,-12.0,#B60061
32.0,88.0,6.0,#BA0046
32.0,88.0,12.0,#BB003D
32.0,88.0,18.0,#BC0035
32.0,88.0,24.0,#BD002C
32.0,94.0,-64.0,#9F00B3
32.0,94.0,-18.0,#BA006A
32.0,94.0,0.0,#BF004F
32.0,96.0,-12.0,#BF0061
32.0,98.0,-36.0,#B70086
32.0,102.0,-64.0,#AA00B3
32.0,102.0,-18.0,#C3006A
32.0,104.0,-112.0,#6500FF
32.0,104.0,-30.0,#C1007D
32.0,106.0,-106.0,#7900FB
32.0,106.0,-36.0,#C10086
32.0,108.0,-100.0,#8800F1
32.0,110.0,-56.0,#BA00A6
32.0,110.0,-44.0,#C20093
32.0,114.0,-110.0,#8100FF
32.0,116.0,-80.0,#AF00CE
32.0,118.0,-92.0,#A500E3
32.0,118.0,-74.0,#B700C4
32.0,124.0,-98.0,#A600ED
32.0,124.0,-86.0,#B400D9
33.0,-128.0,8.0,#00693F
33.0,-128.0,16.0,#006931
33.0,-128.0,24.0,#006823
33.0,-128.0,32.0,#006811
33.0,-122.0,4.0,#006845
33.0,-122.0,34.0,#00680B
33.0,-120.0,10.0,#00683B
33.0,-120.0,16.0,#006831
33.0,-120.0,24.0,#006823
33.0,-116.0,0.0,#00684C
33.0,-116.0,30.0,#006716
33.0,-112.0,6.0,#006742
33.0,-112.0,12.0,#006738
33.0,-112.0,18.0,#00672E
33.0,-112.0,24.0,#006723
33.0,-110.0,42.0,#006600
33.0,-106.0,2.0,#006749
33.0,-104.0,8.0,#00673F
33.0,-104.0,14.0,#006735
33.0,-104.0,20.0,#00662B
33.0,-104.0,26.0,#00661F
33.0,-104.0,46.0,#006600
33.0,-102.0,-8.0,#006759
33.0,-100.0,-2.0,#00674F
33.0,-98.0,4.0,#006645
33.0,-96.0,-12.0,#00675F
33.0,-96.0,10.0,#00663C
33.0,-96.0,16.0,#006632
33.0,-96.0,22.0,#006627
33.0,-94.0,-6.0,#006655
33.0,-94.0,48.0,#006500
33.0,-92.0,0.0,#00664C
33.0,-90.0,-10.0,#00665C
33.0,-88.0,-16.0,#006665
33.0,-88.0,6.0,#006542
33.0,-88.0,12.0,#006538
33.0,-88.0,18.0,#00652E
33.0,-84.0,-4.0,#006552
33.0,-82.0,-20.0,#00666C
33.0,-82.0,-10.0,#00655C
33.0,-82.0,2.0,#006449
33.0,-82.0,48.0,#006300
33.0,-80.0,8.0,#00643F
33.0,-80.0,14.0,#006435
33.0,-76.0,-16.0,#006566
33.0,-76.0,-4.0,#006452
33.0,-76.0,18.0,#00632F
33.0,-74.0,-10.0,#00645C
33.0,-74.0,2.0,#006349
33.0,-74.0,48.0,#006200
33.0,-72.0,8.0,#00633F
33.0,-72.0,22.0,#006228
33.0,-72.0,28.0,#00621C
33.0,-70.0,-6.0,#006356
33.0,-68.0,-2.0,#00624F
33.0,-68.0,12.0,#006239
33.0,-68.0,50.0,#006100
33.0,-66.0,-10.0,#00635C
33.0,-66.0,2.0,#006249
33.0,-66.0,16.0,#006132
33.0,-66.0,24.0,#006124
33.0,-66.0,30.0,#006118
33.0,-64.0,-30.0,#00647C
33.0,-62.0,-6.0,#006256
33.0,-62.0,10.0,#00613C
33.0,-60.0,-34.0,#006383
33.0,-60.0,-2.0,#00614F
33.0,-60.0,14.0,#006036
33.0,-60.0,20.0,#00602B
33.0,-60.0,26.0,#006021
33.0,-60.0,48.0,#006000
33.0,-58.0,-28.0,#006279
33.0,-58.0,32.0,#006014
33.0,-54.0,-6.0,#006056
33.0,-54.0,10.0,#005F3C
33.0,-54.0,16.0,#005F32
33.0,-54.0,50.0,#005E00
33.0,-52.0,-2.0,#005F50
33.0,-52.0,34.0,#005E0F
33.0,-50.0,-40.0,#00628C
33.0,-50.0,2.0,#005F49
33.0,-48.0,6.0,#005E43
33.0,-48.0,12.0,#005E39
33.0,-48.0,50.0,#005D00
33.0,-44.0,-38.0,#006089
33.0,-42.0,8.0,#005C40
33.0,-42.0,12.0,#005C39
33.0,-42.0,16.0,#005C33
33.0,-42.0,48.0,#015C00
33.0,-38.0,50.0,#195A00
33.0,-36.0,34.0,#165A11
33.0,-34.0,-6.0,#005B56
33.0,-34.0,18.0,#045A30
33.0,-34.0,52.0,#265900
33.0,-32.0,-38.0,#005D89
33.0,-30.0,-26.0,#005B76
33.0,-28.0,-52.0,#005DA0
33.0,-28.0,50.0,#335700
33.0,-26.0,0.0,#00584D
33.0,-26.0,4.0,#105847
33.0,-24.0,-56.0,#005DA7
33.0,-24.0,8.0,#215740
33.0,-24.0,30.0,#34561B
33.0,-24.0,52.0,#3B5600
33.0,-22.0,-50.0,#005B9D
33.0,-22.0,34.0,#3A5612
33.0,-20.0,-8.0,#09575A
33.0,-20.0,52.0,#425500
33.0,-18.0,-60.0,#005BAE
33.0,-18.0,-36.0,#005886
33.0,-18.0,-10.0,#0F565D
33.0,-18.0,-4.0,#215653
33.0,-18.0,0.0,#28554D
33.0,-18.0,14.0,#375537
33.0,-18.0,18.0,#3A5530
33.0,-16.0,-6.0,#235557
33.0,-16.0,10.0,#38543D
33.0,-16.0,22.0,#40542A
33.0,-16.0,32.0,#445317
33.0,-16.0,52.0,#495300
33.0,-14.0,-58.0,#005AAA
33.0,-14.0,12.0,#3D533A
33.0,-14.0,16.0,#405334
33.0,-14.0,36.0,#48530E
33.0,-12.0,18.0,#455231
33.0,-12.0,40.0,#4C5202
33.0,-12.0,54.0,#4F5100
33.0,-10.0,-64.0,#0059B4
33.0,-10.0,-56.0,#0058A7
33.0,-10.0,-40.0,#00568D
33.0,-10.0,14.0,#465237
33.0,-10.0,34.0,#4E5113
33.0,-8.0,-22.0,#185370
33.0,-8.0,-18.0,#24536A
33.0,-8.0,-2.0,#3D5150
33.0,-8.0,16.0,#4A5134
33.0,-8.0,52.0,#545000
33.0,-6.0,-6.0,#3D5157
33.0,-6.0,-2.0,#415151
33.0,-6.0,2.0,#45504A
33.0,-6.0,6.0,#485044
33.0,-6.0,10.0,#4A503E
33.0,-6.0,28.0,#524F20
33.0,-4.0,-8.0,#3F505A
33.0,-4.0,4.0,#4A4F47
33.0,-4.0,8.0,#4C4F41
33.0,-4.0,16.0,#514F34
33.0,-4.0,32.0,#564E18
33.0,-4.0,52.0,#5A4E00
33.0,-2.0,-26.0,#255176
33.0,-2.0,-20.0,#32506D
33.0,-2.0,0.0,#4A4F4E
33.0,-2.0,16.0,#544E34
33.0,-2.0,20.0,#554E2E
33.0,0.0,-24.0,#304F73
33.0,0.0,0.0,#4E4E4E
33.0,0.0,16.0,#574D34
33.0,0.0,20.0,#584D2E
33.0,0.0,24.0,#5A4C27
33.0,0.0,50.0,#5F4C00
33.0,2.0,-32.0,#224F80
33.0,2.0,0.0,#514D4E
33.0,4.0,24.0,#5F4A27
33.0,4.0,30.0,#614A1D
33.0,4.0,36.0,#624A10
33.0,4.0,48.0,#644A00
33.0,6.0,-68.0,#0053BB
33.0,6.0,-40.0,#114E8D
33.0,6.0,54.0,#674900
33.0,8.0,24.0,#644828
33.0,8.0,32.0,#664819
33.0,8.0,44.0,#684800
33.0,10.0,-50.0,#004E9D
33.0,10.0,20.0,#66472E
33.0,10.0,56.0,#6C4600
33.0,12.0,-48.0,#014C9A
33.0,12.0,24.0,#6A4628
33.0,12.0,34.0,#6C4516
33.0,12.0,46.0,#6D4500
33.0,14.0,-62.0,#004DB1
33.0,14.0,-56.0,#004CA7
33.0,14.0,22.0,#6C442B
33.0,16.0,-54.0,#004BA4
33.0,16.0,28.0,#704321
33.0,16.0,36.0,#714312
33.0,16.0,42.0,#724302
33.0,16.0,48.0,#734200
33.0,16.0,54.0,#734200
33.0,18.0,-30.0,#4F467D
33.0,18.0,-26.0,#544577
33.0,18.0,34.0,#734116
33.0,20.0,-24.0,#5A4474
33.0,20.0,-20.0,#5E436D
33.0,20.0,30.0,#75401E
33.0,20.0,40.0,#764008
33.0,20.0,46.0,#774000
33.0,20.0,52.0,#783F00
33.0,22.0,-52.0,#2B47A1
33.0,22.0,-42.0,#454591
33.0,22.0,-38.0,#4C448A
33.0,22.0,-30.0,#57437D
33.0,22.0,-18.0,#63426A
33.0,22.0,-14.0,#664164
33.0,22.0,-10.0,#68415E
33.0,22.0,-6.0,#6B4158
33.0,22.0,16.0,#743F35
33.0,22.0,28.0,#773F22
33.0,22.0,36.0,#783E13
33.0,24.0,-36.0,#534387
33.0,24.0,-28.0,#5C417A
33.0,24.0,34.0,#7A3D17
33.0,24.0,42.0,#7B3D04
33.0,24.0,48.0,#7C3C00
33.0,26.0,-82.0,#004AD3
33.0,26.0,-18.0,#693F6A
33.0,26.0,-14.0,#6B3E64
33.0,26.0,-10.0,#6E3E5E
33.0,26.0,-6.0,#703D58
33.0,26.0,2.0,#743D4B
33.0,26.0,6.0,#763C45
33.0,26.0,18.0,#7A3C33
33.0,28.0,-76.0,#0047C9
33.0,28.0,-36.0,#5A3F87
33.0,28.0,-32.0,#5F3F81
33.0,28.0,10.0,#7A3A3F
33.0,28.0,14.0,#7B3A39
33.0,28.0,28.0,#7E3922
33.0,28.0,48.0,#813900
33.0,28.0,54.0,#813900
33.0,30.0,-82.0,#0048D3
33.0,30.0,-72.0,#0045C2
33.0,30.0,-8.0,#743A5B
33.0,30.0,-4.0,#773A55
33.0,30.0,0.0,#78394F
33.0,30.0,4.0,#7A3948
33.0,30.0,18.0,#7E3833
33.0,30.0,22.0,#7F382C
33.0,30.0,36.0,#823714
33.0,32.0,-22.0,#6E3A71
33.0,32.0,-18.0,#71396B
33.0,32.0,8.0,#7E3742
33.0,32.0,28.0,#833623
33.0,32.0,46.0,#853500
33.0,32.0,54.0,#863500
33.0,34.0,-82.0,#0045D3
33.0,34.0,-38.0,#623B8A
33.0,34.0,-2.0,#7D3652
33.0,34.0,2.0,#7E354C
33.0,34.0,12.0,#82343C
33.0,34.0,16.0,#833436
33.0,34.0,34.0,#863318
33.0,34.0,42.0,#873306
33.0,36.0,-26.0,#713777
33.0,36.0,6.0,#823346
33.0,36.0,20.0,#863230
33.0,36.0,28.0,#873123
33.0,38.0,-58.0,#4A3BAB
33.0,38.0,-22.0,#773471
33.0,38.0,10.0,#863040
33.0,38.0,40.0,#8B2E0C
33.0,38.0,48.0,#8C2E00
33.0,40.0,-84.0,#0040D7
33.0,40.0,14.0,#892D3A
33.0,40.0,18.0,#8A2D33
33.0,42.0,-30.0,#76317E
33.0,42.0,-10.0,#832D5E
33.0,42.0,22.0,#8D2A2D
33.0,42.0,26.0,#8E2A27
33.0,42.0,30.0,#8F2A20
33.0,44.0,-90.0,#003FE1
33.0,44.0,-84.0,#003DD7
33.0,44.0,-60.0,#5435AE
33.0,44.0,36.0,#922616
33.0,46.0,-2.0,#8B2652
33.0,46.0,2.0,#8D264C
33.0,46.0,16.0,#912437
33.0,46.0,20.0,#912431
33.0,48.0,-90.0,#003BE1
33.0,48.0,6.0,#902246
33.0,48.0,26.0,#952028
33.0,50.0,-64.0,#5A2FB5
33.0,50.0,14.0,#951D3A
33.0,50.0,40.0,#991A0F
33.0,52.0,-38.0,#7E248B
33.0,52.0,-8.0,#901C5C
33.0,52.0,18.0,#981734
33.0,52.0,22.0,#99172E
33.0,54.0,-94.0,#0035E8
33.0,54.0,-88.0,#0033DE
33.0,54.0,4.0,#971449
33.0,54.0,28.0,#9C0F25
33.0,54.0,32.0,#9C0F1E
33.0,54.0,36.0,#9D0E18
33.0,54.0,46.0,#9E0E02
33.0,56.0,-30.0,#8A187E
33.0,56.0,-4.0,#960F56
33.0,56.0,42.0,#9F040C
33.0,58.0,8.0,#9C0044
33.0,58.0,20.0,#9F0032
33.0,58.0,24.0,#A0002C
33.0,60.0,-36.0,#8B0E88
33.0,60.0,-26.0,#910778
33.0,62.0,-6.0,#9D0059
33.0,64.0,-86.0,#4622DB
33.0,64.0,-32.0,#930081
33.0,64.0,4.0,#A2004A
33.0,64.0,10.0,#A40041
33.0,64.0,22.0,#A6002F
33.0,66.0,48.0,#AB0001
33.0,68.0,-92.0,#3E1DE5
33.0,72.0,-82.0,#6500D4
33.0,72.0,6.0,#AC0047
33.0,74.0,52.0,#B40000
33.0,76.0,-100.0,#3A08F3
33.0,76.0,-78.0,#7500CD
33.0,76.0,-50.0,#96009F
33.0,78.0,-90.0,#6100E2
33.0,78.0,2.0,#B1004E
33.0,80.0,-96.0,#5600EC
33.0,80.0,-74.0,#8200C6
33.0,80.0,-66.0,#8C00B9
33.0,82.0,-102.0,#4800F7
33.0,82.0,-86.0,#7200DB
33.0,84.0,-92.0,#6A00E5
33.0,86.0,-98.0,#6100F0
33.0,86.0,-36.0,#AC0088
33.0,86.0,-24.0,#B20075
33.0,88.0,-104.0,#5500FA
33.0,88.0,-66.0,#9800B9
33.0,88.0,-58.0,#9F00AC
33.0,90.0,-44.0,#AC0095
33.0,94.0,-106.0,#6000FE
33.0,94.0,-24.0,#BB0076
33.0,96.0,-70.0,#9F00C0
33.0,100.0,-78.0,#9D00CE
33.0,100.0,-58.0,#AF00AC
33.0,102.0,-52.0,#B600A2
33.0,102.0,-24.0,#C40076
33.0,108.0,-82.0,#A400D5
33.0,108.0,-74.0,#AD00C7
33.0,108.0,-62.0,#B700B3
33.0,110.0,-68.0,#B500BD
34.0,-78.0,-28.0,#00687B
34.0,-72.0,-32.0,#006882
34.0,-66.0,6.0,#006445
34.0,-50.0,20.0,#00612E
34.0,-48.0,-44.0,#006496
34.0,-44.0,24.0,#005F27
34.0,-42.0,-48.0,#00639C
34.0,-42.0,-42.0,#006392
34.0,-42.0,-6.0,#006058
34.0,-40.0,26.0,#005E24
34.0,-38.0,-10.0,#005F5F
34.0,-36.0,-50.0,#0062A0
34.0,-36.0,-36.0,#006089
34.0,-36.0,-30.0,#00607F
34.0,-36.0,-24.0,#005F75
34.0,-36.0,-2.0,#005E52
34.0,-36.0,6.0,#005D45
34.0,-36.0,28.0,#125D20
34.0,-34.0,2.0,#005D4C
34.0,-34.0,10.0,#005D3F
34.0,-32.0,14.0,#0C5C39
34.0,-30.0,-18.0,#005D6C
34.0,-30.0,0.0,#005C4F
34.0,-30.0,22.0,#225B2B
34.0,-30.0,34.0,#2B5B14
34.0,-28.0,16.0,#225B36
34.0,-28.0,26.0,#2B5A24
34.0,-26.0,-42.0,#005E93
34.0,-26.0,-10.0,#005B5F
34.0,-26.0,-6.0,#005B59
34.0,-26.0,12.0,#235A3C
34.0,-26.0,36.0,#35590F
34.0,-24.0,18.0,#2F5932
34.0,-24.0,22.0,#32592C
34.0,-22.0,-6.0,#075A59
34.0,-22.0,-2.0,#185953
34.0,-22.0,2.0,#21594C
34.0,-22.0,10.0,#2C593F
34.0,-22.0,14.0,#305939
34.0,-20.0,6.0,#2D5846
34.0,-20.0,22.0,#3B582C
34.0,-20.0,42.0,#425700
34.0,-18.0,-26.0,#005A79
34.0,-18.0,26.0,#405725
34.0,-16.0,-20.0,#00586F
34.0,-16.0,-16.0,#005869
34.0,-16.0,-12.0,#175862
34.0,-16.0,42.0,#495600
34.0,-14.0,-64.0,#005DB7
34.0,-14.0,-28.0,#00587C
34.0,-14.0,-4.0,#2F5656
34.0,-14.0,0.0,#355650
34.0,-14.0,24.0,#475529
34.0,-14.0,46.0,#4D5500
34.0,-12.0,-34.0,#005886
34.0,-12.0,-22.0,#005772
34.0,-12.0,-18.0,#16576C
34.0,-12.0,-14.0,#225666
34.0,-12.0,-10.0,#2B565F
34.0,-12.0,-2.0,#375653
34.0,-12.0,2.0,#3B554C
34.0,-10.0,-28.0,#00577C
34.0,-10.0,0.0,#3D5550
34.0,-10.0,4.0,#415449
34.0,-10.0,8.0,#445443
34.0,-10.0,22.0,#4C542C
34.0,-10.0,26.0,#4E5325
34.0,-10.0,44.0,#535300
34.0,-8.0,-36.0,#005789
34.0,-8.0,-14.0,#2F5566
34.0,-8.0,-10.0,#36545F
34.0,-8.0,2.0,#43544D
34.0,-8.0,6.0,#465346
34.0,-8.0,10.0,#495340
34.0,-6.0,-32.0,#005583
34.0,-6.0,-20.0,#29546F
34.0,-6.0,-12.0,#385463
34.0,-6.0,24.0,#535229
34.0,-6.0,38.0,#57510C
34.0,-4.0,-48.0,#00569D
34.0,-4.0,-22.0,#2B5473
34.0,-4.0,-16.0,#375369
34.0,-4.0,-12.0,#3C5363
34.0,-4.0,42.0,#5B5000
34.0,-2.0,-16.0,#3B5269
34.0,-2.0,-12.0,#415263
34.0,-2.0,-8.0,#45515C
34.0,-2.0,-4.0,#495156
34.0,-2.0,4.0,#4F514A
34.0,-2.0,8.0,#525043
34.0,-2.0,12.0,#54503D
34.0,-2.0,28.0,#5A5022
34.0,-2.0,36.0,#5C5012
34.0,-2.0,46.0,#5E4F00
34.0,0.0,-54.0,#0056A7
34.0,0.0,-34.0,#115386
34.0,0.0,-20.0,#3A516F
34.0,0.0,-16.0,#405169
34.0,0.0,-12.0,#455163
34.0,0.0,-8.0,#49505C
34.0,0.0,-4.0,#4D5056
34.0,0.0,4.0,#53504A
34.0,0.0,8.0,#554F43
34.0,0.0,12.0,#574F3D
34.0,0.0,32.0,#5E4F1B
34.0,0.0,40.0,#604E07
34.0,2.0,-72.0,#0058C5
34.0,2.0,-20.0,#3F506F
34.0,2.0,-16.0,#445069
34.0,2.0,-12.0,#495063
34.0,2.0,-8.0,#4D4F5D
34.0,2.0,-4.0,#504F56
34.0,2.0,4.0,#564F4A
34.0,2.0,8.0,#584E43
34.0,2.0,12.0,#5A4E3D
34.0,2.0,26.0,#5F4E26
34.0,4.0,-20.0,#434F70
34.0,4.0,-16.0,#484F69
34.0,4.0,-12.0,#4D4F63
34.0,4.0,-8.0,#504E5D
34.0,4.0,-4.0,#544E56
34.0,4.0,0.0,#564E50
34.0,4.0,4.0,#594E4A
34.0,4.0,8.0,#5B4D44
34.0,4.0,12.0,#5D4D3D
34.0,4.0,42.0,#664C02
34.0,6.0,-20.0,#474E70
34.0,6.0,-16.0,#4C4E69
34.0,6.0,-12.0,#504E63
34.0,6.0,-8.0,#544D5D
34.0,6.0,-4.0,#574D56
34.0,6.0,0.0,#5A4D50
34.0,6.0,4.0,#5C4D4A
34.0,6.0,8.0,#5E4C44
34.0,6.0,12.0,#604C3D
34.0,6.0,34.0,#674B17
34.0,8.0,-60.0,#0053B1
34.0,8.0,-28.0,#404E7C
34.0,8.0,-24.0,#464E76
34.0,8.0,-16.0,#504D69
34.0,8.0,-12.0,#544D63
34.0,8.0,-8.0,#574C5D
34.0,8.0,-4.0,#5A4C56
34.0,8.0,0.0,#5D4C50
34.0,8.0,4.0,#5F4B4A
34.0,8.0,8.0,#614B44
34.0,8.0,12.0,#634B3D
34.0,8.0,16.0,#644B37
34.0,10.0,-22.0,#4D4C73
34.0,10.0,-10.0,#594B60
34.0,10.0,-6.0,#5C4B5A
34.0,10.0,-2.0,#5E4B53
34.0,10.0,2.0,#614A4D
34.0,10.0,6.0,#634A47
34.0,10.0,10.0,#654A41
34.0,12.0,-76.0,#0054CC
34.0,12.0,-30.0,#464C80
34.0,12.0,-26.0,#4B4C79
34.0,12.0,-20.0,#534B70
34.0,12.0,-16.0,#574B69
34.0,12.0,-4.0,#604A57
34.0,12.0,0.0,#634950
34.0,12.0,4.0,#65494A
34.0,12.0,8.0,#674944
34.0,12.0,14.0,#69483A
34.0,12.0,40.0,#6F4809
34.0,14.0,-24.0,#524A76
34.0,14.0,-14.0,#5C4966
34.0,14.0,-10.0,#5F4960
34.0,14.0,-2.0,#644853
34.0,14.0,2.0,#67484D
34.0,14.0,12.0,#6B473E
34.0,16.0,-76.0,#0051CC
34.0,16.0,-44.0,#334B96
34.0,16.0,-22.0,#584973
34.0,16.0,-18.0,#5C486D
34.0,16.0,-8.0,#63475D
34.0,16.0,0.0,#684750
34.0,16.0,6.0,#6B4647
34.0,16.0,10.0,#6D4641
34.0,16.0,16.0,#6F4637
34.0,16.0,20.0,#704631
34.0,18.0,-16.0,#604769
34.0,18.0,-12.0,#644663
34.0,18.0,-6.0,#68465A
34.0,18.0,4.0,#6D454A
34.0,18.0,14.0,#71443B
34.0,20.0,-82.0,#0050D6
34.0,20.0,-2.0,#6D4454
34.0,20.0,8.0,#714344
34.0,20.0,12.0,#73433E
34.0,20.0,18.0,#754334
34.0,20.0,22.0,#76432E
34.0,22.0,-48.0,#3B489D
34.0,22.0,2.0,#71424E
34.0,22.0,6.0,#734247
34.0,22.0,58.0,#7D4000
34.0,24.0,-2.0,#724154
34.0,24.0,10.0,#774041
34.0,24.0,14.0,#79403B
34.0,24.0,20.0,#7A4031
34.0,24.0,24.0,#7B3F2B
34.0,28.0,-42.0,#544393
34.0,28.0,24.0,#803C2B
34.0,32.0,-88.0,#004AE1
34.0,32.0,-42.0,#5C3F93
34.0,34.0,-70.0,#0344C2
34.0,34.0,-34.0,#693C86
34.0,36.0,-88.0,#0047E1
34.0,36.0,-12.0,#7D3764
34.0,36.0,-8.0,#7F375E
34.0,36.0,24.0,#8A342C
34.0,38.0,-18.0,#7C366D
34.0,40.0,-34.0,#733687
34.0,40.0,-4.0,#863257
34.0,40.0,0.0,#883151
34.0,40.0,4.0,#89314B
34.0,40.0,54.0,#922E00
34.0,42.0,-16.0,#83316A
34.0,44.0,-52.0,#6436A4
34.0,44.0,-46.0,#6C349A
34.0,44.0,-26.0,#7F307A
34.0,44.0,12.0,#902B3F
34.0,44.0,52.0,#962800
34.0,46.0,-42.0,#743194
34.0,46.0,-36.0,#7A2F8A
34.0,46.0,-22.0,#842C74
34.0,46.0,-6.0,#8D2A5B
34.0,46.0,46.0,#982502
34.0,46.0,58.0,#992500
34.0,48.0,-18.0,#89296D
34.0,48.0,30.0,#982223
34.0,48.0,34.0,#99221C
34.0,50.0,-28.0,#86277D
34.0,50.0,52.0,#9D1D00
34.0,52.0,0.0,#961E52
34.0,52.0,58.0,#9F1800
34.0,54.0,-82.0,#3633D7
34.0,56.0,-78.0,#4B2ED0
34.0,56.0,-64.0,#6929B8
34.0,56.0,52.0,#A30A00
34.0,58.0,-42.0,#861C94
34.0,58.0,-10.0,#990E61
34.0,58.0,58.0,#A60000
34.0,60.0,-94.0,#0030EB
34.0,60.0,-70.0,#6624C2
34.0,60.0,30.0,#A60024
34.0,60.0,36.0,#A6001B
34.0,62.0,42.0,#A90010
34.0,62.0,54.0,#AA0000
34.0,64.0,-46.0,#8B089A
34.0,66.0,-102.0,#002AFA
34.0,66.0,28.0,#AC0028
34.0,66.0,34.0,#AD001F
34.0,68.0,-52.0,#8B00A4
34.0,68.0,-20.0,#A10071
34.0,68.0,54.0,#B00000
34.0,72.0,-88.0,#5B0FE1
34.0,72.0,30.0,#B30026
34.0,72.0,36.0,#B4001C
34.0,74.0,-94.0,#4F0EEC
34.0,74.0,-68.0,#8300BF
34.0,74.0,-62.0,#8A00B5
34.0,74.0,-56.0,#9000AB
34.0,74.0,20.0,#B40035
34.0,74.0,58.0,#B70000
34.0,78.0,-106.0,#250DFF
34.0,78.0,38.0,#BA001A
34.0,78.0,44.0,#BB0010
34.0,80.0,-60.0,#9500B2
34.0,80.0,-26.0,#AD007B
34.0,80.0,8.0,#B80047
34.0,82.0,-46.0,#A4009B
34.0,82.0,20.0,#BD0036
34.0,82.0,28.0,#BE002A
34.0,84.0,-108.0,#3A00FF
34.0,84.0,-16.0,#B6006C
34.0,86.0,-72.0,#9100C6
34.0,86.0,2.0,#BD0050
34.0,88.0,-50.0,#A900A2
34.0,90.0,-110.0,#4900FF
34.0,90.0,-94.0,#7600EC
34.0,90.0,-82.0,#8B00D7
34.0,90.0,-4.0,#C0005A
34.0,92.0,-100.0,#6E00F6
34.0,92.0,-88.0,#8500E1
34.0,92.0,-76.0,#9600CD
34.0,92.0,-38.0,#B5008E
34.0,92.0,-30.0,#B90082
34.0,96.0,-84.0,#9200DB
34.0,96.0,-50.0,#B300A2
34.0,96.0,-6.0,#C7005D
34.0,98.0,-102.0,#7700FA
34.0,98.0,-90.0,#8D00E5
34.0,98.0,-44.0,#B90098
34.0,100.0,-96.0,#8700F0
34.0,104.0,-88.0,#9A00E2
34.0,104.0,-42.0,#C20095
34.0,108.0,-50.0,#C200A2
34.0,112.0,-94.0,#9F00EC
34.0,116.0,-106.0,#9300FF
34.0,116.0,-66.0,#C100BD
34.0,120.0,-100.0,#A400F7
35.0,-128.0,0.0,#006F50
35.0,-128.0,12.0,#006E3D
35.0,-126.0,20.0,#006E2F
35.0,-120.0,-4.0,#006E57
35.0,-114.0,-8.0,#006E5D
35.0,-112.0,34.0,#006C11
35.0,-106.0,-12.0,#006D64
35.0,-106.0,32.0,#006C17
35.0,-102.0,38.0,#006B04
35.0,-100.0,-16.0,#006D6A
35.0,-98.0,32.0,#006B17
35.0,-96.0,40.0,#006B00
35.0,-94.0,-20.0,#006D71
35.0,-92.0,-14.0,#006C67
35.0,-92.0,26.0,#006A24
35.0,-92.0,34.0,#006A12
35.0,-90.0,42.0,#006A00
35.0,-90.0,50.0,#006A00
35.0,-88.0,-2.0,#006B54
35.0,-86.0,-24.0,#006C77
35.0,-86.0,28.0,#006A20
35.0,-84.0,34.0,#006913
35.0,-84.0,40.0,#006900
35.0,-80.0,22.0,#00692C
35.0,-80.0,54.0,#006800
35.0,-78.0,-22.0,#006B74
35.0,-78.0,-12.0,#006A64
35.0,-78.0,28.0,#006821
35.0,-78.0,38.0,#006806
35.0,-74.0,32.0,#006818
35.0,-74.0,52.0,#006700
35.0,-72.0,-24.0,#006A77
35.0,-72.0,-18.0,#00696E
35.0,-72.0,40.0,#006700
35.0,-70.0,-12.0,#006964
35.0,-68.0,54.0,#006600
35.0,-66.0,-22.0,#006974
35.0,-66.0,-16.0,#00686B
35.0,-66.0,36.0,#00660E
35.0,-64.0,42.0,#006600
35.0,-62.0,-38.0,#00698E
35.0,-62.0,-32.0,#006984
35.0,-62.0,-26.0,#00687B
35.0,-62.0,0.0,#006751
35.0,-60.0,-20.0,#006771
35.0,-60.0,-14.0,#006767
35.0,-60.0,4.0,#00664B
35.0,-60.0,52.0,#006500
35.0,-58.0,8.0,#006544
35.0,-58.0,38.0,#006508
35.0,-58.0,44.0,#006400
35.0,-56.0,-40.0,#006892
35.0,-56.0,-34.0,#006888
35.0,-56.0,-10.0,#006661
35.0,-56.0,-4.0,#006557
35.0,-56.0,22.0,#00642D
35.0,-56.0,56.0,#006400
35.0,-54.0,-22.0,#006674
35.0,-54.0,-18.0,#00666E
35.0,-54.0,0.0,#006551
35.0,-54.0,26.0,#006425
35.0,-52.0,4.0,#00644B
35.0,-52.0,30.0,#00631E
35.0,-52.0,42.0,#006300
35.0,-50.0,-32.0,#006685
35.0,-50.0,-26.0,#00667B
35.0,-50.0,-14.0,#006568
35.0,-50.0,-8.0,#00645E
35.0,-50.0,8.0,#006444
35.0,-48.0,-20.0,#006571
35.0,-48.0,-4.0,#006458
35.0,-48.0,46.0,#006200
35.0,-46.0,0.0,#006351
35.0,-46.0,34.0,#006215
35.0,-46.0,40.0,#006202
35.0,-46.0,56.0,#006200
35.0,-44.0,-30.0,#006481
35.0,-44.0,-24.0,#006478
35.0,-44.0,-16.0,#00636B
35.0,-44.0,-12.0,#006364
35.0,-44.0,4.0,#00624B
35.0,-42.0,44.0,#076100
35.0,-40.0,-18.0,#00626E
35.0,-40.0,0.0,#006151
35.0,-40.0,36.0,#0A6010
35.0,-40.0,54.0,#1A6000
35.0,-38.0,-14.0,#006268
35.0,-38.0,14.0,#00603B
35.0,-38.0,46.0,#1D5F00
35.0,-36.0,38.0,#1F5F0B
35.0,-34.0,-16.0,#00616B
35.0,-34.0,48.0,#2A5E00
35.0,-32.0,-54.0,#0064A9
35.0,-32.0,-12.0,#006065
35.0,-32.0,-8.0,#005F5E
35.0,-32.0,40.0,#2C5E04
35.0,-32.0,58.0,#325D00
35.0,-30.0,-22.0,#006075
35.0,-30.0,-4.0,#005F58
35.0,-30.0,6.0,#025E48
35.0,-28.0,42.0,#365C00
35.0,-26.0,-36.0,#00608B
35.0,-26.0,-30.0,#005F82
35.0,-26.0,-24.0,#005F78
35.0,-24.0,-18.0,#005E6E
35.0,-24.0,44.0,#3E5B00
35.0,-24.0,56.0,#415B00
35.0,-22.0,-44.0,#005F99
35.0,-22.0,-32.0,#005E85
35.0,-22.0,-26.0,#005E7B
35.0,-22.0,-14.0,#005D68
35.0,-22.0,-10.0,#005C62
35.0,-20.0,-20.0,#005C72
35.0,-20.0,16.0,#395A38
35.0,-20.0,36.0,#435A12
35.0,-20.0,58.0,#485900
35.0,-18.0,-46.0,#005E9C
35.0,-18.0,-32.0,#005D85
35.0,-18.0,-8.0,#1D5B5E
35.0,-18.0,-2.0,#295A55
35.0,-18.0,2.0,#2F5A4F
35.0,-18.0,10.0,#385A42
35.0,-16.0,-54.0,#005FA9
35.0,-16.0,-40.0,#005D92
35.0,-16.0,12.0,#3E593F
35.0,-16.0,16.0,#415938
35.0,-16.0,36.0,#4A5813
35.0,-16.0,56.0,#4E5800
35.0,-14.0,-48.0,#005D9F
35.0,-14.0,-8.0,#2B595F
35.0,-14.0,4.0,#3B584C
35.0,-14.0,8.0,#3F5845
35.0,-14.0,18.0,#465835
35.0,-12.0,-42.0,#005B95
35.0,-12.0,10.0,#445742
35.0,-12.0,14.0,#47573C
35.0,-12.0,30.0,#4F5720
35.0,-12.0,36.0,#505613
35.0,-10.0,-50.0,#005CA3
35.0,-10.0,-6.0,#39575C
35.0,-10.0,16.0,#4C5638
35.0,-8.0,-44.0,#005A99
35.0,-8.0,-4.0,#405658
35.0,-8.0,18.0,#505535
35.0,-8.0,32.0,#55551C
35.0,-8.0,60.0,#5B5400
35.0,-6.0,-8.0,#3F565F
35.0,-6.0,-4.0,#445558
35.0,-6.0,0.0,#485552
35.0,-6.0,4.0,#4B554C
35.0,-6.0,8.0,#4E5545
35.0,-6.0,12.0,#50553F
35.0,-4.0,-66.0,#005CBD
35.0,-4.0,-58.0,#005AB0
35.0,-4.0,-28.0,#1C567F
35.0,-4.0,-4.0,#485458
35.0,-4.0,0.0,#4B5452
35.0,-4.0,12.0,#53543F
35.0,-4.0,20.0,#575332
35.0,-4.0,60.0,#605200
35.0,-2.0,-42.0,#005795
35.0,-2.0,-36.0,#00568C
35.0,0.0,-64.0,#0059BA
35.0,0.0,-48.0,#00579F
35.0,0.0,60.0,#655000
35.0,2.0,-60.0,#0058B3
35.0,2.0,-44.0,#005699
35.0,2.0,16.0,#5E5039
35.0,2.0,20.0,#605032
35.0,4.0,-50.0,#0055A3
35.0,4.0,-42.0,#005496
35.0,4.0,-30.0,#345382
35.0,4.0,-26.0,#3C527C
35.0,4.0,16.0,#614F39
35.0,4.0,20.0,#634F33
35.0,4.0,56.0,#6A4E00
35.0,6.0,16.0,#644E39
35.0,6.0,20.0,#664E33
35.0,6.0,28.0,#684E25
35.0,8.0,-52.0,#0054A6
35.0,8.0,-38.0,#2C528F
35.0,8.0,-32.0,#3B5185
35.0,8.0,38.0,#6D4C11
35.0,8.0,50.0,#6E4C00
35.0,8.0,58.0,#6F4C00
35.0,10.0,28.0,#6D4B25
35.0,12.0,-34.0,#414F89
35.0,12.0,18.0,#6D4B36
35.0,12.0,52.0,#744A00
35.0,12.0,60.0,#744A00
35.0,14.0,-46.0,#284F9C
35.0,14.0,30.0,#734922
35.0,16.0,-40.0,#3F4D92
35.0,16.0,-36.0,#474D8C
35.0,16.0,-32.0,#4E4C85
35.0,18.0,-62.0,#0050B7
35.0,18.0,-52.0,#214EA6
35.0,18.0,24.0,#77462D
35.0,18.0,60.0,#7C4500
35.0,20.0,-72.0,#0050C8
35.0,20.0,-60.0,#004EB4
35.0,22.0,-68.0,#004EC1
35.0,22.0,-58.0,#144CB0
35.0,24.0,-66.0,#004CBE
35.0,24.0,-24.0,#654679
35.0,24.0,54.0,#824100
35.0,26.0,-86.0,#0050E0
35.0,26.0,-76.0,#004DCF
35.0,26.0,-64.0,#004BBA
35.0,26.0,-58.0,#2B49B0
35.0,26.0,30.0,#824023
35.0,26.0,60.0,#853F00
35.0,28.0,-72.0,#004BC8
35.0,28.0,-50.0,#4946A3
35.0,28.0,-46.0,#51469C
35.0,28.0,-28.0,#68437F
35.0,28.0,-24.0,#6C4279
35.0,28.0,40.0,#863E0F
35.0,30.0,-64.0,#2248BA
35.0,30.0,-58.0,#3A46B0
35.0,30.0,60.0,#8A3C00
35.0,32.0,-72.0,#0048C8
35.0,32.0,-56.0,#4644AD
35.0,32.0,-14.0,#793E69
35.0,34.0,-78.0,#0048D2
35.0,34.0,-64.0,#3445BB
35.0,34.0,-52.0,#5342A6
35.0,34.0,-30.0,#703E83
35.0,34.0,60.0,#8E3800
35.0,36.0,-48.0,#5E3FA0
35.0,38.0,-78.0,#0045D2
35.0,38.0,-64.0,#4241BB
35.0,38.0,-44.0,#673D99
35.0,38.0,34.0,#91341D
35.0,38.0,58.0,#933300
35.0,40.0,-72.0,#2B41C8
35.0,40.0,-54.0,#5C3DAA
35.0,40.0,-40.0,#6F3A93
35.0,42.0,-94.0,#0046EE
35.0,42.0,-78.0,#0541D2
35.0,42.0,-64.0,#4D3DBB
35.0,42.0,8.0,#903047
35.0,42.0,46.0,#962E03
35.0,44.0,-72.0,#3B3DC8
35.0,44.0,40.0,#982C12
35.0,46.0,-78.0,#293DD3
35.0,48.0,-98.0,#0042F5
35.0,48.0,-84.0,#003DDD
35.0,48.0,-70.0,#4E38C5
35.0,48.0,-32.0,#832E86
35.0,48.0,-12.0,#8F2A67
35.0,50.0,-76.0,#4238CF
35.0,50.0,-48.0,#772FA0
35.0,50.0,10.0,#9A2445
35.0,52.0,-98.0,#003EF5
35.0,52.0,-44.0,#7E2B9A
35.0,52.0,-24.0,#8E267A
35.0,54.0,-58.0,#712CB1
35.0,54.0,-34.0,#8A258A
35.0,54.0,-20.0,#932173
35.0,54.0,-14.0,#96206A
35.0,56.0,-54.0,#7928AA
35.0,56.0,12.0,#A11442
35.0,58.0,-50.0,#8122A4
35.0,60.0,-104.0,#0037FF
35.0,60.0,-62.0,#7623B8
35.0,60.0,-18.0,#9B0F70
35.0,60.0,0.0,#A20655
35.0,60.0,48.0,#AB0003
35.0,62.0,-58.0,#7E1DB1
35.0,62.0,14.0,#A8003F
35.0,64.0,-14.0,#A2006A
35.0,66.0,-94.0,#3528EE
35.0,66.0,-84.0,#5922DD
35.0,66.0,-66.0,#7B16BE
35.0,66.0,-40.0,#950093
35.0,66.0,-28.0,#9D0080
35.0,66.0,-2.0,#A90058
35.0,66.0,40.0,#B10017
35.0,66.0,60.0,#B20000
35.0,68.0,-60.0,#8607B4
35.0,68.0,-10.0,#A80064
35.0,68.0,16.0,#B0003D
35.0,70.0,-72.0,#790AC9
35.0,70.0,24.0,#B30031
35.0,70.0,46.0,#B5000C
35.0,72.0,-42.0,#9C0097
35.0,72.0,-30.0,#A40084
35.0,72.0,12.0,#B30043
35.0,72.0,42.0,#B70014
35.0,74.0,-80.0,#7400D6
35.0,74.0,-36.0,#A3008D
35.0,74.0,-24.0,#A9007A
35.0,74.0,-4.0,#B1005B
35.0,76.0,-16.0,#AF006E
35.0,76.0,-10.0,#B20064
35.0,76.0,26.0,#BA002E
35.0,76.0,48.0,#BC0009
35.0,78.0,14.0,#BA0040
35.0,78.0,32.0,#BD0026
35.0,80.0,-70.0,#8D00C5
35.0,80.0,-38.0,#A90091
35.0,80.0,54.0,#C10000
35.0,82.0,-82.0,#7F00DA
35.0,82.0,-54.0,#A000AB
35.0,82.0,-4.0,#BB005C
35.0,84.0,34.0,#C40023
35.0,84.0,40.0,#C4001A
35.0,86.0,14.0,#C30041
35.0,88.0,8.0,#C4004A
35.0,88.0,24.0,#C70033
35.0,88.0,30.0,#C8002A
35.0,92.0,-16.0,#C2006E
35.0,92.0,18.0,#CA003C
35.0,94.0,-60.0,#AC00B5
35.0,94.0,2.0,#CA0053
35.0,100.0,-16.0,#CB006F
35.0,102.0,-108.0,#7600FF
35.0,102.0,-68.0,#B000C2
35.0,102.0,-36.0,#C5008E
35.0,104.0,-30.0,#CB0085
35.0,108.0,-102.0,#8E00FD
35.0,114.0,-58.0,#C800B2
35.0,116.0,-78.0,#BA00D4
35.0,118.0,-72.0,#C200CA
35.0,122.0,-88.0,#B900E5
35.0,122.0,-80.0,#C100D7
36.0,-128.0,32.0,#007119
36.0,-128.0,40.0,#007000
36.0,-122.0,26.0,#007026
36.0,-122.0,44.0,#007000
36.0,-120.0,32.0,#007019
36.0,-116.0,20.0,#007031
36.0,-116.0,46.0,#006F00
36.0,-114.0,26.0,#007026
36.0,-112.0,14.0,#00703C
36.0,-110.0,44.0,#006F00
36.0,-108.0,20.0,#006F31
36.0,-106.0,8.0,#006F46
36.0,-106.0,26.0,#006F26
36.0,-104.0,14.0,#006F3C
36.0,-104.0,46.0,#006E00
36.0,-100.0,2.0,#006F50
36.0,-100.0,20.0,#006E31
36.0,-100.0,52.0,#006E00
36.0,-98.0,8.0,#006E46
36.0,-98.0,26.0,#006E26
36.0,-96.0,14.0,#006E3C
36.0,-94.0,-6.0,#006F5D
36.0,-94.0,0.0,#006E53
36.0,-92.0,6.0,#006E49
36.0,-92.0,20.0,#006D31
36.0,-90.0,12.0,#006D3F
36.0,-86.0,-14.0,#006E6A
36.0,-86.0,4.0,#006D4C
36.0,-86.0,18.0,#006D35
36.0,-84.0,-8.0,#006D60
36.0,-84.0,10.0,#006D43
36.0,-82.0,-18.0,#006E70
36.0,-80.0,-2.0,#006C56
36.0,-80.0,14.0,#006C3C
36.0,-80.0,46.0,#006B00
36.0,-78.0,4.0,#006C4D
36.0,-74.0,-4.0,#006C5A
36.0,-74.0,8.0,#006B46
36.0,-74.0,16.0,#006B39
36.0,-72.0,2.0,#006B50
36.0,-70.0,20.0,#006A32
36.0,-70.0,26.0,#006A27
36.0,-68.0,-8.0,#006B60
36.0,-68.0,-2.0,#006A56
36.0,-68.0,12.0,#006A40
36.0,-64.0,16.0,#006939
36.0,-64.0,22.0,#00692F
36.0,-64.0,28.0,#006923
36.0,-64.0,48.0,#006800
36.0,-62.0,-6.0,#00695D
36.0,-62.0,58.0,#006800
36.0,-58.0,12.0,#006840
36.0,-58.0,18.0,#006836
36.0,-54.0,48.0,#006600
36.0,-52.0,14.0,#00663D
36.0,-52.0,60.0,#006500
36.0,-50.0,52.0,#006500
36.0,-48.0,-38.0,#006991
36.0,-46.0,16.0,#006539
36.0,-46.0,22.0,#00652F
36.0,-42.0,-36.0,#00678E
36.0,-42.0,10.0,#006443
36.0,-42.0,60.0,#196300
36.0,-40.0,18.0,#006336
36.0,-40.0,30.0,#036320
36.0,-38.0,-42.0,#006798
36.0,-38.0,-8.0,#006461
36.0,-36.0,-20.0,#006474
36.0,-36.0,-4.0,#00635A
36.0,-36.0,20.0,#096233
36.0,-34.0,0.0,#006254
36.0,-34.0,24.0,#1C612C
36.0,-32.0,-46.0,#00659E
36.0,-32.0,-40.0,#006594
36.0,-32.0,28.0,#276025
36.0,-30.0,-34.0,#00638B
36.0,-30.0,50.0,#375F00
36.0,-28.0,-16.0,#00616E
36.0,-28.0,-12.0,#006167
36.0,-28.0,30.0,#335F21
36.0,-26.0,-58.0,#0065B3
36.0,-26.0,-50.0,#0064A5
36.0,-26.0,-8.0,#006061
36.0,-26.0,4.0,#1A5F4E
36.0,-24.0,-4.0,#0B5F5A
36.0,-24.0,8.0,#295E47
36.0,-24.0,26.0,#395E29
36.0,-24.0,32.0,#3D5E1D
36.0,-22.0,0.0,#225E54
36.0,-22.0,4.0,#295E4E
36.0,-22.0,48.0,#455D00
36.0,-20.0,-60.0,#0063B6
36.0,-20.0,-52.0,#0062A9
36.0,-20.0,-38.0,#006091
36.0,-20.0,8.0,#345D47
36.0,-20.0,26.0,#415C29
36.0,-18.0,30.0,#475B22
36.0,-18.0,48.0,#4C5B00
36.0,-16.0,6.0,#3B5C4B
36.0,-16.0,22.0,#475B30
36.0,-14.0,50.0,#535900
36.0,-12.0,-56.0,#0060AF
36.0,-12.0,6.0,#445A4B
36.0,-12.0,22.0,#4E5931
36.0,-12.0,54.0,#565900
36.0,-10.0,-62.0,#0060B9
36.0,-10.0,48.0,#585800
36.0,-8.0,-24.0,#1B5A7B
36.0,-8.0,-18.0,#2C5A71
36.0,-8.0,14.0,#50583E
36.0,-8.0,52.0,#5C5700
36.0,-6.0,-52.0,#005DA9
36.0,-6.0,20.0,#575734
36.0,-6.0,42.0,#5D5605
36.0,-4.0,-8.0,#465761
36.0,-4.0,4.0,#51564E
36.0,-4.0,8.0,#535648
36.0,-4.0,16.0,#58563B
36.0,-4.0,26.0,#5C552A
36.0,-4.0,46.0,#615500
36.0,-2.0,-26.0,#2D587E
36.0,-2.0,-20.0,#3A5774
36.0,-2.0,0.0,#515655
36.0,-2.0,16.0,#5B553B
36.0,-2.0,20.0,#5D5534
36.0,-2.0,40.0,#62540D
36.0,-2.0,52.0,#645400
36.0,0.0,-24.0,#38577B
36.0,0.0,0.0,#555555
36.0,0.0,16.0,#5E543B
36.0,0.0,20.0,#605435
36.0,0.0,24.0,#61542E
36.0,0.0,44.0,#665300
36.0,2.0,-32.0,#2B5688
36.0,2.0,0.0,#585455
36.0,2.0,32.0,#665220
36.0,2.0,38.0,#685213
36.0,2.0,50.0,#695200
36.0,4.0,24.0,#67512E
36.0,6.0,-72.0,#005ACB
36.0,6.0,40.0,#6D500E
36.0,8.0,-68.0,#0059C4
36.0,8.0,24.0,#6C4F2E
36.0,10.0,-46.0,#17549F
36.0,10.0,20.0,#6E4E35
36.0,10.0,34.0,#714E1C
36.0,12.0,-68.0,#0056C4
36.0,12.0,-54.0,#0054AC
36.0,12.0,-38.0,#3C5292
36.0,12.0,24.0,#724D2F
36.0,12.0,46.0,#764C00
36.0,14.0,-64.0,#0055BD
36.0,14.0,-52.0,#0553A9
36.0,14.0,22.0,#744B32
36.0,14.0,36.0,#774B19
36.0,14.0,42.0,#784B0A
36.0,16.0,28.0,#784A28
36.0,16.0,48.0,#7B4900
36.0,18.0,-30.0,#574D85
36.0,18.0,-26.0,#5C4C7E
36.0,18.0,34.0,#7B481D
36.0,18.0,40.0,#7C4810
36.0,18.0,54.0,#7E4800
36.0,20.0,-50.0,#354EA6
36.0,20.0,-24.0,#614B7B
36.0,20.0,-20.0,#654A75
36.0,20.0,30.0,#7D4725
36.0,20.0,46.0,#804700
36.0,22.0,-78.0,#0053D5
36.0,22.0,-42.0,#4D4C99
36.0,22.0,-38.0,#544B92
36.0,22.0,-30.0,#5E4A85
36.0,22.0,-18.0,#6A4972
36.0,22.0,-14.0,#6D486B
36.0,22.0,-10.0,#704865
36.0,22.0,-6.0,#72485F
36.0,22.0,16.0,#7C463C
36.0,22.0,28.0,#7F4628
36.0,22.0,36.0,#81451A
36.0,22.0,42.0,#82450B
36.0,24.0,-36.0,#5A4A8F
36.0,24.0,-28.0,#644882
36.0,24.0,34.0,#83441E
36.0,24.0,48.0,#854300
36.0,26.0,-18.0,#704672
36.0,26.0,-14.0,#73456C
36.0,26.0,-10.0,#764565
36.0,26.0,-6.0,#78445F
36.0,26.0,2.0,#7C4452
36.0,26.0,6.0,#7E434C
36.0,26.0,18.0,#824339
36.0,28.0,-36.0,#62468F
36.0,28.0,-32.0,#674688
36.0,28.0,10.0,#824246
36.0,28.0,14.0,#834140
36.0,28.0,28.0,#874129
36.0,28.0,46.0,#894001
36.0,30.0,-8.0,#7C4162
36.0,30.0,-4.0,#7E415C
36.0,30.0,0.0,#804156
36.0,30.0,4.0,#82404F
36.0,30.0,18.0,#873F39
36.0,30.0,22.0,#883F33
36.0,30.0,36.0,#8A3E1B
36.0,30.0,52.0,#8C3E00
36.0,32.0,-80.0,#004CD9
36.0,32.0,-22.0,#764178
36.0,32.0,-18.0,#794172
36.0,32.0,8.0,#863E49
36.0,32.0,28.0,#8B3D29
36.0,32.0,42.0,#8D3C0E
36.0,34.0,-38.0,#6A4292
36.0,34.0,-2.0,#853D59
36.0,34.0,2.0,#863D53
36.0,34.0,12.0,#8A3C43
36.0,34.0,16.0,#8B3C3D
36.0,34.0,34.0,#8F3B1F
36.0,34.0,48.0,#903A00
36.0,36.0,-26.0,#793E7F
36.0,36.0,6.0,#8A3A4D
36.0,36.0,20.0,#8E3937
36.0,36.0,28.0,#90392A
36.0,36.0,40.0,#923813
36.0,38.0,-84.0,#0049E0
36.0,38.0,-22.0,#7F3B79
36.0,38.0,10.0,#8E3846
36.0,38.0,46.0,#953604
36.0,40.0,14.0,#923540
36.0,40.0,18.0,#93353A
36.0,40.0,40.0,#973414
36.0,42.0,-84.0,#0045E0
36.0,42.0,-30.0,#7E3885
36.0,42.0,-10.0,#8B3566
36.0,42.0,22.0,#963234
36.0,42.0,26.0,#97322D
36.0,42.0,30.0,#973127
36.0,42.0,58.0,#9A3100
36.0,44.0,-90.0,#0045EA
36.0,44.0,36.0,#9B2E1D
36.0,46.0,-2.0,#942F59
36.0,46.0,2.0,#952E53
36.0,46.0,16.0,#992D3E
36.0,46.0,20.0,#9A2C37
36.0,48.0,-90.0,#0041EA
36.0,48.0,-64.0,#5E39BE
36.0,48.0,6.0,#992B4D
36.0,48.0,26.0,#9E292E
36.0,50.0,-60.0,#6935B7
36.0,50.0,14.0,#9E2641
36.0,50.0,40.0,#A22416
36.0,52.0,-38.0,#862C93
36.0,52.0,-8.0,#992663
36.0,52.0,18.0,#A1223B
36.0,52.0,22.0,#A22135
36.0,52.0,46.0,#A52008
36.0,54.0,-92.0,#003BEE
36.0,54.0,-68.0,#6333C4
36.0,54.0,4.0,#9F1F50
36.0,54.0,28.0,#A51C2B
36.0,54.0,32.0,#A51C25
36.0,54.0,36.0,#A61C1E
36.0,56.0,-30.0,#922386
36.0,56.0,-4.0,#9F1C5D
36.0,56.0,42.0,#A91513
36.0,58.0,-98.0,#0039F8
36.0,58.0,-76.0,#5C30D2
36.0,58.0,8.0,#A5134B
36.0,58.0,20.0,#A81038
36.0,58.0,24.0,#A91032
36.0,60.0,-36.0,#931B90
36.0,60.0,-26.0,#9A177F
36.0,62.0,-68.0,#7325C5
36.0,62.0,-6.0,#A60460
36.0,64.0,-78.0,#6526D6
36.0,64.0,4.0,#AB0051
36.0,64.0,10.0,#AD0048
36.0,64.0,22.0,#AF0036
36.0,66.0,-74.0,#711FCF
36.0,70.0,-108.0,#002CFF
36.0,70.0,-56.0,#9000B1
36.0,70.0,-48.0,#9700A3
36.0,72.0,-104.0,#1725FF
36.0,72.0,6.0,#B5004E
36.0,72.0,52.0,#BB0000
36.0,76.0,-100.0,#4817FC
36.0,78.0,-90.0,#6B00EB
36.0,78.0,-48.0,#A300A3
36.0,78.0,-32.0,#AD008A
36.0,78.0,2.0,#BB0055
36.0,80.0,-96.0,#6100F5
36.0,80.0,60.0,#C40000
36.0,82.0,-102.0,#5500FF
36.0,84.0,-92.0,#7400EE
36.0,84.0,-30.0,#B60087
36.0,84.0,-12.0,#BD006A
36.0,84.0,46.0,#C80012
36.0,86.0,-98.0,#6B00F9
36.0,86.0,-36.0,#B50090
36.0,86.0,-24.0,#BB007D
36.0,88.0,-104.0,#6000FF
36.0,88.0,-66.0,#A100C2
36.0,88.0,-58.0,#A800B4
36.0,90.0,-44.0,#B5009D
36.0,94.0,-106.0,#6B00FF
36.0,94.0,-24.0,#C5007D
36.0,96.0,-70.0,#A800C9
36.0,96.0,8.0,#D0004D
36.0,100.0,-78.0,#A600D6
36.0,102.0,-54.0,#BE00AE
36.0,102.0,-24.0,#CE007E
36.0,104.0,-60.0,#BC00B8
36.0,106.0,-18.0,#D50075
36.0,108.0,-82.0,#AE00DD
36.0,108.0,-74.0,#B600D0
36.0,110.0,-68.0,#BE00C5
36.0,110.0,-46.0,#CD00A1
36.0,112.0,-40.0,#D30097
36.0,114.0,-90.0,#AE00EB
36.0,116.0,-52.0,#D100AB
36.0,122.0,-94.0,#B500F2
37.0,-128.0,-4.0,#00755C
37.0,-128.0,8.0,#007448
37.0,-128.0,16.0,#00743A
37.0,-128.0,24.0,#00742C
37.0,-120.0,-8.0,#007462
37.0,-120.0,4.0,#00744E
37.0,-120.0,10.0,#007344
37.0,-116.0,38.0,#00720A
37.0,-112.0,-12.0,#007469
37.0,-112.0,0.0,#007355
37.0,-112.0,6.0,#00734B
37.0,-108.0,38.0,#00720A
37.0,-106.0,-16.0,#00736F
37.0,-104.0,-4.0,#00725C
37.0,-96.0,46.0,#007000
37.0,-84.0,-28.0,#007183
37.0,-76.0,-32.0,#00708A
37.0,-72.0,60.0,#006C00
37.0,-70.0,-34.0,#00708D
37.0,-70.0,-28.0,#006F83
37.0,-66.0,4.0,#006C4F
37.0,-64.0,-12.0,#006D69
37.0,-58.0,-30.0,#006D86
37.0,-58.0,-24.0,#006C7D
37.0,-58.0,-2.0,#006B59
37.0,-58.0,2.0,#006B52
37.0,-56.0,32.0,#00691E
37.0,-52.0,-44.0,#006D9E
37.0,-52.0,-12.0,#006A69
37.0,-52.0,-4.0,#006A5C
37.0,-52.0,36.0,#006815
37.0,-46.0,-48.0,#006CA4
37.0,-46.0,-42.0,#006B9A
37.0,-46.0,-10.0,#006966
37.0,-46.0,-6.0,#006860
37.0,-46.0,-2.0,#006859
37.0,-46.0,2.0,#006853
37.0,-46.0,6.0,#00684C
37.0,-44.0,-14.0,#00686D
37.0,-44.0,26.0,#00672A
37.0,-40.0,-52.0,#006BAB
37.0,-40.0,-26.0,#006880
37.0,-40.0,-2.0,#006659
37.0,-40.0,2.0,#006653
37.0,-40.0,6.0,#00664C
37.0,-36.0,-12.0,#006669
37.0,-36.0,42.0,#286403
37.0,-34.0,-28.0,#006783
37.0,-34.0,4.0,#006450
37.0,-34.0,56.0,#326300
37.0,-32.0,-14.0,#00656D
37.0,-32.0,8.0,#036449
37.0,-32.0,16.0,#1B633C
37.0,-32.0,62.0,#386200
37.0,-30.0,-2.0,#006359
37.0,-30.0,2.0,#006353
37.0,-30.0,12.0,#1D6343
37.0,-30.0,36.0,#346216
37.0,-28.0,-6.0,#006360
37.0,-28.0,18.0,#2C6239
37.0,-28.0,22.0,#306232
37.0,-26.0,0.0,#126256
37.0,-26.0,14.0,#2D6140
37.0,-24.0,-16.0,#006270
37.0,-22.0,-12.0,#00616A
37.0,-22.0,12.0,#366043
37.0,-22.0,16.0,#39603C
37.0,-22.0,20.0,#3C6036
37.0,-20.0,-16.0,#006170
37.0,-20.0,-8.0,#196063
37.0,-20.0,-4.0,#24605D
37.0,-18.0,-20.0,#006077
37.0,-18.0,-12.0,#16606A
37.0,-18.0,0.0,#315F57
37.0,-18.0,4.0,#375F50
37.0,-18.0,12.0,#3F5E43
37.0,-18.0,16.0,#425E3D
37.0,-18.0,20.0,#445E36
37.0,-16.0,-64.0,#0065C0
37.0,-16.0,-28.0,#006084
37.0,-16.0,-16.0,#115F70
37.0,-16.0,-8.0,#2A5F63
37.0,-16.0,-4.0,#315E5D
37.0,-14.0,-42.0,#00619B
37.0,-14.0,-34.0,#00608D
37.0,-14.0,-22.0,#005F7A
37.0,-14.0,-18.0,#155F73
37.0,-14.0,-12.0,#285E6A
37.0,-14.0,0.0,#3C5D57
37.0,-14.0,12.0,#475D43
37.0,-14.0,16.0,#495D3D
37.0,-14.0,42.0,#545C07
37.0,-12.0,-50.0,#0061A8
37.0,-12.0,-28.0,#005F84
37.0,-12.0,-14.0,#2B5E6D
37.0,-12.0,-8.0,#365D63
37.0,-12.0,-4.0,#3B5D5D
37.0,-12.0,2.0,#425C53
37.0,-12.0,62.0,#5A5B00
37.0,-10.0,-44.0,#00609E
37.0,-10.0,-36.0,#005F91
37.0,-10.0,-10.0,#385C67
37.0,-10.0,-2.0,#425C5A
37.0,-10.0,4.0,#485C50
37.0,-10.0,8.0,#4B5B4A
37.0,-10.0,12.0,#4E5B43
37.0,-10.0,38.0,#595A14
37.0,-8.0,-68.0,#0062C6
37.0,-8.0,-32.0,#005D8A
37.0,-8.0,-14.0,#375C6D
37.0,-8.0,-8.0,#405B64
37.0,-8.0,0.0,#485B57
37.0,-8.0,6.0,#4D5B4D
37.0,-8.0,26.0,#585A2C
37.0,-6.0,-38.0,#005D94
37.0,-6.0,-28.0,#185C84
37.0,-6.0,-22.0,#2D5C7A
37.0,-6.0,-16.0,#395B70
37.0,-6.0,-12.0,#3F5B6A
37.0,-6.0,16.0,#57593D
37.0,-6.0,36.0,#5E5919
37.0,-4.0,-20.0,#375A77
37.0,-4.0,-14.0,#415A6D
37.0,-4.0,-2.0,#4E595A
37.0,-2.0,-54.0,#005EAF
37.0,-2.0,-32.0,#1D5B8A
37.0,-2.0,-14.0,#45596D
37.0,-2.0,-10.0,#4A5967
37.0,-2.0,-6.0,#4E5861
37.0,-2.0,-2.0,#52585A
37.0,-2.0,2.0,#555854
37.0,-2.0,6.0,#58584D
37.0,-2.0,10.0,#5A5747
37.0,-2.0,24.0,#615730
37.0,-2.0,30.0,#635725
37.0,0.0,-72.0,#0060CD
37.0,0.0,-20.0,#415977
37.0,0.0,-16.0,#475871
37.0,0.0,-12.0,#4C586A
37.0,0.0,-8.0,#505864
37.0,0.0,-4.0,#54575D
37.0,0.0,4.0,#5A5751
37.0,0.0,8.0,#5C574A
37.0,0.0,12.0,#5F5644
37.0,2.0,-20.0,#465877
37.0,2.0,-16.0,#4B5771
37.0,2.0,-12.0,#50576A
37.0,2.0,-8.0,#545764
37.0,2.0,-4.0,#57565D
37.0,2.0,4.0,#5D5651
37.0,2.0,8.0,#5F564A
37.0,2.0,12.0,#625544
37.0,2.0,24.0,#665530
37.0,2.0,62.0,#6D5400
37.0,4.0,-20.0,#4A5777
37.0,4.0,-16.0,#4F5671
37.0,4.0,-12.0,#54566A
37.0,4.0,-8.0,#575564
37.0,4.0,-4.0,#5B555E
37.0,4.0,0.0,#5E5557
37.0,4.0,4.0,#605551
37.0,4.0,8.0,#63544A
37.0,4.0,12.0,#655444
37.0,4.0,28.0,#6B5429
37.0,6.0,-60.0,#005BB9
37.0,6.0,-40.0,#235898
37.0,6.0,-26.0,#465681
37.0,6.0,-20.0,#4E5577
37.0,6.0,-16.0,#535571
37.0,6.0,-12.0,#57556A
37.0,6.0,-8.0,#5B5464
37.0,6.0,-4.0,#5E545E
37.0,6.0,0.0,#615457
37.0,6.0,4.0,#635451
37.0,6.0,8.0,#66534A
37.0,6.0,12.0,#675344
37.0,6.0,32.0,#6E5222
37.0,6.0,62.0,#735200
37.0,8.0,-24.0,#4D557E
37.0,8.0,-16.0,#575471
37.0,8.0,-12.0,#5B546A
37.0,8.0,-8.0,#5E5364
37.0,8.0,-4.0,#61535E
37.0,8.0,0.0,#645357
37.0,8.0,4.0,#665251
37.0,8.0,8.0,#68524B
37.0,8.0,12.0,#6A5244
37.0,8.0,16.0,#6C523E
37.0,8.0,28.0,#70512A
37.0,10.0,-22.0,#54537A
37.0,10.0,-10.0,#605267
37.0,10.0,-6.0,#635261
37.0,10.0,-2.0,#66525B
37.0,10.0,2.0,#685154
37.0,10.0,6.0,#6A514E
37.0,10.0,10.0,#6C5147
37.0,10.0,40.0,#755011
37.0,10.0,56.0,#775000
37.0,12.0,-30.0,#4D5387
37.0,12.0,-26.0,#535381
37.0,12.0,-20.0,#5A5277
37.0,12.0,-16.0,#5E5271
37.0,12.0,-4.0,#68515E
37.0,12.0,0.0,#6A5057
37.0,12.0,4.0,#6C5051
37.0,12.0,8.0,#6E504B
37.0,12.0,14.0,#714F41
37.0,12.0,30.0,#764F26
37.0,14.0,-76.0,#0059D4
37.0,14.0,-24.0,#59517E
37.0,14.0,-14.0,#63506E
37.0,14.0,-10.0,#665067
37.0,14.0,-2.0,#6C4F5B
37.0,14.0,2.0,#6E4F54
37.0,14.0,12.0,#734E44
37.0,14.0,58.0,#7C4D00
37.0,16.0,-22.0,#5F507B
37.0,16.0,-18.0,#634F74
37.0,16.0,-8.0,#6B4E64
37.0,16.0,0.0,#704E58
37.0,16.0,6.0,#734D4E
37.0,16.0,10.0,#754D48
37.0,16.0,16.0,#774D3E
37.0,16.0,20.0,#784D38
37.0,18.0,-76.0,#0057D4
37.0,18.0,-44.0,#42519E
37.0,18.0,-16.0,#684E71
37.0,18.0,-12.0,#6B4D6B
37.0,18.0,-6.0,#6F4D61
37.0,18.0,4.0,#754C51
37.0,18.0,14.0,#794B41
37.0,20.0,-2.0,#744B5B
37.0,20.0,8.0,#794A4B
37.0,20.0,12.0,#7B4A45
37.0,20.0,18.0,#7D4A3B
37.0,20.0,22.0,#7E4A35
37.0,22.0,2.0,#794955
37.0,22.0,6.0,#7B494E
37.0,22.0,62.0,#864700
37.0,24.0,-58.0,#2A50B6
37.0,24.0,-48.0,#494EA5
37.0,24.0,-2.0,#7A485B
37.0,24.0,10.0,#7F4748
37.0,24.0,14.0,#814742
37.0,24.0,20.0,#834738
37.0,24.0,24.0,#844632
37.0,26.0,40.0,#894414
37.0,28.0,-54.0,#464CAF
37.0,28.0,24.0,#894332
37.0,30.0,-42.0,#60489B
37.0,32.0,-86.0,#0050E6
37.0,34.0,-42.0,#68459B
37.0,36.0,-86.0,#004DE6
37.0,36.0,-78.0,#004BD8
37.0,36.0,-72.0,#1E49CE
37.0,36.0,-12.0,#853E6B
37.0,36.0,-8.0,#873E65
37.0,36.0,24.0,#923B32
37.0,38.0,-58.0,#5644B6
37.0,38.0,-18.0,#843D75
37.0,40.0,-36.0,#793E92
37.0,40.0,-4.0,#8E395F
37.0,40.0,0.0,#903958
37.0,40.0,4.0,#913852
37.0,42.0,-16.0,#8B3872
37.0,42.0,52.0,#9D3300
37.0,44.0,-52.0,#6D3DAC
37.0,44.0,-44.0,#773B9F
37.0,44.0,-22.0,#8A377B
37.0,44.0,12.0,#993346
37.0,46.0,-40.0,#7E3898
37.0,46.0,-6.0,#953262
37.0,46.0,44.0,#A12E0F
37.0,48.0,-50.0,#7638A9
37.0,48.0,-18.0,#913175
37.0,48.0,30.0,#A12B2A
37.0,48.0,34.0,#A22B23
37.0,48.0,50.0,#A42A00
37.0,48.0,56.0,#A42A00
37.0,50.0,-26.0,#8F2F82
37.0,50.0,62.0,#A72700
37.0,52.0,0.0,#9F2759
37.0,54.0,-84.0,#3A3BE3
37.0,54.0,56.0,#AB1E00
37.0,56.0,-80.0,#4F37DC
37.0,56.0,-62.0,#7430BD
37.0,56.0,62.0,#AD1800
37.0,58.0,-12.0,#A11D6C
37.0,60.0,-90.0,#3835ED
37.0,60.0,-44.0,#8F229F
37.0,60.0,30.0,#AF0B2B
37.0,60.0,36.0,#B00A21
37.0,60.0,54.0,#B10800
37.0,60.0,60.0,#B20700
37.0,62.0,-32.0,#9B188C
37.0,62.0,42.0,#B30016
37.0,64.0,-98.0,#1733FB
37.0,64.0,-88.0,#4F2EEA
37.0,64.0,-50.0,#901AA9
37.0,64.0,48.0,#B50009
37.0,66.0,-22.0,#A6007C
37.0,66.0,28.0,#B6002F
37.0,66.0,34.0,#B60025
37.0,66.0,54.0,#B80000
37.0,68.0,-34.0,#A2008F
37.0,70.0,-90.0,#5B23ED
37.0,70.0,-18.0,#AD0076
37.0,72.0,-82.0,#7217E0
37.0,72.0,-68.0,#8806C8
37.0,72.0,30.0,#BD002C
37.0,72.0,36.0,#BD0023
37.0,72.0,58.0,#BF0000
37.0,74.0,-62.0,#9300BD
37.0,74.0,20.0,#BD003C
37.0,76.0,-56.0,#9C00B3
37.0,78.0,-106.0,#391AFF
37.0,78.0,-76.0,#8800D5
37.0,78.0,38.0,#C40020
37.0,78.0,44.0,#C50016
37.0,80.0,-42.0,#AD009C
37.0,80.0,8.0,#C2004E
37.0,80.0,18.0,#C4003F
37.0,82.0,-64.0,#9D00C1
37.0,82.0,28.0,#C70030
37.0,84.0,-78.0,#8F00D9
37.0,86.0,-72.0,#9A00CF
37.0,86.0,2.0,#C70057
37.0,86.0,20.0,#CB003D
37.0,90.0,-90.0,#8700EE
37.0,90.0,-82.0,#9400E0
37.0,90.0,-52.0,#B300AD
37.0,90.0,-4.0,#CA0061
37.0,92.0,-76.0,#9F00D6
37.0,92.0,-10.0,#CA006A
37.0,94.0,-98.0,#8100FC
37.0,94.0,-36.0,#C20093
37.0,96.0,-92.0,#8F00F1
37.0,96.0,-84.0,#9B00E3
37.0,96.0,-50.0,#BC00AA
37.0,96.0,-30.0,#C7008A
37.0,98.0,-44.0,#C200A0
37.0,98.0,-4.0,#D30061
37.0,102.0,-102.0,#8900FF
37.0,102.0,-94.0,#9700F5
37.0,104.0,-88.0,#A300EA
37.0,104.0,-48.0,#C800A7
37.0,120.0,-100.0,#AD00FF
37.0,120.0,-68.0,#CF00C9
38.0,-8.0,-58.0,#0063B8
38.0,-4.0,-46.0,#0060A4
38.0,-2.0,-42.0,#005E9D
38.0,0.0,-66.0,#0061C6
38.0,0.0,-48.0,#005EA8
38.0,0.0,-38.0,#095D97
38.0,2.0,-54.0,#005EB2
38.0,2.0,-44.0,#005DA1
38.0,4.0,-74.0,#0060D4
38.0,4.0,-66.0,#005FC6
38.0,4.0,-50.0,#005CAB
38.0,6.0,-46.0,#005BA4
38.0,6.0,-32.0,#3E598D
38.0,8.0,-58.0,#005CB8
38.0,8.0,-52.0,#005BAE
38.0,10.0,-42.0,#30589E
38.0,10.0,-38.0,#3C5897
38.0,10.0,-34.0,#445790
38.0,12.0,-58.0,#0059B8
38.0,14.0,-82.0,#005DE2
38.0,16.0,-58.0,#0057B9
38.0,16.0,-48.0,#3355A8
38.0,16.0,-38.0,#4C5497
38.0,16.0,-34.0,#525391
38.0,16.0,-30.0,#58538A
38.0,18.0,-64.0,#0057C3
38.0,18.0,-56.0,#1755B5
38.0,20.0,-84.0,#005AE5
38.0,20.0,-72.0,#0057D0
38.0,20.0,-22.0,#684F7D
38.0,22.0,-64.0,#0054C3
38.0,22.0,-26.0,#684E84
38.0,24.0,-84.0,#0057E5
38.0,24.0,-78.0,#0056DB
38.0,24.0,-72.0,#0055D1
38.0,24.0,-62.0,#1753BF
38.0,24.0,-24.0,#6D4D80
38.0,24.0,-20.0,#714C7A
38.0,24.0,-16.0,#744C74
38.0,24.0,-12.0,#774B6D
38.0,24.0,-8.0,#794B67
38.0,26.0,-70.0,#0053CD
38.0,26.0,4.0,#824854
38.0,28.0,-78.0,#0053DB
38.0,28.0,-68.0,#0051CA
38.0,28.0,-58.0,#3E4FB9
38.0,28.0,-46.0,#594DA5
38.0,28.0,-24.0,#734A81
38.0,28.0,-20.0,#77497A
38.0,28.0,8.0,#86464E
38.0,30.0,-66.0,#254FC6
38.0,30.0,-30.0,#71498A
38.0,30.0,-16.0,#7D4774
38.0,30.0,-6.0,#834664
38.0,30.0,-2.0,#85465E
38.0,30.0,2.0,#874557
38.0,30.0,12.0,#8A4447
38.0,32.0,-54.0,#534BB2
38.0,32.0,6.0,#8B4351
38.0,34.0,-66.0,#384CC6
38.0,34.0,-50.0,#5F49AB
38.0,34.0,-28.0,#794587
38.0,34.0,-20.0,#80447A
38.0,34.0,0.0,#8B425B
38.0,34.0,10.0,#8F414B
38.0,36.0,-62.0,#4B49C0
38.0,36.0,14.0,#933F45
38.0,38.0,-50.0,#6745AB
38.0,38.0,-42.0,#71439E
38.0,38.0,8.0,#933D4E
38.0,38.0,36.0,#9A3B20
38.0,40.0,-70.0,#4048CD
38.0,40.0,-32.0,#7F408E
38.0,40.0,-26.0,#843F84
38.0,42.0,-80.0,#0D49DF
38.0,42.0,-66.0,#5145C6
38.0,42.0,-58.0,#6243B9
38.0,42.0,16.0,#9A3842
38.0,44.0,-76.0,#3845D8
38.0,46.0,-72.0,#4D42D1
38.0,46.0,-32.0,#88398E
38.0,46.0,-14.0,#943671
38.0,48.0,-82.0,#2D43E2
38.0,48.0,-10.0,#98326B
38.0,50.0,-78.0,#4640DB
38.0,50.0,-70.0,#5C3DCD
38.0,50.0,8.0,#A22D4F
38.0,52.0,-34.0,#8F3191
38.0,52.0,12.0,#A52949
38.0,54.0,-16.0,#9D2A75
38.0,56.0,-56.0,#7F31B6
38.0,56.0,-48.0,#882EA8
38.0,56.0,-26.0,#9A2885
38.0,56.0,16.0,#AB2043
38.0,58.0,-38.0,#942898
38.0,60.0,-70.0,#722FCE
38.0,60.0,-54.0,#8829B3
38.0,60.0,-22.0,#A21E7E
38.0,60.0,0.0,#AB185C
38.0,62.0,6.0,#AF0E52
38.0,62.0,18.0,#B20A40
38.0,64.0,-28.0,#A31388
38.0,66.0,-64.0,#8620C3
38.0,66.0,-58.0,#8D1DB9
38.0,66.0,-4.0,#B10062
38.0,66.0,38.0,#BA0020
38.0,66.0,62.0,#BC0000
38.0,68.0,-84.0,#6827E6
38.0,68.0,-12.0,#B0006F
38.0,68.0,8.0,#B70050
38.0,68.0,20.0,#BA003D
38.0,68.0,44.0,#BD0016
38.0,70.0,-98.0,#422BFE
38.0,70.0,14.0,#BB0047
38.0,72.0,-40.0,#A6009C
38.0,72.0,-6.0,#B70065
38.0,74.0,0.0,#BC005C
38.0,76.0,-16.0,#B80075
38.0,76.0,12.0,#C1004A
38.0,78.0,-36.0,#B10095
38.0,80.0,34.0,#C90029
38.0,80.0,54.0,#CB0003
38.0,82.0,-86.0,#8200EA
38.0,82.0,-58.0,#A600BA
38.0,82.0,-18.0,#BF0079
38.0,82.0,-4.0,#C40063
38.0,84.0,-50.0,#AF00AC
38.0,84.0,40.0,#CE0020
38.0,86.0,14.0,#CD0048
38.0,88.0,-16.0,#C70076
38.0,90.0,26.0,#D30036
38.0,92.0,18.0,#D40042
38.0,94.0,-64.0,#B100C4
38.0,94.0,-18.0,#CD0079
38.0,98.0,2.0,#D8005B
38.0,102.0,-68.0,#B900CB
38.0,106.0,-36.0,#D40096
38.0,108.0,-100.0,#9C00FF
38.0,108.0,-30.0,#D9008D
38.0,110.0,-56.0,#CD00B7
38.0,112.0,-94.0,#AC00F8
38.0,116.0,-78.0,#C400DC
38.0,118.0,-60.0,#D500BE
38.0,122.0,-80.0,#CA00E0
38.0,124.0,-86.0,#C700EA
39.0,-128.0,4.0,#007A53
39.0,-128.0,34.0,#00791B
39.0,-128.0,42.0,#007900
39.0,-124.0,48.0,#007900
39.0,-120.0,-2.0,#007A5D
39.0,-120.0,16.0,#00793F
39.0,-120.0,24.0,#007930
39.0,-120.0,32.0,#007920
39.0,-118.0,50.0,#007800
39.0,-114.0,-4.0,#007960
39.0,-112.0,14.0,#007842
39.0,-112.0,20.0,#007838
39.0,-112.0,26.0,#00782D
39.0,-112.0,34.0,#00781C
39.0,-112.0,42.0,#007801
39.0,-110.0,48.0,#007700
39.0,-104.0,2.0,#007857
39.0,-104.0,8.0,#00784D
39.0,-104.0,14.0,#007742
39.0,-104.0,20.0,#007738
39.0,-104.0,26.0,#00772D
39.0,-104.0,34.0,#00771C
39.0,-104.0,42.0,#007702
39.0,-102.0,-10.0,#00786A
39.0,-102.0,48.0,#007600
39.0,-100.0,-20.0,#00797B
39.0,-98.0,-4.0,#007761
39.0,-96.0,-14.0,#007871
39.0,-96.0,2.0,#007757
39.0,-96.0,8.0,#00774D
39.0,-96.0,14.0,#007643
39.0,-96.0,20.0,#007638
39.0,-96.0,26.0,#00762D
39.0,-96.0,32.0,#007621
39.0,-96.0,40.0,#00760A
39.0,-94.0,-24.0,#007881
39.0,-92.0,-18.0,#007778
39.0,-92.0,-6.0,#007764
39.0,-88.0,-22.0,#00777E
39.0,-88.0,-12.0,#00766E
39.0,-88.0,0.0,#00765A
39.0,-88.0,6.0,#007550
39.0,-88.0,12.0,#007546
39.0,-88.0,18.0,#00753C
39.0,-88.0,24.0,#007531
39.0,-88.0,30.0,#007525
39.0,-88.0,36.0,#007518
39.0,-88.0,44.0,#007500
39.0,-88.0,54.0,#007400
39.0,-84.0,-16.0,#007674
39.0,-84.0,-6.0,#007564
39.0,-82.0,48.0,#007400
39.0,-80.0,-22.0,#00767E
39.0,-80.0,0.0,#00745A
39.0,-80.0,6.0,#007450
39.0,-80.0,12.0,#007446
39.0,-80.0,18.0,#00743C
39.0,-80.0,24.0,#007431
39.0,-80.0,30.0,#007326
39.0,-80.0,36.0,#007318
39.0,-80.0,42.0,#007304
39.0,-80.0,54.0,#007300
39.0,-78.0,-10.0,#00756B
39.0,-76.0,-16.0,#007574
39.0,-74.0,-26.0,#007585
39.0,-74.0,-4.0,#007461
39.0,-74.0,38.0,#007213
39.0,-74.0,44.0,#007200
39.0,-74.0,52.0,#007200
39.0,-72.0,-20.0,#00747B
39.0,-72.0,2.0,#007357
39.0,-72.0,8.0,#00734D
39.0,-72.0,14.0,#007243
39.0,-72.0,20.0,#007239
39.0,-72.0,26.0,#00722E
39.0,-72.0,32.0,#007222
39.0,-70.0,-10.0,#00736B
39.0,-68.0,-24.0,#007482
39.0,-68.0,-14.0,#007371
39.0,-68.0,-2.0,#00725E
39.0,-68.0,36.0,#007119
39.0,-68.0,42.0,#007105
39.0,-68.0,50.0,#007100
39.0,-66.0,-38.0,#007599
39.0,-66.0,-18.0,#007378
39.0,-66.0,-6.0,#007264
39.0,-66.0,10.0,#00714A
39.0,-66.0,16.0,#007140
39.0,-66.0,22.0,#007135
39.0,-66.0,28.0,#00712A
39.0,-66.0,56.0,#007000
39.0,-62.0,-26.0,#007385
39.0,-62.0,0.0,#00715A
39.0,-62.0,32.0,#007022
39.0,-62.0,38.0,#007014
39.0,-62.0,44.0,#007000
39.0,-60.0,-42.0,#0074A0
39.0,-60.0,-36.0,#007396
39.0,-60.0,-20.0,#00727B
39.0,-60.0,-16.0,#007275
39.0,-60.0,-8.0,#007168
39.0,-60.0,-4.0,#007161
39.0,-60.0,6.0,#007051
39.0,-60.0,12.0,#007047
39.0,-60.0,18.0,#00703C
39.0,-60.0,24.0,#007032
39.0,-60.0,50.0,#006F00
39.0,-58.0,56.0,#006F00
39.0,-56.0,28.0,#006F2B
39.0,-56.0,40.0,#006E0E
39.0,-54.0,-40.0,#00729C
39.0,-54.0,-34.0,#007292
39.0,-54.0,-28.0,#007188
39.0,-54.0,-18.0,#007078
39.0,-54.0,-14.0,#007071
39.0,-54.0,-10.0,#00706B
39.0,-54.0,-6.0,#007064
39.0,-54.0,-2.0,#006F5E
39.0,-54.0,8.0,#006F4D
39.0,-54.0,14.0,#006F43
39.0,-54.0,20.0,#006E39
39.0,-54.0,46.0,#006E00
39.0,-52.0,52.0,#006D00
39.0,-50.0,-22.0,#00707F
39.0,-50.0,4.0,#006E54
39.0,-50.0,24.0,#006D32
39.0,-50.0,30.0,#006D27
39.0,-50.0,58.0,#006D00
39.0,-48.0,-36.0,#007096
39.0,-48.0,-30.0,#00708C
39.0,-48.0,-16.0,#006F75
39.0,-48.0,-12.0,#006E6E
39.0,-48.0,-8.0,#006E68
39.0,-48.0,-4.0,#006E61
39.0,-48.0,0.0,#006E5B
39.0,-48.0,10.0,#006D4A
39.0,-48.0,16.0,#006D40
39.0,-48.0,42.0,#006C08
39.0,-46.0,-24.0,#006F82
39.0,-46.0,48.0,#036C00
39.0,-44.0,-18.0,#006E78
39.0,-44.0,20.0,#006C39
39.0,-44.0,32.0,#006B23
39.0,-44.0,54.0,#186B00
39.0,-42.0,-44.0,#006FA3
39.0,-42.0,-38.0,#006F99
39.0,-42.0,-32.0,#006E8F
39.0,-42.0,-10.0,#006D6B
39.0,-42.0,-6.0,#006C65
39.0,-42.0,10.0,#006C4A
39.0,-42.0,14.0,#006B44
39.0,-42.0,36.0,#106B1B
39.0,-42.0,42.0,#186B09
39.0,-40.0,-20.0,#006D7B
39.0,-40.0,48.0,#246A00
39.0,-40.0,58.0,#286A00
39.0,-38.0,-16.0,#006C75
39.0,-38.0,16.0,#006A41
39.0,-38.0,20.0,#076A3A
39.0,-38.0,26.0,#176A2F
39.0,-36.0,-56.0,#006FB7
39.0,-36.0,-48.0,#006EAA
39.0,-36.0,-42.0,#006EA0
39.0,-36.0,-36.0,#006D96
39.0,-36.0,-24.0,#006C82
39.0,-36.0,-8.0,#006B68
39.0,-36.0,-4.0,#006A61
39.0,-36.0,0.0,#006A5B
39.0,-36.0,10.0,#006A4B
39.0,-36.0,30.0,#246928
39.0,-36.0,36.0,#29691B
39.0,-36.0,50.0,#316900
39.0,-36.0,60.0,#346900
39.0,-34.0,-18.0,#006B78
39.0,-32.0,6.0,#046951
39.0,-32.0,20.0,#27683A
39.0,-32.0,44.0,#386803
39.0,-32.0,52.0,#3B6700
39.0,-30.0,-58.0,#006EBB
39.0,-30.0,-50.0,#006DAD
39.0,-30.0,-42.0,#006CA0
39.0,-30.0,-36.0,#006B96
39.0,-30.0,-30.0,#006A8C
39.0,-30.0,-24.0,#006A82
39.0,-30.0,-20.0,#006A7C
39.0,-30.0,-10.0,#00696B
39.0,-30.0,24.0,#316733
39.0,-30.0,30.0,#366728
39.0,-30.0,58.0,#406700
39.0,-28.0,-16.0,#006975
39.0,-28.0,4.0,#1A6755
39.0,-28.0,8.0,#23674E
39.0,-28.0,46.0,#416600
39.0,-26.0,-44.0,#006BA3
39.0,-26.0,-26.0,#006985
39.0,-26.0,-12.0,#00686F
39.0,-26.0,-4.0,#086762
39.0,-26.0,12.0,#306648
39.0,-26.0,16.0,#346641
39.0,-26.0,20.0,#38663A
39.0,-26.0,26.0,#3C6630
39.0,-26.0,38.0,#436617
39.0,-26.0,50.0,#466500
39.0,-26.0,60.0,#486500
39.0,-24.0,-62.0,#006CC2
39.0,-24.0,-54.0,#006BB4
39.0,-24.0,-38.0,#006999
39.0,-24.0,-32.0,#00698F
39.0,-24.0,-20.0,#00687C
39.0,-24.0,-8.0,#026768
39.0,-24.0,6.0,#2E6651
39.0,-24.0,30.0,#436528
39.0,-24.0,54.0,#4B6500
39.0,-22.0,-48.0,#006AAA
39.0,-22.0,-4.0,#226662
39.0,-22.0,0.0,#2A655B
39.0,-22.0,10.0,#38654B
39.0,-22.0,14.0,#3C6544
39.0,-22.0,38.0,#4A6418
39.0,-22.0,44.0,#4C6404
39.0,-22.0,62.0,#506400
39.0,-20.0,-42.0,#0068A0
39.0,-20.0,-34.0,#006793
39.0,-20.0,-28.0,#006789
39.0,-20.0,-22.0,#00667F
39.0,-20.0,-18.0,#006678
39.0,-20.0,4.0,#366555
39.0,-20.0,24.0,#486433
39.0,-20.0,30.0,#4B6429
39.0,-20.0,48.0,#506300
39.0,-20.0,54.0,#526300
39.0,-18.0,-56.0,#0069B7
39.0,-18.0,-14.0,#156572
39.0,-18.0,-10.0,#23656B
39.0,-18.0,-4.0,#306462
39.0,-18.0,6.0,#3E6452
39.0,-18.0,10.0,#42634B
39.0,-18.0,14.0,#456345
39.0,-18.0,18.0,#48633E
39.0,-18.0,34.0,#506321
39.0,-18.0,40.0,#526213
39.0,-18.0,62.0,#566200
39.0,-16.0,-50.0,#0068AD
39.0,-16.0,-42.0,#0067A0
39.0,-16.0,-34.0,#006693
39.0,-16.0,-22.0,#00657F
39.0,-16.0,-18.0,#0F6478
39.0,-16.0,-6.0,#336465
39.0,-16.0,2.0,#3E6358
39.0,-16.0,22.0,#4E6237
39.0,-16.0,26.0,#506230
39.0,-16.0,44.0,#566206
39.0,-16.0,50.0,#576200
39.0,-14.0,-60.0,#0068BE
39.0,-14.0,-14.0,#296372
39.0,-14.0,-10.0,#32636C
39.0,-14.0,-2.0,#3E625F
39.0,-14.0,4.0,#456255
39.0,-14.0,8.0,#48624E
39.0,-14.0,30.0,#556129
39.0,-14.0,36.0,#57611D
39.0,-14.0,54.0,#5B6100
39.0,-14.0,62.0,#5C6100
39.0,-12.0,-68.0,#0069CC
39.0,-12.0,-44.0,#0065A3
39.0,-12.0,-36.0,#006496
39.0,-12.0,-24.0,#0B6382
39.0,-12.0,-18.0,#266379
39.0,-12.0,-6.0,#3E6265
39.0,-12.0,0.0,#45615B
39.0,-12.0,18.0,#53613E
39.0,-12.0,22.0,#556037
39.0,-12.0,40.0,#5C6014
39.0,-12.0,46.0,#5D6000
39.0,-10.0,-20.0,#29627C
39.0,-10.0,-14.0,#366272
39.0,-10.0,-4.0,#456162
39.0,-10.0,2.0,#4B6058
39.0,-10.0,6.0,#4E6052
39.0,-10.0,10.0,#51604B
39.0,-10.0,14.0,#546045
39.0,-10.0,24.0,#595F34
39.0,-10.0,30.0,#5C5F29
39.0,-10.0,50.0,#615F00
39.0,-10.0,58.0,#625F00
39.0,-8.0,-50.0,#0064AD
39.0,-8.0,-42.0,#0063A0
39.0,-8.0,-28.0,#136289
39.0,-8.0,-16.0,#386175
39.0,-8.0,-2.0,#4B605F
39.0,-8.0,4.0,#515F55
39.0,-8.0,8.0,#545F4F
39.0,-8.0,16.0,#595F42
39.0,-8.0,20.0,#5B5F3B
39.0,-8.0,34.0,#605E22
39.0,-8.0,40.0,#625E14
39.0,-6.0,-18.0,#3A6079
39.0,-6.0,-8.0,#495F69
39.0,-6.0,-4.0,#4D5F62
39.0,-6.0,0.0,#515F5C
39.0,-6.0,4.0,#545F55
39.0,-6.0,8.0,#575E4F
39.0,-6.0,12.0,#5A5E48
39.0,-6.0,22.0,#5F5E38
39.0,-6.0,28.0,#615E2D
39.0,-6.0,44.0,#655D08
39.0,-6.0,52.0,#675D00
39.0,-6.0,60.0,#685D00
39.0,-4.0,-64.0,#0065C5
39.0,-4.0,-36.0,#006196
39.0,-4.0,-30.0,#22608C
39.0,-4.0,-16.0,#435F75
39.0,-4.0,-12.0,#485F6F
39.0,-4.0,-8.0,#4D5E69
39.0,-4.0,-4.0,#515E62
39.0,-4.0,0.0,#555E5C
39.0,-4.0,4.0,#585E55
39.0,-4.0,8.0,#5B5D4F
39.0,-4.0,12.0,#5D5D48
39.0,-4.0,16.0,#5F5D42
39.0,-4.0,24.0,#635D34
39.0,-4.0,32.0,#655C26
39.0,-4.0,38.0,#675C19
39.0,-2.0,-58.0,#0063BB
39.0,-2.0,-28.0,#315F89
39.0,-2.0,-20.0,#415E7C
39.0,-2.0,-16.0,#475E76
39.0,-2.0,-12.0,#4D5E6F
39.0,-2.0,-8.0,#515D69
39.0,-2.0,-4.0,#555D62
39.0,-2.0,0.0,#585D5C
39.0,-2.0,4.0,#5B5D55
39.0,-2.0,8.0,#5E5C4F
39.0,-2.0,12.0,#605C48
39.0,-2.0,16.0,#625C42
39.0,-2.0,20.0,#645C3B
39.0,-2.0,42.0,#6B5B0F
39.0,-2.0,50.0,#6C5B00
39.0,-2.0,58.0,#6D5B00
39.0,0.0,-26.0,#3C5E86
39.0,0.0,0.0,#5C5C5C
39.0,0.0,16.0,#655B42
39.0,0.0,20.0,#675B3B
39.0,0.0,24.0,#695B35
39.0,0.0,30.0,#6B5A2A
39.0,0.0,36.0,#6C5A1E
39.0,0.0,64.0,#705A00
39.0,2.0,-60.0,#0061BF
39.0,2.0,-36.0,#285E96
39.0,2.0,-24.0,#455D83
39.0,2.0,0.0,#5F5B5C
39.0,2.0,16.0,#685A42
39.0,2.0,20.0,#6A5A3B
39.0,2.0,40.0,#705915
39.0,2.0,46.0,#715903
39.0,2.0,54.0,#725900
39.0,4.0,-34.0,#365D93
39.0,4.0,16.0,#6B5942
39.0,4.0,20.0,#6D593C
39.0,4.0,24.0,#6E5835
39.0,4.0,36.0,#72581F
39.0,4.0,60.0,#755800
39.0,6.0,-28.0,#485B89
39.0,6.0,16.0,#6E5842
39.0,6.0,20.0,#70583C
39.0,6.0,28.0,#72572E
39.0,6.0,42.0,#765711
39.0,6.0,48.0,#775700
39.0,8.0,-26.0,#4F5A86
39.0,8.0,24.0,#745635
39.0,8.0,32.0,#765627
39.0,8.0,38.0,#78561B
39.0,8.0,54.0,#7A5500
39.0,8.0,62.0,#7B5500
39.0,10.0,-74.0,#0060D7
39.0,10.0,-24.0,#565883
39.0,10.0,-20.0,#5B587C
39.0,10.0,20.0,#75553C
39.0,10.0,28.0,#78552E
39.0,10.0,44.0,#7B540C
39.0,10.0,50.0,#7C5400
39.0,12.0,-70.0,#005ED0
39.0,12.0,-64.0,#005DC5
39.0,12.0,-32.0,#4F5890
39.0,12.0,-18.0,#615779
39.0,12.0,-14.0,#655673
39.0,12.0,18.0,#77543F
39.0,12.0,24.0,#795435
39.0,12.0,34.0,#7C5323
39.0,12.0,40.0,#7D5317
39.0,12.0,56.0,#7F5300
39.0,12.0,64.0,#805300
39.0,14.0,-40.0,#45589D
39.0,14.0,-26.0,#5C5686
39.0,14.0,-22.0,#605680
39.0,14.0,-12.0,#6A556F
39.0,14.0,-8.0,#6D5469
39.0,14.0,22.0,#7C5339
39.0,14.0,30.0,#7E522B
39.0,14.0,46.0,#815206
39.0,14.0,52.0,#815200
39.0,16.0,-70.0,#005CD0
39.0,16.0,-20.0,#66547C
39.0,16.0,-16.0,#6A5476
39.0,16.0,-6.0,#715366
39.0,16.0,28.0,#80512F
39.0,16.0,36.0,#825120
39.0,16.0,42.0,#835113
39.0,16.0,58.0,#845000
39.0,16.0,66.0,#855000
39.0,18.0,-28.0,#615489
39.0,18.0,-24.0,#655383
39.0,18.0,-14.0,#6F5273
39.0,18.0,-10.0,#72526C
39.0,18.0,24.0,#815036
39.0,18.0,34.0,#844F24
39.0,18.0,48.0,#864F00
39.0,18.0,54.0,#874F00
39.0,20.0,-18.0,#6E5179
39.0,20.0,-6.0,#775066
39.0,20.0,30.0,#854E2B
39.0,20.0,40.0,#874E18
39.0,22.0,-54.0,#3955B5
39.0,22.0,-44.0,#5153A4
39.0,22.0,-32.0,#645290
39.0,22.0,16.0,#844D43
39.0,22.0,28.0,#884D2F
39.0,22.0,36.0,#894C21
39.0,22.0,46.0,#8B4C08
39.0,22.0,52.0,#8B4C00
39.0,22.0,66.0,#8C4C00
39.0,24.0,-52.0,#4553B1
39.0,24.0,-38.0,#5F519A
39.0,24.0,34.0,#8B4B25
39.0,24.0,42.0,#8D4B14
39.0,24.0,58.0,#8E4A00
39.0,26.0,-32.0,#6B4F90
39.0,26.0,18.0,#8A4A40
39.0,26.0,30.0,#8D492C
39.0,26.0,48.0,#904902
39.0,26.0,54.0,#904900
39.0,26.0,64.0,#914900
39.0,28.0,-38.0,#674E9A
39.0,28.0,14.0,#8B4846
39.0,28.0,28.0,#8F4830
39.0,28.0,40.0,#914719
39.0,28.0,60.0,#934700
39.0,30.0,-92.0,#0058F6
39.0,30.0,18.0,#8F4740
39.0,30.0,22.0,#90463A
39.0,30.0,36.0,#934622
39.0,30.0,46.0,#94450A
39.0,30.0,54.0,#954500
39.0,32.0,-38.0,#6E4B9A
39.0,32.0,-12.0,#854770
39.0,32.0,28.0,#944430
39.0,32.0,60.0,#984300
39.0,32.0,66.0,#984300
39.0,34.0,-92.0,#0055F6
39.0,34.0,42.0,#994216
39.0,34.0,52.0,#9A4100
39.0,36.0,-36.0,#774797
39.0,36.0,-10.0,#8B436D
39.0,36.0,20.0,#97413D
39.0,36.0,28.0,#994030
39.0,36.0,48.0,#9C3F05
39.0,36.0,58.0,#9C3F00
39.0,36.0,66.0,#9D3F00
39.0,38.0,-46.0,#6F47A7
39.0,38.0,40.0,#9D3E1B
39.0,40.0,-96.0,#0051FE
39.0,40.0,-88.0,#004FEF
39.0,40.0,-6.0,#933F67
39.0,40.0,-2.0,#953E60
39.0,40.0,2.0,#963E5A
39.0,40.0,46.0,#A03B0D
39.0,40.0,54.0,#A13B00
39.0,40.0,64.0,#A23B00
39.0,42.0,-10.0,#933D6D
39.0,42.0,6.0,#9A3B54
39.0,42.0,22.0,#9F3A3B
39.0,42.0,26.0,#A03A34
39.0,42.0,30.0,#A0392D
39.0,42.0,60.0,#A43800
39.0,44.0,-96.0,#004EFE
39.0,44.0,-48.0,#7741AB
39.0,44.0,10.0,#9E384E
39.0,44.0,36.0,#A43623
39.0,44.0,40.0,#A4361C
39.0,46.0,-92.0,#004BF7
39.0,46.0,-58.0,#6D41BC
39.0,46.0,-2.0,#9C3761
39.0,46.0,2.0,#9E365A
39.0,46.0,14.0,#A23547
39.0,46.0,58.0,#A83300
39.0,46.0,66.0,#A93300
39.0,48.0,-102.0,#004CFF
39.0,48.0,-88.0,#0047F0
39.0,48.0,-64.0,#6740C6
39.0,48.0,-54.0,#773EB5
39.0,48.0,-46.0,#803CA8
39.0,48.0,24.0,#A63138
39.0,48.0,28.0,#A73131
39.0,48.0,32.0,#A8312B
39.0,50.0,-98.0,#0049FF
39.0,50.0,-42.0,#8838A1
39.0,50.0,-22.0,#973481
39.0,50.0,38.0,#AB2D20
39.0,50.0,44.0,#AC2D14
39.0,52.0,-94.0,#0045FA
39.0,52.0,-62.0,#723BC3
39.0,52.0,20.0,#AA2B3E
39.0,52.0,58.0,#AF2900
39.0,54.0,-68.0,#6C3ACD
39.0,54.0,4.0,#A82958
39.0,54.0,26.0,#AE2735
39.0,54.0,30.0,#AE262F
39.0,54.0,34.0,#AF2628
39.0,54.0,50.0,#B12505
39.0,56.0,-102.0,#0044FF
39.0,56.0,-4.0,#A82764
39.0,56.0,40.0,#B2211D
39.0,56.0,46.0,#B32111
39.0,58.0,-98.0,#0040FF
39.0,58.0,22.0,#B21E3C
39.0,60.0,-76.0,#6A34DB
39.0,60.0,-62.0,#812FC3
39.0,60.0,-8.0,#AB1E6B
39.0,64.0,-68.0,#802ACD
39.0,64.0,-16.0,#AD1377
39.0,64.0,24.0,#B90339
39.0,66.0,-78.0,#732BDE
39.0,66.0,-42.0,#9F18A1
39.0,68.0,-74.0,#7E24D7
39.0,68.0,-54.0,#9818B5
39.0,68.0,-48.0,#9D14AB
39.0,68.0,58.0,#C10000
39.0,70.0,26.0,#C00036
39.0,72.0,-30.0,#B0008E
39.0,72.0,54.0,#C50002
39.0,72.0,64.0,#C60000
39.0,74.0,-50.0,#A400AF
39.0,74.0,44.0,#C70019
39.0,74.0,50.0,#C7000D
39.0,76.0,-78.0,#870ADE
39.0,76.0,-66.0,#9700CA
39.0,76.0,24.0,#C7003A
39.0,78.0,-90.0,#7510F3
39.0,78.0,-46.0,#AD00A8
39.0,78.0,-24.0,#BA0085
39.0,78.0,66.0,#CC0000
39.0,80.0,-102.0,#5B16FF
39.0,80.0,-12.0,#C20072
39.0,80.0,48.0,#CE0013
39.0,80.0,62.0,#CE0000
39.0,84.0,-98.0,#7100FF
39.0,84.0,-30.0,#BF008E
39.0,86.0,-92.0,#8200F7
39.0,86.0,-64.0,#A900C7
39.0,86.0,-44.0,#B900A5
39.0,86.0,-36.0,#BE0098
39.0,86.0,-24.0,#C40085
39.0,86.0,46.0,#D40018
39.0,88.0,-58.0,#B100BD
39.0,88.0,6.0,#D10056
39.0,88.0,30.0,#D50032
39.0,90.0,-102.0,#7600FF
39.0,90.0,-70.0,#A900D1
39.0,92.0,-42.0,#C200A2
39.0,94.0,-24.0,#CE0085
39.0,96.0,-58.0,#BC00BD
39.0,100.0,-38.0,#CF009C
39.0,100.0,-10.0,#DA006F
39.0,102.0,-54.0,#C700B6
39.0,102.0,-24.0,#D70085
39.0,104.0,-16.0,#DD0079
39.0,106.0,-78.0,#B800DF
39.0,108.0,-62.0,#C900C4
39.0,108.0,-42.0,#D600A3
39.0,110.0,-88.0,#B300F0
39.0,110.0,-72.0,#C400D5
39.0,112.0,-50.0,#D700B0
39.0,114.0,-44.0,#DD00A6
39.0,118.0,-92.0,#BB00F8
40.0,-128.0,10.0,#007D4B
40.0,-128.0,18.0,#007C3D
40.0,-128.0,26.0,#007C2F
40.0,-122.0,4.0,#007C55
40.0,-120.0,10.0,#007C4B
40.0,-114.0,8.0,#007B4F
40.0,-110.0,-10.0,#007C6D
40.0,-106.0,-16.0,#007C77
40.0,-88.0,-28.0,#007A8B
40.0,-80.0,-32.0,#007991
40.0,-74.0,-34.0,#007895
40.0,-68.0,-32.0,#007791
40.0,-66.0,4.0,#007456
40.0,-52.0,-46.0,#0075A9
40.0,-46.0,-50.0,#0074B0
40.0,-44.0,26.0,#006E31
40.0,-42.0,6.0,#006E53
40.0,-36.0,4.0,#006D57
40.0,-34.0,40.0,#346B14
40.0,-32.0,12.0,#1D6B4A
40.0,-30.0,0.0,#006B5D
40.0,-28.0,34.0,#3F6922
40.0,-22.0,-16.0,#006978
40.0,-22.0,-12.0,#016971
40.0,-22.0,20.0,#43673D
40.0,-20.0,-8.0,#23686B
40.0,-18.0,0.0,#39665E
40.0,-16.0,-66.0,#006CCB
40.0,-14.0,16.0,#516444
40.0,-10.0,-10.0,#3F646E
40.0,-8.0,-70.0,#006AD2
40.0,-8.0,-8.0,#47636B
40.0,-8.0,26.0,#606133
40.0,-6.0,-22.0,#356382
40.0,-6.0,-12.0,#466271
40.0,-4.0,-52.0,#0065B4
40.0,-4.0,-20.0,#3F627F
40.0,-2.0,24.0,#685E37
40.0,0.0,-74.0,#0067D9
40.0,0.0,-20.0,#49607F
40.0,0.0,-16.0,#4E5F78
40.0,0.0,-12.0,#535F72
40.0,0.0,-8.0,#575F6B
40.0,0.0,-4.0,#5B5E65
40.0,0.0,4.0,#615E58
40.0,0.0,8.0,#645E51
40.0,0.0,12.0,#665E4B
40.0,2.0,-20.0,#4D5F7F
40.0,2.0,-16.0,#535E78
40.0,2.0,-12.0,#575E72
40.0,2.0,-8.0,#5B5E6B
40.0,2.0,-4.0,#5F5D65
40.0,2.0,4.0,#645D58
40.0,2.0,8.0,#675D51
40.0,2.0,12.0,#695D4B
40.0,2.0,24.0,#6E5C37
40.0,4.0,-20.0,#525E7F
40.0,4.0,-16.0,#575D78
40.0,4.0,-12.0,#5B5D72
40.0,4.0,-8.0,#5F5D6B
40.0,4.0,-4.0,#625C65
40.0,4.0,0.0,#655C5E
40.0,4.0,4.0,#685C58
40.0,4.0,8.0,#6A5C51
40.0,4.0,12.0,#6C5B4B
40.0,6.0,-62.0,#0062C5
40.0,6.0,-42.0,#265FA3
40.0,6.0,-20.0,#565D7F
40.0,6.0,-16.0,#5A5C78
40.0,6.0,-12.0,#5F5C72
40.0,6.0,-8.0,#625C6B
40.0,6.0,-4.0,#655B65
40.0,6.0,0.0,#685B5E
40.0,6.0,4.0,#6B5B58
40.0,6.0,8.0,#6D5A52
40.0,6.0,12.0,#6F5A4B
40.0,6.0,24.0,#745A37
40.0,8.0,-16.0,#5E5B78
40.0,8.0,-12.0,#625B72
40.0,8.0,-8.0,#665A6B
40.0,8.0,-4.0,#695A65
40.0,8.0,0.0,#6B5A5E
40.0,8.0,4.0,#6E5A58
40.0,8.0,8.0,#705952
40.0,8.0,12.0,#72594B
40.0,8.0,16.0,#745945
40.0,10.0,-50.0,#0F5EB0
40.0,10.0,-10.0,#67596F
40.0,10.0,-6.0,#6A5968
40.0,10.0,-2.0,#6D5962
40.0,10.0,2.0,#70595B
40.0,10.0,6.0,#725855
40.0,10.0,10.0,#74584E
40.0,12.0,-48.0,#2A5DAD
40.0,12.0,-4.0,#6F5865
40.0,12.0,0.0,#72575F
40.0,12.0,4.0,#745758
40.0,12.0,8.0,#765752
40.0,12.0,14.0,#795748
40.0,14.0,-2.0,#735662
40.0,14.0,2.0,#76565B
40.0,14.0,12.0,#7B554B
40.0,16.0,-32.0,#5A5893
40.0,16.0,0.0,#77555F
40.0,16.0,6.0,#7B5455
40.0,16.0,10.0,#7C544F
40.0,16.0,16.0,#7F5445
40.0,16.0,20.0,#80543E
40.0,18.0,-78.0,#005EE1
40.0,18.0,-52.0,#3459B4
40.0,18.0,-46.0,#4659AA
40.0,18.0,4.0,#7C5358
40.0,18.0,14.0,#815348
40.0,20.0,-38.0,#5A569D
40.0,20.0,-2.0,#7C5262
40.0,20.0,8.0,#815252
40.0,20.0,12.0,#83514C
40.0,20.0,18.0,#855142
40.0,20.0,22.0,#86513B
40.0,22.0,-78.0,#005CE1
40.0,22.0,-14.0,#775275
40.0,22.0,-10.0,#7A516F
40.0,22.0,2.0,#81505C
40.0,22.0,6.0,#835055
40.0,24.0,-28.0,#6E528C
40.0,24.0,-2.0,#824F62
40.0,24.0,10.0,#874E4F
40.0,24.0,14.0,#894E49
40.0,24.0,20.0,#8B4E3F
40.0,24.0,24.0,#8C4E38
40.0,26.0,-18.0,#7A4F7C
40.0,26.0,-14.0,#7D4F76
40.0,26.0,-10.0,#804E6F
40.0,26.0,-6.0,#824E69
40.0,26.0,2.0,#874D5C
40.0,26.0,6.0,#884D56
40.0,28.0,-84.0,#0059EB
40.0,28.0,-50.0,#5752B1
40.0,28.0,-28.0,#754F8C
40.0,28.0,10.0,#8D4B4F
40.0,28.0,24.0,#914A39
40.0,30.0,-8.0,#874B6C
40.0,30.0,-4.0,#894B66
40.0,30.0,0.0,#8B4A5F
40.0,30.0,4.0,#8D4A59
40.0,32.0,-74.0,#0054DA
40.0,32.0,-22.0,#804B83
40.0,32.0,-18.0,#834A7C
40.0,32.0,8.0,#914853
40.0,32.0,34.0,#984628
40.0,34.0,-80.0,#0054E4
40.0,34.0,-70.0,#2F51D3
40.0,34.0,-30.0,#7D4A90
40.0,34.0,-2.0,#8F4763
40.0,34.0,2.0,#91465C
40.0,34.0,12.0,#95464C
40.0,34.0,16.0,#964546
40.0,36.0,-56.0,#5E4DBB
40.0,36.0,-26.0,#834889
40.0,36.0,6.0,#954456
40.0,36.0,24.0,#9B4339
40.0,38.0,-80.0,#0051E4
40.0,38.0,-70.0,#404ED3
40.0,38.0,-22.0,#894583
40.0,38.0,-18.0,#8C457C
40.0,38.0,10.0,#994250
40.0,40.0,14.0,#9D3F49
40.0,40.0,18.0,#9E3F43
40.0,42.0,-70.0,#4D4BD3
40.0,42.0,-16.0,#934079
40.0,44.0,-64.0,#6147C9
40.0,44.0,-28.0,#8E408D
40.0,44.0,-22.0,#923F83
40.0,46.0,-82.0,#2C4AE8
40.0,46.0,-6.0,#9D3A69
40.0,46.0,20.0,#A63740
40.0,48.0,6.0,#A53656
40.0,48.0,50.0,#AD3306
40.0,50.0,-30.0,#953890
40.0,50.0,10.0,#A83250
40.0,52.0,-86.0,#3645EF
40.0,52.0,-76.0,#5942DE
40.0,52.0,-8.0,#A4326D
40.0,52.0,0.0,#A73060
40.0,54.0,-40.0,#9235A1
40.0,54.0,68.0,#B52800
40.0,56.0,-84.0,#4E40EC
40.0,56.0,-52.0,#8A35B5
40.0,56.0,12.0,#B0274D
40.0,58.0,-80.0,#5F3BE5
40.0,58.0,8.0,#B12454
40.0,58.0,62.0,#B91F00
40.0,60.0,-94.0,#323EFD
40.0,60.0,-44.0,#982CA7
40.0,60.0,30.0,#B81B31
40.0,60.0,36.0,#B91A27
40.0,60.0,54.0,#BB1900
40.0,60.0,68.0,#BC1800
40.0,62.0,-90.0,#4D3AF6
40.0,62.0,-32.0,#A42494
40.0,62.0,14.0,#B8174B
40.0,62.0,42.0,#BC121D
40.0,62.0,60.0,#BE1100
40.0,64.0,-86.0,#6035EF
40.0,64.0,4.0,#B7115A
40.0,64.0,10.0,#B90F51
40.0,64.0,48.0,#BF0611
40.0,64.0,66.0,#C00400
40.0,66.0,-22.0,#AF1384
40.0,66.0,34.0,#C0002B
40.0,68.0,-100.0,#3935FF
40.0,68.0,-92.0,#5A31FA
40.0,68.0,-34.0,#AB1197
40.0,68.0,16.0,#BF0048
40.0,70.0,-18.0,#B6007D
40.0,72.0,-82.0,#7B23E8
40.0,72.0,6.0,#C10058
40.0,72.0,36.0,#C70029
40.0,74.0,-100.0,#522AFF
40.0,74.0,-92.0,#6A24FA
40.0,74.0,-38.0,#B0009E
40.0,76.0,-56.0,#A500BC
40.0,78.0,2.0,#C7005E
40.0,78.0,38.0,#CE0026
40.0,80.0,-52.0,#AE00B5
40.0,80.0,8.0,#CB0055
40.0,82.0,20.0,#D00043
40.0,82.0,28.0,#D10037
40.0,84.0,-72.0,#A000D7
40.0,84.0,34.0,#D4002E
40.0,86.0,-78.0,#9C00E2
40.0,86.0,52.0,#D8000F
40.0,90.0,-88.0,#9400F3
40.0,90.0,-4.0,#D30068
40.0,90.0,38.0,#DB0028
40.0,92.0,-94.0,#8E00FE
40.0,92.0,-82.0,#A000E9
40.0,92.0,-50.0,#C000B2
40.0,92.0,-10.0,#D40072
40.0,94.0,-36.0,#CB009B
40.0,94.0,32.0,#DF0032
40.0,96.0,-90.0,#9C00F7
40.0,96.0,-30.0,#D10091
40.0,96.0,8.0,#DD0056
40.0,98.0,-98.0,#9300FF
40.0,98.0,-44.0,#CC00A8
40.0,98.0,-4.0,#DD0069
40.0,98.0,14.0,#E1004D
40.0,98.0,20.0,#E20044
40.0,100.0,-80.0,#B000E5
40.0,100.0,-72.0,#B900D7
40.0,102.0,-32.0,#D70095
40.0,104.0,-92.0,#A700FA
40.0,118.0,-72.0,#D200D8
41.0,-128.0,-2.0,#008062
41.0,-122.0,-6.0,#008068
41.0,-120.0,42.0,#007E08
41.0,-118.0,54.0,#007E00
41.0,-116.0,-10.0,#007F6F
41.0,-112.0,2.0,#007E5B
41.0,-110.0,56.0,#007D00
41.0,-104.0,-2.0,#007E62
41.0,-102.0,54.0,#007C00
41.0,-100.0,-12.0,#007E73
41.0,-96.0,-22.0,#007E83
41.0,-94.0,-16.0,#007D79
41.0,-94.0,54.0,#007B00
41.0,-92.0,-10.0,#007C6F
41.0,-90.0,60.0,#007A00
41.0,-86.0,-14.0,#007C76
41.0,-82.0,-18.0,#007B7D
41.0,-78.0,48.0,#007800
41.0,-78.0,60.0,#007800
41.0,-76.0,-22.0,#007B83
41.0,-76.0,26.0,#007832
41.0,-76.0,32.0,#007826
41.0,-74.0,-6.0,#007969
41.0,-72.0,0.0,#00785F
41.0,-72.0,62.0,#007700
41.0,-70.0,-38.0,#007B9E
41.0,-70.0,48.0,#007700
41.0,-66.0,-8.0,#00786C
41.0,-66.0,-4.0,#007766
41.0,-64.0,-40.0,#007AA1
41.0,-64.0,-22.0,#007883
41.0,-64.0,60.0,#007500
41.0,-62.0,-12.0,#007773
41.0,-60.0,-6.0,#007669
41.0,-58.0,-44.0,#0079A8
41.0,-58.0,-38.0,#00789E
41.0,-58.0,-32.0,#007894
41.0,-58.0,-26.0,#00778A
41.0,-58.0,-2.0,#007663
41.0,-58.0,2.0,#00755C
41.0,-58.0,44.0,#007405
41.0,-56.0,50.0,#007300
41.0,-56.0,62.0,#007300
41.0,-54.0,34.0,#007323
41.0,-52.0,0.0,#00745F
41.0,-52.0,12.0,#00734B
41.0,-52.0,40.0,#007315
41.0,-50.0,46.0,#007200
41.0,-46.0,-42.0,#0075A5
41.0,-46.0,-20.0,#007480
41.0,-46.0,2.0,#00725C
41.0,-46.0,14.0,#007248
41.0,-46.0,64.0,#1C7100
41.0,-44.0,-12.0,#007273
41.0,-40.0,-52.0,#0075B6
41.0,-40.0,-26.0,#00728A
41.0,-40.0,-8.0,#00716D
41.0,-40.0,-4.0,#007166
41.0,-40.0,0.0,#007160
41.0,-40.0,12.0,#00704C
41.0,-40.0,32.0,#1D6F28
41.0,-40.0,38.0,#236F1B
41.0,-38.0,-12.0,#007173
41.0,-36.0,24.0,#236E37
41.0,-34.0,-28.0,#00718E
41.0,-34.0,-22.0,#007084
41.0,-34.0,-14.0,#007077
41.0,-34.0,8.0,#056E53
41.0,-34.0,16.0,#1F6E45
41.0,-32.0,64.0,#436C00
41.0,-28.0,-6.0,#006D6A
41.0,-28.0,6.0,#256C56
41.0,-28.0,10.0,#2C6C4F
41.0,-28.0,14.0,#316C49
41.0,-28.0,22.0,#3A6C3B
41.0,-28.0,28.0,#3E6C30
41.0,-28.0,66.0,#4B6B00
41.0,-26.0,0.0,#206C60
41.0,-24.0,-26.0,#006D8B
41.0,-24.0,-4.0,#1F6B67
41.0,-24.0,4.0,#306B59
41.0,-24.0,8.0,#356B53
41.0,-24.0,16.0,#3E6A46
41.0,-24.0,24.0,#446A38
41.0,-24.0,42.0,#4D6A12
41.0,-22.0,-60.0,#0070C4
41.0,-22.0,-52.0,#006FB6
41.0,-22.0,-32.0,#006D95
41.0,-22.0,-20.0,#006C81
41.0,-22.0,12.0,#3F6A4C
41.0,-22.0,34.0,#4E6925
41.0,-22.0,48.0,#526900
41.0,-20.0,-46.0,#006EAC
41.0,-20.0,-4.0,#2F6A67
41.0,-20.0,8.0,#406953
41.0,-20.0,16.0,#476946
41.0,-20.0,38.0,#53681D
41.0,-18.0,-40.0,#006CA2
41.0,-18.0,-34.0,#006C98
41.0,-18.0,-20.0,#006A81
41.0,-18.0,-12.0,#246A74
41.0,-18.0,28.0,#526831
41.0,-18.0,56.0,#5A6700
41.0,-16.0,-28.0,#006A8E
41.0,-16.0,-16.0,#21697A
41.0,-16.0,-8.0,#34696D
41.0,-16.0,-4.0,#3B6867
41.0,-16.0,6.0,#476856
41.0,-16.0,12.0,#4C674D
41.0,-16.0,20.0,#52673F
41.0,-16.0,32.0,#58672A
41.0,-14.0,-42.0,#006BA5
41.0,-14.0,-34.0,#006A98
41.0,-14.0,-22.0,#126984
41.0,-14.0,-18.0,#24687E
41.0,-14.0,-12.0,#336874
41.0,-14.0,0.0,#456760
41.0,-14.0,24.0,#576638
41.0,-14.0,50.0,#606600
41.0,-14.0,58.0,#616500
41.0,-14.0,66.0,#626500
41.0,-12.0,-62.0,#006DC7
41.0,-12.0,-50.0,#006BB3
41.0,-12.0,-28.0,#00698E
41.0,-12.0,-14.0,#356777
41.0,-12.0,-8.0,#40676D
41.0,-12.0,-4.0,#456767
41.0,-12.0,2.0,#4C665D
41.0,-12.0,10.0,#526650
41.0,-12.0,28.0,#5D6531
41.0,-10.0,-44.0,#0069A9
41.0,-10.0,-36.0,#00689B
41.0,-10.0,-24.0,#226788
41.0,-10.0,-18.0,#33677E
41.0,-10.0,-6.0,#47666A
41.0,-10.0,-2.0,#4C6664
41.0,-10.0,4.0,#52655A
41.0,-10.0,20.0,#5C653F
41.0,-10.0,44.0,#65640E
41.0,-10.0,66.0,#686400
41.0,-8.0,-60.0,#006BC4
41.0,-8.0,-32.0,#006795
41.0,-8.0,-20.0,#356681
41.0,-8.0,-14.0,#416677
41.0,-8.0,-4.0,#4E6567
41.0,-8.0,0.0,#526560
41.0,-8.0,6.0,#576457
41.0,-8.0,10.0,#5A6450
41.0,-8.0,14.0,#5C644A
41.0,-8.0,22.0,#61643C
41.0,-6.0,-46.0,#0068AC
41.0,-6.0,-38.0,#00679F
41.0,-6.0,-28.0,#27668E
41.0,-6.0,-16.0,#43657B
41.0,-6.0,16.0,#616346
41.0,-6.0,40.0,#6A621A
41.0,-4.0,-58.0,#0069C1
41.0,-4.0,-14.0,#4B6477
41.0,-4.0,-10.0,#506371
41.0,-4.0,-6.0,#54636A
41.0,-4.0,-2.0,#586364
41.0,-4.0,2.0,#5B635D
41.0,-4.0,6.0,#5E6257
41.0,-4.0,10.0,#616250
41.0,-4.0,14.0,#63624A
41.0,-4.0,18.0,#656243
41.0,-4.0,22.0,#67623C
41.0,-4.0,68.0,#716100
41.0,-2.0,-46.0,#0066AC
41.0,-2.0,-32.0,#2B6495
41.0,-2.0,-18.0,#49637E
41.0,-2.0,-14.0,#4F6377
41.0,-2.0,-10.0,#546271
41.0,-2.0,-6.0,#58626A
41.0,-2.0,-2.0,#5B6264
41.0,-2.0,2.0,#5F625D
41.0,-2.0,6.0,#626157
41.0,-2.0,10.0,#646150
41.0,-2.0,14.0,#66614A
41.0,-2.0,18.0,#686143
41.0,-2.0,36.0,#6F6023
41.0,0.0,-64.0,#0068CB
41.0,0.0,-42.0,#0065A6
41.0,2.0,-52.0,#0065B6
41.0,2.0,-40.0,#1E63A2
41.0,2.0,36.0,#745E23
41.0,2.0,50.0,#775E00
41.0,2.0,58.0,#785E00
41.0,4.0,-72.0,#0067D9
41.0,4.0,-48.0,#0063B0
41.0,4.0,-32.0,#406195
41.0,4.0,-28.0,#48618E
41.0,4.0,28.0,#755D32
41.0,4.0,64.0,#7B5C00
41.0,6.0,-68.0,#0065D2
41.0,6.0,-54.0,#0063BA
41.0,6.0,-26.0,#50608B
41.0,6.0,32.0,#795C2B
41.0,6.0,38.0,#7A5C1F
41.0,6.0,52.0,#7D5B00
41.0,8.0,-38.0,#3E609F
41.0,8.0,-34.0,#475F98
41.0,8.0,-24.0,#575E88
41.0,8.0,28.0,#7B5B33
41.0,8.0,58.0,#805A00
41.0,8.0,66.0,#815A00
41.0,10.0,-32.0,#505E95
41.0,10.0,-22.0,#5E5D85
41.0,10.0,24.0,#7C5A3A
41.0,10.0,34.0,#7F5928
41.0,10.0,40.0,#80591C
41.0,10.0,54.0,#825900
41.0,12.0,-40.0,#455EA2
41.0,12.0,-30.0,#575D92
41.0,12.0,-26.0,#5D5C8B
41.0,12.0,-20.0,#645C81
41.0,12.0,-16.0,#685B7B
41.0,12.0,30.0,#80582F
41.0,12.0,60.0,#855800
41.0,12.0,68.0,#865800
41.0,14.0,-76.0,#0062E0
41.0,14.0,-60.0,#0060C4
41.0,14.0,-38.0,#4F5C9F
41.0,14.0,-24.0,#635B88
41.0,14.0,-14.0,#6D5A78
41.0,14.0,-10.0,#705971
41.0,14.0,26.0,#825736
41.0,14.0,36.0,#855724
41.0,14.0,42.0,#865717
41.0,16.0,-36.0,#575B9C
41.0,16.0,-22.0,#695985
41.0,16.0,-18.0,#6D597E
41.0,16.0,-8.0,#75586E
41.0,16.0,32.0,#86562C
41.0,18.0,-68.0,#005FD2
41.0,18.0,-60.0,#015DC4
41.0,18.0,-30.0,#645992
41.0,18.0,-26.0,#68588B
41.0,18.0,-16.0,#72577B
41.0,18.0,-12.0,#755775
41.0,18.0,-6.0,#79566B
41.0,18.0,28.0,#885433
41.0,18.0,38.0,#8A5421
41.0,18.0,44.0,#8B5413
41.0,20.0,-66.0,#005DCF
41.0,20.0,-58.0,#285CC1
41.0,20.0,-24.0,#6E5788
41.0,20.0,-20.0,#725682
41.0,20.0,34.0,#8C5329
41.0,20.0,62.0,#8F5200
41.0,20.0,70.0,#905200
41.0,22.0,-30.0,#6B5692
41.0,22.0,-18.0,#77557E
41.0,22.0,-6.0,#7F546B
41.0,22.0,32.0,#8E512D
41.0,22.0,40.0,#90511D
41.0,22.0,58.0,#925100
41.0,24.0,-72.0,#005CD9
41.0,24.0,-66.0,#005ACF
41.0,24.0,-58.0,#3A59C1
41.0,24.0,-24.0,#755488
41.0,24.0,64.0,#954F00
41.0,26.0,-64.0,#2959CB
41.0,26.0,-56.0,#4757BE
41.0,26.0,34.0,#934E29
41.0,26.0,40.0,#954E1E
41.0,26.0,70.0,#974D00
41.0,28.0,-54.0,#5155BA
41.0,28.0,-44.0,#6454A9
41.0,28.0,-34.0,#715299
41.0,28.0,-24.0,#7B5188
41.0,28.0,64.0,#994C00
41.0,30.0,-64.0,#3B56CB
41.0,30.0,-42.0,#6B52A6
41.0,30.0,40.0,#994A1E
41.0,30.0,70.0,#9C4A00
41.0,32.0,-62.0,#4954C8
41.0,32.0,-34.0,#784F99
41.0,32.0,-14.0,#894C78
41.0,34.0,-88.0,#0058F5
41.0,34.0,-58.0,#5851C1
41.0,34.0,-42.0,#724EA6
41.0,34.0,40.0,#9E471F
41.0,34.0,58.0,#A04600
41.0,34.0,70.0,#A14600
41.0,36.0,-48.0,#6E4EB0
41.0,36.0,-12.0,#904875
41.0,36.0,-8.0,#92486F
41.0,36.0,34.0,#A0452A
41.0,38.0,-40.0,#7C4AA3
41.0,38.0,46.0,#A44212
41.0,38.0,58.0,#A54200
41.0,38.0,70.0,#A64200
41.0,40.0,-64.0,#5A4DCC
41.0,40.0,-54.0,#6D4BBA
41.0,40.0,-36.0,#83489C
41.0,40.0,-4.0,#994368
41.0,40.0,0.0,#9B4362
41.0,40.0,4.0,#9D435C
41.0,42.0,-32.0,#8A4596
41.0,42.0,8.0,#A14055
41.0,42.0,46.0,#A93E13
41.0,42.0,52.0,#A93E00
41.0,42.0,70.0,#AA3D00
41.0,44.0,-52.0,#7847B7
41.0,44.0,-44.0,#8145AA
41.0,44.0,12.0,#A43D4F
41.0,46.0,-70.0,#5B49D6
41.0,46.0,-40.0,#8942A3
41.0,46.0,16.0,#A83A49
41.0,46.0,44.0,#AD3918
41.0,48.0,-50.0,#8142B4
41.0,48.0,-36.0,#903F9D
41.0,48.0,-18.0,#9D3C7F
41.0,48.0,-12.0,#A03B75
41.0,48.0,26.0,#AD3739
41.0,48.0,30.0,#AD3732
41.0,48.0,34.0,#AE362C
41.0,48.0,56.0,#B03600
41.0,48.0,62.0,#B13500
41.0,48.0,70.0,#B13500
41.0,50.0,-80.0,#4B48E7
41.0,50.0,-68.0,#6A44D3
41.0,50.0,-58.0,#7A41C1
41.0,50.0,14.0,#AC354C
41.0,52.0,18.0,#B03146
41.0,52.0,22.0,#B13140
41.0,54.0,-94.0,#0048FF
41.0,54.0,-56.0,#843CBE
41.0,54.0,-22.0,#A23486
41.0,54.0,-16.0,#A6337C
41.0,54.0,28.0,#B42D36
41.0,54.0,32.0,#B52D30
41.0,54.0,36.0,#B52C29
41.0,54.0,56.0,#B72B00
41.0,56.0,-74.0,#6B3FDD
41.0,56.0,-62.0,#803BC8
41.0,56.0,-34.0,#9D3399
41.0,56.0,-28.0,#A13290
41.0,56.0,42.0,#B8281E
41.0,58.0,-70.0,#773BD6
41.0,58.0,-48.0,#9434B1
41.0,58.0,-12.0,#AD2B76
41.0,58.0,20.0,#B72543
41.0,58.0,24.0,#B8253D
41.0,60.0,-24.0,#A92989
41.0,60.0,-18.0,#AC2880
41.0,60.0,0.0,#B42463
41.0,62.0,-100.0,#1340FF
41.0,62.0,-56.0,#922FBE
41.0,62.0,-38.0,#A229A0
41.0,64.0,-74.0,#7C33DD
41.0,64.0,-50.0,#9B29B4
41.0,64.0,22.0,#BF1241
41.0,66.0,-66.0,#8C2BCF
41.0,66.0,-28.0,#AF1B90
41.0,66.0,-4.0,#BA1169
41.0,66.0,28.0,#C20537
41.0,66.0,40.0,#C40223
41.0,66.0,54.0,#C50004
41.0,68.0,-84.0,#7230EF
41.0,68.0,-60.0,#9724C5
41.0,68.0,-40.0,#A91AA4
41.0,68.0,-10.0,#BA0773
41.0,68.0,46.0,#C70018
41.0,72.0,-68.0,#941DD3
41.0,72.0,30.0,#C90035
41.0,72.0,58.0,#CC0000
41.0,74.0,-74.0,#8F1BDD
41.0,74.0,-62.0,#9E10C9
41.0,74.0,-4.0,#C4006A
41.0,74.0,14.0,#C9004E
41.0,74.0,20.0,#CA0044
41.0,74.0,70.0,#CF0000
41.0,76.0,-16.0,#C2007D
41.0,76.0,-10.0,#C40073
41.0,76.0,54.0,#D00008
41.0,78.0,-70.0,#9B00D6
41.0,78.0,-34.0,#BB009A
41.0,78.0,32.0,#D00032
41.0,78.0,44.0,#D2001E
41.0,80.0,-64.0,#A600CC
41.0,80.0,-42.0,#B800A7
41.0,82.0,-58.0,#AE00C2
41.0,82.0,-4.0,#CD006A
41.0,82.0,56.0,#D70005
41.0,84.0,-16.0,#CB007D
41.0,84.0,-10.0,#CE0074
41.0,84.0,40.0,#D80026
41.0,86.0,2.0,#D40061
41.0,86.0,14.0,#D7004F
41.0,92.0,-76.0,#AB00E1
41.0,92.0,-16.0,#D5007D
41.0,92.0,18.0,#DE0049
41.0,94.0,-64.0,#BA00CD
41.0,94.0,2.0,#DD0061
41.0,104.0,-50.0,#D300B5
41.0,108.0,-38.0,#DF00A1
41.0,110.0,-56.0,#D700BF
41.0,112.0,-94.0,#B500FF
41.0,112.0,-84.0,#C100EF
41.0,116.0,-78.0,#CD00E5
41.0,118.0,-60.0,#DE00C6
41.0,122.0,-80.0,#D400E9
41.0,124.0,-86.0,#D100F3
42.0,-128.0,6.0,#008357
42.0,-118.0,20.0,#00813F
42.0,-116.0,14.0,#008149
42.0,-110.0,20.0,#00803F
42.0,-108.0,10.0,#008050
42.0,-106.0,26.0,#008034
42.0,-104.0,16.0,#008046
42.0,-100.0,6.0,#008057
42.0,-100.0,28.0,#007F30
42.0,-98.0,20.0,#007F3F
42.0,-96.0,-4.0,#007F68
42.0,-96.0,12.0,#007F4D
42.0,-94.0,26.0,#007E34
42.0,-92.0,-26.0,#00808C
42.0,-92.0,2.0,#007F5E
42.0,-92.0,18.0,#007E43
42.0,-92.0,32.0,#007E28
42.0,-90.0,-20.0,#008082
42.0,-88.0,8.0,#007E54
42.0,-86.0,20.0,#007D3F
42.0,-86.0,26.0,#007D34
42.0,-84.0,-30.0,#007F93
42.0,-84.0,-24.0,#007F89
42.0,-84.0,-2.0,#007D65
42.0,-84.0,12.0,#007D4D
42.0,-84.0,32.0,#007C28
42.0,-80.0,-6.0,#007D6B
42.0,-80.0,2.0,#007D5E
42.0,-80.0,16.0,#007C46
42.0,-78.0,-34.0,#007F9A
42.0,-76.0,-28.0,#007E90
42.0,-76.0,-12.0,#007D75
42.0,-76.0,6.0,#007C57
42.0,-74.0,-16.0,#007C7C
42.0,-74.0,40.0,#007A16
42.0,-72.0,10.0,#007B51
42.0,-72.0,16.0,#007A47
42.0,-70.0,-30.0,#007D93
42.0,-70.0,-24.0,#007C89
42.0,-70.0,22.0,#007A3C
42.0,-68.0,-14.0,#007B79
42.0,-68.0,36.0,#007920
42.0,-68.0,42.0,#007910
42.0,-66.0,-18.0,#007B7F
42.0,-66.0,12.0,#00794D
42.0,-66.0,26.0,#007935
42.0,-64.0,-28.0,#007B90
42.0,-64.0,16.0,#007947
42.0,-62.0,20.0,#007840
42.0,-62.0,30.0,#00782D
42.0,-62.0,38.0,#00781C
42.0,-60.0,-16.0,#00797C
42.0,-60.0,6.0,#007858
42.0,-60.0,10.0,#007851
42.0,-58.0,14.0,#00774A
42.0,-58.0,24.0,#007739
42.0,-56.0,18.0,#007743
42.0,-54.0,-18.0,#007880
42.0,-54.0,-14.0,#007879
42.0,-54.0,8.0,#007754
42.0,-52.0,-28.0,#007890
42.0,-52.0,-22.0,#007886
42.0,-52.0,-10.0,#007772
42.0,-52.0,-6.0,#00776C
42.0,-52.0,22.0,#00763D
42.0,-50.0,-50.0,#007AB5
42.0,-50.0,26.0,#007535
42.0,-48.0,-36.0,#00789E
42.0,-48.0,-16.0,#00767C
42.0,-46.0,-30.0,#007794
42.0,-46.0,-24.0,#00768A
42.0,-46.0,-8.0,#00756F
42.0,-46.0,-4.0,#007569
42.0,-46.0,8.0,#007555
42.0,-46.0,20.0,#007440
42.0,-46.0,52.0,#197300
42.0,-44.0,24.0,#007339
42.0,-44.0,30.0,#00732E
42.0,-42.0,-32.0,#007697
42.0,-42.0,-16.0,#00757C
42.0,-42.0,4.0,#00745B
42.0,-42.0,16.0,#007347
42.0,-40.0,-20.0,#007483
42.0,-40.0,8.0,#007355
42.0,-40.0,46.0,#2C7204
42.0,-40.0,52.0,#2F7200
42.0,-38.0,-42.0,#0076A8
42.0,-36.0,-36.0,#00759E
42.0,-36.0,54.0,#3A7000
42.0,-34.0,-8.0,#00726F
42.0,-34.0,-4.0,#007169
42.0,-34.0,0.0,#007162
42.0,-34.0,20.0,#287041
42.0,-34.0,44.0,#3B700D
42.0,-32.0,-60.0,#0076C7
42.0,-32.0,-52.0,#0075B9
42.0,-32.0,-44.0,#0074AB
42.0,-32.0,-38.0,#0073A1
42.0,-32.0,48.0,#416F00
42.0,-32.0,56.0,#446F00
42.0,-30.0,-32.0,#007297
42.0,-30.0,-16.0,#00717D
42.0,-30.0,-2.0,#007066
42.0,-30.0,2.0,#13705F
42.0,-30.0,34.0,#406F27
42.0,-28.0,-20.0,#007183
42.0,-28.0,-12.0,#007076
42.0,-28.0,38.0,#466E1F
42.0,-28.0,50.0,#4A6E00
42.0,-28.0,58.0,#4C6D00
42.0,-26.0,-46.0,#0072AF
42.0,-26.0,-38.0,#0071A1
42.0,-24.0,-16.0,#006F7D
42.0,-24.0,-12.0,#006E76
42.0,-24.0,28.0,#496D33
42.0,-24.0,60.0,#546C00
42.0,-22.0,-40.0,#0070A5
42.0,-22.0,-8.0,#206D70
42.0,-22.0,0.0,#326D62
42.0,-20.0,-66.0,#0073D1
42.0,-20.0,-16.0,#066D7D
42.0,-20.0,4.0,#3E6C5C
42.0,-20.0,24.0,#4F6B3A
42.0,-20.0,52.0,#596A00
42.0,-18.0,-52.0,#0070B9
42.0,-18.0,10.0,#496B52
42.0,-16.0,2.0,#456A5F
42.0,-16.0,16.0,#526A48
42.0,-16.0,38.0,#5C6920
42.0,-16.0,44.0,#5E6910
42.0,-14.0,-68.0,#0071D5
42.0,-14.0,-6.0,#406A6C
42.0,-14.0,8.0,#4F6956
42.0,-12.0,14.0,#58684C
42.0,-12.0,36.0,#626724
42.0,-10.0,16.0,#5D6748
42.0,-8.0,32.0,#67662D
42.0,-8.0,52.0,#6C6500
42.0,-6.0,-10.0,#4E6773
42.0,-6.0,-6.0,#52666D
42.0,-6.0,-2.0,#566666
42.0,-6.0,2.0,#5A6660
42.0,-6.0,6.0,#5D6659
42.0,-6.0,10.0,#606653
42.0,-6.0,28.0,#696534
42.0,-6.0,58.0,#706400
42.0,-4.0,-36.0,#0D689E
42.0,-4.0,-22.0,#406787
42.0,-4.0,0.0,#5C6563
42.0,-4.0,32.0,#6D642D
42.0,-4.0,44.0,#706312
42.0,-4.0,52.0,#726300
42.0,-2.0,0.0,#606463
42.0,-2.0,26.0,#6E6338
42.0,-2.0,58.0,#756200
42.0,0.0,-26.0,#44658E
42.0,0.0,0.0,#636363
42.0,0.0,16.0,#6D6249
42.0,0.0,20.0,#6F6242
42.0,0.0,24.0,#70623B
42.0,0.0,30.0,#726231
42.0,0.0,42.0,#766118
42.0,0.0,64.0,#796100
42.0,2.0,0.0,#676263
42.0,2.0,16.0,#706149
42.0,2.0,20.0,#726142
42.0,2.0,26.0,#746138
42.0,2.0,70.0,#7C6000
42.0,4.0,16.0,#736049
42.0,4.0,20.0,#756042
42.0,4.0,24.0,#76603C
42.0,4.0,42.0,#7B5F19
42.0,6.0,16.0,#765F49
42.0,6.0,20.0,#785F42
42.0,8.0,44.0,#815D14
42.0,10.0,20.0,#7D5C43
42.0,12.0,-66.0,#0064D1
42.0,12.0,18.0,#7F5B46
42.0,12.0,46.0,#865A0F
42.0,14.0,-46.0,#3F60AF
42.0,14.0,22.0,#845A40
42.0,16.0,48.0,#8C5809
42.0,16.0,54.0,#8D5700
42.0,16.0,62.0,#8D5700
42.0,16.0,72.0,#8E5700
42.0,18.0,24.0,#8A573C
42.0,20.0,-44.0,#555CAC
42.0,20.0,52.0,#925500
42.0,22.0,-42.0,#5D5AA9
42.0,22.0,16.0,#8C544A
42.0,22.0,28.0,#905436
42.0,24.0,48.0,#96520B
42.0,24.0,54.0,#975200
42.0,26.0,-78.0,#005EE6
42.0,26.0,18.0,#925147
42.0,26.0,30.0,#955133
42.0,28.0,-18.0,#835381
42.0,28.0,14.0,#94504D
42.0,28.0,28.0,#984F36
42.0,28.0,48.0,#9B4E0C
42.0,28.0,54.0,#9C4E00
42.0,30.0,18.0,#974E47
42.0,30.0,22.0,#994E41
42.0,32.0,-80.0,#005AEA
42.0,32.0,28.0,#9D4C37
42.0,32.0,46.0,#A04B13
42.0,34.0,-50.0,#6A52B6
42.0,36.0,-86.0,#0058F5
42.0,36.0,-80.0,#0057EA
42.0,36.0,20.0,#A04844
42.0,36.0,28.0,#A24837
42.0,36.0,52.0,#A54701
42.0,38.0,-76.0,#2D54E3
42.0,38.0,-20.0,#904A85
42.0,38.0,-16.0,#93497E
42.0,38.0,40.0,#A64522
42.0,40.0,-86.0,#0055F5
42.0,40.0,-46.0,#7B4CB0
42.0,40.0,-26.0,#8F498F
42.0,42.0,-82.0,#1D52EE
42.0,42.0,-76.0,#4051E3
42.0,42.0,-14.0,#99457B
42.0,42.0,-10.0,#9C4475
42.0,42.0,22.0,#A84241
42.0,42.0,26.0,#A8413B
42.0,42.0,30.0,#A94134
42.0,44.0,-24.0,#96448B
42.0,44.0,36.0,#AD3E2A
42.0,44.0,64.0,#AF3E00
42.0,46.0,-90.0,#0051FC
42.0,46.0,-62.0,#6F49CB
42.0,46.0,-2.0,#A53F68
42.0,46.0,2.0,#A63E62
42.0,50.0,-26.0,#9D3D8F
42.0,52.0,44.0,#B7321C
42.0,54.0,4.0,#B1325F
42.0,54.0,64.0,#BB2E00
42.0,56.0,-4.0,#B1306B
42.0,56.0,50.0,#BC2B0F
42.0,58.0,14.0,#B92A4F
42.0,60.0,-8.0,#B42972
42.0,60.0,34.0,#BF232F
42.0,62.0,-78.0,#743AE7
42.0,64.0,16.0,#C1194C
42.0,66.0,-94.0,#553BFF
42.0,66.0,-46.0,#A526B0
42.0,66.0,-16.0,#B81B7F
42.0,66.0,36.0,#C60B2C
42.0,68.0,-72.0,#8A2DDD
42.0,70.0,-90.0,#6C32FC
42.0,70.0,-52.0,#A51EBA
42.0,70.0,64.0,#CD0000
42.0,74.0,-24.0,#BE008C
42.0,76.0,-84.0,#8620F2
42.0,76.0,64.0,#D40000
42.0,78.0,60.0,#D60000
42.0,82.0,-94.0,#8012FF
42.0,82.0,-86.0,#8F04F5
42.0,82.0,-24.0,#C8008D
42.0,82.0,66.0,#DB0000
42.0,84.0,-80.0,#9C00EB
42.0,84.0,-48.0,#BD00B4
42.0,84.0,-30.0,#C80096
42.0,84.0,62.0,#DD0000
42.0,88.0,-96.0,#8900FF
42.0,88.0,-64.0,#B500CF
42.0,88.0,-56.0,#BC00C2
42.0,88.0,-42.0,#C600AA
42.0,88.0,24.0,#DE0042
42.0,88.0,30.0,#DF0038
42.0,88.0,46.0,#E0001F
42.0,90.0,-70.0,#B200DA
42.0,90.0,-24.0,#D2008D
42.0,92.0,36.0,#E40030
42.0,94.0,26.0,#E5003F
42.0,96.0,-56.0,#C700C2
42.0,98.0,-24.0,#DC008D
42.0,102.0,-66.0,#C700D3
42.0,102.0,-18.0,#E30084
42.0,102.0,0.0,#E90067
42.0,104.0,-60.0,#CF00C9
42.0,104.0,-12.0,#E8007A
42.0,106.0,-24.0,#E6008D
42.0,110.0,-72.0,#CD00DD
42.0,112.0,-64.0,#D700D0
42.0,116.0,-52.0,#E400BC
43.0,-128.0,-6.0,#00866D
43.0,-128.0,12.0,#00854F
43.0,-128.0,20.0,#008541
43.0,-128.0,28.0,#008532
43.0,-128.0,36.0,#008521
43.0,-128.0,44.0,#008506
43.0,-128.0,52.0,#008500
43.0,-122.0,-10.0,#008674
43.0,-120.0,2.0,#008560
43.0,-120.0,8.0,#008556
43.0,-120.0,28.0,#008432
43.0,-120.0,36.0,#008421
43.0,-118.0,58.0,#008300
43.0,-116.0,-14.0,#00857B
43.0,-112.0,-2.0,#008467
43.0,-112.0,30.0,#00832E
43.0,-112.0,38.0,#00831C
43.0,-112.0,46.0,#008300
43.0,-108.0,-18.0,#008582
43.0,-108.0,62.0,#008200
43.0,-106.0,-12.0,#008478
43.0,-104.0,-6.0,#00846E
43.0,-104.0,38.0,#00821C
43.0,-104.0,46.0,#008200
43.0,-100.0,-16.0,#00847E
43.0,-100.0,58.0,#008100
43.0,-96.0,40.0,#008117
43.0,-96.0,48.0,#008100
43.0,-96.0,64.0,#008100
43.0,-90.0,-8.0,#008271
43.0,-88.0,42.0,#008011
43.0,-88.0,50.0,#007F00
43.0,-86.0,-12.0,#008178
43.0,-86.0,66.0,#007F00
43.0,-82.0,52.0,#007E00
43.0,-80.0,24.0,#007F3A
43.0,-80.0,36.0,#007E22
43.0,-80.0,42.0,#007E12
43.0,-80.0,58.0,#007E00
43.0,-78.0,64.0,#007D00
43.0,-74.0,54.0,#007D00
43.0,-72.0,-2.0,#007E67
43.0,-72.0,28.0,#007D33
43.0,-70.0,66.0,#007C00
43.0,-68.0,-40.0,#0080A7
43.0,-68.0,-34.0,#007F9D
43.0,-68.0,-6.0,#007D6E
43.0,-66.0,6.0,#007C5A
43.0,-66.0,54.0,#007B00
43.0,-64.0,-10.0,#007D75
43.0,-64.0,-2.0,#007C67
43.0,-64.0,2.0,#007C61
43.0,-64.0,68.0,#007A00
43.0,-62.0,-44.0,#007FAE
43.0,-62.0,-32.0,#007E99
43.0,-60.0,-20.0,#007C85
43.0,-60.0,48.0,#007A00
43.0,-58.0,0.0,#007B64
43.0,-58.0,54.0,#007900
43.0,-56.0,-46.0,#007EB1
43.0,-56.0,-40.0,#007DA7
43.0,-56.0,-34.0,#007D9D
43.0,-56.0,38.0,#00791F
43.0,-56.0,68.0,#007900
43.0,-54.0,44.0,#00780E
43.0,-52.0,2.0,#007961
43.0,-52.0,50.0,#007800
43.0,-52.0,58.0,#007800
43.0,-50.0,-42.0,#007CAA
43.0,-50.0,32.0,#00772C
43.0,-50.0,64.0,#0E7700
43.0,-48.0,12.0,#007850
43.0,-48.0,38.0,#007720
43.0,-46.0,44.0,#15760F
43.0,-46.0,58.0,#207600
43.0,-46.0,68.0,#257600
43.0,-44.0,-54.0,#007BBF
43.0,-44.0,-46.0,#007BB1
43.0,-42.0,62.0,#307500
43.0,-40.0,68.0,#377400
43.0,-38.0,-56.0,#007AC2
43.0,-38.0,-48.0,#0079B5
43.0,-36.0,-24.0,#00768C
43.0,-36.0,10.0,#067454
43.0,-36.0,14.0,#17744D
43.0,-36.0,26.0,#2B7338
43.0,-36.0,32.0,#31732D
43.0,-34.0,4.0,#00745E
43.0,-34.0,62.0,#447200
43.0,-34.0,70.0,#457200
43.0,-32.0,-26.0,#007590
43.0,-32.0,-12.0,#007478
43.0,-30.0,6.0,#22725B
43.0,-30.0,10.0,#2A7254
43.0,-30.0,14.0,#30724D
43.0,-30.0,26.0,#3D7139
43.0,-30.0,64.0,#4C7100
43.0,-28.0,18.0,#3B7147
43.0,-28.0,70.0,#517000
43.0,-26.0,-64.0,#0077D0
43.0,-26.0,-56.0,#0076C3
43.0,-26.0,-28.0,#007393
43.0,-26.0,-8.0,#047172
43.0,-26.0,-4.0,#1B716B
43.0,-26.0,2.0,#2B7162
43.0,-26.0,22.0,#437040
43.0,-24.0,6.0,#38705B
43.0,-24.0,10.0,#3D7054
43.0,-24.0,14.0,#41704E
43.0,-24.0,50.0,#546F00
43.0,-24.0,72.0,#586E00
43.0,-22.0,-24.0,#00718D
43.0,-22.0,-4.0,#2D706C
43.0,-22.0,18.0,#496F47
43.0,-22.0,36.0,#536E26
43.0,-20.0,-58.0,#0074C6
43.0,-20.0,44.0,#5A6D12
43.0,-20.0,64.0,#5E6D00
43.0,-18.0,-44.0,#0072AE
43.0,-18.0,-30.0,#007097
43.0,-18.0,-24.0,#00708D
43.0,-18.0,-10.0,#2F6F75
43.0,-18.0,-6.0,#376E6F
43.0,-18.0,-2.0,#3D6E68
43.0,-18.0,26.0,#566D39
43.0,-18.0,32.0,#596D2E
43.0,-18.0,70.0,#626C00
43.0,-16.0,-38.0,#0070A4
43.0,-16.0,-20.0,#176E86
43.0,-16.0,64.0,#646B00
43.0,-14.0,-62.0,#0072CD
43.0,-14.0,-54.0,#0071BF
43.0,-14.0,-46.0,#0070B2
43.0,-14.0,-26.0,#006E90
43.0,-14.0,12.0,#556C51
43.0,-14.0,30.0,#5F6B32
43.0,-14.0,70.0,#686A00
43.0,-12.0,-40.0,#006FA7
43.0,-12.0,-22.0,#266D89
43.0,-12.0,-18.0,#326D83
43.0,-12.0,-2.0,#4C6B68
43.0,-12.0,6.0,#546B5B
43.0,-12.0,46.0,#676A0D
43.0,-12.0,56.0,#696900
43.0,-12.0,64.0,#6A6900
43.0,-10.0,-68.0,#0072D7
43.0,-10.0,-60.0,#0070CA
43.0,-10.0,-52.0,#006FBC
43.0,-10.0,-28.0,#186D93
43.0,-10.0,-10.0,#476B76
43.0,-10.0,0.0,#536A65
43.0,-10.0,8.0,#5A6A58
43.0,-10.0,12.0,#5C6A51
43.0,-10.0,24.0,#63693D
43.0,-10.0,30.0,#666932
43.0,-10.0,70.0,#6E6800
43.0,-8.0,-74.0,#0072E2
43.0,-8.0,-46.0,#006EB2
43.0,-8.0,-24.0,#316B8D
43.0,-8.0,-18.0,#3F6B83
43.0,-8.0,-8.0,#4E6A72
43.0,-8.0,2.0,#586962
43.0,-8.0,40.0,#6C681E
43.0,-6.0,-66.0,#0070D4
43.0,-6.0,-58.0,#006EC6
43.0,-6.0,-42.0,#006CAB
43.0,-6.0,-20.0,#416A86
43.0,-6.0,20.0,#686844
43.0,-6.0,24.0,#6A673D
43.0,-6.0,68.0,#736600
43.0,-4.0,-72.0,#0070DF
43.0,-4.0,-52.0,#006DBC
43.0,-4.0,-18.0,#4A6983
43.0,-4.0,38.0,#716623
43.0,-2.0,-64.0,#006DD1
43.0,-2.0,-22.0,#48688A
43.0,-2.0,-16.0,#516880
43.0,-2.0,-12.0,#566779
43.0,-2.0,-8.0,#5B6773
43.0,-2.0,-4.0,#5F676C
43.0,-2.0,4.0,#65665F
43.0,-2.0,8.0,#686658
43.0,-2.0,12.0,#6A6652
43.0,-2.0,16.0,#6C664B
43.0,-2.0,20.0,#6E6644
43.0,-2.0,70.0,#796400
43.0,0.0,-78.0,#006FE9
43.0,0.0,-70.0,#006DDB
43.0,0.0,-60.0,#006CCA
43.0,0.0,-32.0,#39689A
43.0,0.0,-20.0,#506786
43.0,0.0,-16.0,#566780
43.0,0.0,-12.0,#5A6679
43.0,0.0,-8.0,#5F6673
43.0,0.0,-4.0,#62666C
43.0,0.0,4.0,#68655F
43.0,0.0,8.0,#6B6558
43.0,0.0,12.0,#6D6552
43.0,0.0,48.0,#796408
43.0,2.0,-56.0,#006AC3
43.0,2.0,-48.0,#0069B5
43.0,2.0,-24.0,#4F668D
43.0,2.0,-20.0,#556686
43.0,2.0,-16.0,#5A6680
43.0,2.0,-12.0,#5E6579
43.0,2.0,-8.0,#626573
43.0,2.0,-4.0,#66656C
43.0,2.0,4.0,#6C645F
43.0,2.0,8.0,#6E6459
43.0,2.0,12.0,#716452
43.0,4.0,-76.0,#006DE6
43.0,4.0,-68.0,#006BD8
43.0,4.0,-40.0,#3067A8
43.0,4.0,-20.0,#596586
43.0,4.0,-16.0,#5E6580
43.0,4.0,-12.0,#626479
43.0,4.0,-8.0,#666473
43.0,4.0,-4.0,#69646C
43.0,4.0,0.0,#6C6366
43.0,4.0,4.0,#6F635F
43.0,4.0,8.0,#716359
43.0,4.0,12.0,#746352
43.0,4.0,30.0,#7B6233
43.0,4.0,36.0,#7C6228
43.0,4.0,48.0,#7F6109
43.0,4.0,56.0,#806100
43.0,6.0,-64.0,#0069D1
43.0,6.0,-38.0,#3D66A4
43.0,6.0,-28.0,#526594
43.0,6.0,-20.0,#5D6486
43.0,6.0,-16.0,#626380
43.0,6.0,-12.0,#666379
43.0,6.0,-8.0,#6A6373
43.0,6.0,-4.0,#6D636C
43.0,6.0,0.0,#706266
43.0,6.0,4.0,#72625F
43.0,6.0,8.0,#756259
43.0,6.0,12.0,#776252
43.0,6.0,28.0,#7D6137
43.0,6.0,62.0,#836000
43.0,6.0,72.0,#846000
43.0,8.0,-76.0,#006AE6
43.0,8.0,-48.0,#2066B5
43.0,8.0,-26.0,#5A6390
43.0,8.0,-16.0,#666280
43.0,8.0,-12.0,#696279
43.0,8.0,-8.0,#6D6273
43.0,8.0,-4.0,#70616C
43.0,8.0,0.0,#736166
43.0,8.0,4.0,#75615F
43.0,8.0,8.0,#786159
43.0,8.0,12.0,#7A6052
43.0,8.0,16.0,#7B604C
43.0,8.0,24.0,#7F603E
43.0,8.0,32.0,#816030
43.0,8.0,38.0,#825F24
43.0,10.0,-84.0,#006BF4
43.0,10.0,-72.0,#0069DF
43.0,10.0,-56.0,#0066C3
43.0,10.0,-46.0,#3465B2
43.0,10.0,-34.0,#51639E
43.0,10.0,-24.0,#60628D
43.0,10.0,-20.0,#656287
43.0,10.0,-10.0,#6F6176
43.0,10.0,-6.0,#726070
43.0,10.0,-2.0,#756069
43.0,10.0,2.0,#776063
43.0,10.0,6.0,#7A605C
43.0,10.0,10.0,#7C5F56
43.0,10.0,28.0,#835E37
43.0,10.0,62.0,#895E00
43.0,10.0,70.0,#895E00
43.0,12.0,-54.0,#1465C0
43.0,12.0,-32.0,#59629A
43.0,12.0,-18.0,#6B6083
43.0,12.0,-14.0,#6F607D
43.0,12.0,-4.0,#775F6C
43.0,12.0,0.0,#795F66
43.0,12.0,4.0,#7B5E5F
43.0,12.0,8.0,#7E5E59
43.0,12.0,14.0,#805E4F
43.0,12.0,24.0,#845D3E
43.0,12.0,34.0,#875D2D
43.0,12.0,40.0,#885D21
43.0,14.0,-84.0,#0069F4
43.0,14.0,-72.0,#0066DF
43.0,14.0,-64.0,#0065D1
43.0,14.0,-52.0,#2E63BC
43.0,14.0,-30.0,#616097
43.0,14.0,-26.0,#666091
43.0,14.0,-22.0,#6A5F8A
43.0,14.0,-12.0,#745E7A
43.0,14.0,-8.0,#775E73
43.0,14.0,-2.0,#7B5E69
43.0,14.0,2.0,#7D5D63
43.0,14.0,12.0,#825D52
43.0,14.0,30.0,#895C34
43.0,16.0,-20.0,#705E87
43.0,16.0,-16.0,#745D80
43.0,16.0,-6.0,#7B5D70
43.0,16.0,0.0,#7F5C66
43.0,16.0,6.0,#825C5C
43.0,16.0,10.0,#845B56
43.0,16.0,16.0,#875B4C
43.0,16.0,20.0,#885B45
43.0,16.0,28.0,#8B5B38
43.0,16.0,36.0,#8D5A29
43.0,16.0,42.0,#8E5A1D
43.0,18.0,-72.0,#0064DF
43.0,18.0,-52.0,#3E61BC
43.0,18.0,-32.0,#665E9B
43.0,18.0,-28.0,#6B5D94
43.0,18.0,-24.0,#6F5D8D
43.0,18.0,-14.0,#795C7D
43.0,18.0,-10.0,#7C5C76
43.0,18.0,4.0,#845A60
43.0,18.0,14.0,#895A4F
43.0,18.0,34.0,#8F592D
43.0,20.0,-88.0,#0066FB
43.0,20.0,-80.0,#0064ED
43.0,20.0,-50.0,#4A5FB9
43.0,20.0,-22.0,#755B8A
43.0,20.0,-18.0,#795B83
43.0,20.0,-6.0,#825A70
43.0,20.0,-2.0,#845969
43.0,20.0,8.0,#895959
43.0,20.0,12.0,#8B5953
43.0,20.0,18.0,#8D5849
43.0,20.0,22.0,#8E5842
43.0,20.0,30.0,#915835
43.0,20.0,40.0,#935722
43.0,22.0,-66.0,#0060D4
43.0,22.0,-38.0,#665CA5
43.0,22.0,-32.0,#6E5B9B
43.0,22.0,-28.0,#725B94
43.0,22.0,-14.0,#7F597D
43.0,22.0,-10.0,#825976
43.0,22.0,2.0,#895863
43.0,22.0,6.0,#8B575D
43.0,22.0,36.0,#94562A
43.0,22.0,66.0,#985500
43.0,24.0,-88.0,#0064FB
43.0,24.0,-80.0,#0062ED
43.0,24.0,-64.0,#275FD1
43.0,24.0,-26.0,#785991
43.0,24.0,-22.0,#7C588A
43.0,24.0,-18.0,#7F5884
43.0,24.0,-6.0,#875770
43.0,24.0,-2.0,#8A576A
43.0,24.0,10.0,#8F5656
43.0,24.0,14.0,#915550
43.0,24.0,20.0,#935546
43.0,24.0,24.0,#94553F
43.0,24.0,34.0,#97542E
43.0,24.0,42.0,#98541E
43.0,24.0,72.0,#9B5400
43.0,26.0,-50.0,#5B5BB9
43.0,26.0,-44.0,#655AAF
43.0,26.0,-38.0,#6E59A5
43.0,26.0,-32.0,#75589B
43.0,26.0,-14.0,#85567D
43.0,26.0,-10.0,#885677
43.0,26.0,2.0,#8F5563
43.0,26.0,6.0,#90545D
43.0,26.0,64.0,#9D5200
43.0,28.0,-94.0,#0062FF
43.0,28.0,-88.0,#0061FB
43.0,28.0,-74.0,#005EE2
43.0,28.0,-64.0,#3B5CD1
43.0,28.0,-26.0,#7F5691
43.0,28.0,-22.0,#82558A
43.0,28.0,-4.0,#8E546D
43.0,28.0,10.0,#955256
43.0,28.0,24.0,#99523F
43.0,28.0,40.0,#9D5123
43.0,28.0,60.0,#9F5100
43.0,28.0,70.0,#A05000
43.0,30.0,-70.0,#275CDB
43.0,30.0,-62.0,#495ACE
43.0,30.0,-50.0,#6458B9
43.0,30.0,-44.0,#6D57AF
43.0,30.0,-38.0,#7556A5
43.0,30.0,-32.0,#7C559B
43.0,30.0,-8.0,#8F5273
43.0,30.0,0.0,#935267
43.0,30.0,4.0,#955160
43.0,30.0,36.0,#9F4F2B
43.0,32.0,-94.0,#0060FF
43.0,32.0,-88.0,#005EFB
43.0,32.0,-16.0,#8D5181
43.0,32.0,-12.0,#8F517A
43.0,32.0,8.0,#994F5A
43.0,32.0,60.0,#A44D00
43.0,32.0,66.0,#A44D00
43.0,34.0,-70.0,#3C59DB
43.0,34.0,-62.0,#5557CE
43.0,34.0,-56.0,#6256C3
43.0,34.0,-44.0,#7554AF
43.0,34.0,-38.0,#7C53A5
43.0,34.0,-30.0,#855198
43.0,34.0,-26.0,#885191
43.0,34.0,-22.0,#8B508A
43.0,34.0,-6.0,#964F70
43.0,34.0,-2.0,#984E6A
43.0,34.0,2.0,#9A4E63
43.0,34.0,12.0,#9D4D53
43.0,34.0,16.0,#9F4D4D
43.0,34.0,34.0,#A34C2F
43.0,34.0,42.0,#A54C1F
43.0,36.0,-94.0,#005DFF
43.0,36.0,-10.0,#964D77
43.0,36.0,6.0,#9E4C5D
43.0,36.0,24.0,#A44A40
43.0,36.0,58.0,#A94900
43.0,36.0,66.0,#A94900
43.0,38.0,-70.0,#4B55DC
43.0,38.0,-56.0,#6B52C3
43.0,38.0,-36.0,#854FA2
43.0,38.0,10.0,#A24957
43.0,38.0,34.0,#A8482F
43.0,40.0,-94.0,#005AFF
43.0,40.0,-6.0,#9E4971
43.0,40.0,-2.0,#A0486A
43.0,40.0,2.0,#A14864
43.0,40.0,14.0,#A64750
43.0,40.0,18.0,#A7474A
43.0,40.0,46.0,#AC4517
43.0,40.0,64.0,#AE4500
43.0,42.0,-70.0,#5752DC
43.0,42.0,-62.0,#6950CE
43.0,42.0,6.0,#A6455D
43.0,44.0,10.0,#AA4357
43.0,44.0,40.0,#B04125
43.0,46.0,-96.0,#0055FF
43.0,46.0,-76.0,#524FE6
43.0,46.0,-20.0,#9E4487
43.0,46.0,-6.0,#A64271
43.0,46.0,14.0,#AD4051
43.0,46.0,18.0,#AE404A
43.0,46.0,46.0,#B33E19
43.0,46.0,58.0,#B53E00
43.0,48.0,-44.0,#8E46AF
43.0,48.0,-30.0,#9A4398
43.0,48.0,-16.0,#A34181
43.0,48.0,6.0,#AD3E5E
43.0,48.0,24.0,#B23C41
43.0,48.0,28.0,#B33C3A
43.0,48.0,32.0,#B43C33
43.0,48.0,52.0,#B63B08
43.0,50.0,-96.0,#0051FF
43.0,50.0,-90.0,#1F4FFF
43.0,50.0,-62.0,#7A48CE
43.0,50.0,-40.0,#9542A9
43.0,50.0,38.0,#B73929
43.0,52.0,-78.0,#5E4AEA
43.0,52.0,-72.0,#6C48DF
43.0,52.0,-52.0,#8B43BD
43.0,52.0,-36.0,#9B3FA2
43.0,52.0,-8.0,#AD3A74
43.0,52.0,0.0,#B03967
43.0,52.0,10.0,#B33857
43.0,52.0,16.0,#B5374E
43.0,52.0,20.0,#B63747
43.0,52.0,58.0,#BC3500
43.0,52.0,70.0,#BC3500
43.0,54.0,-88.0,#434BFB
43.0,54.0,-68.0,#7844D8
43.0,54.0,-48.0,#933FB6
43.0,54.0,-18.0,#AA3984
43.0,54.0,26.0,#BA333E
43.0,54.0,30.0,#BB3337
43.0,54.0,34.0,#BB3331
43.0,56.0,-84.0,#5947F4
43.0,56.0,-44.0,#9A3BAF
43.0,56.0,40.0,#BF2F26
43.0,56.0,56.0,#C02E00
43.0,58.0,-96.0,#2B49FF
43.0,58.0,-80.0,#6943ED
43.0,58.0,-54.0,#933BC0
43.0,58.0,-40.0,#A137A9
43.0,58.0,-14.0,#B2317E
43.0,58.0,8.0,#BA2E5B
43.0,58.0,18.0,#BD2C4B
43.0,58.0,22.0,#BE2C45
43.0,58.0,70.0,#C32900
43.0,60.0,-92.0,#4B45FF
43.0,60.0,-34.0,#A8329F
43.0,60.0,28.0,#C1273B
43.0,60.0,62.0,#C52500
43.0,62.0,-88.0,#5F41FC
43.0,62.0,-66.0,#8B39D5
43.0,62.0,-60.0,#9336CB
43.0,62.0,40.0,#C62127
43.0,62.0,46.0,#C6201C
43.0,62.0,58.0,#C71F00
43.0,62.0,68.0,#C81F00
43.0,64.0,-30.0,#B12998
43.0,64.0,-20.0,#B62688
43.0,64.0,4.0,#C02062
43.0,64.0,10.0,#C21F58
43.0,64.0,24.0,#C51C42
43.0,66.0,30.0,#C91338
43.0,68.0,-26.0,#B81C92
43.0,68.0,48.0,#CD0319
43.0,68.0,58.0,#CE0200
43.0,68.0,70.0,#CF0100
43.0,70.0,-82.0,#8031F1
43.0,70.0,-36.0,#B51AA2
43.0,70.0,-2.0,#C6066B
43.0,70.0,14.0,#CA0052
43.0,70.0,20.0,#CC0049
43.0,70.0,26.0,#CD003F
43.0,70.0,54.0,#D0000B
43.0,72.0,-96.0,#6534FF
43.0,72.0,-48.0,#AF19B7
43.0,72.0,-42.0,#B315AC
43.0,72.0,-16.0,#C30082
43.0,72.0,-10.0,#C50078
43.0,72.0,6.0,#CB005F
43.0,72.0,32.0,#D00036
43.0,72.0,38.0,#D1002C
43.0,74.0,-78.0,#8F25EA
43.0,74.0,-32.0,#BD009C
43.0,74.0,44.0,#D40022
43.0,74.0,50.0,#D40016
43.0,76.0,-38.0,#BC00A6
43.0,76.0,12.0,#D10056
43.0,76.0,18.0,#D2004C
43.0,76.0,24.0,#D30043
43.0,78.0,-96.0,#7527FF
43.0,78.0,-52.0,#B400BD
43.0,78.0,-44.0,#BA00B0
43.0,78.0,-4.0,#CF006F
43.0,78.0,2.0,#D10065
43.0,78.0,30.0,#D7003A
43.0,78.0,36.0,#D70030
43.0,80.0,-60.0,#AF00CB
43.0,80.0,-12.0,#CE007C
43.0,80.0,8.0,#D5005C
43.0,80.0,42.0,#DA0026
43.0,80.0,48.0,#DB001B
43.0,80.0,74.0,#DC0000
43.0,82.0,-68.0,#AA00D9
43.0,82.0,-36.0,#C500A3
43.0,82.0,14.0,#D80053
43.0,82.0,20.0,#DA004A
43.0,82.0,26.0,#DB0040
43.0,84.0,34.0,#DE0034
43.0,88.0,-12.0,#D8007C
43.0,88.0,6.0,#DD0060
43.0,88.0,12.0,#DF0056
43.0,88.0,52.0,#E40016
43.0,90.0,-36.0,#CF00A3
43.0,92.0,-80.0,#AC00EE
43.0,92.0,-48.0,#CA00B7
43.0,92.0,-6.0,#DF0073
43.0,94.0,-86.0,#A800F8
43.0,94.0,14.0,#E60054
43.0,96.0,-42.0,#D400AD
43.0,96.0,-30.0,#DA0099
43.0,96.0,-12.0,#E2007C
43.0,96.0,6.0,#E70060
43.0,98.0,-74.0,#BD00E4
43.0,98.0,-36.0,#DA00A3
43.0,100.0,-94.0,#A700FF
43.0,100.0,-80.0,#B900EE
43.0,100.0,-6.0,#E80073
43.0,100.0,12.0,#ED0057
43.0,104.0,-88.0,#B600FC
43.0,104.0,-42.0,#DE00AD
43.0,104.0,-30.0,#E4009A
43.0,106.0,-78.0,#C500EB
43.0,108.0,-94.0,#B500FF
43.0,108.0,-48.0,#E000B7
43.0,112.0,-42.0,#E800AE
43.0,112.0,-30.0,#EE009A
43.0,114.0,-36.0,#EE00A4
43.0,118.0,-74.0,#DA00E4
43.0,120.0,-90.0,#CD00FF
43.0,120.0,-68.0,#E200DA
44.0,-112.0,6.0,#00875C
44.0,-106.0,2.0,#008663
44.0,-104.0,8.0,#008658
44.0,-104.0,30.0,#008531
44.0,-98.0,-24.0,#00878E
44.0,-98.0,4.0,#00855F
44.0,-96.0,32.0,#00842D
44.0,-94.0,16.0,#00844B
44.0,-92.0,22.0,#008340
44.0,-90.0,-28.0,#008695
44.0,-90.0,-22.0,#00858B
44.0,-90.0,0.0,#008466
44.0,-90.0,28.0,#008335
44.0,-88.0,6.0,#00835C
44.0,-88.0,34.0,#008229
44.0,-88.0,56.0,#008200
44.0,-84.0,-4.0,#00836D
44.0,-82.0,-32.0,#00859C
44.0,-82.0,-26.0,#008492
44.0,-82.0,-20.0,#008488
44.0,-80.0,8.0,#008259
44.0,-80.0,30.0,#008131
44.0,-78.0,14.0,#00814F
44.0,-78.0,72.0,#008000
44.0,-76.0,-36.0,#0084A3
44.0,-76.0,-30.0,#008399
44.0,-76.0,-18.0,#008284
44.0,-74.0,-24.0,#00828E
44.0,-74.0,2.0,#008163
44.0,-74.0,48.0,#008000
44.0,-72.0,8.0,#008059
44.0,-70.0,-16.0,#008181
44.0,-70.0,-10.0,#008177
44.0,-70.0,14.0,#00804F
44.0,-70.0,72.0,#007E00
44.0,-68.0,-26.0,#008192
44.0,-68.0,-20.0,#008188
44.0,-68.0,20.0,#007F44
44.0,-64.0,-14.0,#00807E
44.0,-62.0,12.0,#007E52
44.0,-62.0,18.0,#007E48
44.0,-60.0,22.0,#007D41
44.0,-58.0,-12.0,#007E7B
44.0,-58.0,28.0,#007C36
44.0,-58.0,60.0,#007C00
44.0,-56.0,-26.0,#007F92
44.0,-56.0,-16.0,#007E81
44.0,-56.0,-8.0,#007D74
44.0,-56.0,10.0,#007C56
44.0,-56.0,16.0,#007C4C
44.0,-56.0,74.0,#007B00
44.0,-54.0,20.0,#007B45
44.0,-52.0,24.0,#007B3E
44.0,-50.0,-24.0,#007D8F
44.0,-50.0,-18.0,#007C85
44.0,-50.0,-14.0,#007C7E
44.0,-50.0,6.0,#007B5D
44.0,-48.0,16.0,#007A4C
44.0,-48.0,74.0,#237900
44.0,-46.0,-32.0,#007C9C
44.0,-46.0,-26.0,#007C92
44.0,-46.0,-2.0,#007A6A
44.0,-44.0,-20.0,#007B88
44.0,-44.0,-12.0,#007A7B
44.0,-44.0,2.0,#007964
44.0,-42.0,12.0,#007853
44.0,-42.0,28.0,#177837
44.0,-42.0,34.0,#21782B
44.0,-42.0,74.0,#367700
44.0,-40.0,-40.0,#007BAA
44.0,-40.0,-34.0,#007BA0
44.0,-40.0,-28.0,#007A96
44.0,-40.0,-22.0,#007A8C
44.0,-40.0,-4.0,#00796E
44.0,-38.0,-16.0,#007982
44.0,-38.0,-12.0,#00787B
44.0,-38.0,-8.0,#007874
44.0,-38.0,0.0,#007867
44.0,-38.0,18.0,#197749
44.0,-38.0,48.0,#397603
44.0,-36.0,22.0,#297642
44.0,-36.0,40.0,#3A761E
44.0,-34.0,-50.0,#007BBB
44.0,-34.0,-42.0,#007AAD
44.0,-34.0,-36.0,#0079A3
44.0,-34.0,-20.0,#007888
44.0,-34.0,50.0,#437500
44.0,-34.0,56.0,#457500
44.0,-32.0,-16.0,#007782
44.0,-32.0,-8.0,#007674
44.0,-32.0,0.0,#007667
44.0,-32.0,18.0,#327549
44.0,-32.0,42.0,#44741A
44.0,-30.0,22.0,#3C7442
44.0,-28.0,-44.0,#0078B1
44.0,-28.0,-38.0,#0077A7
44.0,-28.0,44.0,#4E7314
44.0,-26.0,-16.0,#007582
44.0,-26.0,-12.0,#00747B
44.0,-26.0,36.0,#4E7228
44.0,-24.0,-46.0,#0077B4
44.0,-22.0,-34.0,#0075A0
44.0,-22.0,-18.0,#007385
44.0,-22.0,-14.0,#0C737F
44.0,-22.0,-10.0,#207378
44.0,-22.0,2.0,#3A7264
44.0,-20.0,-50.0,#0076BB
44.0,-20.0,22.0,#527042
44.0,-20.0,58.0,#5F6F00
44.0,-18.0,-18.0,#187285
44.0,-18.0,-14.0,#27717F
44.0,-18.0,2.0,#457064
44.0,-18.0,6.0,#4A705E
44.0,-18.0,14.0,#517050
44.0,-18.0,18.0,#546F49
44.0,-18.0,38.0,#5E6F24
44.0,-18.0,50.0,#616F00
44.0,-16.0,-68.0,#0077DA
44.0,-16.0,54.0,#656E00
44.0,-14.0,-16.0,#327082
44.0,-14.0,-12.0,#3B6F7B
44.0,-14.0,-8.0,#426F75
44.0,-14.0,-4.0,#476F6E
44.0,-14.0,0.0,#4C6F68
44.0,-14.0,4.0,#506E61
44.0,-14.0,16.0,#5A6E4D
44.0,-14.0,20.0,#5D6E46
44.0,-14.0,24.0,#5F6E3F
44.0,-14.0,36.0,#646D29
44.0,-14.0,42.0,#666D1C
44.0,-12.0,-32.0,#00709D
44.0,-12.0,2.0,#536E64
44.0,-10.0,-14.0,#436E7F
44.0,-10.0,-6.0,#4E6D72
44.0,-10.0,4.0,#596D61
44.0,-10.0,20.0,#646C46
44.0,-10.0,36.0,#6A6B29
44.0,-8.0,-36.0,#006FA3
44.0,-8.0,-4.0,#556C6E
44.0,-8.0,6.0,#5E6C5E
44.0,-8.0,46.0,#706A11
44.0,-6.0,-14.0,#4D6C7F
44.0,-6.0,14.0,#676A51
44.0,-6.0,34.0,#70692E
44.0,-6.0,50.0,#746902
44.0,-4.0,-30.0,#336C99
44.0,-4.0,-12.0,#546B7C
44.0,-4.0,-8.0,#596B75
44.0,-4.0,-4.0,#5D6A6E
44.0,-4.0,4.0,#646A61
44.0,-4.0,8.0,#676A5B
44.0,-4.0,12.0,#696954
44.0,-4.0,16.0,#6C694D
44.0,-2.0,32.0,#756832
44.0,0.0,-40.0,#1E6CAA
44.0,2.0,32.0,#7B6532
44.0,2.0,38.0,#7D6526
44.0,4.0,-46.0,#146AB5
44.0,4.0,-30.0,#4C689A
44.0,6.0,34.0,#81632E
44.0,6.0,40.0,#836322
44.0,8.0,-58.0,#006AC9
44.0,8.0,-36.0,#4B67A4
44.0,8.0,56.0,#886100
44.0,10.0,52.0,#8A6000
44.0,12.0,-42.0,#4965AE
44.0,12.0,58.0,#8E5F00
44.0,14.0,-40.0,#5364AB
44.0,14.0,52.0,#905E00
44.0,14.0,74.0,#925D00
44.0,16.0,-38.0,#5B62A7
44.0,16.0,58.0,#935C00
44.0,16.0,66.0,#945C00
44.0,18.0,-36.0,#6361A4
44.0,18.0,54.0,#955B00
44.0,18.0,72.0,#975B00
44.0,20.0,46.0,#975A16
44.0,20.0,60.0,#985900
44.0,22.0,52.0,#9A5802
44.0,24.0,-72.0,#0063E2
44.0,24.0,58.0,#9D5600
44.0,26.0,54.0,#9F5500
44.0,28.0,-56.0,#565DC6
44.0,28.0,46.0,#A15318
44.0,30.0,52.0,#A45105
44.0,34.0,48.0,#A84E14
44.0,36.0,40.0,#AA4C26
44.0,36.0,72.0,#AD4B00
44.0,38.0,-80.0,#1C5AF0
44.0,40.0,-52.0,#7852BF
44.0,40.0,-32.0,#8F4F9E
44.0,40.0,40.0,#AF4826
44.0,40.0,52.0,#B04809
44.0,42.0,-80.0,#3757F0
44.0,42.0,-42.0,#884EAF
44.0,42.0,58.0,#B34500
44.0,44.0,-38.0,#904CA8
44.0,46.0,-70.0,#6550DF
44.0,46.0,-56.0,#7E4DC6
44.0,46.0,-50.0,#864CBC
44.0,46.0,-34.0,#9749A1
44.0,46.0,64.0,#B84000
44.0,46.0,72.0,#B94000
44.0,48.0,-66.0,#724DD8
44.0,50.0,-12.0,#AB407D
44.0,52.0,-58.0,#8647CA
44.0,52.0,-22.0,#A83F8E
44.0,52.0,64.0,#BF3800
44.0,54.0,50.0,#C03513
44.0,58.0,-24.0,#AF3691
44.0,60.0,-74.0,#7D41E6
44.0,60.0,0.0,#BD2E6A
44.0,60.0,52.0,#C82910
44.0,62.0,-46.0,#A435B6
44.0,64.0,-4.0,#C12671
44.0,66.0,-76.0,#8638E9
44.0,66.0,-54.0,#A330C3
44.0,66.0,-42.0,#AE2CAF
44.0,66.0,-10.0,#C1227B
44.0,66.0,64.0,#CF1600
44.0,68.0,42.0,#D00D27
44.0,70.0,-66.0,#9C2CD8
44.0,72.0,-60.0,#A624CE
44.0,76.0,-72.0,#9E1FE3
44.0,78.0,-18.0,#CC0088
44.0,78.0,56.0,#DD000B
44.0,84.0,-74.0,#A900E6
44.0,84.0,-56.0,#BC00C7
44.0,84.0,-6.0,#D80075
44.0,84.0,54.0,#E30012
44.0,86.0,-18.0,#D60088
44.0,86.0,0.0,#DD006B
44.0,86.0,40.0,#E4002D
44.0,88.0,-90.0,#9A00FF
44.0,88.0,18.0,#E3004F
44.0,88.0,60.0,#E80004
44.0,90.0,-60.0,#C100CE
44.0,92.0,-68.0,#BD00DC
44.0,94.0,-92.0,#A200FF
44.0,94.0,-18.0,#E00088
44.0,94.0,0.0,#E6006C
44.0,94.0,20.0,#EB004D
44.0,94.0,42.0,#EE002B
44.0,98.0,-66.0,#C800D9
44.0,100.0,-50.0,#D700BD
44.0,100.0,18.0,#F10050
44.0,106.0,-54.0,#DC00C4
44.0,110.0,-88.0,#C300FF
44.0,112.0,-76.0,#D300EA
44.0,114.0,-82.0,#D000F5
44.0,114.0,-58.0,#E400CB
44.0,122.0,-80.0,#DE00F1
45.0,-128.0,-2.0,#008C6C
45.0,-128.0,4.0,#008C61
45.0,-124.0,48.0,#008A00
45.0,-122.0,-6.0,#008B72
45.0,-120.0,0.0,#008B68
45.0,-120.0,12.0,#008A54
45.0,-120.0,18.0,#008A49
45.0,-120.0,42.0,#008A16
45.0,-116.0,-12.0,#008B7C
45.0,-114.0,-6.0,#008B72
45.0,-112.0,0.0,#008A68
45.0,-112.0,12.0,#008954
45.0,-112.0,18.0,#008949
45.0,-112.0,24.0,#00893E
45.0,-112.0,54.0,#008900
45.0,-110.0,-16.0,#008B83
45.0,-108.0,-8.0,#008A76
45.0,-108.0,46.0,#008806
45.0,-104.0,-18.0,#008A87
45.0,-104.0,16.0,#00884D
45.0,-104.0,22.0,#008842
45.0,-104.0,52.0,#008700
45.0,-102.0,-10.0,#008979
45.0,-100.0,42.0,#008717
45.0,-98.0,-4.0,#00886F
45.0,-94.0,-10.0,#008879
45.0,-92.0,62.0,#008500
45.0,-88.0,14.0,#008651
45.0,-84.0,38.0,#008422
45.0,-84.0,50.0,#008400
45.0,-82.0,-16.0,#008683
45.0,-82.0,-10.0,#008679
45.0,-80.0,2.0,#008565
45.0,-80.0,20.0,#008446
45.0,-76.0,-12.0,#00857D
45.0,-76.0,-2.0,#00846C
45.0,-76.0,36.0,#008327
45.0,-76.0,58.0,#008300
45.0,-74.0,-6.0,#008473
45.0,-74.0,42.0,#008219
45.0,-72.0,26.0,#00823C
45.0,-72.0,64.0,#008200
45.0,-70.0,32.0,#008230
45.0,-70.0,54.0,#008100
45.0,-68.0,-2.0,#00836C
45.0,-68.0,38.0,#008123
45.0,-66.0,4.0,#008262
45.0,-66.0,60.0,#008000
45.0,-64.0,28.0,#008038
45.0,-64.0,42.0,#008019
45.0,-64.0,48.0,#008002
45.0,-64.0,74.0,#008000
45.0,-62.0,-22.0,#00828E
45.0,-62.0,0.0,#008169
45.0,-62.0,34.0,#00802C
45.0,-62.0,54.0,#007F00
45.0,-60.0,-36.0,#0083A5
45.0,-60.0,-4.0,#008170
45.0,-60.0,6.0,#00805F
45.0,-58.0,44.0,#007F14
45.0,-56.0,2.0,#007F66
45.0,-56.0,32.0,#007E31
45.0,-56.0,50.0,#007E00
45.0,-54.0,-2.0,#007F6C
45.0,-52.0,36.0,#007D29
45.0,-52.0,62.0,#077D00
45.0,-50.0,28.0,#007D39
45.0,-50.0,68.0,#1B7C00
45.0,-48.0,-48.0,#0081BA
45.0,-48.0,-10.0,#007E7A
45.0,-48.0,-6.0,#007E73
45.0,-48.0,10.0,#007D58
45.0,-48.0,54.0,#1D7C00
45.0,-44.0,6.0,#007C5F
45.0,-44.0,18.0,#007B4B
45.0,-44.0,24.0,#007B40
45.0,-40.0,38.0,#2F7925
45.0,-40.0,56.0,#397900
45.0,-38.0,6.0,#007A5F
45.0,-38.0,62.0,#407800
45.0,-36.0,76.0,#477800
45.0,-34.0,14.0,#277852
45.0,-34.0,26.0,#37783D
45.0,-34.0,32.0,#3C7832
45.0,-32.0,6.0,#1F7860
45.0,-32.0,70.0,#4F7600
45.0,-30.0,-58.0,#007DCC
45.0,-30.0,-30.0,#007A9C
45.0,-30.0,-24.0,#007992
45.0,-30.0,-10.0,#00787A
45.0,-30.0,76.0,#537600
45.0,-28.0,4.0,#2C7763
45.0,-28.0,26.0,#47763D
45.0,-28.0,50.0,#527500
45.0,-28.0,60.0,#547500
45.0,-26.0,-26.0,#007895
45.0,-26.0,-20.0,#00778B
45.0,-26.0,0.0,#2C766A
45.0,-26.0,12.0,#3F7556
45.0,-26.0,18.0,#45754B
45.0,-26.0,30.0,#4E7536
45.0,-26.0,54.0,#577400
45.0,-26.0,66.0,#597400
45.0,-24.0,-60.0,#007BCF
45.0,-24.0,-52.0,#007AC1
45.0,-24.0,-8.0,#207677
45.0,-24.0,22.0,#4D7445
45.0,-24.0,40.0,#567422
45.0,-22.0,-22.0,#00768E
45.0,-22.0,10.0,#477459
45.0,-22.0,14.0,#4B7452
45.0,-22.0,26.0,#53733E
45.0,-22.0,44.0,#5B7318
45.0,-22.0,54.0,#5E7300
45.0,-20.0,-40.0,#0077AD
45.0,-20.0,-28.0,#007698
45.0,-20.0,4.0,#457363
45.0,-20.0,30.0,#597236
45.0,-20.0,74.0,#647200
45.0,-18.0,-56.0,#0078C8
45.0,-18.0,-22.0,#00748E
45.0,-18.0,-4.0,#3F7371
45.0,-18.0,10.0,#507259
45.0,-18.0,66.0,#677100
45.0,-16.0,-42.0,#0076B0
45.0,-16.0,-34.0,#0075A3
45.0,-16.0,-28.0,#007499
45.0,-16.0,-6.0,#427274
45.0,-16.0,32.0,#627133
45.0,-16.0,60.0,#697000
45.0,-16.0,74.0,#6B7000
45.0,-14.0,-22.0,#23738F
45.0,-14.0,8.0,#57715D
45.0,-14.0,48.0,#6A6F0C
45.0,-14.0,66.0,#6D6F00
45.0,-12.0,-46.0,#0074B7
45.0,-12.0,26.0,#666F3E
45.0,-12.0,52.0,#6E6E00
45.0,-12.0,60.0,#6F6E00
45.0,-12.0,72.0,#716E00
45.0,-10.0,-24.0,#2F7192
45.0,-10.0,-18.0,#3E7188
45.0,-10.0,10.0,#606F5A
45.0,-10.0,14.0,#636F53
45.0,-10.0,66.0,#736D00
45.0,-8.0,-30.0,#23719C
45.0,-8.0,-20.0,#40708B
45.0,-8.0,24.0,#6B6D42
45.0,-8.0,56.0,#756C00
45.0,-8.0,74.0,#776C00
45.0,-6.0,-8.0,#576E77
45.0,-6.0,-4.0,#5C6E71
45.0,-6.0,0.0,#5F6D6A
45.0,-6.0,4.0,#636D64
45.0,-6.0,8.0,#666D5D
45.0,-6.0,26.0,#706C3E
45.0,-6.0,62.0,#786B00
45.0,-4.0,-44.0,#0071B4
45.0,-4.0,-36.0,#1E70A6
45.0,-4.0,-24.0,#446E92
45.0,-4.0,22.0,#716B46
45.0,-4.0,28.0,#736B3B
45.0,-4.0,42.0,#786B1F
45.0,-4.0,56.0,#7A6A00
45.0,-4.0,68.0,#7C6A00
45.0,-4.0,76.0,#7D6A00
45.0,-2.0,-72.0,#0074E4
45.0,-2.0,0.0,#676B6A
45.0,-2.0,24.0,#756A42
45.0,-2.0,62.0,#7E6900
45.0,0.0,-30.0,#436D9C
45.0,0.0,0.0,#6A6A6A
45.0,0.0,16.0,#746A50
45.0,0.0,20.0,#766949
45.0,0.0,26.0,#79693F
45.0,0.0,42.0,#7E6920
45.0,0.0,70.0,#826800
45.0,2.0,-70.0,#0071E1
45.0,2.0,0.0,#6E696B
45.0,2.0,16.0,#786850
45.0,2.0,20.0,#796849
45.0,2.0,24.0,#7B6842
45.0,2.0,56.0,#836700
45.0,2.0,64.0,#846700
45.0,4.0,-58.0,#006ECC
45.0,4.0,-38.0,#3D6CAA
45.0,4.0,16.0,#7B6750
45.0,4.0,20.0,#7C6749
45.0,4.0,28.0,#7F673C
45.0,4.0,72.0,#876600
45.0,6.0,-76.0,#0070EB
45.0,6.0,-26.0,#5A6996
45.0,6.0,16.0,#7E6650
45.0,6.0,20.0,#7F6649
45.0,6.0,24.0,#816643
45.0,8.0,-72.0,#006FE4
45.0,8.0,-64.0,#006DD6
45.0,8.0,-46.0,#326BB7
45.0,8.0,-24.0,#616892
45.0,8.0,28.0,#85653C
45.0,8.0,46.0,#8A6417
45.0,8.0,66.0,#8C6400
45.0,8.0,74.0,#8D6400
45.0,10.0,-44.0,#4169B4
45.0,10.0,-32.0,#5A68A0
45.0,10.0,-22.0,#68678F
45.0,10.0,20.0,#85644A
45.0,10.0,24.0,#876343
45.0,12.0,-72.0,#006CE4
45.0,12.0,-64.0,#006BD6
45.0,12.0,-52.0,#2C69C2
45.0,12.0,-30.0,#62669C
45.0,12.0,-26.0,#676696
45.0,12.0,-20.0,#6E658C
45.0,12.0,-16.0,#726585
45.0,12.0,18.0,#87624D
45.0,12.0,30.0,#8B6239
45.0,12.0,36.0,#8D622D
45.0,12.0,42.0,#8E6221
45.0,12.0,66.0,#916100
45.0,14.0,-78.0,#006CEF
45.0,14.0,-50.0,#3D68BE
45.0,14.0,-24.0,#6D6492
45.0,14.0,-14.0,#776382
45.0,14.0,-10.0,#7A637B
45.0,14.0,22.0,#8C6146
45.0,14.0,26.0,#8D6140
45.0,16.0,-72.0,#006AE5
45.0,16.0,-64.0,#0069D7
45.0,16.0,-58.0,#2368CC
45.0,16.0,-22.0,#73638F
45.0,16.0,-18.0,#776289
45.0,16.0,-8.0,#7F6278
45.0,16.0,32.0,#915F35
45.0,16.0,38.0,#935F2A
45.0,16.0,44.0,#945F1D
45.0,18.0,-56.0,#3766C9
45.0,18.0,-50.0,#4A65BE
45.0,18.0,-30.0,#6E629D
45.0,18.0,-26.0,#726296
45.0,18.0,-16.0,#7C6185
45.0,18.0,-12.0,#7F617F
45.0,18.0,-6.0,#846075
45.0,18.0,24.0,#925E43
45.0,18.0,28.0,#935E3C
45.0,20.0,-72.0,#0068E5
45.0,20.0,-48.0,#5564BB
45.0,20.0,-44.0,#5D63B4
45.0,20.0,-24.0,#786093
45.0,20.0,-20.0,#7C608C
45.0,20.0,34.0,#975C32
45.0,22.0,-56.0,#4763C9
45.0,22.0,-36.0,#6E60A7
45.0,22.0,-30.0,#75609D
45.0,22.0,-18.0,#815E89
45.0,22.0,-6.0,#8A5D75
45.0,22.0,16.0,#945C51
45.0,22.0,28.0,#985B3D
45.0,22.0,32.0,#995B36
45.0,22.0,76.0,#9F5A00
45.0,24.0,-44.0,#6660B4
45.0,24.0,-28.0,#7B5E99
45.0,24.0,-24.0,#7F5E93
45.0,24.0,38.0,#9D592B
45.0,24.0,44.0,#9E591E
45.0,24.0,64.0,#A05900
45.0,26.0,-78.0,#0065EF
45.0,26.0,-70.0,#1263E1
45.0,26.0,-42.0,#6E5EB1
45.0,26.0,-36.0,#765EA7
45.0,26.0,-18.0,#875B89
45.0,26.0,-6.0,#905A75
45.0,26.0,18.0,#9B594E
45.0,26.0,30.0,#9E583A
45.0,26.0,34.0,#9F5832
45.0,26.0,70.0,#A35700
45.0,28.0,-50.0,#655EBF
45.0,28.0,-34.0,#7C5CA3
45.0,28.0,-28.0,#825B99
45.0,28.0,-24.0,#865B93
45.0,28.0,14.0,#9C5755
45.0,28.0,28.0,#A0563D
45.0,28.0,76.0,#A65500
45.0,30.0,-78.0,#0062EF
45.0,30.0,-48.0,#6D5CBB
45.0,30.0,-42.0,#765BB1
45.0,30.0,-4.0,#975772
45.0,30.0,18.0,#A0554E
45.0,30.0,22.0,#A15547
45.0,30.0,40.0,#A55428
45.0,30.0,68.0,#A85400
45.0,32.0,-74.0,#2560E8
45.0,32.0,-56.0,#635CC9
45.0,32.0,-34.0,#8359A4
45.0,32.0,-22.0,#8E5790
45.0,32.0,-18.0,#915789
45.0,32.0,-14.0,#935682
45.0,32.0,28.0,#A5533D
45.0,32.0,34.0,#A75333
45.0,32.0,74.0,#AB5200
45.0,34.0,-84.0,#0060FA
45.0,34.0,-64.0,#565CD7
45.0,34.0,-48.0,#7559BB
45.0,34.0,-42.0,#7D58B1
45.0,36.0,-74.0,#3B5DE8
45.0,36.0,-56.0,#6C59C9
45.0,36.0,-26.0,#915496
45.0,36.0,-12.0,#9B527F
45.0,36.0,-8.0,#9D5279
45.0,36.0,20.0,#A8504B
45.0,36.0,28.0,#AA4F3E
45.0,36.0,34.0,#AC4F33
45.0,36.0,62.0,#AF4E00
45.0,38.0,-90.0,#005FFF
45.0,38.0,-64.0,#6159D7
45.0,38.0,-22.0,#975290
45.0,38.0,-18.0,#9A5189
45.0,38.0,46.0,#B04C1C
45.0,38.0,68.0,#B24C00
45.0,40.0,-86.0,#005CFE
45.0,40.0,-56.0,#7555C9
45.0,40.0,-4.0,#A44E72
45.0,40.0,0.0,#A64D6C
45.0,40.0,4.0,#A84D65
45.0,42.0,-64.0,#6B55D7
45.0,42.0,-16.0,#A14D86
45.0,42.0,-10.0,#A44C7C
45.0,42.0,8.0,#AC4A5F
45.0,42.0,22.0,#B04948
45.0,42.0,26.0,#B14942
45.0,42.0,30.0,#B2493B
45.0,42.0,34.0,#B34934
45.0,42.0,38.0,#B4482D
45.0,42.0,46.0,#B5481D
45.0,42.0,64.0,#B64800
45.0,44.0,-86.0,#2159FE
45.0,44.0,-28.0,#9B4C9A
45.0,44.0,-22.0,#A04C90
45.0,44.0,12.0,#B04859
45.0,46.0,-2.0,#AD476F
45.0,46.0,2.0,#AF4669
45.0,46.0,16.0,#B44552
45.0,46.0,20.0,#B5454C
45.0,46.0,44.0,#B94322
45.0,48.0,-18.0,#A84689
45.0,48.0,26.0,#B94242
45.0,48.0,30.0,#BA413B
45.0,48.0,34.0,#BA4134
45.0,48.0,38.0,#BB412D
45.0,48.0,50.0,#BC4114
45.0,48.0,56.0,#BD4001
45.0,50.0,-48.0,#9249BC
45.0,50.0,14.0,#B84056
45.0,50.0,70.0,#C03D00
45.0,52.0,-80.0,#5F4FF3
45.0,52.0,-74.0,#6E4DE9
45.0,52.0,-44.0,#9A46B5
45.0,52.0,18.0,#BC3D4F
45.0,52.0,22.0,#BD3C49
45.0,52.0,44.0,#C13B23
45.0,52.0,76.0,#C33A00
45.0,54.0,-66.0,#8149DB
45.0,54.0,-40.0,#A043AE
45.0,54.0,4.0,#BA3B66
45.0,54.0,28.0,#C0393F
45.0,54.0,32.0,#C13938
45.0,54.0,36.0,#C23832
45.0,54.0,56.0,#C43703
45.0,56.0,-54.0,#9543C6
45.0,56.0,-36.0,#A73FA7
45.0,56.0,-28.0,#AD3D9A
45.0,56.0,-4.0,#B93973
45.0,56.0,12.0,#BF3759
45.0,56.0,42.0,#C53527
45.0,56.0,74.0,#C83400
45.0,58.0,-94.0,#424DFF
45.0,58.0,-64.0,#8C43D7
45.0,58.0,-50.0,#9D3FBF
45.0,58.0,-10.0,#B9377D
45.0,58.0,20.0,#C4334C
45.0,58.0,24.0,#C43246
45.0,58.0,62.0,#C93000
45.0,60.0,-18.0,#B8358A
45.0,60.0,30.0,#C82E3C
45.0,60.0,36.0,#C92D32
45.0,60.0,68.0,#CC2C00
45.0,62.0,-56.0,#9D3BC9
45.0,62.0,14.0,#C72B56
45.0,62.0,42.0,#CC2828
45.0,62.0,74.0,#CE2700
45.0,64.0,-88.0,#6B43FF
45.0,64.0,-14.0,#BF2C83
45.0,64.0,22.0,#CB254A
45.0,66.0,-84.0,#7A3EFA
45.0,66.0,-22.0,#BE2991
45.0,66.0,28.0,#CF1E40
45.0,66.0,34.0,#D01D36
45.0,66.0,54.0,#D21B0F
45.0,66.0,72.0,#D31B00
45.0,68.0,-38.0,#B629AB
45.0,68.0,16.0,#CF1954
45.0,68.0,46.0,#D41421
45.0,68.0,60.0,#D51200
45.0,70.0,-90.0,#763AFF
45.0,70.0,-72.0,#9732E5
45.0,70.0,-18.0,#C51C8A
45.0,70.0,24.0,#D30D47
45.0,70.0,52.0,#D60615
45.0,72.0,-54.0,#AF25C6
45.0,72.0,-34.0,#BF1BA5
45.0,72.0,-28.0,#C2189B
45.0,72.0,12.0,#D2025A
45.0,72.0,30.0,#D6003D
45.0,72.0,36.0,#D70034
45.0,72.0,58.0,#D90004
45.0,72.0,72.0,#DA0000
45.0,74.0,-4.0,#D00074
45.0,74.0,20.0,#D7004E
45.0,74.0,48.0,#DB001F
45.0,74.0,64.0,#DC0000
45.0,76.0,-92.0,#8030FF
45.0,76.0,-84.0,#8F2BFB
45.0,76.0,-10.0,#D0007D
45.0,76.0,26.0,#DA0044
45.0,76.0,70.0,#DE0000
45.0,78.0,-56.0,#B60ECA
45.0,78.0,-36.0,#C600A8
45.0,78.0,-24.0,#CC0094
45.0,78.0,14.0,#DA0057
45.0,78.0,32.0,#DD003B
45.0,78.0,38.0,#DE0031
45.0,78.0,44.0,#DF0027
45.0,78.0,76.0,#E10000
45.0,80.0,-64.0,#B10AD8
45.0,80.0,-50.0,#BE00C0
45.0,80.0,-30.0,#CC009E
45.0,80.0,66.0,#E30000
45.0,82.0,-88.0,#951BFF
45.0,82.0,-44.0,#C600B6
45.0,82.0,28.0,#E10042
45.0,84.0,-12.0,#D90081
45.0,84.0,46.0,#E60024
45.0,86.0,-84.0,#A300FB
45.0,86.0,-66.0,#B900DB
45.0,86.0,-32.0,#D300A2
45.0,86.0,-24.0,#D70095
45.0,88.0,-48.0,#CB00BC
45.0,88.0,8.0,#E40061
45.0,88.0,24.0,#E80048
45.0,88.0,30.0,#E9003F
45.0,92.0,-74.0,#B900E9
45.0,92.0,-42.0,#D500B2
45.0,92.0,-30.0,#DB009F
45.0,92.0,-12.0,#E30081
45.0,94.0,-52.0,#D000C3
45.0,94.0,-36.0,#DB00A9
45.0,94.0,-24.0,#E10095
45.0,100.0,-90.0,#B300FF
45.0,100.0,-58.0,#D400CE
45.0,100.0,-40.0,#E000AF
45.0,100.0,-30.0,#E5009F
45.0,100.0,-12.0,#ED0082
45.0,102.0,-84.0,#BE00FB
45.0,102.0,-24.0,#EB0095
45.0,102.0,-4.0,#F20075
45.0,106.0,-36.0,#EA00A9
45.0,106.0,-18.0,#F2008C
45.0,108.0,-82.0,#CA00F8
45.0,108.0,-62.0,#DC00D5
45.0,110.0,-68.0,#DA00DF
46.0,-128.0,16.0,#008E4F
46.0,-128.0,24.0,#008E40
46.0,-128.0,32.0,#008E31
46.0,-128.0,40.0,#008D1E
46.0,-128.0,56.0,#008D00
46.0,-122.0,58.0,#008D00
46.0,-120.0,24.0,#008D41
46.0,-120.0,32.0,#008D31
46.0,-114.0,60.0,#008C00
46.0,-112.0,32.0,#008C31
46.0,-112.0,40.0,#008C1F
46.0,-106.0,60.0,#008A00
46.0,-104.0,34.0,#008B2D
46.0,-100.0,62.0,#008A00
46.0,-98.0,54.0,#008900
46.0,-96.0,10.0,#008A5A
46.0,-96.0,22.0,#008A45
46.0,-96.0,28.0,#008A3A
46.0,-96.0,34.0,#00892D
46.0,-94.0,-18.0,#008B89
46.0,-92.0,40.0,#008920
46.0,-92.0,48.0,#008802
46.0,-88.0,-6.0,#008975
46.0,-88.0,24.0,#008841
46.0,-88.0,30.0,#008836
46.0,-86.0,-32.0,#008BA1
46.0,-84.0,44.0,#008715
46.0,-84.0,58.0,#008700
46.0,-80.0,26.0,#00873E
46.0,-80.0,64.0,#008600
46.0,-78.0,50.0,#008600
46.0,-72.0,-40.0,#0089AF
46.0,-72.0,-34.0,#0088A5
46.0,-72.0,4.0,#008664
46.0,-72.0,10.0,#00865A
46.0,-72.0,16.0,#008550
46.0,-70.0,-28.0,#00879A
46.0,-68.0,-22.0,#008690
46.0,-68.0,-6.0,#008575
46.0,-66.0,-42.0,#0088B2
46.0,-66.0,-36.0,#0087A8
46.0,-66.0,-10.0,#00857C
46.0,-66.0,12.0,#008457
46.0,-66.0,18.0,#00844D
46.0,-64.0,-30.0,#00869E
46.0,-62.0,-46.0,#0087B9
46.0,-62.0,-18.0,#00858A
46.0,-62.0,64.0,#008200
46.0,-60.0,-8.0,#008479
46.0,-60.0,14.0,#008354
46.0,-58.0,-28.0,#00859B
46.0,-58.0,18.0,#00824D
46.0,-58.0,26.0,#00823E
46.0,-56.0,-48.0,#0086BD
46.0,-56.0,-22.0,#008490
46.0,-54.0,-42.0,#0085B2
46.0,-54.0,-36.0,#0084A8
46.0,-52.0,-30.0,#00839E
46.0,-52.0,14.0,#008054
46.0,-52.0,42.0,#00801D
46.0,-48.0,-40.0,#0083AF
46.0,-48.0,-34.0,#0082A5
46.0,-48.0,46.0,#197E11
46.0,-46.0,-28.0,#00819B
46.0,-46.0,0.0,#007F6C
46.0,-46.0,36.0,#167E2C
46.0,-44.0,-54.0,#0083C7
46.0,-44.0,-22.0,#008091
46.0,-44.0,-18.0,#00808A
46.0,-44.0,-14.0,#008083
46.0,-42.0,-48.0,#0082BD
46.0,-42.0,-42.0,#0081B3
46.0,-42.0,-36.0,#0081A8
46.0,-42.0,-30.0,#00809E
46.0,-42.0,30.0,#227D38
46.0,-40.0,-24.0,#007F94
46.0,-40.0,-10.0,#007E7D
46.0,-40.0,-6.0,#007E76
46.0,-40.0,-2.0,#007E6F
46.0,-40.0,2.0,#007D69
46.0,-40.0,10.0,#007D5B
46.0,-40.0,14.0,#007D54
46.0,-40.0,68.0,#407C00
46.0,-38.0,-56.0,#0082CB
46.0,-38.0,-18.0,#007E8A
46.0,-38.0,-14.0,#007E83
46.0,-38.0,22.0,#277C46
46.0,-38.0,42.0,#3B7B1E
46.0,-36.0,-50.0,#0080C0
46.0,-36.0,-42.0,#007FB3
46.0,-36.0,-36.0,#007FA8
46.0,-36.0,-30.0,#007E9E
46.0,-34.0,-24.0,#007D94
46.0,-34.0,-6.0,#007C76
46.0,-34.0,-2.0,#007C6F
46.0,-34.0,2.0,#007B69
46.0,-34.0,10.0,#227B5B
46.0,-34.0,18.0,#317B4E
46.0,-32.0,22.0,#3C7A47
46.0,-32.0,38.0,#477928
46.0,-32.0,44.0,#4A791A
46.0,-32.0,50.0,#4D7903
46.0,-30.0,-46.0,#007EBA
46.0,-30.0,-40.0,#007DAF
46.0,-30.0,0.0,#1C7A6C
46.0,-28.0,-4.0,#1A7A73
46.0,-28.0,8.0,#36795F
46.0,-26.0,-14.0,#007A84
46.0,-26.0,34.0,#527731
46.0,-24.0,-40.0,#007BAF
46.0,-24.0,-34.0,#007AA5
46.0,-24.0,-2.0,#327870
46.0,-24.0,6.0,#3F7862
46.0,-22.0,60.0,#627500
46.0,-20.0,-64.0,#007CD9
46.0,-20.0,-10.0,#30777D
46.0,-20.0,-2.0,#3F7670
46.0,-20.0,18.0,#55754E
46.0,-20.0,34.0,#5E7531
46.0,-18.0,-16.0,#287787
46.0,-18.0,-12.0,#337680
46.0,-18.0,26.0,#5E7440
46.0,-18.0,40.0,#647425
46.0,-18.0,46.0,#657416
46.0,-16.0,-48.0,#0079BD
46.0,-16.0,0.0,#4C756C
46.0,-16.0,4.0,#517466
46.0,-16.0,16.0,#5B7452
46.0,-16.0,20.0,#5E744B
46.0,-14.0,-66.0,#007ADD
46.0,-14.0,-54.0,#0079C8
46.0,-14.0,-18.0,#33758A
46.0,-14.0,-14.0,#3C7584
46.0,-14.0,-10.0,#44747D
46.0,-14.0,34.0,#687232
46.0,-14.0,40.0,#6A7225
46.0,-12.0,-60.0,#0079D2
46.0,-12.0,-40.0,#0076B0
46.0,-12.0,-6.0,#4F7377
46.0,-12.0,-2.0,#537370
46.0,-12.0,6.0,#5B7263
46.0,-12.0,12.0,#607259
46.0,-12.0,20.0,#65724B
46.0,-10.0,-10.0,#4E737D
46.0,-10.0,-4.0,#567273
46.0,-10.0,0.0,#5A726D
46.0,-10.0,22.0,#6A7148
46.0,-10.0,32.0,#6E7036
46.0,-10.0,38.0,#70702A
46.0,-8.0,-68.0,#0078E0
46.0,-8.0,-60.0,#0077D2
46.0,-8.0,-52.0,#0076C4
46.0,-8.0,-44.0,#0075B6
46.0,-8.0,-8.0,#55717A
46.0,-8.0,-2.0,#5C7170
46.0,-8.0,2.0,#607169
46.0,-8.0,10.0,#66705C
46.0,-8.0,14.0,#697055
46.0,-8.0,18.0,#6B704F
46.0,-8.0,42.0,#746F21
46.0,-6.0,-18.0,#4C718B
46.0,-6.0,20.0,#6F6F4B
46.0,-6.0,32.0,#746E36
46.0,-6.0,46.0,#786E18
46.0,-4.0,-66.0,#0076DD
46.0,-4.0,-58.0,#0075CF
46.0,-4.0,-50.0,#0074C1
46.0,-4.0,-16.0,#547087
46.0,-4.0,0.0,#666F6D
46.0,-4.0,36.0,#796D2E
46.0,-4.0,50.0,#7C6D0A
46.0,-2.0,-32.0,#3B71A2
46.0,-2.0,-20.0,#536F8E
46.0,-2.0,-16.0,#596F87
46.0,-2.0,-12.0,#5E6F81
46.0,-2.0,-8.0,#626F7A
46.0,-2.0,-4.0,#666E73
46.0,-2.0,4.0,#6C6E66
46.0,-2.0,8.0,#6F6D60
46.0,-2.0,12.0,#726D59
46.0,-2.0,16.0,#746D52
46.0,-2.0,20.0,#766D4B
46.0,0.0,-64.0,#0074D9
46.0,0.0,-56.0,#0073CB
46.0,0.0,-48.0,#0072BD
46.0,0.0,-24.0,#526F95
46.0,0.0,-20.0,#586E8E
46.0,0.0,-16.0,#5D6E87
46.0,0.0,-12.0,#626E81
46.0,0.0,-8.0,#666D7A
46.0,0.0,-4.0,#6A6D74
46.0,0.0,4.0,#706D66
46.0,0.0,8.0,#736C60
46.0,0.0,12.0,#756C59
46.0,0.0,36.0,#7F6B2F
46.0,2.0,-20.0,#5C6D8E
46.0,2.0,-16.0,#616D87
46.0,2.0,-12.0,#666D81
46.0,2.0,-8.0,#6A6C7A
46.0,2.0,-4.0,#6D6C74
46.0,2.0,4.0,#736C66
46.0,2.0,8.0,#766B60
46.0,2.0,12.0,#786B59
46.0,2.0,30.0,#806A3A
46.0,4.0,-64.0,#0072D9
46.0,4.0,-50.0,#0070C1
46.0,4.0,-20.0,#616C8E
46.0,4.0,-16.0,#656C88
46.0,4.0,-12.0,#6A6C81
46.0,4.0,-8.0,#6D6B7A
46.0,4.0,-4.0,#716B74
46.0,4.0,0.0,#746B6D
46.0,4.0,4.0,#776A66
46.0,4.0,8.0,#796A60
46.0,4.0,12.0,#7B6A59
46.0,4.0,34.0,#846933
46.0,4.0,46.0,#876919
46.0,6.0,-48.0,#226EBE
46.0,6.0,-20.0,#656B8E
46.0,6.0,-16.0,#696B88
46.0,6.0,-12.0,#6D6B81
46.0,6.0,-8.0,#716A7A
46.0,6.0,-4.0,#746A74
46.0,6.0,0.0,#776A6D
46.0,6.0,4.0,#7A6966
46.0,6.0,8.0,#7C6960
46.0,6.0,12.0,#7E6959
46.0,8.0,-38.0,#4C6CAD
46.0,8.0,-16.0,#6D6A88
46.0,8.0,-12.0,#716981
46.0,8.0,-8.0,#74697A
46.0,8.0,-4.0,#786974
46.0,8.0,0.0,#7A686D
46.0,8.0,4.0,#7D6867
46.0,8.0,8.0,#7F6860
46.0,8.0,12.0,#816859
46.0,8.0,16.0,#836753
46.0,8.0,34.0,#8A6733
46.0,10.0,-56.0,#006DCB
46.0,10.0,-10.0,#76687E
46.0,10.0,-6.0,#796877
46.0,10.0,-2.0,#7C6771
46.0,10.0,2.0,#7F676A
46.0,10.0,6.0,#816763
46.0,10.0,10.0,#83675D
46.0,12.0,-40.0,#536AB0
46.0,12.0,-4.0,#7E6674
46.0,12.0,0.0,#81666D
46.0,12.0,4.0,#836667
46.0,12.0,8.0,#856560
46.0,12.0,14.0,#886556
46.0,12.0,52.0,#936406
46.0,14.0,-2.0,#836571
46.0,14.0,2.0,#85656A
46.0,14.0,12.0,#8A645A
46.0,16.0,-36.0,#6467A9
46.0,16.0,-32.0,#6A66A3
46.0,16.0,0.0,#87636D
46.0,16.0,6.0,#8A6364
46.0,16.0,10.0,#8C635D
46.0,16.0,16.0,#8F6253
46.0,16.0,20.0,#90624C
46.0,16.0,54.0,#986100
46.0,16.0,62.0,#996100
46.0,18.0,-78.0,#006CF2
46.0,18.0,4.0,#8C6267
46.0,18.0,14.0,#916156
46.0,18.0,68.0,#9C6000
46.0,20.0,-2.0,#8C6171
46.0,20.0,8.0,#916060
46.0,20.0,12.0,#93605A
46.0,20.0,18.0,#956050
46.0,20.0,22.0,#975F49
46.0,20.0,40.0,#9B5F29
46.0,20.0,50.0,#9D5E10
46.0,20.0,56.0,#9E5E00
46.0,20.0,64.0,#9E5E00
46.0,22.0,-78.0,#006AF2
46.0,22.0,-14.0,#876085
46.0,22.0,-10.0,#8A607E
46.0,22.0,2.0,#915F6A
46.0,22.0,6.0,#935F64
46.0,22.0,46.0,#9F5D1C
46.0,24.0,-2.0,#925E71
46.0,24.0,10.0,#985D5D
46.0,24.0,14.0,#995D57
46.0,24.0,20.0,#9B5C4D
46.0,24.0,24.0,#9D5C46
46.0,24.0,52.0,#A25B0A
46.0,26.0,-58.0,#5163CF
46.0,26.0,-52.0,#5F62C5
46.0,26.0,-14.0,#8D5D85
46.0,26.0,-10.0,#905D7E
46.0,26.0,2.0,#975C6B
46.0,26.0,6.0,#995C64
46.0,28.0,-84.0,#0067FD
46.0,28.0,-64.0,#4663DA
46.0,28.0,10.0,#9D5A5D
46.0,28.0,24.0,#A25946
46.0,28.0,50.0,#A75812
46.0,28.0,58.0,#A85800
46.0,30.0,-58.0,#5C60CF
46.0,30.0,-8.0,#975A7B
46.0,30.0,0.0,#9B596E
46.0,30.0,4.0,#9D5967
46.0,32.0,8.0,#A25761
46.0,32.0,46.0,#AC551E
46.0,32.0,56.0,#AD5400
46.0,32.0,64.0,#AD5400
46.0,34.0,-30.0,#8D59A0
46.0,34.0,-2.0,#A05671
46.0,34.0,2.0,#A2556B
46.0,34.0,12.0,#A6555A
46.0,34.0,16.0,#A75454
46.0,34.0,40.0,#AD532A
46.0,34.0,52.0,#AF530E
46.0,36.0,6.0,#A65364
46.0,36.0,24.0,#AC5247
46.0,38.0,-70.0,#555CE4
46.0,38.0,10.0,#AA515E
46.0,38.0,40.0,#B24F2B
46.0,38.0,52.0,#B44F0F
46.0,38.0,58.0,#B44F00
46.0,38.0,76.0,#B54E00
46.0,40.0,-40.0,#8D55B1
46.0,40.0,-34.0,#9354A6
46.0,40.0,14.0,#AE4F58
46.0,40.0,18.0,#B04E51
46.0,42.0,-70.0,#6159E4
46.0,42.0,-52.0,#8255C5
46.0,42.0,52.0,#B94B10
46.0,42.0,74.0,#BA4A00
46.0,44.0,-76.0,#5659EF
46.0,44.0,-48.0,#8A52BE
46.0,46.0,-62.0,#7A53D6
46.0,46.0,-38.0,#984EAD
46.0,46.0,-6.0,#AE4A78
46.0,46.0,70.0,#BF4500
46.0,48.0,-82.0,#5056FA
46.0,48.0,-74.0,#6754EB
46.0,48.0,-58.0,#8550CF
46.0,48.0,-34.0,#9F4CA7
46.0,48.0,6.0,#B64665
46.0,48.0,62.0,#C14300
46.0,48.0,76.0,#C14300
46.0,50.0,-54.0,#8E4DC9
46.0,50.0,-30.0,#A548A0
46.0,50.0,10.0,#BA435F
46.0,52.0,-88.0,#4854FF
46.0,52.0,-8.0,#B5427C
46.0,52.0,0.0,#B9416F
46.0,52.0,50.0,#C43E18
46.0,54.0,-16.0,#B44189
46.0,56.0,-86.0,#5D4FFF
46.0,56.0,-72.0,#7E4BE8
46.0,58.0,-82.0,#6E4BFA
46.0,58.0,8.0,#C33762
46.0,58.0,54.0,#CC330F
46.0,60.0,-78.0,#7C48F3
46.0,60.0,-44.0,#A93EB8
46.0,62.0,-74.0,#8743EC
46.0,62.0,-38.0,#B139AE
46.0,62.0,48.0,#D02B1F
46.0,64.0,-70.0,#913FE5
46.0,64.0,-50.0,#A939C2
46.0,64.0,-32.0,#B834A4
46.0,64.0,4.0,#C92C69
46.0,64.0,10.0,#CB2B5F
46.0,66.0,-66.0,#9B3ADE
46.0,66.0,40.0,#D4212E
46.0,66.0,66.0,#D62000
46.0,68.0,-46.0,#B32FBB
46.0,70.0,-62.0,#A631D7
46.0,70.0,2.0,#D01A6C
46.0,70.0,78.0,#DB0C00
46.0,72.0,42.0,#DB012C
46.0,74.0,-68.0,#A62BE1
46.0,74.0,-50.0,#B921C2
46.0,74.0,-44.0,#BD1EB8
46.0,78.0,-76.0,#A324EF
46.0,78.0,2.0,#DA006D
46.0,80.0,-82.0,#9E22FA
46.0,80.0,-70.0,#AE18E5
46.0,80.0,-16.0,#D6008A
46.0,80.0,8.0,#DE0063
46.0,82.0,-4.0,#DD0077
46.0,82.0,62.0,#E80000
46.0,84.0,-78.0,#AA09F3
46.0,84.0,34.0,#E8003A
46.0,84.0,52.0,#EA001B
46.0,86.0,-72.0,#B500E9
46.0,86.0,-60.0,#C100D4
46.0,86.0,2.0,#E4006D
46.0,86.0,14.0,#E7005A
46.0,90.0,-4.0,#E70077
46.0,90.0,38.0,#EF0035
46.0,90.0,44.0,#F0002B
46.0,92.0,-88.0,#AB00FF
46.0,92.0,-58.0,#CC00D0
46.0,92.0,18.0,#EF0054
46.0,94.0,-64.0,#CA00DB
46.0,94.0,2.0,#ED006E
46.0,94.0,32.0,#F3003F
46.0,96.0,-84.0,#B700FE
46.0,96.0,-70.0,#C700E5
46.0,96.0,8.0,#F10064
46.0,98.0,-46.0,#DD00BC
46.0,98.0,-18.0,#EB008E
46.0,98.0,14.0,#F5005B
46.0,98.0,20.0,#F60052
46.0,100.0,-78.0,#C500F3
46.0,102.0,-68.0,#D200E2
46.0,102.0,2.0,#F7006E
46.0,106.0,-46.0,#E800BC
46.0,108.0,-74.0,#D500ED
46.0,108.0,-30.0,#F300A2
46.0,110.0,-56.0,#E600CD
46.0,110.0,-24.0,#F80098
46.0,112.0,-50.0,#ED00C3
46.0,112.0,-42.0,#F200B6
46.0,116.0,-86.0,#D500FF
46.0,116.0,-66.0,#E700DF
46.0,118.0,-72.0,#E500E9
46.0,118.0,-60.0,#EE00D5
47.0,-128.0,-4.0,#009274
47.0,-128.0,2.0,#00926A
47.0,-128.0,8.0,#00915F
47.0,-122.0,-8.0,#00917B
47.0,-120.0,-2.0,#009170
47.0,-120.0,4.0,#009166
47.0,-120.0,10.0,#00905C
47.0,-120.0,16.0,#009051
47.0,-112.0,6.0,#008F63
47.0,-108.0,-10.0,#00907E
47.0,-104.0,-4.0,#008F74
47.0,-104.0,2.0,#008F6A
47.0,-104.0,8.0,#008E60
47.0,-104.0,14.0,#008E55
47.0,-104.0,20.0,#008E4B
47.0,-104.0,26.0,#008E3F
47.0,-102.0,-20.0,#008F8F
47.0,-100.0,-14.0,#008F85
47.0,-98.0,-8.0,#008E7B
47.0,-96.0,-24.0,#008F96
47.0,-96.0,-2.0,#008D71
47.0,-96.0,4.0,#008D67
47.0,-96.0,16.0,#008D52
47.0,-92.0,-12.0,#008D82
47.0,-90.0,-28.0,#008E9D
47.0,-88.0,-22.0,#008D93
47.0,-88.0,0.0,#008C6D
47.0,-88.0,6.0,#008C63
47.0,-88.0,12.0,#008B59
47.0,-88.0,18.0,#008B4E
47.0,-86.0,-16.0,#008D89
47.0,-84.0,-26.0,#008D9A
47.0,-84.0,36.0,#008A2C
47.0,-82.0,-20.0,#008C8F
47.0,-80.0,-14.0,#008B85
47.0,-80.0,-4.0,#008B74
47.0,-80.0,8.0,#008A60
47.0,-80.0,14.0,#008A56
47.0,-78.0,32.0,#008935
47.0,-76.0,-30.0,#008CA0
47.0,-76.0,-24.0,#008B96
47.0,-76.0,38.0,#008828
47.0,-74.0,-18.0,#008A8C
47.0,-74.0,-8.0,#008A7B
47.0,-72.0,-12.0,#008982
47.0,-72.0,-2.0,#008971
47.0,-72.0,28.0,#00883D
47.0,-70.0,34.0,#008731
47.0,-70.0,40.0,#008724
47.0,-70.0,48.0,#008709
47.0,-68.0,-16.0,#008989
47.0,-66.0,6.0,#008764
47.0,-66.0,24.0,#008644
47.0,-66.0,52.0,#008600
47.0,-64.0,-2.0,#008771
47.0,-64.0,2.0,#00876A
47.0,-64.0,30.0,#008639
47.0,-64.0,36.0,#00862D
47.0,-62.0,-14.0,#008786
47.0,-60.0,46.0,#008413
47.0,-60.0,54.0,#008400
47.0,-58.0,-34.0,#0088A7
47.0,-58.0,-4.0,#008675
47.0,-58.0,0.0,#00856E
47.0,-58.0,4.0,#008567
47.0,-58.0,34.0,#008431
47.0,-58.0,40.0,#008424
47.0,-56.0,-16.0,#008689
47.0,-56.0,-12.0,#008682
47.0,-56.0,8.0,#008460
47.0,-54.0,50.0,#008302
47.0,-52.0,-26.0,#00859A
47.0,-52.0,-8.0,#00847C
47.0,-52.0,-2.0,#008471
47.0,-52.0,2.0,#00846B
47.0,-52.0,22.0,#008348
47.0,-52.0,30.0,#00833A
47.0,-52.0,56.0,#0F8200
47.0,-50.0,-14.0,#008486
47.0,-50.0,6.0,#008364
47.0,-48.0,16.0,#008253
47.0,-46.0,-10.0,#00837F
47.0,-46.0,-6.0,#008278
47.0,-46.0,10.0,#00825D
47.0,-46.0,20.0,#00814C
47.0,-46.0,26.0,#008141
47.0,-46.0,52.0,#2B8000
47.0,-46.0,60.0,#2F8000
47.0,-44.0,4.0,#008168
47.0,-40.0,18.0,#187F50
47.0,-40.0,48.0,#3C7E0F
47.0,-40.0,54.0,#3E7E00
47.0,-40.0,62.0,#417E00
47.0,-36.0,32.0,#3C7D37
47.0,-36.0,56.0,#497D00
47.0,-34.0,-62.0,#0084D8
47.0,-32.0,-56.0,#0082CE
47.0,-32.0,-14.0,#007E86
47.0,-32.0,26.0,#427C42
47.0,-32.0,58.0,#527C00
47.0,-32.0,66.0,#537B00
47.0,-30.0,14.0,#3B7C57
47.0,-30.0,30.0,#4A7B3B
47.0,-28.0,-64.0,#0082DC
47.0,-28.0,-32.0,#007EA4
47.0,-28.0,-26.0,#007E9A
47.0,-28.0,-20.0,#007D90
47.0,-28.0,18.0,#457B50
47.0,-28.0,22.0,#487B49
47.0,-26.0,-58.0,#0080D1
47.0,-26.0,26.0,#507A42
47.0,-26.0,44.0,#597A1D
47.0,-26.0,52.0,#5C7900
47.0,-24.0,-28.0,#007C9E
47.0,-24.0,-22.0,#007C94
47.0,-24.0,-16.0,#007B8A
47.0,-24.0,12.0,#497A5B
47.0,-22.0,-46.0,#007EBC
47.0,-22.0,16.0,#517954
47.0,-22.0,52.0,#637800
47.0,-22.0,68.0,#667800
47.0,-20.0,-24.0,#007B97
47.0,-20.0,-20.0,#057A90
47.0,-20.0,8.0,#4E7861
47.0,-20.0,12.0,#52785B
47.0,-20.0,24.0,#5B7846
47.0,-18.0,-42.0,#007BB6
47.0,-18.0,-34.0,#007BA8
47.0,-18.0,-28.0,#007A9E
47.0,-18.0,52.0,#6A7601
47.0,-18.0,60.0,#6B7600
47.0,-16.0,-72.0,#007FEA
47.0,-16.0,-22.0,#1F7994
47.0,-16.0,-8.0,#44787C
47.0,-16.0,-4.0,#4A7776
47.0,-16.0,8.0,#577762
47.0,-16.0,12.0,#5B765B
47.0,-14.0,-34.0,#0079A8
47.0,-14.0,-28.0,#06789E
47.0,-14.0,26.0,#677543
47.0,-14.0,56.0,#717400
47.0,-14.0,72.0,#737400
47.0,-12.0,-22.0,#337794
47.0,-12.0,2.0,#5A756C
47.0,-12.0,30.0,#6D743C
47.0,-10.0,-36.0,#0077AC
47.0,-10.0,-30.0,#1F77A1
47.0,-10.0,4.0,#607468
47.0,-10.0,16.0,#697454
47.0,-10.0,54.0,#777200
47.0,-10.0,62.0,#787200
47.0,-10.0,70.0,#797200
47.0,-8.0,-76.0,#007CF1
47.0,-8.0,-26.0,#38759B
47.0,-8.0,-16.0,#4D758A
47.0,-8.0,-12.0,#537483
47.0,-8.0,6.0,#657365
47.0,-8.0,26.0,#717243
47.0,-6.0,-34.0,#2575A8
47.0,-6.0,-22.0,#487494
47.0,-6.0,-10.0,#5A7380
47.0,-6.0,-6.0,#5E7379
47.0,-6.0,-2.0,#627373
47.0,-6.0,2.0,#66726C
47.0,-6.0,6.0,#697265
47.0,-6.0,10.0,#6C725F
47.0,-6.0,14.0,#6F7258
47.0,-6.0,28.0,#767140
47.0,-6.0,56.0,#7D7000
47.0,-6.0,72.0,#7F7000
47.0,-4.0,-74.0,#007AEE
47.0,-4.0,-20.0,#517391
47.0,-4.0,-12.0,#5C7283
47.0,-4.0,-8.0,#60727D
47.0,-4.0,-4.0,#647276
47.0,-4.0,4.0,#6B7169
47.0,-4.0,8.0,#6E7162
47.0,-4.0,12.0,#71715B
47.0,-4.0,16.0,#737155
47.0,-4.0,24.0,#777047
47.0,-2.0,-80.0,#007AF8
47.0,-2.0,-2.0,#6A7173
47.0,-2.0,2.0,#6D706C
47.0,-2.0,28.0,#7C6F40
47.0,-2.0,40.0,#806F29
47.0,-2.0,46.0,#816F1B
47.0,-2.0,54.0,#836E00
47.0,-2.0,70.0,#846E00
47.0,-2.0,78.0,#856E00
47.0,0.0,-72.0,#0078EA
47.0,0.0,24.0,#7D6E47
47.0,2.0,-78.0,#0078F5
47.0,2.0,-32.0,#4B71A5
47.0,2.0,-24.0,#597097
47.0,2.0,26.0,#816D44
47.0,2.0,52.0,#886C07
47.0,2.0,60.0,#896C00
47.0,2.0,70.0,#8A6C00
47.0,2.0,78.0,#8B6C00
47.0,4.0,-30.0,#5470A2
47.0,4.0,24.0,#836C47
47.0,6.0,-84.0,#0077FF
47.0,6.0,-60.0,#0073D5
47.0,6.0,-42.0,#3E70B6
47.0,6.0,-28.0,#5C6E9E
47.0,6.0,28.0,#886B40
47.0,6.0,40.0,#8B6A2A
47.0,6.0,54.0,#8E6A00
47.0,6.0,62.0,#8F6A00
47.0,6.0,72.0,#906A00
47.0,6.0,80.0,#906A00
47.0,8.0,-78.0,#0075F5
47.0,8.0,-26.0,#646D9B
47.0,8.0,24.0,#896A47
47.0,10.0,-84.0,#0075FF
47.0,10.0,-74.0,#0073EE
47.0,10.0,-66.0,#0071E0
47.0,10.0,-50.0,#336FC4
47.0,10.0,-34.0,#5C6DA9
47.0,10.0,-24.0,#6A6C98
47.0,10.0,-20.0,#6F6B91
47.0,10.0,28.0,#8D6841
47.0,10.0,40.0,#91682A
47.0,10.0,46.0,#92681D
47.0,10.0,62.0,#946700
47.0,10.0,70.0,#956700
47.0,10.0,78.0,#956700
47.0,12.0,-48.0,#426DC0
47.0,12.0,-32.0,#646BA5
47.0,12.0,-18.0,#756A8E
47.0,12.0,-14.0,#796A87
47.0,12.0,24.0,#8F6748
47.0,14.0,-84.0,#0072FF
47.0,14.0,-66.0,#006FE0
47.0,14.0,-56.0,#2C6DCE
47.0,14.0,-26.0,#706A9B
47.0,14.0,-22.0,#746994
47.0,14.0,-12.0,#7E6884
47.0,14.0,-8.0,#81687D
47.0,14.0,30.0,#94663D
47.0,14.0,36.0,#956532
47.0,14.0,42.0,#976526
47.0,14.0,48.0,#986518
47.0,14.0,70.0,#9A6500
47.0,14.0,78.0,#9B6500
47.0,16.0,-90.0,#0072FF
47.0,16.0,-80.0,#0070F9
47.0,16.0,-54.0,#3E6CCB
47.0,16.0,-48.0,#4F6BC1
47.0,16.0,-20.0,#7A6891
47.0,16.0,-16.0,#7E678A
47.0,16.0,-6.0,#86667A
47.0,16.0,28.0,#966441
47.0,18.0,-62.0,#216CD9
47.0,18.0,-46.0,#5A69BD
47.0,18.0,-28.0,#75679F
47.0,18.0,-24.0,#7A6798
47.0,18.0,-14.0,#836687
47.0,18.0,-10.0,#866581
47.0,18.0,34.0,#9A6336
47.0,18.0,74.0,#A06200
47.0,20.0,-90.0,#0070FF
47.0,20.0,-70.0,#006CE7
47.0,20.0,-60.0,#386AD5
47.0,20.0,-54.0,#4C69CB
47.0,20.0,-22.0,#7F6595
47.0,20.0,-18.0,#83658E
47.0,20.0,-6.0,#8C647A
47.0,20.0,30.0,#9C613E
47.0,20.0,80.0,#A36000
47.0,22.0,-86.0,#006EFF
47.0,22.0,-68.0,#0B6AE3
47.0,22.0,-52.0,#5768C7
47.0,22.0,-42.0,#6A66B6
47.0,22.0,-32.0,#7865A5
47.0,22.0,-28.0,#7D649F
47.0,22.0,36.0,#A06033
47.0,24.0,-66.0,#2F69E0
47.0,24.0,-40.0,#7265B3
47.0,24.0,-26.0,#82639B
47.0,24.0,-22.0,#866295
47.0,24.0,-18.0,#89628E
47.0,24.0,-6.0,#92617A
47.0,24.0,34.0,#A25E37
47.0,24.0,74.0,#A75D00
47.0,26.0,-86.0,#006BFF
47.0,26.0,-76.0,#0069F2
47.0,26.0,-48.0,#6964C1
47.0,26.0,-38.0,#7863B0
47.0,26.0,-32.0,#8062A5
47.0,26.0,40.0,#A65C2C
47.0,26.0,68.0,#A95C00
47.0,26.0,80.0,#AA5C00
47.0,28.0,-72.0,#2267EA
47.0,28.0,-46.0,#7162BD
47.0,28.0,-26.0,#89609B
47.0,28.0,-22.0,#8D5F95
47.0,28.0,-18.0,#905F8E
47.0,28.0,-4.0,#995D77
47.0,28.0,74.0,#AC5A00
47.0,30.0,-44.0,#7861BA
47.0,30.0,-38.0,#8060B0
47.0,30.0,-32.0,#875FA6
47.0,30.0,36.0,#AA5934
47.0,30.0,80.0,#AF5800
47.0,32.0,-82.0,#0066FC
47.0,32.0,-72.0,#3B64EB
47.0,32.0,-52.0,#7060C8
47.0,32.0,-16.0,#975B8B
47.0,32.0,-12.0,#9A5B84
47.0,32.0,42.0,#AE5729
47.0,32.0,72.0,#B15700
47.0,34.0,-78.0,#2264F5
47.0,34.0,-44.0,#805DBA
47.0,34.0,-38.0,#875CB0
47.0,34.0,-26.0,#935B9C
47.0,34.0,-22.0,#965A95
47.0,34.0,-6.0,#A1597A
47.0,34.0,34.0,#AF5638
47.0,34.0,78.0,#B45500
47.0,36.0,-90.0,#0065FF
47.0,36.0,-72.0,#4B61EB
47.0,36.0,-62.0,#665FD9
47.0,36.0,-52.0,#785DC8
47.0,36.0,-10.0,#A15781
47.0,38.0,-86.0,#0063FF
47.0,38.0,-78.0,#3B61F5
47.0,38.0,-58.0,#735CD2
47.0,38.0,-20.0,#9E5692
47.0,38.0,-16.0,#A0568B
47.0,38.0,34.0,#B45238
47.0,38.0,66.0,#B85100
47.0,40.0,-26.0,#9C559C
47.0,40.0,-6.0,#A9537B
47.0,40.0,-2.0,#AB5274
47.0,40.0,2.0,#AD526E
47.0,40.0,46.0,#B84F21
47.0,42.0,-86.0,#1E5FFF
47.0,42.0,-78.0,#4C5DF5
47.0,42.0,-14.0,#A75288
47.0,42.0,6.0,#B15067
47.0,44.0,-24.0,#A45198
47.0,44.0,10.0,#B54D61
47.0,44.0,36.0,#BC4B35
47.0,46.0,-86.0,#3A5CFF
47.0,46.0,-20.0,#A94E92
47.0,46.0,14.0,#B94A5A
47.0,46.0,18.0,#BA4A54
47.0,46.0,42.0,#BF492A
47.0,46.0,48.0,#C0491E
47.0,48.0,-46.0,#9650BE
47.0,48.0,-16.0,#AF4B8B
47.0,48.0,24.0,#BE474A
47.0,48.0,28.0,#BF4743
47.0,48.0,32.0,#C0473C
47.0,50.0,-68.0,#7B53E4
47.0,50.0,-12.0,#B44885
47.0,50.0,38.0,#C44432
47.0,50.0,54.0,#C6430F
47.0,52.0,-22.0,#B14795
47.0,52.0,16.0,#C14357
47.0,52.0,20.0,#C24251
47.0,54.0,-50.0,#9C4AC5
47.0,54.0,26.0,#C63F47
47.0,54.0,30.0,#C73F40
47.0,54.0,34.0,#C83E3A
47.0,54.0,60.0,#CB3D00
47.0,54.0,70.0,#CB3D00
47.0,56.0,-46.0,#A447BE
47.0,56.0,-30.0,#B143A3
47.0,56.0,40.0,#CB3B2F
47.0,56.0,76.0,#CE3A00
47.0,58.0,-58.0,#9A47D3
47.0,58.0,-24.0,#B83F99
47.0,58.0,14.0,#C8395B
47.0,58.0,18.0,#C93954
47.0,58.0,22.0,#CA394E
47.0,58.0,66.0,#D03600
47.0,60.0,-54.0,#A243CC
47.0,60.0,-8.0,#C3397F
47.0,60.0,0.0,#C63872
47.0,60.0,28.0,#CE3444
47.0,60.0,34.0,#CF343A
47.0,60.0,62.0,#D23200
47.0,62.0,-20.0,#BF3892
47.0,62.0,78.0,#D52E00
47.0,64.0,-26.0,#BF359C
47.0,64.0,-4.0,#CA3178
47.0,64.0,16.0,#D02D58
47.0,64.0,24.0,#D22C4B
47.0,66.0,-56.0,#A93ACF
47.0,66.0,-16.0,#C72F8C
47.0,66.0,-10.0,#CA2D82
47.0,66.0,30.0,#D52641
47.0,66.0,36.0,#D62637
47.0,68.0,58.0,#DB1E08
47.0,70.0,-82.0,#8D3DFD
47.0,70.0,14.0,#D71C5C
47.0,70.0,20.0,#D81B52
47.0,70.0,26.0,#D91A48
47.0,70.0,48.0,#DD1622
47.0,70.0,54.0,#DD1615
47.0,72.0,-88.0,#863CFF
47.0,72.0,-58.0,#B12ED3
47.0,72.0,-14.0,#D01D89
47.0,72.0,-8.0,#D21B7F
47.0,72.0,32.0,#DD0E3F
47.0,72.0,38.0,#DE0C35
47.0,72.0,64.0,#E00700
47.0,74.0,-78.0,#9B33F6
47.0,74.0,-24.0,#CD1999
47.0,74.0,60.0,#E20004
47.0,76.0,-30.0,#CD12A3
47.0,76.0,12.0,#DE005F
47.0,76.0,18.0,#DF0056
47.0,76.0,24.0,#E0004C
47.0,76.0,50.0,#E4001F
47.0,76.0,56.0,#E40012
47.0,78.0,30.0,#E40043
47.0,78.0,36.0,#E50039
47.0,78.0,66.0,#E70000
47.0,80.0,-60.0,#BB15D6
47.0,80.0,-42.0,#CA00B8
47.0,80.0,42.0,#E8002F
47.0,82.0,-52.0,#C500C9
47.0,82.0,-24.0,#D8009A
47.0,82.0,20.0,#E70053
47.0,82.0,26.0,#E80049
47.0,84.0,-30.0,#D700A4
47.0,84.0,68.0,#EE0000
47.0,84.0,74.0,#EE0000
47.0,84.0,80.0,#EF0000
47.0,86.0,-46.0,#D000BF
47.0,86.0,-36.0,#D600AE
47.0,86.0,-18.0,#E00090
47.0,86.0,60.0,#F0000B
47.0,88.0,-12.0,#E50086
47.0,90.0,-52.0,#D100C9
47.0,90.0,-24.0,#E2009A
47.0,94.0,26.0,#F6004A
47.0,96.0,-12.0,#EE0087
47.0,98.0,-24.0,#EC009A
47.0,100.0,-6.0,#F5007D
47.0,102.0,-54.0,#E000CD
47.0,102.0,-36.0,#EB00AE
47.0,104.0,-60.0,#DE00D7
47.0,104.0,-12.0,#F80087
47.0,110.0,-36.0,#F500AF
47.0,116.0,-80.0,#DE00FA
48.0,-128.0,20.0,#00944C
48.0,-128.0,28.0,#00943E
48.0,-128.0,36.0,#00932D
48.0,-128.0,44.0,#009318
48.0,-128.0,52.0,#009300
48.0,-128.0,60.0,#009300
48.0,-120.0,28.0,#00933E
48.0,-120.0,36.0,#00922D
48.0,-120.0,44.0,#009218
48.0,-120.0,52.0,#009200
48.0,-120.0,62.0,#009200
48.0,-114.0,-14.0,#009487
48.0,-114.0,56.0,#009100
48.0,-112.0,-2.0,#009373
48.0,-112.0,16.0,#009254
48.0,-112.0,22.0,#009249
48.0,-112.0,30.0,#00923A
48.0,-112.0,38.0,#009129
48.0,-112.0,46.0,#009112
48.0,-112.0,62.0,#009100
48.0,-108.0,-18.0,#00938E
48.0,-108.0,68.0,#009000
48.0,-106.0,52.0,#009000
48.0,-104.0,38.0,#009029
48.0,-104.0,46.0,#009012
48.0,-104.0,58.0,#009000
48.0,-100.0,64.0,#008F00
48.0,-98.0,52.0,#008F00
48.0,-98.0,70.0,#008F00
48.0,-96.0,26.0,#008F42
48.0,-96.0,32.0,#008F36
48.0,-96.0,40.0,#008F25
48.0,-96.0,58.0,#008F00
48.0,-92.0,46.0,#008E13
48.0,-90.0,52.0,#008E00
48.0,-90.0,62.0,#008D00
48.0,-90.0,70.0,#008D00
48.0,-88.0,-8.0,#008F7E
48.0,-88.0,28.0,#008E3E
48.0,-84.0,48.0,#008D0C
48.0,-84.0,56.0,#008C00
48.0,-84.0,72.0,#008C00
48.0,-82.0,62.0,#008C00
48.0,-80.0,0.0,#008D70
48.0,-80.0,24.0,#008C46
48.0,-78.0,52.0,#008B00
48.0,-76.0,58.0,#008B00
48.0,-76.0,66.0,#008B00
48.0,-74.0,-36.0,#008EAD
48.0,-74.0,72.0,#008A00
48.0,-72.0,2.0,#008B6D
48.0,-72.0,8.0,#008B63
48.0,-72.0,14.0,#008B58
48.0,-72.0,20.0,#008B4E
48.0,-70.0,-30.0,#008DA3
48.0,-70.0,60.0,#008900
48.0,-68.0,-40.0,#008DB4
48.0,-68.0,-8.0,#008B7E
48.0,-68.0,66.0,#008900
48.0,-68.0,74.0,#008900
48.0,-66.0,-34.0,#008CAA
48.0,-66.0,-24.0,#008C99
48.0,-66.0,10.0,#008A5F
48.0,-66.0,16.0,#008955
48.0,-64.0,-28.0,#008BA0
48.0,-62.0,-44.0,#008CBB
48.0,-62.0,62.0,#008700
48.0,-62.0,70.0,#008700
48.0,-60.0,-22.0,#008A96
48.0,-60.0,-10.0,#008981
48.0,-60.0,12.0,#00885C
48.0,-60.0,18.0,#008851
48.0,-58.0,-26.0,#008A9D
48.0,-58.0,22.0,#00874A
48.0,-58.0,74.0,#008600
48.0,-56.0,-46.0,#008BBF
48.0,-56.0,-40.0,#008AB4
48.0,-56.0,64.0,#008600
48.0,-54.0,-20.0,#008892
48.0,-54.0,14.0,#008659
48.0,-52.0,-50.0,#008AC6
48.0,-52.0,40.0,#008527
48.0,-52.0,68.0,#1E8500
48.0,-52.0,76.0,#228400
48.0,-50.0,-44.0,#0089BB
48.0,-50.0,-38.0,#0089B1
48.0,-50.0,34.0,#008534
48.0,-48.0,-32.0,#0087A7
48.0,-48.0,-22.0,#008796
48.0,-48.0,-18.0,#00868F
48.0,-46.0,-52.0,#0089C9
48.0,-46.0,-26.0,#00869D
48.0,-46.0,-2.0,#008574
48.0,-46.0,38.0,#21832C
48.0,-46.0,44.0,#28831E
48.0,-46.0,72.0,#368300
48.0,-44.0,-46.0,#0088BF
48.0,-44.0,-40.0,#0087B5
48.0,-44.0,30.0,#1F833C
48.0,-42.0,-34.0,#0086AA
48.0,-42.0,-28.0,#0085A0
48.0,-42.0,-20.0,#008593
48.0,-42.0,-16.0,#00848C
48.0,-42.0,-12.0,#008485
48.0,-42.0,76.0,#428100
48.0,-40.0,-56.0,#0088D0
48.0,-40.0,-8.0,#00837E
48.0,-40.0,-4.0,#008378
48.0,-40.0,0.0,#008371
48.0,-40.0,38.0,#38812D
48.0,-38.0,-50.0,#0086C6
48.0,-38.0,-42.0,#0085B8
48.0,-38.0,-22.0,#008496
48.0,-36.0,-12.0,#008285
48.0,-36.0,6.0,#0F8167
48.0,-36.0,10.0,#1E8160
48.0,-36.0,72.0,#4F7F00
48.0,-34.0,-8.0,#00817E
48.0,-34.0,-4.0,#008178
48.0,-34.0,0.0,#008171
48.0,-34.0,36.0,#477F31
48.0,-34.0,42.0,#4A7F24
48.0,-34.0,78.0,#547F00
48.0,-32.0,-46.0,#0084BF
48.0,-32.0,-40.0,#0083B5
48.0,-32.0,-18.0,#00818F
48.0,-32.0,46.0,#507E1A
48.0,-30.0,-10.0,#008082
48.0,-30.0,-2.0,#1C7F74
48.0,-30.0,2.0,#297F6E
48.0,-30.0,6.0,#317F67
48.0,-30.0,10.0,#387F60
48.0,-30.0,70.0,#5B7D00
48.0,-28.0,-6.0,#1A7F7B
48.0,-28.0,36.0,#547D32
48.0,-28.0,76.0,#5F7C00
48.0,-26.0,-48.0,#0082C3
48.0,-26.0,-40.0,#0081B5
48.0,-26.0,0.0,#357E71
48.0,-26.0,4.0,#3C7E6A
48.0,-26.0,64.0,#617C00
48.0,-24.0,-66.0,#0083E2
48.0,-24.0,-12.0,#1B7E85
48.0,-24.0,-8.0,#2A7D7F
48.0,-24.0,-4.0,#347D78
48.0,-24.0,8.0,#477D64
48.0,-24.0,20.0,#537C4F
48.0,-24.0,78.0,#667B00
48.0,-22.0,-18.0,#057D90
48.0,-22.0,0.0,#427C71
48.0,-22.0,4.0,#477C6B
48.0,-22.0,30.0,#5D7B3D
48.0,-22.0,40.0,#627B2A
48.0,-20.0,-60.0,#0081D8
48.0,-20.0,-14.0,#2B7C89
48.0,-20.0,-6.0,#3E7C7B
48.0,-20.0,20.0,#5B7A4F
48.0,-20.0,44.0,#677A21
48.0,-20.0,80.0,#6D7900
48.0,-18.0,-52.0,#007FCA
48.0,-18.0,-2.0,#4A7B75
48.0,-18.0,2.0,#4F7A6E
48.0,-16.0,-16.0,#367B8C
48.0,-16.0,-12.0,#3F7A86
48.0,-16.0,34.0,#6A7836
48.0,-16.0,40.0,#6C782A
48.0,-16.0,46.0,#6E781C
48.0,-14.0,-58.0,#007ED4
48.0,-14.0,-50.0,#007DC6
48.0,-14.0,0.0,#567971
48.0,-14.0,6.0,#5C7867
48.0,-14.0,50.0,#72770F
48.0,-12.0,-44.0,#007CBC
48.0,-12.0,-16.0,#44798C
48.0,-12.0,-12.0,#4B7986
48.0,-12.0,-8.0,#51787F
48.0,-12.0,-4.0,#567878
48.0,-12.0,36.0,#717633
48.0,-12.0,42.0,#737626
48.0,-10.0,-66.0,#007EE2
48.0,-10.0,-58.0,#007DD4
48.0,-10.0,-50.0,#007CC6
48.0,-10.0,-18.0,#467890
48.0,-10.0,-6.0,#58777C
48.0,-10.0,-2.0,#5D7775
48.0,-10.0,8.0,#667664
48.0,-10.0,46.0,#78751D
48.0,-10.0,78.0,#7C7500
48.0,-8.0,-20.0,#487793
48.0,-8.0,-4.0,#5F7678
48.0,-8.0,0.0,#637672
48.0,-8.0,22.0,#72754C
48.0,-8.0,32.0,#76743B
48.0,-8.0,38.0,#79742F
48.0,-6.0,-64.0,#007CDF
48.0,-6.0,-56.0,#007AD1
48.0,-6.0,-16.0,#54768C
48.0,-6.0,0.0,#677572
48.0,-6.0,42.0,#7D7327
48.0,-6.0,80.0,#837300
48.0,-4.0,-52.0,#0079CA
48.0,-4.0,-44.0,#0078BC
48.0,-4.0,-30.0,#3F76A4
48.0,-4.0,-2.0,#697475
48.0,-4.0,32.0,#7D723B
48.0,-4.0,62.0,#847200
48.0,-2.0,-62.0,#0079DB
48.0,-2.0,-28.0,#4A75A1
48.0,-2.0,0.0,#6E7372
48.0,-2.0,24.0,#7D7249
48.0,0.0,-58.0,#0078D4
48.0,0.0,-50.0,#0077C6
48.0,0.0,-42.0,#2676B9
48.0,0.0,-36.0,#3D75AE
48.0,0.0,-26.0,#53749D
48.0,0.0,0.0,#727272
48.0,0.0,16.0,#7C7157
48.0,0.0,20.0,#7E7150
48.0,0.0,32.0,#83703B
48.0,2.0,0.0,#757172
48.0,2.0,16.0,#7F7057
48.0,2.0,20.0,#817050
48.0,2.0,36.0,#876F34
48.0,4.0,-68.0,#0077E6
48.0,4.0,-52.0,#0075CA
48.0,4.0,-44.0,#3274BC
48.0,4.0,16.0,#826F57
48.0,4.0,20.0,#846F50
48.0,4.0,42.0,#8C6E28
48.0,4.0,48.0,#8D6E19
48.0,6.0,-50.0,#1F74C7
48.0,6.0,16.0,#866E57
48.0,6.0,20.0,#876D51
48.0,6.0,24.0,#896D4A
48.0,6.0,32.0,#8C6D3B
48.0,8.0,-68.0,#0075E6
48.0,8.0,-40.0,#4D71B5
48.0,8.0,50.0,#936B14
48.0,10.0,-38.0,#5770B2
48.0,10.0,20.0,#8D6B51
48.0,10.0,34.0,#926A38
48.0,12.0,18.0,#8F6A54
48.0,14.0,-40.0,#5E6EB6
48.0,14.0,22.0,#94684E
48.0,16.0,-38.0,#666CB2
48.0,18.0,-72.0,#0070ED
48.0,18.0,24.0,#9A664A
48.0,18.0,38.0,#9E6531
48.0,18.0,44.0,#9F6525
48.0,20.0,-44.0,#656ABC
48.0,22.0,16.0,#9D6358
48.0,22.0,28.0,#A16344
48.0,22.0,40.0,#A4622E
48.0,24.0,-78.0,#006DF8
48.0,24.0,-50.0,#6468C7
48.0,24.0,58.0,#A96000
48.0,26.0,18.0,#A36055
48.0,26.0,30.0,#A75F40
48.0,26.0,46.0,#AA5F22
48.0,28.0,-58.0,#5D67D5
48.0,28.0,14.0,#A45F5C
48.0,28.0,28.0,#A95E44
48.0,28.0,52.0,#AD5D12
48.0,28.0,64.0,#AF5D00
48.0,30.0,-84.0,#006BFF
48.0,30.0,-56.0,#6765D1
48.0,30.0,18.0,#A85D55
48.0,30.0,22.0,#AA5C4E
48.0,30.0,46.0,#AF5B22
48.0,32.0,-64.0,#5A65DF
48.0,32.0,28.0,#AE5A44
48.0,32.0,52.0,#B25A13
48.0,32.0,58.0,#B35900
48.0,36.0,20.0,#B15752
48.0,36.0,28.0,#B35745
48.0,36.0,52.0,#B75614
48.0,36.0,58.0,#B85600
48.0,40.0,-70.0,#6160EA
48.0,40.0,-36.0,#9659AF
48.0,40.0,52.0,#BC5215
48.0,40.0,58.0,#BD5200
48.0,40.0,76.0,#BE5100
48.0,42.0,-54.0,#845BCE
48.0,42.0,-46.0,#8F59C0
48.0,42.0,-32.0,#9D57A9
48.0,42.0,-10.0,#AC5484
48.0,42.0,22.0,#B9514F
48.0,42.0,26.0,#BA5148
48.0,42.0,30.0,#BB5142
48.0,42.0,82.0,#C14F00
48.0,44.0,-70.0,#6C5CEA
48.0,44.0,-64.0,#785BE0
48.0,44.0,58.0,#C24D01
48.0,44.0,64.0,#C24D00
48.0,46.0,-76.0,#635CF5
48.0,46.0,-60.0,#8358D9
48.0,46.0,-52.0,#8F56CB
48.0,46.0,-2.0,#B64F77
48.0,46.0,2.0,#B84E70
48.0,46.0,76.0,#C54B00
48.0,48.0,70.0,#C84800
48.0,48.0,82.0,#C84800
48.0,50.0,-82.0,#5E59FF
48.0,50.0,-74.0,#7257F1
48.0,50.0,-58.0,#8E53D5
48.0,50.0,64.0,#CA4600
48.0,52.0,-64.0,#8952E0
48.0,52.0,-54.0,#9750CE
48.0,52.0,-40.0,#A64DB6
48.0,52.0,44.0,#CA442A
48.0,52.0,76.0,#CD4300
48.0,54.0,-80.0,#6F54FC
48.0,54.0,-36.0,#AC4AB0
48.0,54.0,4.0,#C3446D
48.0,54.0,82.0,#CF4000
48.0,56.0,-76.0,#7D51F5
48.0,56.0,-70.0,#884FEA
48.0,56.0,-62.0,#944DDC
48.0,56.0,-4.0,#C2427A
48.0,56.0,50.0,#D03D1E
48.0,58.0,-42.0,#AD46BA
48.0,60.0,-84.0,#754FFF
48.0,60.0,-68.0,#934AE7
48.0,60.0,48.0,#D43623
48.0,60.0,56.0,#D5360F
48.0,60.0,82.0,#D63500
48.0,62.0,-80.0,#824BFC
48.0,62.0,-64.0,#9C46E0
48.0,62.0,-50.0,#AC42C8
48.0,62.0,-30.0,#BC3DA6
48.0,62.0,42.0,#D6332F
48.0,64.0,-60.0,#A442D9
48.0,64.0,-44.0,#B53DBD
48.0,64.0,68.0,#DA2D00
48.0,66.0,-86.0,#7F47FF
48.0,66.0,-72.0,#9842EE
48.0,68.0,-66.0,#A43DE4
48.0,68.0,-40.0,#BE34B7
48.0,68.0,-34.0,#C232AD
48.0,68.0,66.0,#DF2200
48.0,68.0,74.0,#DF2200
48.0,70.0,-50.0,#B833C8
48.0,70.0,80.0,#E21A00
48.0,72.0,6.0,#DA1B6B
48.0,72.0,72.0,#E41000
48.0,74.0,-46.0,#C228C1
48.0,74.0,-38.0,#C824B3
48.0,76.0,-52.0,#C025CB
48.0,76.0,78.0,#E90000
48.0,78.0,-18.0,#D80292
48.0,80.0,-88.0,#9A2EFF
48.0,82.0,-82.0,#A724FF
48.0,82.0,50.0,#EE0023
48.0,84.0,-66.0,#BF09E4
48.0,86.0,-78.0,#B40CF9
48.0,88.0,-84.0,#AF05FF
48.0,88.0,-72.0,#BE00EE
48.0,88.0,8.0,#EE0069
48.0,88.0,24.0,#F2004F
48.0,88.0,30.0,#F30046
48.0,88.0,52.0,#F50020
48.0,90.0,-62.0,#CC00DD
48.0,92.0,-80.0,#BC00FD
48.0,92.0,-40.0,#DF00B7
48.0,94.0,-86.0,#B700FF
48.0,94.0,-34.0,#E500AD
48.0,98.0,-64.0,#D600E1
48.0,100.0,-80.0,#C900FD
48.0,100.0,-30.0,#EF00A7
48.0,102.0,4.0,#FE0070
48.0,104.0,-74.0,#D500F2
48.0,106.0,-68.0,#DE00E8
48.0,106.0,-44.0,#EF00BF
48.0,106.0,-18.0,#FC0093
48.0,108.0,-84.0,#D100FF
48.0,112.0,-64.0,#EA00E1
48.0,114.0,-72.0,#E600EF
48.0,120.0,-68.0,#F200E8
49.0,-128.0,-8.0,#009880
49.0,-128.0,-2.0,#009875
49.0,-128.0,4.0,#00976B
49.0,-128.0,10.0,#009761
49.0,-120.0,-12.0,#009787
49.0,-120.0,-6.0,#00977C
49.0,-120.0,0.0,#009772
49.0,-120.0,6.0,#009668
49.0,-120.0,12.0,#00965D
49.0,-120.0,18.0,#009653
49.0,-112.0,8.0,#009564
49.0,-104.0,-8.0,#009580
49.0,-104.0,-2.0,#009476
49.0,-104.0,4.0,#00946B
49.0,-104.0,10.0,#009461
49.0,-104.0,16.0,#009456
49.0,-104.0,22.0,#00934C
49.0,-104.0,28.0,#009340
49.0,-96.0,-18.0,#009491
49.0,-96.0,-12.0,#009487
49.0,-96.0,-6.0,#00937D
49.0,-96.0,0.0,#009372
49.0,-96.0,6.0,#009368
49.0,-96.0,12.0,#00935E
49.0,-96.0,18.0,#009253
49.0,-88.0,-28.0,#0093A2
49.0,-88.0,-16.0,#00938E
49.0,-88.0,-4.0,#009279
49.0,-88.0,2.0,#00926F
49.0,-88.0,8.0,#009165
49.0,-88.0,14.0,#00915A
49.0,-88.0,20.0,#009150
49.0,-88.0,38.0,#00902C
49.0,-82.0,-32.0,#0093A9
49.0,-80.0,-26.0,#00929F
49.0,-80.0,-20.0,#009195
49.0,-80.0,-8.0,#009080
49.0,-80.0,4.0,#00906C
49.0,-80.0,10.0,#009061
49.0,-80.0,16.0,#008F57
49.0,-80.0,34.0,#008F35
49.0,-80.0,40.0,#008F28
49.0,-76.0,46.0,#008E18
49.0,-74.0,38.0,#008D2D
49.0,-72.0,-22.0,#009098
49.0,-72.0,-16.0,#008F8E
49.0,-72.0,-4.0,#008E7A
49.0,-72.0,26.0,#008D45
49.0,-72.0,32.0,#008D3A
49.0,-70.0,42.0,#008C24
49.0,-68.0,36.0,#008C32
49.0,-68.0,48.0,#008C12
49.0,-66.0,-20.0,#008E95
49.0,-66.0,-14.0,#008E8B
49.0,-66.0,4.0,#008D6C
49.0,-66.0,22.0,#008C4D
49.0,-66.0,28.0,#008C42
49.0,-64.0,-4.0,#008D7A
49.0,-64.0,0.0,#008C73
49.0,-64.0,40.0,#008B29
49.0,-64.0,52.0,#008B00
49.0,-64.0,78.0,#008A00
49.0,-62.0,32.0,#008B3A
49.0,-62.0,46.0,#008A19
49.0,-60.0,-16.0,#008C8E
49.0,-60.0,6.0,#008B69
49.0,-58.0,-32.0,#008DA9
49.0,-58.0,-2.0,#008B76
49.0,-58.0,2.0,#008B70
49.0,-58.0,36.0,#008932
49.0,-58.0,50.0,#00890A
49.0,-56.0,28.0,#008942
49.0,-56.0,56.0,#008800
49.0,-54.0,-14.0,#008A8B
49.0,-54.0,8.0,#008965
49.0,-52.0,-10.0,#008A84
49.0,-52.0,-6.0,#00897D
49.0,-52.0,0.0,#008973
49.0,-52.0,4.0,#00896C
49.0,-52.0,46.0,#09871A
49.0,-50.0,24.0,#00874A
49.0,-50.0,52.0,#218701
49.0,-48.0,10.0,#008762
49.0,-48.0,58.0,#2E8600
49.0,-48.0,80.0,#368600
49.0,-46.0,-8.0,#008881
49.0,-46.0,2.0,#008770
49.0,-46.0,6.0,#008769
49.0,-46.0,64.0,#378500
49.0,-44.0,20.0,#048651
49.0,-44.0,48.0,#368515
49.0,-42.0,10.0,#008662
49.0,-42.0,14.0,#00855B
49.0,-42.0,54.0,#3F8400
49.0,-40.0,22.0,#28844D
49.0,-40.0,60.0,#468300
49.0,-38.0,16.0,#268458
49.0,-38.0,26.0,#368446
49.0,-38.0,66.0,#4C8300
49.0,-36.0,-16.0,#00858E
49.0,-36.0,30.0,#40833F
49.0,-34.0,-56.0,#0088D3
49.0,-34.0,-34.0,#0086AD
49.0,-34.0,-28.0,#0085A3
49.0,-34.0,18.0,#398255
49.0,-34.0,56.0,#528100
49.0,-32.0,-22.0,#008499
49.0,-32.0,14.0,#3A825C
49.0,-32.0,22.0,#43824E
49.0,-32.0,62.0,#588100
49.0,-30.0,26.0,#4C8147
49.0,-28.0,-60.0,#0087DA
49.0,-28.0,-36.0,#0084B1
49.0,-28.0,-30.0,#0083A6
49.0,-28.0,-24.0,#00839C
49.0,-28.0,-14.0,#00828B
49.0,-28.0,16.0,#488058
49.0,-28.0,30.0,#53803F
49.0,-28.0,52.0,#5D7F07
49.0,-26.0,-18.0,#008292
49.0,-26.0,40.0,#5D7F2C
49.0,-26.0,58.0,#627E00
49.0,-26.0,70.0,#657E00
49.0,-24.0,-26.0,#0081A0
49.0,-24.0,24.0,#587E4B
49.0,-22.0,-54.0,#0084D0
49.0,-22.0,-34.0,#0081AD
49.0,-22.0,10.0,#517E63
49.0,-22.0,14.0,#547E5C
49.0,-22.0,34.0,#627D38
49.0,-22.0,58.0,#6A7D00
49.0,-22.0,72.0,#6C7D00
49.0,-20.0,-28.0,#0080A3
49.0,-20.0,52.0,#6C7C09
49.0,-20.0,64.0,#6E7C00
49.0,-18.0,-22.0,#1A7F99
49.0,-18.0,-8.0,#437E81
49.0,-18.0,6.0,#567D6A
49.0,-18.0,10.0,#5A7C63
49.0,-18.0,14.0,#5D7C5C
49.0,-18.0,26.0,#657C47
49.0,-18.0,32.0,#687C3C
49.0,-18.0,58.0,#707B00
49.0,-18.0,72.0,#727B00
49.0,-16.0,-66.0,#0083E5
49.0,-16.0,-28.0,#007EA3
49.0,-16.0,16.0,#637B59
49.0,-16.0,20.0,#657B52
49.0,-16.0,64.0,#757A00
49.0,-16.0,82.0,#777A00
49.0,-14.0,-36.0,#007EB1
49.0,-14.0,-22.0,#317D99
49.0,-14.0,-6.0,#517C7E
49.0,-14.0,12.0,#647B60
49.0,-14.0,24.0,#6B7A4B
49.0,-14.0,70.0,#787900
49.0,-12.0,-30.0,#1A7DA7
49.0,-12.0,14.0,#697A5C
49.0,-12.0,18.0,#6B7956
49.0,-12.0,62.0,#7A7800
49.0,-10.0,-40.0,#007DB8
49.0,-10.0,-24.0,#3C7B9D
49.0,-10.0,20.0,#707852
49.0,-10.0,68.0,#7E7700
49.0,-8.0,-34.0,#217BAE
49.0,-8.0,-28.0,#387BA3
49.0,-8.0,-8.0,#5D7982
49.0,-8.0,10.0,#6D7863
49.0,-8.0,14.0,#70785D
49.0,-8.0,60.0,#807600
49.0,-6.0,-24.0,#49799D
49.0,-6.0,16.0,#757759
49.0,-6.0,20.0,#777652
49.0,-6.0,52.0,#82750D
49.0,-4.0,-36.0,#2F7AB1
49.0,-4.0,-22.0,#527899
49.0,-4.0,-16.0,#5C788F
49.0,-4.0,0.0,#6D7674
49.0,-4.0,22.0,#7B754F
49.0,-4.0,46.0,#847520
49.0,-4.0,72.0,#877400
49.0,-2.0,-20.0,#5B7796
49.0,-2.0,-16.0,#60778F
49.0,-2.0,-12.0,#657688
49.0,-2.0,-8.0,#697682
49.0,-2.0,-4.0,#6D767B
49.0,-2.0,4.0,#74756E
49.0,-2.0,8.0,#777567
49.0,-2.0,12.0,#797560
49.0,-2.0,16.0,#7B7559
49.0,-2.0,20.0,#7E7453
49.0,-2.0,52.0,#88730E
49.0,0.0,-74.0,#007DF3
49.0,0.0,-20.0,#5F7696
49.0,0.0,-16.0,#65768F
49.0,0.0,-12.0,#697589
49.0,0.0,-8.0,#6D7582
49.0,0.0,-4.0,#71757B
49.0,0.0,4.0,#77746E
49.0,0.0,8.0,#7A7467
49.0,0.0,12.0,#7D7460
49.0,0.0,26.0,#837348
49.0,0.0,40.0,#88732E
49.0,0.0,46.0,#897221
49.0,0.0,58.0,#8C7200
49.0,0.0,70.0,#8D7200
49.0,2.0,-20.0,#647596
49.0,2.0,-16.0,#69758F
49.0,2.0,-12.0,#6D7489
49.0,2.0,-8.0,#717482
49.0,2.0,-4.0,#75747B
49.0,2.0,4.0,#7B736E
49.0,2.0,8.0,#7D7367
49.0,2.0,12.0,#807360
49.0,2.0,24.0,#86724C
49.0,2.0,30.0,#887241
49.0,2.0,64.0,#8F7100
49.0,4.0,-74.0,#007BF4
49.0,4.0,-34.0,#5275AE
49.0,4.0,-20.0,#687496
49.0,4.0,-16.0,#6D738F
49.0,4.0,-12.0,#717389
49.0,4.0,-8.0,#757382
49.0,4.0,-4.0,#78727B
49.0,4.0,0.0,#7B7275
49.0,4.0,4.0,#7E726E
49.0,4.0,8.0,#817267
49.0,4.0,12.0,#837160
49.0,4.0,28.0,#8A7145
49.0,4.0,34.0,#8C713A
49.0,4.0,58.0,#917000
49.0,4.0,72.0,#937000
49.0,6.0,-62.0,#0078DE
49.0,6.0,-32.0,#5B74AA
49.0,6.0,-20.0,#6C7396
49.0,6.0,-16.0,#71728F
49.0,6.0,-12.0,#757289
49.0,6.0,-8.0,#797282
49.0,6.0,-4.0,#7C717B
49.0,6.0,0.0,#7F7175
49.0,6.0,4.0,#81716E
49.0,6.0,8.0,#847167
49.0,6.0,12.0,#867060
49.0,6.0,64.0,#956F00
49.0,8.0,-58.0,#0076D7
49.0,8.0,-16.0,#75718F
49.0,8.0,-12.0,#797189
49.0,8.0,-8.0,#7C7082
49.0,8.0,-4.0,#7F707B
49.0,8.0,0.0,#827075
49.0,8.0,4.0,#85706E
49.0,8.0,8.0,#876F67
49.0,8.0,12.0,#896F61
49.0,8.0,16.0,#8B6F5A
49.0,8.0,28.0,#906E45
49.0,8.0,40.0,#936E2F
49.0,8.0,58.0,#976E00
49.0,8.0,70.0,#986D00
49.0,10.0,-76.0,#0078F7
49.0,10.0,-10.0,#7E6F85
49.0,10.0,-6.0,#816F7F
49.0,10.0,-2.0,#846F78
49.0,10.0,2.0,#876F71
49.0,10.0,6.0,#896E6B
49.0,10.0,10.0,#8B6E64
49.0,10.0,24.0,#916D4C
49.0,10.0,64.0,#9A6C00
49.0,12.0,-64.0,#0075E2
49.0,12.0,-58.0,#1A74D7
49.0,12.0,-4.0,#866E7B
49.0,12.0,0.0,#896D75
49.0,12.0,4.0,#8B6D6E
49.0,12.0,8.0,#8D6D67
49.0,12.0,14.0,#906D5D
49.0,12.0,30.0,#966C42
49.0,12.0,42.0,#996B2B
49.0,12.0,48.0,#9B6B1D
49.0,12.0,58.0,#9C6B00
49.0,12.0,70.0,#9D6B00
49.0,12.0,84.0,#9E6B00
49.0,14.0,-82.0,#0077FF
49.0,14.0,-74.0,#0075F4
49.0,14.0,-46.0,#5471C3
49.0,14.0,-30.0,#706FA7
49.0,14.0,-2.0,#8A6C78
49.0,14.0,2.0,#8D6C72
49.0,14.0,12.0,#926B61
49.0,14.0,26.0,#986B49
49.0,14.0,54.0,#9E6A0A
49.0,14.0,64.0,#A06A00
49.0,16.0,-64.0,#0072E2
49.0,16.0,0.0,#8F6B75
49.0,16.0,6.0,#926A6B
49.0,16.0,10.0,#946A64
49.0,16.0,16.0,#976A5A
49.0,16.0,20.0,#996A53
49.0,16.0,32.0,#9D693F
49.0,16.0,50.0,#A06919
49.0,16.0,60.0,#A26800
49.0,16.0,70.0,#A36800
49.0,16.0,84.0,#A46800
49.0,18.0,-82.0,#0074FF
49.0,18.0,-52.0,#516FCD
49.0,18.0,-36.0,#706DB2
49.0,18.0,-32.0,#766DAB
49.0,18.0,4.0,#94696E
49.0,18.0,14.0,#99695E
49.0,18.0,28.0,#9E6846
49.0,18.0,56.0,#A46702
49.0,18.0,76.0,#A66700
49.0,20.0,-78.0,#0072FB
49.0,20.0,-2.0,#946878
49.0,20.0,8.0,#996868
49.0,20.0,12.0,#9B6761
49.0,20.0,18.0,#9D6757
49.0,20.0,22.0,#9F6750
49.0,20.0,34.0,#A2663B
49.0,20.0,52.0,#A66613
49.0,20.0,62.0,#A76500
49.0,20.0,70.0,#A86500
49.0,20.0,84.0,#A96500
49.0,22.0,-58.0,#4E6ED8
49.0,22.0,-14.0,#8F688C
49.0,22.0,-10.0,#926786
49.0,22.0,2.0,#996772
49.0,22.0,6.0,#9B666B
49.0,22.0,32.0,#A5653F
49.0,22.0,76.0,#AB6400
49.0,24.0,-86.0,#0071FF
49.0,24.0,-2.0,#9A6579
49.0,24.0,10.0,#A06465
49.0,24.0,14.0,#A2645E
49.0,24.0,20.0,#A46454
49.0,24.0,24.0,#A5644D
49.0,24.0,38.0,#A96334
49.0,24.0,50.0,#AB631A
49.0,24.0,64.0,#AD6200
49.0,24.0,82.0,#AE6200
49.0,26.0,-74.0,#006EF4
49.0,26.0,-64.0,#496CE2
49.0,26.0,-14.0,#95658D
49.0,26.0,-10.0,#986586
49.0,26.0,2.0,#9F6372
49.0,26.0,6.0,#A1636B
49.0,26.0,34.0,#AA623C
49.0,26.0,70.0,#B06100
49.0,28.0,-86.0,#006FFF
49.0,28.0,10.0,#A56165
49.0,28.0,24.0,#AA604D
49.0,28.0,76.0,#B25F00
49.0,30.0,-74.0,#2E6BF4
49.0,30.0,-8.0,#9F6183
49.0,30.0,0.0,#A46075
49.0,30.0,4.0,#A6606F
49.0,30.0,40.0,#B15E31
49.0,30.0,82.0,#B55D00
49.0,32.0,-70.0,#4B69ED
49.0,32.0,8.0,#AA5E68
49.0,32.0,34.0,#B25D3C
49.0,32.0,74.0,#B75C00
49.0,34.0,-82.0,#006AFF
49.0,34.0,-30.0,#9560A8
49.0,34.0,-2.0,#A85D79
49.0,34.0,2.0,#AA5D72
49.0,34.0,12.0,#AE5C62
49.0,34.0,16.0,#B05C5B
49.0,34.0,40.0,#B65B31
49.0,34.0,46.0,#B75A25
49.0,34.0,68.0,#B95A00
49.0,34.0,80.0,#BA5A00
49.0,36.0,-78.0,#3A67FB
49.0,36.0,-70.0,#5965ED
49.0,36.0,6.0,#AF5B6C
49.0,36.0,24.0,#B5594E
49.0,36.0,34.0,#B7593D
49.0,38.0,10.0,#B35865
49.0,38.0,40.0,#BB5732
49.0,38.0,46.0,#BC5726
49.0,38.0,68.0,#BE5600
49.0,40.0,-86.0,#1B66FF
49.0,40.0,-78.0,#4C64FB
49.0,40.0,14.0,#B7565F
49.0,40.0,18.0,#B85658
49.0,42.0,-42.0,#965BBC
49.0,42.0,34.0,#BF533D
49.0,42.0,38.0,#C05336
49.0,42.0,46.0,#C15226
49.0,44.0,-86.0,#3A62FF
49.0,44.0,-78.0,#5A60FB
49.0,44.0,70.0,#C65000
49.0,46.0,-6.0,#B75280
49.0,46.0,44.0,#C64E2B
49.0,48.0,-86.0,#4C5FFF
49.0,48.0,-30.0,#AB53A8
49.0,48.0,6.0,#BF4E6C
49.0,48.0,36.0,#C74C3A
49.0,48.0,50.0,#C94B1F
49.0,48.0,56.0,#CA4B0E
49.0,50.0,-26.0,#B150A1
49.0,52.0,-8.0,#BE4B83
49.0,52.0,0.0,#C24A76
49.0,52.0,10.0,#C54966
49.0,54.0,-48.0,#A44FC7
49.0,54.0,-18.0,#BB4994
49.0,54.0,40.0,#CF4434
49.0,54.0,54.0,#D14316
49.0,56.0,-86.0,#6856FF
49.0,56.0,60.0,#D44002
49.0,56.0,74.0,#D53F00
49.0,58.0,-56.0,#A24CD5
49.0,58.0,-14.0,#C3438E
49.0,58.0,8.0,#CC4069
49.0,60.0,72.0,#D93900
49.0,62.0,-36.0,#BB41B3
49.0,64.0,-76.0,#9149F8
49.0,64.0,4.0,#D33670
49.0,64.0,10.0,#D53567
49.0,66.0,58.0,#DF2C0E
49.0,68.0,-26.0,#CA34A2
49.0,68.0,48.0,#E12726
49.0,70.0,-62.0,#AF3BDF
49.0,70.0,-2.0,#D8297A
49.0,72.0,-82.0,#973FFF
49.0,72.0,-56.0,#B935D5
49.0,72.0,44.0,#E5192F
49.0,72.0,60.0,#E7180A
49.0,74.0,-74.0,#A738F5
49.0,74.0,50.0,#E80D24
49.0,74.0,66.0,#E90B00
49.0,76.0,-66.0,#B530E7
49.0,78.0,-60.0,#BE27DC
49.0,78.0,-4.0,#E1017E
49.0,78.0,2.0,#E30074
49.0,78.0,42.0,#EC0033
49.0,78.0,62.0,#EE0005
49.0,80.0,-76.0,#AF2AF8
49.0,80.0,-12.0,#E1008B
49.0,80.0,8.0,#E8006B
49.0,80.0,68.0,#F00000
49.0,82.0,-36.0,#D700B3
49.0,82.0,14.0,#EC0061
49.0,84.0,-50.0,#D000CB
49.0,84.0,-42.0,#D600BD
49.0,84.0,-6.0,#E80081
49.0,84.0,34.0,#F20041
49.0,84.0,40.0,#F30037
49.0,84.0,60.0,#F5000F
49.0,86.0,0.0,#ED0078
49.0,86.0,46.0,#F6002D
49.0,88.0,-56.0,#D100D5
49.0,88.0,18.0,#F4005B
49.0,90.0,-46.0,#DB00C4
49.0,90.0,38.0,#FA003B
49.0,92.0,-6.0,#F20082
49.0,94.0,-72.0,#CB00F1
49.0,94.0,-54.0,#DB00D2
49.0,94.0,-18.0,#F00096
49.0,94.0,0.0,#F60078
49.0,94.0,14.0,#FA0062
49.0,94.0,20.0,#FB0058
49.0,96.0,-48.0,#E200C8
49.0,96.0,6.0,#FA006F
49.0,100.0,-58.0,#E100D9
49.0,102.0,-52.0,#E800CF
49.0,104.0,-38.0,#F300B7
49.0,106.0,-24.0,#FC00A0
49.0,108.0,-50.0,#F100CC
49.0,110.0,-56.0,#F000D6
49.0,116.0,-52.0,#FB00CF
49.0,118.0,-60.0,#F800DD
50.0,-128.0,16.0,#009A58
50.0,-128.0,24.0,#009A4A
50.0,-128.0,32.0,#00993A
50.0,-128.0,40.0,#009929
50.0,-128.0,48.0,#009910
50.0,-128.0,56.0,#009900
50.0,-122.0,62.0,#009800
50.0,-116.0,-16.0,#009A90
50.0,-116.0,66.0,#009700
50.0,-114.0,-10.0,#009986
50.0,-114.0,58.0,#009700
50.0,-112.0,-4.0,#00997B
50.0,-112.0,2.0,#009871
50.0,-112.0,14.0,#00985C
50.0,-112.0,20.0,#009851
50.0,-112.0,26.0,#009746
50.0,-112.0,34.0,#009737
50.0,-112.0,42.0,#009724
50.0,-110.0,50.0,#009707
50.0,-110.0,70.0,#009600
50.0,-108.0,-20.0,#009997
50.0,-108.0,60.0,#009600
50.0,-104.0,72.0,#009500
50.0,-102.0,-24.0,#00989E
50.0,-102.0,-14.0,#00988D
50.0,-102.0,64.0,#009500
50.0,-100.0,52.0,#009500
50.0,-96.0,-28.0,#0098A5
50.0,-96.0,28.0,#009543
50.0,-96.0,34.0,#009537
50.0,-96.0,42.0,#009425
50.0,-96.0,68.0,#009400
50.0,-96.0,78.0,#009400
50.0,-94.0,50.0,#009409
50.0,-90.0,60.0,#009300
50.0,-88.0,-12.0,#009589
50.0,-88.0,52.0,#009300
50.0,-88.0,70.0,#009300
50.0,-86.0,76.0,#009200
50.0,-84.0,58.0,#009200
50.0,-82.0,-14.0,#00948D
50.0,-82.0,50.0,#00920B
50.0,-82.0,64.0,#009100
50.0,-80.0,70.0,#009100
50.0,-78.0,78.0,#009000
50.0,-76.0,-38.0,#0095B6
50.0,-76.0,-32.0,#0094AC
50.0,-76.0,-12.0,#00938A
50.0,-76.0,56.0,#009000
50.0,-74.0,62.0,#009000
50.0,-72.0,0.0,#009175
50.0,-72.0,6.0,#00916B
50.0,-72.0,12.0,#009061
50.0,-72.0,18.0,#009056
50.0,-72.0,68.0,#008F00
50.0,-72.0,80.0,#008F00
50.0,-70.0,-40.0,#0093BA
50.0,-70.0,-34.0,#0093AF
50.0,-70.0,74.0,#008F00
50.0,-68.0,-28.0,#0092A5
50.0,-66.0,62.0,#008E00
50.0,-64.0,-44.0,#0092C1
50.0,-64.0,-38.0,#0092B6
50.0,-64.0,-32.0,#0091AC
50.0,-64.0,-8.0,#008F83
50.0,-64.0,68.0,#008D00
50.0,-62.0,-26.0,#0090A2
50.0,-60.0,-20.0,#008F98
50.0,-60.0,24.0,#008D4C
50.0,-58.0,-46.0,#0091C4
50.0,-58.0,-40.0,#0090BA
50.0,-58.0,-10.0,#008E86
50.0,-58.0,-6.0,#008E80
50.0,-58.0,62.0,#008C00
50.0,-58.0,70.0,#008C00
50.0,-56.0,76.0,#148B00
50.0,-54.0,-22.0,#008E9B
50.0,-54.0,-18.0,#008D94
50.0,-54.0,20.0,#008B53
50.0,-54.0,82.0,#238A00
50.0,-52.0,-48.0,#0090C8
50.0,-52.0,-42.0,#008FBD
50.0,-52.0,-36.0,#008EB3
50.0,-52.0,32.0,#008A3D
50.0,-52.0,38.0,#008A31
50.0,-50.0,-30.0,#008DA9
50.0,-50.0,74.0,#318900
50.0,-48.0,-24.0,#008C9F
50.0,-48.0,-16.0,#008C91
50.0,-48.0,16.0,#008A5A
50.0,-46.0,-44.0,#008DC1
50.0,-46.0,-38.0,#008DB7
50.0,-46.0,28.0,#168945
50.0,-46.0,34.0,#238939
50.0,-44.0,-32.0,#008CAC
50.0,-44.0,-26.0,#008BA2
50.0,-44.0,-18.0,#008A94
50.0,-44.0,38.0,#308831
50.0,-44.0,70.0,#428700
50.0,-44.0,84.0,#458700
50.0,-42.0,-14.0,#008A8E
50.0,-40.0,-54.0,#008DD3
50.0,-40.0,-46.0,#008CC5
50.0,-40.0,-40.0,#008BBA
50.0,-40.0,-20.0,#008998
50.0,-40.0,-10.0,#008987
50.0,-40.0,-6.0,#008880
50.0,-40.0,-2.0,#008879
50.0,-40.0,2.0,#008872
50.0,-40.0,6.0,#00886C
50.0,-38.0,38.0,#438632
50.0,-38.0,44.0,#478624
50.0,-38.0,80.0,#528500
50.0,-36.0,8.0,#208668
50.0,-36.0,12.0,#2A8661
50.0,-36.0,50.0,#4F8512
50.0,-34.0,-48.0,#008AC8
50.0,-34.0,-40.0,#0089BA
50.0,-34.0,4.0,#20866F
50.0,-34.0,72.0,#598400
50.0,-32.0,38.0,#528432
50.0,-32.0,44.0,#558325
50.0,-32.0,78.0,#5D8300
50.0,-30.0,-42.0,#0088BE
50.0,-30.0,66.0,#5F8200
50.0,-28.0,-50.0,#0088CC
50.0,-28.0,46.0,#5E8220
50.0,-28.0,80.0,#658100
50.0,-26.0,-44.0,#0087C1
50.0,-26.0,12.0,#4B8262
50.0,-24.0,-10.0,#2A8387
50.0,-24.0,82.0,#6C8000
50.0,-22.0,-62.0,#0087E1
50.0,-22.0,-46.0,#0085C5
50.0,-22.0,-20.0,#008398
50.0,-22.0,-16.0,#208291
50.0,-22.0,20.0,#5C8054
50.0,-22.0,44.0,#688026
50.0,-20.0,-40.0,#0084BA
50.0,-20.0,-12.0,#37818B
50.0,-20.0,-4.0,#46817D
50.0,-20.0,84.0,#737E00
50.0,-18.0,-50.0,#0084CC
50.0,-18.0,-34.0,#0082B0
50.0,-18.0,-18.0,#2E8195
50.0,-18.0,-14.0,#39818E
50.0,-18.0,0.0,#518076
50.0,-18.0,38.0,#6D7E33
50.0,-16.0,-56.0,#0084D6
50.0,-16.0,-44.0,#0083C1
50.0,-16.0,-10.0,#487F87
50.0,-16.0,-2.0,#547F7A
50.0,-16.0,42.0,#727D2B
50.0,-16.0,48.0,#747D1C
50.0,-14.0,-16.0,#437F92
50.0,-14.0,-12.0,#4A7F8B
50.0,-14.0,8.0,#637D69
50.0,-14.0,34.0,#737C3B
50.0,-14.0,52.0,#787C0F
50.0,-12.0,-62.0,#0083E1
50.0,-12.0,-54.0,#0082D3
50.0,-12.0,-46.0,#0081C5
50.0,-12.0,2.0,#617D73
50.0,-12.0,28.0,#737C46
50.0,-12.0,38.0,#777B33
50.0,-12.0,44.0,#797B27
50.0,-10.0,-20.0,#487D98
50.0,-10.0,-16.0,#4F7D92
50.0,-10.0,-12.0,#557D8B
50.0,-10.0,4.0,#677C70
50.0,-10.0,12.0,#6E7B62
50.0,-10.0,32.0,#787A3F
50.0,-10.0,48.0,#7E7A1D
50.0,-10.0,56.0,#7F7A00
50.0,-10.0,74.0,#827A00
50.0,-10.0,82.0,#827A00
50.0,-8.0,-68.0,#0082EC
50.0,-8.0,-60.0,#0081DD
50.0,-8.0,-52.0,#0080CF
50.0,-8.0,6.0,#6D7B6D
50.0,-8.0,26.0,#797A4A
50.0,-8.0,36.0,#7D7938
50.0,-8.0,42.0,#7F792B
50.0,-6.0,-46.0,#007EC5
50.0,-6.0,-18.0,#567B95
50.0,-6.0,-14.0,#5C7B8E
50.0,-6.0,-10.0,#617B88
50.0,-6.0,-6.0,#667A81
50.0,-6.0,-2.0,#6A7A7A
50.0,-6.0,2.0,#6D7A73
50.0,-6.0,6.0,#717A6D
50.0,-6.0,10.0,#747966
50.0,-6.0,28.0,#7D7947
50.0,-6.0,84.0,#897800
50.0,-4.0,-66.0,#0080E8
50.0,-4.0,-58.0,#007FDA
50.0,-4.0,-12.0,#637A8B
50.0,-4.0,-8.0,#687A84
50.0,-4.0,-4.0,#6C797E
50.0,-4.0,4.0,#737970
50.0,-4.0,8.0,#767969
50.0,-4.0,12.0,#787863
50.0,-4.0,16.0,#7B785C
50.0,-4.0,38.0,#847734
50.0,-4.0,60.0,#897700
50.0,-2.0,-54.0,#007DD3
50.0,-2.0,-46.0,#007CC5
50.0,-2.0,-32.0,#467BAD
50.0,-2.0,-26.0,#537AA3
50.0,-2.0,26.0,#83774A
50.0,-2.0,82.0,#8E7600
50.0,0.0,-64.0,#007EE5
50.0,0.0,-24.0,#5C799F
50.0,2.0,-60.0,#007CDE
50.0,2.0,-52.0,#007BD0
50.0,2.0,-46.0,#267AC5
50.0,2.0,-40.0,#3F79BB
50.0,2.0,78.0,#937300
50.0,4.0,24.0,#8B734E
50.0,4.0,52.0,#937313
50.0,4.0,84.0,#977200
50.0,6.0,-68.0,#007BEC
50.0,6.0,-48.0,#3378C9
50.0,6.0,-42.0,#4878BE
50.0,6.0,-26.0,#6776A3
50.0,6.0,42.0,#94722D
50.0,6.0,48.0,#95711F
50.0,8.0,-24.0,#6E74A0
50.0,8.0,24.0,#91714F
50.0,8.0,32.0,#947140
50.0,8.0,82.0,#9C7000
50.0,10.0,-68.0,#0079EC
50.0,10.0,-48.0,#4576C9
50.0,10.0,-32.0,#6774AD
50.0,10.0,-22.0,#74739C
50.0,12.0,-40.0,#5E74BB
50.0,12.0,-26.0,#7472A3
50.0,12.0,-20.0,#7B7299
50.0,12.0,-16.0,#7F7192
50.0,12.0,34.0,#9A6E3D
50.0,14.0,-54.0,#4075D3
50.0,14.0,-38.0,#6772B8
50.0,14.0,-24.0,#7A71A0
50.0,14.0,-14.0,#84708F
50.0,14.0,-10.0,#876F88
50.0,16.0,-22.0,#806F9C
50.0,16.0,-18.0,#846F96
50.0,16.0,-8.0,#8C6E85
50.0,16.0,36.0,#A06B3A
50.0,16.0,42.0,#A26B2E
50.0,18.0,-60.0,#3A73DE
50.0,18.0,-44.0,#6671C2
50.0,18.0,-26.0,#7F6EA3
50.0,18.0,-16.0,#896D92
50.0,18.0,-12.0,#8C6D8C
50.0,18.0,-6.0,#916C82
50.0,20.0,-66.0,#2573E8
50.0,20.0,-42.0,#6E6FBF
50.0,20.0,-24.0,#856DA0
50.0,20.0,-20.0,#896C99
50.0,20.0,40.0,#A76832
50.0,22.0,-76.0,#0073FA
50.0,22.0,-50.0,#646FCC
50.0,22.0,-40.0,#756DBB
50.0,22.0,-36.0,#7B6DB4
50.0,22.0,-30.0,#826CAA
50.0,22.0,-18.0,#8E6B96
50.0,22.0,-6.0,#976A82
50.0,22.0,58.0,#AC6700
50.0,24.0,-66.0,#3C70E9
50.0,24.0,-48.0,#6D6DC9
50.0,24.0,-28.0,#886AA7
50.0,24.0,-24.0,#8C6AA0
50.0,24.0,42.0,#AC652F
50.0,26.0,-56.0,#626DD7
50.0,26.0,-46.0,#756BC6
50.0,26.0,-36.0,#836AB4
50.0,26.0,-18.0,#956896
50.0,26.0,-6.0,#9D6782
50.0,26.0,48.0,#B06422
50.0,26.0,60.0,#B26300
50.0,28.0,-54.0,#6B6BD4
50.0,28.0,-44.0,#7C6AC2
50.0,28.0,-34.0,#8968B1
50.0,28.0,-28.0,#8F67A7
50.0,28.0,-24.0,#9367A0
50.0,28.0,66.0,#B56200
50.0,30.0,-64.0,#5A6BE5
50.0,30.0,-52.0,#7469D0
50.0,30.0,-42.0,#8368BF
50.0,30.0,-4.0,#A4637F
50.0,30.0,36.0,#B3613B
50.0,30.0,54.0,#B66013
50.0,30.0,60.0,#B76000
50.0,32.0,-62.0,#6569E2
50.0,32.0,-34.0,#9065B1
50.0,32.0,-22.0,#9B639D
50.0,32.0,-18.0,#9E6396
50.0,32.0,-14.0,#A1638F
50.0,34.0,-58.0,#7267DB
50.0,34.0,-52.0,#7D66D0
50.0,34.0,-42.0,#8B65BF
50.0,34.0,52.0,#BB5D1A
50.0,34.0,60.0,#BC5D00
50.0,36.0,-48.0,#8764C9
50.0,36.0,-26.0,#9E61A4
50.0,36.0,-12.0,#A85F8C
50.0,36.0,-8.0,#AB5E85
50.0,38.0,-68.0,#6766EC
50.0,38.0,-58.0,#7B64DB
50.0,38.0,-22.0,#A45E9D
50.0,38.0,-18.0,#A75E96
50.0,38.0,58.0,#C15905
50.0,38.0,78.0,#C25800
50.0,40.0,-64.0,#7563E5
50.0,40.0,-54.0,#8661D4
50.0,40.0,-46.0,#9160C6
50.0,40.0,-4.0,#B25A7F
50.0,40.0,0.0,#B45A78
50.0,40.0,4.0,#B65A72
50.0,40.0,54.0,#C35715
50.0,40.0,64.0,#C45700
50.0,40.0,84.0,#C55600
50.0,42.0,-16.0,#AF5A93
50.0,42.0,8.0,#BB576B
50.0,42.0,78.0,#C75400
50.0,44.0,-52.0,#905DD0
50.0,44.0,-22.0,#AD589D
50.0,44.0,12.0,#BF5565
50.0,44.0,60.0,#C85200
50.0,46.0,-70.0,#775FF0
50.0,46.0,-40.0,#A259BC
50.0,46.0,16.0,#C3525E
50.0,46.0,20.0,#C45257
50.0,46.0,66.0,#CB5000
50.0,46.0,84.0,#CC5000
50.0,48.0,-50.0,#9A59CD
50.0,48.0,-36.0,#A956B5
50.0,48.0,-18.0,#B65497
50.0,48.0,-12.0,#B9538D
50.0,48.0,26.0,#C84F4E
50.0,48.0,30.0,#C94F47
50.0,50.0,-76.0,#745DFB
50.0,50.0,-68.0,#845BEC
50.0,50.0,14.0,#C74E62
50.0,50.0,72.0,#D04B00
50.0,50.0,82.0,#D14B00
50.0,52.0,-42.0,#A953BF
50.0,52.0,18.0,#CB4B5B
50.0,52.0,22.0,#CC4A55
50.0,52.0,46.0,#D1492A
50.0,52.0,78.0,#D34800
50.0,54.0,-74.0,#8258F7
50.0,54.0,-38.0,#B050B8
50.0,54.0,28.0,#D0474B
50.0,54.0,32.0,#D14744
50.0,54.0,36.0,#D1473D
50.0,56.0,-80.0,#7A57FF
50.0,56.0,-34.0,#B64CB2
50.0,56.0,-28.0,#BB4BA8
50.0,56.0,84.0,#D84200
50.0,58.0,20.0,#D34258
50.0,58.0,24.0,#D44152
50.0,58.0,48.0,#D84027
50.0,60.0,-78.0,#8852FE
50.0,60.0,-44.0,#B449C3
50.0,60.0,-24.0,#C345A1
50.0,60.0,0.0,#CF4179
50.0,60.0,30.0,#D83E48
50.0,60.0,36.0,#D93D3E
50.0,60.0,58.0,#DC3C0F
50.0,62.0,-8.0,#CE3F86
50.0,62.0,14.0,#D63C62
50.0,62.0,64.0,#DE3800
50.0,64.0,-66.0,#A349E9
50.0,64.0,-50.0,#B544CD
50.0,64.0,-14.0,#CE3C90
50.0,64.0,22.0,#DB3755
50.0,66.0,-84.0,#8A4CFF
50.0,66.0,28.0,#DF324C
50.0,66.0,34.0,#E03142
50.0,66.0,40.0,#E13137
50.0,66.0,70.0,#E42F00
50.0,66.0,82.0,#E42F00
50.0,68.0,-46.0,#BF3CC7
50.0,68.0,-10.0,#D5338A
50.0,68.0,16.0,#DE2F5F
50.0,68.0,54.0,#E52B1C
50.0,68.0,76.0,#E62A00
50.0,70.0,-68.0,#AB40ED
50.0,70.0,-18.0,#D43197
50.0,70.0,24.0,#E32853
50.0,72.0,8.0,#E1256D
50.0,72.0,30.0,#E62149
50.0,72.0,36.0,#E7203F
50.0,72.0,84.0,#EB1C00
50.0,74.0,-52.0,#C332D1
50.0,74.0,-44.0,#C92FC3
50.0,74.0,-24.0,#D628A1
50.0,74.0,14.0,#E51C63
50.0,74.0,20.0,#E71B59
50.0,74.0,80.0,#ED1200
50.0,76.0,-16.0,#DD1E94
50.0,76.0,26.0,#EA0D50
50.0,78.0,32.0,#EE0046
50.0,78.0,76.0,#F20000
50.0,78.0,86.0,#F20000
50.0,80.0,-82.0,#AA31FF
50.0,80.0,-54.0,#CA21D5
50.0,80.0,-28.0,#DC0FA8
50.0,80.0,18.0,#ED005D
50.0,80.0,50.0,#F30027
50.0,82.0,-22.0,#E2009E
50.0,82.0,28.0,#F2004D
50.0,82.0,82.0,#F70000
50.0,84.0,66.0,#F80000
50.0,86.0,-84.0,#B220FF
50.0,86.0,-72.0,#C114F4
50.0,86.0,52.0,#FA0024
50.0,88.0,-66.0,#CB00EA
50.0,88.0,-30.0,#E600AC
50.0,90.0,-24.0,#EB00A2
50.0,92.0,-82.0,#BF00FF
50.0,94.0,-64.0,#D600E6
50.0,94.0,-36.0,#EA00B6
50.0,94.0,32.0,#FF0048
50.0,96.0,-30.0,#F000AC
50.0,98.0,-24.0,#F600A2
50.0,100.0,-72.0,#D700F5
50.0,100.0,-16.0,#FB0095
50.0,102.0,-66.0,#E000EA
50.0,102.0,-32.0,#F700B0
50.0,102.0,2.0,#FF0078
50.0,104.0,-10.0,#FF008B
50.0,106.0,-78.0,#DB00FF
50.0,110.0,-72.0,#E600F5
50.0,110.0,-36.0,#FF00B7
50.0,112.0,-30.0,#FF00AD
50.0,114.0,-44.0,#FF00C4
50.0,116.0,-80.0,#E800FF
50.0,118.0,-74.0,#F000F8
51.0,-128.0,0.0,#009E77
51.0,-128.0,6.0,#009D6D
51.0,-128.0,68.0,#009C00
51.0,-122.0,-4.0,#009D7E
51.0,-120.0,2.0,#009C74
51.0,-120.0,8.0,#009C69
51.0,-120.0,14.0,#009C5F
51.0,-120.0,20.0,#009C54
51.0,-120.0,28.0,#009B45
51.0,-120.0,36.0,#009B35
51.0,-120.0,44.0,#009B21
51.0,-120.0,52.0,#009B00
51.0,-106.0,-4.0,#009B7E
51.0,-104.0,2.0,#009A74
51.0,-104.0,8.0,#009A69
51.0,-104.0,14.0,#009A5F
51.0,-104.0,20.0,#009954
51.0,-104.0,26.0,#009949
51.0,-104.0,34.0,#009939
51.0,-104.0,42.0,#009927
51.0,-98.0,-4.0,#00997E
51.0,-96.0,-14.0,#009A8F
51.0,-96.0,2.0,#009974
51.0,-96.0,8.0,#009869
51.0,-96.0,14.0,#00985F
51.0,-96.0,20.0,#009854
51.0,-96.0,62.0,#009700
51.0,-92.0,-8.0,#009885
51.0,-90.0,-28.0,#0099A8
51.0,-90.0,-18.0,#009996
51.0,-88.0,-2.0,#00977B
51.0,-88.0,4.0,#009771
51.0,-88.0,10.0,#009766
51.0,-88.0,16.0,#00975C
51.0,-88.0,22.0,#009651
51.0,-88.0,28.0,#009646
51.0,-88.0,34.0,#00963A
51.0,-88.0,42.0,#009628
51.0,-86.0,-22.0,#00989D
51.0,-84.0,-32.0,#0099AF
51.0,-84.0,-6.0,#009782
51.0,-80.0,0.0,#009678
51.0,-80.0,6.0,#00956D
51.0,-80.0,12.0,#009563
51.0,-80.0,18.0,#009558
51.0,-80.0,24.0,#00954D
51.0,-80.0,30.0,#009442
51.0,-80.0,36.0,#009436
51.0,-80.0,42.0,#009429
51.0,-76.0,-20.0,#00969A
51.0,-76.0,48.0,#009318
51.0,-74.0,-24.0,#0096A1
51.0,-74.0,-4.0,#00947F
51.0,-72.0,-8.0,#009485
51.0,-70.0,-18.0,#009497
51.0,-68.0,-22.0,#00949D
51.0,-68.0,-12.0,#00938C
51.0,-66.0,10.0,#009267
51.0,-66.0,16.0,#00925C
51.0,-66.0,54.0,#009100
51.0,-64.0,-16.0,#009393
51.0,-64.0,76.0,#009000
51.0,-62.0,0.0,#009178
51.0,-62.0,82.0,#008F00
51.0,-60.0,12.0,#009063
51.0,-60.0,18.0,#009059
51.0,-60.0,52.0,#008F09
51.0,-58.0,-14.0,#009190
51.0,-56.0,2.0,#008F75
51.0,-54.0,-2.0,#008F7B
51.0,-54.0,14.0,#008E60
51.0,-54.0,48.0,#068D1A
51.0,-52.0,-12.0,#008F8D
51.0,-52.0,54.0,#218D00
51.0,-52.0,62.0,#278D00
51.0,-50.0,-54.0,#0092D5
51.0,-50.0,-6.0,#008E82
51.0,-50.0,4.0,#008E71
51.0,-48.0,0.0,#008D78
51.0,-48.0,44.0,#2A8C26
51.0,-46.0,-10.0,#008D89
51.0,-46.0,50.0,#368B14
51.0,-46.0,58.0,#3B8B00
51.0,-44.0,-4.0,#008C7F
51.0,-40.0,56.0,#4A8900
51.0,-40.0,64.0,#4D8900
51.0,-38.0,-60.0,#008FE0
51.0,-38.0,-16.0,#008B94
51.0,-38.0,32.0,#418940
51.0,-38.0,70.0,#538800
51.0,-36.0,-32.0,#008CAF
51.0,-36.0,-26.0,#008BA5
51.0,-36.0,-12.0,#008A8D
51.0,-36.0,0.0,#008978
51.0,-36.0,58.0,#548700
51.0,-34.0,-64.0,#008EE7
51.0,-34.0,-20.0,#008A9B
51.0,-34.0,-8.0,#008986
51.0,-34.0,64.0,#5A8700
51.0,-34.0,86.0,#5E8600
51.0,-32.0,-58.0,#008DDD
51.0,-32.0,-16.0,#008994
51.0,-32.0,-4.0,#10887F
51.0,-32.0,28.0,#4E8748
51.0,-30.0,-36.0,#008AB6
51.0,-30.0,-30.0,#0089AC
51.0,-30.0,-24.0,#0089A1
51.0,-30.0,-12.0,#00888D
51.0,-30.0,54.0,#5F8505
51.0,-28.0,-66.0,#008DEB
51.0,-28.0,-18.0,#008797
51.0,-28.0,-8.0,#1E8786
51.0,-28.0,-2.0,#31867C
51.0,-28.0,4.0,#3D8672
51.0,-28.0,8.0,#43866B
51.0,-28.0,18.0,#4F855A
51.0,-28.0,24.0,#54854F
51.0,-28.0,60.0,#658400
51.0,-26.0,-60.0,#008BE0
51.0,-26.0,-38.0,#0089BA
51.0,-26.0,-26.0,#0087A5
51.0,-26.0,-14.0,#0C8690
51.0,-26.0,28.0,#5B8448
51.0,-26.0,68.0,#6A8300
51.0,-24.0,-32.0,#0087AF
51.0,-24.0,-6.0,#388583
51.0,-24.0,0.0,#438579
51.0,-24.0,6.0,#4C846F
51.0,-24.0,32.0,#628341
51.0,-24.0,50.0,#698318
51.0,-24.0,62.0,#6C8300
51.0,-24.0,74.0,#6E8200
51.0,-22.0,-70.0,#008BF2
51.0,-22.0,24.0,#61834F
51.0,-22.0,36.0,#688239
51.0,-22.0,54.0,#6E8207
51.0,-20.0,-56.0,#0088D9
51.0,-20.0,-22.0,#12859E
51.0,-20.0,-8.0,#428486
51.0,-20.0,4.0,#548372
51.0,-20.0,8.0,#58836B
51.0,-20.0,28.0,#678248
51.0,-20.0,62.0,#738100
51.0,-20.0,76.0,#758100
51.0,-18.0,22.0,#688153
51.0,-18.0,54.0,#758009
51.0,-18.0,68.0,#778000
51.0,-16.0,-74.0,#0089F9
51.0,-16.0,-24.0,#2683A2
51.0,-16.0,-6.0,#518283
51.0,-16.0,2.0,#5B8176
51.0,-16.0,6.0,#5F816F
51.0,-16.0,26.0,#6E804C
51.0,-16.0,62.0,#7A7F00
51.0,-16.0,78.0,#7C7F00
51.0,-16.0,86.0,#7D7F00
51.0,-14.0,-20.0,#3D829B
51.0,-14.0,0.0,#5D8079
51.0,-14.0,18.0,#6D7F5A
51.0,-14.0,68.0,#7E7E00
51.0,-12.0,-72.0,#0087F6
51.0,-12.0,-34.0,#0082B3
51.0,-12.0,-28.0,#2D82A9
51.0,-12.0,-8.0,#588087
51.0,-12.0,-4.0,#5D8080
51.0,-12.0,20.0,#727E57
51.0,-12.0,24.0,#747E50
51.0,-10.0,-6.0,#607F83
51.0,-10.0,-2.0,#647F7D
51.0,-10.0,8.0,#6D7E6C
51.0,-10.0,16.0,#737E5E
51.0,-10.0,62.0,#837C00
51.0,-8.0,-38.0,#0C81BA
51.0,-8.0,-30.0,#3980AC
51.0,-8.0,-4.0,#667E80
51.0,-8.0,0.0,#6A7E79
51.0,-8.0,18.0,#787D5B
51.0,-8.0,22.0,#7A7C54
51.0,-6.0,-26.0,#4A7FA5
51.0,-6.0,0.0,#6E7D79
51.0,-6.0,46.0,#867B25
51.0,-6.0,68.0,#8A7A00
51.0,-6.0,76.0,#8B7A00
51.0,-4.0,-40.0,#247FBD
51.0,-4.0,-18.0,#5E7D98
51.0,-4.0,-2.0,#707C7D
51.0,-4.0,50.0,#8A791B
51.0,-2.0,-78.0,#0083FF
51.0,-2.0,0.0,#767B79
51.0,-2.0,34.0,#89793E
51.0,-2.0,44.0,#8C792A
51.0,-2.0,74.0,#907800
51.0,0.0,0.0,#797979
51.0,0.0,16.0,#84795E
51.0,0.0,20.0,#867857
51.0,0.0,24.0,#887850
51.0,0.0,38.0,#8D7837
51.0,0.0,50.0,#90771C
51.0,2.0,-78.0,#0081FF
51.0,2.0,-34.0,#517BB3
51.0,2.0,0.0,#7D7879
51.0,2.0,16.0,#87775E
51.0,2.0,20.0,#897758
51.0,2.0,26.0,#8C774D
51.0,2.0,32.0,#8E7742
51.0,2.0,42.0,#91762F
51.0,2.0,56.0,#947605
51.0,4.0,-32.0,#5B7AB0
51.0,4.0,16.0,#8A765E
51.0,4.0,20.0,#8C7658
51.0,4.0,36.0,#92753B
51.0,6.0,-58.0,#007CDD
51.0,6.0,-30.0,#6379AC
51.0,6.0,16.0,#8D755F
51.0,6.0,20.0,#8F7558
51.0,6.0,28.0,#92754A
51.0,6.0,62.0,#9A7400
51.0,6.0,72.0,#9B7400
51.0,8.0,-74.0,#007EF9
51.0,8.0,-40.0,#5679BE
51.0,8.0,38.0,#997337
51.0,10.0,-58.0,#137ADD
51.0,10.0,20.0,#957258
51.0,10.0,28.0,#98724A
51.0,10.0,44.0,#9D722B
51.0,10.0,54.0,#9F7111
51.0,10.0,62.0,#A07100
51.0,10.0,70.0,#A17100
51.0,12.0,-74.0,#007BFA
51.0,12.0,-30.0,#7175AD
51.0,12.0,18.0,#97715B
51.0,12.0,24.0,#9A7151
51.0,12.0,40.0,#9F7034
51.0,12.0,50.0,#A1701E
51.0,14.0,-66.0,#0079EB
51.0,14.0,-48.0,#5576CC
51.0,14.0,22.0,#9C7055
51.0,14.0,30.0,#9F6F47
51.0,14.0,46.0,#A36F28
51.0,14.0,56.0,#A46F09
51.0,14.0,72.0,#A66E00
51.0,16.0,-80.0,#007AFF
51.0,16.0,-74.0,#0079FA
51.0,16.0,-46.0,#5F75C8
51.0,16.0,-32.0,#7773B0
51.0,16.0,28.0,#A16E4A
51.0,16.0,52.0,#A76D19
51.0,16.0,80.0,#A96D00
51.0,18.0,-54.0,#5274D6
51.0,18.0,-30.0,#7D71AD
51.0,18.0,24.0,#A26D51
51.0,18.0,34.0,#A56D40
51.0,18.0,48.0,#A96C23
51.0,18.0,58.0,#AA6C01
51.0,18.0,66.0,#AB6C00
51.0,18.0,74.0,#AC6C00
51.0,18.0,86.0,#AC6C00
51.0,20.0,-80.0,#0078FF
51.0,20.0,-52.0,#5D73D3
51.0,20.0,30.0,#A76B47
51.0,20.0,80.0,#AF6A00
51.0,22.0,16.0,#A56B5F
51.0,22.0,28.0,#A96A4B
51.0,22.0,36.0,#AB6A3C
51.0,22.0,46.0,#AE6929
51.0,22.0,68.0,#B06900
51.0,22.0,86.0,#B26900
51.0,24.0,-60.0,#5571E1
51.0,24.0,34.0,#AE6840
51.0,24.0,52.0,#B1681A
51.0,24.0,74.0,#B36700
51.0,26.0,-76.0,#0073FD
51.0,26.0,18.0,#AB675C
51.0,26.0,30.0,#AF6747
51.0,26.0,80.0,#B66600
51.0,28.0,-68.0,#4A70EF
51.0,28.0,14.0,#AD6663
51.0,28.0,28.0,#B1654B
51.0,28.0,40.0,#B46535
51.0,28.0,72.0,#B86400
51.0,28.0,86.0,#B96400
51.0,30.0,-82.0,#0071FF
51.0,30.0,-76.0,#2C70FD
51.0,30.0,18.0,#B1645C
51.0,30.0,22.0,#B26456
51.0,30.0,46.0,#B8632A
51.0,30.0,78.0,#BB6200
51.0,32.0,28.0,#B7624B
51.0,32.0,84.0,#BE6100
51.0,34.0,-76.0,#436DFD
51.0,34.0,34.0,#BB6041
51.0,34.0,42.0,#BC6032
51.0,34.0,76.0,#C05F00
51.0,36.0,-72.0,#596BF6
51.0,36.0,20.0,#BA5F59
51.0,36.0,28.0,#BC5E4C
51.0,36.0,48.0,#C05E26
51.0,36.0,66.0,#C25D00
51.0,38.0,-82.0,#396BFF
51.0,38.0,-38.0,#9963BB
51.0,38.0,34.0,#C05C41
51.0,38.0,72.0,#C55B00
51.0,40.0,-34.0,#A061B4
51.0,40.0,46.0,#C55A2B
51.0,42.0,-30.0,#A75EAD
51.0,42.0,-10.0,#B55C8C
51.0,42.0,22.0,#C25956
51.0,42.0,26.0,#C35950
51.0,42.0,30.0,#C45849
51.0,42.0,70.0,#CA5700
51.0,44.0,-44.0,#9D5EC5
51.0,44.0,-26.0,#AD5CA7
51.0,44.0,36.0,#C8563E
51.0,44.0,40.0,#C95637
51.0,46.0,-60.0,#8C5FE1
51.0,46.0,-2.0,#BF567E
51.0,46.0,2.0,#C05678
51.0,46.0,46.0,#CC532C
51.0,48.0,34.0,#CD5142
51.0,48.0,52.0,#D0511F
51.0,50.0,-82.0,#6861FF
51.0,50.0,-58.0,#975BDE
51.0,50.0,-32.0,#B256B1
51.0,50.0,10.0,#C9516B
51.0,50.0,40.0,#D04F38
51.0,50.0,64.0,#D34E00
51.0,52.0,58.0,#D54B0F
51.0,54.0,-64.0,#9658E8
51.0,54.0,-56.0,#A056DA
51.0,54.0,-16.0,#C24F96
51.0,54.0,4.0,#CC4C75
51.0,54.0,52.0,#D74920
51.0,56.0,-52.0,#A953D3
51.0,56.0,-4.0,#CB4A82
51.0,56.0,12.0,#D14868
51.0,56.0,42.0,#D84635
51.0,56.0,64.0,#DA4500
51.0,58.0,-72.0,#9155F7
51.0,58.0,-62.0,#A053E5
51.0,58.0,-48.0,#B04FCD
51.0,58.0,-12.0,#CA498F
51.0,58.0,70.0,#DD4200
51.0,60.0,-68.0,#9B52F0
51.0,60.0,-58.0,#A94FDE
51.0,60.0,76.0,#E03F00
51.0,62.0,-54.0,#B14BD7
51.0,62.0,-38.0,#BF47BB
51.0,62.0,42.0,#DF3C35
51.0,64.0,-32.0,#C743B1
51.0,64.0,48.0,#E3382A
51.0,66.0,-72.0,#A14BF7
51.0,66.0,-60.0,#B147E2
51.0,66.0,-26.0,#CD3EA7
51.0,66.0,-4.0,#D83A83
51.0,68.0,46.0,#E72F2F
51.0,68.0,66.0,#E92E00
51.0,70.0,-56.0,#BB3FDB
51.0,70.0,-38.0,#CB39BC
51.0,70.0,2.0,#E03079
51.0,70.0,60.0,#EB290F
51.0,72.0,-74.0,#A942FA
51.0,72.0,-62.0,#B83DE5
51.0,72.0,-32.0,#D233B2
51.0,72.0,42.0,#EB2437
51.0,74.0,-80.0,#A440FF
51.0,74.0,48.0,#EF1C2C
51.0,74.0,58.0,#F01A16
51.0,76.0,-70.0,#B638F3
51.0,76.0,-58.0,#C333DE
51.0,76.0,54.0,#F21020
51.0,78.0,-76.0,#B236FE
51.0,78.0,-64.0,#C031E9
51.0,78.0,-34.0,#D923B5
51.0,78.0,38.0,#F2013E
51.0,78.0,44.0,#F30034
51.0,78.0,64.0,#F50004
51.0,80.0,-10.0,#E80A8D
51.0,80.0,60.0,#F70013
51.0,80.0,70.0,#F70000
51.0,82.0,-60.0,#CA22E2
51.0,82.0,-46.0,#D619CA
51.0,82.0,56.0,#F9001D
51.0,84.0,-78.0,#BA27FF
51.0,84.0,-40.0,#DD03BF
51.0,84.0,-16.0,#EA0097
51.0,84.0,46.0,#FA0031
51.0,84.0,78.0,#FC0000
51.0,86.0,-52.0,#D700D4
51.0,86.0,-4.0,#F20083
51.0,86.0,2.0,#F4007A
51.0,86.0,14.0,#F70066
51.0,86.0,20.0,#F8005D
51.0,86.0,62.0,#FE0010
51.0,86.0,72.0,#FE0000
51.0,88.0,-10.0,#F2008D
51.0,88.0,8.0,#F80070
51.0,88.0,30.0,#FD004D
51.0,88.0,58.0,#FF001B
51.0,90.0,-18.0,#F1009B
51.0,90.0,44.0,#FF0036
51.0,92.0,-58.0,#DB00DF
51.0,92.0,18.0,#FF0060
51.0,92.0,24.0,#FF0057
51.0,92.0,50.0,#FF002B
51.0,94.0,-52.0,#E300D4
51.0,94.0,-4.0,#FC0084
51.0,94.0,2.0,#FD007A
51.0,96.0,-78.0,#CE00FF
51.0,96.0,-42.0,#EC00C3
51.0,96.0,8.0,#FF0071
51.0,98.0,14.0,#FF0067
51.0,98.0,20.0,#FF005D
51.0,98.0,26.0,#FF0054
51.0,100.0,-50.0,#ED00D1
51.0,102.0,-44.0,#F300C7
51.0,102.0,-4.0,#FF0084
51.0,106.0,-54.0,#F200D8
51.0,108.0,-62.0,#EF00E6
51.0,108.0,-48.0,#F900CE
51.0,114.0,-58.0,#FA00DF
51.0,116.0,-66.0,#F700ED
52.0,-128.0,12.0,#00A064
52.0,-128.0,20.0,#00A056
52.0,-128.0,28.0,#009F47
52.0,-128.0,36.0,#009F37
52.0,-114.0,-2.0,#009F7D
52.0,-114.0,42.0,#009D29
52.0,-112.0,-12.0,#009F8E
52.0,-112.0,4.0,#009E73
52.0,-112.0,10.0,#009E68
52.0,-112.0,16.0,#009E5E
52.0,-112.0,22.0,#009D53
52.0,-112.0,30.0,#009D43
52.0,-106.0,-16.0,#009E95
52.0,-102.0,-10.0,#009D8B
52.0,-100.0,48.0,#009B19
52.0,-98.0,-20.0,#009D9C
52.0,-98.0,42.0,#009B2A
52.0,-92.0,-24.0,#009CA3
52.0,-92.0,48.0,#00991A
52.0,-86.0,54.0,#009800
52.0,-84.0,48.0,#00981A
52.0,-82.0,-16.0,#009A96
52.0,-78.0,-10.0,#00988B
52.0,-78.0,54.0,#009600
52.0,-76.0,-14.0,#009892
52.0,-74.0,-36.0,#0099B8
52.0,-74.0,-30.0,#0099AE
52.0,-72.0,38.0,#009535
52.0,-72.0,56.0,#009500
52.0,-70.0,24.0,#009550
52.0,-70.0,30.0,#009545
52.0,-70.0,44.0,#009427
52.0,-68.0,-40.0,#0098BF
52.0,-68.0,-34.0,#0098B5
52.0,-68.0,-4.0,#009681
52.0,-68.0,62.0,#009400
52.0,-66.0,4.0,#009573
52.0,-66.0,34.0,#00943D
52.0,-64.0,28.0,#009349
52.0,-64.0,40.0,#009331
52.0,-62.0,-44.0,#0097C6
52.0,-62.0,-38.0,#0097BC
52.0,-62.0,-32.0,#0096B2
52.0,-62.0,46.0,#009222
52.0,-62.0,60.0,#009200
52.0,-60.0,-4.0,#009481
52.0,-60.0,6.0,#009370
52.0,-60.0,32.0,#009241
52.0,-58.0,24.0,#009250
52.0,-58.0,38.0,#009135
52.0,-58.0,64.0,#019100
52.0,-56.0,-48.0,#0096CD
52.0,-56.0,-42.0,#0095C3
52.0,-56.0,-36.0,#0095B9
52.0,-56.0,-30.0,#0094AE
52.0,-56.0,-24.0,#0094A4
52.0,-56.0,44.0,#009128
52.0,-54.0,8.0,#00916D
52.0,-54.0,28.0,#009149
52.0,-54.0,68.0,#269000
52.0,-52.0,18.0,#00905B
52.0,-52.0,34.0,#00903E
52.0,-50.0,-44.0,#0094C7
52.0,-50.0,-38.0,#0093BC
52.0,-50.0,-32.0,#0093B2
52.0,-50.0,-26.0,#0092A7
52.0,-50.0,22.0,#009054
52.0,-50.0,40.0,#1E8F31
52.0,-48.0,-20.0,#00919D
52.0,-48.0,26.0,#058F4D
52.0,-48.0,64.0,#3A8E00
52.0,-46.0,6.0,#008F70
52.0,-46.0,10.0,#008F6A
52.0,-46.0,14.0,#008F63
52.0,-46.0,30.0,#238E46
52.0,-46.0,70.0,#428D00
52.0,-44.0,-54.0,#0093D8
52.0,-44.0,-46.0,#0092CA
52.0,-44.0,-40.0,#0092C0
52.0,-44.0,-34.0,#0091B5
52.0,-44.0,-28.0,#0091AB
52.0,-44.0,-22.0,#0090A0
52.0,-44.0,18.0,#0F8E5C
52.0,-44.0,34.0,#328D3E
52.0,-42.0,2.0,#008E77
52.0,-42.0,22.0,#298D55
52.0,-42.0,38.0,#3D8C36
52.0,-40.0,10.0,#128D6A
52.0,-40.0,14.0,#218D63
52.0,-40.0,26.0,#378C4D
52.0,-40.0,42.0,#468C2E
52.0,-38.0,-52.0,#0091D5
52.0,-38.0,-44.0,#0090C7
52.0,-38.0,-38.0,#008FBC
52.0,-38.0,-4.0,#008D82
52.0,-38.0,18.0,#338C5C
52.0,-38.0,48.0,#4E8B1F
52.0,-34.0,8.0,#318B6D
52.0,-34.0,12.0,#388B66
52.0,-34.0,20.0,#438A58
52.0,-34.0,38.0,#528A37
52.0,-34.0,50.0,#588919
52.0,-32.0,-48.0,#008ECE
52.0,-32.0,24.0,#4D8951
52.0,-32.0,42.0,#59892E
52.0,-32.0,68.0,#628800
52.0,-32.0,76.0,#638800
52.0,-30.0,14.0,#488963
52.0,-28.0,44.0,#62872A
52.0,-26.0,-50.0,#008CD1
52.0,-26.0,-10.0,#27898C
52.0,-24.0,-44.0,#008BC7
52.0,-24.0,10.0,#53876A
52.0,-24.0,14.0,#578763
52.0,-22.0,-38.0,#008ABC
52.0,-22.0,-26.0,#0088A8
52.0,-22.0,-2.0,#49877F
52.0,-22.0,18.0,#5F865C
52.0,-20.0,-46.0,#008ACA
52.0,-20.0,-16.0,#328797
52.0,-20.0,14.0,#608563
52.0,-20.0,40.0,#708434
52.0,-20.0,46.0,#728426
52.0,-18.0,-40.0,#0088C0
52.0,-18.0,-28.0,#0087AB
52.0,-18.0,-4.0,#518582
52.0,-18.0,18.0,#68845D
52.0,-18.0,32.0,#708343
52.0,-16.0,-64.0,#008AEA
52.0,-16.0,-52.0,#0089D5
52.0,-16.0,-18.0,#3D859A
52.0,-16.0,-14.0,#468593
52.0,-16.0,12.0,#678367
52.0,-16.0,36.0,#75823C
52.0,-14.0,-58.0,#0088E0
52.0,-14.0,-46.0,#0087CB
52.0,-14.0,-38.0,#0086BD
52.0,-14.0,14.0,#6C8264
52.0,-14.0,46.0,#7C8127
52.0,-12.0,-52.0,#0087D5
52.0,-12.0,-22.0,#4284A1
52.0,-12.0,-14.0,#528393
52.0,-12.0,4.0,#688275
52.0,-12.0,30.0,#798147
52.0,-12.0,36.0,#7C803C
52.0,-12.0,76.0,#858000
52.0,-10.0,-46.0,#0085CB
52.0,-10.0,2.0,#6B8178
52.0,-10.0,40.0,#817F34
52.0,-10.0,46.0,#827F27
52.0,-10.0,54.0,#847F0F
52.0,-8.0,-62.0,#0086E7
52.0,-8.0,-54.0,#0085D9
52.0,-8.0,-20.0,#53829E
52.0,-8.0,-16.0,#598197
52.0,-8.0,-12.0,#5F8190
52.0,-8.0,-8.0,#648189
52.0,-8.0,4.0,#708075
52.0,-8.0,8.0,#73806E
52.0,-8.0,30.0,#807F48
52.0,-6.0,-76.0,#0088FF
52.0,-6.0,-68.0,#0086F1
52.0,-6.0,-48.0,#0084CE
52.0,-6.0,14.0,#7B7E64
52.0,-6.0,18.0,#7E7E5D
52.0,-6.0,26.0,#827E4F
52.0,-6.0,34.0,#857D40
52.0,-6.0,40.0,#877D35
52.0,-4.0,-60.0,#0084E3
52.0,-4.0,0.0,#757E7C
52.0,-4.0,20.0,#827D5A
52.0,-4.0,28.0,#867D4C
52.0,-2.0,-66.0,#0084EE
52.0,-2.0,-56.0,#0083DC
52.0,-2.0,-48.0,#0082CE
52.0,-2.0,-34.0,#4780B6
52.0,-2.0,-18.0,#657E9A
52.0,-2.0,-14.0,#6A7E94
52.0,-2.0,-10.0,#6F7E8D
52.0,-2.0,-6.0,#737D86
52.0,-2.0,-2.0,#777D7F
52.0,-2.0,2.0,#7A7D79
52.0,-2.0,6.0,#7D7D72
52.0,-2.0,10.0,#807C6B
52.0,-2.0,14.0,#827C64
52.0,-2.0,18.0,#847C5D
52.0,-2.0,22.0,#867C56
52.0,0.0,-20.0,#677E9E
52.0,0.0,-16.0,#6C7D97
52.0,0.0,-12.0,#717D90
52.0,0.0,-8.0,#757D8A
52.0,0.0,-4.0,#797C83
52.0,0.0,4.0,#7F7C75
52.0,0.0,8.0,#827B6E
52.0,0.0,12.0,#847B68
52.0,0.0,66.0,#957A00
52.0,2.0,-66.0,#0082EE
52.0,2.0,-58.0,#0081E0
52.0,2.0,-50.0,#1280D2
52.0,2.0,-42.0,#3F7FC4
52.0,2.0,-20.0,#6B7C9E
52.0,2.0,-16.0,#707C97
52.0,2.0,-12.0,#757C90
52.0,2.0,-8.0,#797B8A
52.0,2.0,-4.0,#7C7B83
52.0,2.0,4.0,#827B75
52.0,2.0,8.0,#857A6E
52.0,2.0,12.0,#887A68
52.0,2.0,74.0,#997800
52.0,2.0,82.0,#9A7800
52.0,4.0,-40.0,#4C7DC0
52.0,4.0,-20.0,#707B9E
52.0,4.0,-16.0,#747B97
52.0,4.0,-12.0,#797B90
52.0,4.0,-8.0,#7C7A8A
52.0,4.0,-4.0,#807A83
52.0,4.0,0.0,#837A7C
52.0,4.0,4.0,#867975
52.0,4.0,8.0,#88796F
52.0,4.0,12.0,#8B7968
52.0,4.0,66.0,#9B7700
52.0,4.0,88.0,#9D7700
52.0,6.0,-66.0,#0080EE
52.0,6.0,-52.0,#287ED5
52.0,6.0,-20.0,#747A9E
52.0,6.0,-16.0,#787A97
52.0,6.0,-12.0,#7C7A90
52.0,6.0,-8.0,#80798A
52.0,6.0,-4.0,#837983
52.0,6.0,0.0,#86797C
52.0,6.0,4.0,#897875
52.0,6.0,8.0,#8C786F
52.0,6.0,12.0,#8E7868
52.0,6.0,34.0,#977741
52.0,6.0,40.0,#997736
52.0,6.0,46.0,#9A7629
52.0,6.0,80.0,#9F7600
52.0,8.0,-50.0,#3C7CD2
52.0,8.0,-16.0,#7C7997
52.0,8.0,-12.0,#807891
52.0,8.0,-8.0,#84788A
52.0,8.0,-4.0,#877883
52.0,8.0,0.0,#8A777C
52.0,8.0,4.0,#8D7775
52.0,8.0,8.0,#8F776F
52.0,8.0,12.0,#917768
52.0,8.0,16.0,#937661
52.0,8.0,86.0,#A27500
52.0,10.0,-66.0,#007EEE
52.0,10.0,-10.0,#86778D
52.0,10.0,-6.0,#897786
52.0,10.0,-2.0,#8C7680
52.0,10.0,2.0,#8F7679
52.0,10.0,6.0,#917672
52.0,10.0,10.0,#93766B
52.0,10.0,34.0,#9D7442
52.0,12.0,-82.0,#007FFF
52.0,12.0,-56.0,#367BDC
52.0,12.0,-4.0,#8E7583
52.0,12.0,0.0,#90757C
52.0,12.0,4.0,#937576
52.0,12.0,8.0,#95746F
52.0,12.0,14.0,#987465
52.0,12.0,80.0,#A77200
52.0,12.0,88.0,#A87200
52.0,14.0,-40.0,#6978C1
52.0,14.0,-26.0,#7D76A8
52.0,14.0,-2.0,#927480
52.0,14.0,2.0,#957479
52.0,14.0,12.0,#9A7368
52.0,14.0,36.0,#A3723E
52.0,14.0,66.0,#A97100
52.0,16.0,-64.0,#207AEB
52.0,16.0,-38.0,#7176BD
52.0,16.0,-24.0,#8374A5
52.0,16.0,-20.0,#87749E
52.0,16.0,0.0,#97727C
52.0,16.0,6.0,#9A7272
52.0,16.0,10.0,#9C726C
52.0,16.0,16.0,#9F7161
52.0,16.0,20.0,#A1715B
52.0,18.0,-62.0,#3978E7
52.0,18.0,-18.0,#8D739B
52.0,18.0,-14.0,#907294
52.0,18.0,4.0,#9C7176
52.0,18.0,14.0,#A17065
52.0,18.0,40.0,#AA6F37
52.0,20.0,-70.0,#0478F5
52.0,20.0,-60.0,#4A77E4
52.0,20.0,-48.0,#6975CF
52.0,20.0,-44.0,#7074C8
52.0,20.0,-26.0,#8872A9
52.0,20.0,-22.0,#8C72A2
52.0,20.0,-12.0,#957191
52.0,20.0,-2.0,#9C7080
52.0,20.0,8.0,#A16F6F
52.0,20.0,12.0,#A36F68
52.0,20.0,18.0,#A66E5E
52.0,20.0,22.0,#A76E57
52.0,22.0,-68.0,#3077F2
52.0,22.0,-42.0,#7873C4
52.0,22.0,-38.0,#7E72BD
52.0,22.0,-20.0,#92709E
52.0,22.0,-16.0,#957098
52.0,22.0,-8.0,#9B6F8A
52.0,22.0,2.0,#A16E79
52.0,22.0,6.0,#A36E73
52.0,24.0,-82.0,#0078FF
52.0,24.0,-36.0,#8470BA
52.0,24.0,-30.0,#8B70B0
52.0,24.0,-26.0,#8F6FA9
52.0,24.0,-12.0,#9B6E91
52.0,24.0,-4.0,#A16D83
52.0,24.0,10.0,#A86C6C
52.0,24.0,14.0,#AA6C65
52.0,24.0,20.0,#AC6B5B
52.0,24.0,24.0,#AE6B54
52.0,24.0,60.0,#B56A00
52.0,26.0,-54.0,#6C72D9
52.0,26.0,-48.0,#7771CF
52.0,26.0,-20.0,#986D9F
52.0,26.0,-16.0,#9C6D98
52.0,26.0,-8.0,#A16C8A
52.0,26.0,0.0,#A66B7D
52.0,26.0,4.0,#A86B76
52.0,26.0,66.0,#B86800
52.0,28.0,-62.0,#5F71E7
52.0,28.0,-46.0,#7F6FCB
52.0,28.0,-42.0,#846EC4
52.0,28.0,-36.0,#8C6DBA
52.0,28.0,-30.0,#926DB0
52.0,28.0,-26.0,#966CA9
52.0,28.0,8.0,#AD6970
52.0,28.0,24.0,#B36854
52.0,28.0,54.0,#BA6718
52.0,28.0,60.0,#BA6700
52.0,30.0,-60.0,#6A70E4
52.0,30.0,-54.0,#766FD9
52.0,30.0,-14.0,#A36995
52.0,30.0,-6.0,#A96987
52.0,30.0,-2.0,#AB6880
52.0,30.0,2.0,#AD687A
52.0,30.0,66.0,#BE6500
52.0,32.0,-52.0,#7E6DD6
52.0,32.0,-42.0,#8C6BC4
52.0,32.0,-36.0,#936ABA
52.0,32.0,-24.0,#9F69A6
52.0,32.0,-20.0,#A2689F
52.0,32.0,-10.0,#A9678E
52.0,32.0,6.0,#B26673
52.0,32.0,52.0,#BF641F
52.0,32.0,60.0,#C06301
52.0,34.0,-60.0,#746DE4
52.0,34.0,-48.0,#886ACF
52.0,34.0,-32.0,#9B68B3
52.0,34.0,0.0,#B2657D
52.0,34.0,10.0,#B6646C
52.0,34.0,14.0,#B86466
52.0,36.0,-68.0,#686CF2
52.0,36.0,-42.0,#9468C4
52.0,36.0,-18.0,#AA659B
52.0,36.0,-14.0,#AD6495
52.0,36.0,-4.0,#B26384
52.0,36.0,4.0,#B66277
52.0,36.0,24.0,#BE6155
52.0,36.0,40.0,#C26039
52.0,36.0,58.0,#C4600D
52.0,36.0,84.0,#C65F00
52.0,38.0,-60.0,#7E69E4
52.0,38.0,-54.0,#8768D9
52.0,38.0,-48.0,#9067CF
52.0,38.0,-24.0,#A864A6
52.0,38.0,8.0,#BB6070
52.0,38.0,18.0,#BF605F
52.0,38.0,54.0,#C65E1B
52.0,40.0,-68.0,#7269F2
52.0,40.0,12.0,#BF5E69
52.0,40.0,40.0,#C75C39
52.0,42.0,-60.0,#8666E4
52.0,42.0,-4.0,#BB5D84
52.0,42.0,4.0,#BF5D77
52.0,42.0,16.0,#C35C63
52.0,42.0,52.0,#CB5A20
52.0,42.0,60.0,#CC5A06
52.0,44.0,-82.0,#5869FF
52.0,44.0,-74.0,#6F67FD
52.0,44.0,-68.0,#7C66F2
52.0,44.0,-18.0,#B65D9C
52.0,44.0,8.0,#C35A70
52.0,44.0,66.0,#CF5700
52.0,44.0,82.0,#D05700
52.0,46.0,-52.0,#9A60D6
52.0,46.0,-14.0,#BB5A95
52.0,46.0,12.0,#C7586A
52.0,46.0,58.0,#D15510
52.0,46.0,88.0,#D35500
52.0,48.0,-66.0,#8961EF
52.0,48.0,-40.0,#AA5CC1
52.0,48.0,-24.0,#B85AA6
52.0,48.0,-10.0,#C0588E
52.0,48.0,16.0,#CB5563
52.0,48.0,78.0,#D55300
52.0,50.0,-72.0,#8361F9
52.0,50.0,-20.0,#BD579F
52.0,50.0,-6.0,#C55588
52.0,50.0,20.0,#CF525D
52.0,50.0,24.0,#D05256
52.0,50.0,70.0,#D75000
52.0,50.0,84.0,#D85000
52.0,52.0,-46.0,#AB59CC
52.0,52.0,30.0,#D44F4C
52.0,52.0,76.0,#DA4E00
52.0,54.0,-42.0,#B256C5
52.0,54.0,-28.0,#BE53AD
52.0,54.0,18.0,#D34E60
52.0,54.0,82.0,#DC4B00
52.0,56.0,-82.0,#7C5DFF
52.0,56.0,-76.0,#895BFF
52.0,56.0,-38.0,#B953BE
52.0,56.0,-22.0,#C550A3
52.0,56.0,24.0,#D84A56
52.0,56.0,28.0,#D94A4F
52.0,56.0,88.0,#DF4800
52.0,58.0,-8.0,#CF4B8B
52.0,58.0,34.0,#DC4745
52.0,58.0,80.0,#E14500
52.0,60.0,-18.0,#CD499C
52.0,60.0,6.0,#D74674
52.0,60.0,20.0,#DC445D
52.0,60.0,54.0,#E2421F
52.0,60.0,86.0,#E44100
52.0,62.0,-80.0,#8F55FF
52.0,62.0,26.0,#E04153
52.0,62.0,32.0,#E14049
52.0,62.0,60.0,#E53F0F
52.0,64.0,2.0,#DB407B
52.0,64.0,10.0,#DE3F6E
52.0,64.0,38.0,#E43C3F
52.0,64.0,52.0,#E63B25
52.0,64.0,84.0,#E83A00
52.0,66.0,-78.0,#9B4FFF
52.0,66.0,-20.0,#D440A0
52.0,66.0,16.0,#E23A64
52.0,66.0,22.0,#E4395A
52.0,66.0,72.0,#EA3600
52.0,68.0,-50.0,#C144D3
52.0,68.0,-44.0,#C642C9
52.0,68.0,28.0,#E73450
52.0,68.0,34.0,#E93446
52.0,68.0,78.0,#ED3100
52.0,72.0,-16.0,#DE3399
52.0,72.0,-10.0,#E1318F
52.0,72.0,10.0,#E82D6E
52.0,72.0,18.0,#EA2C61
52.0,72.0,24.0,#EB2B57
52.0,72.0,76.0,#F22600
52.0,74.0,-46.0,#CE37CC
52.0,74.0,30.0,#EF234E
52.0,74.0,68.0,#F41F00
52.0,76.0,-40.0,#D530C2
52.0,76.0,6.0,#EC2175
52.0,78.0,-18.0,#E5219D
52.0,78.0,-4.0,#EB1C86
52.0,78.0,14.0,#F01568
52.0,78.0,20.0,#F2135E
52.0,78.0,26.0,#F31155
52.0,80.0,32.0,#F7004B
52.0,82.0,-24.0,#E70FA7
52.0,84.0,-72.0,#C428FA
52.0,84.0,24.0,#FA0058
52.0,86.0,-66.0,#CE1BF0
52.0,90.0,-36.0,#EB00BC
52.0,92.0,-68.0,#D500F3
52.0,96.0,-12.0,#FE0094
52.0,98.0,-66.0,#E000F0
52.0,102.0,-36.0,#FB00BC
52.0,102.0,-18.0,#FF009E
52.0,104.0,-72.0,#E400FB
52.0,104.0,-30.0,#FF00B2
52.0,104.0,-12.0,#FF0094
52.0,106.0,-24.0,#FF00A8
52.0,112.0,-76.0,#EC00FF
52.0,112.0,-42.0,#FF00C7
53.0,-128.0,-2.0,#00A47F
53.0,-128.0,4.0,#00A375
53.0,-128.0,42.0,#00A22C
53.0,-128.0,50.0,#00A213
53.0,-128.0,60.0,#00A200
53.0,-122.0,-6.0,#00A386
53.0,-122.0,74.0,#00A100
53.0,-120.0,0.0,#00A27C
53.0,-120.0,6.0,#00A272
53.0,-120.0,12.0,#00A267
53.0,-120.0,18.0,#00A25C
53.0,-120.0,26.0,#00A14D
53.0,-120.0,34.0,#00A13E
53.0,-120.0,42.0,#00A12C
53.0,-120.0,50.0,#00A113
53.0,-120.0,58.0,#00A100
53.0,-118.0,66.0,#00A000
53.0,-114.0,76.0,#00A000
53.0,-112.0,50.0,#00A014
53.0,-112.0,58.0,#00A000
53.0,-110.0,68.0,#009F00
53.0,-106.0,60.0,#009E00
53.0,-104.0,-2.0,#00A080
53.0,-104.0,4.0,#00A075
53.0,-104.0,10.0,#009F6B
53.0,-104.0,16.0,#009F60
53.0,-104.0,22.0,#009F55
53.0,-104.0,28.0,#009F4A
53.0,-104.0,36.0,#009F3A
53.0,-104.0,74.0,#009E00
53.0,-100.0,66.0,#009D00
53.0,-98.0,56.0,#009D00
53.0,-96.0,0.0,#009E7C
53.0,-96.0,6.0,#009E72
53.0,-96.0,12.0,#009E67
53.0,-96.0,18.0,#009E5D
53.0,-96.0,24.0,#009D52
53.0,-96.0,30.0,#009D46
53.0,-96.0,76.0,#009D00
53.0,-92.0,-16.0,#009F98
53.0,-92.0,-10.0,#009E8E
53.0,-92.0,62.0,#009C00
53.0,-90.0,-4.0,#009E83
53.0,-90.0,70.0,#009B00
53.0,-88.0,2.0,#009D79
53.0,-88.0,8.0,#009D6F
53.0,-88.0,14.0,#009C64
53.0,-88.0,20.0,#009C59
53.0,-88.0,26.0,#009C4E
53.0,-88.0,32.0,#009C43
53.0,-88.0,38.0,#009C36
53.0,-88.0,78.0,#009B00
53.0,-86.0,-26.0,#009EAA
53.0,-86.0,-8.0,#009D8A
53.0,-84.0,64.0,#009A00
53.0,-84.0,72.0,#009A00
53.0,-80.0,-30.0,#009DB1
53.0,-80.0,-2.0,#009B80
53.0,-80.0,4.0,#009B76
53.0,-80.0,10.0,#009B6B
53.0,-80.0,16.0,#009A61
53.0,-80.0,22.0,#009A56
53.0,-80.0,28.0,#009A4B
53.0,-80.0,34.0,#009A3F
53.0,-80.0,40.0,#009A32
53.0,-78.0,-24.0,#009CA6
53.0,-78.0,66.0,#009900
53.0,-78.0,76.0,#009900
53.0,-72.0,-20.0,#009B9F
53.0,-72.0,2.0,#009979
53.0,-72.0,8.0,#00996F
53.0,-72.0,14.0,#009964
53.0,-72.0,20.0,#00985A
53.0,-72.0,68.0,#009700
53.0,-72.0,78.0,#009700
53.0,-70.0,-8.0,#00998B
53.0,-68.0,-14.0,#009995
53.0,-68.0,50.0,#009718
53.0,-66.0,-24.0,#0099A6
53.0,-66.0,-18.0,#00999C
53.0,-66.0,72.0,#009600
53.0,-66.0,80.0,#009600
53.0,-64.0,-10.0,#00988E
53.0,-62.0,52.0,#009511
53.0,-60.0,-20.0,#00979F
53.0,-60.0,-16.0,#009799
53.0,-60.0,74.0,#009400
53.0,-58.0,-8.0,#00968B
53.0,-58.0,80.0,#1B9400
53.0,-56.0,-12.0,#009692
53.0,-54.0,-18.0,#00969C
53.0,-54.0,52.0,#1C9313
53.0,-52.0,-6.0,#009487
53.0,-52.0,-2.0,#009481
53.0,-52.0,74.0,#349200
53.0,-50.0,-14.0,#009495
53.0,-50.0,-10.0,#00948E
53.0,-50.0,80.0,#3C9100
53.0,-48.0,48.0,#349121
53.0,-48.0,54.0,#38910A
53.0,-46.0,-16.0,#009399
53.0,-46.0,-4.0,#009284
53.0,-46.0,0.0,#00927D
53.0,-44.0,-12.0,#009292
53.0,-44.0,-8.0,#00928B
53.0,-44.0,82.0,#4D8F00
53.0,-42.0,-18.0,#00929C
53.0,-42.0,56.0,#4B8F00
53.0,-40.0,-14.0,#009195
53.0,-40.0,62.0,#528E00
53.0,-38.0,-28.0,#0091AE
53.0,-38.0,-22.0,#0091A3
53.0,-38.0,-10.0,#00908F
53.0,-38.0,4.0,#0C8F77
53.0,-38.0,68.0,#588D00
53.0,-38.0,76.0,#5A8D00
53.0,-36.0,-16.0,#009099
53.0,-36.0,82.0,#5F8C00
53.0,-34.0,-12.0,#008F92
53.0,-34.0,-2.0,#138E81
53.0,-34.0,60.0,#5E8C00
53.0,-32.0,-28.0,#008FAE
53.0,-32.0,-22.0,#008FA3
53.0,-32.0,-18.0,#008E9C
53.0,-32.0,-8.0,#008E8B
53.0,-32.0,2.0,#2F8D7A
53.0,-30.0,-58.0,#0091E2
53.0,-30.0,-42.0,#0090C6
53.0,-30.0,-14.0,#008D96
53.0,-30.0,-4.0,#288D85
53.0,-30.0,6.0,#3F8C73
53.0,-30.0,10.0,#458C6C
53.0,-30.0,50.0,#638A1D
53.0,-30.0,62.0,#678A00
53.0,-30.0,82.0,#6A8A00
53.0,-28.0,-36.0,#008EBC
53.0,-28.0,-30.0,#008EB1
53.0,-28.0,-24.0,#008DA7
53.0,-28.0,0.0,#3B8C7E
53.0,-28.0,54.0,#688A0F
53.0,-28.0,68.0,#6C8900
53.0,-26.0,-18.0,#008C9D
53.0,-26.0,-6.0,#368B88
53.0,-26.0,4.0,#498A77
53.0,-26.0,74.0,#708800
53.0,-26.0,84.0,#718800
53.0,-24.0,-62.0,#0090E9
53.0,-24.0,-14.0,#278B96
53.0,-24.0,38.0,#6A883A
53.0,-24.0,44.0,#6D882D
53.0,-24.0,56.0,#708805
53.0,-22.0,-54.0,#008EDB
53.0,-22.0,-20.0,#188AA0
53.0,-22.0,-6.0,#458988
53.0,-22.0,2.0,#51897A
53.0,-22.0,62.0,#758700
53.0,-22.0,76.0,#778700
53.0,-20.0,-12.0,#3F8992
53.0,-20.0,6.0,#5B8874
53.0,-20.0,56.0,#778607
53.0,-20.0,68.0,#7A8600
53.0,-20.0,84.0,#7C8600
53.0,-18.0,-34.0,#008AB8
53.0,-18.0,-22.0,#2B89A4
53.0,-18.0,2.0,#5B877B
53.0,-18.0,8.0,#628770
53.0,-18.0,50.0,#79851F
53.0,-18.0,62.0,#7C8500
53.0,-18.0,78.0,#7E8500
53.0,-16.0,-10.0,#50878F
53.0,-16.0,4.0,#628677
53.0,-16.0,24.0,#728554
53.0,-16.0,54.0,#7E8412
53.0,-16.0,68.0,#808400
53.0,-14.0,-2.0,#608682
53.0,-14.0,6.0,#688574
53.0,-14.0,60.0,#828300
53.0,-12.0,-68.0,#008CF4
53.0,-12.0,-30.0,#2C87B2
53.0,-12.0,-18.0,#4D869D
53.0,-12.0,-10.0,#5B858F
53.0,-12.0,-6.0,#608588
53.0,-12.0,0.0,#67857E
53.0,-12.0,66.0,#868200
53.0,-10.0,-24.0,#4785A7
53.0,-10.0,-4.0,#678485
53.0,-10.0,6.0,#718374
53.0,-10.0,10.0,#74836D
53.0,-10.0,14.0,#778366
53.0,-10.0,26.0,#7E8251
53.0,-10.0,82.0,#8B8100
53.0,-8.0,-36.0,#2886BC
53.0,-8.0,-28.0,#4485AE
53.0,-8.0,-2.0,#6D8382
53.0,-8.0,16.0,#7B8263
53.0,-8.0,20.0,#7E825C
53.0,-8.0,60.0,#8B8000
53.0,-8.0,68.0,#8D8000
53.0,-6.0,-24.0,#5484A7
53.0,-6.0,-10.0,#69828F
53.0,-6.0,-6.0,#6D8289
53.0,-6.0,-2.0,#718282
53.0,-6.0,2.0,#75827B
53.0,-6.0,6.0,#788174
53.0,-6.0,10.0,#7B816D
53.0,-6.0,22.0,#828058
53.0,-6.0,52.0,#8D801B
53.0,-6.0,84.0,#917F00
53.0,-4.0,-22.0,#5D82A4
53.0,-4.0,-16.0,#66829A
53.0,-4.0,-12.0,#6B8193
53.0,-4.0,-8.0,#6F818C
53.0,-4.0,-4.0,#738185
53.0,-4.0,4.0,#7A8078
53.0,-4.0,8.0,#7D8071
53.0,-4.0,12.0,#80806A
53.0,-4.0,16.0,#828063
53.0,-4.0,24.0,#877F55
53.0,-4.0,44.0,#8E7F2F
53.0,-4.0,58.0,#917E01
53.0,-4.0,66.0,#927E00
53.0,-2.0,26.0,#8B7E52
53.0,-2.0,32.0,#8D7E47
53.0,-2.0,38.0,#8F7E3B
53.0,-2.0,48.0,#927D26
53.0,-2.0,82.0,#977D00
53.0,0.0,-28.0,#5D81AE
53.0,0.0,42.0,#937D34
53.0,0.0,54.0,#967C15
53.0,2.0,-76.0,#0086FF
53.0,2.0,-26.0,#6580AB
53.0,2.0,38.0,#957C3C
53.0,2.0,48.0,#987B27
53.0,4.0,-72.0,#0084FC
53.0,4.0,-56.0,#0082DF
53.0,4.0,-36.0,#5880BC
53.0,4.0,24.0,#937B55
53.0,4.0,54.0,#9C7A16
53.0,6.0,-34.0,#627EB9
53.0,6.0,-26.0,#6F7DAB
53.0,8.0,-58.0,#0880E3
53.0,8.0,-24.0,#767CA8
53.0,8.0,24.0,#997956
53.0,8.0,54.0,#A27817
53.0,8.0,62.0,#A37700
53.0,10.0,-74.0,#0081FF
53.0,10.0,-44.0,#587DCA
53.0,10.0,-32.0,#6F7CB5
53.0,10.0,-22.0,#7C7BA4
53.0,10.0,40.0,#A27738
53.0,10.0,68.0,#A67600
53.0,12.0,-64.0,#007FEE
53.0,12.0,-42.0,#627CC7
53.0,12.0,-20.0,#8279A1
53.0,12.0,-16.0,#86799A
53.0,12.0,46.0,#A6752C
53.0,12.0,52.0,#A7751E
53.0,12.0,60.0,#A87500
53.0,14.0,-52.0,#517CD8
53.0,14.0,-14.0,#8C7797
53.0,14.0,-10.0,#8F7790
53.0,14.0,42.0,#A87435
53.0,14.0,74.0,#AC7300
53.0,16.0,-70.0,#007DF8
53.0,16.0,-50.0,#5C7AD5
53.0,16.0,-8.0,#94758D
53.0,16.0,48.0,#AC7328
53.0,16.0,54.0,#AD7219
53.0,16.0,62.0,#AE7200
53.0,18.0,-76.0,#007DFF
53.0,18.0,-6.0,#997489
53.0,18.0,68.0,#B17100
53.0,18.0,76.0,#B27100
53.0,20.0,-56.0,#5978DF
53.0,20.0,46.0,#B1702D
53.0,20.0,52.0,#B2701F
53.0,20.0,58.0,#B36F0B
53.0,22.0,-76.0,#007BFF
53.0,22.0,-54.0,#6477DC
53.0,22.0,42.0,#B36E36
53.0,22.0,64.0,#B66E00
53.0,22.0,72.0,#B76E00
53.0,22.0,82.0,#B76E00
53.0,24.0,-66.0,#4877F1
53.0,24.0,48.0,#B66D29
53.0,24.0,54.0,#B76D1A
53.0,24.0,88.0,#BA6C00
53.0,26.0,-64.0,#5776EE
53.0,26.0,40.0,#B86B3A
53.0,26.0,74.0,#BC6B00
53.0,26.0,82.0,#BD6B00
53.0,28.0,-72.0,#4176FC
53.0,28.0,46.0,#BB6A2E
53.0,28.0,88.0,#C06900
53.0,30.0,36.0,#BC6842
53.0,30.0,74.0,#C16700
53.0,30.0,82.0,#C26700
53.0,32.0,-80.0,#2A74FF
53.0,32.0,-72.0,#5273FC
53.0,32.0,42.0,#C06637
53.0,32.0,88.0,#C56500
53.0,34.0,48.0,#C4642B
53.0,34.0,66.0,#C66400
53.0,34.0,74.0,#C66400
53.0,36.0,-80.0,#4271FF
53.0,36.0,-8.0,#B3668D
53.0,38.0,-76.0,#5A6FFF
53.0,38.0,46.0,#C8612F
53.0,38.0,64.0,#CB6000
53.0,38.0,80.0,#CC6000
53.0,40.0,-36.0,#A466BD
53.0,40.0,0.0,#BD6280
53.0,42.0,-76.0,#686CFF
53.0,42.0,-46.0,#9D66CE
53.0,42.0,-32.0,#AB64B6
53.0,42.0,46.0,#CD5D30
53.0,44.0,-56.0,#9366E0
53.0,44.0,-42.0,#A563C7
53.0,44.0,-28.0,#B161AF
53.0,46.0,42.0,#D25938
53.0,48.0,-48.0,#A560D2
53.0,48.0,-34.0,#B35EBA
53.0,48.0,6.0,#CB5976
53.0,48.0,48.0,#D5562D
53.0,48.0,54.0,#D6561F
53.0,48.0,64.0,#D75600
53.0,50.0,-30.0,#B95BB3
53.0,52.0,-54.0,#A55DDD
53.0,52.0,0.0,#CD5580
53.0,52.0,46.0,#DA5131
53.0,52.0,60.0,#DC510F
53.0,54.0,-66.0,#995EF2
53.0,54.0,-14.0,#C95498
53.0,54.0,36.0,#DB4F44
53.0,54.0,66.0,#DF4E00
53.0,56.0,-62.0,#A25AEB
53.0,56.0,58.0,#E04B17
53.0,58.0,-58.0,#AB57E4
53.0,58.0,48.0,#E2492E
53.0,58.0,64.0,#E34800
53.0,58.0,72.0,#E44800
53.0,60.0,-70.0,#9E58F9
53.0,60.0,-54.0,#B354DD
53.0,62.0,-66.0,#A854F2
53.0,62.0,-50.0,#BA50D6
53.0,62.0,-30.0,#CB4CB3
53.0,62.0,78.0,#E94100
53.0,64.0,-62.0,#B150EB
53.0,64.0,-12.0,#D84595
53.0,64.0,66.0,#EB3E00
53.0,66.0,-56.0,#BB4CE0
53.0,66.0,-2.0,#DF4084
53.0,66.0,90.0,#EE3900
53.0,68.0,-68.0,#B04CF6
53.0,68.0,-34.0,#D143BA
53.0,68.0,60.0,#EF3614
53.0,70.0,52.0,#F13128
53.0,72.0,-80.0,#A74AFF
53.0,72.0,-64.0,#BC44EF
53.0,72.0,-58.0,#C342E4
53.0,72.0,-30.0,#D93AB4
53.0,72.0,58.0,#F42B1B
53.0,72.0,88.0,#F62A00
53.0,74.0,-24.0,#DF34A9
53.0,76.0,-54.0,#CD39DD
53.0,78.0,-78.0,#B53EFF
53.0,78.0,-62.0,#C837EB
53.0,78.0,60.0,#FB1218
53.0,78.0,78.0,#FC1000
53.0,78.0,86.0,#FD1000
53.0,80.0,-30.0,#E424B4
53.0,80.0,50.0,#FD022E
53.0,80.0,66.0,#FE0004
53.0,82.0,-58.0,#D22AE4
53.0,84.0,-10.0,#F30092
53.0,84.0,40.0,#FF0040
53.0,84.0,62.0,#FF0014
53.0,86.0,52.0,#FF002B
53.0,88.0,-78.0,#C722FF
53.0,88.0,-42.0,#E800C9
53.0,88.0,-30.0,#EF00B4
53.0,90.0,-24.0,#F500AA
53.0,90.0,-4.0,#FD0089
53.0,90.0,38.0,#FF0044
53.0,92.0,-50.0,#E800D7
53.0,94.0,-44.0,#EF00CC
53.0,94.0,26.0,#FF0058
53.0,96.0,-30.0,#FA00B4
53.0,98.0,-54.0,#ED00DE
53.0,98.0,-24.0,#FF00AA
53.0,98.0,-4.0,#FF0089
53.0,100.0,-48.0,#F400D3
53.0,104.0,-60.0,#F100E8
53.0,106.0,-46.0,#FE00D0
53.0,110.0,-34.0,#FF00BC
53.0,112.0,-64.0,#FA00F0
53.0,112.0,-50.0,#FF00D7
53.0,114.0,-70.0,#F800FA
54.0,-128.0,-8.0,#00A78C
54.0,-128.0,10.0,#00A66D
54.0,-128.0,18.0,#00A65F
54.0,-128.0,26.0,#00A550
54.0,-128.0,34.0,#00A540
54.0,-128.0,68.0,#00A500
54.0,-120.0,-12.0,#00A693
54.0,-112.0,-16.0,#00A59B
54.0,-112.0,-10.0,#00A590
54.0,-112.0,-4.0,#00A486
54.0,-112.0,2.0,#00A47B
54.0,-112.0,8.0,#00A471
54.0,-112.0,14.0,#00A466
54.0,-112.0,20.0,#00A35B
54.0,-112.0,26.0,#00A350
54.0,-112.0,34.0,#00A340
54.0,-104.0,-20.0,#00A4A2
54.0,-104.0,-14.0,#00A497
54.0,-104.0,-8.0,#00A38D
54.0,-104.0,44.0,#00A12A
54.0,-104.0,52.0,#00A110
54.0,-96.0,-22.0,#00A3A5
54.0,-96.0,40.0,#00A034
54.0,-96.0,48.0,#00A020
54.0,-92.0,54.0,#009F06
54.0,-88.0,-20.0,#00A1A2
54.0,-86.0,56.0,#009E00
54.0,-80.0,-18.0,#009F9E
54.0,-80.0,-12.0,#009F94
54.0,-80.0,-6.0,#009E8A
54.0,-80.0,54.0,#009C08
54.0,-76.0,48.0,#009B21
54.0,-74.0,38.0,#009B39
54.0,-74.0,56.0,#009B00
54.0,-72.0,-4.0,#009C86
54.0,-72.0,26.0,#009B51
54.0,-72.0,32.0,#009B46
54.0,-70.0,-36.0,#009EBE
54.0,-70.0,-30.0,#009EB3
54.0,-70.0,42.0,#009A31
54.0,-70.0,62.0,#009A00
54.0,-68.0,36.0,#009A3E
54.0,-66.0,10.0,#009A6E
54.0,-66.0,16.0,#009A63
54.0,-66.0,22.0,#009A59
54.0,-66.0,28.0,#00994E
54.0,-64.0,-38.0,#009DC1
54.0,-64.0,-32.0,#009CB7
54.0,-64.0,-4.0,#009A86
54.0,-64.0,0.0,#009A7F
54.0,-64.0,60.0,#009800
54.0,-62.0,-26.0,#009BAC
54.0,-62.0,32.0,#009846
54.0,-62.0,66.0,#009700
54.0,-60.0,12.0,#00986B
54.0,-60.0,18.0,#009860
54.0,-60.0,24.0,#009855
54.0,-58.0,-42.0,#009BC9
54.0,-58.0,-36.0,#009BBE
54.0,-58.0,-30.0,#009AB4
54.0,-58.0,-2.0,#009883
54.0,-58.0,2.0,#00987C
54.0,-58.0,36.0,#00973E
54.0,-58.0,42.0,#009732
54.0,-56.0,28.0,#00974E
54.0,-56.0,62.0,#209600
54.0,-54.0,14.0,#009667
54.0,-54.0,20.0,#00965D
54.0,-54.0,46.0,#179528
54.0,-52.0,-44.0,#009ACC
54.0,-52.0,-38.0,#0099C2
54.0,-52.0,-32.0,#0099B7
54.0,-52.0,4.0,#009679
54.0,-52.0,32.0,#009547
54.0,-52.0,38.0,#15953B
54.0,-52.0,66.0,#349500
54.0,-50.0,24.0,#009556
54.0,-48.0,10.0,#00956E
54.0,-48.0,16.0,#009564
54.0,-48.0,42.0,#329432
54.0,-46.0,-48.0,#0098D3
54.0,-46.0,-42.0,#0098C9
54.0,-46.0,-36.0,#0097BE
54.0,-46.0,-30.0,#0097B4
54.0,-46.0,28.0,#27934E
54.0,-46.0,34.0,#309343
54.0,-46.0,62.0,#469300
54.0,-44.0,-24.0,#0096A9
54.0,-44.0,20.0,#20935D
54.0,-44.0,68.0,#4D9200
54.0,-42.0,10.0,#06936F
54.0,-42.0,14.0,#1C9368
54.0,-42.0,74.0,#539100
54.0,-40.0,-50.0,#0097D7
54.0,-40.0,-42.0,#0096C9
54.0,-40.0,-36.0,#0095BE
54.0,-40.0,-4.0,#009387
54.0,-40.0,0.0,#009380
54.0,-40.0,22.0,#379259
54.0,-40.0,28.0,#3F914F
54.0,-40.0,48.0,#4F9124
54.0,-38.0,16.0,#369164
54.0,-38.0,32.0,#499047
54.0,-36.0,10.0,#33916F
54.0,-36.0,36.0,#519040
54.0,-36.0,50.0,#598F1F
54.0,-34.0,-54.0,#0095DE
54.0,-34.0,-40.0,#0094C5
54.0,-34.0,-34.0,#0093BB
54.0,-34.0,18.0,#469061
54.0,-34.0,22.0,#4B8F5A
54.0,-34.0,40.0,#598F38
54.0,-32.0,26.0,#548E53
54.0,-32.0,44.0,#5F8E2F
54.0,-30.0,30.0,#5C8E4B
54.0,-28.0,-48.0,#0092D3
54.0,-28.0,14.0,#528D68
54.0,-28.0,18.0,#568D61
54.0,-28.0,22.0,#5A8D5A
54.0,-28.0,34.0,#628D44
54.0,-26.0,10.0,#538D6F
54.0,-26.0,26.0,#628C53
54.0,-24.0,-42.0,#0090C9
54.0,-24.0,-30.0,#008FB4
54.0,-24.0,-24.0,#008EAA
54.0,-24.0,-10.0,#378D92
54.0,-24.0,-2.0,#488D84
54.0,-24.0,30.0,#688B4C
54.0,-22.0,-36.0,#008FBF
54.0,-22.0,10.0,#5D8B6F
54.0,-22.0,14.0,#618B68
54.0,-22.0,22.0,#678B5A
54.0,-22.0,90.0,#7C8900
54.0,-20.0,-30.0,#008DB4
54.0,-20.0,-2.0,#548B84
54.0,-20.0,26.0,#6E8A53
54.0,-20.0,32.0,#718948
54.0,-20.0,38.0,#74893D
54.0,-18.0,-54.0,#008FDE
54.0,-18.0,-18.0,#3B8B9F
54.0,-18.0,-14.0,#458B99
54.0,-18.0,14.0,#698968
54.0,-18.0,42.0,#798834
54.0,-16.0,-48.0,#008DD4
54.0,-16.0,-28.0,#1F8BB1
54.0,-16.0,-6.0,#59898B
54.0,-16.0,32.0,#798848
54.0,-16.0,86.0,#858700
54.0,-14.0,-56.0,#008DE2
54.0,-14.0,-42.0,#008CC9
54.0,-14.0,-14.0,#528999
54.0,-14.0,12.0,#70876C
54.0,-14.0,16.0,#738765
54.0,-14.0,36.0,#7E8641
54.0,-12.0,-48.0,#008BD4
54.0,-12.0,-36.0,#018ABF
54.0,-12.0,18.0,#788662
54.0,-12.0,22.0,#7A865B
54.0,-12.0,40.0,#838539
54.0,-12.0,46.0,#85852C
54.0,-12.0,88.0,#8B8500
54.0,-10.0,-58.0,#008CE5
54.0,-10.0,-42.0,#008AC9
54.0,-10.0,-20.0,#5288A3
54.0,-10.0,-12.0,#5F8795
54.0,-10.0,30.0,#82854C
54.0,-10.0,50.0,#898423
54.0,-8.0,-50.0,#008AD7
54.0,-8.0,2.0,#74857D
54.0,-8.0,6.0,#778577
54.0,-8.0,34.0,#878445
54.0,-8.0,40.0,#898339
54.0,-8.0,74.0,#908300
54.0,-8.0,90.0,#928300
54.0,-6.0,-64.0,#008BF0
54.0,-6.0,-56.0,#008AE2
54.0,-6.0,-44.0,#0088CD
54.0,-6.0,-18.0,#6186A0
54.0,-6.0,-14.0,#668599
54.0,-4.0,-52.0,#0088DB
54.0,-4.0,-40.0,#3187C6
54.0,-4.0,-32.0,#4B86B8
54.0,-2.0,-70.0,#008AFB
54.0,-2.0,-62.0,#0089ED
54.0,-2.0,-46.0,#1C86D0
54.0,-2.0,-30.0,#5685B4
54.0,-2.0,-20.0,#6784A3
54.0,-2.0,-16.0,#6D839C
54.0,-2.0,-12.0,#728395
54.0,-2.0,-8.0,#76838F
54.0,-2.0,-4.0,#7A8288
54.0,-2.0,0.0,#7D8281
54.0,-2.0,4.0,#81827A
54.0,-2.0,8.0,#838273
54.0,-2.0,12.0,#86816C
54.0,-2.0,16.0,#888166
54.0,-2.0,20.0,#8B815F
54.0,0.0,-58.0,#0087E6
54.0,0.0,-42.0,#3D85C9
54.0,0.0,-36.0,#4F84BF
54.0,0.0,0.0,#818181
54.0,0.0,16.0,#8C8066
54.0,0.0,20.0,#8E805F
54.0,0.0,24.0,#908058
54.0,2.0,0.0,#858081
54.0,2.0,16.0,#8F7F66
54.0,2.0,20.0,#917F5F
54.0,2.0,26.0,#947F54
54.0,2.0,62.0,#9D7E00
54.0,2.0,70.0,#9E7D00
54.0,2.0,78.0,#9F7D00
54.0,4.0,-66.0,#0086F4
54.0,4.0,-50.0,#2F84D7
54.0,4.0,-44.0,#4783CD
54.0,4.0,16.0,#927E66
54.0,4.0,20.0,#947E5F
54.0,4.0,30.0,#987D4D
54.0,4.0,36.0,#9A7D42
54.0,4.0,84.0,#A27C00
54.0,4.0,92.0,#A37C00
54.0,6.0,-62.0,#0084ED
54.0,6.0,-42.0,#5482C9
54.0,6.0,-30.0,#6B80B5
54.0,6.0,16.0,#957D66
54.0,6.0,20.0,#977C5F
54.0,6.0,28.0,#9B7C51
54.0,6.0,42.0,#9F7C37
54.0,6.0,72.0,#A47B00
54.0,8.0,-52.0,#3C82DB
54.0,8.0,32.0,#9F7B4A
54.0,8.0,48.0,#A37A2A
54.0,8.0,78.0,#A87A00
54.0,10.0,-50.0,#4B80D8
54.0,10.0,20.0,#9D7A5F
54.0,10.0,28.0,#A17A51
54.0,12.0,-58.0,#3580E6
54.0,12.0,-30.0,#797DB5
54.0,12.0,-26.0,#7E7CAE
54.0,12.0,18.0,#A07963
54.0,12.0,24.0,#A27958
54.0,12.0,34.0,#A67846
54.0,12.0,84.0,#AD7700
54.0,12.0,92.0,#AE7700
54.0,14.0,-56.0,#477FE2
54.0,14.0,-24.0,#847BAA
54.0,14.0,22.0,#A4775C
54.0,14.0,30.0,#A7774E
54.0,16.0,-32.0,#7F7AB8
54.0,16.0,-22.0,#8A79A7
54.0,16.0,-18.0,#8E79A0
54.0,16.0,28.0,#A97651
54.0,16.0,36.0,#AC7543
54.0,16.0,80.0,#B27400
54.0,16.0,88.0,#B37400
54.0,18.0,-64.0,#387EF1
54.0,18.0,-46.0,#6D7BD1
54.0,18.0,-30.0,#8579B5
54.0,18.0,-26.0,#8A78AE
54.0,18.0,-16.0,#94779D
54.0,18.0,-12.0,#977796
54.0,18.0,24.0,#AB7559
54.0,18.0,34.0,#AE7447
54.0,20.0,-38.0,#7F78C3
54.0,20.0,-24.0,#9077AB
54.0,20.0,-20.0,#9376A4
54.0,20.0,30.0,#B0734E
54.0,22.0,-70.0,#2E7CFB
54.0,22.0,-36.0,#8677BF
54.0,22.0,-30.0,#8D76B5
54.0,22.0,-18.0,#9975A0
54.0,22.0,-14.0,#9C749A
54.0,22.0,-10.0,#9F7493
54.0,22.0,-6.0,#A2748C
54.0,22.0,16.0,#AD7267
54.0,22.0,28.0,#B27252
54.0,22.0,36.0,#B47143
54.0,24.0,-50.0,#7577D8
54.0,24.0,-44.0,#7F76CD
54.0,24.0,-28.0,#9374B2
54.0,24.0,-24.0,#9774AB
54.0,24.0,-2.0,#A77285
54.0,24.0,34.0,#B67047
54.0,26.0,-78.0,#007BFF
54.0,26.0,-42.0,#8675CA
54.0,26.0,-36.0,#8E74BF
54.0,26.0,-18.0,#9F72A0
54.0,26.0,-14.0,#A2719A
54.0,26.0,-10.0,#A57193
54.0,26.0,-6.0,#A8718C
54.0,26.0,2.0,#AD707F
54.0,26.0,6.0,#AF7078
54.0,26.0,18.0,#B46F63
54.0,26.0,30.0,#B86E4F
54.0,28.0,-58.0,#6F76E6
54.0,28.0,-50.0,#7E74D8
54.0,28.0,-34.0,#9472BC
54.0,28.0,-28.0,#9A71B2
54.0,28.0,-24.0,#9E71AB
54.0,28.0,10.0,#B36E71
54.0,28.0,14.0,#B56E6A
54.0,28.0,28.0,#BA6D52
54.0,28.0,66.0,#C16C00
54.0,30.0,-56.0,#7874E3
54.0,30.0,-48.0,#8573D4
54.0,30.0,-42.0,#8E72CA
54.0,30.0,-8.0,#AD6E90
54.0,30.0,-4.0,#AF6D89
54.0,30.0,0.0,#B16D82
54.0,30.0,4.0,#B46D7B
54.0,30.0,18.0,#BA6C64
54.0,30.0,22.0,#BB6C5D
54.0,32.0,-64.0,#6C74F1
54.0,32.0,-34.0,#9B6FBC
54.0,32.0,-22.0,#A66EA7
54.0,32.0,-18.0,#A96DA1
54.0,32.0,-14.0,#AC6D9A
54.0,32.0,8.0,#B86B75
54.0,32.0,28.0,#BF6A53
54.0,34.0,-70.0,#6373FB
54.0,34.0,-56.0,#8171E3
54.0,34.0,-42.0,#956FCA
54.0,34.0,-30.0,#A26DB5
54.0,34.0,-2.0,#B66A86
54.0,34.0,2.0,#B86A7F
54.0,34.0,12.0,#BD696E
54.0,34.0,16.0,#BE6967
54.0,34.0,34.0,#C46848
54.0,36.0,-64.0,#7771F1
54.0,36.0,-26.0,#A96BAE
54.0,36.0,-12.0,#B36997
54.0,36.0,6.0,#BD6778
54.0,36.0,20.0,#C26661
54.0,36.0,28.0,#C56653
54.0,38.0,-70.0,#6F70FC
54.0,38.0,-56.0,#8A6EE3
54.0,38.0,-40.0,#9F6BC7
54.0,38.0,-22.0,#AF68A8
54.0,38.0,-18.0,#B268A1
54.0,38.0,10.0,#C16572
54.0,38.0,34.0,#C96448
54.0,38.0,40.0,#CA643D
54.0,38.0,86.0,#CF6300
54.0,40.0,-64.0,#816DF1
54.0,40.0,-4.0,#BE6589
54.0,40.0,4.0,#C2647C
54.0,40.0,14.0,#C6636B
54.0,40.0,18.0,#C76364
54.0,40.0,72.0,#D16100
54.0,40.0,92.0,#D26000
54.0,42.0,-70.0,#796DFC
54.0,42.0,-16.0,#BA649E
54.0,42.0,-10.0,#BD6393
54.0,42.0,8.0,#C66275
54.0,42.0,22.0,#CB615D
54.0,42.0,26.0,#CC6057
54.0,42.0,30.0,#CD6050
54.0,44.0,-64.0,#8A6AF1
54.0,44.0,-22.0,#B963A8
54.0,44.0,12.0,#CA5F6E
54.0,44.0,36.0,#D15E45
54.0,44.0,70.0,#D65D00
54.0,44.0,78.0,#D65C00
54.0,44.0,86.0,#D75C00
54.0,46.0,-70.0,#8369FC
54.0,46.0,-38.0,#AF63C3
54.0,46.0,-6.0,#C55F8D
54.0,46.0,-2.0,#C75E86
54.0,46.0,2.0,#C95E7F
54.0,46.0,16.0,#CE5D68
54.0,46.0,20.0,#D05C61
54.0,46.0,92.0,#DA5A00
54.0,48.0,-18.0,#C15EA1
54.0,48.0,-12.0,#C55D97
54.0,48.0,26.0,#D45A57
54.0,48.0,30.0,#D55A50
54.0,48.0,34.0,#D65949
54.0,48.0,76.0,#DB5800
54.0,48.0,84.0,#DC5800
54.0,50.0,-76.0,#8167FF
54.0,50.0,-68.0,#9065F8
54.0,50.0,-58.0,#9F63E6
54.0,50.0,-44.0,#AF60CE
54.0,50.0,-24.0,#C05DAB
54.0,50.0,10.0,#D25972
54.0,50.0,14.0,#D3586B
54.0,50.0,40.0,#DA573F
54.0,50.0,72.0,#DD5600
54.0,50.0,90.0,#DE5500
54.0,52.0,-40.0,#B75DC7
54.0,52.0,-8.0,#CD5890
54.0,52.0,18.0,#D75665
54.0,52.0,22.0,#D8555E
54.0,52.0,82.0,#E05300
54.0,54.0,-74.0,#8E62FF
54.0,54.0,-50.0,#B05DD8
54.0,54.0,-36.0,#BD5AC0
54.0,54.0,-20.0,#C957A5
54.0,54.0,4.0,#D5547C
54.0,54.0,28.0,#DC5254
54.0,54.0,32.0,#DD524D
54.0,54.0,52.0,#E15128
54.0,54.0,78.0,#E35000
54.0,54.0,88.0,#E35000
54.0,56.0,-46.0,#B759D1
54.0,56.0,-32.0,#C357B9
54.0,56.0,-26.0,#C856AF
54.0,56.0,-4.0,#D4538A
54.0,56.0,12.0,#DA516F
54.0,56.0,42.0,#E24F3C
54.0,58.0,-42.0,#BE56CB
54.0,58.0,-10.0,#D45194
54.0,58.0,8.0,#DC4F76
54.0,58.0,20.0,#DF4D62
54.0,58.0,24.0,#E04D5B
54.0,58.0,84.0,#E84B00
54.0,60.0,-76.0,#985CFF
54.0,60.0,-22.0,#D050A8
54.0,60.0,-16.0,#D44F9E
54.0,60.0,0.0,#DB4D83
54.0,60.0,30.0,#E44A51
54.0,60.0,36.0,#E54947
54.0,60.0,90.0,#EB4700
54.0,62.0,-38.0,#C850C4
54.0,62.0,-6.0,#DB4A8D
54.0,62.0,14.0,#E3486C
54.0,62.0,42.0,#E9453C
54.0,64.0,-44.0,#C64ECE
54.0,64.0,4.0,#E2467D
54.0,64.0,22.0,#E7445F
54.0,64.0,48.0,#EC4231
54.0,66.0,-26.0,#D647AF
54.0,66.0,28.0,#EB3F55
54.0,66.0,34.0,#ED3F4B
54.0,66.0,40.0,#EE3E40
54.0,66.0,54.0,#F03E25
54.0,68.0,-40.0,#CF47C7
54.0,68.0,-8.0,#E24091
54.0,68.0,16.0,#EB3D69
54.0,68.0,46.0,#F13A36
54.0,68.0,82.0,#F43800
54.0,70.0,-50.0,#CA46D9
54.0,70.0,24.0,#EF375C
54.0,70.0,76.0,#F63400
54.0,72.0,6.0,#ED357A
54.0,72.0,12.0,#EF3470
54.0,72.0,30.0,#F33252
54.0,72.0,36.0,#F43148
54.0,72.0,42.0,#F5313D
54.0,72.0,72.0,#F82F00
54.0,74.0,-72.0,#B946FF
54.0,74.0,-38.0,#DA3BC4
54.0,74.0,-4.0,#EC328B
54.0,74.0,20.0,#F32E63
54.0,74.0,48.0,#F92A33
54.0,74.0,66.0,#FA2904
54.0,76.0,-10.0,#EC2E95
54.0,76.0,26.0,#F72759
54.0,76.0,54.0,#FC2327
54.0,78.0,-68.0,#C53DF9
54.0,78.0,2.0,#F32581
54.0,78.0,32.0,#FB1E4F
54.0,78.0,38.0,#FC1C45
54.0,78.0,44.0,#FD1B3B
54.0,80.0,-42.0,#DF2DCB
54.0,80.0,8.0,#F81A77
54.0,82.0,-4.0,#F6148B
54.0,82.0,20.0,#FD0563
54.0,82.0,28.0,#FF0156
54.0,82.0,56.0,#FF0024
54.0,84.0,-16.0,#F40C9F
54.0,84.0,34.0,#FF004C
54.0,84.0,46.0,#FF0038
54.0,86.0,-36.0,#EC0EC1
54.0,86.0,2.0,#FD0081
54.0,86.0,14.0,#FF006E
54.0,86.0,72.0,#FF0000
54.0,88.0,-66.0,#D71EF5
54.0,88.0,8.0,#FF0077
54.0,88.0,24.0,#FF005D
54.0,88.0,30.0,#FF0053
54.0,88.0,58.0,#FF0022
54.0,90.0,-60.0,#E009EB
54.0,90.0,-18.0,#FB00A3
54.0,90.0,44.0,#FF003C
54.0,92.0,-12.0,#FF0099
54.0,92.0,18.0,#FF0067
54.0,92.0,50.0,#FF0032
54.0,94.0,-36.0,#F700C1
54.0,94.0,2.0,#FF0082
54.0,94.0,32.0,#FF0051
54.0,96.0,-70.0,#E000FD
54.0,96.0,8.0,#FF0078
54.0,98.0,-64.0,#E800F2
54.0,98.0,-18.0,#FF00A3
54.0,98.0,14.0,#FF006E
54.0,98.0,20.0,#FF0065
54.0,100.0,-38.0,#FE00C5
54.0,100.0,-12.0,#FF0099
54.0,102.0,-32.0,#FF00BB
54.0,102.0,4.0,#FF007F
54.0,104.0,-74.0,#E800FF
54.0,106.0,-68.0,#F100F9
54.0,106.0,-18.0,#FF00A3
54.0,110.0,-56.0,#FF00E4
54.0,114.0,-44.0,#FF00D0
54.0,118.0,-60.0,#FF00EC
55.0,-128.0,0.0,#00A981
55.0,-112.0,46.0,#00A627
55.0,-112.0,54.0,#00A508
55.0,-110.0,62.0,#00A500
55.0,-110.0,80.0,#00A500
55.0,-106.0,72.0,#00A400
55.0,-104.0,2.0,#00A67E
55.0,-104.0,8.0,#00A573
55.0,-104.0,14.0,#00A569
55.0,-104.0,20.0,#00A55E
55.0,-104.0,26.0,#00A553
55.0,-104.0,34.0,#00A443
55.0,-104.0,64.0,#00A400
55.0,-104.0,78.0,#00A400
55.0,-102.0,58.0,#00A400
55.0,-98.0,84.0,#00A300
55.0,-96.0,-14.0,#00A59A
55.0,-96.0,-8.0,#00A58F
55.0,-96.0,72.0,#00A200
55.0,-92.0,-30.0,#00A5B6
55.0,-90.0,-2.0,#00A385
55.0,-90.0,66.0,#00A100
55.0,-88.0,4.0,#00A27B
55.0,-88.0,10.0,#00A270
55.0,-88.0,16.0,#00A265
55.0,-88.0,22.0,#00A25A
55.0,-88.0,28.0,#00A14F
55.0,-88.0,34.0,#00A144
55.0,-88.0,42.0,#00A132
55.0,-88.0,72.0,#00A100
55.0,-88.0,84.0,#00A100
55.0,-86.0,-34.0,#00A4BD
55.0,-86.0,-24.0,#00A4AB
55.0,-82.0,74.0,#009F00
55.0,-80.0,-38.0,#00A3C4
55.0,-80.0,86.0,#009F00
55.0,-78.0,80.0,#009E00
55.0,-76.0,0.0,#00A082
55.0,-74.0,-42.0,#00A2CB
55.0,-74.0,-16.0,#00A09E
55.0,-74.0,-10.0,#00A093
55.0,-74.0,88.0,#009D00
55.0,-72.0,-22.0,#00A0A8
55.0,-72.0,4.0,#009F7B
55.0,-72.0,10.0,#009E70
55.0,-72.0,16.0,#009E66
55.0,-68.0,-44.0,#00A1CF
55.0,-68.0,84.0,#009C00
55.0,-66.0,-20.0,#009FA5
55.0,-66.0,6.0,#009D77
55.0,-66.0,46.0,#009C2A
55.0,-64.0,52.0,#009B19
55.0,-62.0,-48.0,#00A0D6
55.0,-62.0,-12.0,#009D97
55.0,-62.0,88.0,#0B9A00
55.0,-60.0,-18.0,#009DA1
55.0,-60.0,-8.0,#009C90
55.0,-60.0,8.0,#009B74
55.0,-60.0,80.0,#189900
55.0,-56.0,-50.0,#009ED9
55.0,-56.0,52.0,#18991A
55.0,-56.0,84.0,#2F9800
55.0,-54.0,-20.0,#009BA5
55.0,-54.0,-16.0,#009B9E
55.0,-54.0,-12.0,#009B97
55.0,-54.0,-6.0,#009A8D
55.0,-54.0,10.0,#009971
55.0,-54.0,74.0,#349800
55.0,-54.0,92.0,#399800
55.0,-52.0,0.0,#009982
55.0,-50.0,-24.0,#009AAC
55.0,-48.0,-18.0,#0099A1
55.0,-48.0,-14.0,#00999B
55.0,-48.0,-10.0,#009994
55.0,-48.0,-4.0,#009889
55.0,-48.0,84.0,#499600
55.0,-48.0,92.0,#4B9600
55.0,-46.0,2.0,#00977F
55.0,-44.0,46.0,#46952C
55.0,-42.0,-16.0,#00979E
55.0,-42.0,-12.0,#009797
55.0,-42.0,-8.0,#009690
55.0,-42.0,80.0,#579400
55.0,-42.0,88.0,#589400
55.0,-38.0,-30.0,#0097B7
55.0,-38.0,-24.0,#0096AC
55.0,-38.0,-20.0,#0096A5
55.0,-38.0,6.0,#219478
55.0,-38.0,92.0,#629200
55.0,-36.0,-12.0,#009597
55.0,-36.0,-8.0,#009490
55.0,-36.0,60.0,#609200
55.0,-36.0,78.0,#649200
55.0,-34.0,0.0,#269383
55.0,-34.0,66.0,#659100
55.0,-34.0,86.0,#699100
55.0,-32.0,-44.0,#0096CF
55.0,-32.0,-26.0,#0094B0
55.0,-32.0,-20.0,#0094A5
55.0,-32.0,-4.0,#24938A
55.0,-32.0,4.0,#3A927C
55.0,-32.0,12.0,#47926E
55.0,-32.0,54.0,#669016
55.0,-32.0,72.0,#6B9000
55.0,-32.0,80.0,#6C9000
55.0,-30.0,-16.0,#00939E
55.0,-30.0,-12.0,#039297
55.0,-30.0,-8.0,#219291
55.0,-30.0,8.0,#489175
55.0,-30.0,60.0,#6C8F00
55.0,-30.0,90.0,#718F00
55.0,-28.0,-22.0,#0092A9
55.0,-28.0,-2.0,#3D9186
55.0,-28.0,2.0,#44917F
55.0,-28.0,66.0,#718F00
55.0,-28.0,74.0,#728E00
55.0,-28.0,84.0,#748E00
55.0,-26.0,-60.0,#0095EC
55.0,-26.0,-38.0,#0093C5
55.0,-26.0,6.0,#519079
55.0,-26.0,40.0,#6C8E3B
55.0,-26.0,48.0,#708E29
55.0,-26.0,54.0,#728E17
55.0,-24.0,-18.0,#1D90A2
55.0,-24.0,18.0,#628E64
55.0,-24.0,60.0,#778D00
55.0,-24.0,68.0,#788D00
55.0,-24.0,76.0,#7A8D00
55.0,-22.0,4.0,#598E7C
55.0,-22.0,48.0,#778C29
55.0,-22.0,54.0,#798C18
55.0,-20.0,-62.0,#0093EF
55.0,-20.0,-48.0,#0092D6
55.0,-20.0,-10.0,#498E94
55.0,-20.0,60.0,#7E8B00
55.0,-20.0,80.0,#818B00
55.0,-18.0,-42.0,#0090CC
55.0,-18.0,6.0,#658C79
55.0,-18.0,10.0,#698C72
55.0,-18.0,48.0,#7E8B29
55.0,-18.0,54.0,#808A18
55.0,-18.0,74.0,#838A00
55.0,-18.0,94.0,#858A00
55.0,-16.0,-2.0,#608C87
55.0,-16.0,20.0,#748B60
55.0,-16.0,28.0,#798A52
55.0,-16.0,60.0,#848900
55.0,-14.0,-64.0,#0091F3
55.0,-14.0,-22.0,#438CA9
55.0,-14.0,0.0,#678B83
55.0,-14.0,4.0,#6C8A7C
55.0,-14.0,8.0,#6F8A75
55.0,-14.0,76.0,#8A8800
55.0,-12.0,-2.0,#6A8A87
55.0,-12.0,2.0,#6E8A80
55.0,-12.0,26.0,#7F8856
55.0,-12.0,62.0,#8B8700
55.0,-12.0,70.0,#8C8700
55.0,-10.0,-30.0,#3D8BB7
55.0,-10.0,-6.0,#6A898E
55.0,-10.0,0.0,#708983
55.0,-10.0,4.0,#74897C
55.0,-8.0,-16.0,#61899F
55.0,-8.0,-12.0,#678998
55.0,-8.0,-8.0,#6C8891
55.0,-8.0,-4.0,#70888A
55.0,-8.0,10.0,#7D8772
55.0,-8.0,14.0,#7F876B
55.0,-8.0,18.0,#828764
55.0,-8.0,22.0,#84875D
55.0,-8.0,26.0,#868656
55.0,-6.0,-26.0,#5589B0
55.0,-6.0,28.0,#8A8553
55.0,-6.0,46.0,#91852F
55.0,-4.0,-24.0,#5F88AD
55.0,-4.0,-18.0,#6887A2
55.0,-4.0,-14.0,#6D879C
55.0,-4.0,-10.0,#728695
55.0,-4.0,-6.0,#76868E
55.0,-4.0,-2.0,#7A8687
55.0,-4.0,2.0,#7E8680
55.0,-4.0,6.0,#818579
55.0,-4.0,10.0,#848572
55.0,-4.0,14.0,#86856B
55.0,-4.0,18.0,#898564
55.0,-4.0,22.0,#8B855D
55.0,-4.0,50.0,#958426
55.0,-2.0,24.0,#8F835A
55.0,-2.0,30.0,#92834F
55.0,-2.0,36.0,#948344
55.0,-2.0,42.0,#968338
55.0,-2.0,74.0,#9C8200
55.0,-2.0,90.0,#9D8200
55.0,0.0,-20.0,#6F85A6
55.0,0.0,-16.0,#74859F
55.0,0.0,-12.0,#788598
55.0,0.0,-8.0,#7C8491
55.0,0.0,-4.0,#80848A
55.0,0.0,4.0,#87837D
55.0,0.0,8.0,#898376
55.0,0.0,12.0,#8C836F
55.0,0.0,48.0,#9B812B
55.0,0.0,56.0,#9C8115
55.0,2.0,-52.0,#1588DE
55.0,2.0,-20.0,#7384A6
55.0,2.0,-16.0,#78849F
55.0,2.0,-12.0,#7C8398
55.0,2.0,-8.0,#808391
55.0,2.0,-4.0,#84838B
55.0,2.0,4.0,#8A827D
55.0,2.0,8.0,#8D8276
55.0,2.0,12.0,#8F826F
55.0,2.0,42.0,#9C8139
55.0,4.0,-20.0,#7783A6
55.0,4.0,-16.0,#7C839F
55.0,4.0,-12.0,#808298
55.0,4.0,-8.0,#848291
55.0,4.0,-4.0,#88828B
55.0,4.0,0.0,#8B8184
55.0,4.0,4.0,#8E817D
55.0,4.0,8.0,#908176
55.0,4.0,12.0,#93816F
55.0,4.0,48.0,#A07F2C
55.0,4.0,56.0,#A27F16
55.0,6.0,-20.0,#7C82A6
55.0,6.0,-16.0,#80819F
55.0,6.0,-12.0,#848198
55.0,6.0,-8.0,#888191
55.0,6.0,-4.0,#8B808B
55.0,6.0,0.0,#8E8084
55.0,6.0,4.0,#91807D
55.0,6.0,8.0,#948076
55.0,6.0,12.0,#967F6F
55.0,6.0,24.0,#9C7F5A
55.0,8.0,-72.0,#0087FF
55.0,8.0,-16.0,#84809F
55.0,8.0,-12.0,#888098
55.0,8.0,-8.0,#8B8092
55.0,8.0,-4.0,#8F7F8B
55.0,8.0,0.0,#927F84
55.0,8.0,4.0,#947F7D
55.0,8.0,8.0,#977E76
55.0,8.0,12.0,#997E6F
55.0,8.0,16.0,#9B7E68
55.0,8.0,58.0,#A87D0F
55.0,8.0,66.0,#A97C00
55.0,8.0,94.0,#AC7C00
55.0,10.0,-68.0,#0086FA
55.0,10.0,-60.0,#1F84EC
55.0,10.0,-42.0,#6382CC
55.0,10.0,-36.0,#6E81C2
55.0,10.0,-10.0,#8D7F95
55.0,10.0,-6.0,#917E8E
55.0,10.0,-2.0,#947E87
55.0,10.0,2.0,#967E81
55.0,10.0,6.0,#997D7A
55.0,10.0,10.0,#9B7D73
55.0,12.0,-4.0,#967D8B
55.0,12.0,0.0,#987D84
55.0,12.0,4.0,#9B7C7D
55.0,12.0,8.0,#9D7C76
55.0,12.0,14.0,#A07C6C
55.0,12.0,68.0,#AF7A00
55.0,14.0,-74.0,#0084FF
55.0,14.0,-68.0,#0083FB
55.0,14.0,-50.0,#5C80DA
55.0,14.0,-38.0,#747FC5
55.0,14.0,-2.0,#9A7B87
55.0,14.0,2.0,#9D7B81
55.0,14.0,12.0,#A37A70
55.0,14.0,48.0,#AF792D
55.0,16.0,-48.0,#677FD7
55.0,16.0,-36.0,#7C7DC2
55.0,16.0,0.0,#9F7A84
55.0,16.0,6.0,#A27A7A
55.0,16.0,10.0,#A57973
55.0,16.0,16.0,#A77969
55.0,16.0,20.0,#A97962
55.0,18.0,-74.0,#0082FF
55.0,18.0,-56.0,#597FE5
55.0,18.0,4.0,#A4787D
55.0,18.0,14.0,#AA786C
55.0,18.0,44.0,#B37636
55.0,18.0,50.0,#B57629
55.0,18.0,94.0,#B97500
55.0,20.0,-54.0,#657DE2
55.0,20.0,-44.0,#787CD0
55.0,20.0,-2.0,#A47788
55.0,20.0,8.0,#AA7777
55.0,20.0,12.0,#AC7670
55.0,20.0,18.0,#AE7666
55.0,20.0,22.0,#B0765F
55.0,20.0,56.0,#B8751A
55.0,20.0,64.0,#B97400
55.0,20.0,84.0,#BB7400
55.0,22.0,-62.0,#557DF0
55.0,22.0,2.0,#A97681
55.0,22.0,6.0,#AC757A
55.0,22.0,40.0,#B8743E
55.0,22.0,46.0,#B97332
55.0,22.0,52.0,#BA7325
55.0,22.0,70.0,#BD7300
55.0,22.0,78.0,#BD7300
55.0,22.0,90.0,#BE7300
55.0,24.0,-60.0,#627BEC
55.0,24.0,10.0,#B17473
55.0,24.0,14.0,#B2736D
55.0,24.0,20.0,#B57362
55.0,24.0,24.0,#B6735B
55.0,24.0,58.0,#BE7214
55.0,24.0,66.0,#BF7100
55.0,24.0,84.0,#C07100
55.0,26.0,-68.0,#507BFB
55.0,26.0,46.0,#BF7033
55.0,26.0,52.0,#C07026
55.0,26.0,72.0,#C27000
55.0,26.0,90.0,#C37000
55.0,28.0,-76.0,#357BFF
55.0,28.0,-66.0,#5E7AF7
55.0,28.0,24.0,#BC705C
55.0,28.0,58.0,#C36E15
55.0,28.0,78.0,#C56E00
55.0,30.0,40.0,#C36D3F
55.0,30.0,46.0,#C46D33
55.0,30.0,52.0,#C56D26
55.0,32.0,-76.0,#4A79FF
55.0,32.0,58.0,#C96B16
55.0,32.0,64.0,#C96B00
55.0,32.0,76.0,#CA6B00
55.0,34.0,40.0,#C86A3F
55.0,34.0,46.0,#C96A34
55.0,34.0,52.0,#CA6927
55.0,34.0,70.0,#CC6900
55.0,36.0,-48.0,#9470D7
55.0,36.0,24.0,#C7695C
55.0,36.0,58.0,#CE6717
55.0,36.0,64.0,#CE6700
55.0,36.0,76.0,#CF6700
55.0,38.0,52.0,#CF6627
55.0,40.0,-34.0,#AB6BBF
55.0,40.0,58.0,#D36418
55.0,40.0,64.0,#D46300
55.0,42.0,-54.0,#986CE2
55.0,42.0,-30.0,#B268B8
55.0,42.0,52.0,#D56228
55.0,44.0,-50.0,#A16ADB
55.0,44.0,-26.0,#B966B1
55.0,44.0,58.0,#D85F19
55.0,44.0,64.0,#D95F00
55.0,46.0,-46.0,#A967D4
55.0,46.0,44.0,#D85E39
55.0,48.0,50.0,#DC5B2D
55.0,48.0,56.0,#DD5B20
55.0,50.0,62.0,#E0590D
55.0,52.0,68.0,#E35600
55.0,54.0,-64.0,#A162F4
55.0,56.0,-60.0,#AB5FED
55.0,56.0,62.0,#E75110
55.0,56.0,74.0,#E85000
55.0,56.0,94.0,#E95000
55.0,58.0,-56.0,#B35CE6
55.0,58.0,68.0,#EA4E00
55.0,60.0,-68.0,#A75CFB
55.0,60.0,54.0,#EB4B27
55.0,60.0,60.0,#EC4B18
55.0,62.0,-64.0,#B059F4
55.0,62.0,66.0,#EF4700
55.0,62.0,74.0,#F04700
55.0,64.0,-60.0,#B955ED
55.0,64.0,-54.0,#BF54E3
55.0,64.0,10.0,#E74875
55.0,66.0,-72.0,#AD56FF
55.0,66.0,60.0,#F34019
55.0,66.0,92.0,#F54000
55.0,68.0,-66.0,#B951F8
55.0,68.0,-14.0,#E3459E
55.0,68.0,66.0,#F63C04
55.0,70.0,-58.0,#C54CEA
55.0,70.0,-20.0,#E242A8
55.0,72.0,-32.0,#DE41BC
55.0,72.0,-26.0,#E240B2
55.0,72.0,92.0,#FC3200
55.0,74.0,-46.0,#D641D5
55.0,76.0,-62.0,#CB42F1
55.0,76.0,-16.0,#EC34A1
55.0,76.0,90.0,#FF2600
55.0,78.0,-56.0,#D43CE6
55.0,78.0,-24.0,#EB31AF
55.0,78.0,76.0,#FF1E00
55.0,80.0,-50.0,#DC35DC
55.0,80.0,82.0,#FF1300
55.0,82.0,-64.0,#D235F5
55.0,82.0,88.0,#FF0000
55.0,86.0,-72.0,#D02EFF
55.0,86.0,-52.0,#E422E0
55.0,86.0,-44.0,#EA1DD2
55.0,86.0,-24.0,#F60DAF
55.0,92.0,-76.0,#D619FF
55.0,92.0,-42.0,#F300CE
55.0,94.0,-24.0,#FF00B0
55.0,94.0,-4.0,#FF008E
55.0,96.0,-58.0,#ED00EA
55.0,98.0,-52.0,#F500E0
55.0,98.0,-44.0,#FA00D2
55.0,102.0,-24.0,#FF00B0
55.0,102.0,-4.0,#FF008F
55.0,104.0,-50.0,#FF00DD
55.0,106.0,-44.0,#FF00D2
55.0,108.0,-38.0,#FF00C8
55.0,108.0,-30.0,#FF00BA
56.0,-128.0,6.0,#00AC79
56.0,-128.0,12.0,#00AC6E
56.0,-128.0,44.0,#00AB2E
56.0,-128.0,52.0,#00AB16
56.0,-128.0,60.0,#00AB00
56.0,-128.0,76.0,#00AA00
56.0,-122.0,4.0,#00AB7D
56.0,-120.0,10.0,#00AB72
56.0,-120.0,16.0,#00AB67
56.0,-120.0,24.0,#00AA58
56.0,-120.0,32.0,#00AA49
56.0,-120.0,40.0,#00AA38
56.0,-120.0,48.0,#00AA24
56.0,-120.0,56.0,#00AA00
56.0,-120.0,64.0,#00A900
56.0,-120.0,72.0,#00A900
56.0,-118.0,-2.0,#00AB87
56.0,-116.0,80.0,#00A900
56.0,-114.0,4.0,#00AA7D
56.0,-112.0,10.0,#00AA72
56.0,-112.0,16.0,#00A967
56.0,-112.0,22.0,#00A95C
56.0,-112.0,30.0,#00A94D
56.0,-112.0,38.0,#00A93D
56.0,-112.0,74.0,#00A800
56.0,-108.0,-10.0,#00AA95
56.0,-104.0,-4.0,#00A98B
56.0,-102.0,-12.0,#00A999
56.0,-96.0,8.0,#00A776
56.0,-96.0,14.0,#00A66B
56.0,-96.0,20.0,#00A660
56.0,-96.0,26.0,#00A655
56.0,-96.0,32.0,#00A64A
56.0,-96.0,56.0,#00A503
56.0,-90.0,78.0,#00A400
56.0,-88.0,-14.0,#00A69D
56.0,-88.0,54.0,#00A411
56.0,-86.0,-8.0,#00A592
56.0,-86.0,90.0,#00A300
56.0,-84.0,60.0,#00A300
56.0,-82.0,4.0,#00A47D
56.0,-80.0,-4.0,#00A48B
56.0,-80.0,10.0,#00A373
56.0,-80.0,16.0,#00A368
56.0,-80.0,22.0,#00A35D
56.0,-80.0,28.0,#00A252
56.0,-80.0,34.0,#00A246
56.0,-80.0,40.0,#00A23A
56.0,-80.0,48.0,#00A227
56.0,-78.0,-28.0,#00A5B5
56.0,-78.0,64.0,#00A100
56.0,-76.0,54.0,#00A113
56.0,-74.0,44.0,#00A131
56.0,-74.0,70.0,#00A000
56.0,-72.0,-32.0,#00A4BC
56.0,-72.0,-26.0,#00A3B2
56.0,-72.0,24.0,#00A15A
56.0,-72.0,30.0,#00A04E
56.0,-72.0,60.0,#00A000
56.0,-70.0,-2.0,#00A188
56.0,-68.0,34.0,#009F47
56.0,-68.0,40.0,#009F3A
56.0,-68.0,66.0,#009F00
56.0,-68.0,74.0,#009F00
56.0,-66.0,-30.0,#00A2B9
56.0,-66.0,-24.0,#00A2AE
56.0,-66.0,-8.0,#00A192
56.0,-66.0,14.0,#009F6C
56.0,-66.0,20.0,#009F61
56.0,-66.0,26.0,#009F56
56.0,-62.0,-40.0,#00A2CB
56.0,-62.0,-34.0,#00A1C0
56.0,-62.0,30.0,#009E4F
56.0,-62.0,36.0,#009E43
56.0,-62.0,72.0,#019D00
56.0,-60.0,-28.0,#00A0B5
56.0,-60.0,-22.0,#00A0AB
56.0,-60.0,16.0,#009E68
56.0,-60.0,22.0,#009D5E
56.0,-58.0,40.0,#009C3B
56.0,-56.0,-38.0,#00A0C7
56.0,-56.0,-32.0,#009FBD
56.0,-56.0,26.0,#009C56
56.0,-56.0,32.0,#009C4B
56.0,-56.0,68.0,#2D9B00
56.0,-54.0,18.0,#009C65
56.0,-52.0,-42.0,#009FCE
56.0,-52.0,36.0,#1B9A44
56.0,-50.0,-36.0,#009EC4
56.0,-50.0,-30.0,#009DB9
56.0,-50.0,22.0,#009A5E
56.0,-50.0,28.0,#149A53
56.0,-50.0,42.0,#309A37
56.0,-50.0,56.0,#3C990D
56.0,-48.0,-56.0,#009FE7
56.0,-48.0,14.0,#009A6C
56.0,-46.0,32.0,#34994C
56.0,-46.0,68.0,#4E9800
56.0,-46.0,76.0,#509800
56.0,-44.0,-36.0,#009CC4
56.0,-44.0,-30.0,#009BB9
56.0,-44.0,6.0,#00997B
56.0,-44.0,10.0,#009974
56.0,-44.0,18.0,#239865
56.0,-44.0,24.0,#30985B
56.0,-44.0,36.0,#409844
56.0,-44.0,52.0,#4C971E
56.0,-44.0,60.0,#509700
56.0,-42.0,-60.0,#009EEE
56.0,-42.0,40.0,#4A973C
56.0,-40.0,-54.0,#009DE4
56.0,-40.0,-46.0,#009CD5
56.0,-40.0,-40.0,#009BCB
56.0,-40.0,12.0,#2A9770
56.0,-40.0,26.0,#429757
56.0,-40.0,72.0,#5D9600
56.0,-38.0,-4.0,#00978C
56.0,-38.0,20.0,#419662
56.0,-38.0,30.0,#4D9650
56.0,-38.0,52.0,#5B951F
56.0,-36.0,-64.0,#009CF6
56.0,-36.0,34.0,#559548
56.0,-36.0,40.0,#59953C
56.0,-34.0,-58.0,#009BEB
56.0,-34.0,-50.0,#009ADD
56.0,-34.0,-36.0,#0099C4
56.0,-34.0,44.0,#609434
56.0,-32.0,-30.0,#0097B9
56.0,-32.0,48.0,#66932B
56.0,-30.0,-68.0,#009BFD
56.0,-30.0,18.0,#579366
56.0,-30.0,36.0,#659345
56.0,-28.0,-52.0,#0098E0
56.0,-28.0,-32.0,#0096BD
56.0,-26.0,-26.0,#0094B2
56.0,-26.0,12.0,#5A9271
56.0,-24.0,-70.0,#0099FF
56.0,-24.0,-46.0,#0096D6
56.0,-24.0,-12.0,#38939A
56.0,-24.0,-8.0,#429293
56.0,-24.0,2.0,#539282
56.0,-24.0,94.0,#7E8F00
56.0,-22.0,-56.0,#0096E7
56.0,-22.0,-40.0,#0094CB
56.0,-22.0,-34.0,#0094C1
56.0,-22.0,-28.0,#0093B6
56.0,-22.0,-22.0,#1C92AC
56.0,-22.0,34.0,#748F49
56.0,-20.0,-18.0,#3991A5
56.0,-20.0,-14.0,#43919E
56.0,-20.0,-6.0,#539090
56.0,-20.0,14.0,#6A8F6D
56.0,-20.0,24.0,#728F5C
56.0,-20.0,68.0,#828E00
56.0,-18.0,-74.0,#0097FF
56.0,-18.0,-36.0,#0092C4
56.0,-18.0,-30.0,#0091BA
56.0,-18.0,-24.0,#2E91AF
56.0,-18.0,18.0,#728E66
56.0,-16.0,-58.0,#0094EB
56.0,-16.0,-20.0,#4490A8
56.0,-16.0,-16.0,#4D8FA1
56.0,-16.0,-12.0,#548F9A
56.0,-16.0,-8.0,#5B8F94
56.0,-16.0,14.0,#738D6D
56.0,-16.0,68.0,#898C00
56.0,-14.0,-50.0,#0092DD
56.0,-14.0,-34.0,#1090C1
56.0,-14.0,-28.0,#348FB6
56.0,-14.0,50.0,#888B28
56.0,-14.0,84.0,#8E8B00
56.0,-14.0,92.0,#8E8B00
56.0,-12.0,-74.0,#0094FF
56.0,-12.0,-58.0,#0092EB
56.0,-12.0,-18.0,#558EA5
56.0,-12.0,-14.0,#5C8D9E
56.0,-12.0,-10.0,#628D97
56.0,-12.0,12.0,#798C71
56.0,-12.0,30.0,#848B51
56.0,-12.0,54.0,#8C8A1D
56.0,-10.0,-66.0,#0092FA
56.0,-10.0,-50.0,#0090DD
56.0,-10.0,14.0,#7E8B6E
56.0,-10.0,34.0,#898A4A
56.0,-10.0,44.0,#8D8936
56.0,-10.0,82.0,#948900
56.0,-10.0,94.0,#958900
56.0,-8.0,-58.0,#0090EB
56.0,-8.0,38.0,#8E8942
56.0,-8.0,66.0,#958800
56.0,-6.0,-74.0,#0091FF
56.0,-6.0,-50.0,#008EDD
56.0,-6.0,-34.0,#458CC1
56.0,-6.0,-20.0,#638BA8
56.0,-6.0,-12.0,#6E8A9B
56.0,-6.0,-8.0,#738A94
56.0,-6.0,-4.0,#778A8D
56.0,-6.0,0.0,#7B8986
56.0,-6.0,4.0,#7E897F
56.0,-6.0,8.0,#818978
56.0,-6.0,12.0,#848971
56.0,-6.0,60.0,#978704
56.0,-6.0,80.0,#9A8700
56.0,-6.0,88.0,#9A8700
56.0,-4.0,-58.0,#008EEB
56.0,-4.0,66.0,#9B8600
56.0,-2.0,-74.0,#008FFF
56.0,-2.0,-66.0,#008EFA
56.0,-2.0,-52.0,#008CE1
56.0,-2.0,-36.0,#4E8AC4
56.0,-2.0,-22.0,#6A89AC
56.0,-2.0,82.0,#A08500
56.0,0.0,-28.0,#6589B6
56.0,0.0,66.0,#A18400
56.0,2.0,-74.0,#008DFF
56.0,2.0,-66.0,#008CFA
56.0,2.0,-46.0,#3F89D6
56.0,2.0,-38.0,#5688C8
56.0,2.0,-26.0,#6D87B3
56.0,2.0,34.0,#9C834B
56.0,2.0,74.0,#A58200
56.0,2.0,82.0,#A58200
56.0,2.0,90.0,#A68200
56.0,4.0,-60.0,#008AEF
56.0,4.0,-36.0,#6187C5
56.0,4.0,24.0,#9B835D
56.0,4.0,38.0,#A18243
56.0,4.0,66.0,#A78100
56.0,6.0,-66.0,#008AFA
56.0,6.0,-34.0,#6A86C1
56.0,6.0,-26.0,#7785B3
56.0,6.0,34.0,#A2814B
56.0,6.0,80.0,#AB8000
56.0,6.0,88.0,#AB8000
56.0,8.0,-54.0,#3B87E4
56.0,8.0,-46.0,#5686D6
56.0,8.0,-24.0,#7D84B0
56.0,8.0,24.0,#A2805D
56.0,8.0,40.0,#A78040
56.0,8.0,46.0,#A97F33
56.0,10.0,-52.0,#4C86E1
56.0,10.0,-32.0,#7783BE
56.0,10.0,-22.0,#8482AC
56.0,10.0,34.0,#A87F4B
56.0,10.0,52.0,#AD7E26
56.0,10.0,78.0,#B07E00
56.0,10.0,86.0,#B17D00
56.0,12.0,-20.0,#8A81A9
56.0,12.0,-16.0,#8E80A2
56.0,12.0,40.0,#AD7D40
56.0,12.0,58.0,#B17D14
56.0,14.0,-60.0,#3F84EF
56.0,14.0,-14.0,#947F9F
56.0,14.0,-10.0,#977F98
56.0,14.0,36.0,#AF7C48
56.0,14.0,64.0,#B47B00
56.0,14.0,82.0,#B67B00
56.0,16.0,-58.0,#4F83EC
56.0,16.0,-8.0,#9C7D94
56.0,16.0,58.0,#B67A15
56.0,18.0,-66.0,#3783FA
56.0,18.0,-6.0,#A17C91
56.0,18.0,72.0,#BB7800
56.0,20.0,-64.0,#4A81F6
56.0,22.0,-74.0,#1882FF
56.0,22.0,-40.0,#867CCC
56.0,24.0,-70.0,#4380FF
56.0,24.0,-54.0,#727DE5
56.0,26.0,-46.0,#857AD6
56.0,28.0,-60.0,#707BEF
56.0,28.0,-54.0,#7C7AE5
56.0,28.0,-44.0,#8C79D3
56.0,28.0,86.0,#C97000
56.0,30.0,-52.0,#8578E1
56.0,30.0,36.0,#C57049
56.0,30.0,70.0,#CA6F00
56.0,32.0,-60.0,#7B78EF
56.0,32.0,84.0,#CE6D00
56.0,34.0,-74.0,#5D79FF
56.0,34.0,-68.0,#6E78FE
56.0,34.0,-52.0,#8D75E1
56.0,34.0,90.0,#D16B00
56.0,36.0,-60.0,#8475EF
56.0,36.0,-8.0,#BB6E95
56.0,36.0,82.0,#D36A00
56.0,36.0,96.0,#D46900
56.0,38.0,-74.0,#6B76FF
56.0,38.0,-68.0,#7975FE
56.0,40.0,-60.0,#8D72F0
56.0,40.0,0.0,#C66988
56.0,42.0,-74.0,#7673FF
56.0,42.0,-68.0,#8471FE
56.0,42.0,46.0,#D76537
56.0,42.0,86.0,#DB6400
56.0,44.0,92.0,#DE6100
56.0,46.0,-74.0,#816FFF
56.0,46.0,-60.0,#9A6CF0
56.0,46.0,-40.0,#B269CC
56.0,46.0,84.0,#E05F00
56.0,48.0,-36.0,#B966C6
56.0,48.0,6.0,#D3617E
56.0,48.0,90.0,#E25D00
56.0,50.0,-72.0,#8F6BFF
56.0,50.0,-32.0,#C063BF
56.0,50.0,-26.0,#C562B4
56.0,50.0,82.0,#E55B00
56.0,50.0,96.0,#E55B00
56.0,52.0,-68.0,#9A68FE
56.0,52.0,-42.0,#BA63D0
56.0,52.0,0.0,#D65D88
56.0,52.0,88.0,#E75800
56.0,54.0,-38.0,#C160C9
56.0,54.0,-22.0,#CD5DAE
56.0,54.0,-16.0,#D15CA3
56.0,54.0,36.0,#E4574B
56.0,54.0,46.0,#E65739
56.0,56.0,-74.0,#9865FF
56.0,56.0,-34.0,#C85DC2
56.0,56.0,-28.0,#CC5CB8
56.0,56.0,84.0,#EC5300
56.0,58.0,-48.0,#BE5DDB
56.0,58.0,-12.0,#D9579D
56.0,58.0,90.0,#EF5000
56.0,60.0,-44.0,#C55AD4
56.0,60.0,-24.0,#D556B1
56.0,60.0,-18.0,#D855A7
56.0,60.0,48.0,#EE4E35
56.0,60.0,82.0,#F14D00
56.0,62.0,-32.0,#D254BF
56.0,62.0,-8.0,#E05096
56.0,66.0,-50.0,#CA53DE
56.0,66.0,-28.0,#DB4EB8
56.0,66.0,-4.0,#E84A8F
56.0,66.0,48.0,#F54436
56.0,66.0,82.0,#F84300
56.0,68.0,-44.0,#D24ED4
56.0,68.0,-36.0,#D84CC6
56.0,68.0,54.0,#F9402B
56.0,70.0,2.0,#EF4186
56.0,70.0,46.0,#FA3C3B
56.0,72.0,8.0,#F43C7C
56.0,72.0,52.0,#FD372F
56.0,72.0,84.0,#FF3600
56.0,74.0,-74.0,#BC4DFF
56.0,74.0,14.0,#F83772
56.0,74.0,58.0,#FF3223
56.0,78.0,-36.0,#E738C6
56.0,78.0,64.0,#FF2515
56.0,80.0,-30.0,#ED31BC
56.0,80.0,18.0,#FF236B
56.0,80.0,60.0,#FF1C20
56.0,80.0,70.0,#FF1B00
56.0,82.0,-18.0,#F626A8
56.0,82.0,50.0,#FF1135
56.0,84.0,-12.0,#FC1B9E
56.0,84.0,40.0,#FF0047
56.0,86.0,-34.0,#F31DC3
56.0,86.0,20.0,#FF0069
56.0,88.0,-6.0,#FF0094
56.0,92.0,-30.0,#FE00BC
56.0,92.0,24.0,#FF0062
56.0,94.0,-64.0,#E800F8
56.0,102.0,-68.0,#F100FF
56.0,108.0,-62.0,#FF00F5
56.0,110.0,-70.0,#FB00FF
56.0,112.0,-50.0,#FF00E0
57.0,-128.0,24.0,#00AE5B
57.0,-128.0,32.0,#00AE4B
57.0,-104.0,42.0,#00AA37
57.0,-100.0,48.0,#00A928
57.0,-98.0,-18.0,#00ABA6
57.0,-98.0,0.0,#00AA87
57.0,-96.0,-12.0,#00AB9C
57.0,-96.0,-6.0,#00AA91
57.0,-96.0,38.0,#00A940
57.0,-94.0,46.0,#00A82E
57.0,-92.0,-22.0,#00AAAD
57.0,-90.0,0.0,#00A987
57.0,-88.0,6.0,#00A87C
57.0,-88.0,12.0,#00A871
57.0,-88.0,18.0,#00A767
57.0,-88.0,24.0,#00A75C
57.0,-86.0,-26.0,#00A9B4
57.0,-86.0,-20.0,#00A9AA
57.0,-82.0,0.0,#00A787
57.0,-80.0,-24.0,#00A8B1
57.0,-78.0,-18.0,#00A7A6
57.0,-78.0,-10.0,#00A798
57.0,-74.0,38.0,#00A341
57.0,-72.0,2.0,#00A483
57.0,-72.0,8.0,#00A479
57.0,-72.0,14.0,#00A46E
57.0,-66.0,-14.0,#00A4A0
57.0,-66.0,4.0,#00A380
57.0,-66.0,10.0,#00A275
57.0,-62.0,46.0,#00A030
57.0,-62.0,58.0,#00A003
57.0,-60.0,-4.0,#00A18E
57.0,-60.0,2.0,#00A184
57.0,-60.0,6.0,#00A17D
57.0,-60.0,12.0,#00A172
57.0,-60.0,64.0,#159F00
57.0,-58.0,50.0,#0C9F26
57.0,-56.0,-8.0,#00A095
57.0,-56.0,56.0,#279E11
57.0,-54.0,-22.0,#00A1AE
57.0,-54.0,-2.0,#009F8B
57.0,-54.0,4.0,#009F80
57.0,-54.0,8.0,#009F79
57.0,-54.0,14.0,#009F6F
57.0,-54.0,62.0,#359D00
57.0,-50.0,-6.0,#009E92
57.0,-48.0,-48.0,#00A1DC
57.0,-48.0,0.0,#009D87
57.0,-44.0,-4.0,#009C8F
57.0,-42.0,-22.0,#009DAE
57.0,-42.0,-18.0,#009DA7
57.0,-42.0,2.0,#009B84
57.0,-40.0,-14.0,#009CA0
57.0,-40.0,-10.0,#009B99
57.0,-40.0,82.0,#629800
57.0,-38.0,16.0,#3E996C
57.0,-38.0,66.0,#639800
57.0,-36.0,-24.0,#009BB2
57.0,-36.0,-20.0,#009BAB
57.0,-36.0,-16.0,#009AA4
57.0,-36.0,2.0,#289984
57.0,-36.0,6.0,#33997D
57.0,-34.0,-12.0,#00999D
57.0,-34.0,-8.0,#009996
57.0,-34.0,56.0,#689615
57.0,-34.0,78.0,#6D9600
57.0,-32.0,0.0,#379888
57.0,-32.0,22.0,#589761
57.0,-32.0,62.0,#6E9500
57.0,-30.0,-40.0,#009ACE
57.0,-30.0,-22.0,#0098AE
57.0,-30.0,-18.0,#0098A7
57.0,-30.0,-14.0,#0098A0
57.0,-30.0,4.0,#479781
57.0,-30.0,26.0,#60965A
57.0,-30.0,68.0,#739500
57.0,-30.0,80.0,#759400
57.0,-28.0,-10.0,#2E9799
57.0,-28.0,-6.0,#3A9692
57.0,-28.0,30.0,#689553
57.0,-28.0,52.0,#739423
57.0,-28.0,88.0,#7A9400
57.0,-26.0,22.0,#669461
57.0,-26.0,58.0,#78930E
57.0,-24.0,-4.0,#4D958F
57.0,-24.0,26.0,#6D935A
57.0,-24.0,44.0,#779337
57.0,-24.0,64.0,#7D9200
57.0,-22.0,8.0,#62937A
57.0,-22.0,12.0,#679373
57.0,-22.0,30.0,#749253
57.0,-22.0,58.0,#7F910F
57.0,-22.0,82.0,#839100
57.0,-20.0,-66.0,#0099FC
57.0,-20.0,52.0,#819124
57.0,-18.0,0.0,#639288
57.0,-18.0,4.0,#689281
57.0,-18.0,8.0,#6C917A
57.0,-18.0,38.0,#809044
57.0,-18.0,44.0,#829038
57.0,-18.0,58.0,#869010
57.0,-18.0,86.0,#8A8F00
57.0,-16.0,-4.0,#63918F
57.0,-16.0,78.0,#8D8E00
57.0,-14.0,16.0,#7B8F6D
57.0,-14.0,38.0,#878E44
57.0,-12.0,-40.0,#0092CE
57.0,-12.0,-4.0,#6C8F8F
57.0,-12.0,18.0,#808E69
57.0,-12.0,22.0,#828E62
57.0,-12.0,76.0,#938C00
57.0,-10.0,-2.0,#738E8C
57.0,-10.0,8.0,#7C8D7B
57.0,-8.0,-38.0,#2F90CB
57.0,-8.0,-24.0,#598FB2
57.0,-8.0,-18.0,#638EA8
57.0,-8.0,-14.0,#698EA1
57.0,-8.0,-10.0,#6E8E9A
57.0,-8.0,0.0,#798D89
57.0,-8.0,6.0,#7F8D7E
57.0,-8.0,50.0,#948B2B
57.0,-6.0,24.0,#8E8B5F
57.0,-6.0,30.0,#918A54
57.0,-6.0,72.0,#9C8900
57.0,-6.0,96.0,#9E8900
57.0,-4.0,-46.0,#1B8FD9
57.0,-4.0,-30.0,#588DBD
57.0,-4.0,26.0,#928A5B
57.0,-4.0,34.0,#96894D
57.0,-2.0,-16.0,#748BA4
57.0,-2.0,-12.0,#798B9D
57.0,-2.0,-8.0,#7E8A97
57.0,-2.0,-4.0,#818A90
57.0,-2.0,0.0,#858A89
57.0,-2.0,4.0,#888A82
57.0,-2.0,8.0,#8B897B
57.0,-2.0,12.0,#8E8974
57.0,-2.0,16.0,#90896D
57.0,-2.0,20.0,#928966
57.0,-2.0,28.0,#968858
57.0,-2.0,38.0,#9A8845
57.0,-2.0,94.0,#A38700
57.0,0.0,0.0,#898989
57.0,0.0,16.0,#94886D
57.0,0.0,20.0,#968866
57.0,0.0,24.0,#98875F
57.0,0.0,42.0,#9F873D
57.0,2.0,0.0,#8C8889
57.0,2.0,16.0,#97876D
57.0,2.0,20.0,#998666
57.0,2.0,26.0,#9C865C
57.0,2.0,56.0,#A5851C
57.0,4.0,-54.0,#268CE7
57.0,4.0,16.0,#9A866D
57.0,4.0,20.0,#9C8566
57.0,4.0,30.0,#A18554
57.0,4.0,96.0,#AC8400
57.0,6.0,-30.0,#7388BD
57.0,6.0,16.0,#9D846D
57.0,6.0,20.0,#9F8466
57.0,6.0,28.0,#A38458
57.0,6.0,54.0,#AA8323
57.0,6.0,72.0,#AD8300
57.0,8.0,-62.0,#008BF6
57.0,10.0,20.0,#A68267
57.0,10.0,28.0,#A98158
57.0,10.0,68.0,#B28000
57.0,12.0,-30.0,#8184BD
57.0,12.0,-26.0,#8684B6
57.0,12.0,18.0,#A8816A
57.0,12.0,24.0,#AA8060
57.0,12.0,46.0,#B17F36
57.0,12.0,92.0,#B77F00
57.0,14.0,-48.0,#6785DD
57.0,14.0,-42.0,#7385D2
57.0,14.0,-24.0,#8C82B3
57.0,14.0,22.0,#AD7F63
57.0,14.0,30.0,#B07F55
57.0,14.0,52.0,#B57E29
57.0,16.0,-32.0,#8782C1
57.0,16.0,-22.0,#9281AF
57.0,16.0,-18.0,#9681A8
57.0,16.0,28.0,#B27D59
57.0,16.0,42.0,#B67D3F
57.0,16.0,48.0,#B77D32
57.0,16.0,92.0,#BC7C00
57.0,18.0,-54.0,#6584E7
57.0,18.0,-48.0,#7283DD
57.0,18.0,-30.0,#8D80BD
57.0,18.0,-26.0,#9280B6
57.0,18.0,-16.0,#9C7FA5
57.0,18.0,-12.0,#9F7F9E
57.0,18.0,24.0,#B37C60
57.0,18.0,34.0,#B77C4E
57.0,18.0,54.0,#BB7B25
57.0,18.0,78.0,#BE7B00
57.0,18.0,86.0,#BF7B00
57.0,20.0,-46.0,#7A81D9
57.0,20.0,-42.0,#8181D2
57.0,20.0,-24.0,#987EB3
57.0,20.0,-20.0,#9B7EAC
57.0,20.0,30.0,#B87A55
57.0,20.0,40.0,#BB7A43
57.0,20.0,46.0,#BC7A37
57.0,20.0,92.0,#C27900
57.0,22.0,-60.0,#6282F2
57.0,22.0,-36.0,#8E7EC8
57.0,22.0,-30.0,#957EBD
57.0,22.0,-18.0,#A17CA8
57.0,22.0,-14.0,#A47CA2
57.0,22.0,-10.0,#A77C9B
57.0,22.0,-6.0,#AA7B94
57.0,22.0,16.0,#B67A6E
57.0,22.0,28.0,#BA7959
57.0,22.0,36.0,#BD794B
57.0,22.0,58.0,#C1781A
57.0,22.0,66.0,#C27800
57.0,22.0,74.0,#C37800
57.0,22.0,86.0,#C47800
57.0,24.0,-28.0,#9B7CBA
57.0,24.0,-24.0,#9F7CB3
57.0,24.0,-2.0,#B07A8D
57.0,24.0,34.0,#BF774E
57.0,24.0,42.0,#C1773F
57.0,24.0,48.0,#C27733
57.0,24.0,80.0,#C67600
57.0,24.0,92.0,#C77600
57.0,26.0,-66.0,#5E80FD
57.0,26.0,-36.0,#967CC8
57.0,26.0,-18.0,#A77AA9
57.0,26.0,-14.0,#AB79A2
57.0,26.0,-10.0,#AE799B
57.0,26.0,-6.0,#B07894
57.0,26.0,2.0,#B57886
57.0,26.0,6.0,#B7777F
57.0,26.0,18.0,#BC776B
57.0,26.0,30.0,#C17656
57.0,26.0,54.0,#C67526
57.0,26.0,60.0,#C77514
57.0,26.0,68.0,#C87500
57.0,28.0,-34.0,#9C7AC4
57.0,28.0,-28.0,#A279BA
57.0,28.0,-24.0,#A679B3
57.0,28.0,10.0,#BC7679
57.0,28.0,14.0,#BE7572
57.0,28.0,28.0,#C37559
57.0,28.0,40.0,#C67444
57.0,28.0,48.0,#C87434
57.0,28.0,74.0,#CB7300
57.0,28.0,92.0,#CC7300
57.0,30.0,-42.0,#9679D2
57.0,30.0,-8.0,#B57597
57.0,30.0,-4.0,#B87591
57.0,30.0,0.0,#BA758A
57.0,30.0,4.0,#BC7483
57.0,30.0,18.0,#C2736B
57.0,30.0,22.0,#C47364
57.0,30.0,54.0,#CB7227
57.0,30.0,60.0,#CC7215
57.0,32.0,-34.0,#A377C4
57.0,32.0,-22.0,#AE75B0
57.0,32.0,-18.0,#B175A9
57.0,32.0,-14.0,#B474A2
57.0,32.0,8.0,#C1727C
57.0,32.0,28.0,#C8715A
57.0,32.0,46.0,#CD7038
57.0,34.0,-42.0,#9E76D2
57.0,34.0,-30.0,#AA75BE
57.0,34.0,-2.0,#BF728D
57.0,34.0,2.0,#C17187
57.0,34.0,12.0,#C57075
57.0,34.0,16.0,#C7706F
57.0,34.0,34.0,#CD6F4F
57.0,34.0,42.0,#CF6F40
57.0,34.0,60.0,#D26E16
57.0,34.0,66.0,#D26E00
57.0,36.0,-26.0,#B172B7
57.0,36.0,-12.0,#BC719F
57.0,36.0,6.0,#C66F80
57.0,36.0,20.0,#CB6E68
57.0,36.0,28.0,#CE6E5A
57.0,36.0,72.0,#D56C00
57.0,38.0,-50.0,#9B74E1
57.0,38.0,-40.0,#A773CF
57.0,38.0,-22.0,#B870B0
57.0,38.0,-18.0,#BB70A9
57.0,38.0,10.0,#CA6D79
57.0,38.0,34.0,#D26C50
57.0,38.0,40.0,#D36B45
57.0,38.0,48.0,#D56B35
57.0,38.0,58.0,#D76B1E
57.0,38.0,66.0,#D76A00
57.0,38.0,78.0,#D86A00
57.0,38.0,90.0,#D96A00
57.0,40.0,-46.0,#A472DA
57.0,40.0,-36.0,#AF70C8
57.0,40.0,-4.0,#C66C91
57.0,40.0,4.0,#CA6C83
57.0,40.0,14.0,#CF6B72
57.0,40.0,18.0,#D06B6C
57.0,40.0,54.0,#D96928
57.0,40.0,72.0,#DB6800
57.0,40.0,96.0,#DC6800
57.0,42.0,-32.0,#B66EC1
57.0,42.0,-16.0,#C26CA6
57.0,42.0,-10.0,#C66B9B
57.0,42.0,8.0,#CF697D
57.0,42.0,22.0,#D46865
57.0,42.0,26.0,#D5685E
57.0,42.0,30.0,#D66857
57.0,42.0,64.0,#DC6708
57.0,42.0,78.0,#DE6600
57.0,44.0,-54.0,#A26FE8
57.0,44.0,-44.0,#AE6ED6
57.0,44.0,-28.0,#BD6BBA
57.0,44.0,-22.0,#C16BB0
57.0,44.0,12.0,#D36776
57.0,44.0,36.0,#DA664C
57.0,44.0,40.0,#DB6545
57.0,44.0,52.0,#DD652D
57.0,44.0,60.0,#DF6519
57.0,44.0,70.0,#E06400
57.0,46.0,-50.0,#AA6DE1
57.0,46.0,-6.0,#CE6795
57.0,46.0,-2.0,#D0668E
57.0,46.0,2.0,#D26687
57.0,46.0,16.0,#D7656F
57.0,46.0,20.0,#D96468
57.0,46.0,76.0,#E36200
57.0,48.0,-18.0,#CA66A9
57.0,48.0,-12.0,#CE659F
57.0,48.0,26.0,#DD625E
57.0,48.0,30.0,#DE6257
57.0,48.0,34.0,#DF6150
57.0,48.0,58.0,#E36020
57.0,48.0,66.0,#E46001
57.0,50.0,-56.0,#AA6AEC
57.0,50.0,-48.0,#B469DD
57.0,50.0,10.0,#DB617A
57.0,50.0,14.0,#DC6073
57.0,50.0,40.0,#E35F46
57.0,50.0,72.0,#E75E00
57.0,52.0,-8.0,#D56098
57.0,52.0,18.0,#E05E6C
57.0,52.0,22.0,#E15D65
57.0,52.0,78.0,#EA5B00
57.0,54.0,-62.0,#AA67F6
57.0,54.0,-54.0,#B465E8
57.0,54.0,4.0,#DE5D84
57.0,54.0,28.0,#E65B5B
57.0,54.0,32.0,#E75A54
57.0,54.0,58.0,#EB5921
57.0,56.0,-4.0,#DD5B92
57.0,56.0,12.0,#E35977
57.0,56.0,42.0,#EB5743
57.0,56.0,52.0,#ED572F
57.0,58.0,-60.0,#B462F3
57.0,58.0,8.0,#E5577D
57.0,58.0,20.0,#E95669
57.0,58.0,24.0,#EA5662
57.0,60.0,-72.0,#A763FF
57.0,60.0,-66.0,#B061FE
57.0,60.0,0.0,#E4558B
57.0,60.0,30.0,#EE5258
57.0,60.0,36.0,#EF524E
57.0,60.0,58.0,#F25122
57.0,62.0,14.0,#EC5174
57.0,62.0,42.0,#F34E43
57.0,62.0,54.0,#F44E2C
57.0,62.0,96.0,#F74D00
57.0,64.0,4.0,#EB4F84
57.0,64.0,22.0,#F14D66
57.0,64.0,64.0,#F84A12
57.0,64.0,88.0,#F94A00
57.0,66.0,-58.0,#C457EF
57.0,66.0,28.0,#F5495C
57.0,66.0,34.0,#F64852
57.0,66.0,40.0,#F74847
57.0,66.0,70.0,#FB4600
57.0,68.0,-12.0,#EA4BA0
57.0,68.0,16.0,#F44671
57.0,68.0,76.0,#FE4300
57.0,70.0,24.0,#F94263
57.0,70.0,66.0,#FF3F0D
57.0,72.0,-62.0,#CA4FF7
57.0,72.0,-28.0,#E646BB
57.0,72.0,-6.0,#F24296
57.0,72.0,30.0,#FD3D59
57.0,72.0,36.0,#FE3C4F
57.0,72.0,42.0,#FF3C44
57.0,72.0,72.0,#FF3A00
57.0,74.0,20.0,#FD396A
57.0,74.0,80.0,#FF3500
57.0,76.0,-58.0,#D547F0
57.0,76.0,-52.0,#DA45E5
57.0,76.0,-42.0,#E342D4
57.0,76.0,26.0,#FF3460
57.0,76.0,48.0,#FF313A
57.0,78.0,-66.0,#D046FE
57.0,78.0,-4.0,#FA3493
57.0,78.0,2.0,#FD3289
57.0,78.0,32.0,#FF2D56
57.0,78.0,38.0,#FF2C4C
57.0,78.0,44.0,#FF2B42
57.0,78.0,54.0,#FF2A2F
57.0,80.0,8.0,#FF2B7F
57.0,82.0,-54.0,#E239E9
57.0,82.0,28.0,#FF1E5D
57.0,84.0,34.0,#FF1053
57.0,84.0,46.0,#FF0B3F
57.0,84.0,56.0,#FF082C
57.0,86.0,2.0,#FF0E89
57.0,86.0,14.0,#FF0575
57.0,88.0,-66.0,#E02DFE
57.0,88.0,-58.0,#E828F0
57.0,88.0,-50.0,#EE23E2
57.0,88.0,8.0,#FF007F
57.0,88.0,30.0,#FF005B
57.0,90.0,-44.0,#F514D7
57.0,90.0,38.0,#FF004D
57.0,92.0,-38.0,#FC00CD
57.0,92.0,18.0,#FF006F
57.0,94.0,-72.0,#E417FF
57.0,94.0,-54.0,#F400E9
57.0,94.0,2.0,#FF0089
57.0,96.0,-48.0,#FB00DF
57.0,96.0,-16.0,#FF00A8
57.0,96.0,8.0,#FF0080
57.0,100.0,-58.0,#FA00F0
57.0,100.0,-42.0,#FF00D4
57.0,100.0,-30.0,#FF00C0
57.0,100.0,-10.0,#FF009E
57.0,102.0,-52.0,#FF00E6
57.0,102.0,-36.0,#FF00CA
57.0,104.0,-16.0,#FF00A8
57.0,110.0,-56.0,#FF00ED
58.0,-128.0,-4.0,#00B390
58.0,-128.0,2.0,#00B285
58.0,-128.0,16.0,#00B26C
58.0,-128.0,40.0,#00B13D
58.0,-128.0,48.0,#00B129
58.0,-128.0,56.0,#00B109
58.0,-128.0,64.0,#00B100
58.0,-128.0,72.0,#00B000
58.0,-120.0,-8.0,#00B297
58.0,-114.0,-12.0,#00B19E
58.0,-112.0,-6.0,#00B093
58.0,-112.0,0.0,#00B089
58.0,-112.0,6.0,#00B07E
58.0,-112.0,48.0,#00AE2A
58.0,-112.0,56.0,#00AE0C
58.0,-112.0,64.0,#00AE00
58.0,-110.0,80.0,#00AD00
58.0,-106.0,-16.0,#00B0A5
58.0,-106.0,66.0,#00AD00
58.0,-104.0,2.0,#00AE85
58.0,-104.0,8.0,#00AE7B
58.0,-104.0,14.0,#00AE70
58.0,-104.0,20.0,#00AE65
58.0,-104.0,26.0,#00AD5A
58.0,-104.0,34.0,#00AD4A
58.0,-104.0,58.0,#00AD00
58.0,-104.0,72.0,#00AC00
58.0,-102.0,82.0,#00AC00
58.0,-98.0,62.0,#00AB00
58.0,-98.0,70.0,#00AB00
58.0,-96.0,10.0,#00AC77
58.0,-96.0,80.0,#00AB00
58.0,-92.0,64.0,#00AA00
58.0,-90.0,-12.0,#00AC9E
58.0,-90.0,72.0,#00AA00
58.0,-88.0,-6.0,#00AB94
58.0,-88.0,30.0,#00AA53
58.0,-88.0,36.0,#00AA47
58.0,-88.0,44.0,#00AA36
58.0,-86.0,84.0,#00A900
58.0,-84.0,50.0,#00A826
58.0,-84.0,66.0,#00A800
58.0,-80.0,8.0,#00A97B
58.0,-80.0,14.0,#00A971
58.0,-80.0,20.0,#00A866
58.0,-80.0,72.0,#00A700
58.0,-78.0,80.0,#00A700
58.0,-76.0,-32.0,#00AAC2
58.0,-76.0,86.0,#00A600
58.0,-74.0,-14.0,#00A9A2
58.0,-74.0,58.0,#00A606
58.0,-72.0,-4.0,#00A791
58.0,-72.0,20.0,#00A666
58.0,-72.0,26.0,#00A65B
58.0,-72.0,76.0,#00A500
58.0,-70.0,-34.0,#00A9C5
58.0,-70.0,46.0,#00A532
58.0,-70.0,64.0,#00A500
58.0,-70.0,82.0,#00A500
58.0,-68.0,-28.0,#00A8BB
58.0,-68.0,-22.0,#00A8B0
58.0,-68.0,52.0,#00A422
58.0,-66.0,16.0,#00A56D
58.0,-66.0,22.0,#00A562
58.0,-66.0,28.0,#00A457
58.0,-66.0,70.0,#00A400
58.0,-64.0,-38.0,#00A8CD
58.0,-64.0,-32.0,#00A7C2
58.0,-64.0,76.0,#00A300
58.0,-64.0,86.0,#0EA300
58.0,-62.0,-26.0,#00A6B7
58.0,-62.0,-20.0,#00A6AD
58.0,-62.0,-10.0,#00A59B
58.0,-60.0,18.0,#00A36A
58.0,-60.0,24.0,#00A35F
58.0,-58.0,74.0,#2FA100
58.0,-58.0,82.0,#32A100
58.0,-56.0,-28.0,#00A5BB
58.0,-56.0,-18.0,#00A4A9
58.0,-56.0,-12.0,#00A39F
58.0,-56.0,88.0,#3CA000
58.0,-54.0,20.0,#00A166
58.0,-52.0,-32.0,#00A4C2
58.0,-52.0,76.0,#469F00
58.0,-50.0,-26.0,#00A3B8
58.0,-50.0,-16.0,#00A2A6
58.0,-50.0,82.0,#4D9E00
58.0,-48.0,-12.0,#00A19F
58.0,-48.0,10.0,#00A078
58.0,-48.0,16.0,#009F6E
58.0,-48.0,88.0,#539E00
58.0,-46.0,-40.0,#00A2D0
58.0,-46.0,-34.0,#00A2C6
58.0,-46.0,48.0,#4A9E2F
58.0,-44.0,-28.0,#00A1BB
58.0,-42.0,-50.0,#00A2E2
58.0,-42.0,14.0,#2C9D72
58.0,-42.0,88.0,#619C00
58.0,-40.0,-32.0,#00A0C2
58.0,-40.0,-6.0,#009E95
58.0,-40.0,-2.0,#009D8E
58.0,-40.0,58.0,#5E9B0F
58.0,-38.0,44.0,#5C9B39
58.0,-36.0,12.0,#429B75
58.0,-36.0,20.0,#4D9B67
58.0,-36.0,30.0,#579A55
58.0,-36.0,36.0,#5C9A49
58.0,-36.0,84.0,#6D9900
58.0,-34.0,-46.0,#009FDB
58.0,-34.0,-34.0,#009EC6
58.0,-34.0,-28.0,#009DBB
58.0,-34.0,-4.0,#239B91
58.0,-34.0,90.0,#729900
58.0,-32.0,38.0,#679946
58.0,-32.0,44.0,#6A9839
58.0,-30.0,-56.0,#009EED
58.0,-30.0,10.0,#529979
58.0,-30.0,14.0,#579972
58.0,-28.0,-30.0,#009BBF
58.0,-28.0,18.0,#61986B
58.0,-26.0,-18.0,#1B99AA
58.0,-26.0,-14.0,#2F99A3
58.0,-26.0,0.0,#50988B
58.0,-26.0,4.0,#569884
58.0,-26.0,34.0,#71964E
58.0,-26.0,40.0,#749642
58.0,-26.0,70.0,#7E9600
58.0,-24.0,-58.0,#009CF1
58.0,-24.0,-26.0,#0099B8
58.0,-24.0,76.0,#829500
58.0,-22.0,-52.0,#009BE6
58.0,-22.0,-32.0,#0099C3
58.0,-22.0,-20.0,#2F98AE
58.0,-22.0,-16.0,#3C97A7
58.0,-22.0,-12.0,#4697A0
58.0,-22.0,-8.0,#4E9799
58.0,-22.0,0.0,#5B968B
58.0,-22.0,4.0,#609684
58.0,-22.0,16.0,#6D956F
58.0,-20.0,-46.0,#0099DB
58.0,-20.0,-26.0,#1F97B8
58.0,-20.0,20.0,#749468
58.0,-20.0,34.0,#7D944E
58.0,-18.0,-54.0,#0099EA
58.0,-18.0,-40.0,#0098D1
58.0,-18.0,-20.0,#4296AE
58.0,-18.0,-16.0,#4C96A7
58.0,-18.0,-12.0,#5495A0
58.0,-18.0,-8.0,#5B9599
58.0,-18.0,16.0,#75946F
58.0,-18.0,24.0,#7B9361
58.0,-18.0,72.0,#8C9200
58.0,-16.0,-48.0,#0098DF
58.0,-16.0,-28.0,#3196BC
58.0,-16.0,10.0,#749379
58.0,-16.0,20.0,#7C9268
58.0,-16.0,28.0,#819259
58.0,-16.0,52.0,#8B9128
58.0,-14.0,-60.0,#0098F4
58.0,-14.0,-22.0,#4C94B1
58.0,-14.0,-18.0,#5594AA
58.0,-14.0,-14.0,#5C94A3
58.0,-14.0,-10.0,#62939C
58.0,-14.0,-6.0,#689395
58.0,-14.0,-2.0,#6D938E
58.0,-14.0,2.0,#719287
58.0,-14.0,12.0,#7A9276
58.0,-14.0,44.0,#8B913B
58.0,-14.0,56.0,#8F901C
58.0,-12.0,-52.0,#0096E6
58.0,-12.0,-28.0,#4494BC
58.0,-12.0,0.0,#73928B
58.0,-12.0,4.0,#779184
58.0,-12.0,26.0,#87905D
58.0,-12.0,32.0,#8A9052
58.0,-12.0,48.0,#908F32
58.0,-12.0,62.0,#948F00
58.0,-12.0,84.0,#978F00
58.0,-12.0,92.0,#978F00
58.0,-10.0,-58.0,#0096F1
58.0,-10.0,-46.0,#0095DC
58.0,-10.0,-10.0,#6C919C
58.0,-10.0,-6.0,#719195
58.0,-10.0,2.0,#7A9088
58.0,-10.0,68.0,#988E00
58.0,-8.0,-4.0,#789092
58.0,-8.0,16.0,#888F6F
58.0,-8.0,20.0,#8B8E68
58.0,-8.0,58.0,#998D16
58.0,-8.0,86.0,#9D8D00
58.0,-6.0,-64.0,#0095FC
58.0,-6.0,-56.0,#0094ED
58.0,-6.0,-16.0,#6E90A7
58.0,-6.0,40.0,#978D43
58.0,-6.0,64.0,#9D8C00
58.0,-4.0,-36.0,#4D91CA
58.0,-4.0,-22.0,#6A8FB1
58.0,-4.0,-14.0,#758FA3
58.0,-4.0,-10.0,#7A8E9D
58.0,-4.0,-6.0,#7E8E96
58.0,-4.0,-2.0,#828E8F
58.0,-4.0,2.0,#858D88
58.0,-4.0,6.0,#898D81
58.0,-4.0,10.0,#8C8D7A
58.0,-4.0,14.0,#8E8D73
58.0,-4.0,18.0,#918C6C
58.0,-4.0,22.0,#938C65
58.0,-4.0,44.0,#9C8B3B
58.0,-4.0,56.0,#9F8B1E
58.0,-2.0,-70.0,#0094FF
58.0,-2.0,-28.0,#658FBC
58.0,-2.0,-20.0,#728EAE
58.0,-2.0,24.0,#978B61
58.0,-2.0,48.0,#A08A33
58.0,-2.0,62.0,#A38A04
58.0,-2.0,70.0,#A48A00
58.0,-2.0,78.0,#A58A00
58.0,-2.0,86.0,#A68A00
58.0,0.0,-36.0,#5B8FCA
58.0,0.0,-26.0,#6E8DB8
58.0,0.0,-20.0,#768DAE
58.0,0.0,-16.0,#7B8DA7
58.0,0.0,-12.0,#808CA0
58.0,0.0,-8.0,#848C99
58.0,0.0,-4.0,#888C92
58.0,0.0,4.0,#8E8B84
58.0,0.0,8.0,#918B7D
58.0,0.0,12.0,#948B77
58.0,0.0,32.0,#9E8A53
58.0,2.0,-70.0,#0092FF
58.0,2.0,-62.0,#0091F8
58.0,2.0,-34.0,#658DC7
58.0,2.0,-24.0,#758CB5
58.0,2.0,-20.0,#7B8CAE
58.0,2.0,-16.0,#808BA7
58.0,2.0,-12.0,#848BA0
58.0,2.0,-8.0,#888B99
58.0,2.0,-4.0,#8C8B92
58.0,2.0,4.0,#928A84
58.0,2.0,8.0,#958A7E
58.0,2.0,12.0,#978977
58.0,2.0,48.0,#A68833
58.0,2.0,70.0,#AA8800
58.0,2.0,78.0,#AB8700
58.0,2.0,86.0,#AC8700
58.0,4.0,-44.0,#548DD8
58.0,4.0,-32.0,#6E8CC3
58.0,4.0,-20.0,#7F8BAE
58.0,4.0,-16.0,#848AA7
58.0,4.0,-12.0,#888AA0
58.0,4.0,-8.0,#8C8A99
58.0,4.0,-4.0,#8F8992
58.0,4.0,0.0,#93898B
58.0,4.0,4.0,#968985
58.0,4.0,8.0,#98897E
58.0,4.0,12.0,#9B8877
58.0,4.0,42.0,#A78740
58.0,6.0,-70.0,#0090FF
58.0,6.0,-20.0,#838AAE
58.0,6.0,-16.0,#8889A7
58.0,6.0,-12.0,#8C89A0
58.0,6.0,-8.0,#908999
58.0,6.0,-4.0,#938892
58.0,6.0,0.0,#96888C
58.0,6.0,4.0,#998885
58.0,6.0,8.0,#9C877E
58.0,6.0,12.0,#9E8777
58.0,6.0,24.0,#A48762
58.0,6.0,38.0,#A98648
58.0,6.0,48.0,#AC8634
58.0,6.0,60.0,#AE8512
58.0,6.0,84.0,#B18500
58.0,8.0,-40.0,#6A8AD1
58.0,8.0,-16.0,#8C88A7
58.0,8.0,-12.0,#9088A0
58.0,8.0,-8.0,#938799
58.0,8.0,-4.0,#978793
58.0,8.0,0.0,#9A878C
58.0,8.0,4.0,#9C8685
58.0,8.0,8.0,#9F867E
58.0,8.0,12.0,#A18677
58.0,8.0,16.0,#A38670
58.0,8.0,90.0,#B48400
58.0,10.0,-70.0,#008DFF
58.0,10.0,-10.0,#95869D
58.0,10.0,-6.0,#998696
58.0,10.0,-2.0,#9C868F
58.0,10.0,2.0,#9E8588
58.0,10.0,6.0,#A18581
58.0,10.0,10.0,#A3857A
58.0,10.0,40.0,#B08345
58.0,10.0,60.0,#B48313
58.0,12.0,-4.0,#9E8593
58.0,12.0,0.0,#A0848C
58.0,12.0,4.0,#A38485
58.0,12.0,8.0,#A5847E
58.0,12.0,14.0,#A98374
58.0,12.0,84.0,#BA8100
58.0,14.0,-2.0,#A2838F
58.0,14.0,2.0,#A58388
58.0,14.0,12.0,#AB8277
58.0,14.0,70.0,#BB8000
58.0,14.0,78.0,#BC8000
58.0,16.0,-72.0,#008AFF
58.0,16.0,-66.0,#3489FF
58.0,16.0,0.0,#A7828C
58.0,16.0,6.0,#AB8182
58.0,16.0,10.0,#AD817B
58.0,16.0,16.0,#B08170
58.0,16.0,20.0,#B28069
58.0,18.0,-64.0,#4988FC
58.0,18.0,4.0,#AD8085
58.0,18.0,14.0,#B27F74
58.0,18.0,64.0,#C07D01
58.0,20.0,-62.0,#5886F9
58.0,20.0,-38.0,#8A83CE
58.0,20.0,-2.0,#AC7F8F
58.0,20.0,8.0,#B27E7E
58.0,20.0,12.0,#B47E77
58.0,20.0,18.0,#B77E6D
58.0,20.0,22.0,#B87D66
58.0,22.0,2.0,#B27D89
58.0,22.0,6.0,#B47D82
58.0,24.0,-72.0,#4385FF
58.0,24.0,-58.0,#7083F2
58.0,24.0,-44.0,#8A81D9
58.0,24.0,10.0,#B97B7B
58.0,24.0,14.0,#BB7B74
58.0,24.0,20.0,#BD7B6A
58.0,24.0,24.0,#BF7A63
58.0,26.0,-42.0,#917FD5
58.0,26.0,86.0,#CD7700
58.0,28.0,-58.0,#7B80F2
58.0,28.0,24.0,#C47763
58.0,30.0,-66.0,#6E80FF
58.0,30.0,-48.0,#907DE0
58.0,30.0,84.0,#D27400
58.0,32.0,90.0,#D57200
58.0,34.0,-72.0,#6A7EFF
58.0,34.0,-66.0,#797DFF
58.0,34.0,-56.0,#8D7BEE
58.0,36.0,-62.0,#877AF9
58.0,36.0,24.0,#D07163
58.0,38.0,-72.0,#767BFF
58.0,38.0,-56.0,#9578EE
58.0,40.0,-68.0,#8578FF
58.0,40.0,-62.0,#9077F9
58.0,44.0,-68.0,#8E75FF
58.0,44.0,-60.0,#9C73F5
58.0,46.0,-38.0,#BA6ECF
58.0,48.0,-66.0,#9B71FF
58.0,48.0,-34.0,#C16BC8
58.0,50.0,-30.0,#C768C1
58.0,50.0,-24.0,#CC67B6
58.0,50.0,50.0,#E86135
58.0,52.0,-40.0,#C268D2
58.0,54.0,-36.0,#C965CB
58.0,54.0,-20.0,#D462B0
58.0,54.0,-14.0,#D861A5
58.0,54.0,70.0,#EF5B00
58.0,54.0,88.0,#F05B00
58.0,56.0,-32.0,#CF62C4
58.0,56.0,-26.0,#D361BA
58.0,56.0,94.0,#F35800
58.0,58.0,-10.0,#E05C9F
58.0,58.0,68.0,#F45600
58.0,58.0,76.0,#F55600
58.0,60.0,-54.0,#C161EB
58.0,60.0,-38.0,#D05ECF
58.0,60.0,-22.0,#DC5BB3
58.0,60.0,-16.0,#DF5AA9
58.0,62.0,-50.0,#C95EE4
58.0,62.0,-6.0,#E75698
58.0,62.0,74.0,#FA5000
58.0,62.0,82.0,#FA5000
58.0,64.0,-62.0,#BF5EF9
58.0,64.0,10.0,#F0517D
58.0,66.0,-46.0,#D357DD
58.0,66.0,-40.0,#D856D3
58.0,66.0,-20.0,#E652B0
58.0,66.0,-2.0,#EE4F91
58.0,68.0,-70.0,#BC5BFF
58.0,68.0,94.0,#FF4500
58.0,70.0,-52.0,#D453E8
58.0,70.0,60.0,#FF4222
58.0,72.0,6.0,#F94384
58.0,72.0,12.0,#FB437A
58.0,72.0,92.0,#FF3D00
58.0,76.0,90.0,#FF3300
58.0,76.0,98.0,#FF3300
58.0,78.0,-18.0,#F73BAD
58.0,78.0,14.0,#FF3477
58.0,78.0,76.0,#FF2D00
58.0,80.0,82.0,#FF2600
58.0,82.0,-60.0,#DF3FF6
58.0,82.0,20.0,#FF266D
58.0,82.0,88.0,#FF1D00
58.0,84.0,-16.0,#FF28AA
58.0,84.0,66.0,#FF1217
58.0,84.0,78.0,#FF1100
58.0,86.0,-24.0,#FF24B7
58.0,86.0,62.0,#FF0022
58.0,86.0,72.0,#FF0000
58.0,88.0,-30.0,#FF1DC2
58.0,88.0,24.0,#FF0067
58.0,88.0,52.0,#FF0037
58.0,90.0,-18.0,#FF01AD
58.0,90.0,-4.0,#FF0096
58.0,90.0,44.0,#FF0045
58.0,94.0,-24.0,#FF00B8
58.0,94.0,32.0,#FF005A
58.0,98.0,14.0,#FF0078
58.0,102.0,-24.0,#FF00B8
58.0,102.0,-4.0,#FF0096
58.0,108.0,-42.0,#FF00D7
58.0,108.0,-30.0,#FF00C3
59.0,-128.0,28.0,#00B458
59.0,-122.0,82.0,#00B200
59.0,-120.0,0.0,#00B48B
59.0,-120.0,6.0,#00B481
59.0,-120.0,12.0,#00B476
59.0,-120.0,18.0,#00B36B
59.0,-120.0,26.0,#00B35C
59.0,-120.0,34.0,#00B34C
59.0,-120.0,42.0,#00B33B
59.0,-120.0,50.0,#00B227
59.0,-120.0,58.0,#00B202
59.0,-120.0,68.0,#00B200
59.0,-118.0,74.0,#00B200
59.0,-112.0,12.0,#00B276
59.0,-112.0,18.0,#00B26B
59.0,-112.0,24.0,#00B260
59.0,-112.0,32.0,#00B251
59.0,-112.0,40.0,#00B140
59.0,-110.0,88.0,#00B000
59.0,-106.0,-4.0,#00B293
59.0,-102.0,-24.0,#00B2B6
59.0,-96.0,-28.0,#00B2BD
59.0,-96.0,18.0,#00AF6B
59.0,-96.0,24.0,#00AF60
59.0,-96.0,30.0,#00AF55
59.0,-96.0,54.0,#00AE1C
59.0,-94.0,92.0,#00AD00
59.0,-88.0,-32.0,#00B0C4
59.0,-86.0,78.0,#00AB00
59.0,-84.0,58.0,#00AB09
59.0,-84.0,92.0,#00AB00
59.0,-82.0,-4.0,#00AD93
59.0,-80.0,-28.0,#00AEBD
59.0,-80.0,-14.0,#00ADA5
59.0,-80.0,2.0,#00AC88
59.0,-80.0,26.0,#00AB5D
59.0,-80.0,32.0,#00AB52
59.0,-80.0,38.0,#00AB46
59.0,-78.0,-8.0,#00AC9A
59.0,-76.0,-22.0,#00ACB3
59.0,-76.0,52.0,#00A924
59.0,-76.0,94.0,#00A900
59.0,-74.0,-26.0,#00ACBA
59.0,-72.0,32.0,#00A952
59.0,-70.0,-8.0,#00AA9A
59.0,-70.0,90.0,#00A700
59.0,-68.0,36.0,#00A84A
59.0,-66.0,-4.0,#00A993
59.0,-64.0,-16.0,#00A9A8
59.0,-64.0,0.0,#00A88C
59.0,-64.0,56.0,#00A618
59.0,-64.0,94.0,#1CA600
59.0,-62.0,-42.0,#00AAD6
59.0,-62.0,32.0,#00A652
59.0,-62.0,62.0,#0BA500
59.0,-60.0,38.0,#00A546
59.0,-58.0,96.0,#3AA400
59.0,-56.0,-44.0,#00A9DA
59.0,-56.0,-38.0,#00A8CF
59.0,-56.0,28.0,#00A45A
59.0,-54.0,34.0,#14A34F
59.0,-54.0,40.0,#24A343
59.0,-54.0,46.0,#2DA336
59.0,-52.0,-20.0,#00A5B0
59.0,-52.0,58.0,#40A211
59.0,-52.0,68.0,#46A200
59.0,-50.0,24.0,#16A262
59.0,-48.0,28.0,#2FA25A
59.0,-48.0,36.0,#3BA14B
59.0,-48.0,42.0,#41A13F
59.0,-48.0,62.0,#4FA100
59.0,-48.0,96.0,#58A000
59.0,-46.0,-20.0,#00A4B0
59.0,-46.0,-8.0,#00A39B
59.0,-46.0,6.0,#00A282
59.0,-46.0,54.0,#50A021
59.0,-46.0,68.0,#56A000
59.0,-44.0,20.0,#33A069
59.0,-42.0,10.0,#24A07B
59.0,-42.0,24.0,#41A062
59.0,-42.0,30.0,#499F57
59.0,-42.0,36.0,#4F9F4B
59.0,-42.0,72.0,#619E00
59.0,-42.0,100.0,#669E00
59.0,-40.0,-24.0,#00A2B7
59.0,-40.0,-20.0,#00A1B0
59.0,-40.0,-16.0,#00A1A9
59.0,-40.0,4.0,#1BA086
59.0,-40.0,50.0,#5E9E2D
59.0,-40.0,64.0,#639E00
59.0,-38.0,-44.0,#00A3DA
59.0,-38.0,-12.0,#00A0A2
59.0,-38.0,76.0,#6B9D00
59.0,-36.0,26.0,#569D5F
59.0,-36.0,52.0,#689D28
59.0,-36.0,68.0,#6D9C00
59.0,-36.0,100.0,#729C00
59.0,-32.0,-12.0,#079EA2
59.0,-30.0,-2.0,#419C91
59.0,-30.0,2.0,#499C8A
59.0,-30.0,6.0,#4F9C83
59.0,-30.0,48.0,#729A33
59.0,-30.0,76.0,#7A9A00
59.0,-30.0,94.0,#7D9A00
59.0,-28.0,-8.0,#3B9C9B
59.0,-28.0,100.0,#819900
59.0,-26.0,-50.0,#009FE5
59.0,-26.0,-42.0,#009ED7
59.0,-26.0,-36.0,#009DCC
59.0,-26.0,-4.0,#4B9B94
59.0,-26.0,8.0,#5E9A7F
59.0,-26.0,12.0,#629A78
59.0,-26.0,62.0,#7F9800
59.0,-24.0,54.0,#809824
59.0,-24.0,90.0,#879700
59.0,-22.0,10.0,#6A987C
59.0,-22.0,48.0,#829734
59.0,-22.0,64.0,#869600
59.0,-22.0,98.0,#8B9600
59.0,-20.0,-60.0,#009EF7
59.0,-20.0,92.0,#8E9500
59.0,-18.0,-4.0,#639794
59.0,-18.0,64.0,#8D9500
59.0,-16.0,94.0,#949300
59.0,-14.0,-34.0,#2498C9
59.0,-14.0,24.0,#859463
59.0,-14.0,30.0,#889458
59.0,-14.0,70.0,#959300
59.0,-14.0,100.0,#989200
59.0,-10.0,-36.0,#3596CD
59.0,-10.0,-14.0,#6994A6
59.0,-10.0,12.0,#849279
59.0,-10.0,36.0,#92914D
59.0,-8.0,-42.0,#2196D7
59.0,-8.0,-20.0,#6594B1
59.0,-8.0,-16.0,#6C93AA
59.0,-8.0,-8.0,#76939C
59.0,-8.0,2.0,#80928A
59.0,-8.0,46.0,#999039
59.0,-8.0,74.0,#9F9000
59.0,-8.0,98.0,#A18F00
59.0,-6.0,-50.0,#0096E6
59.0,-6.0,-38.0,#4294D0
59.0,-6.0,-12.0,#7692A3
59.0,-6.0,-8.0,#7A929C
59.0,-6.0,-4.0,#7F9195
59.0,-6.0,0.0,#82918E
59.0,-6.0,4.0,#869187
59.0,-6.0,8.0,#899180
59.0,-6.0,12.0,#8C9079
59.0,-6.0,16.0,#8F9072
59.0,-6.0,20.0,#91906B
59.0,-6.0,80.0,#A28E00
59.0,-4.0,0.0,#86908E
59.0,-4.0,96.0,#A78D00
59.0,-2.0,-42.0,#4693D7
59.0,-2.0,-14.0,#7C90A6
59.0,-2.0,-10.0,#81909F
59.0,-2.0,-6.0,#858F98
59.0,-2.0,-2.0,#888F91
59.0,-2.0,2.0,#8C8F8A
59.0,-2.0,6.0,#8F8F83
59.0,-2.0,10.0,#928E7C
59.0,-2.0,14.0,#948E75
59.0,-2.0,18.0,#978E6E
59.0,0.0,-54.0,#0093ED
59.0,0.0,38.0,#A38C4A
59.0,0.0,52.0,#A78C2C
59.0,0.0,94.0,#AC8B00
59.0,4.0,24.0,#A48A64
59.0,6.0,-52.0,#4590E9
59.0,6.0,-26.0,#7E8DBB
59.0,8.0,-58.0,#348FF4
59.0,8.0,-24.0,#858BB8
59.0,8.0,24.0,#AA8864
59.0,8.0,32.0,#AD8856
59.0,8.0,44.0,#B1873F
59.0,10.0,-54.0,#4F8EED
59.0,10.0,-48.0,#618DE2
59.0,10.0,-34.0,#7C8BC9
59.0,10.0,-22.0,#8C8AB4
59.0,10.0,74.0,#B98500
59.0,12.0,-64.0,#2A8EFF
59.0,12.0,-32.0,#838AC6
59.0,12.0,-28.0,#8989BF
59.0,12.0,-20.0,#9288B1
59.0,12.0,-16.0,#9688AA
59.0,12.0,34.0,#B48552
59.0,12.0,52.0,#B8842E
59.0,14.0,-54.0,#5E8BED
59.0,14.0,-44.0,#758ADB
59.0,14.0,-40.0,#7C89D4
59.0,14.0,-26.0,#8F88BC
59.0,14.0,-14.0,#9C87A7
59.0,14.0,-10.0,#9F86A0
59.0,14.0,58.0,#BC831E
59.0,16.0,-38.0,#8488D1
59.0,16.0,-24.0,#9586B8
59.0,16.0,-20.0,#9A86B1
59.0,16.0,-8.0,#A4859C
59.0,16.0,36.0,#BA824F
59.0,16.0,54.0,#BE822A
59.0,16.0,88.0,#C28100
59.0,18.0,-50.0,#7388E6
59.0,18.0,-32.0,#9086C6
59.0,18.0,-18.0,#9F84AE
59.0,18.0,-14.0,#A384A7
59.0,18.0,-6.0,#A98399
59.0,20.0,-48.0,#7C87E2
59.0,20.0,-44.0,#8386DB
59.0,20.0,-30.0,#9684C3
59.0,20.0,-26.0,#9B84BC
59.0,20.0,-22.0,#9F83B5
59.0,20.0,-12.0,#A882A3
59.0,20.0,52.0,#C47F2F
59.0,20.0,74.0,#C77E00
59.0,20.0,84.0,#C87E00
59.0,20.0,96.0,#C87E00
59.0,22.0,-20.0,#A482B1
59.0,22.0,-16.0,#A881AA
59.0,22.0,-8.0,#AE819C
59.0,22.0,90.0,#CB7D00
59.0,24.0,-36.0,#9782CD
59.0,24.0,-30.0,#9E81C3
59.0,24.0,-26.0,#A281BC
59.0,24.0,-12.0,#AE80A3
59.0,24.0,-4.0,#B47F96
59.0,24.0,54.0,#CA7C2B
59.0,24.0,72.0,#CC7B00
59.0,24.0,96.0,#CE7B00
59.0,26.0,-20.0,#AB7FB1
59.0,26.0,-16.0,#AF7EAA
59.0,26.0,-8.0,#B47E9D
59.0,26.0,0.0,#B97D8F
59.0,26.0,4.0,#BC7D88
59.0,28.0,-36.0,#9F7FCD
59.0,28.0,-30.0,#A57FC3
59.0,28.0,-26.0,#A97EBC
59.0,28.0,8.0,#C17B81
59.0,28.0,12.0,#C37B7A
59.0,28.0,54.0,#CF792B
59.0,28.0,78.0,#D27800
59.0,30.0,-14.0,#B77BA7
59.0,30.0,-6.0,#BC7A99
59.0,30.0,-2.0,#BE7A92
59.0,30.0,2.0,#C17A8C
59.0,30.0,16.0,#C77973
59.0,30.0,36.0,#CE7850
59.0,30.0,66.0,#D37700
59.0,30.0,74.0,#D47700
59.0,30.0,98.0,#D67600
59.0,32.0,-42.0,#9F7DD8
59.0,32.0,-36.0,#A67CCE
59.0,32.0,-24.0,#B27BB9
59.0,32.0,-20.0,#B57AB2
59.0,32.0,-10.0,#BD79A0
59.0,32.0,6.0,#C67885
59.0,32.0,54.0,#D4752C
59.0,34.0,-48.0,#9B7CE3
59.0,34.0,-32.0,#AE7AC7
59.0,34.0,0.0,#C6778F
59.0,34.0,10.0,#CA767E
59.0,34.0,14.0,#CC7677
59.0,34.0,20.0,#CE756D
59.0,34.0,74.0,#D97300
59.0,34.0,82.0,#DA7300
59.0,34.0,98.0,#DB7300
59.0,36.0,-42.0,#A77AD8
59.0,36.0,-14.0,#C076A7
59.0,36.0,-8.0,#C4769D
59.0,36.0,-4.0,#C67596
59.0,36.0,4.0,#CA7588
59.0,36.0,52.0,#D97231
59.0,38.0,-48.0,#A379E3
59.0,38.0,-38.0,#AF77D1
59.0,38.0,-30.0,#B776C3
59.0,38.0,-24.0,#BC76B9
59.0,38.0,8.0,#CF7282
59.0,38.0,72.0,#DE7000
59.0,40.0,-12.0,#C772A4
59.0,40.0,0.0,#CE718F
59.0,40.0,12.0,#D4707B
59.0,40.0,86.0,#E26D00
59.0,40.0,100.0,#E36D00
59.0,42.0,-46.0,#AD75DF
59.0,42.0,-8.0,#CD709D
59.0,42.0,16.0,#D86E74
59.0,42.0,28.0,#DC6D5F
59.0,42.0,32.0,#DD6D58
59.0,42.0,46.0,#E06C3E
59.0,42.0,54.0,#E16C2E
59.0,42.0,72.0,#E46C00
59.0,42.0,92.0,#E56B00
59.0,44.0,-42.0,#B573D8
59.0,44.0,-18.0,#CA6FAE
59.0,44.0,38.0,#E16B4E
59.0,44.0,98.0,#E86900
59.0,46.0,-52.0,#AE72EA
59.0,46.0,-14.0,#CF6DA8
59.0,46.0,0.0,#D76B90
59.0,46.0,44.0,#E56843
59.0,46.0,52.0,#E66833
59.0,46.0,70.0,#E96800
59.0,46.0,86.0,#EA6700
59.0,48.0,-10.0,#D56AA1
59.0,48.0,32.0,#E56759
59.0,48.0,36.0,#E66752
59.0,48.0,92.0,#EC6500
59.0,50.0,-60.0,#AB70F9
59.0,50.0,-6.0,#DA689A
59.0,50.0,4.0,#DE6789
59.0,50.0,20.0,#E4656E
59.0,50.0,24.0,#E56567
59.0,50.0,42.0,#EA6447
59.0,50.0,98.0,#EF6300
59.0,52.0,-46.0,#BF6BE0
59.0,52.0,-2.0,#DE6593
59.0,52.0,8.0,#E36482
59.0,52.0,64.0,#F06115
59.0,54.0,-68.0,#A76EFF
59.0,54.0,36.0,#EE6052
59.0,54.0,48.0,#F05F3C
59.0,54.0,82.0,#F45E00
59.0,56.0,2.0,#E6608D
59.0,56.0,54.0,#F35C30
59.0,56.0,62.0,#F45C1C
59.0,60.0,-2.0,#E95B94
59.0,60.0,6.0,#ED5A86
59.0,60.0,48.0,#F8573D
59.0,60.0,100.0,#FC5600
59.0,62.0,-30.0,#DC5DC4
59.0,62.0,26.0,#F65564
59.0,62.0,90.0,#FE5300
59.0,64.0,2.0,#F1558D
59.0,64.0,46.0,#FC5141
59.0,66.0,52.0,#FF4D36
59.0,68.0,-28.0,#E753C1
59.0,68.0,44.0,#FF4A45
59.0,68.0,80.0,#FF4900
59.0,70.0,50.0,#FF463A
59.0,72.0,-38.0,#E64FD2
59.0,72.0,-16.0,#F34AAC
59.0,72.0,-10.0,#F649A2
59.0,72.0,18.0,#FF4572
59.0,74.0,-44.0,#E44DDD
59.0,74.0,-32.0,#ED4AC8
59.0,74.0,-24.0,#F248BA
59.0,74.0,56.0,#FF3D2F
59.0,78.0,62.0,#FF3322
59.0,80.0,-42.0,#EF41D9
59.0,80.0,-30.0,#F73DC4
59.0,80.0,48.0,#FF2D3F
59.0,82.0,-36.0,#F63ACF
59.0,84.0,-50.0,#EE3AE7
59.0,84.0,-6.0,#FF2A9B
59.0,86.0,-44.0,#F631DD
59.0,88.0,-38.0,#FD28D3
59.0,90.0,-54.0,#F428EF
59.0,92.0,-48.0,#FC1BE4
59.0,94.0,-64.0,#F21DFF
59.0,94.0,-36.0,#FF00CF
59.0,96.0,-58.0,#FA03F6
59.0,96.0,-12.0,#FF00A6
59.0,102.0,-66.0,#FC00FF
59.0,102.0,-46.0,#FF00E1
59.0,108.0,-48.0,#FF00E5
60.0,-128.0,10.0,#00B87C
60.0,-128.0,34.0,#00B74F
60.0,-128.0,60.0,#00B700
60.0,-128.0,68.0,#00B600
60.0,-104.0,44.0,#00B33A
60.0,-104.0,52.0,#00B325
60.0,-102.0,-8.0,#00B49C
60.0,-102.0,78.0,#00B200
60.0,-102.0,88.0,#00B200
60.0,-100.0,-2.0,#00B492
60.0,-98.0,4.0,#00B387
60.0,-96.0,-14.0,#00B3A7
60.0,-96.0,42.0,#00B13F
60.0,-96.0,76.0,#00B100
60.0,-94.0,-8.0,#00B39C
60.0,-92.0,-18.0,#00B3AE
60.0,-92.0,-2.0,#00B292
60.0,-90.0,-28.0,#00B3C0
60.0,-90.0,4.0,#00B187
60.0,-88.0,-22.0,#00B2B5
60.0,-88.0,10.0,#00B07D
60.0,-88.0,16.0,#00B072
60.0,-88.0,22.0,#00B067
60.0,-88.0,50.0,#00AF2C
60.0,-86.0,-16.0,#00B1AB
60.0,-84.0,-10.0,#00B1A0
60.0,-82.0,-36.0,#00B2CE
60.0,-82.0,-20.0,#00B1B2
60.0,-80.0,46.0,#00AD36
60.0,-76.0,-40.0,#00B1D6
60.0,-76.0,-18.0,#00AFAE
60.0,-74.0,-12.0,#00AEA4
60.0,-74.0,8.0,#00AD80
60.0,-74.0,40.0,#00AC44
60.0,-72.0,14.0,#00AC76
60.0,-70.0,-44.0,#00B0DD
60.0,-70.0,-38.0,#00AFD2
60.0,-70.0,-16.0,#00ADAB
60.0,-70.0,0.0,#00AC8F
60.0,-68.0,6.0,#00AB84
60.0,-66.0,10.0,#00AB7D
60.0,-66.0,42.0,#00AA40
60.0,-66.0,48.0,#00A933
60.0,-64.0,-48.0,#00AEE4
60.0,-64.0,82.0,#1BA800
60.0,-62.0,-24.0,#00ACB9
60.0,-62.0,-8.0,#00AB9D
60.0,-62.0,88.0,#2BA800
60.0,-60.0,6.0,#00A984
60.0,-60.0,12.0,#00A97A
60.0,-60.0,44.0,#00A83C
60.0,-58.0,-52.0,#00ADEB
60.0,-58.0,-32.0,#00ABC8
60.0,-58.0,-4.0,#00A996
60.0,-58.0,0.0,#00A98F
60.0,-56.0,-26.0,#00AABD
60.0,-54.0,-16.0,#00A9AB
60.0,-54.0,-8.0,#00A89D
60.0,-54.0,4.0,#00A788
60.0,-54.0,8.0,#00A781
60.0,-54.0,14.0,#00A776
60.0,-54.0,100.0,#4BA500
60.0,-52.0,-54.0,#00ABEF
60.0,-52.0,-2.0,#00A793
60.0,-50.0,-28.0,#00A8C1
60.0,-48.0,-58.0,#00ABF6
60.0,-48.0,2.0,#00A58C
60.0,-46.0,-52.0,#00A9EB
60.0,-46.0,-44.0,#00A8DD
60.0,-46.0,-14.0,#00A6A8
60.0,-44.0,-2.0,#00A493
60.0,-44.0,84.0,#62A200
60.0,-42.0,-60.0,#00A9FA
60.0,-42.0,46.0,#59A239
60.0,-42.0,92.0,#68A100
60.0,-40.0,-54.0,#00A7EF
60.0,-40.0,-40.0,#00A6D6
60.0,-40.0,-28.0,#00A5C1
60.0,-40.0,16.0,#3FA273
60.0,-38.0,-64.0,#00A8FF
60.0,-38.0,-8.0,#00A39E
60.0,-36.0,-58.0,#00A6F6
60.0,-36.0,2.0,#33A18C
60.0,-36.0,6.0,#3DA185
60.0,-36.0,10.0,#44A17E
60.0,-36.0,18.0,#50A070
60.0,-36.0,22.0,#55A068
60.0,-36.0,88.0,#749F00
60.0,-34.0,-52.0,#00A5EC
60.0,-34.0,-38.0,#00A3D3
60.0,-34.0,-26.0,#00A2BD
60.0,-34.0,14.0,#51A077
60.0,-34.0,32.0,#639F56
60.0,-32.0,-66.0,#00A6FF
60.0,-32.0,-20.0,#00A1B3
60.0,-32.0,-8.0,#28A09E
60.0,-32.0,56.0,#749E20
60.0,-32.0,82.0,#7A9D00
60.0,-30.0,-60.0,#00A4FA
60.0,-30.0,-16.0,#04A0AC
60.0,-30.0,16.0,#5F9E73
60.0,-30.0,20.0,#639E6C
60.0,-30.0,24.0,#669E65
60.0,-30.0,40.0,#719D47
60.0,-28.0,-22.0,#00A0B6
60.0,-28.0,-12.0,#329FA5
60.0,-28.0,28.0,#6E9D5E
60.0,-28.0,84.0,#829B00
60.0,-26.0,-68.0,#00A4FF
60.0,-26.0,50.0,#7E9B31
60.0,-24.0,-30.0,#009FC5
60.0,-24.0,-24.0,#0E9EBA
60.0,-24.0,-18.0,#339EAF
60.0,-24.0,-14.0,#3F9DA8
60.0,-24.0,18.0,#6F9B70
60.0,-24.0,22.0,#729B69
60.0,-24.0,36.0,#7B9B4F
60.0,-22.0,-42.0,#009FDA
60.0,-22.0,-36.0,#009ECF
60.0,-22.0,-10.0,#509CA1
60.0,-22.0,-6.0,#579C9A
60.0,-22.0,-2.0,#5E9C93
60.0,-22.0,2.0,#639B8C
60.0,-22.0,6.0,#689B85
60.0,-22.0,26.0,#799A62
60.0,-22.0,42.0,#829A43
60.0,-20.0,-68.0,#00A1FF
60.0,-20.0,-30.0,#059DC5
60.0,-20.0,-24.0,#329CBA
60.0,-20.0,-20.0,#409CB3
60.0,-20.0,-16.0,#4A9CAC
60.0,-20.0,-12.0,#539BA5
60.0,-20.0,14.0,#749A77
60.0,-20.0,18.0,#789A70
60.0,-20.0,30.0,#80995A
60.0,-20.0,54.0,#8A9827
60.0,-20.0,70.0,#8E9800
60.0,-20.0,80.0,#8F9800
60.0,-18.0,-50.0,#009EE8
60.0,-18.0,0.0,#6B9A90
60.0,-18.0,4.0,#6F9989
60.0,-18.0,22.0,#7F9869
60.0,-18.0,42.0,#899843
60.0,-16.0,-44.0,#009DDE
60.0,-16.0,-20.0,#509AB3
60.0,-16.0,-16.0,#589AAC
60.0,-16.0,-12.0,#5F9AA5
60.0,-16.0,6.0,#769886
60.0,-16.0,14.0,#7D9877
60.0,-16.0,18.0,#809870
60.0,-16.0,46.0,#8E973B
60.0,-16.0,82.0,#969600
60.0,-14.0,-68.0,#009FFF
60.0,-14.0,-8.0,#6A989E
60.0,-14.0,-4.0,#6F9897
60.0,-14.0,0.0,#749890
60.0,-14.0,20.0,#85976D
60.0,-14.0,36.0,#8E964F
60.0,-14.0,76.0,#989500
60.0,-12.0,-48.0,#009BE5
60.0,-12.0,-20.0,#5D98B3
60.0,-12.0,-12.0,#6A98A5
60.0,-12.0,-2.0,#769794
60.0,-12.0,2.0,#7B978D
60.0,-12.0,6.0,#7E9686
60.0,-12.0,10.0,#82967F
60.0,-12.0,14.0,#859678
60.0,-10.0,-64.0,#009CFF
60.0,-10.0,-8.0,#74969E
60.0,-10.0,-4.0,#799697
60.0,-10.0,0.0,#7D9690
60.0,-10.0,4.0,#819689
60.0,-10.0,16.0,#8A9574
60.0,-10.0,30.0,#92945B
60.0,-8.0,-28.0,#5997C1
60.0,-8.0,-2.0,#7F9594
60.0,-8.0,6.0,#869486
60.0,-8.0,10.0,#89947F
60.0,-8.0,18.0,#8F9471
60.0,-8.0,40.0,#999348
60.0,-8.0,54.0,#9E9329
60.0,-8.0,62.0,#A0920C
60.0,-6.0,24.0,#969266
60.0,-4.0,-32.0,#5D95C8
60.0,-4.0,-26.0,#6895BE
60.0,-4.0,-20.0,#7294B3
60.0,-4.0,-16.0,#7894AC
60.0,-4.0,-12.0,#7D94A5
60.0,-4.0,-8.0,#81939E
60.0,-4.0,-4.0,#859397
60.0,-4.0,4.0,#8C9289
60.0,-4.0,8.0,#8F9282
60.0,-4.0,12.0,#92927B
60.0,-4.0,16.0,#959274
60.0,-4.0,20.0,#97926D
60.0,-4.0,26.0,#9A9163
60.0,-4.0,32.0,#9D9158
60.0,-4.0,38.0,#9F914C
60.0,-4.0,48.0,#A29138
60.0,-4.0,64.0,#A69001
60.0,-2.0,-64.0,#0098FF
60.0,-2.0,-24.0,#7194BA
60.0,-2.0,-18.0,#7A93B0
60.0,-2.0,22.0,#9C906A
60.0,-2.0,28.0,#9E905F
60.0,-2.0,42.0,#A49045
60.0,0.0,-30.0,#6C93C5
60.0,0.0,-22.0,#7992B7
60.0,0.0,-18.0,#7E92B0
60.0,0.0,-14.0,#8392A9
60.0,0.0,-10.0,#8791A2
60.0,0.0,-6.0,#8B919B
60.0,0.0,-2.0,#8F9194
60.0,0.0,2.0,#92908D
60.0,0.0,6.0,#959086
60.0,0.0,10.0,#98907F
60.0,0.0,14.0,#9A9078
60.0,0.0,18.0,#9D8F71
60.0,0.0,22.0,#9F8F6A
60.0,0.0,64.0,#AC8E03
60.0,0.0,86.0,#AF8E00
60.0,2.0,-28.0,#7592C2
60.0,2.0,-22.0,#7D91B7
60.0,2.0,-18.0,#8391B0
60.0,2.0,-14.0,#8790A9
60.0,2.0,-10.0,#8B90A2
60.0,2.0,-6.0,#8F909B
60.0,2.0,-2.0,#939094
60.0,2.0,2.0,#968F8D
60.0,2.0,6.0,#998F86
60.0,2.0,10.0,#9B8F7F
60.0,2.0,14.0,#9E8F78
60.0,2.0,18.0,#A08E71
60.0,2.0,22.0,#A28E6A
60.0,2.0,28.0,#A58E5F
60.0,2.0,42.0,#AA8D45
60.0,2.0,102.0,#B38C00
60.0,4.0,-60.0,#0094FB
60.0,4.0,-18.0,#8790B0
60.0,4.0,-14.0,#8B8FA9
60.0,4.0,-10.0,#8F8FA2
60.0,4.0,-6.0,#938F9B
60.0,4.0,-2.0,#968E94
60.0,4.0,2.0,#998E8D
60.0,4.0,6.0,#9C8E86
60.0,4.0,10.0,#9F8E7F
60.0,4.0,14.0,#A18D78
60.0,4.0,18.0,#A38D71
60.0,4.0,32.0,#AA8D58
60.0,4.0,38.0,#AC8C4D
60.0,4.0,48.0,#AF8C39
60.0,4.0,56.0,#B18C25
60.0,4.0,64.0,#B28C05
60.0,4.0,84.0,#B48B00
60.0,6.0,-36.0,#7190D0
60.0,6.0,-18.0,#8B8FB0
60.0,6.0,-14.0,#8F8EA9
60.0,6.0,-10.0,#938EA2
60.0,6.0,-6.0,#978E9B
60.0,6.0,-2.0,#9A8D94
60.0,6.0,2.0,#9D8D8D
60.0,6.0,6.0,#A08D86
60.0,6.0,10.0,#A28C7F
60.0,6.0,14.0,#A48C78
60.0,6.0,18.0,#A78C71
60.0,6.0,26.0,#AA8C63
60.0,6.0,72.0,#B68A00
60.0,6.0,92.0,#B88A00
60.0,6.0,100.0,#B88A00
60.0,8.0,-18.0,#8F8DB0
60.0,8.0,-14.0,#938DA9
60.0,8.0,-10.0,#978DA2
60.0,8.0,-6.0,#9A8C9B
60.0,8.0,-2.0,#9D8C94
60.0,8.0,2.0,#A08C8D
60.0,8.0,6.0,#A38B86
60.0,8.0,10.0,#A58B7F
60.0,8.0,14.0,#A88B78
60.0,8.0,18.0,#AA8B71
60.0,8.0,50.0,#B58935
60.0,8.0,58.0,#B78920
60.0,8.0,66.0,#B88900
60.0,10.0,-44.0,#6D8FDE
60.0,10.0,-38.0,#788ED3
60.0,10.0,-8.0,#9C8B9F
60.0,10.0,-4.0,#9F8B98
60.0,10.0,0.0,#A28B91
60.0,10.0,4.0,#A58A8A
60.0,10.0,8.0,#A88A83
60.0,10.0,14.0,#AB8A79
60.0,10.0,94.0,#BE8800
60.0,10.0,102.0,#BE8700
60.0,12.0,-6.0,#A18A9B
60.0,12.0,-2.0,#A48A94
60.0,12.0,2.0,#A7898D
60.0,12.0,6.0,#AA8987
60.0,12.0,12.0,#AD897C
60.0,12.0,18.0,#B08872
60.0,12.0,22.0,#B2886B
60.0,12.0,64.0,#BE8708
60.0,14.0,-4.0,#A68898
60.0,14.0,0.0,#A98891
60.0,14.0,4.0,#AC888A
60.0,14.0,10.0,#AF8780
60.0,14.0,16.0,#B28775
60.0,14.0,26.0,#B78764
60.0,14.0,30.0,#B8865C
60.0,14.0,44.0,#BC8642
60.0,14.0,94.0,#C38500
60.0,14.0,102.0,#C48500
60.0,16.0,8.0,#B18683
60.0,16.0,14.0,#B48679
60.0,16.0,24.0,#B98567
60.0,16.0,64.0,#C3840A
60.0,16.0,72.0,#C48400
60.0,16.0,80.0,#C58400
60.0,18.0,0.0,#B08591
60.0,18.0,12.0,#B6857C
60.0,18.0,18.0,#B98472
60.0,18.0,30.0,#BE845D
60.0,18.0,42.0,#C28346
60.0,18.0,102.0,#C98200
60.0,20.0,-58.0,#6A8BF7
60.0,20.0,16.0,#BB8375
60.0,20.0,26.0,#BF8264
60.0,20.0,36.0,#C38252
60.0,20.0,60.0,#C8811D
60.0,20.0,68.0,#C98100
60.0,22.0,0.0,#B68391
60.0,22.0,4.0,#B8828A
60.0,22.0,12.0,#BD827D
60.0,22.0,20.0,#C0816F
60.0,22.0,32.0,#C48159
60.0,22.0,42.0,#C78047
60.0,22.0,102.0,#CE7F00
60.0,24.0,-64.0,#6789FF
60.0,24.0,-46.0,#8C86E2
60.0,24.0,8.0,#BE8184
60.0,24.0,16.0,#C18076
60.0,24.0,28.0,#C67F61
60.0,24.0,38.0,#C97F4E
60.0,24.0,48.0,#CB7F3B
60.0,24.0,60.0,#CE7E1D
60.0,24.0,84.0,#D07E00
60.0,26.0,-62.0,#7287FF
60.0,26.0,-44.0,#9384DE
60.0,26.0,20.0,#C67E6F
60.0,26.0,34.0,#CB7E56
60.0,26.0,44.0,#CD7D43
60.0,26.0,90.0,#D37C00
60.0,26.0,102.0,#D47C00
60.0,28.0,-54.0,#8884F0
60.0,28.0,28.0,#CC7C61
60.0,30.0,-62.0,#7D84FF
60.0,30.0,-52.0,#9083ED
60.0,30.0,20.0,#CC7B6F
60.0,30.0,40.0,#D27A4B
60.0,32.0,-60.0,#8682FB
60.0,32.0,24.0,#D07968
60.0,32.0,28.0,#D17961
60.0,32.0,46.0,#D67840
60.0,32.0,62.0,#D97819
60.0,34.0,-52.0,#997FED
60.0,34.0,34.0,#D67756
60.0,34.0,88.0,#DE7600
60.0,36.0,-60.0,#907FFB
60.0,36.0,46.0,#DB7540
60.0,36.0,62.0,#DE741A
60.0,36.0,94.0,#E07400
60.0,38.0,-68.0,#867FFF
60.0,38.0,28.0,#D97461
60.0,38.0,32.0,#DB735A
60.0,38.0,40.0,#DD734C
60.0,38.0,58.0,#E07226
60.0,40.0,-20.0,#C576B5
60.0,40.0,20.0,#DA7270
60.0,42.0,-68.0,#8F7CFF
60.0,42.0,24.0,#DE7069
60.0,42.0,64.0,#E66E15
60.0,44.0,4.0,#D9708B
60.0,44.0,8.0,#DB6F84
60.0,44.0,80.0,#EA6C00
60.0,46.0,-66.0,#9C78FF
60.0,46.0,-30.0,#C772C6
60.0,46.0,-24.0,#CB71BC
60.0,46.0,12.0,#DF6D7E
60.0,48.0,16.0,#E36B77
60.0,48.0,28.0,#E76A62
60.0,50.0,-20.0,#D46CB5
60.0,50.0,82.0,#F26600
60.0,52.0,-16.0,#DA69AE
60.0,52.0,92.0,#F56300
60.0,54.0,14.0,#EB647B
60.0,54.0,18.0,#EC6474
60.0,54.0,32.0,#F0635C
60.0,54.0,40.0,#F2624D
60.0,56.0,-58.0,#BC6CF8
60.0,56.0,-12.0,#E264A7
60.0,56.0,24.0,#F0616A
60.0,58.0,-64.0,#B86BFF
60.0,58.0,-48.0,#CA68E6
60.0,58.0,-42.0,#D067DC
60.0,58.0,30.0,#F55E5F
60.0,58.0,92.0,#FC5B00
60.0,60.0,-8.0,#EA5FA1
60.0,60.0,12.0,#F25C7E
60.0,60.0,20.0,#F55C71
60.0,62.0,36.0,#FB5855
60.0,64.0,-68.0,#BE65FF
60.0,64.0,-58.0,#CA62F8
60.0,64.0,32.0,#FD555C
60.0,64.0,56.0,#FF532F
60.0,66.0,-14.0,#EF57AB
60.0,66.0,16.0,#FB5378
60.0,66.0,22.0,#FD536E
60.0,66.0,62.0,#FF5022
60.0,66.0,68.0,#FF500E
60.0,66.0,74.0,#FF5000
60.0,66.0,100.0,#FF4F00
60.0,68.0,-64.0,#CA5FFF
60.0,68.0,28.0,#FF4F64
60.0,68.0,38.0,#FF4E52
60.0,68.0,88.0,#FF4C00
60.0,70.0,-56.0,#D65AF5
60.0,70.0,-2.0,#FA4F97
60.0,70.0,34.0,#FF4B59
60.0,72.0,24.0,#FF486B
60.0,72.0,66.0,#FF4518
60.0,72.0,72.0,#FF4400
60.0,72.0,86.0,#FF4400
60.0,74.0,-68.0,#D057FF
60.0,74.0,-62.0,#D655FF
60.0,74.0,30.0,#FF4361
60.0,74.0,40.0,#FF424F
60.0,76.0,-54.0,#E24FF1
60.0,76.0,36.0,#FF3E56
60.0,78.0,-4.0,#FF3F9A
60.0,78.0,2.0,#FF3E90
60.0,78.0,20.0,#FF3B72
60.0,78.0,26.0,#FF3A68
60.0,78.0,52.0,#FF373A
60.0,78.0,68.0,#FF3614
60.0,80.0,-66.0,#DC4CFF
60.0,80.0,8.0,#FF3886
60.0,80.0,32.0,#FF345E
60.0,80.0,42.0,#FF334C
60.0,80.0,58.0,#FF312E
60.0,82.0,38.0,#FF2D53
60.0,84.0,18.0,#FF2976
60.0,86.0,2.0,#FF2591
60.0,88.0,-66.0,#E93AFF
60.0,88.0,8.0,#FF1887
60.0,88.0,30.0,#FF0E62
60.0,90.0,14.0,#FF007D
60.0,90.0,20.0,#FF0073
60.0,94.0,2.0,#FF0091
60.0,96.0,-30.0,#FF00C8
60.0,100.0,-38.0,#FF00D6
60.0,102.0,-54.0,#FF00F2
60.0,102.0,-32.0,#FF00CB
60.0,108.0,-60.0,#FF00FD
60.0,110.0,-54.0,#FF00F2
61.0,-128.0,18.0,#00BB70
61.0,-128.0,42.0,#00BA40
61.0,-128.0,50.0,#00BA2C
61.0,-128.0,76.0,#00B900
61.0,-116.0,84.0,#00B700
61.0,-112.0,-2.0,#00B994
61.0,-112.0,46.0,#00B737
61.0,-112.0,54.0,#00B721
61.0,-112.0,62.0,#00B700
61.0,-112.0,72.0,#00B700
61.0,-108.0,4.0,#00B88A
61.0,-108.0,80.0,#00B600
61.0,-106.0,70.0,#00B600
61.0,-104.0,10.0,#00B77F
61.0,-104.0,16.0,#00B674
61.0,-104.0,22.0,#00B669
61.0,-104.0,28.0,#00B65E
61.0,-104.0,36.0,#00B64E
61.0,-104.0,60.0,#00B502
61.0,-98.0,66.0,#00B400
61.0,-96.0,12.0,#00B57B
61.0,-92.0,60.0,#00B305
61.0,-92.0,86.0,#00B200
61.0,-88.0,28.0,#00B35E
61.0,-88.0,34.0,#00B252
61.0,-88.0,42.0,#00B242
61.0,-88.0,66.0,#00B200
61.0,-86.0,74.0,#00B100
61.0,-86.0,84.0,#00B100
61.0,-84.0,4.0,#00B38A
61.0,-80.0,10.0,#00B17F
61.0,-80.0,16.0,#00B174
61.0,-80.0,22.0,#00B169
61.0,-80.0,62.0,#00B000
61.0,-80.0,78.0,#00B000
61.0,-78.0,0.0,#00B191
61.0,-78.0,70.0,#00AF00
61.0,-74.0,-30.0,#00B2C7
61.0,-74.0,-4.0,#00B098
61.0,-74.0,60.0,#00AE0A
61.0,-74.0,76.0,#00AE00
61.0,-74.0,84.0,#00AE00
61.0,-72.0,24.0,#00AF66
61.0,-72.0,66.0,#00AE00
61.0,-68.0,-28.0,#00B0C3
61.0,-68.0,-22.0,#00B0B8
61.0,-68.0,54.0,#00AD25
61.0,-68.0,72.0,#00AC00
61.0,-66.0,14.0,#00AD78
61.0,-66.0,20.0,#00AD6E
61.0,-66.0,26.0,#00AD62
61.0,-66.0,60.0,#00AC0C
61.0,-64.0,-38.0,#00B0D5
61.0,-64.0,-32.0,#00B0CA
61.0,-64.0,-2.0,#00AE95
61.0,-64.0,66.0,#0DAB00
61.0,-62.0,-20.0,#00AEB5
61.0,-62.0,36.0,#00AB4F
61.0,-62.0,74.0,#28AB00
61.0,-60.0,16.0,#00AB75
61.0,-60.0,22.0,#00AB6A
61.0,-60.0,56.0,#21AA1F
61.0,-58.0,-42.0,#00AFDC
61.0,-58.0,-14.0,#00ACAA
61.0,-58.0,62.0,#33A900
61.0,-56.0,32.0,#00AA57
61.0,-56.0,68.0,#3FA900
61.0,-56.0,76.0,#43A900
61.0,-56.0,84.0,#45A900
61.0,-54.0,-46.0,#00AEE3
61.0,-54.0,18.0,#00A972
61.0,-54.0,52.0,#3BA82C
61.0,-54.0,92.0,#4DA800
61.0,-52.0,-40.0,#00ADD9
61.0,-52.0,-34.0,#00ACCE
61.0,-52.0,-12.0,#00AAA7
61.0,-52.0,36.0,#30A850
61.0,-50.0,-22.0,#00AAB9
61.0,-50.0,72.0,#53A700
61.0,-50.0,80.0,#56A700
61.0,-48.0,10.0,#00A880
61.0,-48.0,14.0,#02A879
61.0,-48.0,48.0,#4CA637
61.0,-46.0,-38.0,#00ABD5
61.0,-46.0,-32.0,#00AACA
61.0,-46.0,-10.0,#00A8A4
61.0,-46.0,32.0,#43A658
61.0,-44.0,-6.0,#00A79D
61.0,-44.0,42.0,#54A544
61.0,-44.0,60.0,#5EA512
61.0,-42.0,8.0,#26A684
61.0,-42.0,12.0,#31A67D
61.0,-40.0,-48.0,#00A9E7
61.0,-40.0,26.0,#50A463
61.0,-40.0,54.0,#65A328
61.0,-38.0,-18.0,#00A6B2
61.0,-38.0,-14.0,#00A6AB
61.0,-38.0,-4.0,#08A599
61.0,-38.0,30.0,#5AA35C
61.0,-38.0,60.0,#6CA313
61.0,-38.0,96.0,#73A200
61.0,-36.0,46.0,#6AA23C
61.0,-34.0,-46.0,#00A7E4
61.0,-34.0,62.0,#75A108
61.0,-34.0,70.0,#77A100
61.0,-32.0,36.0,#6DA151
61.0,-30.0,64.0,#7D9F00
61.0,-28.0,-30.0,#00A3C7
61.0,-28.0,70.0,#839E00
61.0,-26.0,0.0,#58A092
61.0,-26.0,4.0,#5EA08B
61.0,-24.0,-58.0,#00A4F9
61.0,-24.0,62.0,#889D0C
61.0,-24.0,72.0,#8A9D00
61.0,-22.0,-52.0,#00A3EF
61.0,-22.0,12.0,#719D7D
61.0,-20.0,34.0,#859C55
61.0,-18.0,-58.0,#00A2FA
61.0,-18.0,-34.0,#009FCF
61.0,-16.0,-28.0,#3C9EC4
61.0,-16.0,24.0,#869A68
61.0,-16.0,30.0,#8A9A5D
61.0,-16.0,54.0,#94992B
61.0,-16.0,62.0,#96990F
61.0,-14.0,4.0,#7B9A8C
61.0,-14.0,8.0,#7E9A85
61.0,-12.0,-58.0,#009FFA
61.0,-12.0,-30.0,#489CC8
61.0,-12.0,-6.0,#749A9D
61.0,-12.0,22.0,#8D986C
61.0,-12.0,26.0,#8F9865
61.0,-12.0,50.0,#999735
61.0,-12.0,58.0,#9B9720
61.0,-12.0,88.0,#A09700
61.0,-12.0,96.0,#A09700
61.0,-10.0,-24.0,#5E9ABD
61.0,-10.0,8.0,#879885
61.0,-10.0,74.0,#A19600
61.0,-10.0,82.0,#A29600
61.0,-8.0,-58.0,#009DFA
61.0,-8.0,-50.0,#009CEB
61.0,-8.0,22.0,#94966C
61.0,-8.0,90.0,#A69500
61.0,-6.0,-66.0,#009DFF
61.0,-6.0,-44.0,#2F9AE1
61.0,-6.0,-22.0,#6D98BA
61.0,-6.0,-16.0,#7698AF
61.0,-4.0,-58.0,#009BFA
61.0,-4.0,-50.0,#0F9AEB
61.0,-4.0,-40.0,#4A99D9
61.0,-2.0,-46.0,#3E99E4
61.0,-2.0,58.0,#AB9222
61.0,-2.0,74.0,#AE9100
61.0,0.0,-60.0,#0099FD
61.0,0.0,-42.0,#5497DD
61.0,0.0,46.0,#AB913F
61.0,2.0,-66.0,#0099FF
61.0,2.0,-48.0,#4997E8
61.0,2.0,-38.0,#6595D6
61.0,2.0,34.0,#AA9057
61.0,2.0,70.0,#B38F00
61.0,2.0,78.0,#B48F00
61.0,4.0,-44.0,#5D95E1
61.0,4.0,22.0,#A8906D
61.0,6.0,-66.0,#0097FF
61.0,6.0,-28.0,#8192C4
61.0,6.0,-24.0,#8692BD
61.0,8.0,-22.0,#8D90BA
61.0,8.0,22.0,#AE8D6D
61.0,8.0,38.0,#B58C50
61.0,8.0,82.0,#BD8B00
61.0,10.0,-66.0,#0895FF
61.0,10.0,26.0,#B38C66
61.0,12.0,-54.0,#5D92F3
61.0,12.0,-24.0,#938EBD
61.0,12.0,-12.0,#9F8DA8
61.0,12.0,38.0,#BB8A50
61.0,12.0,80.0,#C28900
61.0,12.0,88.0,#C38900
61.0,14.0,-46.0,#768FE5
61.0,14.0,-38.0,#848ED6
61.0,14.0,50.0,#C18838
61.0,16.0,-62.0,#5390FF
61.0,16.0,-36.0,#8C8DD3
61.0,16.0,-32.0,#918CCC
61.0,16.0,-28.0,#968CC5
61.0,16.0,-16.0,#A38BB0
61.0,16.0,20.0,#BA8871
61.0,18.0,-60.0,#618FFE
61.0,18.0,-52.0,#758EEF
61.0,18.0,6.0,#B68889
61.0,18.0,48.0,#C6853D
61.0,18.0,54.0,#C7852F
61.0,20.0,-50.0,#7E8CEC
61.0,20.0,-46.0,#868BE5
61.0,20.0,-32.0,#998ACC
61.0,20.0,-28.0,#9E89C5
61.0,20.0,-24.0,#A289BE
61.0,20.0,-20.0,#A688B7
61.0,20.0,22.0,#C1856D
61.0,22.0,-66.0,#5D8DFF
61.0,22.0,-18.0,#AC87B3
61.0,22.0,-4.0,#B6869B
61.0,22.0,54.0,#CD8230
61.0,24.0,-38.0,#9A88D6
61.0,24.0,-32.0,#A187CC
61.0,24.0,-28.0,#A686C5
61.0,24.0,-24.0,#AA86BE
61.0,24.0,-14.0,#B285AC
61.0,24.0,24.0,#C7826A
61.0,26.0,-56.0,#8289F7
61.0,26.0,-18.0,#B284B3
61.0,26.0,-10.0,#B983A5
61.0,26.0,-6.0,#BB839E
61.0,26.0,-2.0,#BE8298
61.0,26.0,2.0,#C08291
61.0,26.0,6.0,#C2828A
61.0,26.0,56.0,#D37F2C
61.0,26.0,70.0,#D57F00
61.0,28.0,-38.0,#A285D7
61.0,28.0,-32.0,#A984CC
61.0,28.0,-28.0,#AD83C5
61.0,28.0,-24.0,#B183BE
61.0,28.0,10.0,#C78083
61.0,30.0,-16.0,#BB81B0
61.0,30.0,-8.0,#C080A2
61.0,30.0,-4.0,#C37F9B
61.0,30.0,0.0,#C57F94
61.0,30.0,4.0,#C77F8D
61.0,30.0,14.0,#CC7E7C
61.0,30.0,34.0,#D37D59
61.0,30.0,50.0,#D77C3A
61.0,30.0,86.0,#DB7C00
61.0,32.0,-44.0,#A282E1
61.0,32.0,-38.0,#AA82D7
61.0,32.0,-22.0,#B980BB
61.0,32.0,-12.0,#C17FA9
61.0,32.0,8.0,#CC7D86
61.0,32.0,74.0,#DD7A00
61.0,34.0,-34.0,#B27FD0
61.0,34.0,-30.0,#B57FC9
61.0,34.0,-2.0,#CA7C98
61.0,34.0,2.0,#CC7C91
61.0,34.0,12.0,#D17B80
61.0,34.0,18.0,#D37A75
61.0,34.0,40.0,#DA794E
61.0,34.0,68.0,#DF7800
61.0,36.0,-44.0,#AA7FE1
61.0,36.0,-26.0,#BC7DC2
61.0,36.0,-16.0,#C47CB0
61.0,36.0,-10.0,#C87BA6
61.0,36.0,-6.0,#CB7B9F
61.0,36.0,6.0,#D17A8A
61.0,36.0,74.0,#E27700
61.0,36.0,104.0,#E47600
61.0,38.0,-40.0,#B27DDA
61.0,38.0,10.0,#D67883
61.0,38.0,16.0,#D87779
61.0,38.0,68.0,#E47503
61.0,38.0,80.0,#E67500
61.0,40.0,-36.0,#BA7BD3
61.0,40.0,-14.0,#CC78AD
61.0,40.0,-2.0,#D37798
61.0,42.0,-32.0,#C178CC
61.0,42.0,-10.0,#D176A6
61.0,42.0,-6.0,#D4759F
61.0,42.0,14.0,#DD737D
61.0,44.0,-58.0,#A77BFB
61.0,44.0,58.0,#EB6F2A
61.0,44.0,92.0,#EE6F00
61.0,46.0,-40.0,#C176DB
61.0,46.0,-2.0,#DC7198
61.0,46.0,42.0,#EB6E4B
61.0,46.0,74.0,#EF6D00
61.0,48.0,-50.0,#B975EC
61.0,48.0,-36.0,#C873D4
61.0,48.0,-12.0,#D970AA
61.0,48.0,48.0,#EF6B40
61.0,48.0,56.0,#F06B2F
61.0,48.0,70.0,#F26B00
61.0,48.0,104.0,#F46A00
61.0,50.0,-8.0,#DE6DA3
61.0,50.0,22.0,#EB6B6F
61.0,52.0,-42.0,#C970DE
61.0,52.0,-32.0,#D16ECD
61.0,52.0,-4.0,#E36B9C
61.0,52.0,10.0,#EA6984
61.0,52.0,54.0,#F56734
61.0,52.0,68.0,#F7660B
61.0,52.0,76.0,#F76600
61.0,54.0,-28.0,#D86CC6
61.0,54.0,0.0,#E86895
61.0,54.0,104.0,#FB6300
61.0,56.0,6.0,#ED658B
61.0,56.0,66.0,#FB6116
61.0,56.0,74.0,#FC6100
61.0,58.0,-34.0,#D968D0
61.0,58.0,-24.0,#E166BF
61.0,58.0,58.0,#FD5F2C
61.0,58.0,80.0,#FF5E00
61.0,60.0,-18.0,#E763B4
61.0,60.0,2.0,#F16092
61.0,60.0,40.0,#FD5D50
61.0,60.0,64.0,#FF5C1D
61.0,60.0,72.0,#FF5C00
61.0,60.0,104.0,#FF5B00
61.0,62.0,78.0,#FF5900
61.0,64.0,-48.0,#D763E9
61.0,64.0,-38.0,#DF61D7
61.0,64.0,6.0,#F85A8B
61.0,66.0,-20.0,#EF5BB8
61.0,66.0,-8.0,#F559A3
61.0,66.0,12.0,#FD5781
61.0,68.0,-44.0,#E15DE2
61.0,68.0,-34.0,#E95BD1
61.0,68.0,96.0,#FF4F00
61.0,70.0,4.0,#FF518F
61.0,72.0,10.0,#FF4D85
61.0,72.0,44.0,#FF494A
61.0,72.0,102.0,#FF4700
61.0,74.0,80.0,#FF4300
61.0,76.0,94.0,#FF3E00
61.0,78.0,-18.0,#FF46B5
61.0,78.0,76.0,#FF3A00
61.0,78.0,86.0,#FF3A00
61.0,80.0,-12.0,#FF40AB
61.0,82.0,-24.0,#FF3EC0
61.0,84.0,24.0,#FF2D6E
61.0,84.0,48.0,#FF2944
61.0,86.0,-60.0,#EF40FF
61.0,86.0,-18.0,#FF31B5
61.0,86.0,44.0,#FF204C
61.0,88.0,-30.0,#FF2ECA
61.0,88.0,-12.0,#FF27AB
61.0,88.0,36.0,#FF165A
61.0,90.0,-24.0,#FF23C0
61.0,94.0,-18.0,#FF00B6
61.0,98.0,-4.0,#FF009E
61.0,102.0,-62.0,#FF00FF
61.0,102.0,-24.0,#FF00C0
62.0,-128.0,4.0,#00BE8C
62.0,-128.0,26.0,#00BD63
62.0,-126.0,82.0,#00BC00
62.0,-122.0,0.0,#00BD93
62.0,-120.0,6.0,#00BD88
62.0,-120.0,12.0,#00BD7D
62.0,-120.0,18.0,#00BC72
62.0,-120.0,26.0,#00BC63
62.0,-120.0,34.0,#00BC54
62.0,-120.0,42.0,#00BC43
62.0,-120.0,50.0,#00BB30
62.0,-120.0,58.0,#00BB13
62.0,-120.0,68.0,#00BB00
62.0,-120.0,76.0,#00BB00
62.0,-112.0,14.0,#00BB7A
62.0,-112.0,20.0,#00BB6F
62.0,-112.0,26.0,#00BB64
62.0,-112.0,34.0,#00BA54
62.0,-108.0,-8.0,#00BBA2
62.0,-106.0,-2.0,#00BB97
62.0,-102.0,-12.0,#00BAA9
62.0,-98.0,82.0,#00B700
62.0,-96.0,18.0,#00B873
62.0,-96.0,24.0,#00B768
62.0,-96.0,30.0,#00B75C
62.0,-96.0,38.0,#00B74C
62.0,-96.0,46.0,#00B73B
62.0,-96.0,54.0,#00B725
62.0,-96.0,92.0,#00B600
62.0,-90.0,-14.0,#00B8AD
62.0,-90.0,94.0,#00B500
62.0,-88.0,-8.0,#00B7A2
62.0,-88.0,54.0,#00B526
62.0,-82.0,-24.0,#00B7BE
62.0,-82.0,-14.0,#00B6AD
62.0,-82.0,90.0,#00B300
62.0,-80.0,-8.0,#00B5A2
62.0,-80.0,28.0,#00B361
62.0,-80.0,34.0,#00B355
62.0,-80.0,40.0,#00B349
62.0,-76.0,54.0,#00B227
62.0,-74.0,-22.0,#00B4BB
62.0,-74.0,44.0,#00B141
62.0,-74.0,94.0,#00B100
62.0,-72.0,-8.0,#00B3A2
62.0,-72.0,4.0,#00B28D
62.0,-72.0,10.0,#00B282
62.0,-70.0,48.0,#00B038
62.0,-68.0,-18.0,#00B3B4
62.0,-68.0,-12.0,#00B2A9
62.0,-68.0,32.0,#00B059
62.0,-68.0,40.0,#00B049
62.0,-68.0,88.0,#04AF00
62.0,-66.0,94.0,#20AE00
62.0,-64.0,44.0,#00AE41
62.0,-62.0,50.0,#00AE33
62.0,-60.0,2.0,#00AF91
62.0,-60.0,8.0,#00AF86
62.0,-60.0,98.0,#3EAD00
62.0,-56.0,-18.0,#00AFB4
62.0,-56.0,44.0,#2BAC42
62.0,-54.0,10.0,#00AD82
62.0,-50.0,-6.0,#00AC9F
62.0,-50.0,20.0,#17AB71
62.0,-50.0,26.0,#2BAB66
62.0,-50.0,40.0,#41AA4A
62.0,-48.0,0.0,#00AB94
62.0,-48.0,6.0,#00AB8A
62.0,-48.0,92.0,#60A900
62.0,-46.0,-26.0,#00ACC3
62.0,-46.0,-16.0,#00ABB1
62.0,-46.0,52.0,#58A830
62.0,-46.0,100.0,#66A800
62.0,-44.0,-20.0,#00ABB8
62.0,-44.0,16.0,#34A978
62.0,-44.0,22.0,#40A96D
62.0,-44.0,66.0,#63A700
62.0,-42.0,2.0,#08A991
62.0,-42.0,72.0,#6AA700
62.0,-40.0,-24.0,#00AABF
62.0,-38.0,40.0,#65A64B
62.0,-36.0,-36.0,#00A9D5
62.0,-36.0,-30.0,#00A9CA
62.0,-36.0,0.0,#34A795
62.0,-36.0,4.0,#3EA68E
62.0,-36.0,8.0,#46A687
62.0,-36.0,80.0,#78A400
62.0,-32.0,-54.0,#00AAF5
62.0,-32.0,-12.0,#1EA6AA
62.0,-32.0,-4.0,#3DA59C
62.0,-32.0,10.0,#57A583
62.0,-32.0,26.0,#68A466
62.0,-30.0,-48.0,#00A8EA
62.0,-30.0,-40.0,#00A7DC
62.0,-30.0,0.0,#4DA495
62.0,-30.0,4.0,#54A48E
62.0,-30.0,50.0,#7BA236
62.0,-30.0,98.0,#86A200
62.0,-28.0,54.0,#81A12C
62.0,-26.0,-42.0,#00A6DF
62.0,-26.0,-8.0,#4CA3A3
62.0,-26.0,-4.0,#54A39C
62.0,-26.0,10.0,#68A283
62.0,-26.0,24.0,#75A16A
62.0,-26.0,30.0,#79A15F
62.0,-26.0,36.0,#7DA154
62.0,-26.0,44.0,#81A144
62.0,-24.0,82.0,#8F9F00
62.0,-24.0,90.0,#8F9F00
62.0,-24.0,98.0,#909F00
62.0,-22.0,-24.0,#2EA3BF
62.0,-22.0,-14.0,#4DA2AE
62.0,-22.0,18.0,#79A075
62.0,-22.0,24.0,#7DA06A
62.0,-22.0,30.0,#819F5F
62.0,-22.0,52.0,#8B9F32
62.0,-20.0,-18.0,#4BA1B5
62.0,-20.0,40.0,#8A9E4C
62.0,-20.0,92.0,#969D00
62.0,-20.0,100.0,#979D00
62.0,-18.0,-46.0,#00A3E7
62.0,-18.0,-14.0,#5BA0AE
62.0,-18.0,-10.0,#62A0A7
62.0,-18.0,-6.0,#689FA0
62.0,-18.0,-2.0,#6D9F99
62.0,-18.0,2.0,#729F92
62.0,-18.0,6.0,#769F8B
62.0,-18.0,10.0,#7A9E84
62.0,-18.0,14.0,#7E9E7C
62.0,-18.0,18.0,#819E75
62.0,-16.0,-40.0,#00A1DC
62.0,-16.0,36.0,#909C54
62.0,-16.0,68.0,#9A9B00
62.0,-16.0,94.0,#9D9B00
62.0,-16.0,102.0,#9E9B00
62.0,-14.0,-48.0,#00A1EA
62.0,-14.0,-12.0,#6A9EAA
62.0,-14.0,12.0,#849C80
62.0,-14.0,16.0,#879C79
62.0,-14.0,40.0,#959B4D
62.0,-12.0,-42.0,#00A0E0
62.0,-12.0,-22.0,#5E9EBC
62.0,-12.0,-18.0,#669DB5
62.0,-12.0,-14.0,#6C9DAE
62.0,-12.0,34.0,#969A58
62.0,-12.0,44.0,#9A9A45
62.0,-12.0,68.0,#A09A00
62.0,-12.0,104.0,#A49900
62.0,-10.0,-10.0,#779CA7
62.0,-10.0,12.0,#8C9A80
62.0,-10.0,38.0,#9B9951
62.0,-10.0,62.0,#A29915
62.0,-8.0,-38.0,#439DD9
62.0,-8.0,-18.0,#709BB5
62.0,-8.0,-14.0,#769BAE
62.0,-8.0,-8.0,#7E9BA4
62.0,-8.0,-4.0,#829A9D
62.0,-8.0,2.0,#889A92
62.0,-8.0,26.0,#999967
62.0,-8.0,32.0,#9C985C
62.0,-8.0,48.0,#A2983D
62.0,-8.0,68.0,#A69700
62.0,-8.0,98.0,#AA9700
62.0,-6.0,-34.0,#579CD2
62.0,-6.0,-28.0,#649BC7
62.0,-6.0,-12.0,#7D9AAB
62.0,-6.0,-8.0,#829AA4
62.0,-6.0,-4.0,#86999D
62.0,-6.0,0.0,#8A9996
62.0,-6.0,4.0,#8E998F
62.0,-6.0,8.0,#919988
62.0,-6.0,12.0,#949880
62.0,-6.0,16.0,#969879
62.0,-6.0,28.0,#9D9864
62.0,-6.0,36.0,#A19755
62.0,-6.0,52.0,#A69734
62.0,-6.0,60.0,#A8971E
62.0,-6.0,76.0,#AB9600
62.0,-6.0,84.0,#AC9600
62.0,-6.0,104.0,#AD9600
62.0,-4.0,-18.0,#7A99B5
62.0,-4.0,-14.0,#7F99AE
62.0,-4.0,-10.0,#8499A7
62.0,-4.0,-6.0,#8898A0
62.0,-4.0,-2.0,#8C9899
62.0,-4.0,2.0,#909892
62.0,-4.0,6.0,#93988B
62.0,-4.0,10.0,#969784
62.0,-4.0,14.0,#99977D
62.0,-4.0,18.0,#9B9776
62.0,-4.0,22.0,#9D976F
62.0,-4.0,92.0,#AF9500
62.0,-2.0,-36.0,#609AD5
62.0,-2.0,-30.0,#6C99CB
62.0,-2.0,-16.0,#8198B2
62.0,-2.0,-12.0,#8698AB
62.0,-2.0,-8.0,#8B97A4
62.0,-2.0,-4.0,#8E979D
62.0,-2.0,0.0,#929796
62.0,-2.0,4.0,#95978F
62.0,-2.0,8.0,#989688
62.0,-2.0,12.0,#9B9681
62.0,-2.0,16.0,#9E967A
62.0,-2.0,20.0,#A09672
62.0,-2.0,52.0,#AC9534
62.0,-2.0,82.0,#B29400
62.0,-2.0,98.0,#B39400
62.0,0.0,-20.0,#8197B9
62.0,0.0,-16.0,#8697B2
62.0,0.0,-12.0,#8A97AB
62.0,0.0,-8.0,#8F96A4
62.0,0.0,-4.0,#92969D
62.0,0.0,0.0,#969696
62.0,0.0,4.0,#99968F
62.0,0.0,8.0,#9C9588
62.0,0.0,12.0,#9F9581
62.0,0.0,16.0,#A1957A
62.0,0.0,20.0,#A39573
62.0,0.0,26.0,#A69468
62.0,0.0,40.0,#AC944E
62.0,2.0,-20.0,#8596B9
62.0,2.0,-16.0,#8A96B2
62.0,2.0,-12.0,#8F96AB
62.0,2.0,-8.0,#9295A4
62.0,2.0,-4.0,#96959D
62.0,2.0,0.0,#999596
62.0,2.0,4.0,#9D948F
62.0,2.0,8.0,#9F9488
62.0,2.0,12.0,#A29481
62.0,2.0,16.0,#A4947A
62.0,2.0,20.0,#A79373
62.0,2.0,52.0,#B29235
62.0,2.0,60.0,#B4921F
62.0,4.0,-36.0,#7197D5
62.0,4.0,-20.0,#8A95B9
62.0,4.0,-16.0,#8E95B2
62.0,4.0,-12.0,#9394AB
62.0,4.0,-8.0,#9694A4
62.0,4.0,-4.0,#9A949D
62.0,4.0,0.0,#9D9396
62.0,4.0,4.0,#A0938F
62.0,4.0,8.0,#A39388
62.0,4.0,12.0,#A59381
62.0,4.0,16.0,#A8927A
62.0,4.0,28.0,#AE9264
62.0,4.0,104.0,#BC9000
62.0,6.0,-50.0,#5697EE
62.0,6.0,-34.0,#7A95D2
62.0,6.0,-16.0,#9294B2
62.0,6.0,-12.0,#9693AB
62.0,6.0,-8.0,#9A93A4
62.0,6.0,-4.0,#9E939D
62.0,6.0,0.0,#A19296
62.0,6.0,4.0,#A4928F
62.0,6.0,8.0,#A69288
62.0,6.0,12.0,#A99281
62.0,6.0,16.0,#AB917A
62.0,6.0,20.0,#AD9173
62.0,6.0,52.0,#B89035
62.0,6.0,60.0,#BA9020
62.0,8.0,-60.0,#3797FF
62.0,8.0,-46.0,#6896E7
62.0,8.0,-16.0,#9692B2
62.0,8.0,-12.0,#9A92AB
62.0,8.0,-8.0,#9E92A4
62.0,8.0,-4.0,#A1919D
62.0,8.0,0.0,#A49196
62.0,8.0,4.0,#A7918F
62.0,8.0,8.0,#AA9188
62.0,8.0,12.0,#AC9081
62.0,8.0,16.0,#AE907A
62.0,8.0,28.0,#B48F65
62.0,8.0,46.0,#BA8F42
62.0,8.0,102.0,#C18E00
62.0,10.0,-56.0,#5396F9
62.0,10.0,-36.0,#8193D5
62.0,10.0,-32.0,#8793CE
62.0,10.0,-10.0,#A091A8
62.0,10.0,-6.0,#A390A1
62.0,10.0,-2.0,#A6909A
62.0,10.0,2.0,#A99093
62.0,10.0,6.0,#AC8F8C
62.0,10.0,10.0,#AE8F85
62.0,10.0,20.0,#B38F73
62.0,10.0,52.0,#BE8D36
62.0,10.0,60.0,#C08D21
62.0,10.0,74.0,#C28D00
62.0,12.0,-30.0,#8E91CB
62.0,12.0,-20.0,#9A90B9
62.0,12.0,-16.0,#9E90B2
62.0,12.0,-4.0,#A88F9D
62.0,12.0,0.0,#AB8F96
62.0,12.0,4.0,#AE8E8F
62.0,12.0,8.0,#B08E88
62.0,12.0,14.0,#B48E7E
62.0,12.0,30.0,#BB8D61
62.0,12.0,100.0,#C78B00
62.0,14.0,-64.0,#4694FF
62.0,14.0,-52.0,#6C93F2
62.0,14.0,-10.0,#A78EA8
62.0,14.0,-2.0,#AD8D9A
62.0,14.0,2.0,#B08D93
62.0,14.0,12.0,#B68C81
62.0,14.0,22.0,#BB8C70
62.0,14.0,72.0,#C88A00
62.0,16.0,-22.0,#A08EBD
62.0,16.0,-8.0,#AC8DA4
62.0,16.0,0.0,#B28C96
62.0,16.0,10.0,#B88B85
62.0,16.0,16.0,#BB8B7A
62.0,16.0,32.0,#C18A5E
62.0,16.0,38.0,#C38A53
62.0,16.0,60.0,#C98922
62.0,16.0,88.0,#CC8900
62.0,18.0,-12.0,#AC8CAB
62.0,18.0,-6.0,#B18BA1
62.0,18.0,14.0,#BD8A7E
62.0,18.0,24.0,#C1896C
62.0,18.0,28.0,#C38965
62.0,18.0,66.0,#CC880A
62.0,18.0,74.0,#CD8700
62.0,18.0,94.0,#CF8700
62.0,20.0,-42.0,#8F8DE0
62.0,20.0,12.0,#BF8882
62.0,20.0,18.0,#C28877
62.0,20.0,40.0,#CA874F
62.0,20.0,46.0,#CB8743
62.0,20.0,80.0,#D18600
62.0,20.0,88.0,#D18600
62.0,22.0,-40.0,#968CDD
62.0,22.0,-10.0,#B589A8
62.0,22.0,2.0,#BD8893
62.0,22.0,6.0,#BF878C
62.0,22.0,16.0,#C4877B
62.0,22.0,28.0,#C98665
62.0,22.0,68.0,#D28500
62.0,22.0,94.0,#D48400
62.0,24.0,-48.0,#8E8CEB
62.0,24.0,10.0,#C48685
62.0,24.0,14.0,#C6857E
62.0,24.0,20.0,#C98574
62.0,24.0,44.0,#D08448
62.0,24.0,64.0,#D48316
62.0,24.0,74.0,#D68300
62.0,26.0,-46.0,#968AE8
62.0,26.0,18.0,#CB8477
62.0,26.0,30.0,#CF8362
62.0,28.0,-44.0,#9D88E4
62.0,28.0,24.0,#D0826D
62.0,28.0,44.0,#D68148
62.0,28.0,62.0,#D9801E
62.0,28.0,80.0,#DC8000
62.0,28.0,96.0,#DC8000
62.0,30.0,18.0,#D18078
62.0,30.0,22.0,#D28070
62.0,30.0,56.0,#DB7F2F
62.0,30.0,68.0,#DD7E03
62.0,30.0,102.0,#DF7E00
62.0,32.0,92.0,#E27C00
62.0,34.0,46.0,#DF7C45
62.0,34.0,56.0,#E17B30
62.0,34.0,80.0,#E37B00
62.0,34.0,98.0,#E57B00
62.0,36.0,24.0,#DB7B6D
62.0,36.0,34.0,#DF7A5B
62.0,36.0,86.0,#E77900
62.0,38.0,-22.0,#C67DBD
62.0,38.0,46.0,#E47845
62.0,38.0,52.0,#E57839
62.0,38.0,92.0,#E97700
62.0,40.0,-60.0,#9F81FF
62.0,40.0,4.0,#D97990
62.0,40.0,58.0,#E9762C
62.0,40.0,74.0,#EB7500
62.0,40.0,86.0,#EC7500
62.0,40.0,98.0,#EC7500
62.0,42.0,22.0,#E37671
62.0,42.0,26.0,#E4756A
62.0,42.0,30.0,#E67563
62.0,42.0,34.0,#E7755C
62.0,42.0,46.0,#E97446
62.0,42.0,52.0,#EB7439
62.0,42.0,104.0,#EF7300
62.0,44.0,-52.0,#B27CF3
62.0,44.0,-44.0,#BC7BE4
62.0,46.0,2.0,#E17394
62.0,46.0,86.0,#F46F00
62.0,46.0,98.0,#F46F00
62.0,48.0,6.0,#E5718D
62.0,48.0,26.0,#ED6F6B
62.0,48.0,30.0,#EE6F63
62.0,48.0,34.0,#EF6F5C
62.0,48.0,38.0,#F06F55
62.0,50.0,-56.0,#B977FA
62.0,50.0,-46.0,#C475E8
62.0,50.0,14.0,#EB6E7F
62.0,52.0,-64.0,#B277FF
62.0,52.0,44.0,#F66A4A
62.0,52.0,98.0,#FC6800
62.0,54.0,-54.0,#C273F7
62.0,54.0,-38.0,#D370DA
62.0,54.0,28.0,#F56867
62.0,54.0,36.0,#F76859
62.0,54.0,50.0,#FA673F
62.0,54.0,82.0,#FE6600
62.0,54.0,90.0,#FE6600
62.0,56.0,-50.0,#CA70EF
62.0,56.0,96.0,#FF6300
62.0,58.0,48.0,#FF6243
62.0,58.0,88.0,#FF6100
62.0,60.0,-60.0,#C66DFF
62.0,60.0,54.0,#FF5F38
62.0,62.0,-30.0,#E565CC
62.0,62.0,86.0,#FF5B00
62.0,62.0,100.0,#FF5B00
62.0,64.0,48.0,#FF5A44
62.0,66.0,-26.0,#EE5FC5
62.0,66.0,40.0,#FF5753
62.0,66.0,54.0,#FF5639
62.0,68.0,-58.0,#D763FE
62.0,68.0,46.0,#FF5348
62.0,68.0,60.0,#FF532C
62.0,70.0,-52.0,#E05EF3
62.0,70.0,52.0,#FF503D
62.0,72.0,-28.0,#F656C9
62.0,72.0,-16.0,#FC54B4
62.0,72.0,58.0,#FF4C31
62.0,74.0,-40.0,#F055DE
62.0,74.0,-34.0,#F554D4
62.0,74.0,-22.0,#FC51BF
62.0,74.0,64.0,#FF4724
62.0,76.0,-58.0,#E457FE
62.0,76.0,54.0,#FF443A
62.0,76.0,70.0,#FF4312
62.0,78.0,-52.0,#ED51F4
62.0,78.0,44.0,#FF404D
62.0,78.0,60.0,#FF3F2E
62.0,80.0,-42.0,#F84BE2
62.0,80.0,-30.0,#FF48CD
62.0,80.0,50.0,#FF3A42
62.0,80.0,66.0,#FF3920
62.0,80.0,82.0,#FF3800
62.0,82.0,-64.0,#E84EFF
62.0,82.0,-36.0,#FF45D7
62.0,82.0,56.0,#FF3437
62.0,84.0,-50.0,#F845F0
62.0,84.0,62.0,#FF2C2B
62.0,86.0,-44.0,#FF3EE6
62.0,88.0,-38.0,#FF36DB
62.0,90.0,-54.0,#FD37F7
62.0,90.0,-4.0,#FF20A0
62.0,92.0,-48.0,#FF2DED
62.0,92.0,24.0,#FF0071
62.0,94.0,-36.0,#FF1CD8
62.0,96.0,-58.0,#FF22FF
62.0,96.0,-42.0,#FF13E2
62.0,100.0,-16.0,#FF00B5
62.0,102.0,-46.0,#FF00EA
63.0,-128.0,-2.0,#00C299
63.0,-128.0,10.0,#00C184
63.0,-128.0,34.0,#00C056
63.0,-128.0,60.0,#00C00B
63.0,-128.0,68.0,#00BF00
63.0,-122.0,-8.0,#00C1A4
63.0,-116.0,-12.0,#00C0AB
63.0,-112.0,2.0,#00BF92
63.0,-112.0,8.0,#00BE87
63.0,-112.0,42.0,#00BD46
63.0,-112.0,50.0,#00BD33
63.0,-110.0,-16.0,#00BFB3
63.0,-104.0,-18.0,#00BEB6
63.0,-104.0,42.0,#00BB46
63.0,-104.0,50.0,#00BB33
63.0,-102.0,74.0,#00BA00
63.0,-102.0,88.0,#00BA00
63.0,-100.0,-24.0,#00BEC1
63.0,-100.0,-6.0,#00BDA1
63.0,-98.0,-16.0,#00BDB3
63.0,-96.0,0.0,#00BB96
63.0,-96.0,6.0,#00BB8B
63.0,-94.0,-22.0,#00BCBD
63.0,-94.0,-10.0,#00BBA8
63.0,-94.0,70.0,#00B900
63.0,-90.0,-28.0,#00BCC8
63.0,-90.0,-4.0,#00BA9D
63.0,-88.0,2.0,#00B993
63.0,-88.0,8.0,#00B988
63.0,-88.0,14.0,#00B97D
63.0,-88.0,20.0,#00B972
63.0,-88.0,38.0,#00B84F
63.0,-88.0,46.0,#00B83E
63.0,-82.0,-30.0,#00BACC
63.0,-82.0,-4.0,#00B89D
63.0,-80.0,46.0,#00B63E
63.0,-76.0,-34.0,#00B9D3
63.0,-76.0,-28.0,#00B8C8
63.0,-76.0,-18.0,#00B8B7
63.0,-76.0,-2.0,#00B79A
63.0,-72.0,20.0,#00B472
63.0,-70.0,-36.0,#00B7D7
63.0,-68.0,80.0,#04B200
63.0,-66.0,4.0,#00B390
63.0,-66.0,10.0,#00B385
63.0,-64.0,-6.0,#00B3A1
63.0,-62.0,-26.0,#00B4C5
63.0,-62.0,32.0,#00B15C
63.0,-62.0,78.0,#33B000
63.0,-60.0,12.0,#00B181
63.0,-58.0,-34.0,#00B4D3
63.0,-58.0,-12.0,#00B2AC
63.0,-58.0,-8.0,#00B2A5
63.0,-58.0,-4.0,#00B19E
63.0,-58.0,92.0,#48AF00
63.0,-56.0,-28.0,#00B2C9
63.0,-56.0,28.0,#00AF64
63.0,-54.0,14.0,#00AF7E
63.0,-54.0,60.0,#48AE18
63.0,-52.0,-14.0,#00B0B0
63.0,-52.0,-10.0,#00B0A9
63.0,-50.0,64.0,#56AC00
63.0,-46.0,-46.0,#00B1E9
63.0,-46.0,-12.0,#00AEAC
63.0,-46.0,-8.0,#00AEA5
63.0,-44.0,26.0,#49AB68
63.0,-44.0,82.0,#6BAA00
63.0,-42.0,10.0,#33AB85
63.0,-42.0,36.0,#5AAA55
63.0,-42.0,104.0,#72A900
63.0,-40.0,-42.0,#00AEE2
63.0,-40.0,-10.0,#00ACA9
63.0,-40.0,-6.0,#00ABA2
63.0,-40.0,-2.0,#0DAB9B
63.0,-40.0,88.0,#74A800
63.0,-38.0,16.0,#4FA97B
63.0,-38.0,20.0,#55A974
63.0,-38.0,50.0,#6DA838
63.0,-38.0,56.0,#70A828
63.0,-36.0,100.0,#7EA700
63.0,-34.0,-18.0,#00AAB7
63.0,-34.0,106.0,#82A600
63.0,-32.0,16.0,#61A77B
63.0,-32.0,20.0,#66A774
63.0,-32.0,44.0,#77A646
63.0,-32.0,74.0,#82A500
63.0,-32.0,86.0,#84A500
63.0,-30.0,-24.0,#00A9C2
63.0,-30.0,-20.0,#00A8BB
63.0,-30.0,30.0,#73A561
63.0,-30.0,80.0,#86A400
63.0,-28.0,-16.0,#2EA7B4
63.0,-28.0,-12.0,#3CA7AD
63.0,-28.0,88.0,#8BA300
63.0,-26.0,-26.0,#00A7C6
63.0,-26.0,16.0,#70A47B
63.0,-26.0,20.0,#74A474
63.0,-24.0,-20.0,#36A6BB
63.0,-24.0,-12.0,#4DA5AD
63.0,-24.0,2.0,#66A494
63.0,-24.0,6.0,#6BA48D
63.0,-24.0,106.0,#94A200
63.0,-22.0,-34.0,#00A6D4
63.0,-22.0,-28.0,#1AA6C9
63.0,-22.0,10.0,#74A386
63.0,-22.0,14.0,#78A37F
63.0,-22.0,68.0,#92A100
63.0,-22.0,76.0,#94A100
63.0,-20.0,62.0,#94A016
63.0,-20.0,84.0,#98A000
63.0,-18.0,-28.0,#39A4C9
63.0,-18.0,46.0,#93A043
63.0,-18.0,56.0,#969F2B
63.0,-18.0,78.0,#9B9F00
63.0,-16.0,-22.0,#54A2BF
63.0,-16.0,-18.0,#5CA2B8
63.0,-16.0,50.0,#989F3A
63.0,-16.0,86.0,#9F9E00
63.0,-14.0,-30.0,#46A2CD
63.0,-14.0,0.0,#7CA098
63.0,-14.0,20.0,#8D9F74
63.0,-14.0,28.0,#929E66
63.0,-14.0,54.0,#9C9D31
63.0,-14.0,80.0,#A29D00
63.0,-12.0,-2.0,#7E9F9C
63.0,-12.0,2.0,#829F95
63.0,-10.0,-30.0,#56A0CD
63.0,-10.0,-4.0,#809E9F
63.0,-10.0,0.0,#859E98
63.0,-10.0,4.0,#889E91
63.0,-10.0,16.0,#929D7C
63.0,-10.0,24.0,#979C6D
63.0,-10.0,30.0,#9A9C62
63.0,-8.0,6.0,#8E9C8E
63.0,-8.0,18.0,#979C78
63.0,-6.0,-50.0,#00A0F1
63.0,-6.0,20.0,#9C9B75
63.0,-2.0,28.0,#A79867
63.0,-2.0,62.0,#B2971B
63.0,-2.0,106.0,#B69600
63.0,0.0,-26.0,#7B9BC6
63.0,0.0,32.0,#AC975F
63.0,2.0,-54.0,#379DF8
63.0,2.0,-24.0,#8399C3
63.0,2.0,26.0,#AC966A
63.0,4.0,-60.0,#199CFF
63.0,4.0,20.0,#AD9575
63.0,4.0,42.0,#B6944C
63.0,4.0,88.0,#BE9300
63.0,4.0,96.0,#BE9300
63.0,6.0,-20.0,#9197BC
63.0,6.0,34.0,#B6935C
63.0,6.0,72.0,#BF9200
63.0,6.0,80.0,#C09200
63.0,8.0,-26.0,#8D96C6
63.0,8.0,24.0,#B5926E
63.0,8.0,94.0,#C49000
63.0,10.0,-24.0,#9495C3
63.0,10.0,34.0,#BC915C
63.0,10.0,68.0,#C49000
63.0,12.0,-42.0,#7E95E3
63.0,12.0,18.0,#B89079
63.0,12.0,24.0,#BB906E
63.0,12.0,46.0,#C38F45
63.0,14.0,-26.0,#9A92C7
63.0,14.0,78.0,#CB8D00
63.0,16.0,6.0,#B88E8E
63.0,16.0,48.0,#C98C41
63.0,16.0,104.0,#D08B00
63.0,18.0,-32.0,#9B90D1
63.0,18.0,-28.0,#A090CA
63.0,18.0,4.0,#BA8D92
63.0,20.0,-22.0,#AA8EC0
63.0,20.0,-18.0,#AD8DB9
63.0,20.0,-2.0,#BA8C9D
63.0,20.0,8.0,#C08B8B
63.0,20.0,104.0,#D58800
63.0,22.0,-60.0,#7491FF
63.0,22.0,-54.0,#8290F9
63.0,22.0,-32.0,#A38DD1
63.0,22.0,-28.0,#A78DCA
63.0,22.0,-14.0,#B48CB2
63.0,22.0,36.0,#CE8859
63.0,22.0,58.0,#D4872B
63.0,24.0,-52.0,#8A8FF5
63.0,24.0,-26.0,#AD8BC7
63.0,24.0,-22.0,#B18BC0
63.0,24.0,-18.0,#B48BB9
63.0,24.0,34.0,#D1875D
63.0,24.0,80.0,#D98600
63.0,24.0,104.0,#DB8500
63.0,26.0,-60.0,#808EFF
63.0,26.0,-32.0,#AB8BD2
63.0,26.0,86.0,#DC8400
63.0,28.0,-26.0,#B488C7
63.0,28.0,-22.0,#B888C0
63.0,28.0,28.0,#D48468
63.0,28.0,40.0,#D88352
63.0,28.0,74.0,#DE8200
63.0,30.0,-56.0,#928BFD
63.0,30.0,-32.0,#B288D2
63.0,32.0,-54.0,#9A89F9
63.0,32.0,28.0,#DA8168
63.0,32.0,86.0,#E47F00
63.0,34.0,-62.0,#9089FF
63.0,34.0,16.0,#D9807E
63.0,36.0,-54.0,#A286F9
63.0,36.0,20.0,#DD7E77
63.0,36.0,28.0,#E07D69
63.0,38.0,-62.0,#9A86FF
63.0,38.0,40.0,#E67B53
63.0,40.0,-54.0,#AB83F9
63.0,40.0,-28.0,#C77FCB
63.0,40.0,18.0,#E27A7B
63.0,42.0,64.0,#F0761F
63.0,44.0,-26.0,#CF7BC7
63.0,44.0,-20.0,#D47ABD
63.0,44.0,10.0,#E47789
63.0,46.0,-6.0,#E077A5
63.0,46.0,18.0,#EA757B
63.0,48.0,-32.0,#D178D2
63.0,48.0,-16.0,#DD76B6
63.0,48.0,66.0,#F8701A
63.0,50.0,-28.0,#D775CB
63.0,50.0,-22.0,#DC74C1
63.0,50.0,82.0,#FC6E00
63.0,52.0,20.0,#F36E78
63.0,52.0,64.0,#FD6C21
63.0,54.0,-18.0,#E470BA
63.0,54.0,4.0,#F06D94
63.0,54.0,58.0,#FE6A31
63.0,56.0,-62.0,#BF75FF
63.0,56.0,-26.0,#E26EC8
63.0,56.0,-4.0,#EF6CA1
63.0,58.0,-14.0,#ED6AB3
63.0,58.0,8.0,#F7688D
63.0,58.0,14.0,#F96782
63.0,58.0,18.0,#FB677C
63.0,58.0,22.0,#FC6775
63.0,60.0,-44.0,#DA6DE8
63.0,60.0,-22.0,#EB69C1
63.0,60.0,-8.0,#F367A9
63.0,60.0,28.0,#FF646A
63.0,60.0,34.0,#FF6360
63.0,62.0,-56.0,#D16DFD
63.0,62.0,62.0,#FF5F29
63.0,64.0,-4.0,#FA61A2
63.0,64.0,16.0,#FF5F7F
63.0,64.0,24.0,#FF5E72
63.0,64.0,68.0,#FF5C18
63.0,66.0,-12.0,#F960B0
63.0,66.0,30.0,#FF5B67
63.0,66.0,36.0,#FF5A5D
63.0,66.0,74.0,#FF5900
63.0,66.0,82.0,#FF5800
63.0,70.0,-2.0,#FF589F
63.0,70.0,14.0,#FF5683
63.0,70.0,20.0,#FF5579
63.0,70.0,26.0,#FF556E
63.0,70.0,70.0,#FF5213
63.0,72.0,-10.0,#FF56AC
63.0,72.0,32.0,#FF5164
63.0,72.0,38.0,#FF505A
63.0,76.0,12.0,#FF4B87
63.0,76.0,18.0,#FF4A7D
63.0,76.0,24.0,#FF4A72
63.0,78.0,-4.0,#FF4AA2
63.0,78.0,2.0,#FF4998
63.0,78.0,30.0,#FF4568
63.0,78.0,36.0,#FF445E
63.0,80.0,8.0,#FF438E
63.0,82.0,14.0,#FF3D84
63.0,82.0,20.0,#FF3C7A
63.0,82.0,26.0,#FF3B6F
63.0,84.0,-6.0,#FF3CA6
63.0,88.0,6.0,#FF2C92
63.0,88.0,12.0,#FF2A88
63.0,96.0,-30.0,#FF11D0
63.0,102.0,-54.0,#FF00FB
63.0,102.0,-32.0,#FF00D4
64.0,-128.0,22.0,#00C470
64.0,-128.0,46.0,#00C33F
64.0,-128.0,54.0,#00C329
64.0,-118.0,84.0,#00C100
64.0,-112.0,30.0,#00C061
64.0,-112.0,62.0,#00C005
64.0,-112.0,90.0,#00BF00
64.0,-110.0,70.0,#00BF00
64.0,-110.0,80.0,#00BF00
64.0,-106.0,94.0,#00BE00
64.0,-104.0,4.0,#00C091
64.0,-104.0,10.0,#00C086
64.0,-104.0,16.0,#00BF7C
64.0,-104.0,22.0,#00BF70
64.0,-104.0,28.0,#00BF65
64.0,-104.0,36.0,#00BF55
64.0,-104.0,60.0,#00BE14
64.0,-104.0,68.0,#00BE00
64.0,-100.0,98.0,#00BD00
64.0,-98.0,62.0,#00BD08
64.0,-96.0,14.0,#00BE7F
64.0,-92.0,100.0,#00BB00
64.0,-90.0,64.0,#00BB00
64.0,-90.0,78.0,#00BB00
64.0,-88.0,-32.0,#00BFD2
64.0,-88.0,30.0,#00BB62
64.0,-86.0,70.0,#00BA00
64.0,-86.0,102.0,#00B900
64.0,-84.0,-18.0,#00BDB9
64.0,-84.0,58.0,#00B91F
64.0,-84.0,82.0,#00B900
64.0,-82.0,-36.0,#00BDDA
64.0,-82.0,64.0,#00B900
64.0,-82.0,76.0,#00B900
64.0,-80.0,4.0,#00BA92
64.0,-80.0,14.0,#00BA80
64.0,-80.0,20.0,#00B975
64.0,-78.0,84.0,#00B700
64.0,-78.0,104.0,#00B700
64.0,-76.0,-40.0,#00BCE1
64.0,-76.0,60.0,#00B718
64.0,-76.0,68.0,#00B700
64.0,-76.0,78.0,#00B700
64.0,-74.0,40.0,#00B74E
64.0,-72.0,-14.0,#00B9B2
64.0,-72.0,30.0,#00B762
64.0,-72.0,88.0,#00B600
64.0,-72.0,100.0,#00B600
64.0,-70.0,-44.0,#00BBE8
64.0,-70.0,-26.0,#00B9C8
64.0,-70.0,54.0,#00B62E
64.0,-70.0,62.0,#00B50F
64.0,-70.0,70.0,#00B500
64.0,-66.0,-2.0,#00B79D
64.0,-66.0,14.0,#00B680
64.0,-66.0,20.0,#00B575
64.0,-66.0,26.0,#00B56A
64.0,-66.0,48.0,#00B53D
64.0,-66.0,104.0,#2EB400
64.0,-64.0,-48.0,#00BAF0
64.0,-64.0,-42.0,#00B9E5
64.0,-64.0,-36.0,#00B8DA
64.0,-64.0,56.0,#0DB428
64.0,-64.0,64.0,#20B402
64.0,-64.0,72.0,#29B400
64.0,-62.0,-16.0,#00B6B6
64.0,-60.0,18.0,#00B479
64.0,-60.0,24.0,#00B36E
64.0,-60.0,36.0,#00B357
64.0,-58.0,-52.0,#00B8F7
64.0,-58.0,-44.0,#00B7E8
64.0,-58.0,66.0,#40B200
64.0,-58.0,104.0,#4DB100
64.0,-56.0,4.0,#00B392
64.0,-56.0,80.0,#4EB100
64.0,-54.0,20.0,#00B275
64.0,-54.0,34.0,#2DB15B
64.0,-54.0,40.0,#37B14F
64.0,-54.0,46.0,#3FB142
64.0,-54.0,52.0,#45B134
64.0,-52.0,-54.0,#00B6FB
64.0,-52.0,-46.0,#00B6EC
64.0,-52.0,-40.0,#00B5E1
64.0,-52.0,-34.0,#00B4D6
64.0,-52.0,-22.0,#00B3C1
64.0,-52.0,-18.0,#00B3BA
64.0,-52.0,0.0,#00B29A
64.0,-52.0,84.0,#5BAF00
64.0,-52.0,100.0,#5EAF00
64.0,-50.0,74.0,#5DAF00
64.0,-48.0,-58.0,#00B6FF
64.0,-48.0,4.0,#00B093
64.0,-48.0,10.0,#00B088
64.0,-48.0,16.0,#23B07D
64.0,-48.0,36.0,#4AAF58
64.0,-48.0,42.0,#50AF4B
64.0,-48.0,48.0,#55AF3E
64.0,-46.0,-52.0,#00B4F7
64.0,-46.0,-38.0,#00B3DE
64.0,-46.0,-32.0,#00B2D3
64.0,-46.0,-2.0,#00B09D
64.0,-42.0,-60.0,#00B4FF
64.0,-42.0,6.0,#2BAE8F
64.0,-42.0,30.0,#57AD63
64.0,-42.0,42.0,#61AD4C
64.0,-42.0,48.0,#65AC3F
64.0,-40.0,-54.0,#00B2FB
64.0,-40.0,-34.0,#00B0D7
64.0,-40.0,-28.0,#00B0CC
64.0,-40.0,-18.0,#00AFBA
64.0,-40.0,-14.0,#00AFB3
64.0,-40.0,96.0,#78AB00
64.0,-38.0,66.0,#76AA00
64.0,-38.0,76.0,#79AA00
64.0,-36.0,-60.0,#00B1FF
64.0,-36.0,12.0,#53AB85
64.0,-36.0,26.0,#64AB6B
64.0,-36.0,32.0,#69AB60
64.0,-34.0,-46.0,#00AFEC
64.0,-34.0,-40.0,#00AEE1
64.0,-34.0,-14.0,#00ACB3
64.0,-34.0,68.0,#7FA900
64.0,-32.0,-10.0,#31ABAC
64.0,-32.0,-2.0,#48AB9E
64.0,-32.0,62.0,#81A818
64.0,-30.0,-60.0,#00AFFF
64.0,-30.0,-6.0,#47AAA5
64.0,-30.0,2.0,#57AA97
64.0,-30.0,6.0,#5DA98F
64.0,-30.0,38.0,#7BA855
64.0,-28.0,-54.0,#00AEFB
64.0,-28.0,-34.0,#00ABD7
64.0,-28.0,64.0,#89A60F
64.0,-26.0,12.0,#6FA785
64.0,-24.0,-60.0,#00ADFF
64.0,-24.0,-48.0,#00ABF0
64.0,-24.0,48.0,#8BA540
64.0,-24.0,56.0,#8EA52D
64.0,-22.0,-54.0,#00ABFB
64.0,-22.0,-42.0,#00AAE5
64.0,-22.0,-6.0,#62A7A5
64.0,-22.0,-2.0,#68A69E
64.0,-20.0,-14.0,#5AA6B3
64.0,-20.0,6.0,#77A590
64.0,-20.0,20.0,#84A477
64.0,-20.0,24.0,#86A46F
64.0,-20.0,30.0,#8AA464
64.0,-20.0,36.0,#8DA459
64.0,-20.0,108.0,#9DA200
64.0,-18.0,-60.0,#00AAFF
64.0,-18.0,-50.0,#00A9F4
64.0,-18.0,-38.0,#00A7DE
64.0,-18.0,8.0,#7EA48C
64.0,-18.0,12.0,#81A485
64.0,-18.0,16.0,#85A37E
64.0,-16.0,-44.0,#00A7E9
64.0,-16.0,-14.0,#66A4B3
64.0,-16.0,4.0,#7EA393
64.0,-16.0,24.0,#8EA270
64.0,-14.0,-56.0,#00A8FF
64.0,-14.0,-38.0,#25A6DE
64.0,-14.0,-10.0,#72A3AC
64.0,-14.0,-6.0,#77A3A5
64.0,-14.0,6.0,#84A290
64.0,-14.0,10.0,#88A289
64.0,-14.0,14.0,#8BA282
64.0,-14.0,62.0,#A1A01C
64.0,-12.0,-48.0,#00A6F0
64.0,-12.0,-26.0,#5BA3C9
64.0,-12.0,-12.0,#74A2B0
64.0,-12.0,48.0,#A19F41
64.0,-10.0,-56.0,#00A6FF
64.0,-10.0,-42.0,#2CA4E5
64.0,-10.0,-22.0,#6AA2C2
64.0,-10.0,-18.0,#70A2BB
64.0,-10.0,-14.0,#76A1B3
64.0,-10.0,-8.0,#7EA1A9
64.0,-10.0,10.0,#90A089
64.0,-10.0,74.0,#AA9E00
64.0,-10.0,82.0,#AB9E00
64.0,-10.0,90.0,#AC9D00
64.0,-8.0,-10.0,#81A0AC
64.0,-8.0,-6.0,#85A0A5
64.0,-8.0,-2.0,#89A09E
64.0,-8.0,12.0,#959F86
64.0,-8.0,36.0,#A39E5A
64.0,-8.0,42.0,#A59D4E
64.0,-8.0,56.0,#AA9D2F
64.0,-6.0,-56.0,#00A4FF
64.0,-6.0,-44.0,#3CA2E9
64.0,-6.0,-24.0,#71A0C5
64.0,-6.0,-18.0,#7BA0BB
64.0,-6.0,-14.0,#809FB4
64.0,-6.0,-10.0,#859FAD
64.0,-6.0,-6.0,#899FA5
64.0,-6.0,-2.0,#8D9E9E
64.0,-6.0,2.0,#919E97
64.0,-6.0,6.0,#959E90
64.0,-6.0,10.0,#989E89
64.0,-6.0,14.0,#9A9D82
64.0,-4.0,-40.0,#54A1E2
64.0,-4.0,-32.0,#68A0D4
64.0,-4.0,-22.0,#7A9FC2
64.0,-4.0,-16.0,#829EB7
64.0,-4.0,-12.0,#879EB0
64.0,-4.0,-8.0,#8C9EA9
64.0,-4.0,-4.0,#909EA2
64.0,-4.0,0.0,#939D9B
64.0,-4.0,4.0,#979D94
64.0,-4.0,8.0,#9A9D8D
64.0,-4.0,12.0,#9D9D86
64.0,-4.0,16.0,#9F9C7F
64.0,-4.0,34.0,#A99B5E
64.0,-4.0,40.0,#AB9B52
64.0,-4.0,46.0,#AD9B46
64.0,-4.0,54.0,#AF9B34
64.0,-4.0,68.0,#B39B00
64.0,-2.0,-58.0,#00A2FF
64.0,-2.0,-46.0,#49A0ED
64.0,-2.0,-20.0,#819EBE
64.0,-2.0,24.0,#A79B70
64.0,-2.0,74.0,#B79900
64.0,-2.0,90.0,#B89900
64.0,0.0,-42.0,#5E9FE6
64.0,0.0,-36.0,#6C9EDB
64.0,0.0,44.0,#B3994B
64.0,0.0,52.0,#B5993A
64.0,2.0,-48.0,#549EF1
64.0,2.0,74.0,#BD9700
64.0,2.0,82.0,#BD9700
64.0,2.0,106.0,#BF9700
64.0,4.0,-44.0,#669DE9
64.0,4.0,64.0,#BE9618
64.0,6.0,-30.0,#869AD0
64.0,8.0,-56.0,#519CFF
64.0,8.0,-40.0,#7A9AE2
64.0,8.0,40.0,#BE9453
64.0,8.0,58.0,#C3942C
64.0,10.0,-52.0,#669AF8
64.0,10.0,82.0,#C99200
64.0,10.0,106.0,#CB9200
64.0,12.0,58.0,#C8912D
64.0,14.0,-60.0,#5C99FF
64.0,14.0,-48.0,#7B97F1
64.0,14.0,-40.0,#8996E2
64.0,14.0,-14.0,#A994B4
64.0,14.0,54.0,#CB9037
64.0,14.0,90.0,#CF8F00
64.0,14.0,98.0,#D08F00
64.0,16.0,-58.0,#6A97FF
64.0,16.0,-38.0,#9195DF
64.0,16.0,-18.0,#A993BB
64.0,16.0,20.0,#C29078
64.0,18.0,56.0,#D18D32
64.0,18.0,82.0,#D48D00
64.0,20.0,-46.0,#8E93ED
64.0,20.0,22.0,#C98D75
64.0,20.0,52.0,#D38C3C
64.0,20.0,62.0,#D58B23
64.0,22.0,-36.0,#A191DB
64.0,22.0,-6.0,#BD8EA6
64.0,24.0,-2.0,#C38C9F
64.0,24.0,24.0,#D08A72
64.0,24.0,50.0,#D88941
64.0,26.0,-36.0,#A98EDB
64.0,26.0,-14.0,#BE8BB5
64.0,26.0,-10.0,#C18BAD
64.0,26.0,-6.0,#C48BA6
64.0,26.0,2.0,#C98A98
64.0,26.0,6.0,#CB8A91
64.0,26.0,56.0,#DC8734
64.0,26.0,98.0,#E08600
64.0,28.0,10.0,#D0888B
64.0,28.0,14.0,#D28784
64.0,28.0,50.0,#DD8641
64.0,30.0,-8.0,#C988AA
64.0,30.0,-4.0,#CB87A3
64.0,30.0,0.0,#CE879C
64.0,30.0,4.0,#D08795
64.0,32.0,-42.0,#AD8AE6
64.0,32.0,-22.0,#C287C3
64.0,32.0,-18.0,#C587BC
64.0,32.0,-14.0,#C887B5
64.0,32.0,8.0,#D5858E
64.0,32.0,34.0,#DF8360
64.0,32.0,50.0,#E38241
64.0,32.0,62.0,#E58225
64.0,32.0,74.0,#E78200
64.0,34.0,-30.0,#BE87D1
64.0,34.0,-2.0,#D384A0
64.0,34.0,2.0,#D58499
64.0,34.0,12.0,#DA8387
64.0,34.0,40.0,#E38155
64.0,34.0,68.0,#E98010
64.0,36.0,-42.0,#B587E6
64.0,36.0,-12.0,#D083B1
64.0,36.0,-8.0,#D283AA
64.0,36.0,6.0,#DA8192
64.0,36.0,62.0,#EB7F26
64.0,36.0,74.0,#EC7E00
64.0,38.0,-38.0,#BD85DF
64.0,38.0,-18.0,#CF82BC
64.0,38.0,10.0,#DF7F8B
64.0,38.0,68.0,#EE7D12
64.0,38.0,80.0,#EF7C00
64.0,38.0,106.0,#F17C00
64.0,40.0,-48.0,#B584F1
64.0,40.0,-34.0,#C482D8
64.0,40.0,-4.0,#DB7FA3
64.0,40.0,0.0,#DD7E9C
64.0,40.0,14.0,#E37D84
64.0,42.0,-16.0,#D67EB9
64.0,42.0,-10.0,#DA7EAE
64.0,42.0,38.0,#EE7A5A
64.0,42.0,80.0,#F47900
64.0,42.0,94.0,#F57800
64.0,44.0,-40.0,#C67FE3
64.0,44.0,58.0,#F57732
64.0,44.0,70.0,#F6770A
64.0,46.0,-60.0,#B181FF
64.0,46.0,-50.0,#BE7FF5
64.0,46.0,-36.0,#CD7DDC
64.0,46.0,-2.0,#E579A0
64.0,46.0,44.0,#F5764F
64.0,46.0,76.0,#F97500
64.0,46.0,92.0,#FA7400
64.0,48.0,-12.0,#E278B2
64.0,48.0,50.0,#F97343
64.0,48.0,56.0,#FA7337
64.0,48.0,106.0,#FE7200
64.0,50.0,-42.0,#CE7AE7
64.0,50.0,10.0,#F0748C
64.0,50.0,88.0,#FF7000
64.0,52.0,-8.0,#EA73AB
64.0,52.0,0.0,#EE729D
64.0,52.0,76.0,#FF6E00
64.0,52.0,104.0,#FF6E00
64.0,54.0,-34.0,#DC75D9
64.0,54.0,32.0,#FD6E65
64.0,56.0,-46.0,#D474EE
64.0,56.0,42.0,#FF6B53
64.0,56.0,74.0,#FF6900
64.0,56.0,100.0,#FF6900
64.0,58.0,80.0,#FF6700
64.0,58.0,106.0,#FF6600
64.0,60.0,-36.0,#E46EDC
64.0,60.0,0.0,#FA699D
64.0,60.0,94.0,#FF6400
64.0,62.0,42.0,#FF6354
64.0,64.0,4.0,#FF6397
64.0,64.0,10.0,#FF638C
64.0,64.0,92.0,#FF5E00
64.0,64.0,106.0,#FF5E00
64.0,66.0,-54.0,#DD6AFD
64.0,66.0,-42.0,#E868E7
64.0,66.0,98.0,#FF5B00
64.0,68.0,104.0,#FF5800
64.0,72.0,-44.0,#F05FEB
64.0,72.0,6.0,#FF5794
64.0,72.0,84.0,#FF5100
64.0,74.0,48.0,#FF4F4A
64.0,74.0,80.0,#FF4D00
64.0,82.0,-60.0,#F253FF
64.0,82.0,-46.0,#FE4FEF
64.0,84.0,-40.0,#FF49E4
64.0,84.0,-16.0,#FF42BA
64.0,84.0,34.0,#FF3964
64.0,84.0,40.0,#FF385A
64.0,86.0,-24.0,#FF3FC8
64.0,90.0,-18.0,#FF31BE
64.0,92.0,-12.0,#FF27B3
64.0,94.0,-24.0,#FF23C8
64.0,104.0,-42.0,#FF00E8
65.0,-128.0,28.0,#00C667
65.0,-128.0,76.0,#00C500
65.0,-128.0,84.0,#00C500
65.0,-122.0,10.0,#00C689
65.0,-120.0,16.0,#00C57E
65.0,-120.0,24.0,#00C56F
65.0,-120.0,32.0,#00C55F
65.0,-120.0,40.0,#00C54F
65.0,-120.0,48.0,#00C43D
65.0,-120.0,56.0,#00C427
65.0,-120.0,64.0,#00C400
65.0,-120.0,72.0,#00C400
65.0,-118.0,4.0,#00C694
65.0,-112.0,16.0,#00C47E
65.0,-112.0,22.0,#00C473
65.0,-112.0,38.0,#00C353
65.0,-112.0,46.0,#00C342
65.0,-106.0,-6.0,#00C4A6
65.0,-104.0,46.0,#00C142
65.0,-104.0,54.0,#00C12E
65.0,-104.0,84.0,#00C100
65.0,-100.0,-10.0,#00C3AD
65.0,-98.0,76.0,#00BF00
65.0,-96.0,24.0,#00C06F
65.0,-96.0,30.0,#00C064
65.0,-96.0,38.0,#00C054
65.0,-96.0,46.0,#00BF43
65.0,-96.0,54.0,#00BF2E
65.0,-96.0,84.0,#00BF00
65.0,-92.0,92.0,#00BE00
65.0,-90.0,-18.0,#00C1BC
65.0,-88.0,-10.0,#00C0AD
65.0,-88.0,42.0,#00BE4C
65.0,-88.0,50.0,#00BD3A
65.0,-84.0,94.0,#00BC00
65.0,-82.0,10.0,#00BD8A
65.0,-80.0,-26.0,#00BFCA
65.0,-80.0,-10.0,#00BEAE
65.0,-80.0,28.0,#00BC68
65.0,-80.0,34.0,#00BC5D
65.0,-80.0,40.0,#00BC50
65.0,-78.0,-14.0,#00BEB5
65.0,-74.0,-8.0,#00BCAA
65.0,-72.0,0.0,#00BB9C
65.0,-72.0,12.0,#00BA86
65.0,-72.0,24.0,#00BA70
65.0,-68.0,-10.0,#00BAAE
65.0,-68.0,34.0,#00B85D
65.0,-68.0,40.0,#00B851
65.0,-64.0,92.0,#39B600
65.0,-62.0,-20.0,#00B9C0
65.0,-62.0,42.0,#00B64D
65.0,-62.0,84.0,#3EB600
65.0,-60.0,48.0,#27B640
65.0,-54.0,-6.0,#00B6A7
65.0,-52.0,92.0,#60B200
65.0,-50.0,-28.0,#00B6CE
65.0,-50.0,28.0,#3AB369
65.0,-46.0,-16.0,#00B4B9
65.0,-46.0,66.0,#67B000
65.0,-46.0,92.0,#6EB000
65.0,-46.0,100.0,#6FB000
65.0,-44.0,-26.0,#00B4CB
65.0,-44.0,18.0,#42B17C
65.0,-44.0,58.0,#68B028
65.0,-42.0,-8.0,#00B2AB
65.0,-40.0,-48.0,#00B4F3
65.0,-38.0,-4.0,#24B0A4
65.0,-38.0,0.0,#34B09D
65.0,-38.0,8.0,#48AF8E
65.0,-36.0,-8.0,#20AFAB
65.0,-36.0,42.0,#73AD4F
65.0,-34.0,-34.0,#00B1D9
65.0,-34.0,-28.0,#00B0CF
65.0,-34.0,94.0,#87AB00
65.0,-32.0,14.0,#64AC84
65.0,-32.0,56.0,#82AB2F
65.0,-30.0,26.0,#75AB6E
65.0,-30.0,48.0,#83AA42
65.0,-28.0,-40.0,#00AFE4
65.0,-28.0,-18.0,#2EADBD
65.0,-28.0,-14.0,#3DACB6
65.0,-28.0,42.0,#84AA4F
65.0,-28.0,96.0,#92A900
65.0,-28.0,104.0,#93A900
65.0,-26.0,-22.0,#28ACC4
65.0,-26.0,-10.0,#50ABAF
65.0,-26.0,-6.0,#58ABA8
65.0,-26.0,74.0,#92A800
65.0,-24.0,-14.0,#4FABB6
65.0,-24.0,4.0,#6DAA96
65.0,-24.0,8.0,#72A98F
65.0,-24.0,26.0,#82A86E
65.0,-24.0,32.0,#86A863
65.0,-24.0,82.0,#97A700
65.0,-24.0,90.0,#98A700
65.0,-22.0,-24.0,#3AABC8
65.0,-22.0,-18.0,#4DAABD
65.0,-22.0,-10.0,#5EAAAF
65.0,-22.0,12.0,#7BA888
65.0,-22.0,98.0,#9CA600
65.0,-20.0,-30.0,#2BAAD3
65.0,-20.0,2.0,#75A89A
65.0,-20.0,44.0,#94A64C
65.0,-20.0,92.0,#9FA500
65.0,-18.0,-24.0,#4DA9C8
65.0,-18.0,-20.0,#57A8C1
65.0,-18.0,-10.0,#6AA8AF
65.0,-18.0,-6.0,#70A7A8
65.0,-18.0,50.0,#9AA53F
65.0,-18.0,66.0,#9EA40B
65.0,-16.0,-30.0,#43A8D3
65.0,-16.0,-2.0,#7AA6A1
65.0,-16.0,20.0,#8EA579
65.0,-16.0,40.0,#99A454
65.0,-16.0,72.0,#A3A300
65.0,-16.0,94.0,#A6A300
65.0,-14.0,-18.0,#68A6BD
65.0,-14.0,34.0,#9AA360
65.0,-14.0,44.0,#9FA34C
65.0,-14.0,100.0,#AAA200
65.0,-12.0,18.0,#95A37D
65.0,-12.0,22.0,#97A376
65.0,-12.0,38.0,#A0A258
65.0,-10.0,-36.0,#4BA6DE
65.0,-10.0,64.0,#ABA018
65.0,-10.0,102.0,#B0A000
65.0,-8.0,-32.0,#5EA5D6
65.0,-8.0,2.0,#90A29A
65.0,-6.0,24.0,#A3A073
65.0,-6.0,60.0,#B19E27
65.0,-6.0,76.0,#B49E00
65.0,-6.0,92.0,#B59E00
65.0,-6.0,104.0,#B69E00
65.0,-4.0,26.0,#A89E6F
65.0,-4.0,84.0,#B89D00
65.0,-2.0,-52.0,#30A4FB
65.0,-2.0,-30.0,#74A1D3
65.0,-2.0,-14.0,#8CA0B6
65.0,-2.0,-10.0,#90A0AF
65.0,-2.0,-6.0,#949FA8
65.0,-2.0,-2.0,#989FA1
65.0,-2.0,2.0,#9C9F9A
65.0,-2.0,6.0,#9F9E93
65.0,-2.0,10.0,#A29E8C
65.0,-2.0,14.0,#A49E85
65.0,-2.0,18.0,#A79E7E
65.0,-2.0,98.0,#BC9C00
65.0,0.0,-22.0,#869FC5
65.0,0.0,-18.0,#8B9FBE
65.0,0.0,-14.0,#909FB6
65.0,0.0,-10.0,#949EAF
65.0,0.0,-6.0,#989EA8
65.0,0.0,-2.0,#9C9EA1
65.0,0.0,2.0,#9F9E9A
65.0,0.0,6.0,#A29D93
65.0,0.0,10.0,#A59D8C
65.0,0.0,14.0,#A89D85
65.0,0.0,18.0,#AA9D7E
65.0,0.0,22.0,#AC9C77
65.0,0.0,64.0,#BB9B1B
65.0,2.0,-60.0,#0BA3FF
65.0,2.0,-32.0,#7C9FD7
65.0,2.0,-18.0,#909EBE
65.0,2.0,-14.0,#949EB7
65.0,2.0,-10.0,#989DAF
65.0,2.0,-6.0,#9C9DA8
65.0,2.0,-2.0,#A09DA1
65.0,2.0,2.0,#A39C9A
65.0,2.0,6.0,#A69C93
65.0,2.0,10.0,#A99C8C
65.0,2.0,14.0,#AB9C85
65.0,2.0,18.0,#AE9B7E
65.0,2.0,22.0,#B09B77
65.0,2.0,36.0,#B69B5D
65.0,2.0,58.0,#BD9A2E
65.0,2.0,90.0,#C19900
65.0,2.0,98.0,#C29900
65.0,4.0,-18.0,#949DBE
65.0,4.0,-14.0,#989CB7
65.0,4.0,-10.0,#9C9CB0
65.0,4.0,-6.0,#A09CA8
65.0,4.0,-2.0,#A49CA1
65.0,4.0,2.0,#A79B9A
65.0,4.0,6.0,#AA9B93
65.0,4.0,10.0,#AC9B8C
65.0,4.0,14.0,#AF9A85
65.0,4.0,18.0,#B19A7E
65.0,4.0,32.0,#B89A64
65.0,6.0,-24.0,#919CC8
65.0,6.0,-18.0,#989CBE
65.0,6.0,-14.0,#9C9BB7
65.0,6.0,-10.0,#A09BB0
65.0,6.0,-6.0,#A49BA8
65.0,6.0,-2.0,#A79AA1
65.0,6.0,2.0,#AA9A9A
65.0,6.0,6.0,#AD9A93
65.0,6.0,10.0,#B09A8C
65.0,6.0,14.0,#B29985
65.0,6.0,18.0,#B4997E
65.0,6.0,26.0,#B89970
65.0,6.0,48.0,#C09845
65.0,6.0,100.0,#C89700
65.0,6.0,108.0,#C89700
65.0,8.0,-22.0,#989BC5
65.0,8.0,-18.0,#9C9ABE
65.0,8.0,-14.0,#A09AB7
65.0,8.0,-10.0,#A49AB0
65.0,8.0,-6.0,#A899A9
65.0,8.0,-2.0,#AB99A1
65.0,8.0,2.0,#AE999A
65.0,8.0,6.0,#B19993
65.0,8.0,10.0,#B3988C
65.0,8.0,14.0,#B59885
65.0,8.0,18.0,#B8987E
65.0,8.0,30.0,#BD9768
65.0,8.0,70.0,#C89600
65.0,10.0,-30.0,#929AD3
65.0,10.0,-8.0,#AA98AC
65.0,10.0,-4.0,#AD98A5
65.0,10.0,0.0,#B0989E
65.0,10.0,4.0,#B39797
65.0,10.0,8.0,#B59790
65.0,10.0,14.0,#B99785
65.0,10.0,26.0,#BF9670
65.0,10.0,48.0,#C69546
65.0,12.0,-28.0,#9999D0
65.0,12.0,-24.0,#9E99C9
65.0,12.0,-20.0,#A298C1
65.0,12.0,-16.0,#A698BA
65.0,12.0,-6.0,#AF97A9
65.0,12.0,-2.0,#B297A2
65.0,12.0,2.0,#B5969B
65.0,12.0,6.0,#B79694
65.0,12.0,12.0,#BB9689
65.0,12.0,22.0,#C09577
65.0,12.0,32.0,#C49565
65.0,12.0,70.0,#CE9300
65.0,14.0,-10.0,#AF96B0
65.0,14.0,-4.0,#B495A5
65.0,14.0,0.0,#B7959E
65.0,14.0,4.0,#B99597
65.0,14.0,10.0,#BD948D
65.0,14.0,16.0,#C09482
65.0,14.0,26.0,#C59470
65.0,14.0,30.0,#C69369
65.0,14.0,38.0,#C9935A
65.0,14.0,44.0,#CB934E
65.0,16.0,-32.0,#9C97D7
65.0,16.0,-28.0,#A196D0
65.0,16.0,-24.0,#A596C9
65.0,16.0,-8.0,#B494AC
65.0,16.0,8.0,#BF9390
65.0,16.0,14.0,#C29386
65.0,16.0,24.0,#C79274
65.0,16.0,64.0,#D2911F
65.0,16.0,72.0,#D49100
65.0,18.0,-14.0,#B394B7
65.0,18.0,-6.0,#B993A9
65.0,18.0,-2.0,#BC93A2
65.0,18.0,2.0,#BF929B
65.0,18.0,6.0,#C19294
65.0,18.0,12.0,#C49289
65.0,18.0,18.0,#C7917F
65.0,18.0,30.0,#CC9169
65.0,18.0,36.0,#CE905E
65.0,18.0,42.0,#D09053
65.0,18.0,94.0,#D88F00
65.0,20.0,-60.0,#7498FF
65.0,20.0,-50.0,#8A96F7
65.0,20.0,-28.0,#A994D0
65.0,20.0,-24.0,#AD93C9
65.0,20.0,-20.0,#B193C2
65.0,20.0,-12.0,#B892B4
65.0,20.0,10.0,#C7908D
65.0,20.0,16.0,#CA9082
65.0,20.0,26.0,#CE8F70
65.0,20.0,68.0,#D98E0F
65.0,20.0,76.0,#DA8E00
65.0,22.0,-40.0,#9E94E5
65.0,22.0,4.0,#C68F97
65.0,22.0,8.0,#C98F90
65.0,22.0,14.0,#CC8F86
65.0,22.0,20.0,#CE8E7B
65.0,22.0,44.0,#D78D4F
65.0,22.0,90.0,#DE8C00
65.0,24.0,-28.0,#B191D0
65.0,24.0,-24.0,#B590C9
65.0,24.0,12.0,#CE8D89
65.0,24.0,18.0,#D18D7F
65.0,24.0,28.0,#D58C6D
65.0,24.0,62.0,#DD8B27
65.0,24.0,70.0,#DE8B04
65.0,26.0,-48.0,#9B92F4
65.0,26.0,16.0,#D38C82
65.0,26.0,22.0,#D58B78
65.0,26.0,34.0,#D98B62
65.0,26.0,40.0,#DB8A57
65.0,28.0,-56.0,#9392FF
65.0,28.0,-46.0,#A390F0
65.0,28.0,-24.0,#BC8DC9
65.0,28.0,64.0,#E38821
65.0,28.0,92.0,#E68700
65.0,30.0,-44.0,#A98EED
65.0,30.0,20.0,#DA887C
65.0,30.0,40.0,#E18757
65.0,30.0,98.0,#E98600
65.0,30.0,110.0,#E98600
65.0,32.0,104.0,#EC8400
65.0,34.0,18.0,#DF857F
65.0,34.0,24.0,#E28575
65.0,34.0,32.0,#E48466
65.0,34.0,46.0,#E8844C
65.0,34.0,82.0,#ED8300
65.0,34.0,94.0,#EE8200
65.0,36.0,-26.0,#C887CD
65.0,36.0,88.0,#F08100
65.0,36.0,100.0,#F18100
65.0,38.0,46.0,#ED804D
65.0,38.0,52.0,#EF8040
65.0,38.0,58.0,#F08033
65.0,40.0,-24.0,#D084C9
65.0,40.0,88.0,#F67D00
65.0,42.0,-60.0,#AC87FF
65.0,42.0,6.0,#E67F95
65.0,42.0,28.0,#EE7D6E
65.0,42.0,44.0,#F27C51
65.0,42.0,52.0,#F47C41
65.0,42.0,104.0,#F97B00
65.0,44.0,-30.0,#D281D4
65.0,44.0,110.0,#FC7900
65.0,46.0,2.0,#EA7B9C
65.0,46.0,26.0,#F37972
65.0,46.0,34.0,#F57964
65.0,46.0,100.0,#FE7700
65.0,48.0,6.0,#EE7995
65.0,48.0,14.0,#F27887
65.0,48.0,70.0,#FF7511
65.0,50.0,22.0,#F77579
65.0,50.0,40.0,#FC7459
65.0,52.0,-60.0,#C07EFF
65.0,52.0,-4.0,#EF76A7
65.0,52.0,68.0,#FF711B
65.0,54.0,-56.0,#C97BFF
65.0,54.0,-14.0,#ED75B8
65.0,54.0,46.0,#FF704E
65.0,54.0,82.0,#FF6E00
65.0,56.0,-52.0,#D178FC
65.0,56.0,24.0,#FF6E76
65.0,56.0,52.0,#FF6D43
65.0,56.0,66.0,#FF6C22
65.0,58.0,30.0,#FF6C6C
65.0,58.0,58.0,#FF6A36
65.0,58.0,88.0,#FF6900
65.0,60.0,-58.0,#D175FF
65.0,60.0,-28.0,#ED70D1
65.0,60.0,50.0,#FF6847
65.0,60.0,64.0,#FF6729
65.0,60.0,72.0,#FF670D
65.0,62.0,-16.0,#F76BBC
65.0,62.0,26.0,#FF6773
65.0,62.0,56.0,#FF653B
65.0,62.0,86.0,#FF6400
65.0,64.0,-24.0,#F56ACA
65.0,64.0,32.0,#FF6369
65.0,66.0,-34.0,#F269DC
65.0,66.0,0.0,#FF64A0
65.0,66.0,52.0,#FF5F44
65.0,68.0,-20.0,#FE64C3
65.0,68.0,28.0,#FF5E70
65.0,68.0,58.0,#FF5C38
65.0,70.0,-30.0,#FA63D5
65.0,70.0,34.0,#FF5A65
65.0,70.0,64.0,#FF582B
65.0,70.0,74.0,#FF5808
65.0,72.0,-54.0,#EA65FF
65.0,72.0,-16.0,#FF5DBC
65.0,72.0,54.0,#FF5541
65.0,72.0,92.0,#FF5400
65.0,74.0,-24.0,#FF5BCA
65.0,74.0,60.0,#FF5135
65.0,74.0,70.0,#FF511B
65.0,76.0,-50.0,#F45EF9
65.0,76.0,66.0,#FF4D27
65.0,78.0,-36.0,#FF57E0
65.0,78.0,-18.0,#FF53C0
65.0,78.0,46.0,#FF4A51
65.0,78.0,56.0,#FF4A3E
65.0,80.0,-30.0,#FF52D5
65.0,80.0,62.0,#FF4532
65.0,82.0,-52.0,#FC54FC
65.0,82.0,52.0,#FF4046
65.0,84.0,24.0,#FF3E78
65.0,86.0,2.0,#FF3D9E
65.0,88.0,-50.0,#FF46F9
65.0,88.0,-30.0,#FF40D5
65.0,90.0,-44.0,#FF3FEE
65.0,92.0,-38.0,#FF37E4
65.0,92.0,-6.0,#FF2AAC
65.0,94.0,-54.0,#FF37FF
65.0,96.0,-48.0,#FF2DF6
66.0,-128.0,6.0,#00CA93
66.0,-128.0,12.0,#00CA88
66.0,-128.0,36.0,#00C95A
66.0,-128.0,60.0,#00C91A
66.0,-128.0,68.0,#00C800
66.0,-122.0,90.0,#00C700
66.0,-116.0,-2.0,#00C8A1
66.0,-112.0,10.0,#00C78B
66.0,-112.0,54.0,#00C630
66.0,-108.0,0.0,#00C79E
66.0,-100.0,92.0,#00C300
66.0,-98.0,4.0,#00C497
66.0,-96.0,-2.0,#00C4A2
66.0,-96.0,10.0,#00C48C
66.0,-96.0,66.0,#00C200
66.0,-90.0,-6.0,#00C3A9
66.0,-90.0,4.0,#00C297
66.0,-88.0,10.0,#00C28C
66.0,-88.0,16.0,#00C181
66.0,-88.0,22.0,#00C176
66.0,-88.0,34.0,#00C15F
66.0,-84.0,-22.0,#00C3C6
66.0,-84.0,-2.0,#00C1A2
66.0,-80.0,48.0,#00BE42
66.0,-80.0,100.0,#00BE00
66.0,-78.0,-18.0,#00C1BF
66.0,-74.0,44.0,#00BD4B
66.0,-74.0,52.0,#00BD38
66.0,-74.0,96.0,#00BC00
66.0,-72.0,-30.0,#00C0D4
66.0,-72.0,-24.0,#00BFCA
66.0,-72.0,6.0,#00BE94
66.0,-72.0,18.0,#00BD7E
66.0,-70.0,-18.0,#00BEBF
66.0,-70.0,58.0,#00BB28
66.0,-66.0,-32.0,#00BED8
66.0,-66.0,8.0,#00BC90
66.0,-64.0,60.0,#24B922
66.0,-62.0,-4.0,#00BBA6
66.0,-62.0,0.0,#00BB9F
66.0,-62.0,4.0,#00BB97
66.0,-62.0,30.0,#00B968
66.0,-60.0,-30.0,#00BCD5
66.0,-60.0,-24.0,#00BCCA
66.0,-60.0,10.0,#00BA8D
66.0,-58.0,-10.0,#00BAB1
66.0,-58.0,88.0,#51B700
66.0,-58.0,96.0,#53B700
66.0,-56.0,-38.0,#00BCE3
66.0,-56.0,-2.0,#00B9A2
66.0,-56.0,26.0,#04B86F
66.0,-56.0,32.0,#23B764
66.0,-56.0,38.0,#31B758
66.0,-56.0,60.0,#4AB723
66.0,-54.0,-26.0,#00BACE
66.0,-54.0,-14.0,#00B9B8
66.0,-54.0,12.0,#00B889
66.0,-54.0,74.0,#58B600
66.0,-50.0,-36.0,#00BAE0
66.0,-50.0,-10.0,#00B7B1
66.0,-50.0,8.0,#00B691
66.0,-50.0,22.0,#30B677
66.0,-50.0,34.0,#46B560
66.0,-50.0,56.0,#5AB530
66.0,-48.0,78.0,#69B400
66.0,-46.0,-46.0,#00B9F2
66.0,-46.0,84.0,#6FB300
66.0,-46.0,108.0,#73B300
66.0,-44.0,-34.0,#00B7DC
66.0,-44.0,-12.0,#00B5B5
66.0,-44.0,2.0,#0BB59B
66.0,-44.0,10.0,#33B48D
66.0,-44.0,24.0,#4FB374
66.0,-44.0,52.0,#68B33B
66.0,-42.0,34.0,#60B261
66.0,-42.0,74.0,#76B100
66.0,-40.0,-42.0,#00B6EB
66.0,-40.0,12.0,#4AB28A
66.0,-40.0,88.0,#7DB000
66.0,-40.0,104.0,#7FB000
66.0,-38.0,16.0,#58B282
66.0,-38.0,20.0,#5DB17B
66.0,-38.0,52.0,#76B03B
66.0,-38.0,60.0,#7AB025
66.0,-36.0,-52.0,#00B6FD
66.0,-36.0,-24.0,#00B3CA
66.0,-36.0,36.0,#71B05D
66.0,-36.0,108.0,#87AF00
66.0,-34.0,46.0,#7CAF49
66.0,-34.0,80.0,#88AE00
66.0,-32.0,20.0,#6DAF7B
66.0,-30.0,30.0,#7BAE69
66.0,-30.0,74.0,#8EAC00
66.0,-30.0,82.0,#8FAC00
66.0,-30.0,110.0,#92AC00
66.0,-28.0,-48.0,#00B2F6
66.0,-28.0,0.0,#5FAEA0
66.0,-28.0,4.0,#65AE98
66.0,-28.0,8.0,#6AAE91
66.0,-28.0,88.0,#94AB00
66.0,-26.0,-28.0,#00AFD2
66.0,-26.0,16.0,#78AC83
66.0,-26.0,20.0,#7CAC7C
66.0,-26.0,68.0,#94AB00
66.0,-24.0,42.0,#8EAB52
66.0,-24.0,110.0,#9DA900
66.0,-22.0,-36.0,#00AEE0
66.0,-22.0,60.0,#99A928
66.0,-20.0,-46.0,#00AFF2
66.0,-20.0,-2.0,#73ABA3
66.0,-20.0,76.0,#A0A800
66.0,-20.0,84.0,#A1A800
66.0,-18.0,14.0,#88A987
66.0,-18.0,18.0,#8BA980
66.0,-18.0,28.0,#92A86D
66.0,-18.0,60.0,#A0A728
66.0,-16.0,-16.0,#68AABC
66.0,-16.0,-12.0,#6FAAB5
66.0,-16.0,8.0,#87A892
66.0,-16.0,78.0,#A7A600
66.0,-16.0,86.0,#A8A600
66.0,-14.0,-26.0,#5AAACE
66.0,-14.0,-8.0,#7AA8AE
66.0,-14.0,-4.0,#7FA8A7
66.0,-14.0,26.0,#99A671
66.0,-14.0,56.0,#A5A534
66.0,-14.0,108.0,#ADA500
66.0,-12.0,-2.0,#86A7A4
66.0,-12.0,2.0,#8AA79C
66.0,-12.0,6.0,#8EA695
66.0,-12.0,80.0,#AEA400
66.0,-10.0,-4.0,#88A6A7
66.0,-10.0,0.0,#8CA6A0
66.0,-10.0,4.0,#90A599
66.0,-10.0,8.0,#94A592
66.0,-10.0,12.0,#97A58B
66.0,-10.0,50.0,#AAA342
66.0,-10.0,58.0,#ADA32F
66.0,-10.0,110.0,#B4A300
66.0,-8.0,-50.0,#00A9FA
66.0,-8.0,-20.0,#78A6C4
66.0,-8.0,-14.0,#81A6B9
66.0,-8.0,6.0,#96A495
66.0,-8.0,18.0,#9FA480
66.0,-6.0,-28.0,#70A6D2
66.0,-6.0,-12.0,#88A5B5
66.0,-6.0,-8.0,#8DA4AE
66.0,-6.0,-4.0,#91A4A7
66.0,-6.0,0.0,#95A4A0
66.0,-6.0,4.0,#98A399
66.0,-6.0,8.0,#9BA392
66.0,-6.0,12.0,#9EA38B
66.0,-6.0,20.0,#A4A27C
66.0,-6.0,32.0,#AAA266
66.0,-6.0,38.0,#ADA25B
66.0,-6.0,48.0,#B0A147
66.0,-6.0,112.0,#BAA000
66.0,-4.0,-14.0,#8AA4B9
66.0,-4.0,-10.0,#8FA3B2
66.0,-4.0,-6.0,#93A3AB
66.0,-4.0,-2.0,#97A3A4
66.0,-4.0,2.0,#9AA29D
66.0,-4.0,6.0,#9EA296
66.0,-4.0,10.0,#A1A28E
66.0,-4.0,14.0,#A3A287
66.0,-4.0,18.0,#A6A180
66.0,-4.0,22.0,#A8A179
66.0,-2.0,32.0,#B1A067
66.0,-2.0,46.0,#B69F4B
66.0,-2.0,54.0,#B89F3A
66.0,0.0,0.0,#A0A0A0
66.0,0.0,26.0,#B19F72
66.0,0.0,110.0,#C39D00
66.0,2.0,-54.0,#44A5FF
66.0,2.0,0.0,#A49FA0
66.0,2.0,46.0,#BC9D4C
66.0,6.0,-56.0,#50A3FF
66.0,6.0,-42.0,#77A1EC
66.0,6.0,40.0,#C19B58
66.0,6.0,54.0,#C59A3B
66.0,6.0,62.0,#C69A26
66.0,6.0,80.0,#C99A00
66.0,6.0,88.0,#CA9A00
66.0,8.0,-34.0,#8A9FDD
66.0,10.0,40.0,#C79858
66.0,10.0,54.0,#CB983B
66.0,10.0,62.0,#CC9727
66.0,10.0,94.0,#D09700
66.0,12.0,-48.0,#7B9EF7
66.0,12.0,-42.0,#879DEC
66.0,12.0,18.0,#C19881
66.0,12.0,100.0,#D39600
66.0,14.0,78.0,#D59500
66.0,14.0,106.0,#D79400
66.0,16.0,-48.0,#869BF7
66.0,16.0,112.0,#DA9300
66.0,18.0,-54.0,#7F9BFF
66.0,18.0,106.0,#DC9100
66.0,22.0,-18.0,#B994C1
66.0,22.0,-10.0,#C093B3
66.0,22.0,32.0,#D69068
66.0,22.0,52.0,#DC8F41
66.0,22.0,82.0,#E08F00
66.0,22.0,102.0,#E28F00
66.0,24.0,108.0,#E58D00
66.0,26.0,-18.0,#C091C1
66.0,26.0,80.0,#E68C00
66.0,28.0,-34.0,#B491DE
66.0,28.0,-28.0,#BB91D3
66.0,28.0,28.0,#DD8C70
66.0,32.0,-34.0,#BC8EDE
66.0,34.0,-56.0,#A390FF
66.0,34.0,-50.0,#AC8FFB
66.0,36.0,28.0,#E98570
66.0,36.0,112.0,#F58300
66.0,38.0,-50.0,#B58CFB
66.0,40.0,18.0,#EB8282
66.0,42.0,22.0,#EF807B
66.0,42.0,76.0,#FB7E00
66.0,42.0,84.0,#FB7E00
66.0,44.0,-52.0,#BE87FE
66.0,44.0,-44.0,#C785F0
66.0,44.0,-22.0,#DB82C9
66.0,44.0,64.0,#FC7C28
66.0,46.0,-6.0,#E87FAD
66.0,46.0,82.0,#FF7A00
66.0,48.0,-18.0,#E47EC2
66.0,50.0,-46.0,#D080F4
66.0,50.0,-32.0,#DD7EDB
66.0,50.0,-26.0,#E27DD0
66.0,50.0,62.0,#FF762E
66.0,50.0,112.0,#FF7500
66.0,52.0,18.0,#FC7683
66.0,52.0,94.0,#FF7300
66.0,54.0,-38.0,#DE7BE5
66.0,54.0,-22.0,#EB78C9
66.0,54.0,4.0,#F9759B
66.0,54.0,36.0,#FF7363
66.0,56.0,12.0,#FF728E
66.0,56.0,92.0,#FF6F00
66.0,58.0,8.0,#FF7095
66.0,58.0,20.0,#FF6F80
66.0,60.0,-42.0,#E575ED
66.0,60.0,36.0,#FF6B64
66.0,62.0,-8.0,#FF6DB1
66.0,62.0,14.0,#FF6B8A
66.0,64.0,22.0,#FF677D
66.0,66.0,-48.0,#E96EF8
66.0,66.0,40.0,#FF635D
66.0,66.0,46.0,#FF6352
66.0,68.0,-10.0,#FF65B4
66.0,68.0,16.0,#FF6287
66.0,70.0,24.0,#FF5E79
66.0,72.0,42.0,#FF595A
66.0,74.0,-40.0,#FC61EA
66.0,74.0,-4.0,#FF5BAA
66.0,74.0,14.0,#FF598B
66.0,74.0,20.0,#FF5881
66.0,76.0,-10.0,#FF58B5
66.0,76.0,26.0,#FF5476
66.0,78.0,2.0,#FF53A0
66.0,78.0,32.0,#FF4F6C
66.0,80.0,-42.0,#FF58ED
66.0,80.0,8.0,#FF4E96
66.0,80.0,18.0,#FF4C84
66.0,82.0,-4.0,#FF4CAB
66.0,84.0,-10.0,#FF48B5
66.0,86.0,-36.0,#FF4AE3
66.0,96.0,-28.0,#FF28D5
67.0,-128.0,0.0,#00CEA0
67.0,-128.0,20.0,#00CD7B
67.0,-128.0,44.0,#00CC4B
67.0,-128.0,52.0,#00CC38
67.0,-122.0,-4.0,#00CDA7
67.0,-120.0,20.0,#00CB7B
67.0,-120.0,28.0,#00CB6C
67.0,-120.0,84.0,#00CA00
67.0,-116.0,-10.0,#00CCB2
67.0,-116.0,90.0,#00C900
67.0,-112.0,26.0,#00C970
67.0,-112.0,34.0,#00C961
67.0,-112.0,68.0,#00C800
67.0,-112.0,76.0,#00C800
67.0,-112.0,84.0,#00C800
67.0,-112.0,96.0,#00C800
67.0,-110.0,-14.0,#00CBBA
67.0,-106.0,98.0,#00C700
67.0,-104.0,-18.0,#00CAC1
67.0,-104.0,6.0,#00C996
67.0,-104.0,12.0,#00C88B
67.0,-104.0,18.0,#00C87F
67.0,-104.0,24.0,#00C874
67.0,-104.0,30.0,#00C869
67.0,-104.0,38.0,#00C759
67.0,-104.0,62.0,#00C718
67.0,-104.0,70.0,#00C700
67.0,-104.0,78.0,#00C700
67.0,-98.0,-20.0,#00C9C5
67.0,-98.0,-14.0,#00C8BA
67.0,-98.0,100.0,#00C500
67.0,-96.0,18.0,#00C680
67.0,-94.0,-26.0,#00C8D0
67.0,-90.0,102.0,#00C300
67.0,-88.0,-30.0,#00C7D7
67.0,-88.0,60.0,#00C322
67.0,-88.0,68.0,#00C300
67.0,-88.0,78.0,#00C300
67.0,-88.0,86.0,#00C300
67.0,-84.0,106.0,#00C100
67.0,-82.0,-34.0,#00C6DE
67.0,-80.0,4.0,#00C39A
67.0,-80.0,16.0,#00C284
67.0,-80.0,22.0,#00C279
67.0,-80.0,56.0,#00C130
67.0,-80.0,64.0,#00C111
67.0,-80.0,72.0,#00C100
67.0,-80.0,82.0,#00C100
67.0,-78.0,90.0,#00C000
67.0,-76.0,-38.0,#00C5E6
67.0,-74.0,38.0,#00C05A
67.0,-74.0,68.0,#00BF00
67.0,-74.0,78.0,#00BF00
67.0,-72.0,-12.0,#00C1B7
67.0,-72.0,28.0,#00BF6E
67.0,-72.0,84.0,#00BE00
67.0,-72.0,108.0,#18BE00
67.0,-70.0,-40.0,#00C3E9
67.0,-70.0,90.0,#1FBE00
67.0,-68.0,-6.0,#00C0AC
67.0,-68.0,46.0,#00BE49
67.0,-68.0,70.0,#19BD00
67.0,-66.0,12.0,#00BE8B
67.0,-66.0,18.0,#00BE80
67.0,-66.0,24.0,#00BE75
67.0,-66.0,76.0,#2FBD00
67.0,-64.0,-42.0,#00C1ED
67.0,-64.0,-36.0,#00C1E2
67.0,-64.0,104.0,#44BC00
67.0,-60.0,-14.0,#00BEBB
67.0,-60.0,14.0,#00BC88
67.0,-60.0,20.0,#00BC7D
67.0,-60.0,70.0,#46BB00
67.0,-58.0,-44.0,#00C0F1
67.0,-58.0,108.0,#58BA00
67.0,-56.0,44.0,#3EBA4E
67.0,-56.0,50.0,#45BA41
67.0,-54.0,-20.0,#00BCC5
67.0,-54.0,16.0,#00BA84
67.0,-52.0,-46.0,#00BEF5
67.0,-52.0,2.0,#00BA9E
67.0,-52.0,104.0,#68B800
67.0,-52.0,112.0,#69B800
67.0,-50.0,46.0,#56B84A
67.0,-48.0,-22.0,#00BAC9
67.0,-46.0,-30.0,#00BAD8
67.0,-46.0,-6.0,#00B9AC
67.0,-46.0,72.0,#6FB600
67.0,-44.0,40.0,#63B657
67.0,-44.0,46.0,#67B54B
67.0,-42.0,-18.0,#00B8C2
67.0,-42.0,112.0,#7FB400
67.0,-40.0,-36.0,#00B9E3
67.0,-40.0,-6.0,#08B6AD
67.0,-40.0,-2.0,#27B6A5
67.0,-40.0,6.0,#41B697
67.0,-40.0,82.0,#7FB300
67.0,-38.0,-20.0,#00B7C6
67.0,-38.0,24.0,#64B476
67.0,-36.0,-16.0,#00B5BF
67.0,-36.0,-12.0,#0EB5B7
67.0,-34.0,-42.0,#00B7EE
67.0,-34.0,-4.0,#44B4A9
67.0,-34.0,0.0,#4DB4A2
67.0,-34.0,4.0,#55B39B
67.0,-34.0,68.0,#88B102
67.0,-32.0,-20.0,#00B4C6
67.0,-32.0,10.0,#64B290
67.0,-32.0,24.0,#74B177
67.0,-30.0,-16.0,#31B3BF
67.0,-30.0,-12.0,#40B3B8
67.0,-30.0,52.0,#8AB03F
67.0,-30.0,62.0,#8DAF23
67.0,-28.0,-8.0,#53B2B0
67.0,-26.0,-4.0,#61B0A9
67.0,-26.0,12.0,#77AF8D
67.0,-26.0,24.0,#82AF77
67.0,-26.0,30.0,#86AF6C
67.0,-26.0,36.0,#8AAE60
67.0,-26.0,54.0,#92AE3A
67.0,-24.0,-16.0,#50B0BF
67.0,-24.0,-12.0,#59B0B8
67.0,-22.0,-54.0,#00B3FF
67.0,-22.0,-8.0,#67AFB1
67.0,-22.0,0.0,#73AEA2
67.0,-22.0,16.0,#84AD86
67.0,-22.0,20.0,#87AD7E
67.0,-22.0,36.0,#92AC60
67.0,-22.0,54.0,#9AAC3B
67.0,-20.0,-14.0,#62AEBB
67.0,-20.0,-10.0,#6AAEB4
67.0,-20.0,40.0,#98AB59
67.0,-18.0,-34.0,#2DAFDF
67.0,-18.0,2.0,#7FAC9F
67.0,-18.0,6.0,#83AC98
67.0,-18.0,22.0,#91AB7B
67.0,-18.0,32.0,#97AB68
67.0,-18.0,54.0,#A1AA3B
67.0,-18.0,102.0,#A9A900
67.0,-16.0,-56.0,#00B1FF
67.0,-16.0,-48.0,#00B0F9
67.0,-16.0,36.0,#9DAA61
67.0,-14.0,-42.0,#15AEEE
67.0,-14.0,-34.0,#46ADE0
67.0,-14.0,-22.0,#66ACCA
67.0,-14.0,10.0,#90AA91
67.0,-14.0,14.0,#93AA89
67.0,-14.0,18.0,#96A982
67.0,-14.0,22.0,#99A97B
67.0,-12.0,-56.0,#00AFFF
67.0,-12.0,-48.0,#00AEF9
67.0,-12.0,-18.0,#73ABC3
67.0,-12.0,-14.0,#79AABC
67.0,-12.0,-10.0,#7FAAB4
67.0,-12.0,30.0,#A1A86C
67.0,-12.0,42.0,#A7A755
67.0,-10.0,-42.0,#3AACEE
67.0,-10.0,-24.0,#6EAACE
67.0,-10.0,22.0,#A0A77B
67.0,-10.0,70.0,#B2A600
67.0,-10.0,90.0,#B5A500
67.0,-8.0,-56.0,#00ADFF
67.0,-8.0,-8.0,#8BA8B1
67.0,-8.0,-4.0,#8FA8AA
67.0,-8.0,0.0,#93A7A3
67.0,-8.0,24.0,#A5A678
67.0,-8.0,30.0,#A8A66D
67.0,-6.0,-44.0,#48AAF2
67.0,-6.0,-36.0,#61A9E3
67.0,-4.0,-56.0,#00ABFF
67.0,-4.0,-24.0,#7FA7CE
67.0,-4.0,-18.0,#87A7C3
67.0,-2.0,-44.0,#5AA8F2
67.0,-2.0,-22.0,#87A6CA
67.0,-2.0,-16.0,#8FA5BF
67.0,-2.0,-12.0,#93A5B8
67.0,-2.0,-8.0,#98A5B1
67.0,-2.0,-4.0,#9CA4AA
67.0,-2.0,0.0,#9FA4A3
67.0,-2.0,4.0,#A2A49C
67.0,-2.0,8.0,#A6A495
67.0,-2.0,12.0,#A8A38E
67.0,-2.0,24.0,#B0A378
67.0,-2.0,38.0,#B6A25E
67.0,-2.0,66.0,#BEA11A
67.0,-2.0,74.0,#BFA100
67.0,-2.0,90.0,#C1A100
67.0,0.0,-40.0,#6CA7EB
67.0,0.0,-12.0,#98A4B8
67.0,0.0,-8.0,#9CA4B1
67.0,0.0,-4.0,#A0A3AA
67.0,0.0,4.0,#A6A39C
67.0,0.0,8.0,#A9A295
67.0,0.0,12.0,#ACA28E
67.0,0.0,42.0,#BBA156
67.0,2.0,-46.0,#63A6F6
67.0,2.0,-26.0,#8AA4D1
67.0,2.0,-16.0,#97A3C0
67.0,2.0,-12.0,#9CA3B8
67.0,2.0,-8.0,#A0A2B1
67.0,2.0,-4.0,#A3A2AA
67.0,2.0,4.0,#AAA29C
67.0,2.0,8.0,#ADA195
67.0,2.0,12.0,#AFA18E
67.0,2.0,64.0,#C49F22
67.0,2.0,74.0,#C69F00
67.0,2.0,82.0,#C79F00
67.0,4.0,-20.0,#97A2C7
67.0,4.0,-16.0,#9CA2C0
67.0,4.0,-12.0,#A0A2B8
67.0,4.0,-8.0,#A4A1B1
67.0,4.0,-4.0,#A7A1AA
67.0,4.0,0.0,#AAA1A3
67.0,4.0,4.0,#AEA09C
67.0,4.0,8.0,#B0A095
67.0,4.0,12.0,#B3A08E
67.0,4.0,16.0,#B5A087
67.0,4.0,28.0,#BC9F71
67.0,4.0,112.0,#CC9D00
67.0,6.0,-48.0,#6CA4F9
67.0,6.0,-26.0,#94A2D2
67.0,6.0,-20.0,#9BA1C7
67.0,6.0,-16.0,#A0A1C0
67.0,6.0,-12.0,#A4A0B9
67.0,6.0,-8.0,#A7A0B1
67.0,6.0,-4.0,#ABA0AA
67.0,6.0,0.0,#AE9FA3
67.0,6.0,4.0,#B19F9C
67.0,6.0,8.0,#B49F95
67.0,6.0,12.0,#B69F8E
67.0,6.0,16.0,#B99E87
67.0,6.0,32.0,#C09E6A
67.0,6.0,72.0,#CB9C00
67.0,8.0,-54.0,#62A4FF
67.0,8.0,-24.0,#9BA0CE
67.0,8.0,-16.0,#A4A0C0
67.0,8.0,-12.0,#A89FB9
67.0,8.0,-8.0,#AB9FB1
67.0,8.0,-4.0,#AF9FAA
67.0,8.0,0.0,#B29EA3
67.0,8.0,4.0,#B59E9C
67.0,8.0,8.0,#B79E95
67.0,8.0,12.0,#BA9D8E
67.0,8.0,16.0,#BC9D87
67.0,10.0,-32.0,#94A0DC
67.0,10.0,-22.0,#A19FCA
67.0,10.0,-10.0,#AD9EB5
67.0,10.0,-6.0,#B19DAE
67.0,10.0,-2.0,#B49DA7
67.0,10.0,2.0,#B79DA0
67.0,10.0,6.0,#B99D99
67.0,10.0,10.0,#BC9C92
67.0,10.0,20.0,#C19C80
67.0,10.0,34.0,#C79B66
67.0,10.0,74.0,#D19A00
67.0,10.0,82.0,#D29A00
67.0,12.0,-54.0,#70A1FF
67.0,12.0,-30.0,#9C9ED9
67.0,12.0,-26.0,#A19ED2
67.0,12.0,-4.0,#B69CAB
67.0,12.0,0.0,#B99CA3
67.0,12.0,4.0,#BC9B9C
67.0,12.0,8.0,#BE9B95
67.0,12.0,14.0,#C29B8B
67.0,12.0,46.0,#CE994F
67.0,14.0,-38.0,#959EE7
67.0,14.0,-24.0,#A79DCE
67.0,14.0,-14.0,#B19CBC
67.0,14.0,-2.0,#BB9BA7
67.0,14.0,2.0,#BE9AA0
67.0,14.0,12.0,#C49A8E
67.0,14.0,22.0,#C9997C
67.0,14.0,58.0,#D49835
67.0,14.0,66.0,#D6971E
67.0,14.0,90.0,#D99700
67.0,16.0,-36.0,#9C9DE4
67.0,16.0,-22.0,#AD9BCB
67.0,16.0,-18.0,#B19BC4
67.0,16.0,0.0,#C099A4
67.0,16.0,6.0,#C39999
67.0,16.0,10.0,#C69892
67.0,16.0,16.0,#C99887
67.0,16.0,20.0,#CB9880
67.0,16.0,32.0,#D0976A
67.0,16.0,48.0,#D5974B
67.0,16.0,54.0,#D6963F
67.0,18.0,-44.0,#959CF2
67.0,18.0,-16.0,#B799C0
67.0,18.0,-12.0,#BA99B9
67.0,18.0,4.0,#C6979D
67.0,18.0,14.0,#CB978B
67.0,18.0,24.0,#D09679
67.0,18.0,60.0,#DB9531
67.0,18.0,68.0,#DC9517
67.0,18.0,86.0,#DE9400
67.0,20.0,-42.0,#9D9BEF
67.0,20.0,-2.0,#C596A7
67.0,20.0,8.0,#CB9696
67.0,20.0,12.0,#CD958E
67.0,20.0,18.0,#D09584
67.0,20.0,22.0,#D2957D
67.0,20.0,34.0,#D79467
67.0,20.0,56.0,#DD933B
67.0,22.0,-36.0,#A998E4
67.0,22.0,-14.0,#BF96BD
67.0,22.0,-6.0,#C595AE
67.0,22.0,2.0,#CB95A0
67.0,22.0,6.0,#CD9499
67.0,22.0,16.0,#D29487
67.0,22.0,40.0,#DB935C
67.0,22.0,62.0,#E1922C
67.0,24.0,-52.0,#9699FF
67.0,24.0,-48.0,#9C99FA
67.0,24.0,-2.0,#CB94A7
67.0,24.0,10.0,#D29392
67.0,24.0,24.0,#D99279
67.0,24.0,58.0,#E39036
67.0,26.0,-36.0,#B196E4
67.0,26.0,-14.0,#C693BD
67.0,26.0,-10.0,#C993B6
67.0,26.0,-6.0,#CC92AF
67.0,26.0,2.0,#D192A0
67.0,26.0,6.0,#D39199
67.0,26.0,46.0,#E38F50
67.0,26.0,94.0,#EA8E00
67.0,28.0,10.0,#D99092
67.0,28.0,14.0,#DB8F8B
67.0,28.0,52.0,#E78D44
67.0,28.0,58.0,#E88D37
67.0,28.0,100.0,#ED8D00
67.0,30.0,-56.0,#9D95FF
67.0,30.0,-8.0,#D190B2
67.0,30.0,-4.0,#D48FAB
67.0,30.0,0.0,#D68FA4
67.0,30.0,4.0,#D98F9D
67.0,30.0,18.0,#DF8E84
67.0,30.0,22.0,#E18D7D
67.0,30.0,46.0,#E98C51
67.0,30.0,72.0,#ED8B05
67.0,32.0,-22.0,#CA8FCB
67.0,32.0,-18.0,#CD8FC4
67.0,32.0,-14.0,#D08FBD
67.0,32.0,8.0,#DE8D96
67.0,32.0,28.0,#E68B72
67.0,32.0,34.0,#E88B68
67.0,32.0,52.0,#ED8A45
67.0,32.0,58.0,#EE8A38
67.0,34.0,-42.0,#B990EF
67.0,34.0,-30.0,#C68FD9
67.0,34.0,-2.0,#DB8CA8
67.0,34.0,2.0,#DE8BA1
67.0,34.0,12.0,#E38B8F
67.0,34.0,16.0,#E48A88
67.0,34.0,40.0,#ED895D
67.0,34.0,64.0,#F28829
67.0,34.0,70.0,#F28814
67.0,36.0,-12.0,#D88BB9
67.0,36.0,-8.0,#DB8BB2
67.0,36.0,6.0,#E3899A
67.0,36.0,76.0,#F68600
67.0,38.0,-56.0,#AF8FFF
67.0,38.0,-40.0,#C38DEC
67.0,38.0,-18.0,#D78AC4
67.0,38.0,10.0,#E88793
67.0,38.0,40.0,#F2865D
67.0,38.0,64.0,#F7852A
67.0,38.0,70.0,#F88415
67.0,38.0,98.0,#FA8400
67.0,38.0,106.0,#FB8400
67.0,40.0,-46.0,#C08CF6
67.0,40.0,-36.0,#CB8AE4
67.0,40.0,-4.0,#E387AC
67.0,40.0,0.0,#E686A4
67.0,40.0,4.0,#E8869D
67.0,40.0,14.0,#EC858C
67.0,42.0,-32.0,#D288DD
67.0,42.0,-16.0,#DF86C1
67.0,42.0,-10.0,#E386B6
67.0,42.0,34.0,#F68268
67.0,42.0,38.0,#F78261
67.0,42.0,70.0,#FD8117
67.0,42.0,96.0,#FF8000
67.0,42.0,112.0,#FF8000
67.0,44.0,12.0,#F18290
67.0,44.0,58.0,#FE7F39
67.0,46.0,-40.0,#D286EC
67.0,46.0,-2.0,#EE81A8
67.0,46.0,16.0,#F67F89
67.0,46.0,20.0,#F77F82
67.0,46.0,44.0,#FE7E56
67.0,46.0,52.0,#FF7D46
67.0,46.0,76.0,#FF7D00
67.0,46.0,94.0,#FF7C00
67.0,48.0,-36.0,#D983E5
67.0,48.0,-12.0,#EB80BA
67.0,48.0,30.0,#FD7C70
67.0,50.0,10.0,#F97C93
67.0,50.0,50.0,#FF794B
67.0,50.0,88.0,#FF7800
67.0,50.0,100.0,#FF7800
67.0,52.0,-8.0,#F37BB3
67.0,52.0,0.0,#F77BA5
67.0,52.0,76.0,#FF7600
67.0,52.0,106.0,#FF7600
67.0,54.0,32.0,#FF766D
67.0,54.0,56.0,#FF753F
67.0,56.0,-30.0,#EB7ADA
67.0,56.0,-4.0,#FB77AC
67.0,56.0,42.0,#FF735B
67.0,56.0,100.0,#FF7100
67.0,58.0,-50.0,#DC7BFE
67.0,58.0,-12.0,#FA75BA
67.0,58.0,76.0,#FF6F00
67.0,58.0,106.0,#FF6F00
67.0,60.0,-20.0,#F874C8
67.0,60.0,0.0,#FF71A5
67.0,60.0,68.0,#FF6D23
67.0,60.0,112.0,#FF6C00
67.0,62.0,-56.0,#DD78FF
67.0,62.0,100.0,#FF6900
67.0,64.0,4.0,#FF6C9F
67.0,64.0,10.0,#FF6B94
67.0,64.0,54.0,#FF6845
67.0,64.0,62.0,#FF6834
67.0,64.0,80.0,#FF6700
67.0,64.0,94.0,#FF6700
67.0,66.0,-4.0,#FF6AAD
67.0,66.0,68.0,#FF6525
67.0,66.0,86.0,#FF6400
67.0,68.0,-38.0,#F86DE9
67.0,70.0,2.0,#FF64A2
67.0,72.0,-34.0,#FF66E2
67.0,72.0,8.0,#FF6098
67.0,74.0,52.0,#FF584A
67.0,76.0,48.0,#FF5552
67.0,78.0,38.0,#FF5264
67.0,82.0,28.0,#FF4A76
67.0,86.0,-24.0,#FF4BD0
67.0,86.0,14.0,#FF438E
67.0,88.0,-16.0,#FF44C2
67.0,98.0,-36.0,#FF29E6
68.0,-128.0,80.0,#00CE00
68.0,-126.0,86.0,#00CE00
68.0,-120.0,40.0,#00CE57
68.0,-120.0,48.0,#00CD45
68.0,-120.0,56.0,#00CD30
68.0,-120.0,64.0,#00CD0E
68.0,-120.0,72.0,#00CD00
68.0,-114.0,18.0,#00CD82
68.0,-112.0,6.0,#00CD98
68.0,-112.0,40.0,#00CC57
68.0,-112.0,48.0,#00CC45
68.0,-104.0,46.0,#00CA4A
68.0,-104.0,54.0,#00CA37
68.0,-100.0,-6.0,#00CBAE
68.0,-98.0,76.0,#00C800
68.0,-96.0,24.0,#00C977
68.0,-96.0,30.0,#00C96B
68.0,-96.0,38.0,#00C85C
68.0,-96.0,46.0,#00C84A
68.0,-96.0,54.0,#00C837
68.0,-94.0,82.0,#00C700
68.0,-92.0,-16.0,#00CAC0
68.0,-90.0,0.0,#00C9A3
68.0,-88.0,-20.0,#00C9C8
68.0,-88.0,30.0,#00C76C
68.0,-88.0,44.0,#00C64F
68.0,-88.0,52.0,#00C63D
68.0,-88.0,96.0,#00C500
68.0,-86.0,-14.0,#00C8BD
68.0,-86.0,-8.0,#00C8B2
68.0,-84.0,12.0,#00C68E
68.0,-80.0,-12.0,#00C7B9
68.0,-80.0,-6.0,#00C6AE
68.0,-80.0,30.0,#00C56C
68.0,-80.0,36.0,#00C460
68.0,-80.0,42.0,#00C454
68.0,-78.0,-22.0,#00C7CB
68.0,-78.0,8.0,#00C595
68.0,-76.0,-2.0,#00C5A7
68.0,-74.0,22.0,#00C37B
68.0,-72.0,2.0,#00C4A0
68.0,-68.0,-26.0,#00C4D3
68.0,-68.0,32.0,#00C169
68.0,-68.0,40.0,#00C159
68.0,-68.0,98.0,#35C000
68.0,-66.0,52.0,#05C03E
68.0,-62.0,36.0,#00BF61
68.0,-62.0,42.0,#16BF55
68.0,-62.0,64.0,#3DBE19
68.0,-62.0,84.0,#49BE00
68.0,-62.0,94.0,#4CBE00
68.0,-60.0,6.0,#00C099
68.0,-56.0,-52.0,#00C3FF
68.0,-56.0,-6.0,#00BFAF
68.0,-54.0,-32.0,#00C0DE
68.0,-54.0,20.0,#0FBD80
68.0,-54.0,66.0,#5BBB10
68.0,-54.0,82.0,#61BB00
68.0,-50.0,-54.0,#00C1FF
68.0,-50.0,-40.0,#00C0ED
68.0,-50.0,-4.0,#00BDAB
68.0,-50.0,30.0,#47BB6D
68.0,-50.0,92.0,#6EBA00
68.0,-48.0,12.0,#27BB8F
68.0,-48.0,16.0,#34BB87
68.0,-48.0,64.0,#6AB91C
68.0,-46.0,-16.0,#00BCC1
68.0,-46.0,4.0,#0FBB9D
68.0,-44.0,-52.0,#00BFFF
68.0,-44.0,20.0,#4FB980
68.0,-44.0,32.0,#5EB96A
68.0,-44.0,88.0,#7BB700
68.0,-44.0,96.0,#7CB700
68.0,-42.0,60.0,#76B72B
68.0,-40.0,-26.0,#00BBD3
68.0,-40.0,2.0,#3AB9A1
68.0,-40.0,48.0,#75B749
68.0,-38.0,64.0,#81B51E
68.0,-36.0,-28.0,#00B9D7
68.0,-36.0,8.0,#58B796
68.0,-36.0,30.0,#72B66E
68.0,-36.0,42.0,#7BB556
68.0,-34.0,16.0,#69B588
68.0,-34.0,94.0,#90B300
68.0,-34.0,102.0,#90B300
68.0,-34.0,114.0,#91B300
68.0,-32.0,-54.0,#00BAFF
68.0,-32.0,-34.0,#00B8E2
68.0,-30.0,-28.0,#00B7D7
68.0,-30.0,36.0,#84B363
68.0,-28.0,-22.0,#27B5CC
68.0,-28.0,100.0,#9BB100
68.0,-26.0,-38.0,#00B6E9
68.0,-26.0,-32.0,#00B5DE
68.0,-26.0,2.0,#6DB3A1
68.0,-26.0,6.0,#73B29A
68.0,-26.0,80.0,#9CB000
68.0,-24.0,86.0,#A1AF00
68.0,-24.0,94.0,#A2AF00
68.0,-22.0,-40.0,#00B4ED
68.0,-22.0,6.0,#7DB19A
68.0,-22.0,72.0,#A2AE00
68.0,-22.0,114.0,#A7AE00
68.0,-20.0,-28.0,#41B2D7
68.0,-20.0,-22.0,#53B2CD
68.0,-20.0,-18.0,#5DB1C5
68.0,-20.0,10.0,#85AF93
68.0,-20.0,66.0,#A4AD19
68.0,-20.0,96.0,#A9AD00
68.0,-18.0,-6.0,#78B0B0
68.0,-18.0,-2.0,#7DAFA9
68.0,-18.0,44.0,#A0AD53
68.0,-16.0,-14.0,#71AFBE
68.0,-16.0,-10.0,#77AFB7
68.0,-16.0,66.0,#AAAB1A
68.0,-14.0,-6.0,#82AEB0
68.0,-14.0,-2.0,#87ADA9
68.0,-14.0,2.0,#8BADA2
68.0,-14.0,48.0,#A8AB4B
68.0,-14.0,72.0,#AFAA00
68.0,-14.0,96.0,#B2AA00
68.0,-12.0,0.0,#8DACA5
68.0,-12.0,4.0,#91AC9E
68.0,-12.0,36.0,#A7AA64
68.0,-12.0,62.0,#B0AA29
68.0,-10.0,-20.0,#78ADC9
68.0,-10.0,-6.0,#8BACB0
68.0,-10.0,-2.0,#90ABA9
68.0,-10.0,2.0,#93ABA2
68.0,-10.0,6.0,#97AB9B
68.0,-10.0,10.0,#9AAA93
68.0,-10.0,14.0,#9EAA8C
68.0,-10.0,46.0,#AFA950
68.0,-10.0,98.0,#B9A800
68.0,-8.0,-28.0,#6FACD8
68.0,-8.0,-12.0,#89ABBB
68.0,-8.0,4.0,#99AA9E
68.0,-8.0,8.0,#9DAA97
68.0,-8.0,60.0,#B6A730
68.0,-6.0,-18.0,#85AAC6
68.0,-6.0,-10.0,#90AAB7
68.0,-6.0,-6.0,#94A9B0
68.0,-6.0,-2.0,#98A9A9
68.0,-6.0,2.0,#9CA9A2
68.0,-6.0,6.0,#9FA99B
68.0,-6.0,10.0,#A2A894
68.0,-6.0,14.0,#A5A88C
68.0,-6.0,26.0,#ACA877
68.0,-6.0,54.0,#B8A73F
68.0,-6.0,66.0,#BBA61D
68.0,-6.0,76.0,#BDA600
68.0,-6.0,84.0,#BEA600
68.0,-6.0,92.0,#BFA600
68.0,-6.0,100.0,#BFA600
68.0,-4.0,-30.0,#77AADB
68.0,-4.0,-12.0,#92A9BB
68.0,-4.0,-8.0,#96A9B4
68.0,-4.0,-4.0,#9AA8AD
68.0,-4.0,0.0,#9EA8A6
68.0,-4.0,4.0,#A1A89E
68.0,-4.0,8.0,#A4A797
68.0,-4.0,12.0,#A7A790
68.0,-4.0,28.0,#B1A673
68.0,-4.0,60.0,#BDA530
68.0,-4.0,116.0,#C3A500
68.0,-2.0,-50.0,#48ACFF
68.0,-2.0,16.0,#AEA689
68.0,-2.0,20.0,#B0A682
68.0,-2.0,82.0,#C4A400
68.0,-2.0,98.0,#C5A400
68.0,0.0,-20.0,#91A7C9
68.0,0.0,-16.0,#96A7C2
68.0,0.0,16.0,#B1A589
68.0,0.0,20.0,#B4A482
68.0,0.0,58.0,#C2A336
68.0,2.0,-36.0,#7DA8E6
68.0,2.0,-20.0,#95A6C9
68.0,2.0,16.0,#B5A489
68.0,2.0,20.0,#B7A382
68.0,2.0,24.0,#B9A37B
68.0,2.0,30.0,#BCA370
68.0,2.0,36.0,#BEA364
68.0,2.0,50.0,#C3A248
68.0,2.0,90.0,#CBA100
68.0,2.0,98.0,#CBA100
68.0,2.0,106.0,#CCA100
68.0,4.0,-34.0,#86A6E3
68.0,4.0,20.0,#BAA282
68.0,4.0,56.0,#C8A13B
68.0,6.0,20.0,#BEA182
68.0,6.0,24.0,#C0A17B
68.0,6.0,44.0,#C8A055
68.0,6.0,96.0,#D19F00
68.0,6.0,104.0,#D19F00
68.0,8.0,28.0,#C59F74
68.0,8.0,50.0,#CD9E49
68.0,10.0,-42.0,#87A4F1
68.0,10.0,24.0,#C69E7B
68.0,10.0,106.0,#D79C00
68.0,12.0,-18.0,#ACA0C6
68.0,12.0,30.0,#CC9D70
68.0,12.0,52.0,#D39C45
68.0,12.0,112.0,#DA9B00
68.0,14.0,-8.0,#B99EB4
68.0,14.0,26.0,#CD9B78
68.0,14.0,36.0,#D19B65
68.0,14.0,42.0,#D39B5A
68.0,14.0,98.0,#DD9A00
68.0,16.0,-6.0,#BE9CB1
68.0,18.0,-48.0,#919FFC
68.0,18.0,-32.0,#A89DDF
68.0,18.0,-28.0,#AD9DD8
68.0,18.0,28.0,#D49974
68.0,18.0,38.0,#D89862
68.0,18.0,44.0,#DA9856
68.0,18.0,76.0,#E09700
68.0,18.0,94.0,#E29700
68.0,20.0,-22.0,#B79BCE
68.0,22.0,-54.0,#909DFF
68.0,22.0,-32.0,#B19BE0
68.0,22.0,-28.0,#B59AD8
68.0,22.0,28.0,#DA9674
68.0,22.0,46.0,#E09552
68.0,22.0,70.0,#E59414
68.0,22.0,94.0,#E89400
68.0,24.0,-42.0,#A89AF2
68.0,24.0,-26.0,#BB99D5
68.0,24.0,-22.0,#BF98CE
68.0,24.0,14.0,#D7958E
68.0,24.0,20.0,#DA9583
68.0,24.0,100.0,#EB9200
68.0,26.0,18.0,#DC9387
68.0,26.0,30.0,#E19371
68.0,26.0,34.0,#E2926A
68.0,26.0,40.0,#E4925E
68.0,26.0,64.0,#EA912A
68.0,26.0,72.0,#EB9109
68.0,26.0,106.0,#EE9100
68.0,28.0,-48.0,#A898FD
68.0,28.0,-22.0,#C695CE
68.0,28.0,24.0,#E2917C
68.0,28.0,78.0,#EE8F00
68.0,30.0,-46.0,#AF97F9
68.0,30.0,40.0,#EA8F5F
68.0,30.0,64.0,#EF8E2B
68.0,30.0,84.0,#F28E00
68.0,30.0,94.0,#F38E00
68.0,30.0,114.0,#F38D00
68.0,32.0,78.0,#F48C00
68.0,32.0,100.0,#F68C00
68.0,32.0,108.0,#F68C00
68.0,34.0,-46.0,#B793F9
68.0,34.0,-26.0,#CD91D5
68.0,34.0,46.0,#F18B54
68.0,34.0,84.0,#F78A00
68.0,34.0,92.0,#F88A00
68.0,36.0,20.0,#EC8B84
68.0,36.0,24.0,#ED8B7C
68.0,36.0,34.0,#F18A6A
68.0,36.0,58.0,#F7893B
68.0,38.0,46.0,#F78854
68.0,38.0,52.0,#F88848
68.0,38.0,82.0,#FC8700
68.0,38.0,90.0,#FD8700
68.0,40.0,58.0,#FC863B
68.0,42.0,26.0,#F78579
68.0,42.0,30.0,#F88572
68.0,42.0,46.0,#FC8454
68.0,42.0,52.0,#FE8448
68.0,42.0,104.0,#FF8300
68.0,44.0,-26.0,#DE88D5
68.0,46.0,-48.0,#CC89FD
68.0,46.0,2.0,#F383A4
68.0,46.0,102.0,#FF7F00
68.0,48.0,6.0,#F7819D
68.0,48.0,24.0,#FF807D
68.0,48.0,36.0,#FF7F68
68.0,48.0,64.0,#FF7E2E
68.0,48.0,70.0,#FF7D1D
68.0,50.0,-54.0,#CC87FF
68.0,50.0,-22.0,#EA82CE
68.0,50.0,42.0,#FF7C5D
68.0,52.0,-42.0,#DD83F2
68.0,54.0,-52.0,#D682FF
68.0,54.0,-18.0,#F37DC7
68.0,54.0,26.0,#FF797A
68.0,54.0,68.0,#FF7725
68.0,54.0,82.0,#FF7700
68.0,56.0,46.0,#FF7556
68.0,56.0,88.0,#FF7400
68.0,58.0,-44.0,#E57DF6
68.0,58.0,52.0,#FF734A
68.0,60.0,28.0,#FF7277
68.0,60.0,40.0,#FF7161
68.0,60.0,86.0,#FF6F00
68.0,62.0,-40.0,#EF77EF
68.0,62.0,-32.0,#F676E1
68.0,62.0,46.0,#FF6E56
68.0,66.0,-28.0,#FF70DA
68.0,66.0,30.0,#FF6A74
68.0,66.0,36.0,#FF6969
68.0,66.0,76.0,#FF6709
68.0,66.0,106.0,#FF6700
68.0,70.0,-24.0,#FF6AD3
68.0,70.0,54.0,#FF6248
68.0,72.0,-16.0,#FF66C5
68.0,72.0,32.0,#FF6071
68.0,72.0,38.0,#FF6066
68.0,72.0,60.0,#FF5E3C
68.0,72.0,76.0,#FF5E0D
68.0,74.0,-46.0,#FE69FA
68.0,74.0,66.0,#FF5B2F
68.0,76.0,-28.0,#FF62DA
68.0,78.0,-36.0,#FF60E8
68.0,78.0,-22.0,#FF5DCF
68.0,80.0,-48.0,#FF60FE
68.0,80.0,-16.0,#FF59C5
68.0,84.0,-30.0,#FF54DE
68.0,86.0,2.0,#FF49A6
68.0,88.0,-48.0,#FF50FE
68.0,92.0,-42.0,#FF45F4
68.0,98.0,-46.0,#FF34FB
69.0,-128.0,28.0,#00D271
69.0,-128.0,36.0,#00D261
69.0,-128.0,60.0,#00D225
69.0,-128.0,68.0,#00D100
69.0,-124.0,92.0,#00D000
69.0,-122.0,14.0,#00D28C
69.0,-112.0,56.0,#00CF33
69.0,-104.0,0.0,#00CFA6
69.0,-104.0,88.0,#00CC00
69.0,-96.0,6.0,#00CD9B
69.0,-96.0,12.0,#00CC90
69.0,-94.0,-8.0,#00CDB5
69.0,-90.0,8.0,#00CB97
69.0,-90.0,14.0,#00CB8C
69.0,-88.0,20.0,#00CA81
69.0,-88.0,38.0,#00C95E
69.0,-80.0,50.0,#00C745
69.0,-78.0,98.0,#00C600
69.0,-76.0,74.0,#00C500
69.0,-76.0,104.0,#00C500
69.0,-74.0,-8.0,#00C8B5
69.0,-74.0,44.0,#00C553
69.0,-72.0,6.0,#00C69B
69.0,-72.0,62.0,#00C424
69.0,-68.0,-16.0,#00C6C4
69.0,-66.0,4.0,#00C49F
69.0,-64.0,-32.0,#00C6E1
69.0,-64.0,-10.0,#00C5B9
69.0,-62.0,-20.0,#00C5CB
69.0,-62.0,-4.0,#00C4AE
69.0,-60.0,0.0,#00C3A7
69.0,-60.0,28.0,#00C173
69.0,-58.0,-24.0,#00C4D2
69.0,-58.0,56.0,#49C038
69.0,-58.0,100.0,#5EBF00
69.0,-56.0,-18.0,#00C3C7
69.0,-56.0,-12.0,#00C2BD
69.0,-56.0,32.0,#30C06C
69.0,-56.0,38.0,#3CC060
69.0,-54.0,12.0,#00C091
69.0,-52.0,-22.0,#00C1CF
69.0,-52.0,54.0,#5CBE3D
69.0,-50.0,-10.0,#00C0B9
69.0,-50.0,72.0,#6BBD00
69.0,-48.0,8.0,#19BE98
69.0,-48.0,40.0,#5DBD5C
69.0,-48.0,78.0,#72BC00
69.0,-48.0,112.0,#78BC00
69.0,-46.0,-26.0,#00C0D6
69.0,-46.0,52.0,#6BBC42
69.0,-46.0,104.0,#7CBB00
69.0,-44.0,-42.0,#00C0F3
69.0,-44.0,-10.0,#00BEB9
69.0,-44.0,24.0,#57BC7B
69.0,-42.0,10.0,#47BC95
69.0,-42.0,14.0,#4FBB8E
69.0,-42.0,76.0,#7FBA00
69.0,-40.0,38.0,#71BA61
69.0,-38.0,-46.0,#00BEFB
69.0,-38.0,-40.0,#00BEF0
69.0,-38.0,-8.0,#24BBB6
69.0,-38.0,20.0,#65BA83
69.0,-38.0,54.0,#7FB83E
69.0,-38.0,88.0,#8AB800
69.0,-38.0,100.0,#8CB800
69.0,-36.0,74.0,#8BB700
69.0,-34.0,-18.0,#00BAC8
69.0,-34.0,34.0,#7CB769
69.0,-34.0,56.0,#89B73A
69.0,-34.0,80.0,#90B600
69.0,-32.0,-46.0,#00BCFB
69.0,-32.0,-10.0,#43B9B9
69.0,-32.0,-6.0,#4EB9B2
69.0,-32.0,20.0,#75B783
69.0,-32.0,48.0,#89B64D
69.0,-32.0,86.0,#95B500
69.0,-30.0,4.0,#67B7A0
69.0,-30.0,8.0,#6DB799
69.0,-30.0,12.0,#72B792
69.0,-30.0,68.0,#95B511
69.0,-28.0,-18.0,#3EB8C8
69.0,-28.0,-14.0,#4AB7C1
69.0,-28.0,28.0,#86B574
69.0,-28.0,40.0,#8DB55D
69.0,-28.0,74.0,#9AB400
69.0,-26.0,-46.0,#00B9FB
69.0,-26.0,-10.0,#5CB6BA
69.0,-26.0,18.0,#82B587
69.0,-26.0,44.0,#93B355
69.0,-26.0,62.0,#9BB32A
69.0,-26.0,112.0,#A3B200
69.0,-24.0,-26.0,#35B7D6
69.0,-24.0,-6.0,#6AB5B2
69.0,-24.0,10.0,#7FB496
69.0,-22.0,-2.0,#75B4AB
69.0,-22.0,2.0,#7BB4A4
69.0,-22.0,26.0,#91B278
69.0,-22.0,32.0,#95B26D
69.0,-22.0,44.0,#9BB256
69.0,-22.0,50.0,#9EB149
69.0,-22.0,106.0,#A9B100
69.0,-20.0,-46.0,#00B7FB
69.0,-20.0,-12.0,#6CB4BD
69.0,-18.0,14.0,#90B18F
69.0,-18.0,18.0,#93B187
69.0,-18.0,26.0,#99B079
69.0,-18.0,50.0,#A5B049
69.0,-18.0,86.0,#AEAF00
69.0,-16.0,-36.0,#3AB4E9
69.0,-16.0,-30.0,#51B3DE
69.0,-16.0,-18.0,#6DB2C8
69.0,-16.0,8.0,#8FB099
69.0,-14.0,26.0,#A1AE79
69.0,-14.0,32.0,#A4AE6E
69.0,-14.0,80.0,#B3AD00
69.0,-14.0,88.0,#B5AD00
69.0,-14.0,108.0,#B6AD00
69.0,-14.0,116.0,#B7AD00
69.0,-12.0,-36.0,#4FB2E9
69.0,-12.0,-30.0,#61B1DE
69.0,-12.0,-12.0,#81B0BE
69.0,-12.0,-8.0,#87AFB6
69.0,-12.0,56.0,#B1AC3C
69.0,-10.0,30.0,#AAAC72
69.0,-10.0,78.0,#BAAB00
69.0,-10.0,110.0,#BDAB00
69.0,-8.0,-46.0,#3CB1FB
69.0,-8.0,-38.0,#5AB0ED
69.0,-8.0,-16.0,#86AEC5
69.0,-6.0,18.0,#AAAB88
69.0,-6.0,22.0,#ADAA80
69.0,-6.0,34.0,#B3AA6A
69.0,-6.0,40.0,#B6AA5F
69.0,-4.0,18.0,#AEAA88
69.0,-4.0,44.0,#BBA857
69.0,-2.0,32.0,#B9A86E
69.0,-2.0,106.0,#C9A600
69.0,0.0,0.0,#A8A8A8
69.0,0.0,24.0,#B8A77D
69.0,0.0,114.0,#CCA500
69.0,2.0,0.0,#ACA7A8
69.0,4.0,-52.0,#60ABFF
69.0,4.0,24.0,#BFA57D
69.0,6.0,-32.0,#91A8E2
69.0,6.0,66.0,#D0A223
69.0,6.0,84.0,#D3A200
69.0,8.0,-46.0,#7DA8FC
69.0,8.0,-26.0,#9EA6D7
69.0,10.0,-38.0,#91A6ED
69.0,10.0,-20.0,#A9A4CC
69.0,10.0,40.0,#CFA060
69.0,10.0,60.0,#D59F35
69.0,10.0,68.0,#D79F1D
69.0,10.0,94.0,#DA9F00
69.0,12.0,-14.0,#B3A2C2
69.0,12.0,18.0,#C9A089
69.0,14.0,-50.0,#85A5FF
69.0,14.0,-30.0,#A5A2DF
69.0,14.0,-26.0,#AAA2D7
69.0,14.0,-22.0,#AFA2D0
69.0,14.0,-12.0,#B8A1BE
69.0,14.0,78.0,#DE9C00
69.0,14.0,106.0,#E09C00
69.0,16.0,-20.0,#B5A0CD
69.0,16.0,-16.0,#B8A0C5
69.0,16.0,112.0,#E39B00
69.0,18.0,-36.0,#A6A0EA
69.0,18.0,-24.0,#B49FD4
69.0,18.0,-14.0,#BE9EC2
69.0,18.0,-10.0,#C19EBB
69.0,18.0,106.0,#E69900
69.0,20.0,-18.0,#BE9DC9
69.0,20.0,100.0,#E89800
69.0,22.0,-10.0,#C89BBB
69.0,22.0,52.0,#E59749
69.0,22.0,86.0,#EA9700
69.0,22.0,106.0,#EB9600
69.0,22.0,114.0,#EC9600
69.0,24.0,-18.0,#C59AC9
69.0,24.0,80.0,#EC9500
69.0,26.0,-52.0,#A09DFF
69.0,26.0,-32.0,#BB9AE3
69.0,26.0,86.0,#F09400
69.0,28.0,-26.0,#C598D8
69.0,28.0,-18.0,#CC97C9
69.0,28.0,28.0,#E69477
69.0,30.0,-38.0,#BC98ED
69.0,30.0,-32.0,#C397E3
69.0,30.0,36.0,#EC9269
69.0,34.0,-38.0,#C495EE
69.0,34.0,-6.0,#DF91B4
69.0,34.0,114.0,#FC8D00
69.0,36.0,-52.0,#B695FF
69.0,36.0,28.0,#F28D78
69.0,40.0,-52.0,#BE92FF
69.0,40.0,18.0,#F48A8A
69.0,42.0,-42.0,#CE8FF5
69.0,42.0,6.0,#F2899F
69.0,42.0,22.0,#F88883
69.0,42.0,76.0,#FF8600
69.0,44.0,82.0,#FF8400
69.0,44.0,110.0,#FF8400
69.0,44.0,118.0,#FF8300
69.0,46.0,-6.0,#F187B5
69.0,48.0,-16.0,#EE86C6
69.0,50.0,58.0,#FF7E3F
69.0,50.0,108.0,#FF7D00
69.0,50.0,116.0,#FF7D00
69.0,52.0,16.0,#FF7F8E
69.0,52.0,20.0,#FF7E87
69.0,52.0,94.0,#FF7B00
69.0,54.0,-36.0,#E982EA
69.0,54.0,4.0,#FF7EA3
69.0,54.0,114.0,#FF7900
69.0,58.0,-26.0,#F77DD9
69.0,58.0,8.0,#FF799C
69.0,58.0,14.0,#FF7892
69.0,58.0,18.0,#FF788B
69.0,58.0,22.0,#FF7784
69.0,60.0,-8.0,#FF78B9
69.0,60.0,34.0,#FF746F
69.0,64.0,-46.0,#F079FD
69.0,64.0,-16.0,#FF74C7
69.0,64.0,16.0,#FF708F
69.0,64.0,24.0,#FF7081
69.0,64.0,58.0,#FF6E41
69.0,64.0,112.0,#FF6C00
69.0,66.0,-10.0,#FF71BD
69.0,68.0,42.0,#FF6961
69.0,68.0,100.0,#FF6700
69.0,70.0,-52.0,#F573FF
69.0,70.0,-2.0,#FF6AAF
69.0,70.0,14.0,#FF6893
69.0,70.0,20.0,#FF6888
69.0,70.0,26.0,#FF677E
69.0,70.0,48.0,#FF6556
69.0,72.0,70.0,#FF6127
69.0,74.0,44.0,#FF5F5E
69.0,76.0,-6.0,#FF61B6
69.0,76.0,12.0,#FF5F96
69.0,76.0,18.0,#FF5E8C
69.0,76.0,24.0,#FF5D81
69.0,78.0,0.0,#FF5DAB
69.0,78.0,30.0,#FF5977
69.0,80.0,6.0,#FF58A1
69.0,82.0,20.0,#FF5289
69.0,84.0,-40.0,#FF5AF3
69.0,84.0,-6.0,#FF52B6
69.0,88.0,-12.0,#FF4AC1
70.0,-128.0,6.0,#00D69D
70.0,-128.0,12.0,#00D692
70.0,-128.0,20.0,#00D683
70.0,-128.0,44.0,#00D553
70.0,-128.0,52.0,#00D540
70.0,-122.0,0.0,#00D6A8
70.0,-120.0,6.0,#00D59D
70.0,-120.0,26.0,#00D478
70.0,-120.0,34.0,#00D468
70.0,-120.0,84.0,#00D300
70.0,-116.0,-4.0,#00D5B0
70.0,-116.0,98.0,#00D200
70.0,-112.0,10.0,#00D396
70.0,-112.0,22.0,#00D37F
70.0,-112.0,30.0,#00D270
70.0,-112.0,62.0,#00D123
70.0,-112.0,72.0,#00D100
70.0,-112.0,80.0,#00D100
70.0,-112.0,88.0,#00D100
70.0,-110.0,-8.0,#00D4B7
70.0,-108.0,96.0,#00D000
70.0,-106.0,102.0,#00D000
70.0,-104.0,10.0,#00D196
70.0,-104.0,16.0,#00D18B
70.0,-104.0,22.0,#00D180
70.0,-104.0,28.0,#00D174
70.0,-104.0,36.0,#00D064
70.0,-104.0,60.0,#00D02B
70.0,-104.0,70.0,#00D000
70.0,-104.0,78.0,#00CF00
70.0,-102.0,-12.0,#00D2BE
70.0,-98.0,98.0,#00CE00
70.0,-96.0,20.0,#00CF84
70.0,-96.0,64.0,#00CE1C
70.0,-96.0,104.0,#00CD00
70.0,-92.0,88.0,#00CC00
70.0,-88.0,-4.0,#00CEB0
70.0,-88.0,26.0,#00CD78
70.0,-88.0,62.0,#00CC25
70.0,-88.0,70.0,#00CC00
70.0,-88.0,78.0,#00CB00
70.0,-86.0,106.0,#00CB00
70.0,-84.0,2.0,#00CDA5
70.0,-84.0,84.0,#00CA00
70.0,-82.0,90.0,#00CA00
70.0,-80.0,-18.0,#00CDCA
70.0,-80.0,18.0,#00CB88
70.0,-80.0,24.0,#00CB7D
70.0,-80.0,58.0,#00CA33
70.0,-80.0,66.0,#00C915
70.0,-76.0,82.0,#00C800
70.0,-76.0,110.0,#02C800
70.0,-74.0,-26.0,#00CCD8
70.0,-74.0,-16.0,#00CBC6
70.0,-74.0,38.0,#00C862
70.0,-74.0,52.0,#00C843
70.0,-74.0,68.0,#00C808
70.0,-74.0,88.0,#07C700
70.0,-72.0,12.0,#00C993
70.0,-72.0,18.0,#00C888
70.0,-72.0,30.0,#00C871
70.0,-72.0,96.0,#27C700
70.0,-70.0,-30.0,#00CBE0
70.0,-68.0,-4.0,#00C8B0
70.0,-68.0,46.0,#00C651
70.0,-68.0,82.0,#36C600
70.0,-68.0,110.0,#41C500
70.0,-66.0,8.0,#00C79B
70.0,-66.0,14.0,#00C790
70.0,-66.0,20.0,#00C784
70.0,-66.0,26.0,#00C679
70.0,-66.0,76.0,#3CC500
70.0,-60.0,10.0,#00C597
70.0,-60.0,16.0,#00C58C
70.0,-60.0,22.0,#00C481
70.0,-60.0,70.0,#50C300
70.0,-60.0,78.0,#54C300
70.0,-60.0,110.0,#5DC300
70.0,-58.0,-36.0,#00C8EB
70.0,-58.0,-30.0,#00C7E0
70.0,-56.0,44.0,#48C256
70.0,-56.0,50.0,#4EC249
70.0,-54.0,108.0,#6DC100
70.0,-52.0,88.0,#6EC000
70.0,-50.0,2.0,#00C2A6
70.0,-50.0,22.0,#3FC181
70.0,-50.0,34.0,#52C06A
70.0,-50.0,46.0,#5FC052
70.0,-46.0,-36.0,#00C3EB
70.0,-46.0,-2.0,#00C1AD
70.0,-44.0,-6.0,#00C0B5
70.0,-42.0,-18.0,#00C0CA
70.0,-42.0,-14.0,#00C0C3
70.0,-40.0,-32.0,#00C1E4
70.0,-40.0,-2.0,#34BEAD
70.0,-40.0,112.0,#8CBB00
70.0,-38.0,6.0,#53BD9F
70.0,-38.0,16.0,#63BD8D
70.0,-38.0,26.0,#6EBC7A
70.0,-34.0,-30.0,#00BEE0
70.0,-34.0,-24.0,#00BED5
70.0,-34.0,-2.0,#52BCAE
70.0,-32.0,26.0,#7EBA7B
70.0,-30.0,110.0,#9EB700
70.0,-30.0,118.0,#9FB700
70.0,-28.0,-36.0,#00BCEB
70.0,-28.0,-30.0,#00BCE1
70.0,-28.0,0.0,#6AB9AA
70.0,-28.0,22.0,#83B882
70.0,-28.0,58.0,#98B738
70.0,-28.0,88.0,#A0B600
70.0,-26.0,50.0,#99B64B
70.0,-24.0,-52.0,#00BCFF
70.0,-24.0,-12.0,#62B8C0
70.0,-22.0,-32.0,#27B9E4
70.0,-22.0,-20.0,#57B8CE
70.0,-22.0,-16.0,#60B8C7
70.0,-22.0,-8.0,#6FB7B9
70.0,-22.0,14.0,#8AB691
70.0,-22.0,18.0,#8DB58A
70.0,-22.0,22.0,#91B582
70.0,-22.0,56.0,#A3B43E
70.0,-20.0,-4.0,#7BB6B2
70.0,-20.0,4.0,#84B5A3
70.0,-20.0,8.0,#89B59C
70.0,-20.0,38.0,#9FB464
70.0,-20.0,80.0,#ACB300
70.0,-18.0,-52.0,#00B9FF
70.0,-18.0,-16.0,#6DB6C7
70.0,-18.0,-8.0,#7AB5B9
70.0,-18.0,58.0,#ABB239
70.0,-16.0,-46.0,#00B8FE
70.0,-16.0,-12.0,#7AB4C0
70.0,-16.0,-4.0,#85B4B2
70.0,-16.0,0.0,#89B4AB
70.0,-16.0,4.0,#8EB3A3
70.0,-16.0,22.0,#9DB283
70.0,-16.0,38.0,#A6B264
70.0,-14.0,-52.0,#00B7FF
70.0,-14.0,-22.0,#6EB4D2
70.0,-14.0,10.0,#98B299
70.0,-14.0,14.0,#9BB291
70.0,-14.0,18.0,#9EB28A
70.0,-12.0,-46.0,#1EB6FE
70.0,-12.0,-4.0,#8EB2B2
70.0,-12.0,20.0,#A3B086
70.0,-12.0,42.0,#AFAF5D
70.0,-10.0,-52.0,#00B5FF
70.0,-10.0,-14.0,#86B2C4
70.0,-10.0,90.0,#BEAD00
70.0,-10.0,118.0,#C0AD00
70.0,-8.0,-10.0,#90B0BD
70.0,-8.0,-4.0,#97B0B2
70.0,-8.0,0.0,#9BAFAB
70.0,-8.0,16.0,#A8AE8E
70.0,-8.0,20.0,#ABAE87
70.0,-6.0,-52.0,#2BB3FF
70.0,-6.0,-34.0,#6FB1E8
70.0,-6.0,-24.0,#82B0D6
70.0,-6.0,-14.0,#90AFC4
70.0,-6.0,108.0,#C6AB00
70.0,-4.0,-22.0,#8AAFD3
70.0,-4.0,-16.0,#92AFC8
70.0,-4.0,68.0,#C4AA1D
70.0,-2.0,-44.0,#64B0FB
70.0,-2.0,-36.0,#77AFEC
70.0,-2.0,-28.0,#86AFDD
70.0,-2.0,-20.0,#91AECF
70.0,-2.0,-16.0,#97ADC8
70.0,-2.0,-12.0,#9BADC1
70.0,-2.0,-8.0,#A0ADB9
70.0,-2.0,-4.0,#A4ACB2
70.0,-2.0,0.0,#A7ACAB
70.0,-2.0,4.0,#ABACA4
70.0,-2.0,8.0,#AEAC9D
70.0,-2.0,12.0,#B0AB95
70.0,-2.0,24.0,#B8AB80
70.0,-2.0,38.0,#BEAA65
70.0,-2.0,52.0,#C3AA49
70.0,-2.0,60.0,#C6A936
70.0,-2.0,74.0,#C8A900
70.0,-2.0,90.0,#CBA900
70.0,0.0,-50.0,#59B0FF
70.0,0.0,-26.0,#8EADDA
70.0,0.0,-12.0,#A0ACC1
70.0,0.0,-8.0,#A4ACB9
70.0,0.0,-4.0,#A8ABB2
70.0,0.0,4.0,#AEABA4
70.0,0.0,8.0,#B1AB9D
70.0,0.0,12.0,#B4AA95
70.0,0.0,66.0,#CAA825
70.0,2.0,-46.0,#6DAEFE
70.0,2.0,-24.0,#95ACD6
70.0,2.0,-16.0,#9FABC8
70.0,2.0,-12.0,#A4ABC1
70.0,2.0,-8.0,#A8AAB9
70.0,2.0,-4.0,#ABAAB2
70.0,2.0,4.0,#B2AAA4
70.0,2.0,8.0,#B5A99D
70.0,2.0,12.0,#B8A996
70.0,2.0,42.0,#C6A85E
70.0,2.0,58.0,#CBA73C
70.0,2.0,74.0,#CFA700
70.0,2.0,82.0,#D0A700
70.0,4.0,-44.0,#78ADFB
70.0,4.0,-20.0,#9FAACF
70.0,4.0,-16.0,#A4AAC8
70.0,4.0,-12.0,#A8AAC1
70.0,4.0,-8.0,#ACA9BA
70.0,4.0,-4.0,#AFA9B2
70.0,4.0,0.0,#B3A9AB
70.0,4.0,4.0,#B6A8A4
70.0,4.0,8.0,#B9A89D
70.0,4.0,12.0,#BBA896
70.0,4.0,16.0,#BEA88E
70.0,4.0,28.0,#C4A778
70.0,6.0,-28.0,#99AADE
70.0,6.0,-20.0,#A3A9CF
70.0,6.0,-16.0,#A8A9C8
70.0,6.0,-12.0,#ACA8C1
70.0,6.0,-8.0,#B0A8BA
70.0,6.0,-4.0,#B3A8B2
70.0,6.0,0.0,#B6A7AB
70.0,6.0,4.0,#B9A7A4
70.0,6.0,8.0,#BCA79D
70.0,6.0,12.0,#BFA796
70.0,6.0,16.0,#C1A68E
70.0,6.0,32.0,#C9A671
70.0,6.0,38.0,#CBA566
70.0,6.0,52.0,#D0A54A
70.0,6.0,72.0,#D4A40B
70.0,6.0,112.0,#D8A400
70.0,8.0,-52.0,#71ABFF
70.0,8.0,-16.0,#ACA8C8
70.0,8.0,-12.0,#B0A7C1
70.0,8.0,-8.0,#B3A7BA
70.0,8.0,-4.0,#B7A7B2
70.0,8.0,0.0,#BAA6AB
70.0,8.0,4.0,#BDA6A4
70.0,8.0,8.0,#C0A69D
70.0,8.0,12.0,#C2A596
70.0,8.0,16.0,#C4A58F
70.0,8.0,118.0,#DBA300
70.0,10.0,-34.0,#9AA8E9
70.0,10.0,-24.0,#A7A7D6
70.0,10.0,-10.0,#B5A6BD
70.0,10.0,-6.0,#B9A5B6
70.0,10.0,-2.0,#BCA5AF
70.0,10.0,2.0,#BFA5A8
70.0,10.0,6.0,#C2A5A1
70.0,10.0,10.0,#C4A499
70.0,10.0,20.0,#CAA487
70.0,10.0,34.0,#D0A36E
70.0,10.0,46.0,#D4A356
70.0,10.0,54.0,#D7A246
70.0,10.0,74.0,#DBA200
70.0,10.0,82.0,#DCA200
70.0,12.0,-32.0,#A1A7E5
70.0,12.0,-4.0,#BEA4B3
70.0,12.0,0.0,#C1A4AB
70.0,12.0,4.0,#C4A3A4
70.0,12.0,8.0,#C6A39D
70.0,12.0,14.0,#CAA392
70.0,12.0,88.0,#DFA000
70.0,14.0,-40.0,#9AA6F4
70.0,14.0,-2.0,#C3A3AF
70.0,14.0,2.0,#C6A2A8
70.0,14.0,12.0,#CCA296
70.0,14.0,22.0,#D1A184
70.0,14.0,48.0,#DBA053
70.0,16.0,-48.0,#91A6FF
70.0,16.0,-38.0,#A2A5F0
70.0,16.0,0.0,#C8A1AC
70.0,16.0,6.0,#CCA1A1
70.0,16.0,10.0,#CEA09A
70.0,16.0,16.0,#D2A08F
70.0,16.0,20.0,#D4A088
70.0,16.0,32.0,#D99F72
70.0,16.0,60.0,#E19E39
70.0,16.0,68.0,#E29E22
70.0,16.0,88.0,#E59E00
70.0,16.0,96.0,#E69D00
70.0,18.0,4.0,#CE9FA5
70.0,18.0,14.0,#D49F93
70.0,18.0,24.0,#D99E81
70.0,18.0,50.0,#E19D4F
70.0,18.0,56.0,#E39D42
70.0,18.0,82.0,#E79C00
70.0,18.0,118.0,#EA9C00
70.0,20.0,-44.0,#A2A3FB
70.0,20.0,-6.0,#CA9FB6
70.0,20.0,-2.0,#CD9EAF
70.0,20.0,8.0,#D49E9D
70.0,20.0,12.0,#D69D96
70.0,20.0,18.0,#D99D8C
70.0,20.0,22.0,#DB9D84
70.0,20.0,34.0,#E09C6E
70.0,20.0,62.0,#E79B34
70.0,22.0,-42.0,#A9A1F7
70.0,22.0,-14.0,#C89EC5
70.0,22.0,2.0,#D39DA8
70.0,22.0,6.0,#D69CA1
70.0,22.0,16.0,#DB9C8F
70.0,22.0,32.0,#E29B72
70.0,22.0,40.0,#E49A63
70.0,22.0,58.0,#E99A3E
70.0,24.0,-6.0,#D19CB7
70.0,24.0,-2.0,#D49CAF
70.0,24.0,10.0,#DB9B9A
70.0,24.0,24.0,#E29A81
70.0,26.0,-38.0,#B79EF0
70.0,26.0,-14.0,#CF9BC5
70.0,26.0,-10.0,#D29BBE
70.0,26.0,2.0,#DA9AA8
70.0,26.0,6.0,#DC99A1
70.0,26.0,46.0,#EC9758
70.0,26.0,52.0,#EE974C
70.0,26.0,58.0,#EF973F
70.0,28.0,-4.0,#D999B3
70.0,28.0,10.0,#E1989A
70.0,28.0,14.0,#E39793
70.0,28.0,96.0,#F69400
70.0,30.0,-8.0,#DA98BA
70.0,30.0,0.0,#DF97AC
70.0,30.0,4.0,#E197A5
70.0,30.0,18.0,#E8968C
70.0,30.0,22.0,#EA9585
70.0,30.0,46.0,#F29458
70.0,30.0,52.0,#F3944C
70.0,30.0,58.0,#F4943F
70.0,30.0,70.0,#F7931E
70.0,30.0,102.0,#FA9300
70.0,32.0,-16.0,#D797C9
70.0,32.0,-12.0,#DA96C2
70.0,32.0,8.0,#E7959E
70.0,32.0,28.0,#EF937A
70.0,32.0,34.0,#F1936F
70.0,34.0,-30.0,#CF97E2
70.0,34.0,-22.0,#D696D4
70.0,34.0,-2.0,#E494B0
70.0,34.0,2.0,#E693A9
70.0,34.0,12.0,#EC9397
70.0,34.0,16.0,#ED9290
70.0,34.0,52.0,#F9914D
70.0,34.0,70.0,#FC901F
70.0,36.0,-10.0,#E293BE
70.0,36.0,6.0,#EC91A2
70.0,36.0,64.0,#FE8E32
70.0,36.0,76.0,#FF8E00
70.0,36.0,104.0,#FF8E00
70.0,38.0,-36.0,#D094ED
70.0,38.0,-20.0,#DE92D0
70.0,38.0,-16.0,#E192C9
70.0,38.0,10.0,#F18F9B
70.0,38.0,40.0,#FC8E64
70.0,38.0,70.0,#FF8C20
70.0,40.0,-46.0,#C994FF
70.0,40.0,-32.0,#D792E6
70.0,40.0,-26.0,#DD91DB
70.0,40.0,-6.0,#EB8FB7
70.0,40.0,-2.0,#ED8FB0
70.0,40.0,2.0,#F08EA9
70.0,40.0,14.0,#F58D94
70.0,40.0,64.0,#FF8B32
70.0,42.0,-14.0,#E98EC5
70.0,42.0,-10.0,#EC8EBE
70.0,42.0,34.0,#FF8A70
70.0,42.0,38.0,#FF8A68
70.0,42.0,70.0,#FF8922
70.0,42.0,96.0,#FF8800
70.0,44.0,-38.0,#D98FF1
70.0,44.0,10.0,#F98A9B
70.0,44.0,64.0,#FF8733
70.0,44.0,88.0,#FF8600
70.0,46.0,-34.0,#E08DEA
70.0,46.0,-20.0,#EB8BD0
70.0,46.0,-2.0,#F789B0
70.0,46.0,14.0,#FE8894
70.0,46.0,18.0,#FF878D
70.0,46.0,44.0,#FF865D
70.0,46.0,76.0,#FF8506
70.0,46.0,94.0,#FF8400
70.0,48.0,-46.0,#D88DFF
70.0,48.0,-30.0,#E78AE2
70.0,48.0,28.0,#FF857B
70.0,48.0,32.0,#FF8474
70.0,48.0,50.0,#FF8452
70.0,48.0,82.0,#FF8300
70.0,50.0,-26.0,#ED88DB
70.0,50.0,-12.0,#F786C2
70.0,50.0,88.0,#FF8000
70.0,50.0,100.0,#FF8000
70.0,52.0,-8.0,#FC84BB
70.0,52.0,0.0,#FF83AD
70.0,52.0,10.0,#FF829B
70.0,52.0,48.0,#FF7F56
70.0,52.0,76.0,#FF7E0A
70.0,54.0,30.0,#FF7E78
70.0,54.0,34.0,#FF7E71
70.0,54.0,40.0,#FF7E66
70.0,54.0,54.0,#FF7D4B
70.0,56.0,-46.0,#E685FF
70.0,56.0,-30.0,#F482E3
70.0,56.0,-4.0,#FF7FB4
70.0,56.0,66.0,#FF7A30
70.0,56.0,74.0,#FF7A17
70.0,56.0,100.0,#FF7900
70.0,58.0,-14.0,#FF7EC6
70.0,58.0,80.0,#FF7700
70.0,58.0,94.0,#FF7700
70.0,60.0,-36.0,#F67FEE
70.0,60.0,0.0,#FF7AAD
70.0,60.0,64.0,#FF7536
70.0,60.0,72.0,#FF7520
70.0,62.0,-50.0,#EC7FFF
70.0,62.0,78.0,#FF7204
70.0,64.0,-4.0,#FF75B5
70.0,64.0,4.0,#FF74A6
70.0,64.0,10.0,#FF749C
70.0,64.0,52.0,#FF7150
70.0,64.0,70.0,#FF7027
70.0,66.0,-38.0,#FE78F1
70.0,66.0,64.0,#FF6D37
70.0,70.0,-34.0,#FF72EA
70.0,72.0,6.0,#FF69A3
70.0,76.0,-40.0,#FF6AF5
70.0,80.0,-12.0,#FF5EC3
70.0,86.0,-18.0,#FF54CE
70.0,90.0,-34.0,#FF4FEB
70.0,90.0,-24.0,#FF4CD9
71.0,-128.0,80.0,#00D700
71.0,-126.0,86.0,#00D700
71.0,-122.0,20.0,#00D886
71.0,-120.0,42.0,#00D75A
71.0,-120.0,50.0,#00D648
71.0,-120.0,58.0,#00D633
71.0,-120.0,68.0,#00D601
71.0,-120.0,76.0,#00D600
71.0,-112.0,42.0,#00D55A
71.0,-112.0,50.0,#00D548
71.0,-104.0,-6.0,#00D5B6
71.0,-104.0,46.0,#00D352
71.0,-104.0,54.0,#00D33F
71.0,-98.0,-20.0,#00D5D0
71.0,-98.0,74.0,#00D100
71.0,-96.0,30.0,#00D273
71.0,-96.0,38.0,#00D163
71.0,-96.0,46.0,#00D152
71.0,-96.0,54.0,#00D13F
71.0,-94.0,-24.0,#00D4D7
71.0,-94.0,-14.0,#00D3C5
71.0,-94.0,-2.0,#00D2AF
71.0,-94.0,82.0,#00D000
71.0,-92.0,98.0,#00CF00
71.0,-90.0,4.0,#00D1A4
71.0,-88.0,-28.0,#00D3DF
71.0,-88.0,-22.0,#00D2D4
71.0,-88.0,-16.0,#00D2C9
71.0,-88.0,44.0,#00CF57
71.0,-88.0,52.0,#00CF45
71.0,-84.0,14.0,#00CF92
71.0,-82.0,-32.0,#00D1E6
71.0,-82.0,-26.0,#00D1DB
71.0,-82.0,-14.0,#00D0C5
71.0,-82.0,-8.0,#00D0BA
71.0,-82.0,96.0,#00CC00
71.0,-80.0,32.0,#00CD70
71.0,-80.0,38.0,#00CD64
71.0,-78.0,-2.0,#00CEAF
71.0,-78.0,12.0,#00CD96
71.0,-76.0,-36.0,#00D0EE
71.0,-76.0,-22.0,#00CFD4
71.0,-72.0,-40.0,#00CFF5
71.0,-72.0,24.0,#00CB7F
71.0,-70.0,-20.0,#00CDD0
71.0,-70.0,72.0,#25C900
71.0,-68.0,0.0,#00CBAC
71.0,-68.0,34.0,#00C96C
71.0,-66.0,-44.0,#00CEFC
71.0,-66.0,-38.0,#00CDF1
71.0,-66.0,66.0,#37C81C
71.0,-64.0,-26.0,#00CCDB
71.0,-64.0,-18.0,#00CBCD
71.0,-64.0,54.0,#33C842
71.0,-62.0,36.0,#13C769
71.0,-62.0,88.0,#55C600
71.0,-62.0,98.0,#58C600
71.0,-60.0,-48.0,#00CCFF
71.0,-60.0,-42.0,#00CCF9
71.0,-58.0,-16.0,#00C9C9
71.0,-58.0,-10.0,#00C8BE
71.0,-58.0,-6.0,#00C8B7
71.0,-58.0,4.0,#00C7A5
71.0,-56.0,62.0,#5BC52D
71.0,-56.0,82.0,#65C400
71.0,-54.0,-46.0,#00CAFF
71.0,-54.0,-40.0,#00C9F5
71.0,-54.0,-2.0,#00C6B0
71.0,-54.0,18.0,#1AC58B
71.0,-54.0,70.0,#66C405
71.0,-54.0,116.0,#71C300
71.0,-52.0,-28.0,#00C8DF
71.0,-52.0,-14.0,#00C7C6
71.0,-52.0,-8.0,#00C6BB
71.0,-50.0,6.0,#00C5A1
71.0,-50.0,28.0,#4DC379
71.0,-50.0,64.0,#6DC227
71.0,-50.0,96.0,#78C200
71.0,-48.0,-48.0,#00C8FF
71.0,-48.0,-42.0,#00C7F9
71.0,-48.0,14.0,#3AC393
71.0,-46.0,-30.0,#00C6E3
71.0,-46.0,36.0,#64C269
71.0,-46.0,88.0,#7FC100
71.0,-46.0,116.0,#83C000
71.0,-44.0,4.0,#34C2A5
71.0,-44.0,18.0,#54C28C
71.0,-44.0,60.0,#7AC034
71.0,-42.0,-48.0,#00C6FF
71.0,-42.0,46.0,#77C055
71.0,-42.0,82.0,#86BF00
71.0,-42.0,92.0,#88BF00
71.0,-40.0,-24.0,#00C3D8
71.0,-40.0,32.0,#71BF71
71.0,-40.0,64.0,#85BF28
71.0,-38.0,48.0,#82BE51
71.0,-36.0,-36.0,#00C2EE
71.0,-36.0,40.0,#81BD62
71.0,-36.0,68.0,#8FBD19
71.0,-36.0,92.0,#94BC00
71.0,-34.0,-12.0,#38BFC2
71.0,-34.0,98.0,#99BC00
71.0,-34.0,106.0,#9ABB00
71.0,-32.0,-8.0,#4FBEBB
71.0,-32.0,10.0,#6FBD9B
71.0,-32.0,42.0,#8CBC5E
71.0,-30.0,34.0,#8BBB6E
71.0,-28.0,-22.0,#35BED5
71.0,-28.0,6.0,#75BCA2
71.0,-28.0,96.0,#A4B900
71.0,-28.0,104.0,#A5B900
71.0,-26.0,-42.0,#00BFF9
71.0,-26.0,14.0,#83BA93
71.0,-26.0,36.0,#95B96A
71.0,-26.0,78.0,#A4B800
71.0,-24.0,4.0,#7DBAA6
71.0,-24.0,90.0,#AAB700
71.0,-22.0,64.0,#A8B72B
71.0,-22.0,72.0,#AAB603
71.0,-22.0,98.0,#AEB600
71.0,-22.0,114.0,#B0B600
71.0,-20.0,-26.0,#52BADC
71.0,-20.0,92.0,#B1B500
71.0,-18.0,-20.0,#68B9D1
71.0,-18.0,10.0,#92B79B
71.0,-18.0,64.0,#AFB52C
71.0,-18.0,72.0,#B1B405
71.0,-18.0,118.0,#B7B400
71.0,-16.0,-26.0,#62B8DC
71.0,-16.0,30.0,#A5B576
71.0,-16.0,46.0,#ADB457
71.0,-16.0,78.0,#B6B300
71.0,-16.0,94.0,#B8B300
71.0,-16.0,102.0,#B9B300
71.0,-14.0,50.0,#B2B34F
71.0,-14.0,66.0,#B6B326
71.0,-12.0,2.0,#97B4AA
71.0,-12.0,28.0,#ABB37A
71.0,-12.0,34.0,#AEB26F
71.0,-12.0,72.0,#BBB108
71.0,-12.0,96.0,#BFB100
71.0,-10.0,-20.0,#80B5D2
71.0,-10.0,-6.0,#93B4B8
71.0,-10.0,0.0,#99B3AD
71.0,-10.0,4.0,#9DB3A6
71.0,-10.0,8.0,#A1B39F
71.0,-10.0,12.0,#A4B298
71.0,-10.0,48.0,#B8B153
71.0,-10.0,64.0,#BDB02D
71.0,-8.0,-28.0,#78B4E0
71.0,-8.0,6.0,#A3B2A3
71.0,-8.0,26.0,#B1B17E
71.0,-8.0,32.0,#B4B073
71.0,-8.0,42.0,#B9B060
71.0,-8.0,70.0,#C1AF17
71.0,-8.0,98.0,#C5AF00
71.0,-6.0,-44.0,#56B5FD
71.0,-6.0,-18.0,#8DB2CE
71.0,-6.0,-10.0,#97B2C0
71.0,-6.0,-6.0,#9CB2B8
71.0,-6.0,-2.0,#A0B1B1
71.0,-6.0,2.0,#A4B1AA
71.0,-6.0,6.0,#A7B1A3
71.0,-6.0,10.0,#AAB09B
71.0,-6.0,14.0,#ADB094
71.0,-6.0,28.0,#B6AF7B
71.0,-6.0,46.0,#BEAF58
71.0,-6.0,54.0,#C0AF47
71.0,-6.0,62.0,#C3AE33
71.0,-6.0,84.0,#C7AE00
71.0,-6.0,92.0,#C8AE00
71.0,-4.0,-12.0,#9AB1C3
71.0,-4.0,-8.0,#9EB1BC
71.0,-4.0,-4.0,#A2B0B5
71.0,-4.0,0.0,#A6B0AE
71.0,-4.0,4.0,#A9B0A6
71.0,-4.0,8.0,#ADAF9F
71.0,-4.0,12.0,#B0AF98
71.0,-4.0,24.0,#B7AF82
71.0,-2.0,16.0,#B6AE91
71.0,-2.0,20.0,#B8AE89
71.0,-2.0,44.0,#C4AD5C
71.0,-2.0,82.0,#CDAC00
71.0,-2.0,98.0,#CFAB00
71.0,0.0,-20.0,#99AFD2
71.0,0.0,-16.0,#9EAFCB
71.0,0.0,16.0,#B9AD91
71.0,0.0,20.0,#BCAD8A
71.0,2.0,-34.0,#89B0EB
71.0,2.0,-20.0,#9DAED2
71.0,2.0,16.0,#BDAC91
71.0,2.0,20.0,#BFAB8A
71.0,2.0,26.0,#C2AB7F
71.0,2.0,32.0,#C5AB73
71.0,2.0,90.0,#D4A900
71.0,2.0,98.0,#D5A900
71.0,2.0,106.0,#D5A900
71.0,4.0,-32.0,#91AEE8
71.0,4.0,20.0,#C3AA8A
71.0,6.0,20.0,#C6A98A
71.0,6.0,92.0,#DAA700
71.0,6.0,100.0,#DBA700
71.0,8.0,-40.0,#8EADF6
71.0,8.0,24.0,#CBA783
71.0,8.0,62.0,#D8A635
71.0,10.0,28.0,#D1A67B
71.0,10.0,102.0,#E1A400
71.0,12.0,-20.0,#B2A8D2
71.0,12.0,-16.0,#B6A8CB
71.0,12.0,24.0,#D2A583
71.0,12.0,40.0,#D8A465
71.0,12.0,64.0,#DFA330
71.0,14.0,-24.0,#B2A7D9
71.0,14.0,-14.0,#BCA6C7
71.0,14.0,-10.0,#BFA6C0
71.0,16.0,-18.0,#BCA5CF
71.0,16.0,-8.0,#C5A4BD
71.0,16.0,28.0,#DAA27C
71.0,16.0,36.0,#DDA26D
71.0,16.0,42.0,#DFA161
71.0,16.0,74.0,#E6A008
71.0,18.0,-30.0,#B3A5E4
71.0,20.0,-48.0,#9EA6FF
71.0,20.0,-24.0,#BEA3DA
71.0,20.0,68.0,#EB9E26
71.0,20.0,76.0,#EC9D00
71.0,22.0,-30.0,#BBA2E4
71.0,22.0,28.0,#E39E7C
71.0,22.0,46.0,#E99D5A
71.0,24.0,-28.0,#C1A1E1
71.0,24.0,-24.0,#C5A0DA
71.0,24.0,14.0,#E09D95
71.0,24.0,20.0,#E39D8B
71.0,24.0,66.0,#F19B2D
71.0,24.0,74.0,#F29B0D
71.0,24.0,96.0,#F49A00
71.0,26.0,-42.0,#B5A1FA
71.0,26.0,18.0,#E59B8E
71.0,26.0,30.0,#EA9B79
71.0,26.0,102.0,#F79900
71.0,26.0,114.0,#F89900
71.0,28.0,24.0,#EB9984
71.0,28.0,40.0,#F09966
71.0,28.0,74.0,#F8970F
71.0,28.0,120.0,#FB9700
71.0,30.0,-48.0,#B59FFF
71.0,30.0,80.0,#FB9600
71.0,30.0,88.0,#FC9600
71.0,30.0,110.0,#FD9500
71.0,32.0,96.0,#FF9400
71.0,34.0,-48.0,#BD9CFF
71.0,34.0,-42.0,#C59BFB
71.0,34.0,42.0,#FA9463
71.0,34.0,80.0,#FF9200
71.0,34.0,88.0,#FF9200
71.0,36.0,20.0,#F5938B
71.0,36.0,24.0,#F79384
71.0,36.0,48.0,#FE9257
71.0,36.0,58.0,#FF9143
71.0,36.0,94.0,#FF9000
71.0,38.0,-40.0,#CF97F7
71.0,38.0,86.0,#FF8F00
71.0,38.0,118.0,#FF8E00
71.0,40.0,46.0,#FF8E5C
71.0,40.0,54.0,#FF8E4C
71.0,42.0,26.0,#FF8D81
71.0,42.0,30.0,#FF8D7A
71.0,44.0,52.0,#FF8A50
71.0,46.0,2.0,#FC8BAC
71.0,46.0,58.0,#FF8844
71.0,46.0,104.0,#FF8700
71.0,48.0,6.0,#FF89A5
71.0,48.0,110.0,#FF8500
71.0,50.0,64.0,#FF8437
71.0,52.0,-40.0,#E88BF7
71.0,54.0,-20.0,#FB86D3
71.0,54.0,84.0,#FF7F00
71.0,56.0,106.0,#FF7C00
71.0,58.0,48.0,#FF7B59
71.0,58.0,112.0,#FF7A00
71.0,60.0,-22.0,#FF7FD7
71.0,60.0,30.0,#FF7A7B
71.0,60.0,88.0,#FF7700
71.0,62.0,-30.0,#FF7EE6
71.0,62.0,42.0,#FF7765
71.0,66.0,-26.0,#FF79DF
71.0,66.0,-20.0,#FF78D4
71.0,66.0,28.0,#FF727F
71.0,66.0,34.0,#FF7274
71.0,70.0,60.0,#FF6B43
71.0,72.0,-46.0,#FF74FF
71.0,72.0,-16.0,#FF6FCD
71.0,72.0,30.0,#FF6A7C
71.0,72.0,36.0,#FF6971
71.0,72.0,52.0,#FF6853
71.0,74.0,-24.0,#FF6DDB
71.0,76.0,-30.0,#FF6BE6
71.0,78.0,-18.0,#FF66D1
71.0,82.0,-24.0,#FF60DC
71.0,84.0,-30.0,#FF5EE6
71.0,92.0,-40.0,#FF50F9
72.0,-128.0,26.0,#00DC7D
72.0,-128.0,34.0,#00DB6D
72.0,-128.0,60.0,#00DB2F
72.0,-128.0,68.0,#00DB07
72.0,-128.0,92.0,#00DA00
72.0,-122.0,96.0,#00D900
72.0,-116.0,14.0,#00DA94
72.0,-112.0,26.0,#00D87D
72.0,-106.0,86.0,#00D600
72.0,-104.0,2.0,#00D8AA
72.0,-102.0,94.0,#00D500
72.0,-92.0,14.0,#00D494
72.0,-90.0,20.0,#00D389
72.0,-88.0,32.0,#00D272
72.0,-88.0,38.0,#00D266
72.0,-80.0,6.0,#00D1A3
72.0,-80.0,50.0,#00D04D
72.0,-74.0,4.0,#00D0A7
72.0,-74.0,44.0,#00CE5A
72.0,-74.0,60.0,#00CD34
72.0,-72.0,-12.0,#00D0C4
72.0,-72.0,-6.0,#00CFB9
72.0,-70.0,104.0,#40CC00
72.0,-68.0,40.0,#00CC63
72.0,-66.0,-10.0,#00CEC1
72.0,-66.0,4.0,#00CDA7
72.0,-66.0,60.0,#34CB35
72.0,-62.0,0.0,#00CCAF
72.0,-62.0,44.0,#31CA5B
72.0,-60.0,58.0,#4EC93B
72.0,-58.0,104.0,#68C800
72.0,-56.0,26.0,#2DC97F
72.0,-56.0,34.0,#40C86F
72.0,-56.0,40.0,#49C863
72.0,-54.0,-22.0,#00CBD7
72.0,-54.0,76.0,#6BC600
72.0,-50.0,10.0,#22C79D
72.0,-50.0,42.0,#61C660
72.0,-48.0,-20.0,#00C8D4
72.0,-48.0,54.0,#70C546
72.0,-48.0,70.0,#78C40F
72.0,-48.0,78.0,#7BC400
72.0,-46.0,100.0,#84C300
72.0,-46.0,108.0,#85C300
72.0,-44.0,24.0,#60C483
72.0,-44.0,30.0,#67C478
72.0,-44.0,42.0,#72C360
72.0,-42.0,-36.0,#00C7F1
72.0,-42.0,10.0,#51C49D
72.0,-42.0,54.0,#7FC246
72.0,-42.0,70.0,#86C211
72.0,-40.0,14.0,#5FC396
72.0,-40.0,100.0,#91C100
72.0,-38.0,-42.0,#00C6FC
72.0,-38.0,-8.0,#32C4BE
72.0,-38.0,-4.0,#41C3B7
72.0,-38.0,36.0,#7DC16C
72.0,-36.0,52.0,#8BC04B
72.0,-36.0,76.0,#94BF00
72.0,-34.0,-20.0,#00C3D4
72.0,-34.0,-16.0,#2AC2CD
72.0,-34.0,0.0,#5CC1AF
72.0,-34.0,14.0,#71C196
72.0,-34.0,20.0,#78C08B
72.0,-34.0,82.0,#99BE00
72.0,-34.0,114.0,#9EBE00
72.0,-32.0,-48.0,#00C5FF
72.0,-32.0,-40.0,#00C4F8
72.0,-32.0,4.0,#69C0A8
72.0,-32.0,30.0,#86BF78
72.0,-32.0,54.0,#94BE47
72.0,-32.0,62.0,#98BE33
72.0,-32.0,70.0,#9ABE14
72.0,-30.0,-34.0,#00C2ED
72.0,-30.0,-2.0,#66C0B3
72.0,-30.0,16.0,#7EBF92
72.0,-30.0,46.0,#95BD59
72.0,-30.0,76.0,#A0BD00
72.0,-28.0,-16.0,#4EC0CD
72.0,-28.0,2.0,#72BFAC
72.0,-28.0,64.0,#A0BC2D
72.0,-26.0,-48.0,#00C2FF
72.0,-26.0,-4.0,#6FBEB7
72.0,-26.0,24.0,#8FBC84
72.0,-26.0,30.0,#93BC78
72.0,-26.0,70.0,#A5BB16
72.0,-24.0,-30.0,#2EBFE6
72.0,-24.0,-24.0,#49BFDB
72.0,-24.0,0.0,#7BBDB0
72.0,-24.0,10.0,#87BC9D
72.0,-24.0,40.0,#9DBB65
72.0,-22.0,48.0,#A5BA55
72.0,-20.0,-48.0,#00BFFF
72.0,-20.0,-36.0,#2ABEF1
72.0,-20.0,-12.0,#74BCC6
72.0,-20.0,0.0,#85BBB0
72.0,-20.0,28.0,#9EB97C
72.0,-20.0,34.0,#A2B971
72.0,-20.0,108.0,#B6B800
72.0,-18.0,16.0,#9AB993
72.0,-18.0,20.0,#9DB98B
72.0,-16.0,-40.0,#32BCF9
72.0,-16.0,-34.0,#4EBCEE
72.0,-16.0,-10.0,#82BAC2
72.0,-16.0,6.0,#95B9A5
72.0,-14.0,-6.0,#8CB8BB
72.0,-14.0,-2.0,#91B8B4
72.0,-14.0,40.0,#B0B666
72.0,-14.0,60.0,#B8B53A
72.0,-14.0,120.0,#C0B500
72.0,-12.0,-40.0,#4CBAF9
72.0,-12.0,-32.0,#65BAEA
72.0,-12.0,-26.0,#72B9DF
72.0,-12.0,-16.0,#84B8CD
72.0,-12.0,-12.0,#8AB8C6
72.0,-12.0,-8.0,#8FB8BF
72.0,-12.0,84.0,#C0B400
72.0,-12.0,112.0,#C3B400
72.0,-10.0,18.0,#ABB58F
72.0,-10.0,56.0,#BDB344
72.0,-10.0,106.0,#C6B300
72.0,-8.0,-16.0,#8EB6CD
72.0,-8.0,-12.0,#93B6C6
72.0,-8.0,-8.0,#98B5BF
72.0,-6.0,34.0,#BCB272
72.0,-6.0,76.0,#C9B100
72.0,-4.0,-26.0,#89B5DF
72.0,-4.0,16.0,#B5B293
72.0,-4.0,20.0,#B7B18C
72.0,-4.0,38.0,#C1B16A
72.0,-2.0,-24.0,#91B4DC
72.0,-2.0,-10.0,#A3B2C2
72.0,-2.0,-6.0,#A7B2BB
72.0,-2.0,-2.0,#ABB2B4
72.0,-2.0,2.0,#AEB1AD
72.0,-2.0,6.0,#B2B1A6
72.0,-2.0,10.0,#B5B19E
72.0,-2.0,32.0,#C1B076
72.0,-2.0,110.0,#D2AE00
72.0,-2.0,118.0,#D3AE00
72.0,0.0,-10.0,#A7B1C3
72.0,0.0,-6.0,#ABB1BB
72.0,0.0,-2.0,#AFB1B4
72.0,0.0,2.0,#B2B0AD
72.0,0.0,6.0,#B5B0A6
72.0,0.0,10.0,#B8B09E
72.0,0.0,28.0,#C3AF7D
72.0,0.0,36.0,#C7AE6E
72.0,2.0,-10.0,#ABB0C3
72.0,2.0,-6.0,#AFB0BB
72.0,2.0,-2.0,#B3AFB4
72.0,2.0,2.0,#B6AFAD
72.0,2.0,6.0,#B9AFA6
72.0,2.0,10.0,#BCAF9E
72.0,2.0,46.0,#CEAD5B
72.0,2.0,114.0,#D9AC00
72.0,4.0,-14.0,#ABAFCA
72.0,4.0,-10.0,#AFAFC3
72.0,4.0,-6.0,#B3AFBB
72.0,4.0,-2.0,#B6AEB4
72.0,4.0,2.0,#BAAEAD
72.0,4.0,6.0,#BDAEA6
72.0,4.0,10.0,#BFAD9F
72.0,4.0,36.0,#CDAC6F
72.0,4.0,120.0,#DCAA00
72.0,6.0,-24.0,#A4AFDC
72.0,6.0,-18.0,#ABAED1
72.0,6.0,-14.0,#AFAECA
72.0,6.0,-10.0,#B3AEC3
72.0,6.0,-6.0,#B7ADBB
72.0,6.0,-2.0,#BAADB4
72.0,6.0,2.0,#BDADAD
72.0,6.0,6.0,#C0ACA6
72.0,6.0,10.0,#C3AC9F
72.0,6.0,14.0,#C5AC97
72.0,6.0,26.0,#CCAB81
72.0,6.0,42.0,#D3AB63
72.0,8.0,-48.0,#81B0FF
72.0,8.0,-22.0,#ABADD8
72.0,8.0,-18.0,#AFADD1
72.0,8.0,-14.0,#B3ADCA
72.0,8.0,-10.0,#B7ACC3
72.0,8.0,-6.0,#BBACBC
72.0,8.0,-2.0,#BEACB4
72.0,8.0,2.0,#C1ABAD
72.0,8.0,6.0,#C4ABA6
72.0,8.0,10.0,#C6AB9F
72.0,8.0,14.0,#C9AB97
72.0,8.0,30.0,#D1AA7A
72.0,8.0,38.0,#D4A96B
72.0,8.0,70.0,#DDA81F
72.0,8.0,86.0,#DFA800
72.0,10.0,-46.0,#8BAFFF
72.0,10.0,-8.0,#BDABBF
72.0,10.0,-4.0,#C0ABB8
72.0,10.0,0.0,#C3AAB1
72.0,10.0,4.0,#C6AAAA
72.0,10.0,8.0,#C9AAA2
72.0,10.0,14.0,#CCA998
72.0,12.0,-28.0,#ACACE3
72.0,12.0,-6.0,#C2AABC
72.0,12.0,-2.0,#C5A9B4
72.0,12.0,2.0,#C8A9AD
72.0,12.0,6.0,#CBA9A6
72.0,12.0,12.0,#CEA89B
72.0,12.0,18.0,#D2A890
72.0,12.0,32.0,#D8A777
72.0,12.0,72.0,#E3A618
72.0,12.0,80.0,#E5A600
72.0,12.0,96.0,#E6A500
72.0,12.0,108.0,#E7A500
72.0,14.0,-4.0,#C7A8B8
72.0,14.0,0.0,#CAA8B1
72.0,14.0,4.0,#CDA7AA
72.0,14.0,10.0,#D1A79F
72.0,14.0,16.0,#D4A794
72.0,14.0,102.0,#EAA400
72.0,14.0,114.0,#EAA400
72.0,16.0,-32.0,#AFA9EB
72.0,16.0,8.0,#D3A6A3
72.0,16.0,14.0,#D6A598
72.0,16.0,24.0,#DBA586
72.0,16.0,108.0,#EDA300
72.0,18.0,-14.0,#C6A6CA
72.0,18.0,2.0,#D2A5AD
72.0,18.0,6.0,#D5A5A6
72.0,18.0,12.0,#D8A49B
72.0,18.0,18.0,#DBA491
72.0,18.0,102.0,#EFA100
72.0,20.0,-20.0,#C4A5D5
72.0,20.0,-12.0,#CBA5C7
72.0,20.0,10.0,#DAA39F
72.0,20.0,96.0,#F2A000
72.0,20.0,108.0,#F2A000
72.0,22.0,-18.0,#CAA4D2
72.0,22.0,-8.0,#D2A3C0
72.0,22.0,-4.0,#D5A3B8
72.0,22.0,0.0,#D8A2B1
72.0,22.0,4.0,#DAA2AA
72.0,22.0,54.0,#EE9F4C
72.0,22.0,90.0,#F49E00
72.0,22.0,102.0,#F59E00
72.0,22.0,122.0,#F69E00
72.0,24.0,38.0,#ED9E6C
72.0,24.0,84.0,#F69D00
72.0,24.0,108.0,#F89D00
72.0,26.0,-48.0,#AFA4FF
72.0,26.0,-18.0,#D1A1D2
72.0,26.0,34.0,#EE9D74
72.0,26.0,90.0,#FA9B00
72.0,28.0,-32.0,#C7A1EB
72.0,28.0,-28.0,#CBA0E4
72.0,28.0,-24.0,#CFA0DD
72.0,28.0,28.0,#EF9C7F
72.0,32.0,116.0,#FF9600
72.0,34.0,-34.0,#D09DEF
72.0,34.0,32.0,#FA9778
72.0,34.0,122.0,#FF9500
72.0,36.0,-26.0,#DC9AE0
72.0,36.0,-6.0,#EB98BC
72.0,36.0,112.0,#FF9300
72.0,38.0,16.0,#F99495
72.0,40.0,82.0,#FF9000
72.0,40.0,100.0,#FF8F00
72.0,42.0,-20.0,#EB94D6
72.0,42.0,6.0,#FB92A7
72.0,42.0,20.0,#FF908E
72.0,42.0,108.0,#FF8D00
72.0,42.0,116.0,#FF8D00
72.0,44.0,-46.0,#D696FF
72.0,44.0,-30.0,#E693E8
72.0,44.0,80.0,#FF8C00
72.0,44.0,122.0,#FF8B00
72.0,46.0,-42.0,#DE93FE
72.0,46.0,-26.0,#ED91E1
72.0,46.0,-16.0,#F490CF
72.0,48.0,40.0,#FF896A
72.0,50.0,-34.0,#ED8EEF
72.0,50.0,22.0,#FF898B
72.0,50.0,70.0,#FF862A
72.0,50.0,120.0,#FF8500
72.0,52.0,18.0,#FF8792
72.0,54.0,118.0,#FF8100
72.0,56.0,6.0,#FF83A8
72.0,56.0,14.0,#FF839A
72.0,56.0,24.0,#FF8288
72.0,56.0,52.0,#FF8054
72.0,58.0,-10.0,#FF83C4
72.0,58.0,20.0,#FF808F
72.0,60.0,-42.0,#F685FE
72.0,60.0,58.0,#FF7B48
72.0,62.0,16.0,#FF7B96
72.0,62.0,36.0,#FF7A73
72.0,62.0,102.0,#FF7800
72.0,64.0,-12.0,#FF7CC8
72.0,64.0,22.0,#FF788C
72.0,64.0,56.0,#FF764D
72.0,64.0,86.0,#FF7500
72.0,64.0,94.0,#FF7500
72.0,66.0,-46.0,#FD7FFF
72.0,66.0,0.0,#FF78B3
72.0,68.0,18.0,#FF7393
72.0,70.0,24.0,#FF7089
72.0,70.0,44.0,#FF6F65
72.0,74.0,-4.0,#FF6DBA
72.0,74.0,14.0,#FF6B9B
72.0,74.0,20.0,#FF6A90
72.0,76.0,26.0,#FF6786
72.0,78.0,2.0,#FF66B0
72.0,80.0,-6.0,#FF64BE
72.0,80.0,8.0,#FF62A6
72.0,86.0,-44.0,#FF61FF
73.0,-128.0,12.0,#00DF9A
73.0,-128.0,20.0,#00DF8B
73.0,-128.0,44.0,#00DE5B
73.0,-128.0,52.0,#00DE48
73.0,-120.0,8.0,#00DEA1
73.0,-120.0,28.0,#00DD7B
73.0,-120.0,36.0,#00DD6C
73.0,-120.0,84.0,#00DC00
73.0,-116.0,98.0,#00DB00
73.0,-114.0,4.0,#00DDA9
73.0,-112.0,62.0,#00DA2D
73.0,-112.0,72.0,#00DA00
73.0,-112.0,80.0,#00DA00
73.0,-110.0,102.0,#00D900
73.0,-108.0,94.0,#00D900
73.0,-106.0,78.0,#00D900
73.0,-104.0,12.0,#00DA9A
73.0,-104.0,18.0,#00DA8F
73.0,-104.0,24.0,#00DA84
73.0,-104.0,30.0,#00D978
73.0,-104.0,38.0,#00D968
73.0,-104.0,62.0,#00D92E
73.0,-104.0,70.0,#00D802
73.0,-104.0,106.0,#00D800
73.0,-96.0,-8.0,#00D9BF
73.0,-96.0,8.0,#00D8A2
73.0,-96.0,20.0,#00D88B
73.0,-96.0,26.0,#00D880
73.0,-96.0,64.0,#00D628
73.0,-96.0,108.0,#00D600
73.0,-90.0,70.0,#00D507
73.0,-90.0,90.0,#00D500
73.0,-88.0,-6.0,#00D7BC
73.0,-88.0,58.0,#00D43B
73.0,-88.0,108.0,#00D400
73.0,-86.0,78.0,#00D400
73.0,-86.0,114.0,#00D300
73.0,-84.0,0.0,#00D6B1
73.0,-84.0,64.0,#00D329
73.0,-82.0,72.0,#00D300
73.0,-82.0,86.0,#00D200
73.0,-82.0,102.0,#00D200
73.0,-80.0,18.0,#00D490
73.0,-80.0,24.0,#00D384
73.0,-80.0,42.0,#00D361
73.0,-80.0,58.0,#00D23C
73.0,-80.0,108.0,#00D200
73.0,-78.0,66.0,#00D122
73.0,-78.0,80.0,#00D100
73.0,-78.0,114.0,#10D100
73.0,-76.0,74.0,#00D100
73.0,-76.0,100.0,#1ED000
73.0,-74.0,38.0,#00D169
73.0,-74.0,52.0,#00D14B
73.0,-74.0,88.0,#25D000
73.0,-72.0,-24.0,#00D4DD
73.0,-72.0,8.0,#00D2A2
73.0,-72.0,14.0,#00D197
73.0,-72.0,20.0,#00D18C
73.0,-72.0,32.0,#00D175
73.0,-72.0,68.0,#18D01A
73.0,-72.0,94.0,#36CF00
73.0,-70.0,114.0,#46CE00
73.0,-68.0,50.0,#10CF50
73.0,-68.0,84.0,#44CE00
73.0,-66.0,10.0,#00D09F
73.0,-66.0,16.0,#00CF94
73.0,-66.0,22.0,#00CF89
73.0,-66.0,28.0,#00CF7D
73.0,-64.0,-14.0,#00D0CB
73.0,-64.0,70.0,#4BCD10
73.0,-64.0,78.0,#50CD00
73.0,-64.0,94.0,#57CD00
73.0,-64.0,108.0,#5BCD00
73.0,-64.0,118.0,#5CCC00
73.0,-62.0,-30.0,#00D1E8
73.0,-62.0,-4.0,#00CFB9
73.0,-62.0,32.0,#0DCD76
73.0,-60.0,12.0,#00CD9B
73.0,-60.0,18.0,#00CD90
73.0,-58.0,114.0,#6DCA00
73.0,-56.0,-34.0,#00CFF0
73.0,-56.0,46.0,#54CB5A
73.0,-56.0,92.0,#6ECA00
73.0,-54.0,-12.0,#00CDC8
73.0,-54.0,2.0,#00CCAE
73.0,-54.0,14.0,#0DCB98
73.0,-54.0,52.0,#60CA4D
73.0,-50.0,24.0,#4DC985
73.0,-50.0,36.0,#5EC96E
73.0,-50.0,88.0,#7CC800
73.0,-48.0,-4.0,#00CAB9
73.0,-48.0,0.0,#00CAB2
73.0,-48.0,48.0,#6FC856
73.0,-44.0,-42.0,#00CCFF
73.0,-44.0,-24.0,#00CADE
73.0,-44.0,-16.0,#00C9CF
73.0,-44.0,-10.0,#00C9C4
73.0,-42.0,-2.0,#33C8B6
73.0,-42.0,2.0,#41C7AE
73.0,-42.0,6.0,#4BC7A7
73.0,-40.0,-18.0,#00C8D3
73.0,-40.0,-12.0,#00C7C8
73.0,-40.0,112.0,#95C300
73.0,-40.0,120.0,#96C300
73.0,-38.0,-26.0,#00C8E2
73.0,-38.0,26.0,#76C482
73.0,-36.0,8.0,#66C4A3
73.0,-32.0,-28.0,#00C5E5
73.0,-32.0,-6.0,#5AC4BD
73.0,-30.0,-12.0,#54C3C8
73.0,-30.0,38.0,#93C06B
73.0,-28.0,-8.0,#64C2C1
73.0,-28.0,84.0,#A8BE00
73.0,-28.0,116.0,#ACBE00
73.0,-26.0,-38.0,#00C4F8
73.0,-26.0,56.0,#A4BE45
73.0,-24.0,-20.0,#58C1D7
73.0,-24.0,-10.0,#6EC0C5
73.0,-24.0,20.0,#93BF8E
73.0,-22.0,-16.0,#69C0D0
73.0,-22.0,-6.0,#7ABFBD
73.0,-22.0,16.0,#94BE95
73.0,-22.0,24.0,#9ABD86
73.0,-22.0,56.0,#ABBC46
73.0,-20.0,-8.0,#7DBEC1
73.0,-20.0,6.0,#8FBDA8
73.0,-18.0,-14.0,#79BECC
73.0,-18.0,-4.0,#88BDBA
73.0,-18.0,38.0,#ABBB6C
73.0,-18.0,44.0,#AEBB60
73.0,-18.0,56.0,#B2BA46
73.0,-16.0,-46.0,#00C0FF
73.0,-16.0,2.0,#94BCAF
73.0,-16.0,24.0,#A6BA87
73.0,-16.0,110.0,#C0B800
73.0,-14.0,-20.0,#7ABCD7
73.0,-14.0,4.0,#9ABBAB
73.0,-14.0,8.0,#9EBAA4
73.0,-14.0,12.0,#A1BA9D
73.0,-14.0,16.0,#A5BA96
73.0,-14.0,20.0,#A7BA8E
73.0,-12.0,-46.0,#32BEFF
73.0,-12.0,-4.0,#96BABA
73.0,-12.0,0.0,#9ABAB3
73.0,-12.0,22.0,#ADB88B
73.0,-12.0,44.0,#B8B860
73.0,-10.0,-10.0,#94B9C5
73.0,-10.0,-2.0,#9DB9B6
73.0,-10.0,2.0,#A1B9AF
73.0,-10.0,6.0,#A4B8A8
73.0,-10.0,10.0,#A8B8A1
73.0,-10.0,24.0,#B2B787
73.0,-10.0,30.0,#B5B77C
73.0,-10.0,36.0,#B8B770
73.0,-10.0,78.0,#C6B600
73.0,-10.0,122.0,#CAB500
73.0,-8.0,-46.0,#4DBCFF
73.0,-8.0,-34.0,#71BAF1
73.0,-8.0,-20.0,#8BB9D7
73.0,-8.0,-4.0,#9FB8BA
73.0,-8.0,0.0,#A3B8B3
73.0,-8.0,4.0,#A7B7AC
73.0,-8.0,8.0,#AAB7A4
73.0,-8.0,20.0,#B3B68E
73.0,-8.0,114.0,#CDB400
73.0,-6.0,-12.0,#9AB7C9
73.0,-6.0,-8.0,#9FB7C1
73.0,-6.0,-4.0,#A3B7BA
73.0,-6.0,0.0,#A7B7B3
73.0,-6.0,4.0,#ABB6AC
73.0,-6.0,8.0,#AEB6A4
73.0,-6.0,22.0,#B8B58B
73.0,-6.0,108.0,#CFB300
73.0,-4.0,-38.0,#75B9F8
73.0,-4.0,-10.0,#A1B6C5
73.0,-4.0,-6.0,#A5B6BE
73.0,-4.0,-2.0,#A9B6B7
73.0,-4.0,2.0,#ADB5AF
73.0,-4.0,6.0,#B0B5A8
73.0,-4.0,10.0,#B3B5A1
73.0,-4.0,48.0,#C7B359
73.0,-2.0,-44.0,#6DB8FF
73.0,-2.0,-20.0,#9AB6D7
73.0,-2.0,-16.0,#9FB6D0
73.0,-2.0,0.0,#AFB4B3
73.0,-2.0,26.0,#C1B384
73.0,-2.0,54.0,#CDB24C
73.0,-2.0,62.0,#CFB139
73.0,-2.0,70.0,#D1B121
73.0,0.0,-40.0,#7DB7FC
73.0,0.0,-34.0,#89B6F1
73.0,0.0,0.0,#B3B3B3
73.0,2.0,-46.0,#76B6FF
73.0,2.0,-24.0,#9EB4DF
73.0,2.0,-16.0,#A7B3D0
73.0,2.0,0.0,#B7B2B3
73.0,2.0,40.0,#CEB069
73.0,2.0,54.0,#D3AF4D
73.0,2.0,62.0,#D5AF3A
73.0,2.0,70.0,#D7AF22
73.0,2.0,78.0,#D8AF00
73.0,4.0,-42.0,#85B5FF
73.0,4.0,-20.0,#A7B2D8
73.0,4.0,16.0,#C6B096
73.0,6.0,-40.0,#8EB3FC
73.0,6.0,-28.0,#A1B2E6
73.0,6.0,52.0,#D9AD51
73.0,6.0,76.0,#DEAC00
73.0,8.0,48.0,#DBAC5A
73.0,8.0,106.0,#E4AB00
73.0,8.0,114.0,#E5AB00
73.0,8.0,122.0,#E5AB00
73.0,10.0,-36.0,#9FB0F5
73.0,10.0,20.0,#D2AC8F
73.0,10.0,44.0,#DDAB62
73.0,10.0,54.0,#E0AA4D
73.0,12.0,-44.0,#97B0FF
73.0,12.0,-34.0,#A7AFF1
73.0,12.0,-18.0,#BAADD4
73.0,12.0,-14.0,#BEADCD
73.0,12.0,50.0,#E1A956
73.0,12.0,120.0,#EBA800
73.0,14.0,-42.0,#9FAFFF
73.0,14.0,-12.0,#C3ABC9
73.0,14.0,-8.0,#C7ABC2
73.0,14.0,30.0,#DEA97D
73.0,14.0,46.0,#E3A85E
73.0,14.0,56.0,#E6A84A
73.0,14.0,90.0,#ECA700
73.0,16.0,-40.0,#A7ADFC
73.0,16.0,-36.0,#ADADF5
73.0,16.0,-22.0,#BDABDB
73.0,16.0,20.0,#DCA890
73.0,16.0,52.0,#E8A652
73.0,16.0,96.0,#EFA500
73.0,18.0,-26.0,#BDAAE3
73.0,18.0,34.0,#E5A676
73.0,18.0,48.0,#EAA55B
73.0,18.0,58.0,#EDA546
73.0,18.0,82.0,#F1A400
73.0,18.0,90.0,#F2A400
73.0,18.0,114.0,#F3A400
73.0,18.0,122.0,#F4A400
73.0,20.0,22.0,#E3A58C
73.0,20.0,30.0,#E7A47D
73.0,20.0,40.0,#EBA46B
73.0,22.0,-40.0,#B4A9FC
73.0,22.0,16.0,#E4A497
73.0,22.0,60.0,#F3A241
73.0,24.0,-38.0,#BBA7F9
73.0,24.0,8.0,#E3A3A6
73.0,24.0,12.0,#E5A39E
73.0,24.0,24.0,#EBA289
73.0,26.0,-36.0,#C2A6F5
73.0,26.0,-14.0,#D7A3CD
73.0,26.0,2.0,#E2A2B0
73.0,26.0,48.0,#F69F5B
73.0,26.0,58.0,#F89F46
73.0,28.0,-8.0,#DFA1C3
73.0,28.0,-4.0,#E2A1BB
73.0,28.0,6.0,#E8A0A9
73.0,28.0,10.0,#EAA0A2
73.0,28.0,54.0,#FA9D4F
73.0,28.0,96.0,#FF9C00
73.0,30.0,-44.0,#C0A4FF
73.0,30.0,-12.0,#E0A0CA
73.0,30.0,0.0,#E89FB4
73.0,30.0,14.0,#EF9E9B
73.0,30.0,36.0,#F89D73
73.0,30.0,46.0,#FB9C60
73.0,30.0,64.0,#FF9B39
73.0,30.0,72.0,#FF9B21
73.0,30.0,102.0,#FF9B00
73.0,32.0,-22.0,#DB9FDC
73.0,32.0,-18.0,#DE9FD5
73.0,32.0,4.0,#ED9DAD
73.0,32.0,18.0,#F49C94
73.0,32.0,24.0,#F79C89
73.0,32.0,52.0,#FF9A54
73.0,32.0,60.0,#FF9A43
73.0,34.0,-30.0,#D79FEB
73.0,34.0,-10.0,#E89DC6
73.0,34.0,-2.0,#ED9CB8
73.0,34.0,8.0,#F29BA6
73.0,34.0,12.0,#F49B9F
73.0,34.0,70.0,#FF9829
73.0,36.0,-46.0,#CA9FFF
73.0,36.0,-16.0,#E79CD1
73.0,36.0,2.0,#F29AB1
73.0,36.0,66.0,#FF9635
73.0,36.0,76.0,#FF9612
73.0,36.0,104.0,#FF9600
73.0,38.0,-22.0,#E59ADC
73.0,38.0,28.0,#FF9682
73.0,38.0,32.0,#FF967B
73.0,38.0,40.0,#FF966C
73.0,40.0,-32.0,#E09AEE
73.0,40.0,-14.0,#EF98CE
73.0,40.0,-10.0,#F197C7
73.0,40.0,-2.0,#F697B8
73.0,40.0,10.0,#FD96A3
73.0,40.0,64.0,#FF933A
73.0,40.0,72.0,#FF9324
73.0,42.0,2.0,#FC95B1
73.0,42.0,38.0,#FF9270
73.0,42.0,60.0,#FF9144
73.0,42.0,94.0,#FF9000
73.0,44.0,34.0,#FF9078
73.0,44.0,44.0,#FF9065
73.0,44.0,70.0,#FF8F2B
73.0,46.0,-10.0,#FB92C7
73.0,46.0,-4.0,#FE91BC
73.0,46.0,10.0,#FF90A3
73.0,46.0,14.0,#FF909C
73.0,46.0,50.0,#FF8E59
73.0,46.0,76.0,#FF8D16
73.0,46.0,90.0,#FF8D00
73.0,48.0,-22.0,#F691DC
73.0,48.0,28.0,#FF8D83
73.0,50.0,34.0,#FF8A78
73.0,50.0,46.0,#FF8A62
73.0,50.0,56.0,#FF894E
73.0,50.0,88.0,#FF8800
73.0,50.0,96.0,#FF8800
73.0,52.0,-30.0,#F68FEB
73.0,52.0,-12.0,#FF8CCB
73.0,52.0,-6.0,#FF8CC0
73.0,52.0,78.0,#FF870F
73.0,54.0,-26.0,#FD8CE4
73.0,54.0,-2.0,#FF89B9
73.0,54.0,30.0,#FF867F
73.0,54.0,40.0,#FF866D
73.0,54.0,62.0,#FF8541
73.0,56.0,36.0,#FF8475
73.0,56.0,76.0,#FF821B
73.0,58.0,-34.0,#FD89F2
73.0,58.0,-16.0,#FF86D2
73.0,58.0,2.0,#FF84B2
73.0,58.0,10.0,#FF84A4
73.0,58.0,68.0,#FF8034
73.0,60.0,-4.0,#FF83BD
73.0,60.0,64.0,#FF7E3E
73.0,62.0,6.0,#FF7FAB
73.0,62.0,48.0,#FF7C5F
73.0,64.0,12.0,#FF7CA0
73.0,66.0,-36.0,#FF80F6
73.0,66.0,-6.0,#FF7CC0
73.0,68.0,8.0,#FF77A8
73.0,72.0,-40.0,#FF79FE
73.0,72.0,-34.0,#FF78F3
73.0,78.0,-44.0,#FF71FF
73.0,78.0,-36.0,#FF70F7
73.0,80.0,-12.0,#FF68CC
74.0,-128.0,76.0,#00E100
74.0,-128.0,84.0,#00E000
74.0,-120.0,42.0,#00E062
74.0,-120.0,50.0,#00DF50
74.0,-120.0,58.0,#00DF3C
74.0,-120.0,68.0,#00DF16
74.0,-120.0,76.0,#00DF00
74.0,-118.0,20.0,#00E08D
74.0,-114.0,88.0,#00DD00
74.0,-112.0,-4.0,#00E0BA
74.0,-112.0,34.0,#00DE72
74.0,-112.0,42.0,#00DE62
74.0,-112.0,50.0,#00DE50
74.0,-110.0,20.0,#00DE8E
74.0,-106.0,-10.0,#00DFC6
74.0,-104.0,-4.0,#00DEBB
74.0,-104.0,50.0,#00DC51
74.0,-98.0,78.0,#00DA00
74.0,-98.0,98.0,#00DA00
74.0,-96.0,-18.0,#00DDD5
74.0,-96.0,0.0,#00DCB3
74.0,-96.0,32.0,#00DA77
74.0,-96.0,40.0,#00DA67
74.0,-96.0,48.0,#00DA56
74.0,-96.0,56.0,#00DA43
74.0,-96.0,84.0,#00D900
74.0,-92.0,-22.0,#00DCDC
74.0,-92.0,-12.0,#00DBCA
74.0,-88.0,26.0,#00D883
74.0,-88.0,46.0,#00D85A
74.0,-88.0,96.0,#00D700
74.0,-86.0,-26.0,#00DBE4
74.0,-86.0,-20.0,#00DAD8
74.0,-86.0,-14.0,#00DACD
74.0,-86.0,8.0,#00D9A5
74.0,-84.0,14.0,#00D89A
74.0,-82.0,-30.0,#00DAEB
74.0,-80.0,-24.0,#00D9E0
74.0,-80.0,-18.0,#00D9D5
74.0,-80.0,-12.0,#00D8CA
74.0,-80.0,30.0,#00D67B
74.0,-80.0,36.0,#00D670
74.0,-78.0,-6.0,#00D7BF
74.0,-78.0,10.0,#00D6A1
74.0,-76.0,-34.0,#00D9F2
74.0,-76.0,0.0,#00D6B4
74.0,-74.0,-20.0,#00D7D9
74.0,-72.0,26.0,#00D483
74.0,-70.0,-38.0,#00D7FA
74.0,-70.0,-32.0,#00D7EF
74.0,-70.0,-2.0,#00D4B8
74.0,-70.0,74.0,#37D200
74.0,-68.0,-18.0,#00D5D5
74.0,-68.0,36.0,#00D270
74.0,-66.0,-42.0,#00D6FF
74.0,-64.0,-36.0,#00D5F6
74.0,-64.0,-24.0,#00D4E0
74.0,-62.0,40.0,#32D068
74.0,-62.0,84.0,#5ECF00
74.0,-60.0,-44.0,#00D4FF
74.0,-60.0,52.0,#4ECF4F
74.0,-58.0,-20.0,#00D2D9
74.0,-58.0,66.0,#61CE29
74.0,-56.0,6.0,#00CFA9
74.0,-56.0,30.0,#3FCE7C
74.0,-56.0,72.0,#6ACD0A
74.0,-54.0,-42.0,#00D2FF
74.0,-54.0,-2.0,#00CFB8
74.0,-54.0,18.0,#2BCE93
74.0,-52.0,-24.0,#00D0E0
74.0,-52.0,-18.0,#00CFD5
74.0,-52.0,62.0,#70CC36
74.0,-52.0,120.0,#7FCB00
74.0,-48.0,-14.0,#00CECE
74.0,-48.0,6.0,#2CCCA9
74.0,-48.0,14.0,#45CC9B
74.0,-46.0,-32.0,#00CEEF
74.0,-46.0,60.0,#7EC93C
74.0,-46.0,120.0,#8DC900
74.0,-44.0,36.0,#72C971
74.0,-44.0,88.0,#8CC800
74.0,-42.0,-6.0,#24CBC0
74.0,-42.0,18.0,#64C993
74.0,-42.0,46.0,#7FC85D
74.0,-42.0,80.0,#8FC700
74.0,-40.0,-32.0,#00CCEF
74.0,-40.0,60.0,#8CC73D
74.0,-40.0,92.0,#96C600
74.0,-38.0,20.0,#73C790
74.0,-38.0,32.0,#7FC779
74.0,-38.0,66.0,#93C62C
74.0,-38.0,84.0,#98C600
74.0,-36.0,2.0,#5EC8B1
74.0,-36.0,12.0,#6EC79F
74.0,-36.0,42.0,#8BC666
74.0,-34.0,46.0,#92C55E
74.0,-34.0,90.0,#A1C400
74.0,-34.0,122.0,#A4C400
74.0,-32.0,26.0,#88C585
74.0,-32.0,98.0,#A6C300
74.0,-32.0,106.0,#A7C300
74.0,-30.0,-22.0,#34C7DD
74.0,-30.0,12.0,#7FC49F
74.0,-28.0,22.0,#8EC38C
74.0,-26.0,-2.0,#78C3B9
74.0,-26.0,6.0,#82C3AA
74.0,-26.0,96.0,#B0C000
74.0,-26.0,104.0,#B1C000
74.0,-24.0,-14.0,#69C3CF
74.0,-24.0,78.0,#B1BF00
74.0,-24.0,90.0,#B3BF00
74.0,-22.0,-32.0,#3CC4F0
74.0,-22.0,-2.0,#83C2B9
74.0,-22.0,2.0,#88C1B2
74.0,-22.0,66.0,#B1BF2E
74.0,-22.0,98.0,#B8BE00
74.0,-22.0,118.0,#B9BE00
74.0,-20.0,-24.0,#61C2E1
74.0,-20.0,10.0,#95C0A3
74.0,-20.0,72.0,#B6BE17
74.0,-20.0,80.0,#B8BD00
74.0,-20.0,92.0,#BABD00
74.0,-18.0,-28.0,#5EC2E8
74.0,-18.0,-18.0,#75C1D6
74.0,-18.0,-10.0,#82C0C8
74.0,-18.0,30.0,#A9BE7E
74.0,-18.0,66.0,#B8BD2F
74.0,-18.0,86.0,#BDBC00
74.0,-18.0,122.0,#C0BC00
74.0,-16.0,72.0,#BDBC18
74.0,-16.0,94.0,#C1BB00
74.0,-14.0,-36.0,#57C1F7
74.0,-14.0,-30.0,#68C0EC
74.0,-14.0,-10.0,#8DBEC8
74.0,-14.0,28.0,#AFBC82
74.0,-14.0,50.0,#BABB57
74.0,-14.0,66.0,#BFBB2F
74.0,-14.0,80.0,#C2BA00
74.0,-14.0,100.0,#C5BA00
74.0,-12.0,72.0,#C4B919
74.0,-10.0,-16.0,#8EBDD3
74.0,-10.0,-6.0,#9BBCC0
74.0,-10.0,62.0,#C5B93B
74.0,-10.0,90.0,#CAB800
74.0,-8.0,-26.0,#84BCE5
74.0,-8.0,12.0,#B0BAA0
74.0,-8.0,16.0,#B3B998
74.0,-8.0,40.0,#C0B86B
74.0,-8.0,68.0,#CAB72A
74.0,-6.0,-22.0,#90BBDE
74.0,-6.0,-16.0,#98BAD3
74.0,-6.0,14.0,#B5B89C
74.0,-6.0,18.0,#B8B895
74.0,-6.0,44.0,#C6B763
74.0,-6.0,60.0,#CBB641
74.0,-6.0,84.0,#D0B600
74.0,-6.0,92.0,#D1B600
74.0,-4.0,-32.0,#84BBF0
74.0,-4.0,-20.0,#98BADA
74.0,-4.0,-14.0,#9FB9CF
74.0,-4.0,24.0,#BFB78A
74.0,-2.0,14.0,#BDB69C
74.0,-2.0,18.0,#BFB695
74.0,-2.0,22.0,#C2B68E
74.0,-2.0,40.0,#CBB56C
74.0,-2.0,82.0,#D6B400
74.0,-2.0,90.0,#D7B400
74.0,-2.0,98.0,#D8B300
74.0,0.0,-18.0,#A3B7D7
74.0,0.0,-14.0,#A8B7CF
74.0,0.0,14.0,#C0B59C
74.0,0.0,18.0,#C3B595
74.0,0.0,22.0,#C5B58E
74.0,0.0,32.0,#CAB47B
74.0,2.0,-32.0,#94B7F0
74.0,2.0,14.0,#C4B49C
74.0,2.0,18.0,#C6B495
74.0,2.0,22.0,#C9B38E
74.0,2.0,28.0,#CCB383
74.0,2.0,90.0,#DDB100
74.0,2.0,98.0,#DEB100
74.0,2.0,106.0,#DFB100
74.0,4.0,-30.0,#9CB6ED
74.0,4.0,22.0,#CCB28E
74.0,4.0,32.0,#D1B27B
74.0,6.0,18.0,#CDB195
74.0,6.0,36.0,#D6B074
74.0,6.0,62.0,#DEAF3D
74.0,6.0,96.0,#E4AF00
74.0,8.0,-38.0,#9AB5FB
74.0,8.0,22.0,#D3B08E
74.0,10.0,26.0,#D8AE87
74.0,10.0,36.0,#DDAE74
74.0,10.0,60.0,#E4AD43
74.0,12.0,-24.0,#B6B1E2
74.0,14.0,26.0,#DFAB87
74.0,14.0,38.0,#E4AB71
74.0,14.0,68.0,#ECAA2E
74.0,14.0,78.0,#EDAA00
74.0,16.0,-28.0,#BAAEE9
74.0,16.0,-16.0,#C6ADD3
74.0,18.0,-6.0,#D2ABC1
74.0,18.0,-2.0,#D5ABBA
74.0,18.0,42.0,#EBA869
74.0,18.0,70.0,#F2A729
74.0,20.0,-32.0,#BDACF1
74.0,20.0,-24.0,#C6ABE2
74.0,20.0,26.0,#E8A787
74.0,22.0,20.0,#E9A692
74.0,22.0,50.0,#F4A55A
74.0,22.0,68.0,#F8A430
74.0,22.0,76.0,#F9A410
74.0,24.0,-28.0,#CAA9E9
74.0,24.0,-24.0,#CEA8E2
74.0,24.0,28.0,#EFA484
74.0,24.0,116.0,#FFA200
74.0,26.0,16.0,#EDA39A
74.0,26.0,22.0,#F0A38F
74.0,26.0,70.0,#FEA12A
74.0,26.0,78.0,#FFA103
74.0,26.0,102.0,#FFA100
74.0,30.0,20.0,#F5A093
74.0,30.0,26.0,#F8A088
74.0,30.0,40.0,#FC9F6E
74.0,30.0,84.0,#FF9E00
74.0,30.0,110.0,#FF9D00
74.0,30.0,126.0,#FF9D00
74.0,34.0,-38.0,#D2A2FC
74.0,34.0,46.0,#FF9B63
74.0,34.0,82.0,#FF9A00
74.0,34.0,90.0,#FF9A00
74.0,36.0,58.0,#FF994A
74.0,36.0,96.0,#FF9800
74.0,38.0,22.0,#FF9990
74.0,38.0,46.0,#FF9863
74.0,38.0,52.0,#FF9857
74.0,38.0,88.0,#FF9700
74.0,38.0,126.0,#FF9600
74.0,40.0,-42.0,#D99EFF
74.0,40.0,-36.0,#DF9DF9
74.0,42.0,52.0,#FF9457
74.0,46.0,-38.0,#E898FC
74.0,46.0,18.0,#FF9297
74.0,48.0,6.0,#FF91AD
74.0,48.0,104.0,#FF8D00
74.0,48.0,114.0,#FF8D00
74.0,50.0,82.0,#FF8B00
74.0,52.0,-44.0,#ED93FF
74.0,52.0,-18.0,#FF90D8
74.0,52.0,10.0,#FF8DA6
74.0,52.0,112.0,#FF8900
74.0,54.0,106.0,#FF8700
74.0,56.0,94.0,#FF8500
74.0,58.0,86.0,#FF8200
74.0,60.0,-30.0,#FF89EE
74.0,62.0,26.0,#FF808A
74.0,64.0,-26.0,#FF84E7
74.0,64.0,32.0,#FF7D7F
74.0,66.0,-20.0,#FF80DC
74.0,68.0,28.0,#FF7887
74.0,68.0,38.0,#FF7875
74.0,70.0,-28.0,#FF7CEB
74.0,70.0,4.0,#FF78B2
74.0,70.0,34.0,#FF757C
74.0,72.0,-16.0,#FF78D5
74.0,72.0,-10.0,#FF77CB
74.0,74.0,-24.0,#FF76E4
74.0,76.0,-30.0,#FF74EF
74.0,78.0,-18.0,#FF6FD9
74.0,82.0,-24.0,#FF6AE4
75.0,-128.0,64.0,#00E42B
75.0,-126.0,94.0,#00E300
75.0,-112.0,56.0,#00E144
75.0,-110.0,28.0,#00E181
75.0,-104.0,56.0,#00DF45
75.0,-104.0,88.0,#00DE00
75.0,-92.0,16.0,#00DD98
75.0,-90.0,4.0,#00DDAF
75.0,-88.0,40.0,#00DB6A
75.0,-80.0,48.0,#00D859
75.0,-74.0,-16.0,#00D9D4
75.0,-74.0,42.0,#00D766
75.0,-74.0,58.0,#00D642
75.0,-72.0,-28.0,#00DAEA
75.0,-72.0,-8.0,#00D8C5
75.0,-70.0,4.0,#00D7AF
75.0,-70.0,104.0,#4CD400
75.0,-68.0,44.0,#01D562
75.0,-66.0,-6.0,#00D6C2
75.0,-66.0,58.0,#3ED443
75.0,-66.0,66.0,#47D32B
75.0,-64.0,-10.0,#00D6C9
75.0,-64.0,0.0,#00D5B7
75.0,-64.0,6.0,#00D5AC
75.0,-62.0,46.0,#41D35E
75.0,-60.0,60.0,#59D13E
75.0,-58.0,-8.0,#00D4C6
75.0,-58.0,26.0,#2DD286
75.0,-58.0,100.0,#71D000
75.0,-56.0,38.0,#50D16F
75.0,-52.0,-6.0,#00D1C2
75.0,-52.0,80.0,#7BCE00
75.0,-52.0,96.0,#7FCE00
75.0,-52.0,104.0,#81CE00
75.0,-50.0,40.0,#68CE6B
75.0,-48.0,-42.0,#00D3FF
75.0,-48.0,-20.0,#00D1DC
75.0,-48.0,-10.0,#00D0CA
75.0,-48.0,52.0,#77CD52
75.0,-46.0,66.0,#84CC2E
75.0,-46.0,74.0,#87CC03
75.0,-46.0,100.0,#8DCC00
75.0,-46.0,108.0,#8FCB00
75.0,-44.0,28.0,#6DCC83
75.0,-42.0,12.0,#5DCCA1
75.0,-42.0,52.0,#86CB53
75.0,-40.0,74.0,#94C906
75.0,-40.0,100.0,#9AC900
75.0,-38.0,-20.0,#00CDDC
75.0,-38.0,-2.0,#50CCBB
75.0,-38.0,38.0,#86CA70
75.0,-36.0,-42.0,#00CEFF
75.0,-36.0,-16.0,#28CCD5
75.0,-36.0,-10.0,#43CBCA
75.0,-36.0,54.0,#94C84F
75.0,-34.0,-36.0,#00CDFA
75.0,-34.0,60.0,#9BC740
75.0,-34.0,68.0,#9EC729
75.0,-34.0,76.0,#A1C700
75.0,-32.0,-2.0,#68C9BB
75.0,-32.0,18.0,#83C896
75.0,-32.0,34.0,#91C778
75.0,-30.0,-42.0,#00CBFF
75.0,-30.0,-16.0,#4FC9D5
75.0,-30.0,50.0,#9FC658
75.0,-30.0,62.0,#A4C53C
75.0,-30.0,70.0,#A7C522
75.0,-30.0,78.0,#A9C500
75.0,-28.0,-30.0,#11C9EF
75.0,-28.0,54.0,#A5C54F
75.0,-26.0,-24.0,#49C8E4
75.0,-26.0,-12.0,#69C7CE
75.0,-26.0,18.0,#92C597
75.0,-26.0,28.0,#9AC584
75.0,-26.0,64.0,#ACC337
75.0,-26.0,72.0,#AFC31A
75.0,-24.0,-42.0,#00C9FF
75.0,-24.0,-8.0,#77C6C6
75.0,-24.0,32.0,#A1C37C
75.0,-24.0,38.0,#A5C371
75.0,-24.0,44.0,#A8C365
75.0,-22.0,48.0,#AEC25D
75.0,-22.0,110.0,#BCC100
75.0,-20.0,26.0,#A5C288
75.0,-18.0,-42.0,#21C6FF
75.0,-18.0,0.0,#92C2B8
75.0,-18.0,12.0,#9EC2A2
75.0,-18.0,16.0,#A2C19B
75.0,-18.0,20.0,#A5C193
75.0,-18.0,48.0,#B5C05D
75.0,-16.0,-4.0,#92C2BF
75.0,-16.0,60.0,#BDBF42
75.0,-14.0,-42.0,#44C4FF
75.0,-14.0,0.0,#9BC0B8
75.0,-14.0,40.0,#B9BE6D
75.0,-12.0,-14.0,#8FC0D2
75.0,-12.0,2.0,#A2BFB5
75.0,-12.0,32.0,#B8BD7D
75.0,-12.0,58.0,#C3BD48
75.0,-10.0,-22.0,#88C0E0
75.0,-10.0,4.0,#A8BEB1
75.0,-10.0,8.0,#ACBEAA
75.0,-10.0,106.0,#CFBB00
75.0,-8.0,-8.0,#A0BEC7
75.0,-8.0,6.0,#AEBDAD
75.0,-8.0,26.0,#BCBC89
75.0,-8.0,54.0,#C9BA51
75.0,-6.0,-42.0,#6AC0FF
75.0,-6.0,28.0,#C1BA85
75.0,-6.0,34.0,#C4BA7A
75.0,-6.0,76.0,#D2B907
75.0,-6.0,100.0,#D5B800
75.0,-6.0,120.0,#D6B800
75.0,-4.0,14.0,#BCBA9F
75.0,-4.0,18.0,#BFBA98
75.0,-4.0,66.0,#D3B834
75.0,-2.0,-24.0,#99BCE4
75.0,-2.0,-10.0,#ABBBCB
75.0,-2.0,-6.0,#AFBAC3
75.0,-2.0,-2.0,#B3BABC
75.0,-2.0,2.0,#B6BAB5
75.0,-2.0,6.0,#BAB9AE
75.0,-2.0,10.0,#BDB9A6
75.0,-2.0,110.0,#DCB600
75.0,-2.0,126.0,#DDB600
75.0,0.0,-22.0,#A1BAE1
75.0,0.0,-10.0,#AFB9CB
75.0,0.0,-6.0,#B3B9C4
75.0,0.0,-2.0,#B7B9BC
75.0,0.0,2.0,#BAB8B5
75.0,0.0,6.0,#BDB8AE
75.0,0.0,10.0,#C0B8A6
75.0,0.0,46.0,#D3B662
75.0,0.0,64.0,#D9B63A
75.0,0.0,118.0,#DFB500
75.0,2.0,-10.0,#B3B8CB
75.0,2.0,-6.0,#B7B8C4
75.0,2.0,-2.0,#BBB8BC
75.0,2.0,2.0,#BEB7B5
75.0,2.0,6.0,#C1B7AE
75.0,2.0,10.0,#C4B7A6
75.0,4.0,-14.0,#B3B7D2
75.0,4.0,-10.0,#B7B7CB
75.0,4.0,-6.0,#BBB7C4
75.0,4.0,-2.0,#BFB6BC
75.0,4.0,2.0,#C2B6B5
75.0,4.0,6.0,#C5B6AE
75.0,4.0,10.0,#C8B6A7
75.0,4.0,44.0,#D9B467
75.0,4.0,84.0,#E3B300
75.0,4.0,112.0,#E5B200
75.0,4.0,124.0,#E6B200
75.0,6.0,-22.0,#AEB7E1
75.0,6.0,-18.0,#B3B6DA
75.0,6.0,-14.0,#B7B6D2
75.0,6.0,-10.0,#BBB6CB
75.0,6.0,-6.0,#BFB5C4
75.0,6.0,-2.0,#C2B5BC
75.0,6.0,2.0,#C6B5B5
75.0,6.0,6.0,#C9B5AE
75.0,6.0,10.0,#CBB4A7
75.0,6.0,14.0,#CEB49F
75.0,6.0,26.0,#D5B389
75.0,8.0,-18.0,#B7B5DA
75.0,8.0,-14.0,#BBB5D2
75.0,8.0,-10.0,#BFB5CB
75.0,8.0,-6.0,#C3B4C4
75.0,8.0,-2.0,#C6B4BD
75.0,8.0,2.0,#C9B4B5
75.0,8.0,6.0,#CCB3AE
75.0,8.0,10.0,#CFB3A7
75.0,8.0,14.0,#D1B39F
75.0,8.0,18.0,#D4B398
75.0,8.0,30.0,#DAB282
75.0,8.0,44.0,#DFB167
75.0,8.0,70.0,#E6B02A
75.0,8.0,86.0,#E9B000
75.0,10.0,-28.0,#B0B5EC
75.0,10.0,-8.0,#C5B3C7
75.0,10.0,-4.0,#C8B3C0
75.0,10.0,0.0,#CBB2B9
75.0,10.0,4.0,#CEB2B2
75.0,10.0,8.0,#D1B2AA
75.0,10.0,14.0,#D5B29F
75.0,12.0,-6.0,#CAB2C4
75.0,12.0,-2.0,#CDB1BD
75.0,12.0,2.0,#D0B1B5
75.0,12.0,6.0,#D3B1AE
75.0,12.0,12.0,#D7B0A3
75.0,12.0,18.0,#DAB098
75.0,12.0,22.0,#DCB091
75.0,12.0,32.0,#E1AF7E
75.0,12.0,84.0,#EFAE00
75.0,12.0,100.0,#F0AD00
75.0,12.0,112.0,#F1AD00
75.0,14.0,-30.0,#B6B3F0
75.0,14.0,-4.0,#CFB0C0
75.0,14.0,0.0,#D2B0B9
75.0,14.0,4.0,#D5B0B2
75.0,14.0,10.0,#D9AFA7
75.0,14.0,16.0,#DDAF9C
75.0,14.0,62.0,#EEAD41
75.0,14.0,106.0,#F4AC00
75.0,16.0,-10.0,#CEAFCB
75.0,16.0,8.0,#DBAEAB
75.0,16.0,14.0,#DFAEA0
75.0,16.0,24.0,#E4AD8D
75.0,16.0,36.0,#E9AC77
75.0,16.0,84.0,#F4AB00
75.0,18.0,-14.0,#CEAED3
75.0,18.0,4.0,#DCADB2
75.0,18.0,12.0,#E1ACA3
75.0,18.0,18.0,#E4AC99
75.0,18.0,30.0,#EAAB82
75.0,18.0,106.0,#F9A900
75.0,20.0,-42.0,#B3B0FF
75.0,20.0,-18.0,#CFADDA
75.0,20.0,-12.0,#D4ADCF
75.0,20.0,8.0,#E2ABAB
75.0,20.0,54.0,#F5A954
75.0,20.0,100.0,#FCA800
75.0,22.0,-8.0,#DBABC8
75.0,22.0,-4.0,#DDABC1
75.0,22.0,0.0,#E0AAB9
75.0,22.0,4.0,#E3AAB2
75.0,22.0,106.0,#FFA600
75.0,22.0,126.0,#FFA600
75.0,24.0,-18.0,#D6AADA
75.0,24.0,38.0,#F6A674
75.0,24.0,82.0,#FFA500
75.0,24.0,92.0,#FFA500
75.0,26.0,-10.0,#E0A8CC
75.0,26.0,-6.0,#E3A8C4
75.0,26.0,-2.0,#E6A8BD
75.0,26.0,34.0,#F8A57B
75.0,28.0,-22.0,#DAA8E2
75.0,28.0,-18.0,#DDA7DA
75.0,28.0,28.0,#F8A487
75.0,28.0,66.0,#FFA239
75.0,32.0,120.0,#FF9E00
75.0,34.0,-42.0,#D0A6FF
75.0,34.0,34.0,#FF9F7C
75.0,34.0,40.0,#FF9E71
75.0,36.0,-8.0,#F2A0C8
75.0,36.0,116.0,#FF9B00
75.0,38.0,6.0,#FE9DAF
75.0,38.0,16.0,#FF9C9D
75.0,38.0,110.0,#FF9900
75.0,40.0,84.0,#FF9800
75.0,42.0,-20.0,#F39CDE
75.0,42.0,14.0,#FF99A1
75.0,42.0,46.0,#FF9766
75.0,42.0,80.0,#FF9605
75.0,42.0,108.0,#FF9600
75.0,42.0,116.0,#FF9500
75.0,44.0,30.0,#FF9684
75.0,44.0,122.0,#FF9400
75.0,46.0,-30.0,#F29AF1
75.0,46.0,-16.0,#FD98D7
75.0,46.0,22.0,#FF9593
75.0,46.0,96.0,#FF9200
75.0,48.0,-26.0,#F997E9
75.0,48.0,40.0,#FF9272
75.0,48.0,58.0,#FF914E
75.0,48.0,64.0,#FF9141
75.0,50.0,2.0,#FF92B7
75.0,50.0,50.0,#FF8F5F
75.0,50.0,70.0,#FF8E33
75.0,50.0,124.0,#FF8D00
75.0,52.0,-36.0,#F795FC
75.0,52.0,26.0,#FF8E8C
75.0,54.0,14.0,#FF8DA2
75.0,54.0,18.0,#FF8D9A
75.0,54.0,68.0,#FF8A38
75.0,54.0,98.0,#FF8900
75.0,56.0,24.0,#FF8A90
75.0,56.0,52.0,#FF895B
75.0,58.0,-42.0,#FC90FF
75.0,58.0,-22.0,#FF8DE2
75.0,58.0,-10.0,#FF8BCD
75.0,58.0,30.0,#FF8885
75.0,58.0,58.0,#FF8650
75.0,60.0,16.0,#FF869E
75.0,62.0,22.0,#FF8394
75.0,62.0,36.0,#FF827A
75.0,62.0,44.0,#FF826B
75.0,62.0,52.0,#FF825C
75.0,64.0,-12.0,#FF85D1
75.0,64.0,2.0,#FF83B8
75.0,64.0,58.0,#FF7F50
75.0,66.0,-42.0,#FF87FF
75.0,66.0,18.0,#FF7F9B
75.0,66.0,42.0,#FF7D6F
75.0,68.0,24.0,#FF7C90
75.0,70.0,-2.0,#FF7CBF
75.0,72.0,12.0,#FF77A6
75.0,72.0,20.0,#FF7698
76.0,-128.0,24.0,#00E88B
76.0,-128.0,32.0,#00E87B
76.0,-128.0,40.0,#00E76B
76.0,-128.0,48.0,#00E75A
76.0,-128.0,56.0,#00E746
76.0,-120.0,26.0,#00E687
76.0,-120.0,34.0,#00E677
76.0,-120.0,84.0,#00E500
76.0,-116.0,14.0,#00E69E
76.0,-116.0,100.0,#00E400
76.0,-112.0,68.0,#00E321
76.0,-112.0,76.0,#00E300
76.0,-110.0,10.0,#00E5A6
76.0,-110.0,82.0,#00E300
76.0,-108.0,96.0,#00E200
76.0,-108.0,106.0,#00E200
76.0,-104.0,8.0,#00E3AA
76.0,-104.0,24.0,#00E38B
76.0,-104.0,30.0,#00E280
76.0,-104.0,38.0,#00E270
76.0,-104.0,62.0,#00E137
76.0,-104.0,70.0,#00E118
76.0,-104.0,80.0,#00E100
76.0,-102.0,16.0,#00E29B
76.0,-100.0,106.0,#00E000
76.0,-98.0,10.0,#00E2A6
76.0,-98.0,22.0,#00E18F
76.0,-96.0,66.0,#00DF2B
76.0,-96.0,112.0,#00DF00
76.0,-94.0,-4.0,#00E1C0
76.0,-92.0,92.0,#00DE00
76.0,-90.0,22.0,#00DF90
76.0,-90.0,70.0,#00DE1A
76.0,-90.0,114.0,#00DD00
76.0,-88.0,-8.0,#00E0C8
76.0,-88.0,-2.0,#00E0BD
76.0,-88.0,34.0,#00DE78
76.0,-88.0,58.0,#00DD44
76.0,-88.0,106.0,#00DD00
76.0,-86.0,86.0,#00DC00
76.0,-84.0,64.0,#00DC33
76.0,-84.0,76.0,#00DC00
76.0,-84.0,100.0,#00DB00
76.0,-82.0,20.0,#00DD94
76.0,-82.0,110.0,#00DB00
76.0,-80.0,26.0,#00DC88
76.0,-80.0,54.0,#00DB4E
76.0,-80.0,116.0,#19DA00
76.0,-78.0,66.0,#00DA2D
76.0,-78.0,82.0,#00DA00
76.0,-76.0,14.0,#00DB9F
76.0,-76.0,72.0,#02D911
76.0,-76.0,90.0,#2AD900
76.0,-76.0,98.0,#30D900
76.0,-76.0,106.0,#34D900
76.0,-74.0,20.0,#00DA94
76.0,-74.0,48.0,#00D95C
76.0,-72.0,32.0,#00D97D
76.0,-72.0,116.0,#4BD800
76.0,-70.0,86.0,#48D700
76.0,-70.0,94.0,#4CD700
76.0,-70.0,110.0,#52D700
76.0,-68.0,12.0,#00D9A3
76.0,-68.0,18.0,#00D898
76.0,-66.0,24.0,#00D88D
76.0,-66.0,30.0,#00D781
76.0,-66.0,76.0,#52D600
76.0,-66.0,120.0,#61D600
76.0,-64.0,-28.0,#00DAED
76.0,-64.0,90.0,#60D500
76.0,-64.0,98.0,#63D500
76.0,-64.0,106.0,#65D500
76.0,-62.0,-16.0,#00D8D7
76.0,-62.0,14.0,#00D7A0
76.0,-62.0,34.0,#2BD679
76.0,-60.0,-4.0,#00D7C1
76.0,-60.0,18.0,#00D698
76.0,-60.0,116.0,#72D400
76.0,-58.0,-32.0,#00D8F5
76.0,-58.0,-26.0,#00D8EA
76.0,-58.0,0.0,#00D6BA
76.0,-58.0,92.0,#72D300
76.0,-58.0,110.0,#76D300
76.0,-56.0,-14.0,#00D6D4
76.0,-56.0,12.0,#00D5A3
76.0,-54.0,-36.0,#00D7FC
76.0,-54.0,48.0,#66D25D
76.0,-52.0,-30.0,#00D6F1
76.0,-52.0,88.0,#80D100
76.0,-52.0,112.0,#85D100
76.0,-50.0,0.0,#00D3BA
76.0,-50.0,10.0,#35D2A7
76.0,-50.0,26.0,#59D289
76.0,-50.0,32.0,#62D17E
76.0,-48.0,20.0,#57D195
76.0,-48.0,44.0,#74D066
76.0,-46.0,-28.0,#00D4EE
76.0,-44.0,-4.0,#28D1C1
76.0,-44.0,2.0,#41D1B6
76.0,-44.0,8.0,#50D0AB
76.0,-42.0,-40.0,#00D3FF
76.0,-42.0,-18.0,#00D1DB
76.0,-42.0,-10.0,#12D1CC
76.0,-42.0,120.0,#9BCD00
76.0,-40.0,-28.0,#00D1EE
76.0,-40.0,-14.0,#03D0D4
76.0,-40.0,108.0,#9ECC00
76.0,-38.0,6.0,#64CEAF
76.0,-38.0,24.0,#7DCD8E
76.0,-36.0,28.0,#86CC86
76.0,-36.0,112.0,#A6CA00
76.0,-34.0,-28.0,#00CFEE
76.0,-34.0,-22.0,#15CEE3
76.0,-34.0,-6.0,#5BCDC5
76.0,-32.0,2.0,#71CCB7
76.0,-32.0,6.0,#77CBAF
76.0,-30.0,-10.0,#62CBCD
76.0,-30.0,28.0,#94C986
76.0,-30.0,114.0,#B1C700
76.0,-28.0,-6.0,#71CAC5
76.0,-28.0,0.0,#7ACABA
76.0,-28.0,4.0,#80CAB3
76.0,-28.0,38.0,#9FC873
76.0,-28.0,84.0,#B1C700
76.0,-28.0,92.0,#B2C700
76.0,-28.0,120.0,#B5C600
76.0,-26.0,24.0,#9AC88E
76.0,-24.0,-18.0,#66C9DC
76.0,-24.0,-4.0,#80C8C2
76.0,-24.0,10.0,#91C7A8
76.0,-24.0,126.0,#BCC400
76.0,-22.0,-28.0,#53C9EE
76.0,-22.0,14.0,#9AC6A1
76.0,-22.0,18.0,#9DC699
76.0,-22.0,58.0,#B4C449
76.0,-20.0,-36.0,#3EC9FD
76.0,-20.0,-16.0,#78C7D8
76.0,-20.0,-12.0,#7FC7D1
76.0,-20.0,-8.0,#85C7C9
76.0,-20.0,-4.0,#8BC6C2
76.0,-20.0,4.0,#94C6B3
76.0,-20.0,36.0,#AEC477
76.0,-18.0,102.0,#C5C200
76.0,-16.0,-34.0,#5CC7F9
76.0,-16.0,-20.0,#7DC6DF
76.0,-16.0,-16.0,#84C5D8
76.0,-16.0,-12.0,#8AC5D1
76.0,-16.0,-8.0,#90C5C9
76.0,-16.0,4.0,#9EC4B3
76.0,-16.0,36.0,#B6C278
76.0,-14.0,6.0,#A4C3B0
76.0,-14.0,10.0,#A8C2A9
76.0,-14.0,14.0,#ABC2A1
76.0,-14.0,18.0,#AEC29A
76.0,-14.0,22.0,#B1C292
76.0,-14.0,116.0,#CDBF00
76.0,-12.0,-32.0,#71C5F6
76.0,-12.0,-18.0,#8CC3DC
76.0,-12.0,-10.0,#97C3CD
76.0,-12.0,-6.0,#9CC2C6
76.0,-12.0,-2.0,#A0C2BF
76.0,-12.0,24.0,#B6C18F
76.0,-12.0,84.0,#CCBF00
76.0,-12.0,124.0,#D0BE00
76.0,-10.0,-4.0,#A3C1C2
76.0,-10.0,0.0,#A7C1BB
76.0,-10.0,12.0,#B2C0A5
76.0,-10.0,16.0,#B5C09E
76.0,-10.0,20.0,#B7C096
76.0,-10.0,46.0,#C5BF64
76.0,-10.0,78.0,#CFBE00
76.0,-10.0,98.0,#D2BD00
76.0,-8.0,-32.0,#7EC3F6
76.0,-8.0,-18.0,#96C1DC
76.0,-8.0,-14.0,#9BC1D5
76.0,-8.0,-2.0,#A9C0BF
76.0,-8.0,2.0,#ADC0B7
76.0,-8.0,22.0,#BCBF93
76.0,-8.0,114.0,#D6BC00
76.0,-6.0,-28.0,#8BC1EE
76.0,-6.0,-12.0,#A3C0D1
76.0,-6.0,-8.0,#A7BFCA
76.0,-6.0,-4.0,#ABBFC2
76.0,-6.0,0.0,#AFBFBB
76.0,-6.0,4.0,#B3BEB4
76.0,-6.0,8.0,#B6BEAC
76.0,-6.0,108.0,#D9BB00
76.0,-4.0,-10.0,#A9BECD
76.0,-4.0,-6.0,#AEBEC6
76.0,-4.0,-2.0,#B2BEBF
76.0,-4.0,2.0,#B5BDB8
76.0,-4.0,6.0,#B9BDB0
76.0,-4.0,10.0,#BCBDA9
76.0,-4.0,46.0,#CFBB65
76.0,-4.0,54.0,#D2BB54
76.0,-2.0,-30.0,#93BFF2
76.0,-2.0,-16.0,#A7BED9
76.0,-2.0,0.0,#B7BCBB
76.0,-2.0,36.0,#CFBA78
76.0,0.0,0.0,#BBBBBB
76.0,0.0,26.0,#CDBA8C
76.0,0.0,40.0,#D4B971
76.0,0.0,54.0,#D9B954
76.0,2.0,-38.0,#90BEFF
76.0,2.0,-20.0,#ABBCE0
76.0,2.0,-16.0,#B0BBD9
76.0,2.0,36.0,#D5B879
76.0,2.0,70.0,#E0B72C
76.0,2.0,78.0,#E2B701
76.0,4.0,16.0,#CEB89E
76.0,4.0,28.0,#D5B788
76.0,4.0,56.0,#E0B650
76.0,4.0,64.0,#E2B63D
76.0,6.0,-30.0,#A7BAF2
76.0,6.0,-26.0,#ACBAEB
76.0,6.0,32.0,#DAB681
76.0,8.0,50.0,#E4B45D
76.0,8.0,102.0,#EEB300
76.0,10.0,-36.0,#A7B9FE
76.0,10.0,-32.0,#ADB8F6
76.0,10.0,40.0,#E4B372
76.0,10.0,122.0,#F2B100
76.0,12.0,-20.0,#C0B6E0
76.0,12.0,-16.0,#C4B5D9
76.0,12.0,46.0,#E9B166
76.0,12.0,52.0,#EBB15A
76.0,14.0,-38.0,#AEB6FF
76.0,14.0,-24.0,#C0B5E8
76.0,14.0,-14.0,#CAB4D5
76.0,14.0,42.0,#EBB06E
76.0,14.0,90.0,#F5AF00
76.0,16.0,-36.0,#B5B5FE
76.0,16.0,-22.0,#C6B3E4
76.0,16.0,20.0,#E5B097
76.0,16.0,48.0,#F0AF62
76.0,16.0,54.0,#F2AE56
76.0,16.0,96.0,#F9AD00
76.0,16.0,124.0,#FBAD00
76.0,18.0,-26.0,#C6B2EB
76.0,18.0,76.0,#F9AC19
76.0,18.0,118.0,#FDAC00
76.0,20.0,22.0,#ECAD94
76.0,20.0,92.0,#FEAB00
76.0,22.0,-40.0,#BDB1FF
76.0,22.0,-36.0,#C2B1FE
76.0,22.0,-30.0,#C9B0F3
76.0,22.0,16.0,#EDAC9F
76.0,22.0,32.0,#F4AB81
76.0,22.0,40.0,#F7AB72
76.0,22.0,46.0,#F8AA67
76.0,24.0,10.0,#EDABAA
76.0,24.0,24.0,#F3AA90
76.0,24.0,58.0,#FFA84E
76.0,26.0,-36.0,#CAAEFE
76.0,26.0,-14.0,#E0ABD6
76.0,26.0,2.0,#EBAAB9
76.0,26.0,6.0,#EDAAB1
76.0,26.0,46.0,#FEA767
76.0,28.0,-34.0,#D0ACFA
76.0,28.0,-28.0,#D7ABEF
76.0,28.0,10.0,#F3A8AA
76.0,28.0,14.0,#F5A8A3
76.0,28.0,52.0,#FFA55B
76.0,28.0,58.0,#FFA54E
76.0,28.0,92.0,#FFA400
76.0,30.0,-8.0,#EBA8CB
76.0,30.0,-4.0,#EEA7C4
76.0,30.0,0.0,#F0A7BC
76.0,30.0,4.0,#F3A7B5
76.0,30.0,46.0,#FFA467
76.0,30.0,98.0,#FFA300
76.0,32.0,-34.0,#D8A9FA
76.0,32.0,-22.0,#E4A8E4
76.0,32.0,-14.0,#EAA7D6
76.0,32.0,8.0,#F8A5AE
76.0,32.0,52.0,#FFA25C
76.0,32.0,58.0,#FFA24F
76.0,32.0,64.0,#FFA241
76.0,32.0,76.0,#FFA21E
76.0,34.0,-30.0,#E0A7F3
76.0,34.0,-2.0,#F6A4C0
76.0,34.0,2.0,#F8A4B9
76.0,34.0,12.0,#FDA3A7
76.0,34.0,70.0,#FFA032
76.0,36.0,-26.0,#E7A5EC
76.0,36.0,-12.0,#F2A3D2
76.0,36.0,24.0,#FFA091
76.0,36.0,28.0,#FFA08A
76.0,36.0,64.0,#FF9E42
76.0,36.0,76.0,#FF9E1F
76.0,38.0,-22.0,#EEA3E5
76.0,38.0,10.0,#FFA0AB
76.0,38.0,40.0,#FF9E74
76.0,38.0,70.0,#FF9D33
76.0,38.0,94.0,#FF9C00
76.0,40.0,-32.0,#E9A2F7
76.0,40.0,-4.0,#FE9FC4
76.0,40.0,0.0,#FF9FBD
76.0,40.0,58.0,#FF9B50
76.0,40.0,64.0,#FF9B43
76.0,40.0,100.0,#FF9A00
76.0,42.0,-10.0,#FD9ECF
76.0,42.0,34.0,#FF9A7F
76.0,42.0,38.0,#FF9A78
76.0,42.0,70.0,#FF9934
76.0,44.0,-40.0,#E8A0FF
76.0,44.0,58.0,#FF9750
76.0,44.0,64.0,#FF9743
76.0,46.0,-6.0,#FF9AC8
76.0,46.0,-2.0,#FF99C1
76.0,46.0,44.0,#FF966D
76.0,46.0,52.0,#FF965D
76.0,46.0,76.0,#FF9522
76.0,46.0,88.0,#FF9500
76.0,50.0,-10.0,#FF96CF
76.0,52.0,-4.0,#FF94C5
76.0,54.0,32.0,#FF8F84
76.0,54.0,36.0,#FF8E7C
76.0,56.0,-32.0,#FF93F7
76.0,56.0,6.0,#FF8FB3
76.0,56.0,42.0,#FF8C71
76.0,62.0,-34.0,#FF8DFB
76.0,62.0,8.0,#FF88AF
76.0,64.0,-4.0,#FF86C5
76.0,66.0,-30.0,#FF88F4
76.0,72.0,-36.0,#FF81FF
77.0,-128.0,72.0,#00EA09
77.0,-128.0,80.0,#00EA00
77.0,-124.0,16.0,#00EB9D
77.0,-120.0,46.0,#00E961
77.0,-120.0,54.0,#00E84F
77.0,-120.0,64.0,#00E833
77.0,-120.0,72.0,#00E80B
77.0,-114.0,4.0,#00E9B4
77.0,-112.0,22.0,#00E892
77.0,-112.0,38.0,#00E772
77.0,-112.0,46.0,#00E761
77.0,-112.0,62.0,#00E63A
77.0,-108.0,-2.0,#00E8BF
77.0,-108.0,16.0,#00E79D
77.0,-104.0,44.0,#00E566
77.0,-102.0,-8.0,#00E7CA
77.0,-100.0,-2.0,#00E6BF
77.0,-100.0,98.0,#00E300
77.0,-98.0,4.0,#00E5B4
77.0,-98.0,90.0,#00E200
77.0,-96.0,-14.0,#00E6D6
77.0,-96.0,28.0,#00E387
77.0,-96.0,34.0,#00E37B
77.0,-96.0,42.0,#00E36A
77.0,-96.0,50.0,#00E359
77.0,-96.0,58.0,#00E246
77.0,-96.0,74.0,#00E200
77.0,-96.0,82.0,#00E200
77.0,-92.0,-18.0,#00E5DD
77.0,-88.0,10.0,#00E2A9
77.0,-88.0,28.0,#00E187
77.0,-88.0,50.0,#00E05A
77.0,-86.0,-22.0,#00E3E5
77.0,-86.0,-16.0,#00E3D9
77.0,-84.0,2.0,#00E1B8
77.0,-82.0,-26.0,#00E3EC
77.0,-82.0,8.0,#00E0AD
77.0,-80.0,-20.0,#00E1E1
77.0,-80.0,-14.0,#00E1D6
77.0,-80.0,-2.0,#00E0C0
77.0,-80.0,34.0,#00DF7B
77.0,-80.0,40.0,#00DE6F
77.0,-78.0,-8.0,#00E0CB
77.0,-76.0,-24.0,#00E1E8
77.0,-76.0,2.0,#00DFB8
77.0,-74.0,-4.0,#00DFC3
77.0,-72.0,-34.0,#00E0FB
77.0,-70.0,-22.0,#00DEE5
77.0,-70.0,0.0,#00DDBC
77.0,-68.0,-14.0,#00DDD6
77.0,-68.0,54.0,#35DA52
77.0,-66.0,-38.0,#00DEFF
77.0,-62.0,52.0,#50D857
77.0,-62.0,82.0,#66D700
77.0,-60.0,66.0,#64D732
77.0,-58.0,6.0,#00D9B1
77.0,-58.0,72.0,#6DD61B
77.0,-56.0,34.0,#51D67C
77.0,-56.0,54.0,#67D652
77.0,-56.0,78.0,#76D500
77.0,-54.0,20.0,#3ED697
77.0,-54.0,60.0,#72D544
77.0,-52.0,-16.0,#00D8DA
77.0,-52.0,66.0,#7BD433
77.0,-50.0,6.0,#29D6B1
77.0,-50.0,72.0,#83D31D
77.0,-50.0,124.0,#8ED300
77.0,-48.0,-38.0,#00D8FF
77.0,-48.0,16.0,#53D49F
77.0,-46.0,-16.0,#00D5DA
77.0,-46.0,60.0,#87D245
77.0,-46.0,92.0,#92D100
77.0,-44.0,32.0,#77D281
77.0,-44.0,38.0,#7DD275
77.0,-44.0,82.0,#94D100
77.0,-42.0,-34.0,#00D5FC
77.0,-40.0,16.0,#70D19F
77.0,-40.0,56.0,#92CF4F
77.0,-40.0,88.0,#9ECF00
77.0,-38.0,20.0,#7BD098
77.0,-38.0,44.0,#90CF69
77.0,-38.0,62.0,#99CE40
77.0,-36.0,12.0,#77CFA7
77.0,-36.0,82.0,#A4CD00
77.0,-34.0,-18.0,#38D1DE
77.0,-34.0,16.0,#81CE9F
77.0,-34.0,90.0,#AACC00
77.0,-34.0,126.0,#AECC00
77.0,-32.0,44.0,#9DCC6A
77.0,-32.0,98.0,#AFCB00
77.0,-30.0,-34.0,#00D0FC
77.0,-30.0,12.0,#87CDA7
77.0,-28.0,-22.0,#4DCEE6
77.0,-28.0,-18.0,#59CEDE
77.0,-28.0,16.0,#91CCA0
77.0,-28.0,104.0,#B7C900
77.0,-26.0,58.0,#B0C94C
77.0,-26.0,78.0,#B6C900
77.0,-24.0,-34.0,#2FCDFC
77.0,-24.0,-14.0,#72CCD7
77.0,-24.0,86.0,#BBC800
77.0,-24.0,94.0,#BDC700
77.0,-22.0,-22.0,#67CBE6
77.0,-22.0,2.0,#90CABA
77.0,-22.0,22.0,#A3C995
77.0,-22.0,52.0,#B5C759
77.0,-22.0,72.0,#BCC723
77.0,-20.0,10.0,#9DC8AB
77.0,-20.0,66.0,#BEC638
77.0,-20.0,80.0,#C1C600
77.0,-20.0,88.0,#C3C600
77.0,-20.0,96.0,#C4C500
77.0,-18.0,-24.0,#71CAEA
77.0,-18.0,72.0,#C3C524
77.0,-18.0,114.0,#C9C400
77.0,-16.0,-28.0,#6FC9F1
77.0,-16.0,30.0,#B5C586
77.0,-16.0,66.0,#C5C438
77.0,-16.0,82.0,#C8C400
77.0,-16.0,90.0,#CAC300
77.0,-16.0,122.0,#CDC300
77.0,-14.0,46.0,#C1C367
77.0,-14.0,52.0,#C3C35A
77.0,-14.0,72.0,#CAC325
77.0,-14.0,104.0,#CFC200
77.0,-12.0,-26.0,#80C7ED
77.0,-12.0,66.0,#CBC239
77.0,-12.0,92.0,#D1C100
77.0,-10.0,26.0,#BEC28E
77.0,-10.0,38.0,#C4C277
77.0,-8.0,-10.0,#A3C3D0
77.0,-8.0,-6.0,#A8C3C9
77.0,-8.0,10.0,#B7C2AB
77.0,-8.0,64.0,#D2C03F
77.0,-8.0,90.0,#D7BF00
77.0,-6.0,-22.0,#98C3E6
77.0,-6.0,-16.0,#A0C3DB
77.0,-6.0,12.0,#BCC1A8
77.0,-6.0,16.0,#BFC0A0
77.0,-6.0,40.0,#CCBF73
77.0,-4.0,-40.0,#7CC4FF
77.0,-4.0,-20.0,#A0C2E3
77.0,-4.0,-14.0,#A7C1D8
77.0,-4.0,24.0,#C8BF92
77.0,-4.0,60.0,#D7BD49
77.0,-4.0,80.0,#DCBD00
77.0,-4.0,88.0,#DDBD00
77.0,-2.0,14.0,#C5BEA4
77.0,-2.0,18.0,#C8BE9D
77.0,-2.0,22.0,#CABE95
77.0,-2.0,28.0,#CEBE8A
77.0,-2.0,74.0,#DEBC20
77.0,-2.0,94.0,#E1BC00
77.0,-2.0,102.0,#E2BC00
77.0,0.0,-40.0,#89C2FF
77.0,0.0,-18.0,#ACC0DF
77.0,0.0,-14.0,#B0BFD8
77.0,0.0,14.0,#C9BDA4
77.0,0.0,18.0,#CBBD9D
77.0,0.0,22.0,#CEBD96
77.0,2.0,-32.0,#9DC0F9
77.0,2.0,14.0,#CCBCA4
77.0,2.0,18.0,#CFBC9D
77.0,2.0,22.0,#D1BB96
77.0,2.0,46.0,#DCBA68
77.0,2.0,90.0,#E7B900
77.0,2.0,98.0,#E7B900
77.0,2.0,106.0,#E8B900
77.0,4.0,-18.0,#B4BDDF
77.0,4.0,22.0,#D5BA96
77.0,6.0,-38.0,#9DBEFF
77.0,6.0,18.0,#D6B99D
77.0,6.0,38.0,#E0B878
77.0,6.0,44.0,#E2B86C
77.0,6.0,96.0,#EDB700
77.0,8.0,-22.0,#B8BBE7
77.0,8.0,22.0,#DCB896
77.0,8.0,58.0,#EAB64F
77.0,10.0,26.0,#E1B68F
77.0,10.0,64.0,#EEB541
77.0,12.0,70.0,#F2B331
77.0,14.0,-10.0,#D0B6D1
77.0,14.0,26.0,#E7B48F
77.0,14.0,30.0,#E9B387
77.0,14.0,118.0,#FBB100
77.0,16.0,-30.0,#C0B7F6
77.0,16.0,-18.0,#CDB6E0
77.0,18.0,-6.0,#DBB3CA
77.0,18.0,-2.0,#DEB3C2
77.0,18.0,2.0,#E1B2BB
77.0,18.0,6.0,#E3B2B4
77.0,18.0,42.0,#F4B071
77.0,18.0,62.0,#FAAF47
77.0,18.0,82.0,#FDAF00
77.0,20.0,-24.0,#CEB3EB
77.0,20.0,10.0,#E9B0AD
77.0,20.0,26.0,#F1AF8F
77.0,20.0,68.0,#FEAE38
77.0,22.0,20.0,#F1AE9A
77.0,24.0,-28.0,#D2B1F2
77.0,24.0,-24.0,#D6B1EB
77.0,24.0,28.0,#F8AC8C
77.0,24.0,66.0,#FFAB3E
77.0,24.0,74.0,#FFAB27
77.0,24.0,116.0,#FFAA00
77.0,26.0,16.0,#F6ACA2
77.0,26.0,22.0,#F9AB97
77.0,26.0,80.0,#FFA908
77.0,26.0,102.0,#FFA900
77.0,26.0,122.0,#FFA800
77.0,30.0,20.0,#FEA89B
77.0,30.0,26.0,#FFA890
77.0,30.0,34.0,#FFA781
77.0,30.0,40.0,#FFA775
77.0,30.0,86.0,#FFA600
77.0,30.0,110.0,#FFA500
77.0,32.0,92.0,#FFA400
77.0,34.0,46.0,#FFA46A
77.0,34.0,84.0,#FFA200
77.0,34.0,98.0,#FFA200
77.0,36.0,-18.0,#F1A7E0
77.0,36.0,18.0,#FFA39F
77.0,36.0,58.0,#FFA152
77.0,36.0,104.0,#FFA000
77.0,38.0,46.0,#FFA06B
77.0,38.0,52.0,#FFA05F
77.0,38.0,126.0,#FF9E00
77.0,42.0,6.0,#FF9FB5
77.0,42.0,20.0,#FF9E9B
77.0,42.0,52.0,#FF9C5F
77.0,46.0,18.0,#FF9A9F
77.0,46.0,26.0,#FF9A91
77.0,48.0,-22.0,#FF9CE8
77.0,48.0,8.0,#FF99B1
77.0,48.0,12.0,#FF99AA
77.0,48.0,104.0,#FF9500
77.0,50.0,22.0,#FF9698
77.0,50.0,82.0,#FF9409
77.0,52.0,-18.0,#FF98E1
77.0,52.0,88.0,#FF9100
77.0,54.0,-14.0,#FF96D9
77.0,54.0,10.0,#FF93AE
77.0,54.0,46.0,#FF916C
77.0,54.0,60.0,#FF9050
77.0,54.0,80.0,#FF8F18
77.0,56.0,66.0,#FF8E43
77.0,58.0,-2.0,#FF90C4
77.0,60.0,-18.0,#FF90E1
77.0,60.0,40.0,#FF8A78
77.0,62.0,28.0,#FF898E
77.0,66.0,-20.0,#FF89E5
77.0,68.0,-8.0,#FF85CF
77.0,74.0,-24.0,#FF7FEC
77.0,74.0,-18.0,#FF7EE1
77.0,76.0,-30.0,#FF7DF7
78.0,-126.0,90.0,#00EC00
78.0,-112.0,52.0,#00EA56
78.0,-110.0,30.0,#00EA85
78.0,-104.0,52.0,#00E857
78.0,-104.0,88.0,#00E700
78.0,-92.0,4.0,#00E6B7
78.0,-92.0,18.0,#00E69C
78.0,-90.0,42.0,#00E46D
78.0,-90.0,98.0,#00E300
78.0,-86.0,16.0,#00E4A0
78.0,-84.0,92.0,#00E100
78.0,-80.0,46.0,#00E165
78.0,-74.0,40.0,#00DF72
78.0,-74.0,56.0,#00DF4F
78.0,-72.0,28.0,#00DF8A
78.0,-70.0,-8.0,#00E0CE
78.0,-70.0,22.0,#00DF96
78.0,-70.0,70.0,#43DD26
78.0,-70.0,100.0,#56DD00
78.0,-68.0,8.0,#00DFB0
78.0,-68.0,38.0,#00DD76
78.0,-68.0,44.0,#21DD6A
78.0,-68.0,60.0,#42DD46
78.0,-64.0,-6.0,#00DECA
78.0,-64.0,4.0,#00DEB8
78.0,-62.0,-10.0,#00DED2
78.0,-62.0,42.0,#46DB6F
78.0,-60.0,-22.0,#00DEE8
78.0,-60.0,22.0,#18DB96
78.0,-56.0,-8.0,#00DCCE
78.0,-56.0,26.0,#45DA8E
78.0,-56.0,44.0,#61D96B
78.0,-56.0,100.0,#80D800
78.0,-54.0,-20.0,#00DCE4
78.0,-50.0,-24.0,#00DAEC
78.0,-50.0,-10.0,#00D9D2
78.0,-50.0,-6.0,#00D9CA
78.0,-50.0,40.0,#70D773
78.0,-50.0,104.0,#8FD600
78.0,-46.0,50.0,#83D55F
78.0,-46.0,112.0,#98D400
78.0,-44.0,26.0,#73D58F
78.0,-44.0,44.0,#84D46B
78.0,-44.0,72.0,#93D423
78.0,-44.0,104.0,#9BD300
78.0,-42.0,4.0,#57D5B8
78.0,-42.0,12.0,#66D5A9
78.0,-40.0,-6.0,#45D5CB
78.0,-38.0,32.0,#8AD284
78.0,-38.0,38.0,#8ED278
78.0,-38.0,68.0,#9FD132
78.0,-38.0,76.0,#A1D10D
78.0,-38.0,100.0,#A7D100
78.0,-36.0,-2.0,#62D3C3
78.0,-36.0,2.0,#6AD3BC
78.0,-34.0,52.0,#A0D05B
78.0,-34.0,70.0,#A8CF2C
78.0,-34.0,106.0,#AFCF00
78.0,-32.0,-4.0,#6DD2C7
78.0,-32.0,22.0,#8FD097
78.0,-32.0,34.0,#99CF80
78.0,-30.0,8.0,#85D0B1
78.0,-30.0,54.0,#A9CE57
78.0,-30.0,64.0,#ADCE3F
78.0,-30.0,72.0,#B0CD25
78.0,-28.0,-38.0,#00D3FF
78.0,-28.0,48.0,#AACD64
78.0,-26.0,-26.0,#4DD0F0
78.0,-26.0,-12.0,#72CFD6
78.0,-26.0,2.0,#88CEBC
78.0,-26.0,6.0,#8DCEB5
78.0,-26.0,28.0,#A2CD8C
78.0,-26.0,66.0,#B6CC3A
78.0,-24.0,32.0,#A9CC84
78.0,-22.0,-10.0,#82CDD3
78.0,-22.0,-6.0,#88CDCB
78.0,-22.0,-2.0,#8ECDC4
78.0,-22.0,6.0,#97CCB5
78.0,-22.0,42.0,#B3CA71
78.0,-22.0,106.0,#C5C900
78.0,-20.0,28.0,#AFCA8C
78.0,-18.0,-14.0,#87CCDA
78.0,-18.0,-10.0,#8DCBD3
78.0,-18.0,-6.0,#93CBCB
78.0,-18.0,-2.0,#98CBC4
78.0,-18.0,2.0,#9CCABD
78.0,-18.0,6.0,#A1CAB5
78.0,-18.0,14.0,#A8CAA6
78.0,-18.0,22.0,#AEC997
78.0,-18.0,44.0,#BCC86D
78.0,-18.0,56.0,#C1C854
78.0,-16.0,8.0,#A7C9B2
78.0,-16.0,16.0,#AEC9A3
78.0,-16.0,26.0,#B5C890
78.0,-14.0,-12.0,#95C9D6
78.0,-14.0,-8.0,#9AC9CF
78.0,-14.0,-4.0,#9FC9C8
78.0,-14.0,0.0,#A3C9C0
78.0,-14.0,4.0,#A7C8B9
78.0,-12.0,2.0,#AAC7BD
78.0,-12.0,6.0,#AEC7B5
78.0,-12.0,12.0,#B3C7AA
78.0,-12.0,20.0,#B9C69B
78.0,-12.0,56.0,#CBC554
78.0,-10.0,-36.0,#74CAFF
78.0,-10.0,-30.0,#82C9F8
78.0,-10.0,-12.0,#9FC7D7
78.0,-10.0,-8.0,#A4C7CF
78.0,-10.0,4.0,#B0C6B9
78.0,-10.0,8.0,#B4C6B2
78.0,-10.0,32.0,#C4C585
78.0,-8.0,6.0,#B6C5B6
78.0,-8.0,16.0,#BEC4A3
78.0,-8.0,54.0,#D1C359
78.0,-6.0,22.0,#C6C398
78.0,-6.0,28.0,#C9C38D
78.0,-6.0,34.0,#CCC281
78.0,-6.0,124.0,#E0C000
78.0,-4.0,-8.0,#B1C4CF
78.0,-4.0,-4.0,#B5C3C8
78.0,-4.0,0.0,#B9C3C1
78.0,-4.0,4.0,#BCC3B9
78.0,-4.0,8.0,#C0C3B2
78.0,-4.0,16.0,#C5C2A3
78.0,-2.0,-24.0,#A2C4ED
78.0,-2.0,-10.0,#B3C3D3
78.0,-2.0,-6.0,#B7C2CC
78.0,-2.0,-2.0,#BBC2C4
78.0,-2.0,2.0,#BFC2BD
78.0,-2.0,6.0,#C2C2B6
78.0,-2.0,10.0,#C5C1AE
78.0,-2.0,42.0,#D7C072
78.0,-2.0,118.0,#E6BE00
78.0,0.0,-22.0,#A9C3E9
78.0,0.0,-10.0,#B7C2D3
78.0,0.0,-6.0,#BBC1CC
78.0,0.0,-2.0,#BFC1C4
78.0,0.0,2.0,#C3C1BD
78.0,0.0,6.0,#C6C0B6
78.0,0.0,10.0,#C9C0AE
78.0,0.0,82.0,#E5BD00
78.0,0.0,126.0,#E9BD00
78.0,2.0,-10.0,#BBC0D3
78.0,2.0,-6.0,#BFC0CC
78.0,2.0,-2.0,#C3C0C5
78.0,2.0,2.0,#C6BFBD
78.0,2.0,6.0,#CABFB6
78.0,2.0,10.0,#CCBFAF
78.0,2.0,28.0,#D7BE8D
78.0,2.0,114.0,#ECBC00
78.0,4.0,-14.0,#BBC0DB
78.0,4.0,-10.0,#C0BFD3
78.0,4.0,-6.0,#C3BFCC
78.0,4.0,-2.0,#C7BFC5
78.0,4.0,2.0,#CABEBD
78.0,4.0,6.0,#CDBEB6
78.0,4.0,10.0,#D0BEAF
78.0,4.0,84.0,#ECBB00
78.0,4.0,120.0,#EFBA00
78.0,6.0,-18.0,#BBBFE2
78.0,6.0,-14.0,#C0BEDB
78.0,6.0,-10.0,#C4BED3
78.0,6.0,-6.0,#C7BECC
78.0,6.0,-2.0,#CBBDC5
78.0,6.0,2.0,#CEBDBD
78.0,6.0,6.0,#D1BDB6
78.0,6.0,10.0,#D4BCAF
78.0,6.0,14.0,#D6BCA7
78.0,6.0,26.0,#DDBC91
78.0,6.0,62.0,#EBBA48
78.0,6.0,108.0,#F2B900
78.0,8.0,-18.0,#BFBDE2
78.0,8.0,-14.0,#C4BDDB
78.0,8.0,-10.0,#C7BDD3
78.0,8.0,-6.0,#CBBCCC
78.0,8.0,-2.0,#CEBCC5
78.0,8.0,2.0,#D2BCBD
78.0,8.0,6.0,#D5BCB6
78.0,8.0,10.0,#D7BBAF
78.0,8.0,14.0,#DABBA7
78.0,8.0,18.0,#DCBBA0
78.0,8.0,30.0,#E2BA8A
78.0,8.0,78.0,#F1B814
78.0,8.0,86.0,#F2B800
78.0,8.0,114.0,#F5B800
78.0,10.0,-28.0,#B8BDF5
78.0,10.0,-8.0,#CDBBD0
78.0,10.0,-4.0,#D1BBC8
78.0,10.0,0.0,#D4BBC1
78.0,10.0,4.0,#D7BABA
78.0,10.0,8.0,#D9BAB2
78.0,10.0,14.0,#DDBAA7
78.0,10.0,94.0,#F6B700
78.0,12.0,-6.0,#D3BACC
78.0,12.0,-2.0,#D6BAC5
78.0,12.0,2.0,#D9B9BE
78.0,12.0,6.0,#DCB9B6
78.0,12.0,12.0,#DFB9AB
78.0,12.0,18.0,#E3B8A0
78.0,12.0,22.0,#E5B899
78.0,12.0,32.0,#EAB786
78.0,12.0,38.0,#ECB77B
78.0,12.0,80.0,#F7B606
78.0,12.0,108.0,#FAB500
78.0,14.0,-4.0,#D8B8C9
78.0,14.0,0.0,#DBB8C1
78.0,14.0,4.0,#DEB8BA
78.0,14.0,10.0,#E2B7AF
78.0,14.0,16.0,#E5B7A4
78.0,14.0,56.0,#F5B557
78.0,14.0,102.0,#FDB400
78.0,16.0,8.0,#E4B6B3
78.0,16.0,14.0,#E7B6A8
78.0,16.0,24.0,#EDB595
78.0,16.0,36.0,#F2B47F
78.0,16.0,70.0,#FCB335
78.0,16.0,108.0,#FFB300
78.0,18.0,-14.0,#D7B6DB
78.0,18.0,12.0,#EAB4AB
78.0,18.0,18.0,#EDB4A0
78.0,18.0,30.0,#F3B38A
78.0,18.0,102.0,#FFB100
78.0,20.0,-18.0,#D7B5E2
78.0,20.0,-12.0,#DCB5D7
78.0,20.0,36.0,#F8B27F
78.0,20.0,48.0,#FCB168
78.0,20.0,108.0,#FFB000
78.0,22.0,-8.0,#E3B3D0
78.0,22.0,-4.0,#E6B3C9
78.0,22.0,0.0,#E9B2C2
78.0,22.0,4.0,#EBB2BA
78.0,22.0,102.0,#FFAE00
78.0,24.0,-18.0,#DEB3E3
78.0,24.0,38.0,#FFAF7B
78.0,24.0,84.0,#FFAD00
78.0,24.0,108.0,#FFAD00
78.0,26.0,-10.0,#E9B0D4
78.0,26.0,-6.0,#ECB0CD
78.0,26.0,-2.0,#EEB0C5
78.0,26.0,34.0,#FFAD83
78.0,28.0,-22.0,#E2B0EA
78.0,28.0,-18.0,#E6B0E3
78.0,28.0,28.0,#FFAC8E
78.0,28.0,66.0,#FFAA41
78.0,28.0,74.0,#FFAA2B
78.0,32.0,14.0,#FFAAA8
78.0,32.0,24.0,#FFA996
78.0,32.0,116.0,#FFA600
78.0,34.0,34.0,#FFA784
78.0,34.0,40.0,#FFA778
78.0,36.0,-8.0,#FBA8D1
78.0,36.0,112.0,#FFA300
78.0,38.0,32.0,#FFA488
78.0,38.0,118.0,#FFA100
78.0,40.0,-36.0,#EBA8FF
78.0,40.0,-14.0,#FDA6DC
78.0,40.0,78.0,#FFA020
78.0,42.0,-20.0,#FCA4E7
78.0,42.0,14.0,#FFA1A9
78.0,42.0,108.0,#FF9E00
78.0,42.0,116.0,#FF9E00
78.0,44.0,30.0,#FF9E8C
78.0,44.0,90.0,#FF9C00
78.0,44.0,98.0,#FF9C00
78.0,44.0,122.0,#FF9C00
78.0,46.0,-36.0,#F6A3FF
78.0,46.0,-30.0,#FBA2F9
78.0,46.0,-16.0,#FFA0E0
78.0,48.0,40.0,#FF9A79
78.0,48.0,96.0,#FF9800
78.0,48.0,110.0,#FF9800
78.0,50.0,2.0,#FF9BBF
78.0,50.0,68.0,#FF9740
78.0,52.0,-36.0,#FF9DFF
78.0,52.0,26.0,#FF9794
78.0,52.0,52.0,#FF9563
78.0,52.0,74.0,#FF9431
78.0,54.0,14.0,#FF96AA
78.0,54.0,18.0,#FF95A2
78.0,56.0,-28.0,#FF98F6
78.0,56.0,24.0,#FF9397
78.0,58.0,-22.0,#FF95EB
78.0,58.0,-10.0,#FF94D5
78.0,58.0,30.0,#FF908D
78.0,58.0,52.0,#FF8F63
78.0,60.0,16.0,#FF8FA6
78.0,62.0,22.0,#FF8C9B
78.0,62.0,36.0,#FF8B82
78.0,64.0,-12.0,#FF8DD9
78.0,64.0,2.0,#FF8CC0
78.0,66.0,18.0,#FF88A3
78.0,70.0,-28.0,#FF88F6
78.0,70.0,-2.0,#FF84C7
79.0,-128.0,32.0,#00F183
79.0,-128.0,40.0,#00F173
79.0,-128.0,48.0,#00F061
79.0,-128.0,56.0,#00F04F
79.0,-128.0,64.0,#00F039
79.0,-124.0,24.0,#00F093
79.0,-122.0,30.0,#00F087
79.0,-120.0,36.0,#00EF7B
79.0,-120.0,84.0,#00EE00
79.0,-118.0,16.0,#00EFA2
79.0,-118.0,22.0,#00EF97
79.0,-116.0,100.0,#00ED00
79.0,-114.0,90.0,#00EC00
79.0,-112.0,10.0,#00EEAE
79.0,-112.0,68.0,#00EC2C
79.0,-112.0,76.0,#00EC00
79.0,-110.0,82.0,#00EC00
79.0,-108.0,96.0,#00EB00
79.0,-108.0,106.0,#00EB00
79.0,-106.0,6.0,#00EDB6
79.0,-106.0,12.0,#00EDAA
79.0,-104.0,32.0,#00EB84
79.0,-104.0,64.0,#00EA3A
79.0,-104.0,74.0,#00EA0D
79.0,-102.0,82.0,#00EA00
79.0,-100.0,8.0,#00EBB2
79.0,-100.0,14.0,#00EBA7
79.0,-100.0,20.0,#00EB9B
79.0,-100.0,108.0,#00E900
79.0,-96.0,64.0,#00E83B
79.0,-94.0,-4.0,#00EAC9
79.0,-94.0,12.0,#00EAAA
79.0,-92.0,108.0,#00E700
79.0,-90.0,70.0,#00E627
79.0,-90.0,82.0,#00E600
79.0,-88.0,-8.0,#00E9D0
79.0,-88.0,-2.0,#00E9C5
79.0,-88.0,36.0,#00E77C
79.0,-88.0,60.0,#00E647
79.0,-86.0,22.0,#00E798
79.0,-86.0,106.0,#00E500
79.0,-84.0,76.0,#00E500
79.0,-84.0,98.0,#00E400
79.0,-84.0,112.0,#00E400
79.0,-82.0,28.0,#00E58C
79.0,-82.0,66.0,#00E436
79.0,-82.0,84.0,#00E400
79.0,-80.0,14.0,#00E5A7
79.0,-80.0,20.0,#00E59C
79.0,-80.0,56.0,#00E451
79.0,-78.0,102.0,#36E200
79.0,-78.0,110.0,#3AE200
79.0,-76.0,24.0,#00E494
79.0,-76.0,62.0,#00E243
79.0,-76.0,70.0,#1FE229
79.0,-76.0,78.0,#2DE200
79.0,-76.0,96.0,#3EE200
79.0,-74.0,12.0,#00E3AB
79.0,-74.0,18.0,#00E3A0
79.0,-74.0,86.0,#42E100
79.0,-72.0,106.0,#54E000
79.0,-72.0,114.0,#57E000
79.0,-70.0,92.0,#57E000
79.0,-68.0,16.0,#00E1A4
79.0,-68.0,82.0,#59DF00
79.0,-66.0,-24.0,#00E3EE
79.0,-66.0,-18.0,#00E3E3
79.0,-66.0,110.0,#6ADE00
79.0,-66.0,118.0,#6BDE00
79.0,-64.0,76.0,#63DE09
79.0,-64.0,96.0,#6CDE00
79.0,-62.0,-28.0,#00E2F6
79.0,-62.0,12.0,#00DFAB
79.0,-62.0,32.0,#34DF85
79.0,-60.0,-16.0,#00E0E0
79.0,-60.0,106.0,#7ADC00
79.0,-60.0,114.0,#7BDC00
79.0,-60.0,122.0,#7CDC00
79.0,-58.0,-2.0,#00DFC6
79.0,-58.0,16.0,#13DEA4
79.0,-58.0,92.0,#7CDC00
79.0,-56.0,-32.0,#00E0FD
79.0,-56.0,-26.0,#00E0F2
79.0,-56.0,2.0,#00DEBE
79.0,-54.0,-14.0,#00DEDC
79.0,-54.0,84.0,#83DA00
79.0,-54.0,116.0,#8ADA00
79.0,-52.0,-36.0,#00DFFF
79.0,-52.0,12.0,#3BDCAC
79.0,-50.0,-30.0,#00DEFA
79.0,-50.0,0.0,#07DCC2
79.0,-50.0,22.0,#5CDA99
79.0,-50.0,30.0,#68DA8A
79.0,-50.0,88.0,#8ED900
79.0,-48.0,80.0,#90D800
79.0,-44.0,-30.0,#00DBFA
79.0,-44.0,-24.0,#00DBEF
79.0,-44.0,-20.0,#00DBE7
79.0,-44.0,-2.0,#3FD9C6
79.0,-42.0,-10.0,#29D9D5
79.0,-42.0,96.0,#A1D500
79.0,-42.0,120.0,#A4D500
79.0,-40.0,-16.0,#0DD9E0
79.0,-38.0,-30.0,#00D9FA
79.0,-38.0,-24.0,#00D8EF
79.0,-38.0,-20.0,#00D8E7
79.0,-38.0,-12.0,#3FD8D9
79.0,-38.0,8.0,#70D6B4
79.0,-38.0,26.0,#87D592
79.0,-36.0,-8.0,#57D6D1
79.0,-36.0,116.0,#B0D200
79.0,-34.0,-36.0,#00D8FF
79.0,-34.0,40.0,#9CD377
79.0,-34.0,62.0,#A7D246
79.0,-32.0,-30.0,#00D6FA
79.0,-32.0,-24.0,#32D6EF
79.0,-32.0,-20.0,#45D6E8
79.0,-32.0,-12.0,#5ED5D9
79.0,-32.0,0.0,#77D4C3
79.0,-32.0,26.0,#96D392
79.0,-30.0,-8.0,#6FD4D1
79.0,-30.0,86.0,#B6D000
79.0,-30.0,114.0,#BAD000
79.0,-28.0,40.0,#A9D077
79.0,-28.0,92.0,#BBCF00
79.0,-26.0,10.0,#95D1B0
79.0,-24.0,18.0,#A1CFA1
79.0,-24.0,114.0,#C5CD00
79.0,-24.0,122.0,#C6CD00
79.0,-22.0,-26.0,#63D1F3
79.0,-22.0,14.0,#A2CFA9
79.0,-22.0,58.0,#BDCD51
79.0,-20.0,-30.0,#60D1FA
79.0,-20.0,18.0,#AACDA1
79.0,-18.0,-36.0,#56D0FF
79.0,-18.0,-20.0,#7FCFE8
79.0,-18.0,50.0,#C1CB63
79.0,-16.0,-16.0,#8CCEE1
79.0,-16.0,34.0,#BDCA83
79.0,-14.0,-36.0,#68CEFF
79.0,-14.0,-24.0,#84CDEF
79.0,-14.0,-18.0,#8ECDE4
79.0,-14.0,38.0,#C3C97C
79.0,-12.0,30.0,#C2C98B
79.0,-12.0,112.0,#D9C700
79.0,-12.0,120.0,#D9C700
79.0,-10.0,-24.0,#90CBF0
79.0,-10.0,-18.0,#99CBE4
79.0,-10.0,-2.0,#ADC9C7
79.0,-10.0,46.0,#CEC76C
79.0,-10.0,78.0,#D8C611
79.0,-10.0,86.0,#D9C600
79.0,-10.0,106.0,#DCC600
79.0,-8.0,-20.0,#9BCAE8
79.0,-8.0,-14.0,#A4C9DD
79.0,-8.0,-8.0,#ABC9D2
79.0,-8.0,-4.0,#AFC8CB
79.0,-8.0,0.0,#B3C8C3
79.0,-8.0,26.0,#C7C793
79.0,-6.0,-28.0,#94C9F7
79.0,-6.0,-12.0,#ABC8D9
79.0,-6.0,-8.0,#AFC8D2
79.0,-6.0,-4.0,#B4C7CB
79.0,-6.0,0.0,#B7C7C3
79.0,-6.0,4.0,#BBC7BC
79.0,-6.0,8.0,#BEC6B5
79.0,-6.0,46.0,#D5C56C
79.0,-6.0,76.0,#DEC41E
79.0,-6.0,100.0,#E1C300
79.0,-6.0,108.0,#E2C300
79.0,-6.0,116.0,#E3C300
79.0,-4.0,68.0,#DFC33A
79.0,-2.0,-32.0,#98C7FF
79.0,-2.0,-18.0,#ACC6E5
79.0,-2.0,-14.0,#B1C6DD
79.0,-2.0,36.0,#D7C380
79.0,-2.0,50.0,#DDC264
79.0,-2.0,110.0,#E9C100
79.0,0.0,0.0,#C4C4C4
79.0,0.0,26.0,#D6C293
79.0,0.0,56.0,#E2C158
79.0,0.0,64.0,#E5C045
79.0,2.0,-20.0,#B3C4E8
79.0,2.0,-16.0,#B8C4E1
79.0,2.0,36.0,#DEC081
79.0,2.0,70.0,#E9BF35
79.0,4.0,-32.0,#A7C4FF
79.0,4.0,-28.0,#ADC4F7
79.0,4.0,16.0,#D7C0A6
79.0,4.0,56.0,#E9BE58
79.0,6.0,-26.0,#B4C2F4
79.0,6.0,32.0,#E3BE88
79.0,6.0,72.0,#F0BD30
79.0,8.0,-34.0,#AEC2FF
79.0,8.0,50.0,#EDBC65
79.0,8.0,102.0,#F7BB00
79.0,8.0,122.0,#F9BB00
79.0,10.0,-32.0,#B6C0FF
79.0,10.0,-22.0,#C2BFEC
79.0,10.0,40.0,#EDBB79
79.0,10.0,46.0,#EFBB6D
79.0,12.0,-26.0,#C2BEF4
79.0,12.0,-20.0,#C8BEE9
79.0,12.0,-16.0,#CCBDE1
79.0,12.0,60.0,#F6B950
79.0,14.0,-24.0,#C8BDF0
79.0,14.0,-14.0,#D2BCDE
79.0,14.0,48.0,#F6B86A
79.0,14.0,90.0,#FFB700
79.0,16.0,-36.0,#BEBDFF
79.0,16.0,-22.0,#CEBBED
79.0,16.0,-8.0,#DBBAD3
79.0,16.0,20.0,#EEB89F
79.0,16.0,96.0,#FFB500
79.0,18.0,-26.0,#CEBAF4
79.0,18.0,76.0,#FFB425
79.0,18.0,118.0,#FFB400
79.0,20.0,22.0,#F5B59C
79.0,20.0,56.0,#FFB45A
79.0,20.0,92.0,#FFB300
79.0,20.0,124.0,#FFB200
79.0,22.0,-36.0,#CAB9FF
79.0,22.0,-30.0,#D2B8FC
79.0,22.0,16.0,#F5B4A7
79.0,22.0,32.0,#FDB389
79.0,22.0,78.0,#FFB11E
79.0,24.0,10.0,#F5B3B2
79.0,24.0,24.0,#FCB298
79.0,24.0,58.0,#FFB056
79.0,24.0,92.0,#FFB000
79.0,26.0,-36.0,#D3B6FF
79.0,26.0,-14.0,#E8B3DE
79.0,26.0,2.0,#F4B2C1
79.0,26.0,6.0,#F6B2BA
79.0,26.0,46.0,#FFAF6F
79.0,26.0,52.0,#FFAF63
79.0,28.0,-34.0,#D9B4FF
79.0,28.0,-28.0,#DFB3F8
79.0,28.0,10.0,#FCB0B2
79.0,28.0,14.0,#FEB0AB
79.0,28.0,58.0,#FFAD56
79.0,28.0,92.0,#FFAD00
79.0,30.0,-8.0,#F4B0D3
79.0,30.0,-4.0,#F7B0CC
79.0,30.0,0.0,#F9AFC5
79.0,30.0,4.0,#FCAFBD
79.0,30.0,46.0,#FFAC6F
79.0,30.0,52.0,#FFAC63
79.0,30.0,98.0,#FFAB00
79.0,32.0,-34.0,#E1B1FF
79.0,32.0,-22.0,#ECB0ED
79.0,32.0,-14.0,#F3AFDE
79.0,32.0,8.0,#FFADB6
79.0,32.0,58.0,#FFAA57
79.0,32.0,64.0,#FFAA49
79.0,32.0,76.0,#FFAA29
79.0,32.0,124.0,#FFA900
79.0,34.0,-30.0,#E9AFFC
79.0,34.0,-2.0,#FFACC8
79.0,34.0,2.0,#FFACC1
79.0,34.0,52.0,#FFA963
79.0,34.0,70.0,#FFA83B
79.0,36.0,-26.0,#F0ADF5
79.0,36.0,6.0,#FFAABA
79.0,36.0,24.0,#FFA999
79.0,36.0,64.0,#FFA74A
79.0,38.0,-22.0,#F7ABED
79.0,38.0,10.0,#FFA8B3
79.0,38.0,40.0,#FFA67B
79.0,38.0,70.0,#FFA53C
79.0,38.0,82.0,#FFA40F
79.0,38.0,94.0,#FFA400
79.0,40.0,-32.0,#F2AAFF
79.0,40.0,-4.0,#FFA7CC
79.0,40.0,0.0,#FFA7C5
79.0,40.0,58.0,#FFA358
79.0,40.0,64.0,#FFA34A
79.0,42.0,-10.0,#FFA6D7
79.0,42.0,38.0,#FFA27F
79.0,42.0,46.0,#FFA270
79.0,42.0,70.0,#FFA13C
79.0,44.0,58.0,#FFA058
79.0,44.0,64.0,#FF9F4B
79.0,46.0,-6.0,#FFA2D0
79.0,46.0,-2.0,#FFA2C9
79.0,46.0,44.0,#FF9E74
79.0,48.0,56.0,#FF9C5D
79.0,50.0,-28.0,#FFA1F9
79.0,50.0,-10.0,#FF9FD8
79.0,52.0,-4.0,#FF9CCD
79.0,54.0,32.0,#FF978B
79.0,54.0,36.0,#FF9784
79.0,56.0,6.0,#FF97BB
79.0,62.0,-34.0,#FF95FF
79.0,62.0,8.0,#FF90B7
79.0,64.0,-4.0,#FF8FCD
80.0,-128.0,74.0,#00F30E
80.0,-128.0,82.0,#00F300
80.0,-122.0,48.0,#00F264
80.0,-120.0,42.0,#00F271
80.0,-120.0,64.0,#00F13C
80.0,-120.0,72.0,#00F11E
80.0,-120.0,94.0,#00F100
80.0,-118.0,56.0,#00F152
80.0,-116.0,28.0,#00F18E
80.0,-112.0,16.0,#00F1A5
80.0,-112.0,42.0,#00F072
80.0,-112.0,58.0,#00F04D
80.0,-106.0,22.0,#00EF9A
80.0,-104.0,42.0,#00EE72
80.0,-104.0,58.0,#00EE4E
80.0,-102.0,-2.0,#00EFC7
80.0,-100.0,94.0,#00EC00
80.0,-98.0,36.0,#00ED7E
80.0,-98.0,46.0,#00EC6A
80.0,-96.0,52.0,#00EC5D
80.0,-96.0,102.0,#00EB00
80.0,-96.0,114.0,#00EB00
80.0,-92.0,28.0,#00EB8F
80.0,-92.0,76.0,#00EA06
80.0,-92.0,88.0,#00EA00
80.0,-90.0,48.0,#00EA66
80.0,-88.0,-16.0,#00ECE2
80.0,-86.0,10.0,#00EAB1
80.0,-84.0,-20.0,#00ECE9
80.0,-84.0,42.0,#00E873
80.0,-82.0,-14.0,#00EBDE
80.0,-82.0,120.0,#29E600
80.0,-80.0,-8.0,#00E9D3
80.0,-80.0,0.0,#00E9C4
80.0,-80.0,6.0,#00E9B9
80.0,-80.0,34.0,#00E783
80.0,-78.0,-24.0,#00EAF1
80.0,-78.0,-18.0,#00EAE6
80.0,-76.0,-12.0,#00E9DB
80.0,-74.0,-28.0,#00E9F9
80.0,-74.0,-6.0,#00E7CF
80.0,-74.0,2.0,#00E7C0
80.0,-74.0,120.0,#54E400
80.0,-72.0,-22.0,#00E8ED
80.0,-72.0,-16.0,#00E7E2
80.0,-72.0,34.0,#00E583
80.0,-70.0,-32.0,#00E8FF
80.0,-70.0,-2.0,#00E6C8
80.0,-68.0,54.0,#41E35A
80.0,-68.0,124.0,#69E200
80.0,-66.0,-14.0,#00E5DF
80.0,-66.0,24.0,#00E397
80.0,-64.0,-34.0,#00E6FF
80.0,-64.0,0.0,#00E4C4
80.0,-64.0,88.0,#6DE100
80.0,-62.0,48.0,#55E167
80.0,-62.0,64.0,#65E041
80.0,-58.0,8.0,#00E1B6
80.0,-58.0,52.0,#68DF5F
80.0,-56.0,58.0,#73DE51
80.0,-56.0,66.0,#79DE3C
80.0,-54.0,72.0,#81DD29
80.0,-52.0,36.0,#6BDD80
80.0,-52.0,50.0,#79DD64
80.0,-50.0,8.0,#3FDEB6
80.0,-50.0,56.0,#83DC56
80.0,-50.0,64.0,#87DC42
80.0,-50.0,96.0,#93DB00
80.0,-48.0,-18.0,#00DFE6
80.0,-48.0,70.0,#8FDB31
80.0,-48.0,124.0,#9BDA00
80.0,-46.0,36.0,#7EDB81
80.0,-44.0,-14.0,#00DDDF
80.0,-44.0,10.0,#61DBB2
80.0,-44.0,60.0,#94D94D
80.0,-42.0,18.0,#75DAA3
80.0,-42.0,66.0,#9BD83E
80.0,-40.0,46.0,#95D86D
80.0,-40.0,108.0,#AAD700
80.0,-38.0,52.0,#9DD760
80.0,-38.0,60.0,#A1D74E
80.0,-36.0,14.0,#81D8AB
80.0,-36.0,18.0,#86D8A4
80.0,-36.0,84.0,#AED600
80.0,-36.0,92.0,#AFD500
80.0,-36.0,124.0,#B3D500
80.0,-34.0,46.0,#A2D66D
80.0,-32.0,4.0,#80D7BE
80.0,-32.0,78.0,#B4D40E
80.0,-30.0,12.0,#8FD5AF
80.0,-30.0,16.0,#94D5A8
80.0,-30.0,122.0,#BED200
80.0,-28.0,-34.0,#0FD8FF
80.0,-28.0,-2.0,#82D5C9
80.0,-28.0,80.0,#BCD200
80.0,-28.0,100.0,#C0D200
80.0,-28.0,108.0,#C1D200
80.0,-26.0,58.0,#B8D154
80.0,-24.0,-22.0,#69D5EE
80.0,-24.0,-18.0,#72D4E7
80.0,-24.0,-4.0,#8BD3CD
80.0,-24.0,0.0,#90D3C6
80.0,-24.0,74.0,#C1D026
80.0,-24.0,82.0,#C3D000
80.0,-24.0,94.0,#C6D000
80.0,-22.0,-14.0,#81D3E0
80.0,-22.0,22.0,#ACD19D
80.0,-22.0,36.0,#B5D082
80.0,-22.0,50.0,#BDD066
80.0,-20.0,8.0,#A3D1B7
80.0,-20.0,64.0,#C6CE46
80.0,-20.0,76.0,#C9CE1F
80.0,-20.0,84.0,#CBCE00
80.0,-20.0,96.0,#CDCE00
80.0,-20.0,116.0,#CFCE00
80.0,-18.0,30.0,#B9CE8E
80.0,-18.0,70.0,#CBCD35
80.0,-18.0,90.0,#CFCD00
80.0,-18.0,122.0,#D3CC00
80.0,-16.0,-28.0,#78D1FA
80.0,-16.0,4.0,#A8CFBE
80.0,-16.0,12.0,#B0CEB0
80.0,-16.0,64.0,#CDCC46
80.0,-16.0,78.0,#D1CC15
80.0,-16.0,98.0,#D4CC00
80.0,-16.0,106.0,#D5CC00
80.0,-14.0,18.0,#B9CDA4
80.0,-14.0,28.0,#C0CC92
80.0,-14.0,44.0,#C9CC72
80.0,-14.0,50.0,#CBCC66
80.0,-14.0,70.0,#D2CB36
80.0,-14.0,84.0,#D5CB00
80.0,-14.0,92.0,#D7CB00
80.0,-12.0,-28.0,#85CFFA
80.0,-12.0,-6.0,#A7CDD1
80.0,-12.0,64.0,#D4CA47
80.0,-12.0,100.0,#DBC900
80.0,-10.0,16.0,#C0CBA8
80.0,-10.0,22.0,#C4CB9D
80.0,-10.0,36.0,#CCCA82
80.0,-10.0,70.0,#D9C937
80.0,-10.0,94.0,#DDC800
80.0,-10.0,126.0,#E0C800
80.0,-8.0,10.0,#BFCAB4
80.0,-8.0,62.0,#DAC84C
80.0,-6.0,14.0,#C6C9AC
80.0,-6.0,38.0,#D4C87F
80.0,-6.0,84.0,#E2C600
80.0,-6.0,92.0,#E4C600
80.0,-4.0,-34.0,#92CCFF
80.0,-4.0,-22.0,#A5CAEF
80.0,-4.0,-16.0,#ADCAE4
80.0,-4.0,-12.0,#B2CADC
80.0,-4.0,12.0,#C8C8B0
80.0,-4.0,26.0,#D1C796
80.0,-4.0,58.0,#DFC656
80.0,-2.0,-4.0,#BFC8CE
80.0,-2.0,0.0,#C2C8C6
80.0,-2.0,4.0,#C6C7BF
80.0,-2.0,8.0,#C9C7B7
80.0,-2.0,16.0,#CFC6A9
80.0,-2.0,20.0,#D1C6A1
80.0,-2.0,28.0,#D6C692
80.0,-2.0,74.0,#E7C42B
80.0,-2.0,90.0,#EAC400
80.0,-2.0,98.0,#EBC400
80.0,0.0,-16.0,#B6C8E4
80.0,0.0,-4.0,#C3C7CE
80.0,0.0,4.0,#CAC6BF
80.0,0.0,16.0,#D2C5A9
80.0,0.0,20.0,#D5C5A1
80.0,2.0,-8.0,#C3C6D5
80.0,2.0,-4.0,#C7C5CE
80.0,2.0,0.0,#CAC5C6
80.0,2.0,4.0,#CEC5BF
80.0,2.0,8.0,#D1C5B8
80.0,2.0,16.0,#D6C4A9
80.0,2.0,20.0,#D9C4A1
80.0,2.0,44.0,#E4C373
80.0,2.0,90.0,#F0C100
80.0,2.0,98.0,#F1C100
80.0,2.0,106.0,#F2C100
80.0,4.0,-20.0,#BAC6EB
80.0,4.0,-8.0,#C7C5D5
80.0,4.0,-4.0,#CBC4CE
80.0,4.0,0.0,#CEC4C6
80.0,4.0,4.0,#D1C4BF
80.0,4.0,8.0,#D4C3B8
80.0,4.0,20.0,#DCC3A1
80.0,4.0,24.0,#DEC29A
80.0,4.0,50.0,#EAC167
80.0,6.0,-8.0,#CBC3D5
80.0,6.0,-4.0,#CFC3CE
80.0,6.0,0.0,#D2C3C7
80.0,6.0,4.0,#D5C2BF
80.0,6.0,8.0,#D8C2B8
80.0,6.0,20.0,#E0C1A2
80.0,6.0,40.0,#E9C07C
80.0,6.0,96.0,#F7BF00
80.0,8.0,-24.0,#BEC3F3
80.0,8.0,-8.0,#CFC2D5
80.0,8.0,-4.0,#D2C2CE
80.0,8.0,0.0,#D6C1C7
80.0,8.0,4.0,#D9C1BF
80.0,8.0,8.0,#DCC1B8
80.0,8.0,24.0,#E5C09A
80.0,10.0,-6.0,#D4C1D2
80.0,10.0,-2.0,#D8C0CA
80.0,10.0,2.0,#DBC0C3
80.0,10.0,6.0,#DEC0BC
80.0,10.0,10.0,#E0BFB4
80.0,10.0,20.0,#E6BFA2
80.0,10.0,28.0,#EBBE93
80.0,10.0,34.0,#EDBE87
80.0,10.0,66.0,#F8BD44
80.0,10.0,74.0,#FABD2E
80.0,12.0,0.0,#DDBFC7
80.0,12.0,4.0,#E0BFBF
80.0,12.0,8.0,#E3BEB8
80.0,12.0,116.0,#FFBB00
80.0,14.0,-10.0,#D9BED9
80.0,14.0,2.0,#E2BDC3
80.0,14.0,12.0,#E9BDB1
80.0,14.0,30.0,#F2BC8F
80.0,14.0,42.0,#F7BB78
80.0,14.0,74.0,#FFBA2E
80.0,14.0,122.0,#FFB900
80.0,16.0,-32.0,#C6BFFF
80.0,16.0,-18.0,#D5BEE8
80.0,16.0,0.0,#E4BCC7
80.0,16.0,6.0,#E8BCBC
80.0,16.0,10.0,#EBBBB4
80.0,16.0,54.0,#FEB960
80.0,18.0,-30.0,#CCBEFE
80.0,18.0,-6.0,#E3BBD2
80.0,18.0,4.0,#EABAC0
80.0,18.0,40.0,#FDB87C
80.0,18.0,60.0,#FFB853
80.0,18.0,68.0,#FFB740
80.0,18.0,86.0,#FFB700
80.0,20.0,-24.0,#D7BCF3
80.0,20.0,-2.0,#EABACB
80.0,20.0,8.0,#F0B9B8
80.0,22.0,28.0,#FEB693
80.0,22.0,42.0,#FFB579
80.0,22.0,66.0,#FFB446
80.0,24.0,-28.0,#DAB9FB
80.0,24.0,-24.0,#DFB9F3
80.0,24.0,14.0,#FAB5AD
80.0,24.0,20.0,#FEB5A2
80.0,24.0,120.0,#FFB200
80.0,26.0,18.0,#FFB4A6
80.0,26.0,30.0,#FFB390
80.0,26.0,68.0,#FFB142
80.0,26.0,76.0,#FFB12A
80.0,26.0,126.0,#FFB000
80.0,28.0,24.0,#FFB29B
80.0,28.0,82.0,#FFAF0F
80.0,30.0,18.0,#FFB1A6
80.0,30.0,36.0,#FFB085
80.0,32.0,-18.0,#F3B2E9
80.0,32.0,28.0,#FFAE94
80.0,32.0,42.0,#FFAE7A
80.0,32.0,108.0,#FFAC00
80.0,34.0,12.0,#FFAEB2
80.0,34.0,86.0,#FFAA00
80.0,36.0,-12.0,#FEAEDE
80.0,36.0,20.0,#FFACA3
80.0,36.0,28.0,#FFAB94
80.0,36.0,48.0,#FFAA6E
80.0,38.0,-18.0,#FDADE9
80.0,40.0,4.0,#FFA9C1
80.0,40.0,18.0,#FFA8A7
80.0,42.0,8.0,#FFA7B9
80.0,42.0,22.0,#FFA6A0
80.0,42.0,26.0,#FFA698
80.0,42.0,52.0,#FFA567
80.0,44.0,-26.0,#FFA9F8
80.0,44.0,12.0,#FFA5B2
80.0,44.0,76.0,#FFA22F
80.0,46.0,16.0,#FFA3AB
80.0,46.0,20.0,#FFA3A4
80.0,46.0,82.0,#FFA018
80.0,48.0,6.0,#FFA2BD
80.0,48.0,26.0,#FFA099
80.0,48.0,30.0,#FFA091
80.0,48.0,34.0,#FFA08A
80.0,50.0,10.0,#FFA0B6
80.0,52.0,-24.0,#FFA1F4
80.0,52.0,46.0,#FF9B73
80.0,54.0,-14.0,#FF9EE2
80.0,56.0,-32.0,#FF9EFF
80.0,56.0,42.0,#FF977B
80.0,60.0,-18.0,#FF98E9
80.0,64.0,-24.0,#FF94F5
80.0,68.0,-20.0,#FF8FED
81.0,-112.0,50.0,#00F363
81.0,-104.0,50.0,#00F163
81.0,-100.0,26.0,#00F195
81.0,-100.0,88.0,#00EF00
81.0,-94.0,8.0,#00F0B7
81.0,-94.0,94.0,#00ED00
81.0,-88.0,2.0,#00EEC3
81.0,-80.0,50.0,#00EA65
81.0,-76.0,44.0,#00E972
81.0,-72.0,50.0,#1FE765
81.0,-70.0,8.0,#00E8B8
81.0,-70.0,42.0,#15E776
81.0,-70.0,70.0,#4FE631
81.0,-68.0,12.0,#00E7B1
81.0,-66.0,-6.0,#00E8D2
81.0,-66.0,4.0,#00E7C0
81.0,-66.0,104.0,#6FE400
81.0,-64.0,38.0,#3EE57E
81.0,-62.0,-20.0,#00E7ED
81.0,-62.0,-10.0,#00E7DA
81.0,-62.0,58.0,#63E353
81.0,-62.0,70.0,#6DE332
81.0,-60.0,42.0,#59E376
81.0,-58.0,-6.0,#00E5D3
81.0,-58.0,36.0,#58E383
81.0,-58.0,82.0,#7EE100
81.0,-56.0,-18.0,#00E5E9
81.0,-56.0,22.0,#47E39E
81.0,-56.0,46.0,#6CE26E
81.0,-56.0,100.0,#89E000
81.0,-56.0,124.0,#8DE000
81.0,-52.0,-22.0,#00E4F1
81.0,-52.0,-8.0,#00E3D6
81.0,-52.0,26.0,#61E196
81.0,-52.0,108.0,#94DF00
81.0,-50.0,-4.0,#00E2CF
81.0,-50.0,44.0,#7CDF73
81.0,-46.0,24.0,#73DE9A
81.0,-46.0,104.0,#A0DC00
81.0,-46.0,112.0,#A2DC00
81.0,-44.0,-8.0,#2DDFD7
81.0,-44.0,14.0,#6BDEAE
81.0,-44.0,40.0,#89DD7B
81.0,-44.0,88.0,#A1DC00
81.0,-42.0,-26.0,#00E0F8
81.0,-42.0,-4.0,#4CDECF
81.0,-42.0,4.0,#60DEC0
81.0,-42.0,78.0,#A3DB11
81.0,-40.0,0.0,#60DDC8
81.0,-40.0,72.0,#A5DA2F
81.0,-38.0,36.0,#95DB84
81.0,-36.0,-26.0,#00DDF8
81.0,-36.0,-16.0,#44DDE6
81.0,-36.0,-4.0,#67DCCF
81.0,-36.0,76.0,#AED81F
81.0,-34.0,8.0,#82DAB9
81.0,-34.0,68.0,#AFD83C
81.0,-34.0,102.0,#B8D700
81.0,-34.0,110.0,#B9D700
81.0,-32.0,30.0,#9ED890
81.0,-32.0,56.0,#AFD75A
81.0,-30.0,-26.0,#40DBF9
81.0,-30.0,-16.0,#63DAE6
81.0,-30.0,22.0,#9CD89F
81.0,-30.0,70.0,#B8D637
81.0,-28.0,-20.0,#61D9ED
81.0,-28.0,-12.0,#74D9DF
81.0,-28.0,6.0,#90D7BD
81.0,-28.0,44.0,#B1D674
81.0,-28.0,50.0,#B4D568
81.0,-26.0,-8.0,#82D7D7
81.0,-26.0,24.0,#A7D69B
81.0,-26.0,30.0,#ACD590
81.0,-26.0,64.0,#BED448
81.0,-24.0,-12.0,#81D7DF
81.0,-22.0,-8.0,#8DD6D7
81.0,-22.0,6.0,#9FD5BD
81.0,-22.0,30.0,#B4D390
81.0,-22.0,42.0,#BBD379
81.0,-22.0,102.0,#CDD100
81.0,-20.0,-16.0,#86D5E6
81.0,-20.0,0.0,#9DD4C8
81.0,-18.0,-8.0,#98D4D7
81.0,-18.0,-4.0,#9DD3D0
81.0,-18.0,22.0,#B7D29F
81.0,-18.0,26.0,#BAD198
81.0,-18.0,38.0,#C1D181
81.0,-18.0,44.0,#C4D175
81.0,-16.0,-10.0,#9AD3DB
81.0,-16.0,0.0,#A7D2C9
81.0,-14.0,-2.0,#A9D1CC
81.0,-14.0,2.0,#AED1C5
81.0,-14.0,6.0,#B2D1BD
81.0,-14.0,24.0,#C0CF9C
81.0,-12.0,-20.0,#96D1EE
81.0,-12.0,-16.0,#9CD1E6
81.0,-12.0,-12.0,#A2D1DF
81.0,-12.0,0.0,#B0D0C9
81.0,-12.0,8.0,#B8CFBA
81.0,-12.0,12.0,#BBCFB2
81.0,-12.0,56.0,#D4CD5C
81.0,-10.0,-32.0,#86D1FF
81.0,-10.0,2.0,#B6CFC5
81.0,-10.0,6.0,#BACEBE
81.0,-10.0,26.0,#C9CD98
81.0,-8.0,-28.0,#94D0FD
81.0,-8.0,4.0,#BCCDC1
81.0,-8.0,54.0,#DACB61
81.0,-6.0,20.0,#CDCBA4
81.0,-6.0,24.0,#CFCB9C
81.0,-6.0,30.0,#D3CB91
81.0,-4.0,-8.0,#B9CCD8
81.0,-4.0,-4.0,#BDCCD0
81.0,-4.0,0.0,#C1CBC9
81.0,-4.0,4.0,#C5CBC2
81.0,-4.0,8.0,#C8CBBA
81.0,-4.0,16.0,#CECAAB
81.0,-2.0,-10.0,#BBCBDC
81.0,-2.0,44.0,#E1C876
81.0,-2.0,82.0,#EBC701
81.0,-2.0,126.0,#F0C600
81.0,0.0,-32.0,#A3CCFF
81.0,0.0,-22.0,#B1CBF2
81.0,0.0,-10.0,#C0CADC
81.0,0.0,10.0,#D1C8B7
81.0,0.0,38.0,#E1C782
81.0,0.0,118.0,#F3C500
81.0,2.0,28.0,#E0C695
81.0,2.0,82.0,#F2C404
81.0,4.0,-14.0,#C4C8E3
81.0,4.0,112.0,#F8C300
81.0,4.0,124.0,#F9C300
81.0,6.0,-18.0,#C4C7EB
81.0,6.0,-14.0,#C8C7E3
81.0,6.0,14.0,#DFC4AF
81.0,6.0,62.0,#F4C250
81.0,6.0,80.0,#F8C217
81.0,6.0,88.0,#F9C200
81.0,8.0,-18.0,#C8C6EB
81.0,8.0,-14.0,#CCC5E3
81.0,8.0,14.0,#E2C3AF
81.0,8.0,30.0,#EBC292
81.0,8.0,110.0,#FEC000
81.0,10.0,14.0,#E6C2B0
81.0,10.0,82.0,#FEBF0A
81.0,10.0,90.0,#FFBF00
81.0,12.0,18.0,#ECC0A8
81.0,12.0,50.0,#FABF6B
81.0,12.0,104.0,#FFBE00
81.0,14.0,-4.0,#E0C1D1
81.0,14.0,16.0,#EEBFAC
81.0,14.0,26.0,#F3BF99
81.0,14.0,82.0,#FFBC0D
81.0,14.0,110.0,#FFBC00
81.0,16.0,24.0,#F6BD9D
81.0,16.0,104.0,#FFBB00
81.0,18.0,-14.0,#DFBFE4
81.0,18.0,18.0,#F6BCA8
81.0,18.0,30.0,#FCBC92
81.0,18.0,110.0,#FFB900
81.0,20.0,-18.0,#E0BEEB
81.0,20.0,-12.0,#E5BDE0
81.0,20.0,36.0,#FFBA87
81.0,20.0,48.0,#FFB96F
81.0,20.0,104.0,#FFB800
81.0,22.0,-8.0,#ECBBD9
81.0,22.0,4.0,#F4BAC3
81.0,22.0,98.0,#FFB600
81.0,24.0,-18.0,#E7BBEB
81.0,24.0,38.0,#FFB783
81.0,24.0,104.0,#FFB500
81.0,24.0,112.0,#FFB500
81.0,26.0,-10.0,#F1B9DC
81.0,26.0,-6.0,#F4B8D5
81.0,26.0,-2.0,#F7B8CE
81.0,26.0,34.0,#FFB58B
81.0,26.0,98.0,#FFB300
81.0,28.0,-22.0,#EBB8F3
81.0,28.0,28.0,#FFB496
81.0,30.0,66.0,#FFB14A
81.0,30.0,88.0,#FFB000
81.0,30.0,118.0,#FFB000
81.0,32.0,24.0,#FFB19E
81.0,34.0,34.0,#FFAF8B
81.0,34.0,94.0,#FFAD00
81.0,36.0,-8.0,#FFB1D9
81.0,36.0,100.0,#FFAB00
81.0,36.0,120.0,#FFAB00
81.0,38.0,126.0,#FFA900
81.0,40.0,78.0,#FFA82A
81.0,40.0,108.0,#FFA800
81.0,42.0,84.0,#FFA60F
81.0,42.0,98.0,#FFA600
81.0,44.0,-18.0,#FFABEC
81.0,44.0,90.0,#FFA400
81.0,46.0,-32.0,#FFABFF
81.0,46.0,-14.0,#FFA8E4
81.0,46.0,50.0,#FFA46E
81.0,46.0,70.0,#FFA343
81.0,48.0,40.0,#FFA281
81.0,50.0,2.0,#FFA3C7
81.0,52.0,-18.0,#FFA3EC
81.0,52.0,52.0,#FF9E6A
81.0,54.0,14.0,#FF9EB2
81.0,54.0,18.0,#FF9EAA
81.0,56.0,0.0,#FF9DCB
81.0,56.0,24.0,#FF9B9F
81.0,58.0,-24.0,#FF9EF7
81.0,60.0,-10.0,#FF9ADE
82.0,-124.0,38.0,#00F97F
82.0,-124.0,54.0,#00F95C
82.0,-122.0,84.0,#00F800
82.0,-118.0,36.0,#00F883
82.0,-114.0,80.0,#00F600
82.0,-112.0,86.0,#00F500
82.0,-112.0,96.0,#00F500
82.0,-110.0,36.0,#00F683
82.0,-108.0,68.0,#00F437
82.0,-106.0,10.0,#00F6B6
82.0,-106.0,16.0,#00F6AB
82.0,-106.0,74.0,#00F41F
82.0,-106.0,102.0,#00F300
82.0,-104.0,80.0,#00F300
82.0,-100.0,4.0,#00F5C2
82.0,-100.0,14.0,#00F4AF
82.0,-100.0,66.0,#00F23E
82.0,-100.0,108.0,#00F200
82.0,-98.0,74.0,#00F220
82.0,-96.0,-2.0,#00F4CD
82.0,-96.0,20.0,#00F3A3
82.0,-96.0,82.0,#00F100
82.0,-94.0,68.0,#00F138
82.0,-92.0,40.0,#00F17C
82.0,-92.0,56.0,#00F059
82.0,-90.0,-8.0,#00F2D8
82.0,-88.0,14.0,#00F1AF
82.0,-88.0,20.0,#00F0A3
82.0,-88.0,32.0,#00F08C
82.0,-88.0,62.0,#00EF4A
82.0,-88.0,104.0,#00EE00
82.0,-86.0,68.0,#00EE39
82.0,-86.0,114.0,#00EE00
82.0,-84.0,26.0,#00EF98
82.0,-84.0,80.0,#00ED00
82.0,-84.0,92.0,#00ED00
82.0,-82.0,16.0,#00EFAB
82.0,-80.0,60.0,#00EC50
82.0,-80.0,74.0,#0EEC23
82.0,-80.0,100.0,#38EC00
82.0,-78.0,22.0,#00EDA0
82.0,-78.0,66.0,#11EC40
82.0,-78.0,86.0,#39EB00
82.0,-78.0,106.0,#47EB00
82.0,-78.0,114.0,#4AEB00
82.0,-76.0,14.0,#00EDAF
82.0,-76.0,80.0,#3FEB00
82.0,-76.0,92.0,#49EB00
82.0,-74.0,28.0,#00EC94
82.0,-74.0,56.0,#24EB5A
82.0,-72.0,18.0,#00EBA8
82.0,-72.0,62.0,#3FEA4B
82.0,-72.0,102.0,#5EE900
82.0,-72.0,110.0,#61E900
82.0,-70.0,-12.0,#00ECE0
82.0,-70.0,76.0,#58E91B
82.0,-70.0,86.0,#5EE900
82.0,-70.0,96.0,#63E800
82.0,-66.0,-26.0,#00ECFB
82.0,-66.0,16.0,#00E9AC
82.0,-66.0,28.0,#00E995
82.0,-66.0,114.0,#75E700
82.0,-64.0,80.0,#6FE700
82.0,-62.0,20.0,#08E8A4
82.0,-60.0,-28.0,#00EAFF
82.0,-60.0,14.0,#00E7B0
82.0,-60.0,110.0,#84E500
82.0,-56.0,-2.0,#00E7CE
82.0,-54.0,-30.0,#00E8FF
82.0,-54.0,2.0,#00E6C6
82.0,-54.0,88.0,#8EE300
82.0,-52.0,-14.0,#00E6E5
82.0,-52.0,80.0,#90E200
82.0,-50.0,14.0,#56E3B0
82.0,-48.0,-30.0,#00E6FF
82.0,-48.0,-24.0,#00E5F7
82.0,-48.0,0.0,#38E3CA
82.0,-48.0,18.0,#66E2A9
82.0,-48.0,84.0,#9AE000
82.0,-46.0,74.0,#9BE02A
82.0,-42.0,-20.0,#00E2F0
82.0,-42.0,96.0,#AADE00
82.0,-40.0,8.0,#72E0BC
82.0,-40.0,26.0,#8ADF9A
82.0,-40.0,32.0,#8FDE8E
82.0,-40.0,120.0,#B2DD00
82.0,-38.0,-12.0,#4BE0E1
82.0,-38.0,12.0,#7EDFB4
82.0,-36.0,-20.0,#36E0F0
82.0,-36.0,40.0,#A0DC7E
82.0,-34.0,-8.0,#69DEDA
82.0,-34.0,52.0,#ABDB66
82.0,-34.0,118.0,#BDDA00
82.0,-32.0,0.0,#7FDDCB
82.0,-30.0,36.0,#AADA87
82.0,-30.0,86.0,#BFD800
82.0,-30.0,94.0,#C1D800
82.0,-28.0,2.0,#8EDBC7
82.0,-28.0,18.0,#A0DAA9
82.0,-28.0,116.0,#C8D700
82.0,-26.0,88.0,#C7D600
82.0,-24.0,-30.0,#58DBFF
82.0,-24.0,110.0,#CED500
82.0,-22.0,12.0,#A8D7B5
82.0,-22.0,16.0,#ACD7AD
82.0,-22.0,126.0,#D3D400
82.0,-20.0,-30.0,#6AD9FF
82.0,-20.0,-24.0,#79D9F8
82.0,-20.0,-20.0,#81D8F0
82.0,-20.0,54.0,#C8D462
82.0,-18.0,10.0,#AFD5B9
82.0,-18.0,14.0,#B3D5B1
82.0,-18.0,18.0,#B6D5AA
82.0,-16.0,-24.0,#86D7F8
82.0,-16.0,-18.0,#91D6ED
82.0,-16.0,-14.0,#97D6E5
82.0,-14.0,36.0,#CAD287
82.0,-12.0,-24.0,#92D5F8
82.0,-12.0,20.0,#C4D1A6
82.0,-12.0,40.0,#D0D080
82.0,-12.0,46.0,#D3D074
82.0,-12.0,76.0,#DDCF29
82.0,-12.0,112.0,#E2CF00
82.0,-10.0,-4.0,#B3D2D3
82.0,-10.0,32.0,#CFD08F
82.0,-10.0,50.0,#D8CF6C
82.0,-10.0,82.0,#E2CE04
82.0,-10.0,106.0,#E5CE00
82.0,-10.0,118.0,#E6CE00
82.0,-8.0,-16.0,#A9D2E9
82.0,-8.0,-12.0,#AED1E2
82.0,-8.0,-8.0,#B3D1DA
82.0,-8.0,-2.0,#B9D1CF
82.0,-8.0,18.0,#CACFAA
82.0,-8.0,42.0,#D8CE7C
82.0,-8.0,74.0,#E3CD31
82.0,-6.0,-20.0,#A9D1F1
82.0,-6.0,-10.0,#B5D0DE
82.0,-6.0,-6.0,#BAD0D7
82.0,-6.0,-2.0,#BECFCF
82.0,-6.0,2.0,#C2CFC8
82.0,-6.0,6.0,#C5CFC1
82.0,-6.0,10.0,#C8CFB9
82.0,-6.0,46.0,#DDCD74
82.0,-6.0,108.0,#ECCB00
82.0,-4.0,34.0,#DBCC8C
82.0,-4.0,40.0,#DECC80
82.0,-4.0,68.0,#E8CB43
82.0,-4.0,116.0,#F0CA00
82.0,-2.0,-22.0,#B0CFF5
82.0,-2.0,-16.0,#B7CEEA
82.0,-2.0,12.0,#D2CCB5
82.0,-2.0,52.0,#E7CA68
82.0,-2.0,110.0,#F2C900
82.0,0.0,0.0,#CCCCCC
82.0,0.0,24.0,#DDCA9F
82.0,0.0,32.0,#E1CA90
82.0,0.0,66.0,#EEC949
82.0,2.0,-28.0,#B1CDFF
82.0,2.0,-20.0,#BBCCF1
82.0,2.0,-16.0,#C0CCEA
82.0,2.0,-12.0,#C4CCE2
82.0,2.0,12.0,#D9CAB6
82.0,2.0,58.0,#EFC85C
82.0,2.0,74.0,#F3C733
82.0,4.0,12.0,#DDC9B6
82.0,4.0,16.0,#DFC8AE
82.0,4.0,36.0,#EAC788
82.0,6.0,-30.0,#B7CBFF
82.0,6.0,-26.0,#BDCAFC
82.0,6.0,48.0,#F2C671
82.0,6.0,56.0,#F5C560
82.0,6.0,72.0,#F9C539
82.0,6.0,104.0,#FEC400
82.0,8.0,38.0,#F2C585
82.0,8.0,118.0,#FFC300
82.0,10.0,-22.0,#CAC8F5
82.0,10.0,-10.0,#D7C6DF
82.0,10.0,44.0,#F7C379
82.0,12.0,-30.0,#C5C7FF
82.0,12.0,-26.0,#CAC7FD
82.0,12.0,-20.0,#D1C6F1
82.0,12.0,-16.0,#D5C6EA
82.0,12.0,34.0,#F7C28D
82.0,12.0,56.0,#FEC161
82.0,14.0,-24.0,#D0C5F9
82.0,14.0,-14.0,#DBC4E6
82.0,14.0,46.0,#FEC076
82.0,14.0,62.0,#FFC054
82.0,14.0,94.0,#FFBF00
82.0,16.0,-22.0,#D7C4F5
82.0,16.0,-8.0,#E4C2DB
82.0,16.0,20.0,#F6C0A7
82.0,16.0,36.0,#FEBF89
82.0,18.0,14.0,#F6BFB3
82.0,18.0,118.0,#FFBC00
82.0,20.0,12.0,#F9BEB6
82.0,20.0,22.0,#FEBDA4
82.0,20.0,124.0,#FFBA00
82.0,22.0,16.0,#FEBCAF
82.0,22.0,74.0,#FFBA36
82.0,22.0,82.0,#FFB917
82.0,22.0,90.0,#FFB900
82.0,24.0,10.0,#FEBBBA
82.0,24.0,24.0,#FFBAA0
82.0,24.0,58.0,#FFB95E
82.0,26.0,4.0,#FEBAC5
82.0,26.0,48.0,#FFB872
82.0,26.0,54.0,#FFB766
82.0,26.0,90.0,#FFB600
82.0,28.0,-30.0,#E6BCFF
82.0,28.0,-26.0,#EABBFD
82.0,28.0,8.0,#FFB8BE
82.0,28.0,12.0,#FFB8B7
82.0,28.0,40.0,#FFB682
82.0,28.0,60.0,#FFB65A
82.0,30.0,2.0,#FFB7C9
82.0,30.0,46.0,#FFB577
82.0,30.0,54.0,#FFB467
82.0,30.0,78.0,#FFB32B
82.0,32.0,-12.0,#FDB7E3
82.0,32.0,6.0,#FFB5C2
82.0,32.0,60.0,#FFB25A
82.0,34.0,-30.0,#F1B7FF
82.0,34.0,0.0,#FFB4CD
82.0,34.0,52.0,#FFB16B
82.0,34.0,76.0,#FFB033
82.0,36.0,4.0,#FFB2C6
82.0,36.0,24.0,#FFB1A1
82.0,36.0,58.0,#FFAF5F
82.0,36.0,66.0,#FFAF4D
82.0,36.0,72.0,#FFAF3E
82.0,38.0,-28.0,#FAB4FF
82.0,38.0,-22.0,#FFB3F6
82.0,38.0,8.0,#FFB0BF
82.0,38.0,34.0,#FFAE8E
82.0,38.0,40.0,#FFAE83
82.0,40.0,-2.0,#FFAFD1
82.0,40.0,46.0,#FFAC78
82.0,40.0,54.0,#FFAC68
82.0,40.0,64.0,#FFAB52
82.0,42.0,-10.0,#FFAEE0
82.0,42.0,-6.0,#FFAED8
82.0,42.0,16.0,#FFACB0
82.0,42.0,32.0,#FFAB92
82.0,42.0,60.0,#FFAA5B
82.0,44.0,44.0,#FFA97C
82.0,46.0,-2.0,#FFAAD1
82.0,48.0,-10.0,#FFA9E0
82.0,50.0,-30.0,#FFA9FF
82.0,50.0,-6.0,#FFA7D9
82.0,50.0,24.0,#FFA4A2
82.0,52.0,30.0,#FFA297
82.0,56.0,-28.0,#FFA3FF
82.0,56.0,4.0,#FFA0C7
83.0,-124.0,64.0,#00FB45
83.0,-124.0,72.0,#00FB2A
83.0,-122.0,78.0,#00FB00
83.0,-118.0,54.0,#00FA5F
83.0,-116.0,60.0,#00FA50
83.0,-114.0,68.0,#00F93A
83.0,-112.0,74.0,#00F823
83.0,-108.0,60.0,#00F851
83.0,-102.0,40.0,#00F77E
83.0,-100.0,32.0,#00F68E
83.0,-100.0,54.0,#00F660
83.0,-100.0,98.0,#00F500
83.0,-98.0,60.0,#00F552
83.0,-96.0,46.0,#00F572
83.0,-94.0,14.0,#00F5B1
83.0,-94.0,26.0,#00F59A
83.0,-90.0,98.0,#00F200
83.0,-88.0,46.0,#00F272
83.0,-86.0,74.0,#00F127
83.0,-82.0,-8.0,#00F3DB
83.0,-82.0,6.0,#00F2C1
83.0,-82.0,40.0,#00F17F
83.0,-80.0,-2.0,#00F2D0
83.0,-80.0,30.0,#00F093
83.0,-78.0,-14.0,#00F2E7
83.0,-76.0,-18.0,#00F2EE
83.0,-76.0,4.0,#00F0C5
83.0,-76.0,38.0,#00EF83
83.0,-74.0,-8.0,#00F0DC
83.0,-74.0,120.0,#60ED00
83.0,-72.0,-24.0,#00F1FA
83.0,-72.0,-2.0,#00EFD0
83.0,-70.0,-16.0,#00F0EB
83.0,-68.0,22.0,#00EDA3
83.0,-66.0,34.0,#2EEB8C
83.0,-66.0,52.0,#53EB66
83.0,-64.0,-14.0,#00EDE7
83.0,-64.0,-2.0,#00EDD1
83.0,-64.0,66.0,#69EA44
83.0,-64.0,86.0,#75E900
83.0,-64.0,94.0,#79E900
83.0,-64.0,124.0,#7FE900
83.0,-62.0,10.0,#00EBBA
83.0,-60.0,26.0,#42EA9B
83.0,-60.0,32.0,#4FE990
83.0,-58.0,6.0,#00EAC2
83.0,-58.0,64.0,#7BE84A
83.0,-58.0,72.0,#80E733
83.0,-54.0,56.0,#81E65E
83.0,-52.0,8.0,#3EE7BE
83.0,-52.0,62.0,#8AE550
83.0,-52.0,70.0,#8EE53A
83.0,-50.0,32.0,#76E590
83.0,-50.0,38.0,#7DE584
83.0,-50.0,100.0,#9DE400
83.0,-48.0,-18.0,#00E8EF
83.0,-48.0,4.0,#4AE6C6
83.0,-48.0,50.0,#8CE46C
83.0,-46.0,56.0,#95E35F
83.0,-46.0,64.0,#9AE34B
83.0,-42.0,-16.0,#12E5EB
83.0,-42.0,20.0,#80E3A8
83.0,-42.0,44.0,#97E279
83.0,-42.0,50.0,#9BE16C
83.0,-40.0,56.0,#A3E05F
83.0,-40.0,64.0,#A7E04C
83.0,-38.0,-30.0,#00E4FF
83.0,-38.0,100.0,#B6DF00
83.0,-36.0,58.0,#ADDF5B
83.0,-34.0,18.0,#94DFAC
83.0,-32.0,-30.0,#1CE2FF
83.0,-32.0,-4.0,#7BE0D5
83.0,-32.0,80.0,#BDDC13
83.0,-30.0,10.0,#95DEBB
83.0,-30.0,14.0,#9ADEB3
83.0,-30.0,26.0,#A5DD9D
83.0,-30.0,110.0,#C6DB00
83.0,-28.0,-2.0,#8BDED1
83.0,-26.0,78.0,#C8D921
83.0,-26.0,100.0,#CCD900
83.0,-24.0,-22.0,#72DDF7
83.0,-24.0,-18.0,#7BDDF0
83.0,-24.0,-6.0,#90DCD9
83.0,-24.0,0.0,#99DCCE
83.0,-24.0,26.0,#B3DA9D
83.0,-24.0,38.0,#BBDA86
83.0,-24.0,94.0,#CFD800
83.0,-22.0,46.0,#C3D876
83.0,-22.0,70.0,#CDD83E
83.0,-20.0,-10.0,#95DAE1
83.0,-20.0,-6.0,#9BDAD9
83.0,-20.0,32.0,#BFD892
83.0,-20.0,76.0,#D2D62B
83.0,-20.0,88.0,#D5D600
83.0,-20.0,96.0,#D6D600
83.0,-20.0,120.0,#D9D600
83.0,-18.0,64.0,#D2D64E
83.0,-18.0,82.0,#D7D508
83.0,-18.0,102.0,#DBD500
83.0,-16.0,-6.0,#A5D8D9
83.0,-16.0,32.0,#C7D692
83.0,-16.0,46.0,#CED576
83.0,-16.0,52.0,#D1D56A
83.0,-16.0,70.0,#D7D43F
83.0,-16.0,90.0,#DCD400
83.0,-16.0,110.0,#DFD400
83.0,-14.0,16.0,#C0D6B0
83.0,-14.0,64.0,#D9D44F
83.0,-14.0,84.0,#DED300
83.0,-14.0,96.0,#E0D300
83.0,-14.0,104.0,#E1D300
83.0,-12.0,-6.0,#AFD6D9
83.0,-12.0,-2.0,#B3D6D2
83.0,-12.0,2.0,#B7D5CB
83.0,-12.0,70.0,#DED23F
83.0,-12.0,124.0,#E6D200
83.0,-10.0,0.0,#BAD4CE
83.0,-10.0,4.0,#BED4C7
83.0,-10.0,12.0,#C5D4B8
83.0,-10.0,98.0,#E7D100
83.0,-8.0,2.0,#C0D3CB
83.0,-8.0,6.0,#C4D3C3
83.0,-8.0,14.0,#CAD2B4
83.0,-8.0,22.0,#D0D2A5
83.0,-8.0,64.0,#E3D04F
83.0,-6.0,80.0,#EBCF1D
83.0,-6.0,88.0,#ECCE00
83.0,-6.0,100.0,#EECE00
83.0,-4.0,-28.0,#A4D3FF
83.0,-4.0,-16.0,#B5D2EC
83.0,-4.0,-12.0,#BAD2E5
83.0,-4.0,12.0,#D1D0B8
83.0,-4.0,20.0,#D6D0A9
83.0,-4.0,26.0,#DACF9E
83.0,-4.0,58.0,#E8CE5E
83.0,-2.0,-4.0,#C7D0D6
83.0,-2.0,0.0,#CBD0CF
83.0,-2.0,4.0,#CED0C7
83.0,-2.0,8.0,#D1CFC0
83.0,-2.0,16.0,#D7CFB1
83.0,-2.0,20.0,#DACFA9
83.0,-2.0,28.0,#DFCE9A
83.0,-2.0,74.0,#F0CC35
83.0,-2.0,90.0,#F3CC00
83.0,-2.0,98.0,#F4CC00
83.0,0.0,-16.0,#BED0EC
83.0,0.0,-4.0,#CBCFD6
83.0,0.0,4.0,#D2CEC7
83.0,0.0,16.0,#DBCEB1
83.0,0.0,20.0,#DECDA9
83.0,2.0,-8.0,#CBCEDE
83.0,2.0,-4.0,#CFCED6
83.0,2.0,0.0,#D3CDCF
83.0,2.0,4.0,#D6CDC7
83.0,2.0,8.0,#D9CDC0
83.0,2.0,16.0,#DFCCB1
83.0,2.0,20.0,#E1CCA9
83.0,2.0,42.0,#ECCB7F
83.0,2.0,50.0,#EFCB6F
83.0,2.0,94.0,#FACA00
83.0,2.0,102.0,#FBC900
83.0,4.0,-20.0,#C3CEF4
83.0,4.0,-8.0,#CFCDDE
83.0,4.0,-4.0,#D3CDD6
83.0,4.0,0.0,#D6CCCF
83.0,4.0,4.0,#DACCC7
83.0,4.0,8.0,#DDCCC0
83.0,4.0,20.0,#E5CBA9
83.0,4.0,24.0,#E7CBA2
83.0,4.0,30.0,#EACA97
83.0,6.0,-8.0,#D3CCDE
83.0,6.0,-4.0,#D7CBD6
83.0,6.0,0.0,#DACBCF
83.0,6.0,4.0,#DDCBC7
83.0,6.0,8.0,#E0CAC0
83.0,6.0,20.0,#E8CAAA
83.0,6.0,28.0,#EDC99B
83.0,6.0,42.0,#F3C980
83.0,6.0,96.0,#FFC700
83.0,8.0,-24.0,#C7CCFC
83.0,8.0,-8.0,#D7CADE
83.0,8.0,-4.0,#DBCAD6
83.0,8.0,0.0,#DECACF
83.0,8.0,4.0,#E1C9C8
83.0,8.0,8.0,#E4C9C0
83.0,8.0,24.0,#EEC8A2
83.0,10.0,-6.0,#DDC9DA
83.0,10.0,-2.0,#E0C9D3
83.0,10.0,2.0,#E3C8CB
83.0,10.0,6.0,#E6C8C4
83.0,10.0,10.0,#E9C8BC
83.0,10.0,20.0,#EFC7AA
83.0,10.0,28.0,#F3C79B
83.0,10.0,68.0,#FFC548
83.0,12.0,-4.0,#E2C7D6
83.0,12.0,0.0,#E6C7CF
83.0,12.0,4.0,#E9C7C8
83.0,12.0,8.0,#EBC7C0
83.0,12.0,14.0,#EFC6B5
83.0,12.0,40.0,#FCC584
83.0,12.0,116.0,#FFC300
83.0,14.0,-10.0,#E1C7E2
83.0,14.0,2.0,#EBC6CB
83.0,14.0,12.0,#F1C5B9
83.0,14.0,30.0,#FBC497
83.0,14.0,70.0,#FFC243
83.0,16.0,0.0,#EDC4CF
83.0,16.0,6.0,#F1C4C4
83.0,16.0,10.0,#F4C4BD
83.0,16.0,42.0,#FFC280
83.0,16.0,58.0,#FFC160
83.0,16.0,124.0,#FFC000
83.0,18.0,-6.0,#ECC4DA
83.0,18.0,4.0,#F3C3C8
83.0,18.0,54.0,#FFC068
83.0,18.0,64.0,#FFC052
83.0,18.0,72.0,#FFBF3E
83.0,18.0,82.0,#FFBF1B
83.0,18.0,90.0,#FFBF00
83.0,20.0,-28.0,#DBC4FF
83.0,20.0,-24.0,#DFC4FC
83.0,20.0,-2.0,#F2C2D3
83.0,20.0,8.0,#F9C1C1
83.0,20.0,40.0,#FFBF84
83.0,20.0,60.0,#FFBE5C
83.0,22.0,-22.0,#E5C2F8
83.0,22.0,28.0,#FFBE9B
83.0,22.0,46.0,#FFBD79
83.0,22.0,66.0,#FFBD4E
83.0,24.0,-14.0,#F0C0E9
83.0,24.0,-4.0,#F8BFD7
83.0,24.0,14.0,#FFBEB6
83.0,24.0,20.0,#FFBDAA
83.0,24.0,42.0,#FFBC81
83.0,24.0,120.0,#FFBA00
83.0,26.0,18.0,#FFBCAE
83.0,26.0,30.0,#FFBB98
83.0,26.0,64.0,#FFBA53
83.0,26.0,72.0,#FFB940
83.0,26.0,80.0,#FFB926
83.0,28.0,24.0,#FFBAA3
83.0,30.0,-16.0,#F9BCED
83.0,30.0,-2.0,#FFBAD3
83.0,30.0,16.0,#FFB9B2
83.0,30.0,36.0,#FFB88D
83.0,30.0,102.0,#FFB600
83.0,30.0,110.0,#FFB600
83.0,32.0,-22.0,#F8BBF9
83.0,32.0,28.0,#FFB79C
83.0,34.0,10.0,#FFB6BD
83.0,34.0,14.0,#FFB6B6
83.0,34.0,20.0,#FFB5AB
83.0,34.0,42.0,#FFB481
83.0,34.0,84.0,#FFB316
83.0,36.0,-16.0,#FFB7EE
83.0,36.0,-4.0,#FFB6D7
83.0,36.0,28.0,#FFB39C
83.0,36.0,48.0,#FFB276
83.0,36.0,90.0,#FFB100
83.0,38.0,-12.0,#FFB5E6
83.0,38.0,18.0,#FFB2AF
83.0,38.0,82.0,#FFAF22
83.0,38.0,96.0,#FFAF00
83.0,40.0,12.0,#FFB1BA
83.0,40.0,22.0,#FFB0A8
83.0,40.0,72.0,#FFAE42
83.0,40.0,88.0,#FFAD00
83.0,42.0,4.0,#FFB0C9
83.0,42.0,28.0,#FFAE9C
83.0,44.0,8.0,#FFAEC2
83.0,44.0,20.0,#FFADAB
83.0,44.0,52.0,#FFAB6F
83.0,46.0,12.0,#FFACBA
83.0,46.0,26.0,#FFABA0
83.0,46.0,58.0,#FFA963
83.0,48.0,-24.0,#FFADFD
83.0,48.0,16.0,#FFA9B3
83.0,48.0,32.0,#FFA895
83.0,48.0,36.0,#FFA88E
83.0,50.0,20.0,#FFA7AC
83.0,52.0,8.0,#FFA6C2
83.0,54.0,-12.0,#FFA6E7
83.0,56.0,-6.0,#FFA3DC
83.0,60.0,-18.0,#FFA1F2
84.0,-120.0,48.0,#00FE6F
84.0,-114.0,46.0,#00FD74
84.0,-112.0,52.0,#00FC67
84.0,-110.0,28.0,#00FC99
84.0,-106.0,22.0,#00FBA4
84.0,-106.0,46.0,#00FA74
84.0,-94.0,88.0,#00F600
84.0,-92.0,6.0,#00F8C4
84.0,-90.0,110.0,#00F500
84.0,-86.0,0.0,#00F7CF
84.0,-82.0,54.0,#00F364
84.0,-78.0,44.0,#00F279
84.0,-76.0,50.0,#00F16D
84.0,-74.0,8.0,#00F2C0
84.0,-72.0,70.0,#51EF3B
84.0,-70.0,4.0,#00F1C8
84.0,-70.0,42.0,#2BF07E
84.0,-68.0,-8.0,#00F1DF
84.0,-64.0,40.0,#4EED82
84.0,-64.0,102.0,#7EEC00
84.0,-62.0,-20.0,#00F0F5
84.0,-62.0,-10.0,#00EFE2
84.0,-62.0,46.0,#60ED76
84.0,-60.0,56.0,#72EB60
84.0,-58.0,-24.0,#00EFFD
84.0,-58.0,-6.0,#00EEDB
84.0,-58.0,50.0,#72EB6E
84.0,-58.0,100.0,#8EEA00
84.0,-56.0,-18.0,#00EEF2
84.0,-56.0,42.0,#71EA7F
84.0,-56.0,78.0,#8BE91E
84.0,-54.0,12.0,#43EBB9
84.0,-54.0,120.0,#9BE800
84.0,-52.0,-22.0,#00ECF9
84.0,-52.0,-8.0,#00EBDF
84.0,-52.0,-4.0,#00EBD7
84.0,-52.0,46.0,#81E977
84.0,-50.0,26.0,#71E99F
84.0,-50.0,112.0,#A2E700
84.0,-48.0,124.0,#A8E600
84.0,-46.0,-12.0,#00E9E7
84.0,-46.0,-6.0,#36E9DB
84.0,-46.0,92.0,#A7E500
84.0,-46.0,104.0,#AAE500
84.0,-44.0,-2.0,#52E8D4
84.0,-44.0,112.0,#AFE400
84.0,-42.0,-8.0,#49E7DF
84.0,-42.0,38.0,#95E587
84.0,-40.0,-22.0,#00E7FA
84.0,-40.0,2.0,#6DE6CC
84.0,-40.0,80.0,#B0E316
84.0,-40.0,88.0,#B2E300
84.0,-38.0,-4.0,#68E5D8
84.0,-38.0,16.0,#89E4B2
84.0,-38.0,112.0,#BBE100
84.0,-36.0,-14.0,#57E5EB
84.0,-36.0,4.0,#7EE4C9
84.0,-36.0,8.0,#84E4C1
84.0,-36.0,34.0,#A1E290
84.0,-36.0,44.0,#A8E27C
84.0,-36.0,70.0,#B5E13F
84.0,-36.0,92.0,#BBE100
84.0,-34.0,-22.0,#45E5FA
84.0,-34.0,22.0,#9BE2A7
84.0,-34.0,86.0,#BEE000
84.0,-34.0,106.0,#C2E000
84.0,-34.0,126.0,#C4DF00
84.0,-32.0,-10.0,#72E3E3
84.0,-30.0,-14.0,#71E2EB
84.0,-30.0,6.0,#93E1C5
84.0,-30.0,40.0,#B2DF84
84.0,-30.0,50.0,#B8DF70
84.0,-30.0,64.0,#BFDE50
84.0,-28.0,-22.0,#65E2FA
84.0,-28.0,-18.0,#6FE2F2
84.0,-28.0,-6.0,#87E1DC
84.0,-28.0,44.0,#B9DE7C
84.0,-28.0,70.0,#C5DD40
84.0,-26.0,-10.0,#87E0E3
84.0,-26.0,4.0,#9BDFC9
84.0,-26.0,52.0,#C1DD6C
84.0,-24.0,-14.0,#86DFEB
84.0,-24.0,8.0,#A5DEC2
84.0,-24.0,30.0,#B8DD98
84.0,-24.0,56.0,#C7DC63
84.0,-24.0,64.0,#CADC50
84.0,-22.0,4.0,#A5DDC9
84.0,-22.0,20.0,#B5DCAB
84.0,-20.0,-14.0,#92DDEB
84.0,-20.0,8.0,#AEDCC2
84.0,-20.0,24.0,#BCDBA4
84.0,-20.0,108.0,#DBD900
84.0,-18.0,-2.0,#A8DCD5
84.0,-18.0,2.0,#ADDBCD
84.0,-18.0,40.0,#CAD985
84.0,-16.0,4.0,#B3DAC9
84.0,-16.0,22.0,#C3D9A8
84.0,-16.0,26.0,#C6D9A0
84.0,-14.0,-28.0,#8ADCFF
84.0,-14.0,-10.0,#A8DAE4
84.0,-14.0,6.0,#BAD9C6
84.0,-14.0,10.0,#BDD9BE
84.0,-12.0,-14.0,#A7D9EB
84.0,-12.0,24.0,#CCD7A4
84.0,-10.0,-28.0,#97D9FF
84.0,-10.0,-22.0,#A1D9FA
84.0,-10.0,-18.0,#A7D9F3
84.0,-10.0,-10.0,#B1D8E4
84.0,-10.0,26.0,#D2D6A0
84.0,-8.0,36.0,#DBD48D
84.0,-8.0,56.0,#E4D364
84.0,-6.0,-16.0,#B3D6EF
84.0,-6.0,-4.0,#C1D5D9
84.0,-6.0,0.0,#C5D5D1
84.0,-6.0,4.0,#C9D5CA
84.0,-4.0,-6.0,#C3D4DD
84.0,-4.0,-2.0,#C7D4D5
84.0,-4.0,2.0,#CBD4CE
84.0,-4.0,6.0,#CFD3C6
84.0,-2.0,-12.0,#C1D4E8
84.0,-2.0,-8.0,#C6D3E0
84.0,-2.0,36.0,#E6D18D
84.0,-2.0,82.0,#F5CF18
84.0,-2.0,126.0,#FACE00
84.0,0.0,-20.0,#BCD3F7
84.0,0.0,-12.0,#C6D2E8
84.0,0.0,-8.0,#CAD2E0
84.0,0.0,8.0,#D8D1C3
84.0,0.0,12.0,#DBD1BB
84.0,0.0,118.0,#FCCD00
84.0,2.0,26.0,#E8CFA1
84.0,2.0,34.0,#ECCE91
84.0,2.0,86.0,#FCCC00
84.0,4.0,-16.0,#CAD0EF
84.0,4.0,-12.0,#CED0E8
84.0,4.0,124.0,#FFCB00
84.0,6.0,-20.0,#CACFF7
84.0,6.0,-16.0,#CECFEF
84.0,6.0,-12.0,#D2CFE8
84.0,6.0,12.0,#E6CDBB
84.0,6.0,16.0,#E9CDB4
84.0,6.0,34.0,#F2CC92
84.0,6.0,64.0,#FDCA54
84.0,6.0,80.0,#FFCA25
84.0,6.0,88.0,#FFCA00
84.0,8.0,-16.0,#D2CEF0
84.0,8.0,-12.0,#D6CDE8
84.0,8.0,12.0,#EACCBB
84.0,8.0,16.0,#ECCBB4
84.0,10.0,34.0,#F9C992
84.0,10.0,62.0,#FFC859
84.0,10.0,78.0,#FFC82D
84.0,10.0,86.0,#FFC700
84.0,10.0,94.0,#FFC700
84.0,10.0,110.0,#FFC700
84.0,12.0,18.0,#F4C9B0
84.0,12.0,24.0,#F8C8A5
84.0,12.0,100.0,#FFC600
84.0,14.0,-2.0,#EBC9D6
84.0,14.0,22.0,#FAC7A9
84.0,14.0,52.0,#FFC66F
84.0,14.0,82.0,#FFC51E
84.0,14.0,106.0,#FFC400
84.0,16.0,-18.0,#E0C9F4
84.0,16.0,16.0,#FAC6B4
84.0,16.0,28.0,#FFC59E
84.0,16.0,112.0,#FFC300
84.0,18.0,-16.0,#E6C7F0
84.0,18.0,-12.0,#EAC7E8
84.0,18.0,24.0,#FFC4A5
84.0,18.0,34.0,#FFC492
84.0,18.0,102.0,#FFC200
84.0,20.0,18.0,#FFC3B1
84.0,20.0,30.0,#FFC29A
84.0,20.0,96.0,#FFC000
84.0,20.0,108.0,#FFC000
84.0,22.0,-18.0,#ECC5F4
84.0,22.0,-10.0,#F3C4E5
84.0,22.0,2.0,#FCC3CF
84.0,22.0,6.0,#FEC3C7
84.0,22.0,36.0,#FFC18F
84.0,22.0,52.0,#FFC06F
84.0,22.0,102.0,#FFBF00
84.0,24.0,34.0,#FFBF93
84.0,24.0,96.0,#FFBD00
84.0,26.0,-18.0,#F3C2F4
84.0,26.0,-10.0,#FAC1E5
84.0,28.0,28.0,#FFBD9E
84.0,30.0,-8.0,#FFBEE1
84.0,30.0,22.0,#FFBBAA
84.0,30.0,70.0,#FFB948
84.0,32.0,66.0,#FFB852
84.0,34.0,34.0,#FFB793
84.0,36.0,-8.0,#FFB9E2
84.0,42.0,-16.0,#FFB5F1
84.0,44.0,-26.0,#FFB4FF
84.0,48.0,-18.0,#FFAFF5
84.0,52.0,0.0,#FFAAD3
84.0,54.0,-22.0,#FFAAFC
85.0,-116.0,84.0,#00FF00
85.0,-110.0,82.0,#00FE00
85.0,-110.0,90.0,#00FE00
85.0,-108.0,96.0,#00FD00
85.0,-104.0,80.0,#00FC03
85.0,-104.0,88.0,#00FC00
85.0,-102.0,28.0,#00FD9B
85.0,-100.0,22.0,#00FDA7
85.0,-100.0,68.0,#00FB41
85.0,-98.0,74.0,#00FB2D
85.0,-96.0,82.0,#00FA00
85.0,-96.0,108.0,#00FA00
85.0,-92.0,52.0,#00F96A
85.0,-92.0,60.0,#00F957
85.0,-92.0,68.0,#00F942
85.0,-90.0,40.0,#00F984
85.0,-88.0,34.0,#00F990
85.0,-86.0,16.0,#00F9B3
85.0,-86.0,28.0,#00F89C
85.0,-84.0,22.0,#00F8A8
85.0,-84.0,60.0,#00F758
85.0,-84.0,80.0,#00F60C
85.0,-84.0,92.0,#23F600
85.0,-84.0,104.0,#31F600
85.0,-84.0,116.0,#39F600
85.0,-82.0,10.0,#00F8BF
85.0,-82.0,110.0,#42F500
85.0,-78.0,16.0,#00F6B4
85.0,-78.0,66.0,#2BF549
85.0,-78.0,86.0,#47F400
85.0,-78.0,98.0,#50F400
85.0,-76.0,60.0,#2EF459
85.0,-76.0,80.0,#4CF410
85.0,-76.0,92.0,#55F300
85.0,-76.0,104.0,#5BF300
85.0,-76.0,112.0,#5EF300
85.0,-74.0,20.0,#00F5AC
85.0,-74.0,28.0,#00F49C
85.0,-72.0,14.0,#00F4B8
85.0,-70.0,-12.0,#00F5E9
85.0,-70.0,32.0,#00F395
85.0,-70.0,48.0,#40F274
85.0,-70.0,64.0,#57F24F
85.0,-70.0,82.0,#66F100
85.0,-70.0,98.0,#6EF100
85.0,-70.0,108.0,#72F100
85.0,-68.0,18.0,#00F3B0
85.0,-64.0,-26.0,#00F4FF
85.0,-64.0,76.0,#77EF2A
85.0,-64.0,112.0,#84EF00
85.0,-62.0,16.0,#00F1B4
85.0,-62.0,22.0,#2FF0A8
85.0,-60.0,2.0,#00F1CF
85.0,-58.0,108.0,#93ED00
85.0,-56.0,18.0,#4CEEB0
85.0,-56.0,84.0,#90EC00
85.0,-54.0,36.0,#73ED8D
85.0,-52.0,-26.0,#00F0FF
85.0,-52.0,-14.0,#00EFED
85.0,-52.0,22.0,#67EDA9
85.0,-52.0,88.0,#9BEA00
85.0,-50.0,0.0,#36EDD3
85.0,-50.0,78.0,#9DEA24
85.0,-46.0,-26.0,#00EDFF
85.0,-46.0,10.0,#68EBC0
85.0,-46.0,18.0,#76EAB1
85.0,-46.0,70.0,#A2E841
85.0,-46.0,82.0,#A7E809
85.0,-44.0,-20.0,#00ECF9
85.0,-44.0,76.0,#A9E72D
85.0,-42.0,14.0,#7DE9B8
85.0,-42.0,28.0,#8FE89E
85.0,-42.0,120.0,#B7E600
85.0,-40.0,-26.0,#00EBFF
85.0,-40.0,32.0,#98E796
85.0,-36.0,-8.0,#6AE8E2
85.0,-36.0,0.0,#7AE7D3
85.0,-36.0,120.0,#C3E300
85.0,-34.0,-26.0,#34E8FF
85.0,-34.0,48.0,#B1E476
85.0,-32.0,94.0,#C6E200
85.0,-30.0,2.0,#90E4D0
85.0,-30.0,118.0,#CEE000
85.0,-28.0,18.0,#A8E2B1
85.0,-28.0,30.0,#B2E29A
85.0,-28.0,88.0,#CDE000
85.0,-28.0,124.0,#D2DF00
85.0,-24.0,12.0,#ACE1BD
85.0,-24.0,44.0,#C4DF7F
85.0,-24.0,82.0,#D2DE15
85.0,-24.0,118.0,#D8DD00
85.0,-22.0,-24.0,#7BE2FF
85.0,-22.0,-8.0,#98E1E3
85.0,-22.0,-4.0,#9EE1DB
85.0,-22.0,16.0,#B4DFB5
85.0,-22.0,126.0,#DCDC00
85.0,-20.0,-18.0,#8EE1F5
85.0,-20.0,12.0,#B5DFBD
85.0,-20.0,50.0,#CFDD73
85.0,-18.0,-24.0,#89E0FF
85.0,-18.0,16.0,#BDDDB6
85.0,-18.0,58.0,#D6DB62
85.0,-16.0,-20.0,#96DFF9
85.0,-16.0,-16.0,#9DDEF2
85.0,-16.0,126.0,#E6D900
85.0,-14.0,-4.0,#B2DCDB
85.0,-14.0,0.0,#B6DCD4
85.0,-14.0,56.0,#DCD966
85.0,-12.0,16.0,#C9DAB6
85.0,-12.0,20.0,#CCDAAE
85.0,-12.0,34.0,#D5D993
85.0,-12.0,40.0,#D9D988
85.0,-12.0,46.0,#DCD97C
85.0,-12.0,76.0,#E6D833
85.0,-12.0,88.0,#E9D700
85.0,-12.0,116.0,#ECD700
85.0,-10.0,-4.0,#BBDADB
85.0,-10.0,50.0,#E1D774
85.0,-10.0,82.0,#EBD61A
85.0,-8.0,-6.0,#BDD9DF
85.0,-8.0,-2.0,#C2D9D8
85.0,-8.0,18.0,#D3D8B2
85.0,-8.0,28.0,#D9D79F
85.0,-8.0,74.0,#ECD53A
85.0,-8.0,110.0,#F2D500
85.0,-6.0,-24.0,#ABDAFF
85.0,-6.0,-12.0,#BBD9EB
85.0,-6.0,-8.0,#C0D8E3
85.0,-6.0,8.0,#CFD7C5
85.0,-6.0,12.0,#D2D7BE
85.0,-6.0,20.0,#D8D6AE
85.0,-6.0,24.0,#DBD6A7
85.0,-6.0,44.0,#E5D580
85.0,-6.0,68.0,#EED44B
85.0,-6.0,116.0,#F6D400
85.0,-4.0,-22.0,#B3D8FD
85.0,-4.0,16.0,#D9D6B6
85.0,-4.0,32.0,#E3D598
85.0,-4.0,48.0,#EAD478
85.0,-2.0,-20.0,#BBD7FA
85.0,-2.0,-16.0,#C0D7F2
85.0,-2.0,12.0,#DAD5BE
85.0,-2.0,42.0,#EBD384
85.0,-2.0,62.0,#F3D25A
85.0,-2.0,110.0,#FCD100
85.0,0.0,-24.0,#BAD6FF
85.0,0.0,0.0,#D4D4D4
85.0,0.0,24.0,#E6D3A7
85.0,0.0,48.0,#F1D278
85.0,0.0,56.0,#F4D168
85.0,2.0,-20.0,#C4D5FA
85.0,2.0,-16.0,#C8D4F2
85.0,2.0,-12.0,#CDD4EB
85.0,2.0,12.0,#E2D2BE
85.0,2.0,62.0,#F9D05B
85.0,2.0,70.0,#FCD047
85.0,2.0,78.0,#FDCF2F
85.0,4.0,12.0,#E5D1BE
85.0,4.0,16.0,#E8D1B6
85.0,4.0,48.0,#F8CF79
85.0,4.0,56.0,#FBCF68
85.0,4.0,108.0,#FFCE00
85.0,6.0,72.0,#FFCD42
85.0,6.0,116.0,#FFCC00
85.0,8.0,48.0,#FFCD79
85.0,8.0,56.0,#FFCC68
85.0,8.0,102.0,#FFCB00
85.0,8.0,122.0,#FFCB00
85.0,10.0,-22.0,#D3D0FE
85.0,10.0,-10.0,#DFCFE7
85.0,10.0,44.0,#FFCB81
85.0,12.0,-20.0,#D9CEFA
85.0,12.0,-16.0,#DDCEF3
85.0,12.0,58.0,#FFCA64
85.0,14.0,-24.0,#D9CDFF
85.0,14.0,-14.0,#E3CDEF
85.0,14.0,46.0,#FFC97D
85.0,14.0,64.0,#FFC857
85.0,14.0,90.0,#FFC700
85.0,16.0,-22.0,#DFCCFE
85.0,16.0,-8.0,#ECCBE4
85.0,16.0,20.0,#FFC9AF
85.0,16.0,36.0,#FFC891
85.0,16.0,96.0,#FFC600
85.0,18.0,14.0,#FFC8BB
85.0,18.0,48.0,#FFC67A
85.0,18.0,118.0,#FFC400
85.0,20.0,12.0,#FFC6BF
85.0,20.0,22.0,#FFC6AC
85.0,20.0,124.0,#FFC300
85.0,22.0,-6.0,#F9C6E0
85.0,22.0,16.0,#FFC5B7
85.0,22.0,74.0,#FFC23F
85.0,22.0,82.0,#FFC225
85.0,22.0,90.0,#FFC200
85.0,22.0,114.0,#FFC100
85.0,24.0,10.0,#FFC4C3
85.0,24.0,24.0,#FFC3A8
85.0,24.0,58.0,#FFC166
85.0,24.0,108.0,#FFC000
85.0,26.0,2.0,#FFC3D1
85.0,26.0,6.0,#FFC2CA
85.0,26.0,48.0,#FFC07A
85.0,26.0,90.0,#FFBF00
85.0,26.0,102.0,#FFBE00
85.0,28.0,-24.0,#F4C4FF
85.0,28.0,10.0,#FFC0C3
85.0,28.0,40.0,#FFBF8A
85.0,28.0,54.0,#FFBE6E
85.0,28.0,60.0,#FFBE62
85.0,28.0,96.0,#FFBD00
85.0,30.0,4.0,#FFBFCE
85.0,30.0,46.0,#FFBD7F
85.0,30.0,78.0,#FFBC35
85.0,30.0,86.0,#FFBB13
85.0,32.0,-14.0,#FFBFEF
85.0,32.0,52.0,#FFBB73
85.0,32.0,60.0,#FFBB62
85.0,32.0,92.0,#FFBA00
85.0,34.0,2.0,#FFBCD2
85.0,34.0,76.0,#FFB83C
85.0,36.0,6.0,#FFBACA
85.0,36.0,24.0,#FFB9A9
85.0,36.0,58.0,#FFB767
85.0,36.0,66.0,#FFB755
85.0,36.0,72.0,#FFB747
85.0,38.0,-24.0,#FFBCFF
85.0,38.0,-20.0,#FFBBFB
85.0,38.0,34.0,#FFB796
85.0,38.0,40.0,#FFB68B
85.0,38.0,54.0,#FFB66F
85.0,40.0,0.0,#FFB8D6
85.0,40.0,46.0,#FFB47F
85.0,42.0,-10.0,#FFB7E8
85.0,44.0,36.0,#FFB193
85.0,46.0,-6.0,#FFB3E1
85.0,46.0,-2.0,#FFB2DA
85.0,46.0,2.0,#FFB2D2
85.0,48.0,6.0,#FFB0CB
85.0,52.0,-8.0,#FFADE5
86.0,-112.0,58.0,#00FF5E
86.0,-110.0,66.0,#00FF49
86.0,-110.0,74.0,#00FF2F
86.0,-106.0,36.0,#00FF8E
86.0,-104.0,58.0,#00FF5E
86.0,-100.0,34.0,#00FF92
86.0,-100.0,100.0,#00FE00
86.0,-98.0,44.0,#00FE7E
86.0,-94.0,28.0,#00FE9E
86.0,-94.0,98.0,#00FC00
86.0,-92.0,16.0,#00FEB6
86.0,-90.0,22.0,#00FDAA
86.0,-86.0,72.0,#00FA39
86.0,-80.0,2.0,#00FBD1
86.0,-80.0,32.0,#00F997
86.0,-78.0,38.0,#00F88B
86.0,-76.0,-2.0,#00FAD9
86.0,-70.0,0.0,#00F7D5
86.0,-68.0,56.0,#5AF465
86.0,-68.0,90.0,#75F400
86.0,-68.0,124.0,#7EF300
86.0,-66.0,-4.0,#00F6DD
86.0,-66.0,8.0,#00F6C6
86.0,-64.0,68.0,#74F248
86.0,-62.0,82.0,#83F10A
86.0,-62.0,94.0,#88F100
86.0,-62.0,120.0,#8EF100
86.0,-60.0,30.0,#56F29C
86.0,-58.0,-12.0,#00F4EC
86.0,-58.0,8.0,#0CF3C6
86.0,-58.0,62.0,#82F058
86.0,-58.0,70.0,#87F043
86.0,-54.0,52.0,#86EF6F
86.0,-52.0,4.0,#3CF0CE
86.0,-52.0,58.0,#90EE62
86.0,-52.0,66.0,#95EE4E
86.0,-50.0,30.0,#7CEE9C
86.0,-48.0,34.0,#87ED94
86.0,-46.0,-16.0,#00EFF4
86.0,-46.0,6.0,#63EECA
86.0,-44.0,44.0,#9BEB80
86.0,-42.0,96.0,#B6E900
86.0,-40.0,-14.0,#47EDF0
86.0,-40.0,6.0,#7AEBCA
86.0,-40.0,10.0,#81EBC3
86.0,-38.0,22.0,#96E9AC
86.0,-38.0,40.0,#A6E989
86.0,-36.0,-20.0,#48EBFC
86.0,-36.0,12.0,#90E9BF
86.0,-36.0,26.0,#9FE8A4
86.0,-34.0,64.0,#BCE655
86.0,-32.0,28.0,#ABE6A1
86.0,-32.0,34.0,#AFE695
86.0,-32.0,70.0,#C3E546
86.0,-30.0,-2.0,#8DE7DA
86.0,-30.0,58.0,#C2E463
86.0,-30.0,76.0,#C9E433
86.0,-28.0,24.0,#B0E5A9
86.0,-26.0,-4.0,#96E5DE
86.0,-26.0,0.0,#9BE5D6
86.0,-26.0,108.0,#D7E100
86.0,-24.0,-20.0,#80E6FC
86.0,-22.0,0.0,#A6E3D6
86.0,-22.0,72.0,#D6E041
86.0,-20.0,28.0,#C5E0A1
86.0,-20.0,34.0,#C9E096
86.0,-18.0,-10.0,#A3E2E9
86.0,-18.0,-6.0,#A8E2E2
86.0,-18.0,20.0,#C3E0B1
86.0,-18.0,72.0,#DDDE42
86.0,-16.0,30.0,#CEDE9E
86.0,-16.0,36.0,#D2DE92
86.0,-16.0,42.0,#D5DE86
86.0,-16.0,48.0,#D8DE7A
86.0,-16.0,82.0,#E4DD1D
86.0,-16.0,98.0,#E7DC00
86.0,-16.0,106.0,#E8DC00
86.0,-14.0,-24.0,#98E1FF
86.0,-14.0,68.0,#E3DC4D
86.0,-12.0,-20.0,#A4DFFC
86.0,-12.0,6.0,#C4DDCB
86.0,-12.0,100.0,#EEDA00
86.0,-10.0,8.0,#CADCC8
86.0,-10.0,64.0,#E9DA57
86.0,-10.0,126.0,#F4D900
86.0,-8.0,-20.0,#AFDDFC
86.0,-8.0,-16.0,#B4DDF5
86.0,-8.0,90.0,#F3D800
86.0,-6.0,96.0,#F7D700
86.0,-4.0,-8.0,#C7DAE6
86.0,-4.0,-4.0,#CBDADE
86.0,-4.0,0.0,#CFD9D7
86.0,-4.0,4.0,#D2D9CF
86.0,-4.0,8.0,#D6D9C8
86.0,-4.0,88.0,#F9D600
86.0,-2.0,26.0,#E6D7A6
86.0,-2.0,94.0,#FDD400
86.0,-2.0,102.0,#FED400
86.0,0.0,30.0,#ECD59E
86.0,2.0,40.0,#F4D38B
86.0,2.0,98.0,#FFD200
86.0,6.0,40.0,#FBD18B
86.0,12.0,68.0,#FFCC50
86.0,14.0,118.0,#FFCA00
86.0,16.0,76.0,#FFC93C
86.0,18.0,58.0,#FFC868
86.0,20.0,-20.0,#ECCCFD
86.0,20.0,64.0,#FFC65B
86.0,22.0,-14.0,#F5CAF2
86.0,22.0,42.0,#FFC688
86.0,22.0,48.0,#FFC67D
86.0,24.0,-24.0,#F0C9FF
86.0,24.0,-2.0,#FFC7DC
86.0,24.0,66.0,#FFC357
86.0,26.0,-14.0,#FDC7F2
86.0,26.0,-6.0,#FFC6E3
86.0,26.0,122.0,#FFC100
86.0,28.0,14.0,#FFC3BE
86.0,30.0,-4.0,#FFC3E0
86.0,30.0,0.0,#FFC3D8
86.0,30.0,18.0,#FFC1B7
86.0,32.0,-18.0,#FFC3FA
86.0,32.0,8.0,#FFC0C9
86.0,34.0,-2.0,#FFC0DC
86.0,34.0,12.0,#FFBEC2
86.0,34.0,16.0,#FFBEBB
86.0,36.0,-12.0,#FFBFEF
86.0,36.0,20.0,#FFBCB3
86.0,38.0,10.0,#FFBBC6
86.0,40.0,-4.0,#FFBBE0
86.0,40.0,4.0,#FFBAD1
86.0,40.0,14.0,#FFB9BF
86.0,40.0,18.0,#FFB9B7
86.0,42.0,8.0,#FFB8CA
86.0,42.0,22.0,#FFB7B0
86.0,42.0,26.0,#FFB7A8
86.0,42.0,30.0,#FFB6A1
86.0,44.0,-22.0,#FFB9FF
86.0,44.0,12.0,#FFB6C2
86.0,46.0,16.0,#FFB4BB
86.0,46.0,20.0,#FFB3B4
86.0,48.0,-14.0,#FFB5F3
87.0,-98.0,52.0,#00FF6F
87.0,-98.0,60.0,#00FF5D
87.0,-94.0,36.0,#00FF91
87.0,-90.0,10.0,#00FFC4
87.0,-90.0,46.0,#00FF7D
87.0,-86.0,4.0,#00FFD0
87.0,-86.0,52.0,#00FD70
87.0,-84.0,44.0,#00FD81
87.0,-80.0,26.0,#00FCA5
87.0,-80.0,54.0,#00FB6C
87.0,-80.0,74.0,#36FB36
87.0,-78.0,46.0,#00FB7D
87.0,-76.0,-8.0,#00FDE7
87.0,-76.0,120.0,#68F900
87.0,-74.0,72.0,#55F93E
87.0,-72.0,42.0,#2AF986
87.0,-70.0,116.0,#7BF700
87.0,-68.0,-16.0,#00FBF6
87.0,-66.0,38.0,#4BF78E
87.0,-64.0,-20.0,#00FAFE
87.0,-62.0,42.0,#64F586
87.0,-62.0,100.0,#8DF400
87.0,-60.0,-2.0,#00F7DC
87.0,-60.0,36.0,#64F592
87.0,-60.0,48.0,#73F47A
87.0,-58.0,-22.0,#00F8FF
87.0,-56.0,-8.0,#00F6E7
87.0,-56.0,76.0,#93F233
87.0,-54.0,-4.0,#00F5E0
87.0,-54.0,46.0,#84F27E
87.0,-54.0,116.0,#A4F100
87.0,-52.0,-20.0,#00F5FE
87.0,-52.0,14.0,#5DF3BE
87.0,-52.0,26.0,#73F2A6
87.0,-52.0,96.0,#A4F000
87.0,-52.0,124.0,#A9F000
87.0,-50.0,-10.0,#00F3EB
87.0,-50.0,108.0,#ABEF00
87.0,-48.0,-6.0,#34F2E4
87.0,-48.0,100.0,#AEEE00
87.0,-46.0,22.0,#81F0AE
87.0,-46.0,88.0,#AFEE00
87.0,-46.0,116.0,#B5ED00
87.0,-44.0,-10.0,#41F1EB
87.0,-44.0,2.0,#66F0D5
87.0,-44.0,54.0,#A4EE6E
87.0,-44.0,62.0,#A9ED5C
87.0,-44.0,104.0,#B7ED00
87.0,-42.0,-6.0,#5BF0E4
87.0,-40.0,-2.0,#6EEFDC
87.0,-40.0,18.0,#8EEDB6
87.0,-40.0,48.0,#AAEC7B
87.0,-40.0,82.0,#BAEB1B
87.0,-40.0,108.0,#C0EB00
87.0,-38.0,54.0,#B2EB6E
87.0,-38.0,62.0,#B6EB5C
87.0,-38.0,70.0,#B9EB48
87.0,-36.0,76.0,#C0EA36
87.0,-36.0,88.0,#C3E900
87.0,-34.0,42.0,#B3EA88
87.0,-34.0,56.0,#BBE96A
87.0,-34.0,82.0,#C6E81D
87.0,-34.0,102.0,#CAE800
87.0,-34.0,110.0,#CCE800
87.0,-32.0,-14.0,#72ECF3
87.0,-32.0,8.0,#98EACA
87.0,-32.0,14.0,#A0EABE
87.0,-32.0,22.0,#A8EAAF
87.0,-30.0,-6.0,#89EAE4
87.0,-28.0,4.0,#9EE9D1
87.0,-28.0,10.0,#A5E8C6
87.0,-28.0,36.0,#BCE794
87.0,-28.0,42.0,#C0E788
87.0,-28.0,64.0,#CBE658
87.0,-28.0,100.0,#D5E500
87.0,-26.0,-14.0,#88E9F3
87.0,-26.0,20.0,#B4E7B3
87.0,-26.0,70.0,#D1E549
87.0,-26.0,78.0,#D4E531
87.0,-24.0,6.0,#ABE7CE
87.0,-24.0,24.0,#BCE6AB
87.0,-24.0,94.0,#DBE300
87.0,-22.0,-14.0,#94E7F4
87.0,-22.0,62.0,#D6E35E
87.0,-22.0,102.0,#E0E200
87.0,-22.0,110.0,#E1E200
87.0,-20.0,6.0,#B4E5CE
87.0,-20.0,44.0,#D1E384
87.0,-20.0,88.0,#E1E100
87.0,-20.0,96.0,#E3E100
87.0,-18.0,-14.0,#A0E5F4
87.0,-16.0,-2.0,#B5E3DD
87.0,-16.0,2.0,#B9E3D6
87.0,-16.0,6.0,#BEE2CE
87.0,-16.0,10.0,#C1E2C6
87.0,-16.0,90.0,#E8DF00
87.0,-16.0,114.0,#ECDF00
87.0,-14.0,-14.0,#ABE3F4
87.0,-14.0,12.0,#C8E1C3
87.0,-14.0,24.0,#D1E0AC
87.0,-12.0,-6.0,#BAE1E5
87.0,-12.0,-2.0,#BEE1DD
87.0,-12.0,2.0,#C3E1D6
87.0,-12.0,28.0,#D7DFA4
87.0,-12.0,108.0,#F2DD00
87.0,-10.0,-14.0,#B5E1F4
87.0,-10.0,0.0,#C5E0DA
87.0,-10.0,4.0,#C9DFD2
87.0,-10.0,20.0,#D6DEB4
87.0,-10.0,58.0,#EADD68
87.0,-8.0,2.0,#CBDED6
87.0,-8.0,6.0,#CFDECE
87.0,-8.0,10.0,#D2DEC7
87.0,-8.0,14.0,#D5DEBF
87.0,-8.0,22.0,#DBDDB0
87.0,-8.0,32.0,#E1DD9D
87.0,-8.0,38.0,#E5DC91
87.0,-8.0,102.0,#F8DB00
87.0,-6.0,16.0,#DBDCBB
87.0,-6.0,28.0,#E3DCA5
87.0,-6.0,56.0,#F0DA6C
87.0,-6.0,80.0,#F7DA2D
87.0,-4.0,-14.0,#C3DDF4
87.0,-4.0,22.0,#E3DBB0
87.0,-2.0,-10.0,#CCDCED
87.0,-2.0,-6.0,#D0DCE5
87.0,-2.0,-2.0,#D4DBDE
87.0,-2.0,2.0,#D8DBD6
87.0,-2.0,6.0,#DBDBCF
87.0,-2.0,18.0,#E4DAB8
87.0,-2.0,74.0,#FCD841
87.0,0.0,-18.0,#C7DBFC
87.0,0.0,-14.0,#CCDBF4
87.0,0.0,-10.0,#D0DBED
87.0,0.0,-6.0,#D4DAE5
87.0,0.0,-2.0,#D8DADE
87.0,0.0,2.0,#DCDAD6
87.0,0.0,6.0,#DFD9CF
87.0,0.0,10.0,#E2D9C7
87.0,0.0,14.0,#E5D9C0
87.0,0.0,18.0,#E8D9B8
87.0,2.0,-6.0,#D8D9E5
87.0,2.0,-2.0,#DCD9DE
87.0,2.0,2.0,#E0D8D6
87.0,2.0,6.0,#E3D8CF
87.0,2.0,18.0,#EBD7B8
87.0,2.0,22.0,#EED7B0
87.0,2.0,52.0,#FCD676
87.0,4.0,-18.0,#D0D9FC
87.0,4.0,-14.0,#D4D9F4
87.0,4.0,-10.0,#D9D8ED
87.0,4.0,-6.0,#DCD8E5
87.0,4.0,-2.0,#E0D8DE
87.0,4.0,2.0,#E3D7D6
87.0,4.0,6.0,#E7D7CF
87.0,4.0,22.0,#F1D6B1
87.0,4.0,28.0,#F5D6A5
87.0,6.0,-22.0,#D0D8FF
87.0,6.0,-18.0,#D4D8FC
87.0,6.0,-14.0,#D9D7F4
87.0,6.0,-10.0,#DDD7ED
87.0,6.0,-6.0,#E0D7E5
87.0,6.0,-2.0,#E4D6DE
87.0,6.0,2.0,#E7D6D6
87.0,6.0,6.0,#EAD6CF
87.0,6.0,10.0,#EDD5C7
87.0,6.0,14.0,#F0D5C0
87.0,6.0,18.0,#F3D5B8
87.0,6.0,26.0,#F7D4A9
87.0,6.0,32.0,#FAD49E
87.0,6.0,52.0,#FFD376
87.0,6.0,60.0,#FFD365
87.0,6.0,84.0,#FFD21F
87.0,6.0,92.0,#FFD200
87.0,8.0,-18.0,#D9D6FC
87.0,8.0,-14.0,#DDD6F4
87.0,8.0,-10.0,#E1D6ED
87.0,8.0,-6.0,#E4D5E5
87.0,8.0,-2.0,#E8D5DE
87.0,8.0,2.0,#EBD5D6
87.0,8.0,6.0,#EED4CF
87.0,8.0,10.0,#F1D4C7
87.0,8.0,14.0,#F4D4C0
87.0,8.0,18.0,#F6D4B8
87.0,8.0,22.0,#F9D3B1
87.0,8.0,30.0,#FDD3A1
87.0,10.0,-4.0,#EAD4E2
87.0,10.0,0.0,#EDD4DA
87.0,10.0,4.0,#F0D3D3
87.0,10.0,8.0,#F3D3CB
87.0,10.0,14.0,#F7D3C0
87.0,10.0,26.0,#FED2A9
87.0,10.0,36.0,#FFD196
87.0,10.0,74.0,#FFD043
87.0,10.0,82.0,#FFD029
87.0,10.0,90.0,#FFD000
87.0,10.0,114.0,#FFCF00
87.0,12.0,-12.0,#E7D3F1
87.0,12.0,-6.0,#ECD3E6
87.0,12.0,-2.0,#EFD2DE
87.0,12.0,2.0,#F3D2D7
87.0,12.0,6.0,#F5D2CF
87.0,12.0,12.0,#F9D1C4
87.0,12.0,22.0,#FFD1B1
87.0,12.0,32.0,#FFD09E
87.0,12.0,104.0,#FFCE00
87.0,14.0,-10.0,#ECD2ED
87.0,14.0,-4.0,#F2D1E2
87.0,14.0,0.0,#F5D1DA
87.0,14.0,4.0,#F8D1D3
87.0,14.0,10.0,#FCD0C8
87.0,14.0,16.0,#FFD0BC
87.0,14.0,26.0,#FFCFA9
87.0,14.0,30.0,#FFCFA2
87.0,14.0,38.0,#FFCF92
87.0,14.0,110.0,#FFCD00
87.0,16.0,8.0,#FECFCB
87.0,16.0,24.0,#FFCEAD
87.0,16.0,104.0,#FFCB00
87.0,18.0,-6.0,#F7CFE6
87.0,18.0,-2.0,#FACEDE
87.0,18.0,2.0,#FDCED7
87.0,18.0,6.0,#FFCECF
87.0,18.0,18.0,#FFCDB9
87.0,18.0,30.0,#FFCCA2
87.0,18.0,42.0,#FFCC8B
87.0,18.0,70.0,#FFCA4F
87.0,18.0,86.0,#FFCA18
87.0,18.0,110.0,#FFCA00
87.0,20.0,26.0,#FFCBAA
87.0,20.0,100.0,#FFC800
87.0,22.0,20.0,#FFCAB5
87.0,22.0,32.0,#FFC99E
87.0,24.0,-18.0,#F8CBFC
87.0,24.0,28.0,#FFC8A6
87.0,26.0,22.0,#FFC7B2
87.0,26.0,34.0,#FFC69B
87.0,26.0,72.0,#FFC44B
87.0,26.0,80.0,#FFC434
87.0,30.0,26.0,#FFC3AA
87.0,30.0,34.0,#FFC39B
87.0,34.0,-22.0,#FFC4FF
87.0,34.0,26.0,#FFC0AA
87.0,34.0,32.0,#FFC09F
87.0,34.0,40.0,#FFBF90
87.0,34.0,46.0,#FFBF84
87.0,36.0,-6.0,#FFC1E6
87.0,38.0,-16.0,#FFC0F9
87.0,42.0,-14.0,#FFBDF6
87.0,46.0,-18.0,#FFBAFD
88.0,-104.0,66.0,#00FF50
88.0,-102.0,72.0,#00FF3E
88.0,-100.0,78.0,#00FF27
88.0,-100.0,86.0,#00FF00
88.0,-98.0,92.0,#00FF00
88.0,-92.0,54.0,#00FF6E
88.0,-92.0,74.0,#00FF38
88.0,-92.0,82.0,#00FF0F
88.0,-90.0,88.0,#00FF00
88.0,-90.0,104.0,#00FF00
88.0,-88.0,60.0,#00FF60
88.0,-88.0,94.0,#08FF00
88.0,-86.0,66.0,#00FF51
88.0,-84.0,14.0,#00FFBF
88.0,-84.0,110.0,#46FF00
88.0,-82.0,86.0,#3EFE00
88.0,-82.0,100.0,#4AFE00
88.0,-80.0,20.0,#00FFB4
88.0,-80.0,60.0,#15FE61
88.0,-80.0,94.0,#50FE00
88.0,-78.0,8.0,#00FFCB
88.0,-78.0,108.0,#61FD00
88.0,-76.0,14.0,#00FFC0
88.0,-76.0,82.0,#59FC15
88.0,-74.0,22.0,#00FEB0
88.0,-74.0,58.0,#47FC66
88.0,-74.0,100.0,#6CFB00
88.0,-72.0,6.0,#00FECF
88.0,-72.0,28.0,#00FDA5
88.0,-72.0,48.0,#40FC7C
88.0,-72.0,64.0,#59FB57
88.0,-70.0,12.0,#00FDC4
88.0,-70.0,34.0,#24FC99
88.0,-70.0,78.0,#6EFA2C
88.0,-66.0,4.0,#00FCD3
88.0,-66.0,24.0,#20FBAD
88.0,-64.0,-8.0,#00FCEA
88.0,-62.0,12.0,#00FAC4
88.0,-60.0,16.0,#38F9BC
88.0,-60.0,22.0,#4BF8B1
88.0,-60.0,56.0,#7EF76B
88.0,-58.0,-16.0,#00FAF9
88.0,-58.0,2.0,#00F9D7
88.0,-58.0,126.0,#9FF500
88.0,-54.0,20.0,#64F6B5
88.0,-54.0,40.0,#81F58D
88.0,-50.0,8.0,#5CF5CC
88.0,-50.0,80.0,#A6F227
88.0,-48.0,38.0,#90F392
88.0,-48.0,50.0,#9BF279
88.0,-46.0,72.0,#ACF144
88.0,-44.0,78.0,#B3F031
88.0,-42.0,34.0,#9DF09A
88.0,-40.0,116.0,#C4EE00
88.0,-40.0,124.0,#C5EE00
88.0,-38.0,36.0,#A9EF96
88.0,-36.0,96.0,#C8EC00
88.0,-34.0,-4.0,#83EFE3
88.0,-34.0,0.0,#8AEFDC
88.0,-34.0,118.0,#D0EB00
88.0,-34.0,126.0,#D0EB00
88.0,-32.0,-20.0,#66EFFF
88.0,-32.0,18.0,#A7EDB9
88.0,-30.0,90.0,#D2E900
88.0,-28.0,120.0,#DBE800
88.0,-26.0,14.0,#B1EAC1
88.0,-26.0,30.0,#BFE9A3
88.0,-26.0,48.0,#CBE87F
88.0,-26.0,54.0,#CEE872
88.0,-26.0,84.0,#D8E718
88.0,-24.0,-2.0,#A4EAE0
88.0,-24.0,126.0,#E2E600
88.0,-22.0,10.0,#B7E8C9
88.0,-22.0,14.0,#BBE8C1
88.0,-22.0,18.0,#BEE8BA
88.0,-22.0,54.0,#D5E672
88.0,-20.0,-4.0,#ABE8E4
88.0,-20.0,80.0,#E2E42E
88.0,-20.0,120.0,#E9E400
88.0,-18.0,-20.0,#99E8FF
88.0,-18.0,0.0,#B5E7DC
88.0,-18.0,54.0,#DDE472
88.0,-18.0,66.0,#E1E457
88.0,-18.0,126.0,#EDE300
88.0,-16.0,60.0,#E3E366
88.0,-14.0,-8.0,#B5E5EB
88.0,-14.0,16.0,#CEE4BE
88.0,-14.0,20.0,#D1E3B6
88.0,-14.0,52.0,#E3E277
88.0,-12.0,44.0,#E3E188
88.0,-12.0,72.0,#EEE049
88.0,-10.0,-8.0,#BFE3EB
88.0,-10.0,12.0,#D3E2C6
88.0,-10.0,48.0,#E9E080
88.0,-10.0,78.0,#F3DF37
88.0,-8.0,26.0,#E1E0AB
88.0,-8.0,52.0,#EEDF77
88.0,-8.0,68.0,#F4DE53
88.0,-8.0,118.0,#FDDD00
88.0,-6.0,-20.0,#B9E2FF
88.0,-6.0,-4.0,#CCE1E4
88.0,-6.0,0.0,#D0E0DC
88.0,-6.0,4.0,#D4E0D5
88.0,-6.0,112.0,#FFDC00
88.0,-6.0,124.0,#FFDC00
88.0,-4.0,-18.0,#C1E0FE
88.0,-4.0,-2.0,#D3DFE0
88.0,-4.0,2.0,#D6DFD9
88.0,-4.0,6.0,#DADFD1
88.0,-4.0,14.0,#E0DEC2
88.0,-4.0,18.0,#E3DEBB
88.0,-4.0,38.0,#EFDD94
88.0,-4.0,64.0,#F9DC5D
88.0,-2.0,30.0,#EEDCA4
88.0,-2.0,54.0,#F9DB74
88.0,-2.0,118.0,#FFDA00
88.0,0.0,26.0,#F0DBAB
88.0,0.0,34.0,#F4DB9C
88.0,0.0,60.0,#FFDA67
88.0,0.0,110.0,#FFD800
88.0,0.0,126.0,#FFD800
88.0,2.0,30.0,#F5DAA4
88.0,2.0,66.0,#FFD859
88.0,2.0,74.0,#FFD845
88.0,2.0,82.0,#FFD82B
88.0,2.0,90.0,#FFD800
88.0,4.0,34.0,#FBD89C
88.0,4.0,44.0,#FFD889
88.0,4.0,104.0,#FFD600
88.0,4.0,116.0,#FFD600
88.0,6.0,66.0,#FFD65A
88.0,6.0,76.0,#FFD540
88.0,6.0,124.0,#FFD500
88.0,8.0,46.0,#FFD585
88.0,8.0,98.0,#FFD400
88.0,8.0,106.0,#FFD300
88.0,10.0,52.0,#FFD379
88.0,10.0,62.0,#FFD363
88.0,12.0,-18.0,#E4D7FF
88.0,12.0,18.0,#FFD4BB
88.0,12.0,46.0,#FFD285
88.0,14.0,52.0,#FFD179
88.0,14.0,82.0,#FFD02E
88.0,14.0,126.0,#FFCF00
88.0,16.0,-20.0,#EAD4FF
88.0,16.0,-16.0,#EED4FB
88.0,16.0,48.0,#FFCF81
88.0,18.0,-14.0,#F3D2F8
88.0,18.0,-10.0,#F7D2F0
88.0,18.0,122.0,#FFCC00
88.0,20.0,50.0,#FFCD7E
88.0,22.0,-10.0,#FECFF0
88.0,22.0,2.0,#FFCEDA
88.0,22.0,6.0,#FFCED2
88.0,22.0,56.0,#FFCB72
88.0,24.0,14.0,#FFCCC3
88.0,24.0,38.0,#FFCA96
88.0,24.0,88.0,#FFC814
88.0,24.0,96.0,#FFC800
88.0,26.0,-10.0,#FFCCF0
88.0,26.0,18.0,#FFCABC
88.0,26.0,44.0,#FFC88A
88.0,26.0,58.0,#FFC86E
88.0,28.0,28.0,#FFC8A9
88.0,28.0,50.0,#FFC77E
88.0,28.0,64.0,#FFC661
88.0,30.0,-8.0,#FFC9ED
88.0,30.0,22.0,#FFC6B5
88.0,30.0,40.0,#FFC592
88.0,30.0,56.0,#FFC572
88.0,32.0,-12.0,#FFC8F4
89.0,-88.0,30.0,#00FFA3
89.0,-86.0,22.0,#00FFB3
89.0,-82.0,36.0,#00FF97
89.0,-74.0,0.0,#00FFDD
89.0,-74.0,90.0,#6BFF00
89.0,-70.0,-6.0,#00FFE9
89.0,-68.0,-2.0,#00FFE1
89.0,-68.0,20.0,#00FFB7
89.0,-68.0,70.0,#72FD4B
89.0,-68.0,94.0,#80FC00
89.0,-68.0,106.0,#85FC00
89.0,-66.0,52.0,#68FC76
89.0,-66.0,84.0,#82FC0F
89.0,-66.0,120.0,#8DFB00
89.0,-62.0,30.0,#57FCA4
89.0,-62.0,64.0,#81FB5B
89.0,-62.0,90.0,#90FA00
89.0,-60.0,8.0,#00FCCE
89.0,-60.0,70.0,#8BFA4B
89.0,-60.0,106.0,#9AF900
89.0,-60.0,116.0,#9CF900
89.0,-58.0,84.0,#98F912
89.0,-56.0,12.0,#4AFAC7
89.0,-56.0,92.0,#9FF800
89.0,-54.0,64.0,#97F75C
89.0,-50.0,32.0,#87F7A0
89.0,-48.0,60.0,#A4F566
89.0,-46.0,14.0,#7CF6C3
89.0,-44.0,-18.0,#11F7FF
89.0,-44.0,-14.0,#36F7F9
89.0,-44.0,28.0,#94F5A8
89.0,-42.0,10.0,#83F5CB
89.0,-40.0,14.0,#8FF3C4
89.0,-38.0,-18.0,#50F5FF
89.0,-38.0,-14.0,#5EF4F9
89.0,-38.0,24.0,#A0F2B0
89.0,-36.0,8.0,#93F2CF
89.0,-34.0,-10.0,#7AF2F1
89.0,-34.0,12.0,#9DF1C8
89.0,-32.0,36.0,#B9EF99
89.0,-30.0,28.0,#B7EEA9
89.0,-30.0,60.0,#CBED67
89.0,-28.0,-10.0,#8FEFF2
89.0,-28.0,112.0,#DDEB00
89.0,-26.0,-18.0,#86EFFF
89.0,-26.0,-6.0,#9BEEEA
89.0,-24.0,-10.0,#9BEDF2
89.0,-24.0,40.0,#CDEB92
89.0,-22.0,-18.0,#93EDFF
89.0,-22.0,2.0,#B1ECDB
89.0,-22.0,26.0,#C7EAAD
89.0,-22.0,32.0,#CCEAA1
89.0,-20.0,-10.0,#A6EBF2
89.0,-20.0,36.0,#D2E99A
89.0,-18.0,18.0,#CAE9BD
89.0,-18.0,22.0,#CDE8B5
89.0,-18.0,26.0,#D0E8AD
89.0,-18.0,48.0,#DDE782
89.0,-16.0,102.0,#F1E500
89.0,-14.0,-18.0,#AAE9FF
89.0,-12.0,-10.0,#BBE7F2
89.0,-12.0,0.0,#C6E6DF
89.0,-12.0,8.0,#CEE6D0
89.0,-12.0,36.0,#E2E49A
89.0,-12.0,96.0,#F6E300
89.0,-12.0,116.0,#F9E200
89.0,-10.0,-18.0,#B5E7FF
89.0,-10.0,-2.0,#C8E5E3
89.0,-10.0,2.0,#CCE5DB
89.0,-10.0,90.0,#F9E100
89.0,-8.0,-10.0,#C4E5F2
89.0,-8.0,-4.0,#CBE4E7
89.0,-8.0,0.0,#CFE4DF
89.0,-8.0,4.0,#D3E4D8
89.0,-6.0,-14.0,#C4E4FA
89.0,-6.0,-10.0,#C9E4F2
89.0,-6.0,10.0,#DCE2CC
89.0,-6.0,34.0,#ECE19E
89.0,-6.0,88.0,#FFDF07
89.0,-4.0,28.0,#ECE0AA
89.0,-4.0,44.0,#F5DF8B
89.0,-2.0,-18.0,#C8E2FF
89.0,-2.0,-14.0,#CDE2FA
89.0,-2.0,10.0,#E4E0CD
89.0,-2.0,14.0,#E7E0C5
89.0,-2.0,22.0,#ECDFB6
89.0,-2.0,48.0,#FADE83
89.0,-2.0,82.0,#FFDD2E
89.0,-2.0,90.0,#FFDD00
89.0,-2.0,98.0,#FFDD00
89.0,0.0,22.0,#F0DEB6
89.0,0.0,42.0,#FBDD8F
89.0,2.0,-18.0,#D1E0FF
89.0,2.0,-14.0,#D6DFFA
89.0,2.0,-10.0,#DADFF2
89.0,2.0,10.0,#ECDECD
89.0,2.0,14.0,#EEDDC5
89.0,2.0,38.0,#FCDC97
89.0,4.0,10.0,#EFDCCD
89.0,4.0,14.0,#F2DCC5
89.0,4.0,18.0,#F5DCBE
89.0,6.0,38.0,#FFD997
89.0,10.0,-8.0,#ECDAEF
89.0,14.0,62.0,#FFD367
89.0,14.0,70.0,#FFD354
89.0,14.0,94.0,#FFD200
89.0,16.0,14.0,#FFD4C6
89.0,16.0,20.0,#FFD4BA
89.0,18.0,12.0,#FFD3CA
89.0,18.0,36.0,#FFD19C
89.0,18.0,56.0,#FFD174
89.0,18.0,64.0,#FFD062
89.0,20.0,8.0,#FFD2D1
89.0,20.0,16.0,#FFD1C2
89.0,20.0,22.0,#FFD1B7
89.0,22.0,-6.0,#FFD1EC
89.0,22.0,-2.0,#FFD1E4
89.0,22.0,68.0,#FFCD5A
89.0,24.0,-14.0,#FFD1FB
89.0,24.0,10.0,#FFCFCE
89.0,24.0,24.0,#FFCEB3
89.0,26.0,-2.0,#FFCEE4
89.0,26.0,2.0,#FFCEDD
89.0,26.0,6.0,#FFCDD5
89.0,28.0,10.0,#FFCCCE
89.0,30.0,-16.0,#FFCCFF
89.0,30.0,4.0,#FFCBD9
89.0,32.0,14.0,#FFC8C6
89.0,34.0,2.0,#FFC8DD
89.0,36.0,-10.0,#FFC7F4
89.0,36.0,6.0,#FFC6D6
89.0,36.0,12.0,#FFC5CA
89.0,40.0,-2.0,#FFC3E5
90.0,-92.0,44.0,#00FF89
90.0,-92.0,66.0,#00FF56
90.0,-90.0,38.0,#00FF95
90.0,-84.0,72.0,#1DFF46
90.0,-82.0,78.0,#3DFF32
90.0,-80.0,28.0,#00FFAA
90.0,-78.0,50.0,#17FF7D
90.0,-74.0,112.0,#78FF00
90.0,-70.0,16.0,#00FFC1
90.0,-66.0,46.0,#63FF86
90.0,-64.0,36.0,#5CFF9A
90.0,-64.0,76.0,#86FE3C
90.0,-60.0,40.0,#73FE92
90.0,-58.0,34.0,#72FD9F
90.0,-58.0,46.0,#80FD86
90.0,-56.0,-12.0,#00FFF8
90.0,-54.0,-6.0,#00FEEC
90.0,-54.0,6.0,#47FDD5
90.0,-54.0,24.0,#72FCB2
90.0,-52.0,28.0,#7FFBAB
90.0,-52.0,44.0,#91FA8B
90.0,-52.0,74.0,#A5F944
90.0,-52.0,108.0,#B0F900
90.0,-52.0,116.0,#B2F900
90.0,-50.0,-2.0,#45FCE5
90.0,-48.0,2.0,#5EFBDD
90.0,-48.0,22.0,#84F9B7
90.0,-48.0,92.0,#B5F700
90.0,-48.0,124.0,#BBF700
90.0,-46.0,-6.0,#50FAEC
90.0,-46.0,42.0,#9FF88F
90.0,-46.0,54.0,#A8F776
90.0,-46.0,84.0,#B7F61D
90.0,-46.0,108.0,#BDF600
90.0,-42.0,-2.0,#6FF8E5
90.0,-42.0,4.0,#7BF8D9
90.0,-42.0,20.0,#94F7BB
90.0,-42.0,88.0,#C0F500
90.0,-42.0,96.0,#C2F400
90.0,-40.0,-6.0,#6EF8EC
90.0,-40.0,44.0,#AFF58B
90.0,-40.0,50.0,#B4F57F
90.0,-40.0,56.0,#B7F572
90.0,-40.0,64.0,#BBF460
90.0,-40.0,104.0,#C8F300
90.0,-36.0,18.0,#A2F4BF
90.0,-36.0,58.0,#C1F36E
90.0,-36.0,68.0,#C6F256
90.0,-36.0,84.0,#CBF220
90.0,-34.0,48.0,#C0F283
90.0,-34.0,74.0,#CCF146
90.0,-34.0,106.0,#D4F100
90.0,-30.0,-16.0,#7FF4FF
90.0,-30.0,4.0,#A1F2DA
90.0,-30.0,8.0,#A6F2D2
90.0,-30.0,24.0,#B7F1B3
90.0,-30.0,50.0,#C9F07F
90.0,-30.0,66.0,#D1EF5C
90.0,-30.0,76.0,#D4EF41
90.0,-28.0,-2.0,#9EF2E5
90.0,-28.0,40.0,#C7EF94
90.0,-26.0,2.0,#A9F0DE
90.0,-26.0,6.0,#AEF0D6
90.0,-26.0,18.0,#BBEFBF
90.0,-24.0,22.0,#C3EEB8
90.0,-24.0,106.0,#E7EC00
90.0,-22.0,70.0,#E1EB52
90.0,-18.0,4.0,#BFECDA
90.0,-18.0,30.0,#D5EBA8
90.0,-18.0,42.0,#DDEA91
90.0,-18.0,110.0,#F2E800
90.0,-16.0,-16.0,#ABEDFF
90.0,-16.0,-12.0,#B1ECF9
90.0,-16.0,34.0,#DCE9A1
90.0,-14.0,-4.0,#C0EBE9
90.0,-14.0,28.0,#DCE9AC
90.0,-14.0,64.0,#EEE762
90.0,-14.0,84.0,#F4E726
90.0,-12.0,22.0,#DCE8B8
90.0,-10.0,24.0,#E1E7B4
90.0,-10.0,106.0,#FFE400
90.0,-10.0,126.0,#FFE400
90.0,-8.0,18.0,#E1E6C0
90.0,-8.0,40.0,#EEE595
90.0,-6.0,-6.0,#D0E6ED
90.0,-6.0,-2.0,#D4E6E6
90.0,-6.0,2.0,#D8E6DE
90.0,-6.0,6.0,#DBE5D7
90.0,-6.0,20.0,#E6E5BC
90.0,-6.0,76.0,#FFE244
90.0,-6.0,100.0,#FFE200
90.0,-4.0,-12.0,#CEE6F9
90.0,-4.0,-8.0,#D2E5F1
90.0,-4.0,-4.0,#D6E5EA
90.0,-4.0,0.0,#DAE5E2
90.0,-4.0,4.0,#DEE4DB
90.0,-2.0,-8.0,#D6E4F1
90.0,-2.0,-4.0,#DAE4EA
90.0,-2.0,0.0,#DEE4E2
90.0,-2.0,4.0,#E2E3DB
90.0,0.0,-16.0,#D2E4FF
90.0,0.0,-12.0,#D6E3F9
90.0,0.0,-8.0,#DBE3F1
90.0,0.0,-4.0,#DFE3EA
90.0,0.0,0.0,#E2E2E2
90.0,0.0,4.0,#E6E2DB
90.0,0.0,8.0,#E9E2D3
90.0,0.0,12.0,#ECE1CC
90.0,0.0,16.0,#EFE1C4
90.0,2.0,-4.0,#E3E1EA
90.0,2.0,0.0,#E6E1E2
90.0,2.0,4.0,#EAE1DB
90.0,2.0,20.0,#F5E0BC
90.0,2.0,24.0,#F8E0B5
90.0,2.0,46.0,#FFDE8A
90.0,4.0,-16.0,#DBE1FF
90.0,4.0,-12.0,#DFE1F9
90.0,4.0,-8.0,#E3E0F2
90.0,4.0,-4.0,#E7E0EA
90.0,4.0,0.0,#EAE0E2
90.0,4.0,4.0,#EEE0DB
90.0,6.0,-16.0,#DFE0FF
90.0,6.0,-12.0,#E3E0F9
90.0,6.0,-8.0,#E7DFF2
90.0,6.0,-4.0,#EBDFEA
90.0,6.0,0.0,#EEDFE3
90.0,6.0,4.0,#F1DEDB
90.0,6.0,8.0,#F5DED3
90.0,6.0,12.0,#F7DECC
90.0,6.0,16.0,#FADDC4
90.0,6.0,20.0,#FDDDBD
90.0,6.0,24.0,#FFDDB5
90.0,6.0,88.0,#FFDB17
90.0,8.0,-16.0,#E3DFFF
90.0,8.0,-12.0,#E7DEF9
90.0,8.0,-4.0,#EFDEEA
90.0,8.0,0.0,#F2DDE3
90.0,8.0,4.0,#F5DDDB
90.0,8.0,8.0,#F8DDD3
90.0,8.0,12.0,#FBDCCC
90.0,8.0,16.0,#FEDCC4
90.0,8.0,28.0,#FFDBAD
90.0,8.0,34.0,#FFDBA2
90.0,10.0,-2.0,#F4DCE6
90.0,10.0,2.0,#F7DCDF
90.0,10.0,6.0,#FADCD7
90.0,10.0,10.0,#FDDBD0
90.0,10.0,20.0,#FFDBBD
90.0,10.0,24.0,#FFDAB5
90.0,10.0,70.0,#FFD856
90.0,10.0,78.0,#FFD841
90.0,10.0,86.0,#FFD824
90.0,12.0,-4.0,#F6DBEA
90.0,12.0,0.0,#FADBE3
90.0,12.0,4.0,#FDDADB
90.0,12.0,8.0,#FFDAD4
90.0,12.0,14.0,#FFDAC8
90.0,12.0,30.0,#FFD9AA
90.0,12.0,36.0,#FFD89E
90.0,12.0,100.0,#FFD600
90.0,12.0,116.0,#FFD600
90.0,14.0,-2.0,#FCDAE7
90.0,14.0,2.0,#FFD9DF
90.0,14.0,22.0,#FFD8B9
90.0,14.0,106.0,#FFD500
90.0,16.0,-8.0,#FBD9F2
90.0,16.0,0.0,#FFD8E3
90.0,16.0,6.0,#FFD8D8
90.0,16.0,38.0,#FFD69B
90.0,16.0,100.0,#FFD400
90.0,18.0,4.0,#FFD6DB
90.0,18.0,24.0,#FFD5B6
90.0,18.0,28.0,#FFD5AE
90.0,18.0,82.0,#FFD236
90.0,18.0,90.0,#FFD20E
90.0,20.0,34.0,#FFD3A3
90.0,22.0,28.0,#FFD2AE
90.0,22.0,74.0,#FFD04E
90.0,24.0,20.0,#FFD1BD
90.0,26.0,30.0,#FFCFAB
90.0,28.0,24.0,#FFCDB6
90.0,32.0,28.0,#FFCAAF
90.0,34.0,20.0,#FFC9BE
90.0,38.0,-14.0,#FFC9FE
91.0,-90.0,76.0,#00FF3C
91.0,-88.0,82.0,#05FF23
91.0,-86.0,50.0,#00FF7F
91.0,-86.0,88.0,#34FF00
91.0,-84.0,44.0,#00FF8C
91.0,-84.0,94.0,#49FF00
91.0,-82.0,56.0,#00FF72
91.0,-82.0,64.0,#25FF5F
91.0,-78.0,40.0,#00FF94
91.0,-76.0,66.0,#54FF5A
91.0,-76.0,104.0,#71FF00
91.0,-74.0,76.0,#68FF3E
91.0,-72.0,32.0,#11FFA5
91.0,-72.0,38.0,#33FF99
91.0,-72.0,44.0,#44FF8C
91.0,-72.0,52.0,#54FF7B
91.0,-70.0,26.0,#00FFB1
91.0,-70.0,60.0,#68FF6A
91.0,-64.0,6.0,#00FFD8
91.0,-64.0,22.0,#3DFFB9
91.0,-62.0,2.0,#00FFDF
91.0,-60.0,-2.0,#00FFE7
91.0,-58.0,18.0,#57FFC1
91.0,-58.0,58.0,#8EFF6F
91.0,-58.0,100.0,#A3FE00
91.0,-54.0,124.0,#B1FC00
91.0,-52.0,16.0,#6FFEC5
91.0,-52.0,52.0,#9AFD7D
91.0,-48.0,-12.0,#24FEFB
91.0,-48.0,10.0,#73FDD0
91.0,-42.0,36.0,#A7F99E
91.0,-42.0,70.0,#BDF853
91.0,-40.0,120.0,#CEF600
91.0,-36.0,2.0,#8FF8E0
91.0,-36.0,28.0,#AFF7AE
91.0,-36.0,34.0,#B4F6A2
91.0,-34.0,94.0,#D5F400
91.0,-34.0,114.0,#D9F300
91.0,-34.0,122.0,#DAF300
91.0,-32.0,0.0,#98F6E4
91.0,-30.0,12.0,#AEF5CD
91.0,-30.0,16.0,#B2F4C6
91.0,-30.0,82.0,#D9F22F
91.0,-28.0,34.0,#C6F3A3
91.0,-28.0,88.0,#DFF10B
91.0,-28.0,96.0,#E1F100
91.0,-26.0,68.0,#DCF05A
91.0,-24.0,10.0,#BAF2D1
91.0,-24.0,14.0,#BEF2CA
91.0,-24.0,30.0,#CCF1AB
91.0,-24.0,48.0,#D7F087
91.0,-24.0,82.0,#E5EF30
91.0,-24.0,90.0,#E7EF00
91.0,-22.0,-2.0,#B1F2E8
91.0,-22.0,62.0,#E1EE69
91.0,-22.0,118.0,#EFED00
91.0,-20.0,10.0,#C4F0D1
91.0,-20.0,14.0,#C7F0CA
91.0,-20.0,76.0,#EAED45
91.0,-20.0,84.0,#ECED29
91.0,-20.0,92.0,#EEED00
91.0,-18.0,-4.0,#B9F0EC
91.0,-18.0,62.0,#E9EC69
91.0,-18.0,70.0,#ECEC56
91.0,-16.0,-8.0,#B9EFF4
91.0,-16.0,6.0,#C9EED9
91.0,-16.0,10.0,#CDEED2
91.0,-16.0,14.0,#D0EDCA
91.0,-16.0,78.0,#F2EB40
91.0,-14.0,0.0,#C7EDE5
91.0,-14.0,58.0,#EFEA72
91.0,-12.0,-16.0,#B8EDFF
91.0,-12.0,-2.0,#C9ECE9
91.0,-12.0,2.0,#CEECE1
91.0,-12.0,14.0,#D9EBCA
91.0,-12.0,18.0,#DCEBC2
91.0,-12.0,42.0,#EBEA94
91.0,-10.0,-6.0,#CAEBF0
91.0,-10.0,0.0,#D0EBE5
91.0,-10.0,4.0,#D4EBDD
91.0,-10.0,46.0,#F1E88C
91.0,-10.0,54.0,#F4E87B
91.0,-10.0,62.0,#F7E86A
91.0,-8.0,-16.0,#C2EBFF
91.0,-8.0,2.0,#D6EAE1
91.0,-8.0,10.0,#DEE9D2
91.0,-8.0,14.0,#E1E9CA
91.0,-6.0,28.0,#EEE7AF
91.0,-6.0,48.0,#F9E688
91.0,-6.0,56.0,#FCE677
91.0,-4.0,-16.0,#CCE9FF
91.0,-4.0,8.0,#E4E7D6
91.0,-4.0,12.0,#E7E7CE
91.0,-4.0,16.0,#EAE6C7
91.0,-4.0,22.0,#EEE6BB
91.0,-4.0,32.0,#F4E6A8
91.0,-4.0,112.0,#FFE300
91.0,-2.0,36.0,#FAE4A0
91.0,-2.0,126.0,#FFE200
91.0,0.0,32.0,#FCE3A8
91.0,0.0,56.0,#FFE278
91.0,0.0,64.0,#FFE266
91.0,0.0,118.0,#FFE100
91.0,2.0,70.0,#FFE058
91.0,2.0,78.0,#FFE043
91.0,2.0,86.0,#FFE026
91.0,2.0,94.0,#FFE000
91.0,2.0,102.0,#FFE000
91.0,2.0,110.0,#FFE000
91.0,4.0,28.0,#FFE1B0
91.0,4.0,56.0,#FFE078
91.0,4.0,64.0,#FFDF66
91.0,6.0,44.0,#FFDF91
91.0,6.0,72.0,#FFDE54
91.0,6.0,80.0,#FFDE3D
91.0,6.0,96.0,#FFDD00
91.0,6.0,104.0,#FFDD00
91.0,8.0,-8.0,#EEE1F5
91.0,8.0,50.0,#FFDD85
91.0,8.0,58.0,#FFDD74
91.0,10.0,40.0,#FFDC99
91.0,10.0,46.0,#FFDC8D
91.0,12.0,-16.0,#EEDFFF
91.0,12.0,52.0,#FFDA81
91.0,14.0,-14.0,#F4DDFF
91.0,14.0,-10.0,#F8DDF9
91.0,14.0,12.0,#FFDBCF
91.0,14.0,26.0,#FFDAB4
91.0,14.0,42.0,#FFDA95
91.0,14.0,48.0,#FFD989
91.0,16.0,10.0,#FFDAD3
91.0,16.0,32.0,#FFD9A9
91.0,18.0,-16.0,#FADBFF
91.0,18.0,-12.0,#FEDAFD
91.0,18.0,-6.0,#FFDAF1
91.0,18.0,44.0,#FFD792
91.0,18.0,50.0,#FFD685
91.0,22.0,-16.0,#FFD8FF
91.0,22.0,32.0,#FFD4A9
91.0,22.0,40.0,#FFD49A
91.0,22.0,46.0,#FFD48E
91.0,24.0,-4.0,#FFD5EE
91.0,28.0,-6.0,#FFD3F2
91.0,30.0,-2.0,#FFD1EA
91.0,32.0,-14.0,#FFD0FF
91.0,32.0,-10.0,#FFD0F9
91.0,34.0,-6.0,#FFCEF2
92.0,-78.0,96.0,#6AFF00
92.0,-74.0,22.0,#00FFBB
92.0,-74.0,86.0,#73FF11
92.0,-72.0,92.0,#7DFF00
92.0,-68.0,82.0,#84FF2C
92.0,-66.0,10.0,#00FFD3
92.0,-66.0,96.0,#90FF00
92.0,-64.0,14.0,#16FFCB
92.0,-64.0,28.0,#53FFB0
92.0,-64.0,56.0,#7DFF76
92.0,-64.0,104.0,#99FF00
92.0,-64.0,112.0,#9BFF00
92.0,-62.0,84.0,#96FF23
92.0,-60.0,92.0,#9FFF00
92.0,-58.0,78.0,#9EFF3D
92.0,-58.0,108.0,#A9FF00
92.0,-56.0,2.0,#2EFFE2
92.0,-54.0,40.0,#8DFF98
92.0,-54.0,82.0,#AAFF2E
92.0,-52.0,88.0,#B1FF05
92.0,-50.0,66.0,#ABFE5F
92.0,-48.0,36.0,#9AFFA0
92.0,-46.0,6.0,#76FFDB
92.0,-46.0,18.0,#8AFFC4
92.0,-44.0,62.0,#B7FC6A
92.0,-44.0,76.0,#BEFC45
92.0,-42.0,-14.0,#53FFFF
92.0,-42.0,-10.0,#61FFFA
92.0,-42.0,14.0,#91FDCC
92.0,-42.0,26.0,#A0FCB4
92.0,-40.0,112.0,#D0F900
92.0,-38.0,8.0,#95FCD7
92.0,-36.0,-14.0,#72FCFF
92.0,-36.0,-10.0,#7BFCFA
92.0,-36.0,-2.0,#8BFBEB
92.0,-36.0,12.0,#A0FAD0
92.0,-34.0,-6.0,#8BFBF2
92.0,-34.0,42.0,#C1F895
92.0,-30.0,-10.0,#91F9FA
92.0,-28.0,-6.0,#9EF8F3
92.0,-28.0,108.0,#E6F300
92.0,-28.0,116.0,#E7F300
92.0,-28.0,124.0,#E8F300
92.0,-26.0,44.0,#D4F491
92.0,-24.0,-14.0,#9DF6FF
92.0,-24.0,54.0,#DDF37D
92.0,-24.0,76.0,#E6F248
92.0,-22.0,4.0,#BBF4E0
92.0,-22.0,24.0,#CEF3B9
92.0,-22.0,38.0,#D8F29E
92.0,-22.0,126.0,#F3F000
92.0,-20.0,-14.0,#A8F4FF
92.0,-20.0,28.0,#D6F2B2
92.0,-20.0,48.0,#E2F18A
92.0,-20.0,54.0,#E5F07D
92.0,-18.0,38.0,#E0F09E
92.0,-16.0,26.0,#DCF0B6
92.0,-16.0,48.0,#E9EF8A
92.0,-16.0,98.0,#F9ED00
92.0,-16.0,122.0,#FDED00
92.0,-14.0,36.0,#E7EEA2
92.0,-14.0,52.0,#EFED82
92.0,-14.0,72.0,#F7ED54
92.0,-12.0,92.0,#FFEB00
92.0,-12.0,100.0,#FFEB00
92.0,-10.0,8.0,#DAEDD8
92.0,-10.0,30.0,#EBECAE
92.0,-10.0,74.0,#FEEA4F
92.0,-10.0,114.0,#FFEA00
92.0,-8.0,-2.0,#D5EDEC
92.0,-8.0,6.0,#DDECDC
92.0,-8.0,34.0,#F1EBA6
92.0,-8.0,82.0,#FFE937
92.0,-8.0,90.0,#FFE90D
92.0,-6.0,-12.0,#CFEDFF
92.0,-6.0,-4.0,#D8ECEF
92.0,-6.0,0.0,#DCECE8
92.0,-6.0,4.0,#DFEBE0
92.0,-6.0,12.0,#E6EBD1
92.0,-4.0,-2.0,#DEEBEC
92.0,-4.0,2.0,#E2EAE4
92.0,-4.0,66.0,#FFE764
92.0,-4.0,88.0,#FFE61E
92.0,-2.0,-2.0,#E2E9EC
92.0,-2.0,2.0,#E6E9E4
92.0,-2.0,6.0,#E9E9DD
92.0,-2.0,18.0,#F2E8C6
92.0,-2.0,28.0,#F9E7B2
92.0,-2.0,42.0,#FFE797
92.0,-2.0,74.0,#FFE650
92.0,-2.0,94.0,#FFE500
92.0,-2.0,102.0,#FFE500
92.0,0.0,-2.0,#E6E8EC
92.0,0.0,2.0,#EAE8E4
92.0,2.0,-12.0,#E0E8FF
92.0,2.0,-8.0,#E5E7F7
92.0,2.0,8.0,#F3E6D9
92.0,2.0,12.0,#F6E6D1
92.0,2.0,16.0,#F8E6CA
92.0,4.0,8.0,#F6E5D9
92.0,4.0,12.0,#F9E5D1
92.0,4.0,16.0,#FCE4CA
92.0,4.0,20.0,#FFE4C2
92.0,4.0,34.0,#FFE3A7
92.0,10.0,-10.0,#F3E2FB
92.0,10.0,-6.0,#F7E2F4
92.0,10.0,94.0,#FFDD00
92.0,12.0,18.0,#FFDFC6
92.0,12.0,60.0,#FFDD73
92.0,16.0,16.0,#FFDCCA
92.0,16.0,54.0,#FFDA80
92.0,16.0,62.0,#FFDA6F
92.0,16.0,70.0,#FFDA5D
92.0,18.0,14.0,#FFDBCE
92.0,20.0,0.0,#FFDBE9
92.0,20.0,12.0,#FFDAD2
92.0,20.0,18.0,#FFD9C7
92.0,22.0,-12.0,#FFDAFF
92.0,22.0,4.0,#FFD9E1
92.0,22.0,16.0,#FFD8CA
92.0,24.0,-8.0,#FFD9F8
92.0,24.0,0.0,#FFD8E9
92.0,24.0,8.0,#FFD7DA
92.0,24.0,12.0,#FFD7D2
92.0,26.0,-12.0,#FFD7FF
92.0,26.0,4.0,#FFD6E1
92.0,26.0,16.0,#FFD5CB
92.0,30.0,2.0,#FFD3E5
92.0,30.0,6.0,#FFD3DE
93.0,-68.0,66.0,#7CFF61
93.0,-68.0,74.0,#82FF4B
93.0,-64.0,40.0,#6DFF9A
93.0,-62.0,68.0,#90FF5C
93.0,-58.0,10.0,#47FFD6
93.0,-58.0,24.0,#6BFFBB
93.0,-58.0,50.0,#8DFF86
93.0,-56.0,14.0,#5FFFCE
93.0,-56.0,30.0,#7DFFAF
93.0,-56.0,64.0,#9EFF67
93.0,-52.0,22.0,#7FFFBF
93.0,-50.0,26.0,#8BFFB7
93.0,-50.0,60.0,#ABFF70
93.0,-48.0,-4.0,#57FFF1
93.0,-48.0,96.0,#BFFF00
93.0,-48.0,116.0,#C4FF00
93.0,-46.0,-8.0,#55FFF9
93.0,-46.0,104.0,#C5FF00
93.0,-44.0,0.0,#75FFE9
93.0,-44.0,48.0,#B1FF8B
93.0,-42.0,84.0,#C8FD2C
93.0,-42.0,92.0,#CBFD00
93.0,-40.0,18.0,#9FFFC7
93.0,-40.0,100.0,#D1FC00
93.0,-36.0,20.0,#ACFDC3
93.0,-36.0,78.0,#D2FB43
93.0,-36.0,88.0,#D5FB18
93.0,-36.0,104.0,#D9FA00
93.0,-34.0,24.0,#B6FCBB
93.0,-32.0,4.0,#A4FCE2
93.0,-32.0,8.0,#A9FCDA
93.0,-32.0,46.0,#CBFA90
93.0,-32.0,52.0,#CFFA83
93.0,-32.0,62.0,#D4F96D
93.0,-32.0,70.0,#D7F95A
93.0,-28.0,2.0,#ACFAE6
93.0,-28.0,22.0,#C2F9C0
93.0,-28.0,28.0,#C7F9B4
93.0,-28.0,54.0,#D8F77F
93.0,-28.0,64.0,#DDF769
93.0,-26.0,38.0,#D3F7A0
93.0,-24.0,-6.0,#ACF9F6
93.0,-24.0,18.0,#C8F7C7
93.0,-24.0,102.0,#EFF400
93.0,-20.0,-8.0,#B4F7F9
93.0,-20.0,18.0,#D1F5C8
93.0,-18.0,0.0,#C3F5EA
93.0,-16.0,18.0,#D9F3C8
93.0,-16.0,22.0,#DCF3C0
93.0,-16.0,90.0,#FBF011
93.0,-14.0,4.0,#D1F3E3
93.0,-14.0,8.0,#D5F2DB
93.0,-14.0,30.0,#E6F1B1
93.0,-12.0,-12.0,#C3F3FF
93.0,-12.0,-8.0,#C8F2FA
93.0,-12.0,-4.0,#CDF2F2
93.0,-12.0,10.0,#DBF1D7
93.0,-12.0,84.0,#FFEE33
93.0,-10.0,68.0,#FFED61
93.0,-8.0,-12.0,#CDF1FF
93.0,-8.0,-8.0,#D2F0FA
93.0,-8.0,26.0,#EFEEB9
93.0,-6.0,120.0,#FFEA00
93.0,-4.0,38.0,#FDEBA1
93.0,-4.0,52.0,#FFEA85
93.0,-2.0,-12.0,#DBEDFF
93.0,-2.0,12.0,#F1EBD4
93.0,-2.0,82.0,#FFE83C
93.0,0.0,20.0,#FAEAC5
93.0,0.0,26.0,#FEE9B9
93.0,0.0,38.0,#FFE9A2
93.0,4.0,40.0,#FFE69E
93.0,4.0,46.0,#FFE692
93.0,6.0,52.0,#FFE486
93.0,16.0,20.0,#FFDFC5
93.0,20.0,-8.0,#FFDEFB
93.0,20.0,-4.0,#FFDEF3
93.0,20.0,8.0,#FFDDDC
93.0,20.0,22.0,#FFDCC2
94.0,-68.0,46.0,#68FF90
94.0,-64.0,50.0,#7DFF88
94.0,-54.0,96.0,#B5FF00
94.0,-52.0,44.0,#9CFF95
94.0,-52.0,104.0,#BCFF00
94.0,-52.0,112.0,#BDFF00
94.0,-50.0,12.0,#78FFD5
94.0,-50.0,72.0,#B4FF56
94.0,-46.0,40.0,#A9FF9E
94.0,-46.0,54.0,#B3FF81
94.0,-44.0,10.0,#8BFFD9
94.0,-44.0,32.0,#A7FFAE
94.0,-44.0,68.0,#C0FF61
94.0,-40.0,50.0,#BFFF8A
94.0,-40.0,56.0,#C3FF7D
94.0,-38.0,62.0,#CAFF6F
94.0,-36.0,30.0,#B9FFB2
94.0,-36.0,38.0,#C0FFA2
94.0,-36.0,68.0,#D1FE61
94.0,-34.0,98.0,#DFFC00
94.0,-32.0,-2.0,#9EFFF1
94.0,-32.0,32.0,#C4FDAF
94.0,-30.0,36.0,#CCFCA7
94.0,-30.0,86.0,#E4FA2A
94.0,-28.0,6.0,#B4FDE1
94.0,-28.0,10.0,#B9FDDA
94.0,-28.0,72.0,#E3FA58
94.0,-28.0,92.0,#E9F900
94.0,-28.0,100.0,#EBF900
94.0,-24.0,-10.0,#A9FCFF
94.0,-24.0,2.0,#BAFBE9
94.0,-24.0,8.0,#C0FBDE
94.0,-24.0,12.0,#C5FAD6
94.0,-24.0,64.0,#E7F86C
94.0,-24.0,94.0,#F1F700
94.0,-22.0,110.0,#F7F600
94.0,-20.0,6.0,#C8F9E2
94.0,-20.0,32.0,#DEF7AF
94.0,-20.0,64.0,#EFF66C
94.0,-20.0,96.0,#F8F500
94.0,-16.0,-10.0,#BFF8FF
94.0,-16.0,2.0,#CDF7E9
94.0,-16.0,64.0,#F6F46D
94.0,-16.0,106.0,#FFF300
94.0,-16.0,114.0,#FFF300
94.0,-14.0,-6.0,#C9F6F9
94.0,-14.0,-2.0,#CDF6F1
94.0,-14.0,42.0,#F0F39C
94.0,-12.0,0.0,#D4F5ED
94.0,-12.0,22.0,#E7F3C3
94.0,-12.0,46.0,#F6F294
94.0,-12.0,62.0,#FDF272
94.0,-12.0,108.0,#FFF000
94.0,-10.0,-2.0,#D6F4F1
94.0,-10.0,2.0,#DAF3EA
94.0,-10.0,14.0,#E5F3D3
94.0,-10.0,24.0,#EDF2BF
94.0,-10.0,50.0,#FBF18C
94.0,-8.0,-4.0,#D9F3F5
94.0,-8.0,0.0,#DDF2ED
94.0,-8.0,16.0,#EBF1CF
94.0,-8.0,20.0,#EEF1C7
94.0,-8.0,40.0,#FAF0A0
94.0,-8.0,54.0,#FFF083
94.0,-8.0,62.0,#FFEF72
94.0,-8.0,102.0,#FFEE00
94.0,-6.0,-6.0,#DBF2F9
94.0,-6.0,-2.0,#DFF1F1
94.0,-6.0,2.0,#E3F1EA
94.0,-6.0,6.0,#E7F1E2
94.0,-6.0,22.0,#F3F0C3
94.0,-6.0,44.0,#FFEF98
94.0,-6.0,96.0,#FFED00
94.0,-6.0,108.0,#FFED00
94.0,-4.0,-10.0,#DBF1FF
94.0,-4.0,-6.0,#DFF1F9
94.0,-4.0,6.0,#EBF0E2
94.0,-4.0,10.0,#EEEFDA
94.0,-4.0,14.0,#F1EFD3
94.0,-4.0,18.0,#F4EFCB
94.0,-4.0,24.0,#F8EFC0
94.0,-2.0,-6.0,#E4EFF9
94.0,-2.0,22.0,#FBEDC3
94.0,0.0,-10.0,#E4EFFF
94.0,0.0,-6.0,#E8EEF9
94.0,0.0,6.0,#F3EDE2
94.0,0.0,10.0,#F6EDDB
94.0,0.0,14.0,#F9EDD3
94.0,0.0,48.0,#FFEB90
94.0,2.0,-2.0,#F0EDF2
94.0,2.0,2.0,#F4ECEA
94.0,2.0,22.0,#FFEBC4
94.0,2.0,28.0,#FFEBB8
94.0,2.0,62.0,#FFE973
94.0,4.0,-10.0,#ECECFF
94.0,4.0,-6.0,#F0ECF9
94.0,4.0,-2.0,#F4EBF2
94.0,4.0,2.0,#F7EBEA
94.0,4.0,6.0,#FBEBE2
94.0,6.0,-10.0,#F1EBFF
94.0,6.0,-6.0,#F4EAF9
94.0,6.0,-2.0,#F8EAF2
94.0,6.0,2.0,#FBEAEA
94.0,6.0,6.0,#FFEAE2
94.0,6.0,10.0,#FFE9DB
94.0,6.0,14.0,#FFE9D3
94.0,6.0,18.0,#FFE9CC
94.0,6.0,26.0,#FFE8BC
94.0,6.0,32.0,#FFE8B0
94.0,6.0,62.0,#FFE773
94.0,8.0,-10.0,#F5E9FF
94.0,8.0,-6.0,#F8E9F9
94.0,8.0,-2.0,#FCE9F2
94.0,8.0,2.0,#FFE9EA
94.0,8.0,6.0,#FFE8E3
94.0,8.0,10.0,#FFE8DB
94.0,8.0,14.0,#FFE8D3
94.0,8.0,18.0,#FFE7CC
94.0,8.0,22.0,#FFE7C4
94.0,8.0,30.0,#FFE7B4
94.0,8.0,38.0,#FFE6A5
94.0,10.0,0.0,#FFE7EE
94.0,10.0,4.0,#FFE7E6
94.0,10.0,8.0,#FFE7DF
94.0,10.0,14.0,#FFE6D3
94.0,10.0,26.0,#FFE6BC
94.0,12.0,-6.0,#FFE7FA
94.0,12.0,-2.0,#FFE6F2
94.0,12.0,2.0,#FFE6EA
94.0,12.0,6.0,#FFE6E3
94.0,12.0,12.0,#FFE5D7
94.0,12.0,22.0,#FFE4C4
94.0,12.0,32.0,#FFE4B1
94.0,12.0,38.0,#FFE4A5
94.0,14.0,-4.0,#FFE5F6
94.0,14.0,0.0,#FFE5EE
94.0,14.0,4.0,#FFE4E7
94.0,14.0,10.0,#FFE4DB
94.0,14.0,30.0,#FFE3B5
94.0,16.0,-8.0,#FFE4FE
94.0,16.0,8.0,#FFE3DF
94.0,16.0,24.0,#FFE2C0
94.0,18.0,2.0,#FFE2EB
95.0,-62.0,80.0,#9DFF40
95.0,-60.0,44.0,#87FF98
95.0,-60.0,88.0,#A6FF1B
95.0,-52.0,52.0,#A6FF87
95.0,-50.0,30.0,#96FFB5
95.0,-48.0,80.0,#C0FF42
95.0,-46.0,22.0,#98FFC4
95.0,-42.0,4.0,#8AFFE8
95.0,-38.0,-4.0,#8AFFF7
95.0,-38.0,6.0,#9BFFE4
95.0,-38.0,24.0,#B1FFC1
95.0,-38.0,116.0,#DEFF00
95.0,-36.0,-8.0,#89FFFF
95.0,-36.0,124.0,#E3FF00
95.0,-32.0,106.0,#E8FE00
95.0,-32.0,114.0,#E9FE00
95.0,-30.0,-8.0,#9DFFFF
95.0,-30.0,14.0,#BBFFD5
95.0,-30.0,122.0,#EEFD00
95.0,-28.0,44.0,#D8FE99
95.0,-28.0,78.0,#E8FD4B
95.0,-26.0,16.0,#C7FED1
95.0,-26.0,24.0,#CEFEC1
95.0,-26.0,48.0,#DFFC91
95.0,-24.0,28.0,#D6FCBA
95.0,-24.0,82.0,#F1FA3F
95.0,-24.0,118.0,#F8FA00
95.0,-22.0,-4.0,#BAFDF8
95.0,-22.0,56.0,#EBFA81
95.0,-20.0,12.0,#D1FBD9
95.0,-20.0,24.0,#DBFAC2
95.0,-20.0,42.0,#E7FA9E
95.0,-20.0,74.0,#F6F857
95.0,-20.0,84.0,#F9F838
95.0,-20.0,104.0,#FDF800
95.0,-18.0,-4.0,#C4FBF8
95.0,-18.0,46.0,#EDF896
95.0,-18.0,56.0,#F2F881
95.0,-18.0,126.0,#FFF600
95.0,-16.0,12.0,#DAF9D9
95.0,-16.0,38.0,#EDF8A6
95.0,-16.0,74.0,#FDF657
95.0,-14.0,14.0,#E0F8D5
95.0,-14.0,26.0,#E9F7BE
95.0,-14.0,100.0,#FFF500
95.0,-12.0,6.0,#DDF7E5
95.0,-12.0,36.0,#F3F5AA
95.0,-12.0,120.0,#FFF300
95.0,-10.0,-8.0,#D3F7FF
95.0,-10.0,94.0,#FFF200
95.0,-10.0,126.0,#FFF200
95.0,-6.0,16.0,#F2F3D2
95.0,-6.0,68.0,#FFF167
95.0,-6.0,76.0,#FFF053
95.0,-6.0,84.0,#FFF03B
95.0,-4.0,0.0,#E8F3F0
95.0,-4.0,32.0,#FFF1B3
95.0,-2.0,0.0,#ECF2F1
95.0,-2.0,4.0,#F0F2E9
95.0,-2.0,8.0,#F3F1E1
95.0,-2.0,16.0,#FAF1D2
95.0,-2.0,60.0,#FFEF7A
95.0,-2.0,70.0,#FFEE63
95.0,0.0,0.0,#F1F1F1
95.0,0.0,32.0,#FFEFB3
95.0,2.0,36.0,#FFEDAB
95.0,2.0,74.0,#FFEC59
95.0,2.0,82.0,#FFEB43
95.0,10.0,46.0,#FFE798
96.0,-56.0,72.0,#ACFF5B
96.0,-54.0,78.0,#B4FF4A
96.0,-54.0,88.0,#B8FF23
96.0,-50.0,36.0,#A0FFAB
96.0,-48.0,46.0,#AEFF97
96.0,-48.0,88.0,#C6FF25
96.0,-42.0,44.0,#BCFF9B
96.0,-42.0,112.0,#D8FF00
96.0,-40.0,14.0,#A3FFD7
96.0,-40.0,36.0,#BAFFAC
96.0,-40.0,96.0,#D9FF00
96.0,-38.0,10.0,#A3FFDF
96.0,-38.0,74.0,#D6FF58
96.0,-34.0,2.0,#A4FFEE
96.0,-34.0,12.0,#B1FFDB
96.0,-26.0,-2.0,#B5FFF6
96.0,-26.0,34.0,#D9FFB0
96.0,-24.0,20.0,#D2FFCC
96.0,-22.0,16.0,#D3FFD4
96.0,-20.0,20.0,#DBFECC
96.0,-18.0,28.0,#E5FCBD
96.0,-18.0,34.0,#E9FCB1
96.0,-16.0,8.0,#D9FCE4
96.0,-16.0,20.0,#E3FBCC
96.0,-14.0,56.0,#FDF984
96.0,-14.0,92.0,#FFF817
96.0,-12.0,16.0,#E8F9D4
96.0,-12.0,70.0,#FFF765
96.0,-12.0,80.0,#FFF74A
96.0,-10.0,86.0,#FFF537
96.0,-8.0,4.0,#E6F8EB
96.0,-8.0,8.0,#EAF8E4
96.0,-8.0,12.0,#EDF7DC
96.0,-6.0,10.0,#F0F6E0
96.0,-6.0,28.0,#FDF5BD
96.0,-2.0,28.0,#FFF3BD
96.0,-2.0,36.0,#FFF2AE
96.0,-2.0,42.0,#FFF2A2
96.0,0.0,-2.0,#F2F4F7
96.0,0.0,2.0,#F5F3F0
96.0,0.0,18.0,#FFF2D1
96.0,0.0,22.0,#FFF2C9
96.0,2.0,-6.0,#F2F3FF
96.0,2.0,6.0,#FDF2E8
96.0,2.0,10.0,#FFF1E0
96.0,2.0,14.0,#FFF1D9
96.0,2.0,18.0,#FFF1D1
96.0,2.0,42.0,#FFF0A2
96.0,4.0,10.0,#FFF0E0
96.0,4.0,14.0,#FFF0D9
96.0,4.0,18.0,#FFF0D1
96.0,4.0,22.0,#FFEFC9
96.0,6.0,42.0,#FFEDA2
96.0,10.0,-4.0,#FFEDFB
96.0,12.0,18.0,#FFEAD1
97.0,-48.0,74.0,#C3FF59
97.0,-46.0,62.0,#C1FF77
97.0,-42.0,82.0,#D3FF43
97.0,-40.0,88.0,#DAFF2B
97.0,-36.0,56.0,#D4FF85
97.0,-36.0,82.0,#E0FF43
97.0,-34.0,16.0,#B9FFD6
97.0,-34.0,20.0,#BDFFCE
97.0,-34.0,44.0,#D1FF9F
97.0,-34.0,50.0,#D5FF92
97.0,-34.0,62.0,#DBFF78
97.0,-32.0,68.0,#E2FF6A
97.0,-32.0,76.0,#E5FF56
97.0,-30.0,8.0,#BAFFE6
97.0,-30.0,22.0,#C9FFCB
97.0,-30.0,52.0,#DEFF8E
97.0,-28.0,4.0,#BAFFEE
97.0,-28.0,58.0,#E6FF81
97.0,-28.0,88.0,#F1FF2E
97.0,-26.0,10.0,#C6FFE2
97.0,-26.0,64.0,#ECFF74
97.0,-26.0,104.0,#F9FF00
97.0,-24.0,6.0,#C7FFEA
97.0,-24.0,52.0,#EBFF8F
97.0,-24.0,72.0,#F3FF61
97.0,-22.0,0.0,#C5FFF6
97.0,-22.0,10.0,#D0FFE2
97.0,-22.0,38.0,#E7FFAB
97.0,-22.0,66.0,#F5FF70
97.0,-22.0,126.0,#FFFE00
97.0,-20.0,-6.0,#C2FFFF
97.0,-20.0,4.0,#CEFFEE
97.0,-18.0,6.0,#D5FFEA
97.0,-18.0,66.0,#FCFD70
97.0,-16.0,86.0,#FFFC39
97.0,-14.0,0.0,#D8FFF6
97.0,-14.0,4.0,#DCFEEE
97.0,-14.0,30.0,#F2FDBC
97.0,-14.0,46.0,#FBFC9C
97.0,-12.0,-4.0,#D8FEFE
97.0,-12.0,2.0,#DFFDF2
97.0,-10.0,20.0,#F2FBCF
97.0,-10.0,30.0,#F9FABC
97.0,-10.0,44.0,#FFFAA0
97.0,-10.0,58.0,#FFF983
97.0,-8.0,34.0,#FFF9B4
97.0,-6.0,-4.0,#E6FAFE
97.0,-6.0,0.0,#EAFAF6
97.0,-6.0,4.0,#EDFAEE
97.0,-6.0,20.0,#FAF9D0
97.0,-6.0,38.0,#FFF8AC
97.0,-6.0,52.0,#FFF790
97.0,-6.0,60.0,#FFF77F
97.0,-4.0,-4.0,#EAF9FE
97.0,-4.0,4.0,#F2F8EE
97.0,-4.0,8.0,#F5F8E7
97.0,-4.0,12.0,#F8F8DF
97.0,-4.0,16.0,#FBF8D7
97.0,-2.0,-4.0,#EEF8FE
97.0,-2.0,12.0,#FCF7DF
97.0,-2.0,20.0,#FFF6D0
97.0,-2.0,50.0,#FFF594
97.0,0.0,8.0,#FDF6E7
97.0,0.0,12.0,#FFF5DF
97.0,2.0,0.0,#FAF5F6
97.0,2.0,26.0,#FFF3C4
97.0,4.0,-4.0,#FBF4FE
97.0,4.0,0.0,#FEF4F6
97.0,4.0,4.0,#FFF4EF
97.0,4.0,30.0,#FFF2BC
97.0,6.0,-4.0,#FFF3FE
97.0,6.0,0.0,#FFF3F7
97.0,6.0,4.0,#FFF2EF
97.0,6.0,8.0,#FFF2E7
97.0,6.0,12.0,#FFF2DF
97.0,6.0,16.0,#FFF1D8
97.0,6.0,20.0,#FFF1D0
97.0,6.0,28.0,#FFF1C1
97.0,8.0,0.0,#FFF1F7
97.0,8.0,4.0,#FFF1EF
97.0,8.0,8.0,#FFF1E7
97.0,8.0,12.0,#FFF0E0
97.0,8.0,16.0,#FFF0D8
97.0,10.0,2.0,#FFF0F3
97.0,10.0,6.0,#FFEFEB
97.0,10.0,10.0,#FFEFE3
97.0,12.0,0.0,#FFEFF7
97.0,12.0,4.0,#FFEEEF
97.0,12.0,8.0,#FFEEE7
98.0,-36.0,40.0,#CDFFA9
98.0,-34.0,32.0,#CBFFB9
98.0,-34.0,102.0,#ECFF00
98.0,-30.0,34.0,#D6FFB6
98.0,-28.0,26.0,#D4FFC6
98.0,-28.0,96.0,#F6FF00
98.0,-28.0,112.0,#F9FF00
98.0,-22.0,32.0,#E5FFBA
98.0,-22.0,90.0,#FFFF2B
98.0,-20.0,46.0,#F2FF9E
98.0,-20.0,52.0,#F5FF91
98.0,-20.0,96.0,#FFFF00
98.0,-18.0,10.0,#DCFFE5
98.0,-16.0,-4.0,#D1FFFF
98.0,-16.0,78.0,#FFFF55
98.0,-12.0,8.0,#E7FFE9
98.0,-10.0,-2.0,#E2FFFD
98.0,-10.0,6.0,#EAFFED
98.0,-10.0,10.0,#EDFEE6
98.0,-10.0,14.0,#F1FEDE
98.0,-10.0,52.0,#FFFC92
98.0,-8.0,-4.0,#E4FEFF
98.0,-8.0,0.0,#E8FEF9
98.0,-8.0,16.0,#F6FDDA
98.0,-8.0,24.0,#FCFCCA
98.0,-6.0,46.0,#FFFA9F
98.0,-4.0,20.0,#FFFAD2
98.0,-4.0,28.0,#FFFAC3
98.0,-2.0,2.0,#F7FAF5
98.0,-2.0,6.0,#FAFAEE
98.0,0.0,28.0,#FFF7C3
98.0,2.0,22.0,#FFF6CF
99.0,-30.0,46.0,#E1FFA0
99.0,-28.0,40.0,#E1FFAC
99.0,-28.0,80.0,#F5FF51
99.0,-24.0,26.0,#DFFFC9
99.0,-24.0,82.0,#FDFF4C
99.0,-22.0,20.0,#DFFFD4
99.0,-20.0,14.0,#DEFFE0
99.0,-20.0,26.0,#E8FFC9
99.0,-20.0,60.0,#FCFF83
99.0,-20.0,76.0,#FFFF5D
99.0,-18.0,18.0,#E6FFD9
99.0,-16.0,12.0,#E5FFE4
99.0,-16.0,22.0,#EDFFD1
99.0,-16.0,34.0,#F6FFB9
99.0,-16.0,40.0,#FAFFAD
99.0,-16.0,60.0,#FFFF83
99.0,-14.0,14.0,#EBFFE0
99.0,-14.0,18.0,#EEFFD9
99.0,-14.0,26.0,#F5FFC9
99.0,-12.0,36.0,#FFFFB5
99.0,-10.0,2.0,#E9FFF8
99.0,-6.0,-2.0,#EDFFFF
99.0,-6.0,2.0,#F1FFF8
99.0,-6.0,14.0,#FCFFE1
99.0,-4.0,-2.0,#F2FFFF
99.0,-4.0,2.0,#F6FEF8
99.0,-2.0,-2.0,#F6FDFF
99.0,-2.0,24.0,#FFFCCD
99.0,2.0,-2.0,#FEFBFF
99.0,2.0,2.0,#FFFBF8
99.0,4.0,-2.0,#FFFAFF
99.0,4.0,2.0,#FFF9F8
100.0,-20.0,40.0,#F5FFB0
100.0,-12.0,20.0,#F7FFD8
100.0,-8.0,8.0,#F5FFEF
100.0,-6.0,8.0,#FAFFEF
100.0,-2.0,4.0,#FEFFF7
100.0,0.0,0.0,#FFFFFF
100.0,0.0,4.0,#FFFFF7
