L,a,b,hex_srgb
0.0,0.0,0.0,#000000
0.0625,2.625,-4.375,#02000B
0.0625,6.0,-10.125,#040015
0.125,12.5,-20.125,#090022
0.125,17.125,-25.25,#0C0029
0.1875,24.0,-31.75,#0F0031
0.25,33.375,-38.625,#13003A
0.25,38.75,-42.0,#16003F
0.3125,44.0,-45.625,#180044
0.375,51.125,-50.25,#1B004B
0.5625,4.375,0.875,#0E0000
0.5625,56.25,-54.125,#1C0051
0.5625,62.625,-58.0,#200057
0.5625,70.875,-63.0,#24005E
0.625,11.75,-11.125,#120018
0.6875,79.875,-69.0,#280067
0.8125,31.875,-32.5,#1B0034
0.8125,85.5,-72.875,#2B006D
1.0,90.75,-76.625,#2D0073
1.125,9.5,1.75,#180000
1.25,13.625,-4.0,#1B000E
1.3125,7.75,-4.625,#12000F
1.3125,17.875,-10.375,#1D0018
1.3125,25.0,-20.625,#1E0025
1.4375,21.75,-15.375,#1E001F
1.4375,49.5,-42.875,#260043
1.5,101.125,-81.75,#37007D
1.5,104.875,-86.5,#340084
1.5625,30.75,-24.375,#22002A
1.75,37.5,-34.375,#210038
1.9375,69.625,-57.125,#2F0059
1.9375,77.75,-63.5,#320062
2.0625,43.625,-33.75,#290038
2.0625,95.125,-81.625,#2D007E
2.125,109.375,-90.5,#36008C
2.25,19.25,2.5,#250003
2.3125,23.625,-3.875,#270011
2.3125,39.125,-27.5,#290030
2.4375,27.5,-9.0,#280019
2.5625,56.125,-43.5,#2F0047
2.5625,63.5,-63.875,#170064
2.5625,116.0,-95.5,#390095
2.5625,121.125,-98.625,#3C009A
2.625,48.625,-55.375,#090058
2.6875,73.625,-70.125,#1E006E
2.875,38.25,-21.25,#2D0029
2.875,50.125,-36.875,#2F003E
3.0,35.25,-15.25,#2E0022
3.0,65.0,-52.75,#310055
3.25,86.25,-67.125,#3C006B
3.3125,27.125,5.125,#2E0001
3.375,29.5,-3.25,#2D0013
3.5,23.75,-42.875,#000248
3.5,30.625,-45.875,#00004C
3.5,35.375,-49.75,#000051
3.5625,54.625,-61.0,#080062
3.5625,126.375,-103.625,#3E00A5
3.625,79.625,-75.625,#1F0079
3.75,98.25,-86.875,#2C008B
3.8125,46.25,-26.125,#340032
3.8125,95.625,-74.0,#420077
3.875,24.25,-36.625,#060140
4.0,33.375,1.75,#33000C
4.0625,41.0,-53.5,#000058
4.0625,63.25,-45.0,#39004C
4.0625,76.125,-56.625,#3E005D
4.25,85.25,-78.75,#26007F
4.3125,39.375,-10.5,#36001F
4.375,51.5,-29.25,#390037
4.4375,57.125,-49.25,#2E0053
4.5,65.625,-69.25,#0F0071
4.5625,33.0,7.75,#360000
4.5625,38.625,-4.125,#370017
4.5625,45.875,-19.375,#39002B
4.5625,104.0,-91.75,#2F0094
4.625,89.875,-83.5,#250087
4.75,60.75,-38.875,#3D0045
4.9375,110.0,-96.0,#33009C
5.125,106.625,-80.875,#4C0085
5.125,120.375,-92.25,#500097
5.1875,73.0,-50.75,#430057
5.3125,115.75,-88.125,#500091
5.375,101.25,-76.25,#4B007E
5.5,8.0,-37.5,#001245
5.5,11.25,-32.0,#00103D
5.5,14.0,-41.0,#00104A
5.5,14.375,-26.875,#0A0D36
5.5,17.625,-21.25,#1A092E
5.5,18.5,-35.375,#000B42
5.5,21.125,-28.625,#150738
5.5,27.125,-27.625,#200137
5.5,27.625,-16.5,#2A0028
5.5,39.625,-39.125,#240047
5.5625,30.75,-39.625,#130148
5.5625,45.5,-11.625,#3E0023
5.625,40.75,-47.0,#180053
5.625,44.875,-59.25,#000065
5.625,59.0,-67.375,#000071
5.625,83.0,-59.625,#470066
5.875,70.625,-66.0,#2C0070
5.875,71.75,-74.875,#12007D
5.9375,-0.875,-0.375,#111414
6.0,119.625,-103.5,#3900AC
6.125,41.625,6.25,#40000A
6.1875,91.5,-67.375,#4B0073
6.3125,57.25,-28.5,#44003B
6.5625,-7.625,-29.0,#001A3B
6.5625,-2.25,-32.875,#001941
6.5625,-2.25,-24.75,#001835
6.5625,1.875,-21.0,#001530
6.5625,3.75,-32.625,#001640
6.5625,5.5,-18.0,#0A132C
6.5625,6.75,-26.375,#001438
6.5625,9.25,-14.875,#161128
6.5625,10.0,-22.0,#0D1132
6.5625,13.625,-11.375,#1F0E24
6.5625,18.875,-7.0,#28091E
6.5625,28.75,-50.875,#000A5B
6.5625,32.25,-21.0,#2E0031
6.5625,33.0,-10.875,#340023
6.5625,49.75,-63.75,#00006E
6.5625,51.625,-47.375,#2D0056
6.625,65.0,-57.625,#330065
6.6875,126.875,-108.875,#3E00B6
6.75,20.0,-13.125,#260926
6.75,51.375,-20.75,#430031
6.75,52.5,-40.875,#37004D
6.75,55.5,-34.625,#3F0044
6.75,79.75,-80.875,#190089
6.75,80.25,-66.375,#3E0073
6.8125,56.125,-55.375,#280062
6.875,33.25,-31.125,#28003F
6.875,35.375,-55.5,#000562
6.875,44.5,-2.0,#430019
6.875,69.25,-45.75,#470054
6.875,113.5,-101.25,#3400AA
6.9375,67.125,-40.125,#49004C
6.9375,88.125,-73.375,#40007E
7.0625,126.25,-97.875,#5700A5
7.125,95.375,-91.0,#25009A
7.3125,102.875,-85.375,#460092
7.5,-20.75,-19.875,#002031
7.5,-15.75,-24.75,#001E37
7.5,-15.375,-16.875,#001E2D
7.5,-9.5,-21.125,#001C32
7.5,-9.375,-14.75,#001B2A
7.5,-4.375,-10.625,#011924
7.5,-4.125,-16.875,#00192D
7.5,0.0,-12.25,#091727
7.5,2.875,-7.0,#161620
7.5,6.625,-4.625,#1D141D
7.5,11.375,-2.0,#241119
7.5,20.75,-48.0,#001259
7.5,37.625,10.625,#410004
7.5,39.0,-16.75,#3A002D
7.5,40.625,-24.75,#370038
7.5,75.0,-61.875,#3F006E
7.5625,24.0,-0.375,#310518
7.5625,46.5,-51.5,#1F005E
7.625,16.75,0.875,#2B0D16
7.625,40.75,-32.875,#320043
7.6875,46.5,-39.25,#33004D
7.6875,103.875,-96.875,#2C00A5
7.75,111.875,-83.25,#590090
8.0,50.875,-13.5,#49002A
8.0,64.875,-34.25,#4D0047
8.0,86.0,-87.0,#1A0096
8.0625,24.25,-22.375,#270936
8.125,42.625,14.0,#470000
8.125,88.125,-62.125,#520070
8.1875,73.875,-80.25,#07008C
8.1875,91.375,-78.625,#410089
8.1875,95.625,-83.0,#400090
8.375,20.875,-40.875,#001250
8.5625,119.5,-97.5,#5100A9
8.625,109.25,-91.0,#4B009E
9.0,63.75,-48.375,#44005D
9.1875,79.25,-55.875,#500069
9.25,49.25,6.5,#4F0013
9.3125,76.5,-46.625,#55005C
9.4375,59.75,-21.75,#520039
9.5,-34.25,-11.875,#00262A
9.5,-28.75,-16.0,#002530
9.5,-27.25,-9.75,#002427
9.5,-22.125,-13.375,#00232C
9.5,-21.5,-7.375,#002224
9.5,-15.875,-5.25,#002021
9.5,-9.625,-3.125,#041E1E
9.5,3.25,0.25,#1F191A
9.5,7.75,2.375,#251718
9.5,20.125,6.375,#340D12
9.5,26.375,9.875,#3B050C
9.5,27.125,-35.75,#1E0C4C
9.5,31.0,-4.0,#3C0021
9.5,31.125,2.875,#3E0018
9.5,34.875,-36.875,#29024D
9.5,35.25,-45.25,#1B055A
9.5,36.25,-0.875,#42001D
9.5,36.75,-60.75,#000A71
9.5,47.25,-31.875,#3F0047
9.5,62.25,-75.625,#000088
9.5,62.25,-62.625,#2E0074
9.5,62.5,-28.5,#520042
9.5,98.375,-72.75,#580084
9.5,119.125,-108.5,#3800BE
9.5625,-1.5,-5.75,#141C22
9.5625,12.375,-45.625,#001A5A
9.5625,40.875,-56.125,#01016A
9.5625,76.25,-73.125,#340084
9.5625,125.25,-103.25,#5400B5
9.625,38.375,-7.375,#430025
9.625,44.75,-65.5,#000078
9.625,61.5,-42.375,#480056
9.625,70.125,-58.5,#42006E
9.625,97.375,-96.125,#2300A9
9.75,114.0,-95.25,#4F00A9
9.8125,49.75,-2.0,#4F001F
9.9375,6.375,-41.25,#001D55
9.9375,90.125,-92.375,#1B00A4
9.9375,108.5,-103.0,#2E00B6
10.0,24.625,-53.625,#001567
10.0625,83.875,-69.875,#490081
10.1875,0.375,-28.75,#001E43
10.1875,28.0,-12.75,#37072D
10.1875,45.125,-7.0,#4B0026
10.25,14.75,-18.875,#221636
10.375,12.25,-37.875,#001A51
10.375,68.75,-72.25,#280085
10.5625,49.625,17.0,#550001
10.5625,49.75,-25.625,#490040
10.5625,56.5,-61.125,#290074
10.5625,79.375,-85.625,#14009B
10.5625,85.625,-81.125,#390094
10.5625,99.625,-79.0,#550091
10.625,108.5,-79.0,#620091
10.75,70.125,-36.375,#590050
10.875,118.125,-86.75,#67009E
10.9375,93.25,-63.5,#600079
11.125,41.25,19.125,#4F0000
11.125,57.0,-7.5,#590029
11.125,59.0,-16.0,#580035
11.1875,83.125,-51.25,#5F0067
11.375,48.25,-17.75,#4D0037
11.5,-46.375,-3.75,#002C23
11.5,-41.625,-7.75,#002B28
11.5,-38.125,-1.75,#002A20
11.5,-31.125,0.25,#00281D
11.5,-25.0,-21.875,#00283C
11.5,-25.0,1.75,#00261C
11.5,-16.875,3.75,#002419
11.5,-13.875,-31.25,#00264A
11.5,-10.875,-9.875,#00232C
11.5,-8.25,-36.0,#002551
11.5,-7.625,6.375,#172116
11.5,-3.75,-0.125,#19201F
11.5,-3.25,7.5,#1E1F14
11.5,-3.125,-40.25,#002457
11.5,0.375,3.75,#211E19
11.5,3.75,7.75,#271C14
11.5,4.875,-11.625,#1C1D2E
11.5,8.375,-31.125,#001E4A
11.5,8.375,10.625,#2D1A0F
11.5,9.625,-9.625,#251A2C
11.5,12.875,8.25,#321714
11.5,14.0,-29.375,#121A47
11.5,15.0,-5.75,#2F1727
11.5,17.125,12.75,#37140C
11.5,17.375,-34.375,#0E194E
11.5,18.5,-23.875,#251640
11.5,21.5,-29.25,#231547
11.5,28.0,-41.75,#181159
11.5,30.25,-27.25,#320A44
11.5,30.5,16.375,#450204
11.5,38.875,5.375,#4B0019
11.5,40.625,-39.375,#340056
11.5,41.875,-12.0,#490030
11.5,44.75,-45.0,#33005E
11.5,52.0,-71.75,#000087
11.5,56.625,-50.5,#3E0067
11.5,61.75,-69.75,#200084
11.5,92.375,-70.25,#590085
11.5,102.625,-92.25,#4600A8
11.5,123.25,-113.75,#3B00CC
11.5625,4.125,-24.0,#011F40
11.5625,23.25,-6.0,#380F27
11.5625,45.0,2.625,#51001D
11.5625,46.75,-56.75,#200070
11.5625,61.25,-55.375,#3F006E
11.5625,101.875,-101.625,#2600B8
11.5625,112.5,-107.75,#3100C2
11.625,33.625,8.875,#470014
11.625,39.875,-48.625,#240364
11.625,67.25,-80.125,#000095
11.625,122.625,-91.5,#6A00A8
11.6875,59.875,-36.875,#500053
11.6875,91.25,-86.0,#3D009F
11.75,36.375,-21.25,#3F003D
11.75,69.0,-64.625,#3E007D
11.75,77.0,-67.125,#470081
11.875,-19.5,-26.5,#002844
12.0625,53.0,-35.875,#490052
12.0625,55.625,-29.25,#510049
12.125,-5.625,-21.125,#00243D
12.1875,-0.75,-18.625,#022239
12.25,-12.125,-24.0,#002641
12.3125,6.75,-46.75,#002363
12.3125,24.75,-18.125,#351139
12.3125,72.0,-49.25,#560067
12.375,-17.25,-19.875,#00283B
12.375,-6.25,-29.625,#002549
12.375,13.75,-50.75,#002069
12.375,28.75,-49.375,#001567
12.4375,-32.625,-6.875,#002B29
12.4375,-26.125,-4.625,#002926
12.4375,-16.125,-13.5,#002733
12.4375,34.125,-53.625,#00116D
12.5,-10.875,-17.75,#002639
12.5,18.875,-11.75,#321631
12.5625,38.125,-66.25,#001281
12.5625,54.75,3.75,#5D001E
12.5625,55.0,12.375,#5E0012
12.5625,56.125,-67.0,#1D0083
12.5625,73.25,-85.625,#0000A0
12.5625,81.125,-76.5,#410092
12.5625,89.125,-56.0,#660072
12.5625,98.0,-86.375,#4D00A2
12.625,81.75,-91.75,#0000AB
12.6875,116.0,-102.625,#4F00BD
12.75,39.625,-27.5,#410048
13.0,104.375,-84.125,#5D009F
13.125,48.5,-11.375,#540033
13.125,57.75,-1.875,#600026
13.5,-57.125,4.125,#00311C
13.5,-52.875,-1.125,#003123
13.5,-50.875,5.375,#00301A
13.5,-42.375,6.875,#002E18
13.5,-39.25,-15.875,#002F38
13.5,-36.375,6.125,#002D19
13.5,-34.25,-21.25,#002E40
13.5,-30.5,9.0,#002C15
13.5,-29.125,-26.75,#002D48
13.5,-25.0,-31.25,#002D4E
13.5,-24.625,10.25,#002A13
13.5,-20.125,-1.5,#002924
13.5,-19.75,-34.25,#002C53
13.5,-18.0,11.5,#092812
13.5,-14.5,-37.25,#002B57
13.5,-10.125,12.875,#1A2610
13.5,-5.125,13.75,#22240E
13.5,2.375,15.125,#2C210C
13.5,8.375,-20.0,#1C203E
13.5,10.5,-1.375,#301D25
13.5,21.25,-44.0,#001C62
13.5,25.0,-0.25,#411124
13.5,25.25,-59.375,#001D79
13.5,45.625,-71.0,#000A8B
13.5,53.25,22.875,#610000
13.5,54.125,-19.375,#58003F
13.5,60.25,-80.625,#00009B
13.5,62.625,-10.0,#640032
13.5,65.5,-22.5,#630043
13.5,74.125,-61.375,#50007D
13.5,81.5,-61.5,#5A007D
13.5,89.875,-97.75,#0D00B7
13.5,95.5,-101.0,#1800BC
13.5,107.25,-96.5,#4D00B5
13.5625,-4.0,-10.75,#0F2531
13.5625,0.625,-11.875,#192333
13.5625,3.25,-4.75,#242129
13.5625,22.375,16.625,#42130A
13.5625,35.0,-15.0,#460438
13.5625,38.5,14.0,#520011
13.5625,46.75,23.375,#5B0000
13.5625,50.375,-49.5,#3B006A
13.5625,66.625,-45.125,#570064
13.5625,73.875,-41.5,#62005F
13.5625,81.125,-45.875,#670065
13.625,11.5,16.875,#371C09
13.625,19.0,-54.875,#002072
13.625,33.375,-32.5,#370C51
13.625,43.125,-33.75,#430053
13.625,47.625,-39.375,#43005B
13.625,72.5,-77.875,#2D0097
13.625,87.625,-75.75,#510094
13.625,94.375,-75.5,#5C0093
13.625,98.5,-67.375,#6B0087
13.625,113.125,-89.125,#6600A9
13.6875,1.875,-37.75,#002658
13.6875,16.375,0.125,#381A23
13.6875,32.0,-61.625,#00187D
13.6875,32.25,-9.625,#450831
13.6875,34.625,21.125,#500001
13.75,67.25,-29.0,#62004D
13.75,106.125,-107.375,#2700C8
13.8125,104.5,-75.125,#6B0093
13.8125,113.25,-83.125,#6E00A0
13.875,77.5,-52.5,#5F0070
14.0,74.375,-32.5,#690053
14.0625,23.875,-38.0,#1E1A5A
14.375,52.125,-62.75,#270081
14.4375,-32.875,-15.0,#002F39
14.4375,-10.375,0.25,#122924
14.4375,120.5,-98.25,#6600BB
14.5,39.875,-59.5,#01107C
14.5625,-45.0,-19.875,#003240
14.5625,24.25,6.0,#44141D
14.5625,42.625,-22.625,#4D0045
14.5625,45.25,9.25,#5A001A
14.5625,54.125,-78.625,#00009A
14.5625,66.25,-51.25,#530070
14.5625,94.0,-91.125,#4100AF
14.5625,114.125,-113.375,#2E00D4
14.5625,125.125,-118.875,#3D00DE
14.625,-40.375,-23.75,#003246
14.625,-35.375,-27.25,#00314B
14.625,-25.0,-16.5,#002E3C
14.625,24.0,-24.25,#341847
14.625,53.125,-44.25,#490065
14.625,60.125,-25.5,#5F004A
14.625,88.75,-62.0,#660081
14.6875,65.125,-36.875,#5E005B
14.6875,66.75,-86.25,#0000A7
14.75,-2.125,-46.125,#002B68
14.75,31.25,-19.875,#410F42
14.75,40.5,-4.25,#53002C
14.8125,46.25,-28.5,#4E004E
14.8125,60.75,-47.625,#50006B
14.875,13.5,-14.625,#2E1F3A
14.875,19.375,-17.25,#341B3E
14.875,78.375,-37.625,#6D005C
14.9375,-6.625,-5.0,#15292C
14.9375,61.0,5.625,#6A0021
14.9375,123.5,-107.125,#5C00CB
15.0,-7.5,-43.375,#002D64
15.0,54.0,-55.625,#3C0077
15.0625,-22.75,-9.25,#002E32
15.0625,-0.125,-2.5,#242629
15.0625,16.875,-40.0,#00215F
15.0625,17.875,5.875,#3F1B1E
15.0625,32.625,-39.0,#31135E
15.0625,34.0,3.5,#4F0622
15.0625,52.375,-5.0,#60002E
15.0625,71.375,-55.0,#580077
15.125,-3.375,-34.25,#002A57
15.125,5.0,1.875,#2E2323
15.125,8.0,-36.25,#00265A
15.125,40.375,24.5,#590000
15.125,54.625,-13.0,#600039
15.125,58.875,20.25,#6A000B
15.1875,25.0,-10.5,#401635
15.1875,28.25,11.875,#4B1017
15.1875,62.0,-60.125,#43007F
15.1875,82.0,-82.75,#3D00A3
15.25,10.75,-42.5,#002664
15.25,85.875,-87.625,#3A00AB
15.25,97.375,-61.5,#740082
15.25,107.25,-90.25,#6000B0
15.3125,-0.5,-25.25,#00294A
15.3125,26.375,-32.25,#301955
15.3125,75.25,-91.5,#0000B2
15.3125,100.0,-96.125,#4500BA
15.4375,34.5,-46.125,#29146A
15.5,-66.25,11.0,#003715
15.5,-57.375,13.5,#003511
15.5,-51.25,14.5,#003410
15.5,-40.25,16.0,#00320D
15.5,-29.0,17.75,#002F0A
15.5,-21.375,18.625,#0B2D08
15.5,-15.125,19.75,#1A2C06
15.5,-8.25,20.875,#252904
15.5,-2.125,21.75,#2D2702
15.5,3.0,21.375,#332403
15.5,11.375,23.75,#3D2000
15.5,16.5,20.25,#421C07
15.5,21.125,24.875,#471800
15.5,27.75,24.0,#4E1100
15.5,73.125,-25.625,#6F004D
15.5,83.5,-97.25,#0000BC
15.5625,41.0,-53.625,#270D76
15.5625,82.125,-67.125,#5A008B
15.625,-34.75,12.875,#003113
15.625,58.125,-72.25,#1C0093
15.625,68.5,-15.625,#6E003F
15.625,91.625,-81.375,#5500A2
15.6875,32.25,-2.75,#4D0C2C
15.6875,110.125,-102.375,#4E00C5
15.6875,113.125,-95.0,#6300B9
15.6875,127.0,-101.25,#7000C3
15.75,49.375,0.25,#600029
15.75,63.25,0.0,#6E002A
15.75,72.5,-69.75,#470090
15.75,87.25,-48.125,#73006E
15.75,99.375,-106.75,#1500CD
15.875,3.0,-17.75,#1A2741
15.9375,-13.125,-6.0,#002D30
15.9375,-12.0,7.25,#182C1D
15.9375,9.125,6.125,#37231F
15.9375,20.875,11.25,#461A19
15.9375,44.125,-63.5,#090E86
15.9375,52.5,-25.5,#5A004D
16.125,19.625,-4.5,#3F1C2F
16.125,50.0,27.75,#660000
16.1875,7.25,-26.25,#14274E
16.1875,50.5,15.0,#650016
16.25,-41.25,0.25,#003427
16.25,18.375,-49.5,#002571
16.4375,-15.0,-27.25,#00304F
16.4375,110.25,-73.625,#7D0098
16.5,-20.0,5.0,#003021
16.5,-1.375,15.875,#2E2912
16.5625,-62.75,-9.125,#003935
16.5625,-58.5,-14.0,#00393C
16.5625,-56.5,-6.5,#003831
16.5625,-52.875,-17.875,#003842
16.5625,-52.25,-11.25,#003738
16.5625,-46.75,-8.625,#003634
16.5625,-31.125,-31.625,#003556
16.5625,2.5,-32.0,#002B57
16.5625,5.75,-53.5,#002D78
16.5625,13.75,-56.125,#00297C
16.5625,18.625,-61.0,#002883
16.5625,24.875,-64.625,#002589
16.5625,32.125,-68.25,#00208F
16.5625,40.125,-44.0,#3A0D69
16.5625,46.375,-77.25,#00149E
16.5625,58.125,28.5,#6F0000
16.5625,63.25,11.25,#72001D
16.5625,66.25,-68.625,#400090
16.5625,82.875,-56.125,#6A007D
16.625,-31.625,3.375,#003324
16.625,-0.125,9.125,#2E291C
16.625,36.25,28.625,#5A0300
16.625,39.375,8.75,#5A001F
16.625,60.875,-40.75,#5B0065
16.625,127.0,-112.75,#5D00DA
16.6875,-47.25,-14.625,#00373D
16.6875,13.5,-25.125,#26244D
16.6875,40.125,-73.375,#001A98
16.6875,42.375,-15.5,#560040
16.6875,118.125,-118.125,#3300E3
16.6875,118.5,-84.125,#7E00AA
16.75,6.625,17.125,#392511
16.75,18.0,-31.25,#262257
16.75,66.875,-75.75,#31009C
16.75,67.625,-5.75,#740034
16.75,84.5,-41.25,#770067
16.75,94.625,-55.0,#7A007C
16.75,104.625,-67.0,#7D008E
16.8125,-7.25,-15.375,#002D3F
16.8125,29.125,-53.625,#001F79
16.8125,38.5,-10.0,#540439
16.8125,43.5,17.0,#600014
16.8125,88.625,-69.0,#650092
16.875,-37.5,-6.5,#003532
16.875,12.875,-8.5,#362336
16.875,35.375,-24.5,#480F4D
16.875,41.75,2.125,#5C0028
16.875,58.25,-34.0,#5E005C
16.875,59.375,-19.5,#670047
16.875,99.125,-81.875,#6400A7
16.9375,6.625,-14.75,#28283F
16.9375,7.25,-8.5,#2E2736
16.9375,13.375,12.0,#402219
16.9375,54.75,7.875,#6A0021
17.0625,-28.875,-10.125,#003438
17.0625,98.375,-72.5,#700098
17.125,-14.75,-17.125,#003142
17.125,-2.625,1.875,#272B27
17.125,24.375,-49.25,#002273
17.125,123.625,-93.75,#7B00BB
17.1875,-20.5,-23.0,#00334B
17.1875,38.25,-37.625,#410F61
17.1875,75.25,-46.875,#6A0070
17.1875,90.75,-102.75,#0400CA
17.1875,116.0,-106.625,#5600D1
17.1875,118.375,-90.25,#7800B5
17.25,46.375,-6.75,#5F0035
17.25,77.125,-74.5,#4C009B
17.25,114.875,-78.0,#8100A2
17.3125,26.25,-43.5,#20206A
17.3125,32.625,15.875,#560E16
17.3125,49.0,-16.0,#5E0042
17.3125,52.125,-69.375,#190293
17.375,60.75,-53.25,#51007A
17.375,69.25,-40.875,#680067
17.4375,-29.0,-2.75,#00342E
17.4375,4.625,9.625,#36281D
17.4375,35.125,-57.25,#071B80
17.4375,45.625,-46.625,#420370
17.4375,52.0,-32.375,#59005A
17.4375,108.0,-81.0,#7500A7
17.5,-73.875,17.75,#003C0E
17.5,-65.75,20.75,#003B07
17.5,-55.625,21.625,#003906
17.5,-44.0,22.75,#003703
17.5,-36.625,21.0,#003508
17.5,-29.625,24.0,#003401
17.5,-19.875,24.75,#173100
17.5,-6.125,-25.5,#002F50
17.5,69.0,-91.875,#0000B8
17.5,77.5,-96.875,#0000C1
17.5625,2.625,-43.5,#002E6B
17.5625,102.25,-101.375,#4500C9
17.5625,108.25,-114.0,#2300DE
17.625,-4.0,8.625,#2A2D1F
17.625,4.5,26.875,#3B2800
17.625,60.25,-66.75,#3B0090
17.625,79.625,-30.5,#7A0059
17.625,93.25,-65.25,#72008E
17.6875,-44.375,11.125,#00381A
17.6875,58.5,-86.0,#0002AF
17.75,-11.5,-32.875,#00335B
17.8125,-15.375,-0.25,#0A312C
17.8125,42.375,30.0,#630000
17.8125,48.875,-57.75,#360382
17.8125,67.375,-58.875,#550084
17.875,25.75,-5.0,#4A1B34
17.875,76.0,-81.25,#3D00A8
17.875,101.375,-88.75,#6100B5
17.9375,57.375,1.75,#6E002C
17.9375,74.875,-20.125,#7A004B
18.0,-16.875,-10.875,#00333B
18.0,-11.75,25.125,#263001
18.0,10.125,-48.125,#002D73
18.0625,-60.375,6.75,#003B21
18.0625,-48.375,-3.0,#003A30
18.0625,60.0,-6.875,#6F0038
18.125,0.875,2.625,#2F2C29
18.125,53.0,-38.375,#570065
18.125,57.875,14.125,#72001C
18.125,77.75,-59.25,#650086
18.1875,-2.875,-7.0,#212E36
18.1875,54.625,-50.375,#4D0078
18.1875,69.5,-33.125,#6F005E
18.3125,-29.375,-18.375,#003847
18.3125,-13.75,12.75,#1E321A
18.3125,27.5,2.375,#50192A
18.3125,47.0,-35.625,#520061
18.375,110.0,-107.75,#4A00D6
18.4375,39.625,-66.625,#001C92
18.4375,63.875,20.875,#790014
18.5625,-41.125,-30.375,#003C59
18.5625,-23.75,-39.75,#003967
18.5625,-18.125,-43.0,#00386C
18.5625,-7.625,-48.875,#003575
18.5625,-2.125,-51.75,#00347A
18.5625,62.75,-13.625,#710042
18.5625,67.75,5.125,#7B0029
18.5625,86.375,-79.75,#5800A8
18.5625,124.875,-125.5,#3500F5
18.625,13.25,-36.625,#0D2A63
18.625,47.875,5.375,#670028
18.625,69.5,-48.0,#660075
18.625,70.25,-83.0,#2900AD
18.6875,-1.25,-18.75,#132F48
18.6875,26.125,18.375,#541A14
18.6875,29.0,-26.25,#431C54
18.6875,38.5,-19.625,#540D4B
18.6875,89.625,-94.0,#3F00BF
18.75,-12.25,-44.625,#00376F
18.75,-4.875,-39.375,#003367
18.75,13.75,-2.0,#3F2631
18.75,22.25,-55.375,#002880
18.75,29.0,-15.625,#4B1B45
18.75,50.625,-81.25,#0014AA
18.75,67.75,-24.375,#730052
18.75,72.125,-10.375,#7D003F
18.75,81.375,-90.25,#3300B9
18.75,102.25,-112.5,#1000DF
18.8125,-29.375,-37.0,#003A64
18.8125,61.5,-77.75,#2000A5
18.8125,84.625,-74.0,#5F009F
18.875,-20.125,-29.625,#003759
18.875,7.125,-2.625,#372A32
18.875,30.5,31.375,#5B1500
18.875,81.75,-49.25,#750078
18.875,103.0,-61.5,#86008C
18.9375,46.875,-23.75,#5C0051
18.9375,71.25,-63.375,#59008E
18.9375,92.625,-48.5,#830077
19.1875,38.5,19.375,#620715
19.25,-18.75,-36.5,#003964
19.3125,2.25,-12.75,#272F41
19.3125,21.5,-36.25,#2A2664
19.3125,32.25,-34.75,#401C62
19.3125,57.625,-59.75,#480089
19.4375,-25.625,-32.25,#003A5E
19.4375,53.25,21.75,#720013
19.4375,61.5,-28.875,#6C005A
19.5,-82.125,4.75,#004227
19.5,-81.875,11.875,#00421C
19.5,-81.625,19.25,#00410F
19.5,-78.625,-2.0,#004231
19.5,-78.125,26.125,#004100
19.5,-74.125,6.5,#004124
19.5,-73.25,-5.375,#004136
19.5,-70.875,27.5,#004000
19.5,-68.5,3.0,#00402A
19.5,-67.25,-5.625,#004036
19.5,-57.0,28.5,#003E00
19.5,-54.5,1.5,#003E2C
19.5,-51.0,26.5,#003D00
19.5,-49.75,7.75,#003D23
19.5,-45.0,29.125,#003C00
19.5,-40.125,-19.75,#003D4B
19.5,-38.5,-12.25,#003C40
19.5,-37.375,27.25,#003A00
19.5,-28.125,12.875,#00381B
19.5,-27.5,-24.625,#003A53
19.5,-26.125,30.375,#103700
19.5,-23.25,-1.75,#003831
19.5,-20.5,-16.125,#003846
19.5,-9.375,31.375,#2F3200
19.5,-5.0,26.875,#333002
19.5,-1.0,31.5,#3A2F00
19.5,7.5,32.625,#442A00
19.5,9.25,-20.0,#2C2C4C
19.5,14.5,33.0,#4C2600
19.5,17.5,15.75,#4C2419
19.5,20.625,30.125,#522100
19.5,29.5,-9.5,#511B3E
19.5,42.875,-30.75,#54095D
19.5,63.5,-89.75,#0000BA
19.5,86.0,-35.125,#840064
19.5,95.25,-96.5,#4900C6
19.5,102.125,-76.875,#7800A6
19.5,105.625,-96.5,#6000C6
19.5625,-64.125,27.875,#003F00
19.5625,-38.75,8.0,#003B23
19.5625,-20.875,13.875,#11371A
19.5625,-17.25,30.875,#233500
19.5625,19.5,-12.75,#422542
19.5625,21.125,-22.0,#3D2550
19.5625,44.875,-70.25,#00199A
19.5625,45.5,-52.25,#3F0E7E
19.5625,49.625,33.5,#700000
19.5625,84.875,-103.375,#0000D2
19.5625,117.625,-96.25,#7600C6
19.625,-62.125,14.0,#003F19
19.625,-50.0,19.625,#003D10
19.625,-9.625,-21.0,#00354E
19.625,30.625,-63.25,#00268F
19.625,36.75,-4.75,#5B1037
19.625,55.625,33.75,#760000
19.625,70.75,-1.0,#800034
19.625,74.875,-52.875,#6B007F
19.625,94.5,-86.25,#5E00B5
19.625,112.75,-89.5,#7800BB
19.625,119.0,-112.75,#5700E2
19.6875,-61.875,0.625,#003F2E
19.6875,-25.5,5.75,#003827
19.6875,-5.25,14.5,#30311A
19.6875,1.375,-37.625,#003367
19.6875,2.625,-5.25,#302F37
19.6875,29.625,-47.875,#252377
19.6875,37.0,-51.375,#2F1C7D
19.6875,62.0,33.875,#7C0000
19.75,54.5,-9.0,#6E003E
19.75,74.75,-40.25,#75006C
19.75,91.375,-73.5,#6D00A1
19.75,93.75,-108.25,#0000DB
19.75,95.875,-77.625,#6E00A8
19.8125,-45.25,3.125,#003D2A
19.8125,-7.5,3.375,#26332B
19.8125,26.375,8.25,#551D25
19.8125,32.75,7.375,#5B1627
19.8125,89.625,-56.875,#7B0086
19.8125,122.75,-102.625,#7500D2
19.875,8.0,-31.75,#0F2F5F
19.9375,-47.0,-21.875,#003F50
19.9375,-8.25,-9.5,#15343E
19.9375,13.75,5.875,#462828
19.9375,17.75,-44.5,#002C72
19.9375,32.875,23.875,#5F150E
19.9375,34.875,-14.0,#561645
19.9375,46.625,24.375,#6D000F
19.9375,50.875,-75.125,#0012A3
19.9375,68.125,16.75,#81001C
19.9375,81.5,-25.25,#850057
19.9375,98.75,-66.75,#7F0097
20.0,-3.125,-30.375,#00345D
20.0625,-35.375,0.0,#003C30
20.0625,21.375,4.875,#4F232A
20.0625,42.125,-57.625,#2E1888
20.0625,112.25,-118.25,#2F00ED
20.125,14.875,27.0,#4C2705
20.125,85.125,-64.0,#700092
20.1875,63.0,-35.75,#6B0067
20.1875,77.875,-15.0,#860049
20.3125,76.75,-86.75,#3800B8
20.3125,123.875,-117.625,#5900ED
20.5,54.625,-15.75,#6D004A
20.5,75.25,-5.375,#87003C
20.5,89.25,-40.625,#88006F
20.5625,-68.25,-17.5,#00434A
20.5625,-62.0,-21.5,#004350
20.5625,-55.625,-25.375,#004256
20.5625,-49.5,-28.75,#00425B
20.5625,-37.25,-35.375,#004066
20.5625,8.375,-61.25,#00358E
20.5625,17.25,-66.5,#003297
20.5625,21.875,-28.25,#3A275B
20.5625,24.875,-69.875,#002E9C
20.5625,35.0,-76.625,#0028A7
20.5625,36.25,34.375,#651000
20.5625,41.875,-79.125,#0023AC
20.5625,58.0,-45.125,#5E0076
20.5625,67.625,28.75,#84000B
20.625,-34.25,-23.625,#003E54
20.625,1.25,-57.125,#003888
20.625,38.75,13.5,#650C20
20.625,44.0,-40.375,#4F0F6E
20.625,54.875,-21.75,#6B0053
20.625,71.25,-73.875,#4D00A4
20.625,99.0,-56.75,#8A0089
20.6875,11.625,16.875,#482B19
20.6875,12.0,-14.75,#392D48
20.6875,47.875,11.625,#6F0023
20.6875,74.375,-29.25,#7E005E
20.6875,80.25,-69.875,#63009D
20.6875,126.125,-107.75,#7500DD
20.75,2.125,15.75,#3C301B
20.75,7.75,-42.0,#003271
20.75,53.625,-64.625,#3B0495
20.75,88.5,-85.5,#5800B7
20.75,111.75,-99.125,#6B00CE
20.8125,-9.5,-2.125,#1F3635
20.8125,0.375,23.75,#3C310D
20.8125,23.375,35.75,#592100
20.8125,70.75,-97.125,#0000CB
20.875,46.0,-11.875,#660045
20.9375,-62.625,-14.0,#004346
20.9375,-2.375,-44.625,#003875
20.9375,2.25,-23.625,#183355
20.9375,34.875,-43.75,#3D1F74
21.0,103.75,-83.625,#7600B5
21.25,-51.875,-7.5,#00423D
21.3125,-57.0,-10.625,#004342
21.3125,80.625,-40.5,#800071
21.375,-25.5,-7.625,#003D3E
21.375,113.125,-69.125,#94009F
21.4375,47.875,-1.0,#6E0036
21.5,-80.875,31.375,#004600
21.5,-73.75,32.875,#004500
21.5,-53.875,12.25,#004220
21.5,-39.375,34.875,#003F00
21.5,-37.375,16.5,#003F19
21.5,-31.75,18.875,#003E16
21.5,-30.0,35.375,#0C3D00
21.5,-22.0,35.875,#203B00
21.5,-15.875,5.5,#1A3A2B
21.5,-10.625,18.125,#2D3718
21.5,3.5,-48.75,#00377D
21.5,9.625,-54.5,#003586
21.5,21.75,23.5,#572511
21.5,33.125,0.375,#5E1A34
21.5,51.5,-46.125,#570079
21.5,54.0,-2.5,#740039
21.5,81.375,-81.875,#5400B3
21.5,86.25,-45.875,#84007A
21.5625,-66.25,33.125,#004400
21.5625,-23.75,20.875,#143C13
21.5625,-16.625,-20.75,#003C52
21.5625,-15.125,36.375,#2C3900
21.5625,-3.375,36.625,#3C3400
21.5625,5.25,3.5,#3D312F
21.5625,14.125,-30.875,#2A2F62
21.5625,16.125,-52.5,#003183
21.5625,54.375,-88.5,#0019BE
21.5625,64.0,1.375,#800034
21.5625,67.0,-17.625,#7D004F
21.5625,98.125,-48.875,#91007F
21.5625,107.875,-75.875,#8700AA
21.5625,116.375,-124.125,#2800FC
21.625,-44.75,16.125,#00411A
21.625,-32.5,-5.25,#003F3B
21.625,25.875,-60.0,#002D8F
21.625,42.125,37.125,#6F0400
21.625,64.75,-64.875,#530098
21.625,71.375,11.75,#890027
21.625,86.5,-29.125,#8E0061
21.625,105.125,-105.375,#5200DB
21.6875,-47.25,34.5,#004100
21.6875,3.625,37.125,#453100
21.6875,42.75,-4.125,#68083B
21.6875,52.75,27.75,#78000E
21.6875,70.375,23.375,#8A0017
21.6875,83.5,-96.125,#3100CC
21.6875,104.875,-117.5,#1100F0
21.75,-70.125,21.125,#004511
21.75,-53.25,34.125,#004200
21.75,-13.125,-7.5,#0C3A3F
21.75,10.625,37.25,#4E2D00
21.75,21.25,-1.0,#502736
21.75,57.125,-73.0,#3104A5
21.75,62.375,8.0,#80002B
21.75,65.75,-43.625,#6D0077
21.75,115.0,-83.625,#8900B7
21.875,-12.0,-27.5,#003B5D
21.875,-0.875,-1.5,#323537
21.875,31.5,-71.75,#002CA3
21.875,36.5,-30.5,#511C62
21.875,41.125,-25.125,#5C135A
21.875,60.625,26.25,#810012
21.875,63.75,-72.875,#4300A5
21.875,64.125,-83.0,#2100B6
21.875,76.5,-101.25,#0000D5
21.875,78.625,-34.625,#830069
21.875,94.625,-43.25,#910077
21.875,104.0,-71.25,#8700A3
21.9375,-17.5,18.5,#223B18
21.9375,7.125,23.625,#473011
21.9375,9.375,-25.5,#29325A
21.9375,45.5,-18.0,#660550
21.9375,75.5,2.375,#8D0034
21.9375,106.625,-90.625,#7400C3
22.0,9.625,10.125,#472F26
22.0,15.125,-20.625,#3B2E53
22.0,27.5,-38.375,#3A276E
22.0,62.375,-49.625,#640080
22.0,68.75,-54.375,#680088
22.3125,17.75,37.25,#572900
22.3125,33.875,-22.375,#551F57
22.3125,57.25,-36.375,#6A006D
22.375,43.875,19.25,#70031C
22.375,52.0,38.25,#7B0000
22.375,87.875,-107.75,#0000E1
22.4375,-0.875,10.5,#3A3626
22.5,-2.375,4.625,#35372F
22.5,46.375,-61.125,#381994
22.5,66.375,-4.375,#83003E
22.5625,-95.75,10.25,#004B25
22.5625,-90.625,5.5,#004A2C
22.5625,-87.875,12.75,#004A21
22.5625,-69.0,12.375,#004722
22.5625,-61.0,20.75,#004614
22.5625,-42.125,-6.125,#00443E
22.5625,-32.625,-29.875,#004362
22.5625,-31.875,29.25,#004002
22.5625,-29.75,-13.375,#004149
22.5625,-19.125,-4.875,#003E3D
22.5625,-14.5,-50.625,#004183
22.5625,-7.875,-53.375,#003F87
22.5625,29.875,37.625,#651F00
22.5625,39.75,26.875,#6E0F10
22.5625,41.0,-46.375,#481C7C
22.5625,50.0,-28.375,#670061
22.5625,55.625,5.25,#7B0031
22.5625,77.0,-64.75,#6A009A
22.5625,97.75,-101.625,#4D00D8
22.5625,113.375,-110.875,#5B00E8
22.5625,115.625,-103.625,#7000DB
22.625,-43.375,-14.875,#00444B
22.625,-16.25,25.5,#293C0D
22.625,-10.875,-15.875,#003C4D
22.625,6.875,-10.75,#393346
22.625,18.25,-7.5,#4B2C42
22.625,23.5,-46.25,#202E7C
22.625,26.875,-52.75,#122C86
22.625,27.5,25.875,#612210
22.625,37.5,4.5,#671631
22.625,62.0,-21.25,#790057
22.625,62.375,-56.375,#5E008D
22.625,81.0,-56.25,#79008D
22.625,109.0,-64.75,#96009B
22.625,115.625,-75.0,#9600AC
22.625,121.375,-89.125,#8F00C3
22.6875,-9.25,8.5,#2D3A29
22.6875,-2.75,-14.25,#22384B
22.6875,21.875,12.75,#582824
22.6875,29.375,13.625,#612123
22.6875,36.625,-63.0,#072797
22.6875,55.375,-79.625,#0113B2
22.6875,58.75,38.625,#830000
22.6875,72.25,-91.625,#1A00C7
22.6875,124.875,-96.625,#8B00D0
22.75,-16.125,-32.125,#003F66
22.75,-11.625,-36.625,#003E6D
22.75,23.875,-17.0,#4D2950
22.75,40.0,-9.375,#651445
22.75,58.0,19.75,#80001D
22.75,70.125,-37.5,#7A0070
22.75,86.25,-52.5,#830087
22.75,90.375,-62.75,#800098
22.8125,14.75,-60.375,#003693
22.8125,39.625,-72.625,#0027A7
22.8125,52.125,-54.375,#51088A
22.8125,66.625,-30.0,#7A0064
22.8125,85.0,-19.875,#930056
22.8125,94.25,-91.5,#5F00C7
22.875,-29.5,0.25,#004136
22.875,49.375,-7.125,#710043
23.0,-21.0,-45.875,#00437C
23.0,72.25,-22.125,#850059
23.0625,49.75,-70.0,#2819A4
23.0625,52.5,15.375,#7B0023
23.125,91.875,-81.125,#6D00B7
23.1875,81.625,-10.5,#940049
23.25,-20.375,9.125,#163F29
23.25,77.75,-48.25,#7D0082
23.25,105.875,-55.625,#9B008E
23.3125,35.375,40.0,#6D1900
23.3125,65.5,39.25,#8B0000
23.375,-49.0,-17.375,#004851
23.375,46.625,-81.5,#0024B7
23.375,75.875,15.875,#940025
23.4375,70.25,-67.25,#5F00A0
23.5,-92.0,-5.375,#004D3F
23.5,-86.875,-9.125,#004D44
23.5,-81.75,-12.5,#004C4A
23.5,-77.875,-7.125,#004B41
23.5,-76.125,16.875,#004A1C
23.5,-74.875,-13.0,#004B4A
23.5,-57.875,37.875,#004700
23.5,-46.875,-34.25,#00496B
23.5,-43.5,23.5,#004511
23.5,-34.75,-41.0,#004776
23.5,-33.75,6.875,#00432D
23.5,-28.75,-44.375,#00467B
23.5,-21.625,-25.5,#00425E
23.5,3.5,29.5,#483508
23.5,13.375,-46.625,#00367F
23.5,56.25,-26.875,#720061
23.5,64.0,-95.875,#000ED0
23.5,71.375,33.125,#91000B
23.5,77.75,-95.5,#2400D0
23.5,92.25,-35.625,#97006F
23.5,117.875,-118.125,#5500F7
23.5,121.0,-82.75,#9800BB
23.5625,-82.875,-3.5,#004C3C
23.5625,-54.625,19.75,#004718
23.5625,-3.5,19.0,#3C391B
23.5625,-0.5,-8.75,#303945
23.5625,3.625,9.625,#43362A
23.5625,9.875,1.5,#473336
23.5625,10.0,-66.25,#003C9E
23.5625,25.875,-32.75,#432B6A
23.5625,27.375,-76.0,#0034AF
23.5625,38.5,-39.5,#502074
23.5625,90.25,-100.125,#4100D8
23.5625,93.25,-52.625,#8E008A
23.625,-41.25,0.75,#004636
23.625,-35.25,-16.125,#004550
23.625,-11.125,40.375,#383C00
23.625,45.75,29.75,#77010E
23.625,75.375,-77.125,#5800B1
23.625,80.875,-105.25,#0000E1
23.625,88.875,-69.0,#7A00A4
23.6875,-43.5,38.75,#004500
23.6875,17.375,-36.625,#2B3270
23.75,-83.375,23.125,#004C11
23.75,-43.875,-29.0,#004864
23.75,-8.25,-45.875,#00407E
23.75,14.875,21.0,#552F19
23.75,62.0,-8.625,#810047
23.8125,-23.25,-12.625,#00424B
23.8125,24.75,-10.5,#552A49
23.8125,28.75,-5.375,#5D2541
23.8125,41.875,9.25,#70102D
23.8125,68.0,-78.625,#4500B4
23.8125,98.75,-110.125,#3600EA
23.875,3.5,-62.375,#003F99
23.875,23.0,41.0,#612800
23.875,62.625,15.75,#880025
23.9375,-26.5,-38.375,#004673
23.9375,-5.625,-19.375,#0E3D56
23.9375,39.25,-15.75,#651A51
23.9375,42.0,-65.375,#21249E
23.9375,78.5,-20.0,#900059
24.0,-78.375,9.875,#004C28
24.0,-59.75,7.75,#004A2C
24.0,-48.375,-1.875,#00483B
24.0,-17.25,-11.625,#00414A
24.0,77.625,10.0,#97002E
24.0625,-21.75,-34.5,#00446D
24.0625,-15.125,-44.375,#00437D
24.0625,11.5,30.5,#533208
24.125,47.75,-34.125,#640F6E
24.1875,34.25,-8.375,#632147
24.1875,74.875,-59.375,#720096
24.1875,81.75,-2.875,#990041
24.25,-27.125,39.875,#1D4300
24.25,69.75,4.625,#8E0036
24.25,75.625,22.0,#97001E
24.25,88.375,-92.125,#5600CC
24.3125,-26.125,26.75,#19430D
24.3125,4.0,-31.125,#0F3B69
24.3125,49.625,20.875,#7C001E
24.3125,114.75,-92.75,#8600CE
24.375,-74.25,-2.0,#004D3C
24.375,-65.0,-8.375,#004C45
24.375,9.75,-37.625,#0E3973
24.375,57.375,-92.875,#001DCE
24.4375,-71.0,-8.0,#004D45
24.4375,-65.125,3.5,#004C33
24.4375,27.0,20.0,#64271D
24.4375,81.125,-87.25,#5100C4
24.5625,-72.125,39.25,#004C00
24.5625,-65.125,40.125,#004B00
24.5625,-60.25,28.0,#004B08
24.5625,-36.125,41.875,#004600
24.5625,-17.625,42.125,#304000
24.5625,-9.875,24.625,#373E13
24.5625,0.125,42.0,#493900
24.5625,3.5,-1.25,#3F393C
24.5625,7.5,42.125,#523500
24.5625,15.0,12.75,#553128
24.5625,33.125,-52.125,#332B8B
24.5625,38.625,-54.75,#3A268F
24.5625,60.25,-15.75,#7F0053
24.5625,70.5,-48.75,#770086
24.5625,72.25,-15.875,#8C0054
24.5625,86.25,-78.75,#6C00B7
24.5625,94.25,-114.625,#0000F4
24.5625,100.625,-88.875,#7500C8
24.5625,106.125,-111.625,#4D00EF
24.5625,107.875,-122.75,#1100FF
24.625,-23.125,1.75,#004337
24.625,-5.75,-5.75,#2B3D43
24.625,5.0,-19.25,#303957
24.625,5.75,16.25,#4A3722
24.625,27.375,1.875,#602839
24.625,50.0,-39.75,#630D78
24.625,60.375,-68.25,#4E00A5
24.625,66.875,-89.75,#1200C9
24.625,72.375,-85.5,#4100C2
24.625,89.375,-23.875,#9C0061
24.625,94.75,-68.125,#8600A6
24.6875,7.875,-4.5,#443741
24.6875,17.5,30.0,#5C2F0C
24.6875,29.625,-14.875,#5B2851
24.6875,42.375,42.375,#780F00
24.6875,50.375,-21.5,#71025C
24.6875,109.875,-82.5,#8C00BE
24.6875,120.25,-108.75,#7600EA
24.6875,124.25,-113.5,#7400F3
24.75,-37.0,22.375,#004716
24.75,-20.875,30.625,#274205
24.75,16.75,3.25,#543136
24.75,100.0,-80.125,#8100BA
24.75,103.125,-63.5,#96009F
24.8125,-5.5,0.25,#323D3A
24.8125,34.5,30.25,#6F1F0E
24.8125,34.625,20.0,#6D1F1F
24.8125,57.5,10.625,#84002E
24.8125,60.0,-86.25,#0013C4
24.8125,104.75,-99.625,#6A00DB
24.875,-16.25,13.25,#284126
24.875,14.375,-2.625,#4E333F
24.875,15.25,42.75,#5B3100
24.875,16.625,-14.25,#4A3351
24.9375,-4.625,29.875,#413C09
24.9375,34.0,10.375,#6B212D
24.9375,43.25,1.0,#73123B
24.9375,46.0,-55.0,#4A1D90
24.9375,57.375,-62.0,#54059C
24.9375,99.75,-117.875,#0000FB
24.9375,127.0,-102.125,#8E00E0
25.0,-40.875,9.5,#00482C
25.0,-14.5,31.375,#334005
25.0,-2.25,-27.125,#003F64
25.0,12.375,-9.625,#47354A
25.0,26.0,-26.125,#4E2D63
25.0,49.875,-14.25,#750252
25.0,68.125,-9.75,#8B004C
25.0,96.5,-73.875,#8400B0
25.0625,25.875,31.75,#66290A
25.0625,56.625,-49.375,#640088
25.0625,99.25,-96.25,#6700D6
25.125,51.25,8.875,#7E0031
25.125,57.5,30.5,#880012
25.125,63.5,30.625,#8E0012
25.125,71.875,-3.5,#910043
25.125,79.875,-29.625,#91006A
25.1875,58.75,-3.5,#830043
25.1875,65.0,23.75,#8F001D
25.1875,86.75,-13.5,#9F0053
25.1875,93.375,-105.375,#3E00E6
25.25,-49.125,26.625,#004A0E
25.25,60.875,-41.0,#73007B
25.25,85.375,-40.5,#92007B
25.25,101.375,-43.5,#A30080
25.3125,31.375,-29.625,#532A69
25.3125,118.5,-98.375,#8700DA
25.375,10.125,-18.0,#3D3857
25.375,20.0,-23.25,#483260
25.4375,50.875,43.75,#830000
25.4375,71.125,39.125,#980003
25.5,-107.625,19.375,#00531B
25.5,-101.625,23.375,#005214
25.5,-101.375,13.75,#005225
25.5,-95.875,17.75,#00521E
25.5,-95.0,26.75,#00510C
25.5,-89.25,21.0,#005119
25.5,-88.625,30.0,#005104
25.5,-85.5,7.75,#00512F
25.5,-80.75,3.5,#005036
25.5,-77.25,26.875,#004F0D
25.5,-57.875,-17.0,#004E55
25.5,-57.375,-1.75,#004D3E
25.5,-53.0,-30.25,#004E6A
25.5,-51.75,3.625,#004C36
25.5,-51.0,39.375,#004B00
25.5,-47.25,9.0,#004B2E
25.5,-47.125,-10.5,#004C4B
25.5,-42.375,-38.75,#004D77
25.5,-42.125,-22.75,#004C5E
25.5,-39.0,28.375,#00490B
25.5,-34.875,34.375,#004800
25.5,-30.625,-24.75,#004961
25.5,-27.0,8.375,#00462F
25.5,-25.75,-19.25,#004759
25.5,-4.25,-60.375,#00459A
25.5,-4.0,-40.25,#00427A
25.5,-3.5,-33.75,#004170
25.5,-1.125,-53.875,#004390
25.5,2.5,-38.75,#003F78
25.5,15.125,-71.375,#003EAC
25.5,21.125,-70.375,#003BAB
25.5,27.75,-64.25,#0035A1
25.5,33.25,-35.625,#512973
25.5,46.5,-48.25,#571B87
25.5,68.375,-60.625,#6A009B
25.5,76.5,-41.75,#87007E
25.5625,-63.75,12.0,#004E29
25.5625,-31.25,13.125,#004728
25.5625,19.75,-57.125,#003995
25.5625,33.75,-81.875,#0035BE
25.5625,41.125,-83.375,#002FC1
25.5625,47.0,-88.125,#002BC9
25.5625,62.375,44.0,#8F0000
25.5625,69.5,-101.125,#0007DF
25.625,-53.125,-21.25,#004E5C
25.625,-37.0,-27.125,#004B65
25.625,1.75,19.5,#493B1F
25.625,6.125,-57.125,#004095
25.625,30.0,-43.125,#412E7F
25.625,84.375,-61.625,#81009E
25.6875,-83.625,15.75,#005122
25.6875,-65.125,-19.25,#005059
25.6875,-48.5,-25.375,#004E63
25.6875,-35.75,-10.0,#004A4B
25.6875,-11.375,2.75,#2B4238
25.6875,-9.125,-11.0,#1D424D
25.6875,21.25,-63.75,#0039A0
25.6875,29.75,44.0,#6E2600
25.6875,40.625,-32.875,#5F206F
25.6875,61.125,-31.75,#7B006E
25.6875,96.125,-59.625,#93009B
25.6875,111.75,-115.75,#5500F9
25.75,-10.125,13.625,#354128
25.75,1.0,2.875,#403C39
25.8125,-58.625,-25.125,#005062
25.8125,-14.5,-2.375,#1D4340
25.8125,22.375,-40.875,#35347C
25.8125,52.25,-84.25,#0023C3
25.8125,81.0,-75.625,#6C00B5
25.8125,111.875,-59.375,#A7009B
25.875,-25.0,16.0,#164624
25.875,-12.25,-55.875,#004894
25.875,46.125,14.5,#7C0C2A
25.875,110.25,-72.125,#9B00B0
25.9375,-56.375,43.25,#004D00
25.9375,23.0,5.875,#602F35
25.9375,32.5,-59.5,#1B309A
25.9375,40.25,32.625,#78190D
25.9375,76.625,-71.125,#6B00AE
25.9375,83.125,6.5,#A20038
26.0,19.0,-48.625,#0D3889
26.0,74.75,-53.375,#7D0091
26.0,75.875,-11.0,#960050
26.0,94.25,-30.125,#A3006D
26.0625,-86.75,0.375,#00533C
26.0625,3.25,-11.5,#393D4F
26.0625,23.125,-4.875,#5B3046
26.0625,48.75,3.375,#7D053A
26.0625,66.375,9.5,#910033
26.0625,76.5,28.0,#9E001A
26.0625,98.75,-53.75,#9C0092
26.0625,103.875,-49.125,#A5008B
26.0625,109.75,-103.125,#7100E5
26.125,-7.125,44.75,#444000
26.1875,-71.5,29.875,#005007
26.25,-47.75,44.375,#004C00
26.25,0.5,34.625,#4C3D02
26.25,37.125,-1.375,#6F2141
26.25,54.375,-9.25,#80004E
26.25,72.25,-31.625,#8A0070
26.25,84.5,-100.125,#3900E0
26.3125,20.375,-29.875,#44356C
26.3125,46.375,36.125,#800A07
26.3125,51.5,32.5,#850010
26.3125,68.875,15.375,#96002B
26.3125,81.25,16.125,#A3002B
26.375,-9.375,-30.5,#00456D
26.375,66.25,-24.625,#870065
26.375,83.875,-34.375,#970075
26.375,92.125,-86.375,#7000C9
26.375,99.125,-36.25,#A70078
26.4375,-37.75,-34.0,#004E72
26.4375,50.125,-76.875,#1524B8
26.4375,51.5,-59.5,#521A9C
26.5,116.125,-70.0,#A700AE
26.5625,-111.375,6.0,#005634
26.5625,-106.375,0.875,#00563C
26.5625,-101.375,-3.75,#005643
26.5625,-97.125,3.625,#005538
26.5625,-96.75,-8.125,#00554A
26.5625,-92.375,-12.25,#005550
26.5625,-87.125,-15.625,#005555
26.5625,-81.75,-18.625,#00545A
26.5625,-74.125,-22.875,#005461
26.5625,-70.25,16.75,#005123
26.5625,-64.625,-28.125,#005369
26.5625,-26.0,-49.75,#004D8B
26.5625,-20.0,-53.125,#004C91
26.5625,-11.125,-22.125,#004560
26.5625,13.5,-55.125,#003E95
26.5625,21.5,-76.375,#003EB8
26.5625,36.875,-68.5,#0030AB
26.5625,54.875,-43.75,#6C0783
26.625,-29.5,-6.75,#004A49
26.625,-15.875,-38.875,#00497A
26.625,-0.5,-19.625,#27415D
26.625,8.25,-50.25,#00408D
26.625,21.25,18.875,#633123
26.625,37.5,-25.875,#632567
26.625,44.5,-10.75,#741750
26.6875,4.625,-25.125,#2A3F65
26.6875,7.0,6.625,#4D3B35
26.6875,56.875,-21.375,#7E0061
26.6875,65.625,-36.25,#800078
26.6875,89.875,-57.75,#8F009A
26.6875,90.25,-45.875,#980087
26.75,54.5,-70.5,#421AAF
26.75,84.0,-47.75,#90008A
26.875,37.0,-77.0,#0034BA
26.875,42.875,-20.25,#6E1D5F
26.9375,-23.25,-4.375,#004946
26.9375,10.375,24.625,#58391A
26.9375,45.875,-28.25,#6D1A6C
26.9375,59.625,4.125,#8B003C
26.9375,82.125,-92.625,#4F00D5
27.0625,96.25,-47.25,#A0008B
27.125,-19.0,22.625,#2D471C
27.125,-16.875,-26.25,#004968
27.125,55.0,22.625,#8A0021
27.125,116.625,-80.75,#A000C2
27.1875,-64.0,18.375,#005222
27.1875,11.0,-28.0,#363D6B
27.25,-53.75,10.5,#00512F
27.3125,-73.375,10.25,#00542F
27.3125,-57.5,-11.0,#005250
27.3125,77.5,0.0,#9F0044
27.375,-92.5,-0.75,#005740
27.375,-1.125,25.625,#4B4018
27.375,59.75,-97.625,#0022DE
27.375,66.0,-54.375,#730096
27.375,109.625,-92.125,#8800D6
27.4375,88.75,-3.75,#AA004A
27.4375,94.25,-41.0,#A20082
27.5,-112.125,28.0,#00580E
27.5,-105.125,31.25,#005705
27.5,-79.0,34.5,#005500
27.5,-70.375,4.125,#005439
27.5,-68.75,23.125,#00531A
27.5,-67.625,-2.375,#005443
27.5,-55.5,24.75,#005117
27.5,-53.625,31.125,#005108
27.5,-48.625,20.625,#00501F
27.5,-43.625,14.25,#004F2A
27.5,-36.125,-0.5,#004E41
27.5,-26.875,21.5,#1B4A1E
27.5,-26.875,34.625,#234A01
27.5,-19.625,35.875,#324800
27.5,-16.375,-18.125,#00495C
27.5,-6.375,37.375,#464300
27.5,-5.5,6.125,#3C4337
27.5,-1.5,-47.375,#00468A
27.5,10.625,-43.0,#004084
27.5,18.875,46.75,#673400
27.5,21.75,35.625,#693206
27.5,38.125,45.875,#7C2000
27.5,40.75,20.25,#7C1D24
27.5,46.0,47.25,#841000
27.5,57.0,41.875,#900000
27.5,63.0,-76.0,#4C08BA
27.5,73.125,47.25,#A10000
27.5,81.75,-111.25,#0000F7
27.5,84.875,-27.0,#9F006C
27.5,88.5,-115.0,#0000FD
27.5,103.375,-105.375,#6400ED
27.5,109.875,-52.125,#AF0094
27.5,112.625,-97.375,#8600DF
27.5625,-45.5,32.625,#004F05
27.5625,-25.625,-27.75,#004D6B
27.5625,-4.0,14.5,#43422B
27.5625,0.25,13.75,#49402C
27.5625,6.875,33.375,#573C09
27.5625,26.375,-57.5,#08389B
27.5625,28.5,-20.25,#5D3060
27.5625,64.25,-46.875,#79008B
27.5625,65.5,-65.5,#6500A9
27.5625,66.0,-0.625,#930044
27.5625,71.0,-73.5,#6200B6
27.5625,75.625,-25.25,#950069
27.5625,78.375,-81.0,#6300C3
27.5625,82.0,-67.125,#7E00AC
27.5625,90.0,-73.625,#8200B7
27.5625,90.75,-18.5,#A90060
27.625,4.25,-67.625,#0047AC
27.625,13.875,-22.375,#443B64
27.625,21.125,25.875,#67331A
27.625,46.875,-4.125,#7D1449
27.625,52.0,-31.25,#750F72
27.625,70.875,-43.375,#850086
27.6875,-52.25,-4.625,#005247
27.6875,14.25,34.75,#603807
27.6875,26.5,10.75,#6A2F32
27.6875,35.375,-45.75,#4C2E89
27.6875,37.5,14.5,#78232D
27.6875,40.375,-60.125,#3B2DA0
27.6875,68.875,-95.375,#000ADB
27.6875,72.5,-106.0,#000AEE
27.75,-31.375,-34.0,#005075
27.75,0.25,-3.5,#3F4247
27.75,31.75,34.75,#75290B
27.75,43.875,-70.0,#252CB1
27.75,49.875,-93.25,#002ED8
27.75,70.25,25.25,#9D0020
27.75,81.25,-53.125,#8B0096
27.75,104.375,-76.75,#9400BD
27.8125,-95.25,32.5,#005703
27.8125,-75.0,21.625,#00551D
27.8125,-21.5,-42.25,#004E83
27.8125,-17.625,3.25,#21493C
27.8125,-12.0,19.125,#394623
27.8125,-9.75,-50.5,#004B90
27.8125,22.0,-14.25,#593558
27.8125,43.25,-76.75,#002FBC
27.8125,82.125,23.25,#A90024
27.8125,114.375,-87.125,#9800CE
27.8125,123.625,-86.0,#A600CD
27.875,-32.25,-19.25,#004F5F
27.875,-13.875,8.375,#2F4735
27.875,33.0,3.125,#702A3E
27.875,35.0,-20.125,#672A61
27.875,102.5,-70.125,#9900B2
27.9375,-58.125,16.0,#005327
27.9375,31.375,-73.75,#0039B7
27.9375,45.625,-42.75,#622285
27.9375,75.25,6.0,#A0003C
27.9375,76.625,34.125,#A50015
27.9375,83.0,-17.375,#A2005F
28.0,-93.875,12.125,#00582D
28.0,-33.125,26.0,#074D17
28.0,11.0,-62.0,#0044A4
28.0,32.25,25.5,#75291C
28.0,53.875,-0.875,#870045
28.0,55.375,48.125,#900000
28.0,77.75,-35.75,#93007B
28.0,122.25,-94.5,#9B00DC
28.0625,-31.0,2.875,#004E3D
28.0625,78.5,-100.125,#2900E5
28.125,59.5,-57.25,#68069D
28.125,64.75,-17.875,#8D005F
28.125,87.375,-105.5,#3500EF
28.125,115.125,-108.75,#7800F5
28.125,118.625,-113.75,#7500FD
28.1875,55.875,-36.625,#77057C
28.25,-65.875,29.5,#00550E
28.25,-12.75,36.25,#3F4701
28.25,25.0,47.375,#703100
28.25,49.5,-66.75,#4425AD
28.25,91.875,-11.125,#AE0057
28.25,94.125,-96.875,#6600E0
28.25,94.75,-79.125,#8500C2
28.25,104.375,-84.625,#8D00CB
28.25,121.875,-103.25,#8F00EB
28.3125,10.625,17.0,#5A3C29
28.3125,75.75,-91.25,#4700D6
28.3125,86.0,11.5,#AD0036
28.3125,103.375,-57.75,#A6009F
28.375,24.875,-48.0,#32398E
28.375,84.375,-83.375,#6D00C9
28.4375,-44.875,-4.125,#005248
28.4375,-37.5,17.375,#005027
28.4375,41.25,-48.875,#552B90
28.4375,73.0,-65.375,#7400AB
28.4375,90.125,-65.0,#8E00AB
28.4375,107.0,-44.125,#B3008A
28.5,-65.125,-12.75,#005756
28.5,17.125,-8.0,#583A50
28.5625,-56.125,-35.25,#005779
28.5625,-52.375,-15.375,#00555A
28.5625,-49.375,-39.0,#00567F
28.5625,-36.25,-46.25,#00548B
28.5625,-3.75,-13.125,#2F4657
28.5625,-0.5,7.75,#474337
28.5625,19.5,11.125,#643733
28.5625,26.75,-80.75,#0040C5
28.5625,39.0,26.125,#7E221D
28.5625,61.75,35.75,#970010
28.5625,65.75,-81.625,#4808C7
28.5625,110.75,-66.125,#A900AE
28.625,-39.0,-14.125,#005258
28.625,-15.375,-8.25,#144B50
28.625,29.25,-9.0,#683152
28.625,38.75,-10.0,#732654
28.625,99.125,-26.125,#B3006E
28.6875,-46.5,-18.75,#005460
28.75,-26.5,-13.75,#004F58
28.75,12.875,9.0,#5B3C36
28.75,104.25,-116.625,#4800FF
29.0,-21.0,-10.5,#004E54
29.1875,0.125,-58.5,#004BA1
29.25,37.75,-86.75,#003BD1
29.25,75.875,-19.0,#9D0064
29.3125,-45.5,-33.375,#005778
29.3125,-33.25,-40.375,#005584
29.3125,-27.25,-43.75,#005389
29.3125,10.25,-34.25,#2D437A
29.3125,11.25,0.25,#563F45
29.375,31.75,15.0,#762E30
29.375,60.75,24.625,#980023
29.4375,-69.875,-27.625,#005B6F
29.4375,18.0,-35.0,#3F3E7C
29.4375,19.375,-1.625,#613A48
29.4375,35.375,-39.625,#593184
29.4375,69.625,34.875,#A20015
29.5,-125.625,16.75,#005F28
29.5,-123.0,10.5,#005F33
29.5,-119.625,4.375,#005F3D
29.5,-116.0,19.625,#005E23
29.5,-115.5,-1.0,#005F45
29.5,-113.375,13.5,#005E2E
29.5,-108.5,-5.25,#005E4C
29.5,-102.125,-9.125,#005E52
29.5,-88.875,25.5,#005B19
29.5,-87.75,-9.25,#005C52
29.5,-82.375,-12.5,#005C58
29.5,-79.5,-6.375,#005B4E
29.5,-75.75,-12.5,#005B58
29.5,-56.375,5.5,#00573C
29.5,-43.875,24.125,#00541D
29.5,-37.0,6.875,#00533A
29.5,-21.875,9.0,#214E37
29.5,-10.75,-37.5,#004D80
29.5,-10.75,-16.375,#134B5E
29.5,-9.5,-62.375,#0050A8
29.5,-1.625,-66.25,#004EAF
29.5,2.0,-33.875,#09487A
29.5,4.875,-43.875,#00478A
29.5,5.75,45.875,#5C4100
29.5,10.5,40.125,#623E00
29.5,12.375,45.875,#653D00
29.5,16.625,-44.125,#26418B
29.5,28.5,-36.5,#52377F
29.5,31.875,-66.5,#003BAF
29.5,33.375,50.375,#7D2B00
29.5,35.25,-55.5,#3F359D
29.5,38.875,5.5,#7C263F
29.5,42.75,-90.5,#0038D8
29.5,46.375,23.25,#881824
29.5,52.25,-50.75,#681D96
29.5,53.375,-17.125,#840C61
29.5,55.5,16.5,#91002F
29.5,62.125,49.0,#9C0000
29.5,63.875,-6.625,#950052
29.5,80.125,-7.875,#A60054
29.5,98.375,-92.125,#7C00DC
29.5625,-47.5,1.75,#005542
29.5625,-13.75,26.125,#3D4B1B
29.5625,-7.5,27.0,#47481A
29.5625,6.375,-7.875,#4A4352
29.5625,9.5,-72.75,#004ABA
29.5625,9.5,-13.25,#4A425A
29.5625,45.5,9.375,#851B39
29.5625,57.375,-80.25,#3722C7
29.5625,61.0,-92.125,#0022DB
29.5625,76.875,-47.375,#8F0091
29.5625,84.625,1.75,#AE0047
29.5625,104.625,-35.375,#B8007F
29.5625,124.5,-109.625,#8E00FB
29.625,-11.875,42.125,#454A00
29.625,29.5,-52.0,#383998
29.625,45.625,30.625,#891919
29.625,58.5,-12.25,#8D005A
29.625,73.625,13.75,#A50035
29.625,100.375,-111.5,#5300FE
29.6875,-10.0,-5.75,#2D4B4E
29.6875,4.875,1.75,#4F4343
29.6875,5.875,12.875,#564232
29.6875,15.875,-67.125,#0046B1
29.6875,41.25,39.25,#852107
29.6875,76.625,41.0,#AB000C
29.6875,80.125,11.25,#AB0039
29.6875,98.375,-64.5,#9E00AE
29.75,-39.625,36.125,#005301
29.75,-21.875,-23.5,#00516A
29.75,4.125,27.5,#58431A
29.75,14.625,28.5,#653C19
29.75,19.125,40.875,#6D3900
29.75,43.0,-37.0,#692980
29.75,54.875,-88.875,#002BD6
29.75,58.625,-65.375,#5F17AF
29.75,63.25,13.625,#9A0034
29.75,66.125,40.5,#A0000A
29.75,77.75,-59.5,#8600A5
29.75,88.75,-38.375,#A40084
29.75,118.375,-75.0,#B000C0
29.8125,-76.625,-0.5,#005B46
29.8125,-6.0,20.75,#484825
29.8125,4.0,39.5,#5A4300
29.8125,32.875,-14.75,#6C315E
29.8125,34.75,40.875,#7E2A02
29.8125,45.625,-83.875,#0034CE
29.8125,52.625,37.5,#92020E
29.8125,60.0,-50.875,#750797
29.8125,89.375,-31.25,#A90079
29.875,-61.375,-0.625,#005946
29.875,-43.625,7.0,#00553A
29.875,-24.375,28.25,#2B4F17
29.875,-1.125,44.5,#554500
29.875,26.875,28.25,#74331B
29.9375,-73.0,-6.625,#005B4F
29.9375,74.5,20.25,#A8002C
29.9375,87.875,-90.25,#6C00D9
30.0,-82.0,11.875,#005C32
30.0,-19.875,-35.875,#00527E
30.0,8.375,-22.75,#3F446A
30.0,50.75,51.625,#910A00
30.0625,3.25,-17.375,#3C4662
30.0625,68.75,50.5,#A50000
30.125,-81.125,27.125,#005C17
30.125,-21.0,17.5,#2C4F2B
30.125,-2.875,0.0,#424847
30.125,70.125,-14.875,#9B0060
30.1875,-97.125,23.625,#005E1E
30.1875,-33.0,37.625,#1B5200
30.1875,16.875,-74.75,#0048BF
30.3125,-100.375,10.25,#005F35
30.3125,-65.25,5.5,#005B3D
30.3125,21.125,-20.0,#593C67
30.375,-32.625,-28.75,#005674
30.375,-24.875,1.0,#025145
30.375,48.75,-55.875,#5D28A1
30.375,93.25,-26.125,#B10072
30.4375,-72.75,-18.5,#005D63
30.4375,-35.5,31.0,#0B5411
30.5,-86.125,19.75,#005E26
30.5,86.0,-77.625,#7F00C6
30.5625,-113.5,39.0,#006000
30.5625,-103.875,40.5,#005F00
30.5625,-94.5,41.375,#005E00
30.5625,-89.625,34.5,#005E04
30.5625,-88.75,8.375,#005E39
30.5625,-86.0,42.375,#005D00
30.5625,-78.0,43.25,#005C00
30.5625,-73.75,36.5,#005C00
30.5625,-70.5,43.875,#005B00
30.5625,-66.625,37.25,#005B00
30.5625,-63.625,44.625,#005A00
30.5625,-60.0,38.0,#005A00
30.5625,-50.125,14.0,#005831
30.5625,-42.125,-28.375,#005974
30.5625,-38.0,47.25,#0F5500
30.5625,-31.25,48.125,#255300
30.5625,-27.0,42.25,#2D5100
30.5625,-25.0,48.5,#335100
30.5625,-19.375,42.5,#3B4F00
30.5625,-17.625,49.125,#404E00
30.5625,-14.625,-45.25,#00528F
30.5625,-11.0,49.75,#4A4B00
30.5625,-8.625,-43.875,#00508D
30.5625,-6.125,-23.5,#124D6C
30.5625,-5.0,50.625,#524900
30.5625,1.125,51.25,#5A4600
30.5625,9.5,52.125,#654100
30.5625,16.0,21.5,#683E27
30.5625,41.0,50.75,#882400
30.5625,41.25,-0.375,#7F274A
30.5625,53.0,-98.375,#0033E9
30.5625,65.875,-104.25,#0024F3
30.5625,71.5,-56.75,#8200A3
30.5625,71.5,-7.125,#A00055
30.5625,86.25,-8.875,#B00059
30.5625,92.0,2.375,#B90048
30.5625,94.875,-114.375,#3600FF
30.5625,96.75,-102.375,#6700F0
30.5625,106.75,-111.125,#6900FF
30.5625,115.5,-102.625,#8D00F1
30.625,-50.5,-28.375,#005B74
30.625,-45.375,39.75,#005700
30.625,-3.625,32.625,#514911
30.625,1.375,-51.625,#004D9A
30.625,24.75,-30.375,#553C78
30.625,27.25,22.0,#763527
30.625,28.875,-1.375,#70354B
30.625,48.875,-22.125,#7F1E6B
30.625,55.875,8.0,#93003E
30.625,59.625,-0.875,#95004C
30.625,61.25,-23.625,#8D006E
30.625,64.25,5.375,#9C0043
30.625,64.5,-60.375,#7300A9
30.625,64.875,-30.5,#8E0079
30.625,68.625,-50.0,#840098
30.625,70.25,-36.375,#910082
30.625,81.625,31.0,#B3001F
30.625,86.0,17.625,#B60032
30.625,95.5,-70.75,#9700BB
30.6875,-76.375,16.375,#005D2C
30.6875,-54.0,39.0,#005900
30.6875,-31.125,9.25,#005439
30.6875,17.5,-26.625,#4D4172
30.6875,24.375,-68.0,#0043B5
30.6875,26.875,37.75,#78350A
30.6875,31.25,-26.75,#633672
30.6875,38.375,-30.25,#6B2F78
30.6875,39.25,-15.625,#762C61
30.6875,49.125,16.5,#8E1631
30.6875,76.25,-30.5,#9C0079
30.6875,94.75,-53.25,#A5009E
30.6875,110.625,-77.25,#A600C6
30.75,-38.25,-7.875,#005754
30.75,-32.375,-11.75,#00555A
30.75,3.125,7.375,#52463D
30.75,19.875,52.75,#713A00
30.75,50.25,-39.125,#742187
30.75,67.25,-88.625,#3E14D9
30.75,72.0,-84.375,#5900D2
30.75,97.375,-14.625,#BB0062
30.8125,-20.625,-57.375,#0057A3
30.8125,39.75,-80.75,#003BCB
30.875,-83.375,1.75,#005F44
30.875,-51.25,46.0,#005800
30.875,56.875,32.75,#990019
30.9375,-45.0,-12.0,#00595B
30.9375,-37.5,23.125,#005622
30.9375,-27.0,-53.75,#00589E
30.9375,-7.625,-0.375,#3B4C49
31.0,-55.25,-0.375,#005B48
31.0625,-40.5,-21.0,#005969
31.0625,-22.375,-48.125,#005695
31.0625,-16.375,-51.5,#00559A
31.0625,70.625,-78.375,#6300C8
31.125,-50.5,26.875,#00591B
31.125,27.875,6.0,#733641
31.125,77.125,-109.875,#000AFF
31.1875,-32.5,-4.25,#00564F
31.1875,52.625,27.875,#950B21
31.1875,59.75,-41.25,#81088B
31.1875,65.5,21.0,#A2002D
31.1875,86.5,-60.625,#9500AB
31.25,-57.75,-18.75,#005D66
31.25,-40.625,-38.0,#005B85
31.25,-28.875,-24.0,#00566E
31.3125,57.125,53.75,#9C0000
31.375,-60.5,-26.5,#005E72
31.4375,-66.25,-7.625,#005E55
31.4375,-64.875,-21.0,#005F6A
31.4375,-27.5,-38.125,#005886
31.4375,21.0,-56.75,#0045A4
31.4375,78.375,-72.875,#7C00C0
31.5,-100.0,-15.0,#006360
31.5,-94.0,-18.25,#006365
31.5,-88.375,-21.375,#00626A
31.5,-82.875,-24.375,#00626F
31.5,-63.375,-35.0,#006080
31.5,-61.75,12.375,#005D35
31.5,-43.0,-46.125,#005D93
31.5,-30.25,16.375,#13552F
31.5,-13.625,-32.625,#00537D
31.5,-7.375,12.5,#464D36
31.5,-0.25,20.875,#544929
31.5,4.25,19.375,#5A472C
31.5,20.25,4.375,#6A3E44
31.5,20.875,-80.25,#004ACC
31.5,31.25,-86.75,#0045D7
31.5,34.625,9.625,#7D303D
31.5,37.25,-64.125,#323AB1
31.5,39.625,-72.625,#0C3ABF
31.5,50.5,43.375,#951304
31.5,53.625,-26.875,#841875
31.5,81.625,-39.75,#A0008A
31.5,86.125,-52.125,#9D009E
31.5,91.0,13.75,#BD003A
31.5,94.625,-35.625,#B20084
31.5,104.375,-63.25,#AC00B1
31.5,112.5,-47.25,#C10097
31.5625,1.25,-26.0,#2C4C73
31.625,98.5,-82.375,#9100D1
31.625,111.625,-61.0,#B800AE
31.6875,-113.625,-7.5,#006555
31.6875,-54.875,-24.0,#005E6F
31.6875,47.5,-12.0,#85225E
31.6875,86.125,-71.625,#8B00BF
31.6875,118.5,-85.125,#AC00D6
31.75,-11.0,4.75,#3B4F43
31.8125,25.125,-24.5,#5F3D72
31.9375,-5.375,-58.75,#0054A9
31.9375,54.875,-56.625,#6C22A6
31.9375,109.125,-85.0,#9F00D7
31.9375,110.125,-40.375,#C3008D
32.0,90.5,-99.875,#6300F0
32.0625,3.625,-11.25,#484A5D
32.0625,19.25,16.0,#6E3F33
32.0625,73.125,55.25,#B00000
32.0625,76.75,-13.75,#A80063
32.0625,79.25,48.375,#B60002
32.125,-76.375,-23.625,#006370
32.125,-20.5,-3.125,#165450
32.125,23.125,-5.5,#6A3E55
32.125,46.625,37.75,#921F11
32.125,50.5,-5.875,#8D1C56
32.125,52.375,-78.125,#372FCB
32.125,99.25,-48.625,#B2009B
32.1875,-10.25,-54.625,#0056A3
32.1875,6.75,-64.625,#0050B3
32.25,-80.0,-17.5,#006366
32.25,43.75,-66.0,#4435B6
32.25,106.125,-91.75,#9300E3
32.3125,91.875,-5.5,#BD0058
32.375,-15.125,0.25,#2E534B
32.375,47.25,-46.5,#6D2C97
32.375,85.0,-114.5,#0000FF
32.375,122.375,-78.625,#BA00CD
32.4375,-3.875,-28.75,#0D5079
32.4375,30.25,-46.75,#4D3E97
32.4375,81.625,-21.125,#AC006F
32.4375,90.125,-44.0,#AB0094
32.4375,109.25,-96.875,#9100ED
32.5,46.625,-75.125,#2F36C6
32.5,55.75,-71.875,#5528C1
32.5,83.875,-46.0,#A20097
32.5,115.25,-66.75,#BB00BA
32.5625,-128.0,7.375,#00683F
32.5625,-128.0,26.25,#00671D
32.5625,-128.0,33.125,#00670C
32.5625,-122.5,30.5,#006714
32.5625,-122.375,23.875,#006722
32.5625,-121.125,37.75,#006600
32.5625,-117.0,28.0,#00661A
32.5625,-112.875,7.25,#00663F
32.5625,-110.375,32.125,#006510
32.5625,-110.125,22.125,#006626
32.5625,-107.625,46.125,#006500
32.5625,-106.125,11.625,#006638
32.5625,-105.625,2.625,#006647
32.5625,-103.0,25.625,#00651F
32.5625,-99.125,-1.5,#00654D
32.5625,-99.0,33.25,#00640D
32.5625,-98.625,47.625,#006400
32.5625,-93.125,-5.375,#006553
32.5625,-92.75,2.625,#006547
32.5625,-91.5,17.125,#00642F
32.5625,-89.625,48.375,#006300
32.5625,-83.5,32.125,#006311
32.5625,-75.875,6.25,#006241
32.5625,-75.5,27.25,#00621D
32.5625,-71.0,13.0,#006136
32.5625,-61.75,26.0,#005F20
32.5625,-56.75,21.25,#005E28
32.5625,-49.0,7.625,#005D3F
32.5625,-47.5,51.625,#005C00
32.5625,-19.125,-28.125,#005778
32.5625,-14.375,-22.375,#00556F
32.5625,-1.0,-43.125,#005191
32.5625,1.125,1.25,#4F4C4B
32.5625,2.0,-70.625,#0054BF
32.5625,5.5,-37.875,#194D88
32.5625,7.0,-55.625,#004FA5
32.5625,11.75,-39.125,#2E4A8B
32.5625,14.75,-55.875,#004BA6
32.5625,15.875,-17.25,#594568
32.5625,17.875,-50.0,#1F489C
32.5625,19.875,29.75,#743F1E
32.5625,25.5,-75.5,#0048C7
32.5625,27.5,50.875,#7F3800
32.5625,30.25,44.125,#823600
32.5625,36.0,-50.375,#533A9D
32.5625,38.125,32.125,#892D1B
32.5625,42.125,-54.125,#5A35A3
32.5625,43.25,44.25,#902602
32.5625,47.75,-30.25,#7D287D
32.5625,58.5,-31.75,#8A0F80
32.5625,63.625,-70.625,#6817BF
32.5625,65.5,31.5,#A70020
32.5625,69.0,11.25,#A8003F
32.5625,70.375,-26.25,#9D0077
32.5625,73.875,-97.25,#3C0CED
32.5625,83.125,-97.75,#5800EE
32.5625,83.25,-33.375,#A90083
32.5625,97.5,-8.0,#C3005D
32.5625,101.375,-41.375,#BA0090
32.5625,109.625,-70.75,#B000C0
32.5625,115.75,-91.25,#A400E3
32.5625,125.75,-89.625,#B500E1
32.5625,125.875,-98.0,#AB00EF
32.625,-81.25,49.0,#006200
32.625,-34.875,52.75,#235900
32.625,-28.625,24.625,#255724
32.625,-23.0,-17.875,#005768
32.625,-15.5,31.0,#435218
32.625,-15.125,54.25,#495200
32.625,-13.125,12.625,#3F5238
32.625,-5.875,-7.75,#3A5059
32.625,10.875,-50.5,#004C9D
32.625,11.75,-7.125,#5A4758
32.625,21.75,-42.875,#424491
32.625,25.5,-13.125,#6A3E62
32.625,51.0,-62.75,#5D2CB2
32.625,62.375,-85.25,#4224D8
32.625,66.625,56.0,#AB0000
32.625,69.375,1.75,#A7004D
32.625,80.625,-88.875,#6800DF
32.625,101.5,-74.625,#A100C7
32.625,107.5,-104.75,#8000FB
32.625,119.875,-98.625,#A100F0
32.6875,-73.625,49.625,#006100
32.6875,-66.375,50.125,#006000
32.6875,-59.625,50.625,#005F00
32.6875,-51.25,-11.125,#005F5D
32.6875,-49.125,35.5,#005D0A
32.6875,-42.5,0.125,#005C4C
32.6875,-38.25,12.125,#005B39
32.6875,-26.0,-8.375,#005859
32.6875,-21.875,23.25,#345527
32.6875,-15.75,-14.875,#045564
32.6875,26.5,-60.75,#1244AF
32.6875,32.25,55.875,#853400
32.6875,33.75,-78.875,#0043CD
32.6875,39.75,-23.5,#773173
32.6875,40.0,-43.125,#653592
32.6875,75.25,30.0,#B20024
32.6875,82.875,-13.625,#B10065
32.6875,83.125,-107.625,#3000FF
32.6875,86.0,24.125,#BD002D
32.6875,87.75,7.375,#BC0046
32.6875,91.75,-106.5,#5600FE
32.6875,107.0,-51.125,#BC00A0
32.75,-71.75,20.5,#00622A
32.75,43.625,56.25,#922500
32.75,71.125,42.75,#AF000E
32.8125,-34.25,-50.0,#005E9C
32.8125,-14.5,-62.125,#005AB1
32.8125,7.125,-2.875,#574A52
32.8125,97.75,-30.375,#BC007F
32.875,-35.75,-24.25,#005C73
32.875,26.875,14.625,#793B38
32.9375,60.5,39.75,#A40012
32.9375,77.25,2.5,#B1004D
32.9375,83.5,36.625,#BD001B
33.0,-53.375,-38.25,#00628A
33.0,-43.75,30.625,#005C18
33.0,-8.875,37.0,#50500C
33.0,67.625,-20.0,#9E006F
33.0625,62.625,-15.125,#9A0067
33.125,-44.625,12.25,#005D39
33.125,-33.625,-35.625,#005D86
33.125,-21.75,36.125,#3C560D
33.125,-6.0,-36.875,#005488
33.125,55.75,22.625,#9D092E
33.125,92.25,-93.875,#7800E9
33.1875,-0.375,-13.875,#404F64
33.1875,35.375,24.875,#873329
33.1875,58.75,-96.375,#0031ED
33.25,-70.875,2.375,#006349
33.25,-57.75,-9.875,#00625D
33.25,-1.75,-20.375,#33516E
33.25,79.0,-103.125,#3800F9
33.25,99.375,-22.25,#C30074
33.3125,-6.125,-16.0,#2F5267
33.3125,-0.875,12.25,#544E3B
33.3125,33.875,-72.625,#0043C4
33.3125,94.25,-58.625,#A800AE
33.4375,-14.625,21.625,#43542B
33.4375,-0.375,-5.375,#4A4F57
33.4375,89.5,-18.875,#B9006F
33.5,-93.875,-11.75,#006860
33.5,-88.25,-15.0,#006865
33.5,-75.75,-30.0,#00677D
33.5,-61.875,-15.0,#006365
33.5,-54.625,9.625,#00613E
33.5,-49.875,-44.25,#006395
33.5,-48.0,21.75,#005F2A
33.5,-37.0,-42.875,#006093
33.5,-30.375,-16.75,#005C69
33.5,-6.75,-68.0,#005ABD
33.5,-2.75,4.875,#4E5047
33.5,1.875,57.375,#644C00
33.5,6.375,-28.5,#3A4E7C
33.5,7.875,33.25,#684918
33.5,9.5,11.25,#63493D
33.5,13.0,-78.875,#0052CF
33.5,13.375,36.375,#6F4612
33.5,35.25,-7.25,#7D365B
33.5,35.375,1.0,#81354E
33.5,36.0,45.75,#8B3200
33.5,41.25,16.375,#8D2D37
33.5,42.25,25.0,#902B2A
33.5,49.75,5.875,#942048
33.5,51.125,56.875,#9D1900
33.5,63.375,-54.5,#8010A7
33.5,66.125,-40.125,#910090
33.5,68.625,26.25,#AD002A
33.5,73.0,-44.75,#970097
33.5,76.5,-64.75,#8900B8
33.5,77.75,-52.0,#9800A3
33.5,84.625,-66.0,#9400BB
33.5,88.75,-82.25,#8700D6
33.5,92.5,-87.0,#8600DE
33.5,100.375,-96.25,#8500EE
33.5625,8.0,57.125,#6B4900
33.5625,14.5,56.625,#734500
33.5625,33.75,-21.625,#723A72
33.625,48.75,-93.75,#003DEA
33.625,85.625,-3.75,#BA0058
33.6875,33.125,-36.0,#653D89
33.75,12.375,-25.875,#4C4B78
33.75,79.25,15.625,#B8003B
33.8125,-47.125,-5.75,#006058
33.8125,-30.25,1.25,#005B4D
33.8125,1.75,35.625,#614D13
33.8125,20.5,47.375,#7A4100
33.8125,100.875,-56.375,#B400AC
33.875,-82.5,-3.375,#006753
33.875,11.0,26.0,#6B4826
33.875,23.625,57.875,#7F3F00
34.0,-60.5,5.25,#006346
34.0,12.5,17.625,#6B4835
34.0,19.25,-64.625,#004DB9
34.0,55.875,48.5,#A30B00
34.0625,6.375,6.125,#5E4C47
34.0625,17.375,-10.375,#644761
34.125,33.125,-60.625,#3943B2
34.125,73.75,-70.125,#8000C3
34.1875,-47.625,-37.0,#00648B
34.1875,28.75,-40.25,#594291
34.1875,59.875,17.875,#A40038
34.1875,61.125,58.375,#AA0000
34.1875,78.0,24.0,#B90030
34.1875,82.75,-83.375,#7C00DA
34.1875,88.625,-26.75,#B7007D
34.25,-13.375,-40.125,#005A90
34.25,54.0,-85.0,#2735DD
34.25,119.375,-105.375,#9B00FF
34.3125,-53.25,-5.0,#006357
34.3125,21.375,-36.0,#51478A
34.3125,33.875,36.0,#8A3717
34.3125,53.0,-35.125,#852589
34.3125,113.5,-106.875,#8E00FF
34.375,13.75,7.0,#6A4946
34.375,76.0,-35.25,#A4008A
34.375,76.625,-83.125,#7100DA
34.375,91.25,-65.375,#A100BC
34.4375,49.5,33.0,#9C211F
34.4375,94.125,-79.375,#9600D4
34.5,-8.25,17.625,#4E5435
34.5,60.25,27.75,#A70029
34.5,61.875,-47.625,#88159E
34.5,84.75,12.25,#C00042
34.5625,-128.0,-0.125,#006D4F
34.5625,-120.125,-4.75,#006D57
34.5625,-106.625,-12.75,#006C64
34.5625,-99.375,41.125,#006A00
34.5625,-97.125,13.25,#006A3A
34.5625,-85.125,26.125,#006823
34.5625,-69.75,-3.875,#006756
34.5625,-69.125,-34.375,#006987
34.5625,-65.5,32.125,#006517
34.5625,-64.0,19.875,#00652F
34.5625,-58.875,32.75,#006416
34.5625,-57.125,-33.0,#006785
34.5625,-53.5,56.25,#006200
34.5625,-44.625,46.75,#006000
34.5625,-42.375,57.125,#105F00
34.5625,-40.5,-13.75,#006166
34.5625,-29.125,34.125,#2F5C15
34.5625,-28.375,58.125,#385B00
34.5625,-26.875,-29.25,#005E7F
34.5625,-22.25,58.75,#445900
34.5625,-20.75,2.625,#275A4D
34.5625,-11.0,59.25,#555500
34.5625,-7.5,45.0,#585300
34.5625,-0.625,29.0,#5E5022
34.5625,0.875,-63.875,#0058B9
34.5625,3.25,43.25,#664E00
34.5625,21.75,23.375,#7A432D
34.5625,22.0,35.875,#7D4217
34.5625,23.75,-48.75,#3F48A0
34.5625,29.125,-7.25,#783F5D
34.5625,34.625,-91.625,#004AE9
34.5625,42.5,6.25,#8E2F49
34.5625,42.75,-96.125,#0045F1
34.5625,43.625,-5.5,#8B2F5B
34.5625,47.0,0.0,#922953
34.5625,53.75,-42.25,#812696
34.5625,54.25,0.75,#9B1A52
34.5625,55.25,-14.5,#961B6A
34.5625,56.625,-6.625,#9B155D
34.5625,58.75,-104.875,#0038FF
34.5625,64.25,-99.75,#002DF7
34.5625,65.75,-78.875,#631ED3
34.5625,66.625,-64.875,#7C11BB
34.5625,70.125,-106.375,#0027FF
34.5625,75.0,-3.5,#B10059
34.5625,96.25,4.875,#CB004E
34.5625,100.5,-87.25,#9700E2
34.625,45.0,-19.875,#862F72
34.625,65.75,45.375,#AF000B
34.625,102.0,-103.375,#7F00FE
34.6875,-107.25,17.125,#006B33
34.6875,-12.125,-48.875,#005CA0
34.6875,32.625,30.125,#893923
34.6875,49.875,22.375,#9B2231
34.6875,66.0,-3.875,#A7005A
34.6875,76.875,9.5,#B70046
34.6875,107.875,-31.25,#CE0086
34.75,-128.0,15.0,#006D37
34.75,-3.0,-51.875,#0058A5
34.75,45.875,49.5,#9A2800
34.75,58.375,-62.0,#7226B7
34.75,76.25,37.75,#BB001C
34.8125,-113.0,0.375,#006D4F
34.8125,-99.625,-7.875,#006C5D
34.8125,-72.875,-12.25,#006964
34.8125,-24.75,8.875,#255C43
34.8125,-23.75,-43.625,#005F97
34.8125,-21.25,13.75,#345A3B
34.8125,9.375,46.5,#6F4B00
34.8125,16.0,-30.75,#4F4C83
34.8125,53.375,12.75,#9E1B40
34.8125,69.375,-32.125,#9F0086
34.8125,113.625,-52.125,#CA00A8
34.875,-122.25,13.125,#006D3A
34.875,-106.125,-3.875,#006D56
34.875,-45.0,-19.75,#006471
34.875,30.25,-16.625,#743F6D
34.875,37.875,55.75,#923300
34.875,78.25,57.75,#BF0000
34.9375,-122.25,4.25,#006E49
34.9375,-91.375,26.25,#006A23
34.9375,-35.25,19.25,#075F32
34.9375,28.375,-55.5,#3C47AC
34.9375,70.75,19.375,#B30038
34.9375,87.25,30.25,#C70029
34.9375,106.25,-44.125,#C6009B
35.0,45.5,-35.5,#7C328C
35.0,49.125,-99.625,#0041F8
35.0625,-87.25,-7.0,#006B5C
35.0625,-81.625,37.25,#006908
35.0625,-13.625,44.0,#505700
35.0625,17.5,-0.625,#6D4854
35.0625,22.375,-84.875,#0052DE
35.0625,34.25,-42.5,#624097
35.0625,36.5,-85.75,#0048E0
35.0625,64.125,-107.875,#0033FF
35.125,-120.25,18.875,#006E31
35.125,-81.75,-10.5,#006B62
35.125,-73.375,32.25,#006818
35.125,-6.75,54.125,#5C5400
35.1875,-50.125,-22.875,#006676
35.1875,-16.375,8.25,#3B5A45
35.1875,42.625,-12.375,#893267
35.25,-75.875,-6.25,#006A5B
35.25,-41.75,41.0,#066100
35.25,-6.375,25.25,#56552A
35.25,10.25,-32.75,#405087
35.25,41.0,-90.125,#0046E8
35.3125,11.625,0.75,#664C52
35.3125,14.25,-68.5,#0054C3
35.3125,47.5,-82.375,#133EDB
35.3125,59.25,9.75,#A50946
35.375,-11.375,-4.25,#39595A
35.375,1.375,-32.75,#245587
35.375,59.5,-80.75,#522ED8
35.375,102.5,-69.375,#B000C6
35.4375,-22.125,-34.625,#005F8A
35.4375,-12.875,-10.375,#2B5A63
35.4375,9.25,-11.875,#594F66
35.5,-128.0,38.5,#006F03
35.5,-123.5,43.75,#006F00
35.5,-114.75,46.75,#006E00
35.5,-104.75,31.5,#006D19
35.5,-91.125,55.0,#006B00
35.5,-88.0,-0.375,#006C52
35.5,-83.25,56.5,#006A00
35.5,-83.0,16.375,#006B37
35.5,-78.875,11.5,#006A3F
35.5,-75.75,57.625,#006900
35.5,-68.5,58.375,#006800
35.5,-61.75,59.0,#006600
35.5,-59.75,-40.0,#006A93
35.5,-50.75,1.5,#006550
35.5,-43.25,24.875,#006329
35.5,-37.25,6.625,#006248
35.5,-33.875,60.5,#305F00
35.5,-31.5,43.5,#305F00
35.5,-21.375,50.625,#465B00
35.5,-9.875,31.375,#54571F
35.5,-9.625,-29.5,#005A82
35.5,2.75,-3.25,#565259
35.5,20.375,-24.375,#60497B
35.5,53.875,-51.75,#7A2CA8
35.5,56.5,-23.25,#951E7A
35.5,64.625,-93.0,#372BEE
35.5,70.375,61.125,#B80000
35.5,71.5,-91.875,#541BEC
35.5,76.0,-25.0,#AD007D
35.5,83.25,3.875,#C00051
35.5,83.375,43.625,#C50015
35.5,83.875,-56.625,#A200B0
35.5,88.875,-35.875,#B7008F
35.5,91.0,18.625,#CB003C
35.5,95.5,12.375,#CF0045
35.5,101.875,-35.0,#C7008E
35.5,102.875,-10.5,#D20068
35.5,105.625,-22.5,#D1007A
35.5,105.875,-81.375,#AA00DB
35.5,125.75,-83.5,#C400DF
35.5625,-61.5,41.125,#006700
35.5625,-37.625,34.5,#186116
35.5625,-5.0,60.875,#605400
35.5625,4.125,14.25,#62513D
35.5625,6.5,-46.0,#00559E
35.5625,8.25,20.875,#6A4E33
35.5625,9.125,-71.75,#0058C9
35.5625,13.625,-44.625,#2E519C
35.5625,24.625,0.25,#784454
35.5625,34.875,16.625,#8B3A3B
35.5625,41.0,-61.75,#513FB8
35.5625,60.5,34.0,#AC0021
35.5625,71.125,-52.625,#9400AA
35.5625,72.875,-18.625,#AC0073
35.5625,84.5,50.5,#C70008
35.5625,85.625,-102.625,#5C00FF
35.5625,92.25,-72.125,#9F00CB
35.5625,116.5,-80.25,#BB00D9
35.5625,120.25,-73.0,#C600CD
35.625,-37.375,28.25,#116123
35.625,2.875,-20.125,#445474
35.625,7.5,-19.5,#4F5173
35.625,24.125,8.0,#7B4448
35.625,26.0,30.5,#844124
35.625,28.625,-67.5,#004BC2
35.625,47.75,-53.0,#6E35AA
35.625,58.625,-89.0,#3033E8
35.625,69.75,34.875,#B60021
35.625,106.5,-58.5,#C000B4
35.6875,-44.25,5.625,#00644A
35.6875,-24.0,44.0,#405D00
35.6875,-23.25,30.5,#3D5D20
35.6875,5.5,27.5,#695027
35.6875,15.0,49.125,#794900
35.6875,24.75,41.875,#84420C
35.6875,30.5,61.125,#8C3D00
35.6875,36.125,-14.375,#803B6C
35.6875,39.625,38.875,#953316
35.6875,45.125,11.625,#962E44
35.6875,51.125,-68.375,#5B36C4
35.6875,53.625,39.375,#A51B17
35.6875,80.25,-7.125,#BA0062
35.6875,92.0,-11.625,#C60069
35.75,-67.125,7.25,#006947
35.75,-27.625,51.25,#3B5E00
35.75,35.625,-28.5,#753E82
35.75,62.375,1.75,#A80054
35.75,70.625,-10.25,#AE0066
35.75,74.375,50.25,#BD0005
35.75,78.375,-43.125,#A6009B
35.75,95.25,-43.75,#BB009C
35.75,116.625,-60.75,#CB00B9
35.8125,55.0,60.875,#A81600
35.8125,75.25,-77.0,#7D00D4
35.8125,108.0,-65.375,#BD00C0
35.875,-86.0,9.0,#006D44
35.875,-29.625,-56.0,#0065AF
35.875,-23.0,-59.625,#0064B5
35.875,14.0,41.875,#774B0A
35.875,28.375,-29.25,#6A4584
35.875,29.5,24.75,#873F2E
35.875,32.625,50.625,#8F3B00
35.875,58.625,-36.875,#901F91
35.875,65.0,15.125,#AF0040
35.875,95.875,-2.5,#CD005C
35.9375,-117.125,33.0,#006F16
35.9375,-92.75,44.5,#006D00
35.9375,-67.625,-23.875,#006C7A
35.9375,46.375,61.125,#9F2A00
35.9375,75.125,-57.25,#9600B3
35.9375,78.5,-93.75,#6300F1
35.9375,85.75,-90.875,#7A00EC
35.9375,94.75,-17.0,#C80072
36.0,-80.25,2.25,#006C4F
36.0,18.125,61.75,#7F4800
36.0625,-36.0,-4.75,#00635C
36.0625,-7.625,8.5,#4E5847
36.0625,82.5,-28.25,#B50084
36.125,-76.25,41.625,#006B00
36.125,12.0,62.0,#784C00
36.125,38.0,-76.125,#0047D2
36.125,44.875,-26.0,#86347F
36.125,88.75,37.875,#CD0020
36.125,113.625,-74.5,#BE00D1
36.125,122.5,-94.125,#B600F3
36.1875,-89.5,36.625,#006D0E
36.1875,-76.5,18.875,#006C34
36.1875,-54.875,41.25,#006700
36.1875,-40.0,-28.25,#006682
36.1875,-33.375,11.75,#036241
36.1875,-5.625,-44.375,#005C9D
36.1875,-1.875,50.5,#655400
36.1875,93.5,-50.5,#B600A8
36.1875,111.5,-36.125,#D50092
36.25,-98.625,52.375,#006E00
36.25,-11.375,-17.0,#235C70
36.25,-1.75,40.0,#63550D
36.25,30.625,9.125,#854048
36.25,114.375,-100.5,#A100FE
36.3125,-24.625,-50.125,#0064A6
36.3125,-18.5,-53.5,#0063AC
36.3125,40.375,62.125,#9A3300
36.3125,63.25,51.875,#B30000
36.3125,63.75,-25.75,#A00880
36.3125,65.125,8.5,#AF004B
36.3125,76.625,44.375,#C10014
36.3125,92.625,25.5,#D00034
36.375,-55.5,-16.5,#006A6F
36.375,-32.0,-9.625,#006364
36.375,-7.75,-23.625,#1F5B7B
36.4375,-112.75,38.0,#007008
36.4375,-63.125,-6.5,#006B5F
36.4375,-62.625,-29.0,#006C83
36.4375,-41.875,-7.0,#006660
36.4375,-39.125,-35.375,#00678E
36.4375,-23.5,-12.375,#006069
36.4375,4.0,62.375,#6F5200
36.5,-69.625,43.375,#006B00
36.5,46.5,-41.375,#7C3699
36.5625,-102.75,-18.0,#007271
36.5625,-101.25,7.625,#007048
36.5625,-96.75,-21.25,#007177
36.5625,-90.875,-24.375,#00717C
36.5625,-85.5,-27.375,#007081
36.5625,-70.0,25.125,#006B2A
36.5625,-58.625,-22.625,#006B79
36.5625,-46.375,-48.625,#006BA4
36.5625,-43.0,-42.375,#00699A
36.5625,-39.5,-52.375,#006AAA
36.5625,-26.5,-3.5,#00615B
36.5625,-24.625,19.0,#346036
36.5625,-18.0,62.625,#505C00
36.5625,-2.875,-1.875,#4F5859
36.5625,17.375,-75.75,#0056D3
36.5625,38.5,-35.5,#763E90
36.5625,40.0,-68.5,#3F44C7
36.5625,70.375,-100.25,#3128FE
36.5625,81.25,-76.125,#8C00D4
36.625,-99.5,18.375,#007036
36.625,-50.5,17.25,#006739
36.625,-11.375,50.25,#585A00
36.625,25.25,-20.875,#6E4878
36.625,50.875,-10.75,#982A69
36.625,86.25,-9.0,#C30067
36.625,101.875,-17.5,#D20075
36.6875,-55.375,47.25,#006800
36.6875,-16.625,38.75,#4E5C10
36.6875,-8.875,-60.0,#0061B8
36.6875,38.625,11.125,#913946
36.6875,46.75,-60.0,#653BB9
36.6875,68.125,-71.875,#7B1ACD
36.6875,89.25,-60.125,#AA00BA
36.6875,94.75,-102.375,#7800FF
36.6875,94.875,-24.375,#C80080
36.6875,106.875,-75.125,#B500D3
36.6875,110.375,-88.75,#AC00EB
36.75,-53.625,61.875,#006800
36.75,-45.0,62.25,#0E6600
36.75,-8.5,1.25,#485A54
36.75,50.875,-18.375,#942C75
36.75,62.375,-9.5,#A70967
36.75,68.5,-59.25,#8C0FB8
36.75,89.375,3.0,#CA0056
36.8125,-2.625,20.25,#5E5736
36.8125,-2.25,-70.375,#0060CA
36.8125,2.5,7.25,#5F554B
36.8125,7.625,39.75,#715111
36.8125,15.0,29.75,#794C27
36.8125,42.625,32.5,#9B3324
36.8125,42.875,-49.0,#6E3DA7
36.8125,70.875,-85.875,#671DE6
36.8125,79.375,-17.25,#B80074
36.875,21.5,-15.375,#6E4B70
36.875,82.125,20.375,#C6003B
36.9375,-95.125,34.625,#007016
36.9375,-16.75,26.75,#4A5D2A
36.9375,30.875,-1.125,#83425A
36.9375,50.0,-88.75,#0041EB
36.9375,64.5,23.125,#B30036
36.9375,86.375,-49.5,#B000A9
36.9375,88.5,-76.75,#9800D7
36.9375,101.125,-62.75,#B900BF
36.9375,102.375,-27.375,#D00085
37.0,-116.625,12.875,#007340
37.0,-82.0,-20.625,#007177
37.0,47.75,43.75,#A32B10
37.0625,-3.75,34.0,#61581D
37.0625,6.25,52.25,#725200
37.0625,16.75,20.875,#7A4C36
37.0625,63.375,63.25,#B60000
37.0625,83.875,-40.625,#B3009A
37.0625,99.875,-78.625,#A800DA
37.125,34.75,-55.0,#5547B1
37.125,67.625,-46.625,#9809A4
37.125,82.25,27.5,#C80031
37.125,96.5,-67.125,#AF00C7
37.1875,-75.0,-20.625,#007077
37.1875,-38.5,46.125,#236500
37.1875,-32.5,-21.625,#00667A
37.1875,2.375,-53.0,#005CAE
37.1875,4.625,-58.625,#005BB7
37.1875,18.125,10.375,#784C48
37.1875,23.25,-58.125,#2750B7
37.1875,80.5,33.625,#C70028
37.1875,113.25,-94.25,#AB00F6
37.25,-57.125,13.625,#006B40
37.25,-29.5,28.5,#316327
37.25,-28.375,63.5,#406200
37.25,18.25,-54.5,#1F53B1
37.25,23.875,52.875,#894600
37.25,40.125,49.25,#9B3600
37.25,45.75,18.25,#9D303D
37.25,60.5,44.125,#B20812
37.25,72.25,6.625,#B90050
37.3125,-115.375,21.625,#007431
37.3125,53.875,-29.375,#932B88
37.3125,54.375,27.625,#A9202F
37.3125,56.0,53.875,#AE1A00
37.3125,72.375,13.0,#BB0047
37.3125,93.125,-31.125,#C4008C
37.3125,101.875,-51.0,#C400AD
37.3125,120.5,-87.5,#BF00EB
37.375,-53.125,-29.5,#006D87
37.375,-49.625,31.75,#006920
37.375,23.375,17.5,#82483D
37.375,55.875,-75.75,#5C36D6
37.375,60.25,-67.625,#752CC8
37.4375,-96.25,3.375,#007251
37.4375,12.5,-58.625,#0058B8
37.5,-15.0,-66.125,#0066C5
37.5,-4.375,-64.125,#0061C1
37.5,25.5,-79.5,#0054DC
37.5,28.125,-85.0,#0054E6
37.5,31.0,-76.25,#004FD6
37.5,40.625,-0.75,#92395B
37.5,77.125,64.5,#C60000
37.6875,15.375,-21.875,#60527C
37.75,8.875,-79.875,#005EDD
37.9375,-8.625,-53.625,#0063B1
38.0,69.125,54.75,#BF0000
38.0625,3.75,-68.875,#0060CB
38.0625,45.25,-71.0,#4D43CF
38.0625,69.375,40.5,#BE001D
38.1875,74.125,27.875,#C20032
38.1875,113.375,-67.375,#CA00CB
38.25,15.25,-6.625,#6E5265
38.25,89.375,9.125,#D00050
38.25,105.5,-92.25,#A400F6
38.3125,6.875,-39.125,#2F5A9A
38.3125,64.625,-33.25,#A21591
38.375,23.375,-32.0,#644F8E
38.4375,-1.25,-58.375,#0061BA
38.4375,52.0,65.375,#AE2700
38.5,71.5,-36.375,#A90097
38.5625,-128.0,5.75,#00794F
38.5625,-128.0,21.25,#007834
38.5625,-128.0,27.875,#007828
38.5625,-126.75,49.125,#007800
38.5625,-122.5,32.125,#00771F
38.5625,-122.375,25.5,#00782D
38.5625,-116.625,5.375,#007850
38.5625,-115.625,-12.25,#00786D
38.5625,-111.25,9.375,#007749
38.5625,-106.25,52.0,#007600
38.5625,-106.125,2.375,#007755
38.5625,-105.875,44.25,#007600
38.5625,-100.75,-2.25,#00765D
38.5625,-95.0,-6.25,#007663
38.5625,-91.125,20.25,#007437
38.5625,-79.875,47.25,#007200
38.5625,-76.875,27.25,#00722A
38.5625,-75.125,-34.5,#007592
38.5625,-74.25,-0.875,#00725B
38.5625,-72.875,9.75,#007249
38.5625,-72.5,48.25,#007100
38.5625,-71.75,-27.875,#007487
38.5625,-68.125,-11.25,#00726C
38.5625,-65.125,-40.0,#00739B
38.5625,-61.75,0.625,#007058
38.5625,-59.75,21.75,#006F35
38.5625,-53.5,25.625,#006D2E
38.5625,-47.5,55.125,#006B00
38.5625,-47.25,41.625,#006B08
38.5625,-44.875,-12.25,#006C6E
38.5625,-42.25,52.125,#1D6A00
38.5625,-40.75,15.75,#006A40
38.5625,-40.125,-0.5,#006A5B
38.5625,-30.625,-43.25,#006BA1
38.5625,-29.625,-37.125,#006A97
38.5625,-27.125,-17.75,#006777
38.5625,-21.125,-21.5,#00667D
38.5625,-18.5,-43.75,#0067A2
38.5625,-17.375,-16.125,#0C6474
38.5625,-16.75,-25.875,#006484
38.5625,-15.5,55.375,#586000
38.5625,-8.375,-7.875,#435F67
38.5625,-4.0,-10.5,#495D6C
38.5625,-2.875,9.25,#5C5C4C
38.5625,-0.125,-41.5,#005F9E
38.5625,0.125,-9.0,#535B69
38.5625,3.625,-13.625,#555A71
38.5625,5.875,0.375,#65585A
38.5625,7.625,-64.25,#005EC5
38.5625,8.25,-6.375,#645765
38.5625,8.5,-26.625,#4F5886
38.5625,8.75,-52.875,#005CB1
38.5625,8.75,15.375,#715542
38.5625,15.125,-37.5,#4C5698
38.5625,22.5,-73.0,#0057D4
38.5625,27.375,-90.875,#0058F3
38.5625,28.0,-44.375,#5D4EA3
38.5625,37.375,-19.5,#86427B
38.5625,46.375,-77.125,#3F45DB
38.5625,54.25,-103.5,#0045FF
38.5625,55.25,18.625,#AC2340
38.5625,56.5,-45.875,#8D2EA6
38.5625,57.0,-55.875,#8331B7
38.5625,61.875,-42.375,#9823A1
38.5625,64.875,-87.0,#5A30ED
38.5625,89.25,-3.75,#CE0064
38.5625,96.5,-8.375,#D5006C
38.5625,96.625,-84.5,#A000E9
38.5625,98.125,-91.375,#9900F5
38.5625,101.0,-42.5,#CC00A2
38.5625,108.125,-98.5,#A000FF
38.5625,109.25,-50.125,#D200AF
38.5625,114.5,-44.75,#DC00A6
38.5625,120.0,-65.375,#D600C9
38.625,-83.25,22.125,#007334
38.625,-65.625,49.25,#006F00
38.625,-64.0,-17.375,#007176
38.625,-51.125,-12.125,#006E6D
38.625,-35.125,53.125,#336800
38.625,-1.25,2.625,#5B5B57
38.625,2.125,-27.75,#3D5C88
38.625,25.5,66.25,#904800
38.625,36.25,66.125,#9C3E00
38.6875,-95.25,-14.5,#007771
38.6875,-89.5,-17.75,#007676
38.6875,-63.625,15.5,#007040
38.6875,-25.125,2.625,#236656
38.6875,35.75,42.375,#9A3F14
38.6875,83.375,58.0,#D10000
38.75,-33.25,-49.5,#006DAC
38.75,42.375,54.75,#A33700
38.8125,-52.125,8.375,#006E4C
38.8125,64.75,36.75,#BB0024
38.875,-87.75,46.125,#007400
38.875,-82.75,32.75,#00741F
38.875,-68.75,2.25,#007256
38.875,-47.375,-26.75,#006F86
38.875,-36.25,-17.25,#006B77
38.875,-29.0,7.5,#1E674F
38.875,0.0,-15.75,#4C5D75
38.875,50.375,51.25,#AC2C00
38.875,101.0,-99.25,#9300FF
38.9375,-106.25,21.25,#007736
38.9375,-78.125,-28.875,#007689
38.9375,-46.25,12.25,#006D46
39.0,-68.25,35.125,#00711B
39.0,-53.125,-38.375,#00729A
39.0,-24.375,39.0,#466515
39.0,-16.75,2.0,#3C6358
39.0,-12.0,16.875,#526140
39.0,30.0,-51.375,#564FB0
39.0,61.75,-15.75,#AA1B77
39.0,63.875,30.375,#BA022F
39.0,87.625,-66.75,#A800CB
39.0625,-61.75,36.25,#007019
39.0625,-55.5,2.5,#007057
39.0625,-0.375,-75.625,#0065DA
39.0625,75.75,-50.75,#A600B0
39.125,-101.125,37.625,#007713
39.125,-6.0,-37.25,#006299
39.125,-1.5,-21.75,#405F7F
39.125,18.875,-68.0,#005ACD
39.125,36.625,21.125,#98403C
39.125,57.625,5.375,#AD2256
39.125,62.625,-51.375,#9226B1
39.125,92.25,-93.75,#8C00FB
39.1875,-108.75,-16.0,#007A75
39.1875,-69.5,19.75,#00723A
39.1875,-17.5,-33.625,#006793
39.1875,19.0,42.5,#874F12
39.1875,30.625,55.25,#964500
39.1875,78.375,-63.875,#9E00C7
39.25,-122.125,-8.0,#007B68
39.25,-34.75,40.125,#306911
39.25,-21.125,-3.625,#276662
39.25,24.125,-4.5,#7F4E64
39.25,91.25,-81.625,#9D00E6
39.3125,-19.625,33.625,#4E6422
39.3125,14.25,54.75,#835200
39.3125,50.5,4.375,#A53058
39.375,-122.625,39.25,#007A0D
39.375,-38.125,-11.0,#006D6E
39.375,39.25,-40.75,#7945A0
39.375,60.625,-100.0,#003EFF
39.375,70.0,48.25,#C40011
39.375,90.25,-19.5,#CC007F
39.375,100.75,-2.875,#DE0065
39.4375,-41.75,36.5,#146C1B
39.4375,-12.0,35.375,#5B6120
39.4375,-8.25,41.5,#635F11
39.4375,22.0,-39.125,#5B549D
39.4375,34.375,-7.125,#8C4669
39.4375,52.5,-97.375,#0047FF
39.4375,105.75,-37.375,#D7009C
39.5,-118.5,-1.375,#007B5D
39.5,-114.125,-6.5,#007B66
39.5,-111.125,28.0,#00792A
39.5,-101.375,26.25,#00782E
39.5,-91.875,9.75,#00774B
39.5,-59.375,7.375,#007150
39.5,-58.625,52.0,#007000
39.5,-57.125,-5.375,#007264
39.5,-55.375,-45.375,#0074A7
39.5,-36.375,-39.875,#006F9E
39.5,-30.875,16.875,#286940
39.5,-30.125,-27.25,#006C89
39.5,-19.25,21.375,#496539
39.5,-2.25,26.0,#675D32
39.5,3.25,31.625,#715A28
39.5,13.75,-14.75,#685675
39.5,20.625,30.0,#884F2D
39.5,24.625,25.25,#8C4C35
39.5,28.875,-12.0,#824B71
39.5,28.875,38.75,#93481D
39.5,31.625,-38.875,#6E4C9D
39.5,33.125,-88.25,#0055F1
39.5,40.75,26.375,#A03C34
39.5,41.125,-29.5,#87428E
39.5,46.125,-15.0,#983A76
39.5,47.125,-30.625,#8F3B90
39.5,47.125,25.25,#A73437
39.5,52.25,-3.5,#A52F64
39.5,65.875,-20.125,#AF0F7F
39.5,70.0,0.25,#BC005F
39.5,78.625,-101.0,#5C1CFF
39.5,81.625,-70.0,#9D00D2
39.5,81.75,39.375,#D10024
39.5,83.375,-95.875,#7600FF
39.5,95.625,17.5,#DD0047
39.5,99.875,7.125,#E00056
39.5,111.875,-81.375,#BF00E6
39.5,122.125,-78.5,#D100E2
39.5625,-60.0,-13.0,#007371
39.5625,68.625,-95.25,#4F30FE
39.625,-21.125,8.75,#3B664F
39.625,85.375,-83.5,#9200EA
39.6875,-82.75,-1.875,#00775F
39.6875,-17.25,45.375,#566403
39.6875,82.875,65.375,#D40000
39.75,-51.375,-3.25,#007162
39.75,-18.25,15.375,#476544
39.75,-12.875,10.0,#4E634D
39.8125,80.5,-89.625,#7E04F5
39.8125,95.75,-54.75,#C100BA
39.875,15.375,5.25,#795556
39.9375,-75.125,-14.5,#007774
39.9375,-34.0,-56.625,#0071BB
39.9375,-22.375,-39.375,#006B9E
39.9375,29.375,-23.75,#7B4D85
39.9375,34.0,-46.0,#6A4DAA
39.9375,45.875,-3.875,#9E3A66
40.0,-9.0,56.875,#666100
40.0,61.125,-60.0,#892FC2
40.0,75.0,-70.125,#930DD4
40.0,90.25,31.625,#DB0032
40.0625,-79.25,-7.625,#007869
40.0625,74.125,-5.875,#C0006A
40.125,-113.5,43.125,#007B00
40.125,-82.125,40.5,#00770E
40.125,-11.25,-33.0,#006794
40.125,12.5,-73.75,#0061D9
40.125,36.25,-93.375,#0056FC
40.125,63.75,-2.5,#B51565
40.125,83.125,-12.75,#C90076
40.125,89.25,-88.375,#9300F4
40.1875,-83.125,-13.5,#007973
40.1875,-27.125,-60.25,#0070C2
40.1875,34.875,31.0,#9B442E
40.1875,44.25,-97.625,#0051FF
40.1875,51.875,-35.75,#93389A
40.1875,61.5,-77.75,#6D36E1
40.1875,72.75,-22.5,#B80085
40.1875,76.75,-84.75,#8116EE
40.1875,80.25,47.25,#D20017
40.25,-96.0,14.875,#007A44
40.25,-26.625,57.125,#4A6900
40.25,58.0,-32.625,#9F2D95
40.3125,-8.375,22.625,#5F6239
40.3125,1.125,20.5,#6C5D3E
40.3125,23.0,37.375,#8E4F21
40.3125,80.25,-3.25,#C90067
40.3125,93.375,-75.75,#AB00DF
40.3125,105.875,-70.25,#C400D5
40.375,-12.25,-46.875,#0069AC
40.375,-1.125,54.75,#725E00
40.375,14.375,-31.75,#585A93
40.375,56.5,-92.0,#2D43FB
40.375,67.375,-79.25,#782DE5
40.375,68.0,-65.75,#8E25CD
40.375,81.0,6.625,#CD0058
40.375,87.75,17.125,#D70049
40.375,96.25,1.5,#DD0061
40.375,113.875,-58.0,#D800C1
40.4375,-24.0,-45.75,#006EAA
40.4375,-6.125,50.875,#6A6100
40.4375,4.125,-7.375,#605E6B
40.4375,4.625,43.5,#785B10
40.4375,6.0,10.375,#6F5B4F
40.4375,8.375,35.0,#7B5924
40.4375,42.75,5.75,#9F3E58
40.4375,57.5,-6.875,#AD296C
40.4375,93.5,-40.375,#C900A3
40.5,-35.0,25.625,#276D33
40.5,-6.25,-29.125,#20658F
40.5,28.375,18.625,#914C43
40.5,34.75,-32.125,#7D4B94
40.5,58.5,62.5,#BB1F00
40.5,74.5,38.375,#CC0026
40.5,87.75,49.375,#DB0016
40.5625,-128.0,-3.375,#007F63
40.5625,-128.0,34.5,#007E1E
40.5625,-122.25,9.75,#007E4D
40.5625,-119.375,53.375,#007D00
40.5625,-119.25,44.875,#007D00
40.5625,-114.25,50.25,#007C00
40.5625,-113.125,58.125,#007C00
40.5625,-106.375,-6.875,#007D69
40.5625,-104.75,15.375,#007C44
40.5625,-103.25,59.0,#007B00
40.5625,-100.0,-10.75,#007C6F
40.5625,-96.625,43.125,#007A03
40.5625,-94.125,60.0,#007A00
40.5625,-89.25,52.375,#007900
40.5625,-87.75,-9.625,#007B6E
40.5625,-85.5,60.75,#007800
40.5625,-78.0,6.375,#007853
40.5625,-77.5,61.375,#007700
40.5625,-76.375,33.0,#007723
40.5625,-70.25,62.25,#007500
40.5625,-63.25,62.75,#007400
40.5625,-62.875,-33.75,#007896
40.5625,-59.25,44.75,#007301
40.5625,-53.625,56.125,#007200
40.5625,-48.5,-17.5,#00737B
40.5625,-47.25,2.375,#00715B
40.5625,-44.75,-35.875,#00739A
40.5625,-37.875,65.25,#356D00
40.5625,-32.875,47.75,#3C6C00
40.5625,-27.125,-8.5,#006C6D
40.5625,-15.5,-57.75,#006CBF
40.5625,-13.5,63.875,#616400
40.5625,-12.375,-21.875,#1C6783
40.5625,-7.5,68.25,#6B6100
40.5625,-6.625,-19.0,#3B647E
40.5625,-0.5,65.5,#745E00
40.5625,0.0,-48.0,#0064AE
40.5625,0.0,13.125,#685F4A
40.5625,4.625,69.25,#7B5B00
40.5625,10.75,67.75,#835700
40.5625,11.875,23.625,#7D5839
40.5625,14.5,-79.5,#0062E5
40.5625,16.125,36.5,#865423
40.5625,18.5,69.625,#8D5200
40.5625,20.5,-81.375,#005FE8
40.5625,23.875,-64.0,#1759CA
40.5625,24.375,11.875,#8A4F4D
40.5625,26.25,46.0,#944C0E
40.5625,29.875,-63.625,#3A55C9
40.5625,35.375,-71.0,#3352D6
40.5625,38.625,-83.5,#0052EC
40.5625,40.25,-9.75,#964371
40.5625,42.0,69.625,#A93C00
40.5625,42.5,-54.0,#7148B9
40.5625,46.375,36.875,#AB3725
40.5625,48.375,-23.5,#983B87
40.5625,50.25,32.0,#AF322E
40.5625,50.875,-64.5,#7141CB
40.5625,51.0,12.75,#AC324D
40.5625,55.25,-82.75,#5141EB
40.5625,61.5,68.25,#BF1600
40.5625,69.5,69.125,#C80000
40.5625,76.0,20.875,#CB0042
40.5625,77.5,12.875,#CB004F
40.5625,80.5,-34.875,#BC009A
40.5625,86.5,-32.625,#C50097
40.5625,88.375,-25.875,#CB008C
40.5625,98.375,-20.875,#D90084
40.5625,102.75,-83.125,#B200EC
40.625,-128.0,14.625,#007E45
40.625,-128.0,41.625,#007E07
40.625,-22.125,-27.625,#006C8C
40.625,-18.875,67.0,#5A6600
40.625,10.5,46.25,#815809
40.625,54.25,43.375,#B52A1A
40.6875,-116.875,29.25,#007D2A
40.6875,34.875,59.875,#A04500
40.6875,72.875,59.375,#CC0000
40.75,-122.375,18.75,#007E3E
40.75,-108.625,38.75,#007C14
40.75,26.125,59.75,#964D00
40.75,29.25,-71.5,#0057D8
40.75,47.125,-45.625,#8441AC
40.75,77.25,-40.0,#B500A3
40.8125,-76.0,14.375,#007846
40.8125,-24.875,27.0,#446A32
40.8125,-22.5,-53.5,#006FB8
40.8125,20.375,48.125,#8E5206
40.8125,55.375,36.0,#B62929
40.8125,80.5,-58.5,#AB00C2
40.8125,87.875,25.875,#DA003C
40.875,4.0,-33.0,#3D6196
40.875,34.25,10.5,#974851
40.875,84.5,-54.0,#B500BB
40.9375,-33.25,-2.5,#006E64
40.9375,-26.5,48.375,#4A6A00
40.9375,15.5,-43.25,#485CA8
40.9375,35.875,-59.5,#5950C4
40.9375,70.0,32.0,#C70031
40.9375,99.375,-35.5,#D5009D
41.0,-111.375,0.75,#007E5D
41.0,-93.75,30.375,#007B29
41.0,-67.125,28.0,#00762F
41.0,41.75,-88.75,#0052F7
41.0625,-117.125,36.125,#007E1C
41.0625,-56.125,35.625,#007420
41.0625,-21.0,52.875,#556900
41.0625,108.25,-62.375,#D000CA
41.125,-13.875,-9.375,#396870
41.125,52.5,59.5,#B62F00
41.1875,-57.75,-29.0,#007890
41.1875,45.25,47.25,#AD3A11
41.1875,52.375,-42.375,#913BA8
41.1875,75.75,-15.25,#C2007C
41.25,-44.625,26.125,#007234
41.25,13.75,17.75,#805845
41.25,71.25,-54.625,#A218BD
41.25,83.125,-46.875,#BA00B0
41.25,104.375,-21.125,#E30087
41.3125,4.125,-20.375,#556183
41.3125,17.625,-0.125,#7D5762
41.3125,20.125,-25.25,#6E588B
41.3125,36.25,37.0,#A14526
41.3125,56.5,-22.5,#A63187
41.3125,57.125,-0.5,#B12B64
41.3125,58.5,14.375,#B8264D
41.375,-98.25,55.5,#007C00
41.375,-65.875,-27.875,#007A8E
41.375,-48.25,64.375,#127200
41.375,-43.25,7.375,#007254
41.375,6.625,-46.0,#1B63AD
41.375,15.625,62.875,#8B5600
41.375,87.75,-72.75,#A900DC
41.4375,-3.0,43.625,#706212
41.4375,6.25,26.625,#795D36
41.4375,11.125,-19.875,#635D82
41.4375,17.75,24.875,#88563A
41.4375,19.0,57.75,#8F5400
41.4375,48.625,-53.0,#8043BA
41.4375,81.625,-20.375,#C80085
41.5,-90.125,-2.0,#007D63
41.5,-88.75,25.0,#007C35
41.5,-88.25,33.875,#007C23
41.5,-86.75,3.25,#007C5B
41.5,-83.75,11.5,#007B4D
41.5,-70.25,-22.625,#007B86
41.5,-69.25,-35.125,#007C9B
41.5,-57.25,-19.125,#007880
41.5,-52.75,-25.0,#00778A
41.5,-49.625,-50.25,#0079B4
41.5,-42.5,-54.25,#0077BB
41.5,-39.75,-22.875,#007386
41.5,-24.75,13.75,#3B6C4B
41.5,-21.875,-65.875,#0072CF
41.5,-20.75,-10.5,#1C6C72
41.5,-13.375,-2.625,#456866
41.5,-9.125,-70.5,#006ED8
41.5,0.625,-1.75,#626265
41.5,6.875,57.0,#805C00
41.5,19.375,-59.875,#1A5DC6
41.5,19.625,-9.25,#7B5771
41.5,22.0,-46.625,#535AAF
41.5,26.625,2.875,#8C505E
41.5,33.0,2.625,#944B5F
41.5,33.0,71.25,#A14800
41.5,36.0,-78.125,#0055E5
41.5,41.75,14.625,#A4414C
41.5,53.125,-70.875,#6C43D9
41.5,57.625,49.75,#BD260E
41.5,58.75,24.5,#BB253D
41.5,60.75,56.125,#C11D00
41.5,66.625,11.75,#C10A52
41.5,75.0,-92.25,#7127FF
41.5,75.75,68.875,#D20000
41.5,76.625,2.5,#CA0061
41.5,77.25,53.875,#D3000A
41.5,90.0,-46.25,#C400B0
41.5,99.25,-71.875,#BC00DC
41.5,107.875,-31.0,#E40097
41.5,117.125,-74.875,#D300E1
41.5625,43.0,60.875,#AD3E00
41.5625,68.375,20.0,#C50045
41.5625,69.0,26.0,#C7003C
41.5625,103.0,-9.75,#E60076
41.625,33.375,48.5,#A0490B
41.625,50.75,71.5,#B73300
41.625,104.125,-46.625,#D700B1
41.6875,-77.0,22.125,#007A3B
41.6875,-75.875,39.375,#007A17
41.75,26.375,71.625,#9A4F00
41.75,78.25,-76.5,#960EE4
41.75,95.25,10.625,#E30056
41.8125,31.0,64.375,#9F4B00
41.8125,105.125,-53.375,#D500BD
41.875,-68.375,12.0,#007A4D
41.875,-44.625,-44.75,#0078AC
41.875,7.5,-12.125,#666077
41.9375,-37.125,-33.875,#00759A
41.9375,-0.625,71.875,#786100
41.9375,2.25,4.375,#6A615C
41.9375,4.75,-73.375,#0069DE
41.9375,87.25,40.5,#DF0028
42.0,-38.0,11.625,#00724F
42.0,115.875,-49.5,#E600B7
42.0625,-91.75,-26.625,#00808E
42.0625,-86.375,-29.625,#008093
42.0625,-45.75,32.875,#007429
42.0625,-5.125,-45.25,#006AAE
42.0625,51.75,-58.75,#7F42C6
42.125,-97.5,-23.375,#008188
42.125,-65.0,-7.125,#007A6E
42.125,29.5,-3.875,#8E506B
42.125,41.625,-21.875,#944788
42.125,61.25,-83.75,#653EF1
42.1875,-103.5,-20.0,#008283
42.1875,-82.375,27.75,#007D31
42.1875,27.875,-35.0,#73559E
42.1875,64.25,43.5,#C6151F
42.1875,70.5,-45.125,#AC19AF
42.1875,82.625,-26.5,#C90091
42.1875,94.75,25.125,#E60041
42.1875,95.875,-13.125,#DE007C
42.25,-70.0,41.875,#007A11
42.25,-48.5,18.125,#007544
42.25,-38.0,-48.375,#0077B3
42.25,-8.875,-12.625,#446978
42.25,-3.5,-2.125,#5C6667
42.25,1.625,49.75,#7A6100
42.25,49.125,-9.5,#A63C75
42.25,98.375,-61.875,#C600CD
42.3125,82.75,30.5,#DA0038
42.3125,91.25,-63.25,#BB00CF
42.3125,122.25,-69.5,#E100DA
42.375,-54.125,48.75,#007700
42.375,-7.875,0.125,#566864
42.4375,-83.75,-22.625,#008088
42.4375,-77.0,-22.875,#007F88
42.4375,-59.75,26.375,#007935
42.4375,51.75,-17.25,#A63A82
42.4375,66.625,-7.25,#BE1772
42.5,-53.25,13.0,#00784D
42.5,-33.0,35.375,#3B7125
42.5,-15.625,-51.375,#0070B9
42.5,23.25,-15.0,#7F577D
42.5625,-106.0,9.0,#008253
42.5625,-101.125,2.375,#00815E
42.5625,-97.125,64.875,#007F00
42.5625,-95.5,24.125,#008039
42.5625,-88.5,65.875,#007E00
42.5625,-80.375,66.625,#007D00
42.5625,-72.875,-6.25,#007D6D
42.5625,-44.375,-5.75,#00766D
42.5625,-34.875,71.125,#427100
42.5625,-28.125,71.5,#506F00
42.5625,-25.5,-34.125,#00729C
42.5625,-18.25,72.875,#616B00
42.5625,-14.0,30.5,#5E6A30
42.5625,-12.125,72.875,#6A6800
42.5625,-11.375,45.875,#67680C
42.5625,-8.375,-59.375,#006FC7
42.5625,-7.0,9.375,#5F6755
42.5625,-2.625,37.5,#726423
42.5625,1.75,-64.625,#006BD0
42.5625,4.375,-81.0,#006CED
42.5625,11.25,-84.75,#0069F4
42.5625,12.125,-2.75,#765E69
42.5625,16.5,-87.75,#0067F9
42.5625,28.625,31.5,#9B5032
42.5625,30.375,-95.5,#0060FF
42.5625,32.625,-17.625,#8B5082
42.5625,37.125,54.375,#A84700
42.5625,41.25,-73.0,#4A52E0
42.5625,45.0,-63.375,#6C4CCF
42.5625,46.375,66.0,#B43C00
42.5625,49.25,-86.125,#344EF7
42.5625,50.5,18.875,#B33848
42.5625,62.375,-71.625,#8239DE
42.5625,68.75,-72.75,#8C2EE0
42.5625,69.0,-26.625,#B81792
42.5625,70.875,-86.625,#7830F8
42.5625,71.625,-61.375,#A020CC
42.5625,74.75,-32.25,#BC009B
42.5625,90.25,-9.625,#DA0077
42.5625,93.5,-69.875,#B900DB
42.5625,111.125,-86.5,#C200F8
42.5625,117.25,-88.0,#CA00FB
42.625,-96.0,36.375,#008020
42.625,81.875,73.25,#DD0000
42.6875,-15.25,39.25,#606A1F
42.6875,44.75,30.75,#AF3F35
42.6875,89.625,2.25,#DD0065
42.6875,100.875,-26.5,#E10093
42.75,-72.75,67.25,#007C00
42.75,-39.125,48.375,#327300
42.75,9.5,73.25,#885D00
42.75,24.625,-57.25,#445CC5
42.75,27.0,51.625,#9C5101
42.75,28.0,-28.875,#7B5695
42.75,98.25,-45.875,#D300B3
42.8125,-111.0,13.625,#00834C
42.8125,-75.75,51.0,#007D00
42.8125,-50.125,-34.375,#007B9D
42.8125,-12.25,-65.5,#0072D3
42.8125,-1.75,31.125,#726530
42.8125,20.5,18.125,#8D5748
42.8125,30.75,24.75,#9D4F3E
42.8125,63.625,50.5,#C81A12
42.8125,64.125,4.0,#C01F61
42.8125,64.625,-46.5,#A42CB3
42.8125,66.0,73.625,#CC0D00
42.8125,66.25,63.625,#CC0D00
42.8125,70.0,-16.875,#BF0E83
42.8125,81.625,21.5,#D90047
42.8125,84.75,-40.125,#C500A9
42.8125,111.125,-37.625,#E900A6
42.875,-116.75,18.625,#008443
42.875,5.375,-59.375,#0069C8
42.875,39.5,46.625,#AB4516
42.875,44.5,-80.875,#3952EE
42.875,46.875,56.375,#B53C00
42.875,112.875,-93.125,#BE00FF
42.9375,-28.375,64.0,#4F7000
42.9375,18.125,-53.875,#3861BF
42.9375,61.75,-38.25,#A730A6
43.0,-116.75,9.75,#008453
43.0,-102.0,33.125,#008228
43.0,-98.875,49.75,#008100
43.0,40.5,-45.375,#7F4EB1
43.0,47.5,8.5,#AD3E5A
43.0,52.75,-26.875,#A33C93
43.0,53.125,26.875,#B9353C
43.0625,-44.125,44.125,#1F760F
43.0625,-27.125,-1.0,#1E7267
43.0625,-18.625,61.5,#606C00
43.0625,67.25,57.375,#CD0800
43.0625,87.125,55.0,#E4000F
43.125,-68.625,51.875,#007C00
43.125,-5.25,-64.625,#006FD2
43.125,40.25,-2.125,#A0486B
43.1875,-21.125,2.25,#3B6F62
43.1875,8.5,-30.75,#546499
43.1875,26.25,-80.625,#0061EF
43.1875,35.75,-50.75,#6F54BB
43.25,-106.25,-1.5,#008467
43.25,11.25,-55.75,#0066C3
43.25,93.0,-28.625,#D80098
43.3125,-71.375,6.375,#007E5A
43.3125,-1.75,-10.875,#596878
43.3125,18.875,8.75,#895A59
43.3125,79.125,62.375,#DC0000
43.375,-28.125,43.125,#4B7115
43.375,11.5,-37.125,#5063A4
43.375,87.125,11.375,#DF0058
43.4375,-110.125,22.125,#00843E
43.4375,-17.75,-19.625,#0C7086
43.4375,-6.5,-53.25,#006FBF
43.4375,3.75,37.375,#7E6326
43.4375,5.25,-53.375,#0069C0
43.4375,8.0,2.125,#756263
43.4375,29.25,-85.875,#0061F9
43.4375,101.375,-89.875,#B000FF
43.5,-120.125,-12.375,#008779
43.5,-90.625,43.25,#00810E
43.5,-89.625,14.625,#00824C
43.5,-83.625,17.5,#008147
43.5,-80.5,-33.625,#00839D
43.5,-65.125,72.625,#007C00
43.5,-60.375,-44.375,#0080B0
43.5,-58.625,73.25,#007A00
43.5,-52.375,73.5,#057900
43.5,-41.625,58.0,#317600
43.5,-41.25,74.0,#377600
43.5,-38.375,18.375,#157647
43.5,-37.5,-6.375,#007770
43.5,-36.875,3.75,#007660
43.5,-33.25,-10.875,#007578
43.5,-32.75,-21.25,#007689
43.5,-28.375,-53.0,#0078BF
43.5,-25.125,20.125,#457144
43.5,-15.625,-38.5,#0071A6
43.5,-13.375,21.375,#5D6C43
43.5,-9.875,-40.875,#006FAA
43.5,6.0,18.875,#7B6248
43.5,11.375,-65.25,#0068D4
43.5,12.0,-9.75,#746177
43.5,12.625,30.375,#885E34
43.5,21.5,63.875,#995700
43.5,39.25,-67.0,#5955D8
43.5,43.625,21.5,#AE4446
43.5,52.75,-48.375,#9242B8
43.5,58.5,72.625,#C62A00
43.5,76.625,29.5,#D7003B
43.5,84.125,-77.875,#A300EC
43.5,93.75,-3.75,#E30071
43.5,94.5,37.5,#EC0031
43.5,104.875,-77.25,#C500EB
43.5,117.625,-80.875,#D500F1
43.5,124.25,-82.5,#DD00F4
43.5625,-65.0,2.5,#007E61
43.5625,-58.875,56.625,#007B00
43.5625,-39.5,32.375,#28762D
43.5625,-11.125,52.5,#6B6A00
43.5625,-4.625,15.0,#69684E
43.5625,6.25,62.75,#856100
43.5625,12.75,-25.625,#656291
43.5625,33.625,17.125,#A04E4C
43.5625,50.5,-93.25,#0051FF
43.5625,60.0,-11.625,#B72F7C
43.5625,62.5,-24.875,#B32D91
43.5625,64.0,-94.0,#5442FF
43.5625,89.75,-52.0,#C600BF
43.5625,106.25,-15.375,#EE0084
43.5625,109.5,-44.0,#E600B2
43.5625,117.25,-61.875,#E400D1
43.625,-26.75,34.625,#4B712A
43.625,-5.5,61.0,#756800
43.625,3.5,13.25,#756451
43.625,9.125,40.375,#866021
43.625,17.625,-19.875,#755E88
43.625,66.375,-58.375,#9E30CA
43.625,84.125,-7.875,#D70077
43.625,87.875,64.625,#E70000
43.625,94.125,-88.75,#A600FF
43.625,100.5,14.125,#F00056
43.625,103.0,3.875,#F00065
43.625,111.375,-71.75,#D500E2
43.6875,-34.5,58.375,#447400
43.6875,-8.25,33.375,#6B6A2E
43.6875,11.0,13.0,#806052
43.6875,20.125,-33.25,#6A5E9F
43.6875,40.75,-34.25,#8D4DA1
43.6875,45.125,-39.75,#8F4AAA
43.6875,70.625,6.875,#CB025F
43.6875,74.25,45.875,#D60020
43.6875,97.375,-81.0,#B600F2
43.75,-62.125,18.375,#007D47
43.75,-47.25,69.875,#237800
43.75,-11.25,5.375,#576D5E
43.75,15.75,45.0,#905C18
43.75,28.625,-47.375,#675AB7
43.75,31.5,43.125,#A4501E
43.75,37.5,-26.375,#8F5094
43.75,41.25,40.625,#AF4625
43.75,55.375,67.25,#C23100
43.75,58.625,-64.125,#893FD4
43.75,86.5,-59.875,#BC00CD
43.8125,-53.375,-10.0,#007C77
43.8125,-49.75,40.125,#00791C
43.8125,-19.375,27.25,#566F39
43.8125,10.625,52.0,#8B5F00
43.8125,73.5,-80.125,#8D2BF0
43.8125,83.5,-65.375,#B200D7
43.8125,90.625,-35.875,#D300A5
43.8125,108.875,-25.375,#EF0094
43.875,-48.375,9.5,#007A57
43.875,-5.625,75.125,#776800
43.875,16.5,75.25,#955B00
43.875,52.625,-76.625,#664BEA
43.875,67.125,-34.75,#B426A3
43.9375,-31.0,21.5,#397443
43.9375,25.25,-42.125,#695CAE
43.9375,59.125,30.25,#C42C39
43.9375,73.5,74.875,#D80000
43.9375,85.125,-92.0,#9008FF
44.0,-102.125,41.0,#008517
44.0,-65.625,-15.125,#008080
44.0,-53.5,5.625,#007C5D
44.0,-7.625,-5.875,#546C71
44.0,2.5,-42.5,#216BAF
44.0,39.25,-15.125,#9A4D82
44.0,43.0,75.375,#B54400
44.0,83.0,15.75,#DD0053
44.0,103.375,-65.0,#D000D7
44.0,103.375,-41.125,#E100AF
44.0625,-98.75,18.625,#008546
44.0625,-30.25,52.25,#4C7400
44.0625,-27.875,-16.125,#007582
44.0625,21.25,-70.5,#0064DF
44.0625,46.75,-70.25,#6650DF
44.0625,53.5,7.625,#B8395E
44.0625,60.875,9.125,#C12B5C
44.125,-114.25,-11.125,#008879
44.125,-84.0,71.375,#008200
44.125,-63.75,-38.5,#0082A7
44.125,-51.875,26.625,#007B39
44.125,-31.5,-44.0,#0079B1
44.125,3.375,-15.125,#606881
44.125,3.625,75.625,#856400
44.125,56.5,19.375,#BF334B
44.125,92.625,46.25,#ED0024
44.1875,-95.75,-16.875,#008683
44.1875,-89.875,-20.125,#008688
44.1875,-53.5,65.25,#007B00
44.1875,-38.125,-15.375,#007981
44.1875,26.375,-20.375,#84598B
44.1875,47.5,0.875,#AE4269
44.1875,58.625,-55.5,#963EC6
44.1875,68.25,38.25,#D00E2E
44.1875,71.875,53.0,#D60011
44.1875,72.0,16.0,#D10052
44.25,-58.375,1.5,#007E65
44.25,-46.125,-29.125,#007D98
44.25,-33.875,-29.375,#007999
44.25,-30.375,5.875,#24755E
44.25,-3.125,-38.625,#0E6EA9
44.25,29.125,12.375,#9B5455
44.3125,-80.625,-17.125,#008484
44.4375,-14.25,13.5,#596F52
44.4375,91.0,20.125,#E9004D
44.5,-62.5,8.5,#007F59
44.5,-55.375,-39.25,#0081AA
44.5,-22.25,46.0,#5A7210
44.5625,-128.0,6.375,#008A5C
44.5625,-128.0,21.875,#008A41
44.5625,-128.0,28.5,#008934
44.5625,-124.25,48.5,#008900
44.5625,-122.5,32.75,#00892C
44.5625,-122.375,26.125,#008939
44.5625,-122.125,-1.25,#008A69
44.5625,-116.625,3.0,#008962
44.5625,-111.875,34.125,#008829
44.5625,-108.875,55.875,#008700
44.5625,-106.0,45.875,#008705
44.5625,-95.375,-6.125,#008772
44.5625,-93.625,2.625,#008663
44.5625,-84.0,-5.75,#008571
44.5625,-83.625,45.75,#008308
44.5625,-82.5,56.875,#008300
44.5625,-81.625,1.5,#008465
44.5625,-74.5,27.0,#008239
44.5625,-70.75,0.0,#008268
44.5625,-70.125,32.875,#00812D
44.5625,-63.875,32.25,#007F2F
44.5625,-63.375,41.0,#007F1B
44.5625,-25.75,-24.125,#007791
44.5625,-23.5,68.0,#5D7200
44.5625,-23.25,76.125,#5E7200
44.5625,-15.375,-26.375,#007395
44.5625,-12.625,58.375,#6D6E00
44.5625,-3.0,-20.375,#4C6C8B
44.5625,-3.0,5.375,#686B60
44.5625,-0.125,-28.25,#466C98
44.5625,5.375,-25.5,#586994
44.5625,23.625,76.375,#A05800
44.5625,31.875,-9.75,#95557A
44.5625,37.625,66.0,#B04B00
44.5625,49.25,43.875,#BC3E21
44.5625,50.375,51.375,#BE3C10
44.5625,77.5,-45.25,#BD00B6
44.625,-78.125,-11.375,#00847B
44.625,-43.875,52.375,#2B7900
44.625,-39.375,-38.75,#007DA9
44.625,-37.5,40.375,#38781F
44.625,20.625,41.0,#985B24
44.625,25.5,22.375,#9A5846
44.625,53.5,76.625,#C43700
44.625,62.75,17.375,#C72750
44.625,84.25,46.625,#E50022
44.6875,-111.25,7.0,#00895C
44.6875,-71.25,21.125,#008144
44.6875,-4.875,25.25,#706B3F
44.6875,31.875,76.5,#AA5100
44.6875,34.0,-41.875,#7C57B0
44.6875,46.25,-18.125,#A44889
44.6875,61.125,-18.25,#B83289
44.6875,76.625,-64.0,#AB1AD7
44.6875,78.25,-52.875,#B805C4
44.6875,78.875,37.0,#DE0032
44.6875,80.625,-83.625,#981BF9
44.6875,100.25,-55.625,#D500C9
44.6875,122.375,-75.25,#E400EB
44.75,-110.75,-16.25,#008A83
44.75,-32.125,76.125,#4F7600
44.75,3.5,-0.25,#70686A
44.75,22.625,-4.5,#8B5C72
44.75,40.125,9.0,#A94C5D
44.75,88.875,-84.0,#A700FA
44.8125,-59.25,66.875,#007E00
44.8125,37.0,26.625,#AB4E40
44.8125,57.75,-43.5,#A23EB4
44.875,-20.375,-31.5,#00769E
44.875,-20.375,33.75,#5A722F
44.875,-9.375,40.25,#6F6D22
44.875,45.875,-57.75,#7E50CC
44.875,62.25,36.0,#CB2832
44.875,72.125,-39.875,#BB1DAE
44.875,76.5,-22.125,#CB0091
44.875,87.375,-15.375,#DC0086
44.875,100.625,-4.0,#F00075
44.9375,-122.625,39.875,#008A1C
44.9375,-94.5,9.75,#008758
44.9375,-32.375,15.625,#30774F
44.9375,0.875,60.125,#826800
44.9375,1.5,26.5,#7B683E
44.9375,30.75,56.75,#A85300
44.9375,91.875,-20.25,#E0008E
44.9375,111.375,-53.625,#E700C6
45.0,-103.75,52.625,#008700
45.0,-101.375,25.5,#00883C
45.0,-72.125,-18.125,#008487
45.0,-61.0,-11.25,#00817C
45.0,-56.875,-4.75,#008071
45.0,-41.75,64.0,#377A00
45.0,2.0,-7.375,#686A77
45.0,31.25,36.625,#A6532E
45.0625,-20.0,-48.125,#0078BB
45.0625,79.875,-70.0,#AB13E2
45.125,-4.375,-71.25,#0075E3
45.125,6.75,31.625,#856536
45.125,12.875,58.75,#926100
45.125,13.5,6.75,#856260
45.125,57.75,41.0,#C73229
45.125,71.625,-0.375,#CF0D6E
45.1875,-1.0,20.5,#766A49
45.1875,15.125,-75.625,#006CEB
45.1875,22.125,-76.75,#0068ED
45.1875,24.75,-51.75,#5A61C2
45.25,12.625,-15.625,#746585
45.25,31.75,-76.125,#0D61ED
45.3125,-85.125,39.875,#00851F
45.3125,-75.625,71.875,#008300
45.3125,81.625,55.875,#E50010
45.375,-77.0,-2.875,#00866E
45.375,-20.125,7.75,#4A745E
45.375,55.625,56.625,#C73603
45.375,96.375,4.875,#EF0068
45.4375,-79.875,32.875,#00852F
45.4375,-35.125,-56.125,#007FC9
45.4375,-21.875,-40.125,#0079AE
45.4375,-18.875,-55.5,#0079C9
45.4375,8.5,-76.5,#0070EE
45.4375,38.0,-92.5,#0061FF
45.4375,38.875,-55.375,#7557C9
45.4375,64.25,25.75,#CE2645
45.4375,83.625,4.625,#E00068
45.5,-128.0,56.5,#008C00
45.5,-119.375,59.875,#008B00
45.5,-112.375,47.125,#008A02
45.5,-79.25,10.5,#008658
45.5,-75.125,-38.5,#0088AB
45.5,-73.875,-30.125,#00879D
45.5,-67.75,65.25,#008200
45.5,-64.25,-23.25,#008491
45.5,-55.75,-49.625,#0085BE
45.5,-51.125,-1.5,#00806D
45.5,-50.875,-43.625,#0083B4
45.5,-49.5,-20.875,#00808D
45.5,-46.75,-13.125,#007F80
45.5,-39.5,25.25,#247B3F
45.5,-28.375,-38.625,#007BAC
45.5,-19.5,-3.875,#3C7572
45.5,-5.125,54.875,#7A6C00
45.5,12.625,-46.0,#4569B9
45.5,18.375,32.625,#965F35
45.5,30.5,6.375,#9E5762
45.5,31.625,-57.25,#615ECC
45.5,33.25,-66.25,#4F5EDC
45.5,34.75,-35.5,#8758A7
45.5,46.625,-27.75,#A14B9B
45.5,58.5,-77.5,#7848F0
45.5,74.875,-9.875,#D0007E
45.5,86.0,-22.75,#D90094
45.5,86.875,34.0,#EA003A
45.5,93.0,31.5,#F0003E
45.5,100.375,-17.75,#ED008C
45.5,102.125,-32.625,#E800A5
45.5,111.5,-80.125,#D300F6
45.5,115.25,-43.25,#F400B7
45.5625,-101.0,10.5,#008A58
45.5625,-9.0,-20.25,#3E728D
45.5625,22.375,4.25,#925E66
45.5625,65.0,-66.25,#973BDD
45.5625,81.375,-14.375,#D70086
45.625,-117.5,50.375,#008B00
45.625,-28.25,-61.5,#007ED3
45.625,-21.375,-61.5,#007CD3
45.625,18.0,-41.375,#5F65B1
45.625,50.75,-34.625,#A247A7
45.625,60.25,-31.875,#B239A2
45.75,-56.875,-23.875,#008393
45.75,-27.875,-29.625,#007B9D
45.75,43.25,-10.375,#A84D7F
45.8125,-15.875,66.75,#6C7200
45.8125,3.875,45.0,#86681B
45.8125,5.75,9.0,#7C695E
45.8125,14.375,37.25,#93622D
45.8125,27.375,-62.0,#4963D6
45.8125,55.5,-90.25,#4C50FF
45.8125,80.0,-38.0,#C900AE
45.875,-117.375,42.625,#008C16
45.875,-85.25,7.625,#00885E
45.9375,-5.625,-31.125,#2E72A0
45.9375,37.25,2.25,#A6526A
45.9375,61.0,-0.25,#C4336F
46.0,-128.0,-4.0,#008F71
46.0,-122.25,9.125,#008E5B
46.0,-107.0,-7.75,#008D78
46.0,-101.25,-11.75,#008C7F
46.0,-94.875,58.25,#008900
46.0,-89.0,-10.5,#008A7D
46.0,-57.125,43.75,#008118
46.0,-51.625,55.0,#097F00
46.0,-45.625,2.625,#007F67
46.0,-33.5,46.5,#487A12
46.0,50.125,-65.25,#7D50DC
46.0,55.75,-83.625,#644FFD
46.0,57.25,-6.875,#BD3A7A
46.0,63.25,68.5,#D32700
46.0625,-128.0,14.0,#008E53
46.0625,-19.875,21.5,#577548
46.0625,9.75,46.25,#8F651A
46.0625,15.75,-69.125,#006CE3
46.0625,72.625,61.125,#DE0000
46.125,-117.0,28.75,#008D38
46.125,-54.875,-32.75,#0084A3
46.125,-26.125,25.5,#4D7841
46.125,-14.0,-44.375,#0078B7
46.125,21.5,54.875,#A05D00
46.125,44.25,-90.75,#005CFF
46.125,53.875,13.25,#C03E5A
46.1875,-122.375,18.25,#008E4B
46.1875,-61.125,-28.875,#00869D
46.1875,-43.125,36.375,#267E2B
46.1875,-24.25,-9.0,#1F797C
46.1875,6.625,-8.0,#736A7B
46.1875,18.125,-27.125,#74659B
46.1875,28.875,-70.75,#2C64E6
46.1875,40.25,58.125,#B84D00
46.1875,81.125,-30.75,#D000A3
46.25,-106.25,15.0,#008C52
46.25,-106.125,4.25,#008D64
46.25,-3.5,-6.125,#627078
46.25,49.625,38.125,#C14230
46.25,61.25,-88.125,#684AFF
46.25,88.25,25.75,#EC0049
46.3125,-91.0,19.75,#008A4A
46.3125,-60.75,-18.125,#00858B
46.3125,45.5,13.125,#B6495A
46.3125,75.875,24.25,#DE004A
46.375,-92.375,31.625,#008A33
46.375,-54.75,17.375,#00824F
46.375,-48.25,-53.5,#0085C7
46.375,-15.5,-9.5,#41767D
46.375,-3.25,68.75,#816D00
46.375,-0.625,-0.625,#6C6E6F
46.375,7.25,69.0,#8F6700
46.375,39.625,-80.375,#345EF8
46.375,96.875,-41.25,#E000B5
46.4375,-111.5,0.25,#008E6B
46.4375,-106.75,36.625,#008C28
46.4375,-94.625,46.625,#008A0A
46.4375,-57.25,37.5,#008229
46.4375,-32.875,26.625,#3F7B3F
46.4375,-21.75,51.75,#627600
46.4375,-14.5,-0.375,#51756E
46.4375,13.375,64.875,#976400
46.4375,23.75,48.125,#A35D18
46.4375,108.625,-61.125,#E200D7
46.5,15.625,25.625,#936344
46.5,25.0,60.0,#A65C00
46.5,33.875,-22.0,#955994
46.5,48.25,27.0,#BE4544
46.5,72.0,-52.0,#B52AC7
46.5625,-75.5,15.375,#008852
46.5625,-70.375,-10.75,#00887F
46.5625,-65.75,26.875,#00853E
46.5625,-59.5,50.25,#008300
46.5625,-50.875,33.625,#008132
46.5625,-43.625,-21.875,#008292
46.5625,-42.375,9.625,#007F5D
46.5625,-40.0,-27.625,#00819C
46.5625,-29.625,-5.5,#037C77
46.5625,-28.125,58.875,#587900
46.5625,-24.875,-67.125,#0080E0
46.5625,-21.125,39.75,#607727
46.5625,-17.375,-71.375,#007EE8
46.5625,-11.75,-74.625,#007CED
46.5625,-1.0,-53.375,#0074C8
46.5625,0.0,12.125,#766E5A
46.5625,8.0,-70.25,#0072E6
46.5625,12.0,79.75,#976500
46.5625,16.75,-2.5,#886473
46.5625,18.25,-83.375,#006FFD
46.5625,29.375,0.5,#9C5B6E
46.5625,34.5,-3.375,#A15775
46.5625,37.5,32.875,#B25139
46.5625,37.5,72.875,#B65000
46.5625,43.875,50.75,#BC4A16
46.5625,47.75,-45.75,#954FBC
46.5625,50.875,-5.25,#B74579
46.5625,53.0,31.875,#C53F3C
46.5625,54.125,0.75,#BD406F
46.5625,55.625,47.125,#CA3A20
46.5625,62.5,60.0,#D32C00
46.5625,67.25,79.5,#DA1D00
46.5625,71.0,-68.375,#A234E4
46.5625,75.875,-88.375,#8C33FF
46.5625,78.875,11.375,#DF005F
46.5625,97.125,-67.0,#CD00E2
46.5625,118.125,-55.0,#F400CE
46.625,-3.5,-77.0,#0079F2
46.625,79.75,78.125,#E90000
46.625,81.375,-2.0,#DF0075
46.625,85.375,-47.875,#CC00C1
46.6875,20.75,-88.875,#006FFF
46.6875,30.375,70.25,#AE5700
46.6875,46.125,80.125,#C24700
46.75,-68.0,-28.125,#00899D
46.75,40.25,17.75,#B25053
46.75,47.375,71.875,#C34600
46.75,61.5,-50.875,#A73FC6
46.75,86.0,-71.25,#B800E9
46.8125,-32.625,65.75,#527B00
46.8125,6.0,-64.5,#0073DC
46.8125,19.75,69.375,#A16000
46.8125,51.125,62.625,#C74100
46.8125,54.625,-71.0,#7F4EE9
46.8125,60.5,79.0,#D33000
46.8125,71.625,30.125,#DC0F41
46.8125,77.25,68.375,#E60000
46.8125,77.75,4.625,#DD006B
46.8125,98.5,-74.375,#C900EF
46.875,-90.0,-1.875,#008C70
46.875,-68.25,-41.375,#008BB4
46.875,-45.25,29.25,#10803B
46.875,19.75,-9.875,#896480
46.875,27.25,-13.875,#915F87
46.875,87.125,69.875,#F10000
46.875,93.625,13.625,#F2005D
46.875,98.625,19.125,#F90055
46.9375,3.625,-37.375,#4371AE
46.9375,21.25,-59.5,#3F69D4
47.0,-33.875,-0.125,#007E6F
47.0,-21.0,-16.0,#197A8A
47.0,0.75,-68.75,#0077E4
47.0,1.0,-59.375,#0075D4
47.0625,-77.5,22.125,#008947
47.0625,2.875,-74.625,#0077EF
47.0625,22.125,12.125,#99615C
47.0625,95.375,-59.875,#D200D7
47.125,-15.25,45.25,#6D751B
47.125,31.625,29.25,#AB5840
47.125,81.5,-60.75,#BD0DD8
47.25,-77.625,47.375,#00890C
47.25,-68.0,12.25,#00885A
47.25,70.5,-76.125,#983AF3
47.3125,-6.375,-46.0,#0078BE
47.375,-93.25,-26.25,#00909B
47.375,-88.0,-29.375,#008FA0
47.375,-0.375,78.75,#896E00
47.375,15.25,13.0,#90665B
47.4375,-98.625,-23.0,#009095
47.4375,-72.625,40.25,#008924
47.4375,-6.875,19.0,#717350
47.4375,64.375,45.0,#D72B28
47.5,-128.0,37.5,#009228
47.5,-121.25,65.75,#009100
47.5,-112.125,68.125,#009000
47.5,-107.25,64.625,#008F00
47.5,-102.625,69.375,#008E00
47.5,-102.375,60.875,#008E00
47.5,-93.875,70.75,#008D00
47.5,-88.25,53.75,#008C00
47.5,-86.75,26.125,#008C41
47.5,-80.875,63.0,#008A00
47.5,-72.875,55.75,#008900
47.5,-66.125,56.875,#008700
47.5,-65.625,49.0,#008707
47.5,-49.0,76.875,#2C8200
47.5,-48.375,63.75,#2A8200
47.5,-45.375,17.125,#008252
47.5,-41.0,-48.125,#0086C1
47.5,-38.75,78.375,#497F00
47.5,-38.5,69.375,#487F00
47.5,-25.75,8.75,#427C61
47.5,-19.25,81.125,#6D7800
47.5,-14.125,-31.875,#007AA6
47.5,-13.625,77.125,#767500
47.5,-12.25,-57.0,#007CD1
47.5,-9.375,81.375,#7C7300
47.5,-9.25,28.25,#727440
47.5,-7.625,-14.125,#527688
47.5,-5.25,-25.25,#44759B
47.5,-3.125,46.875,#81701A
47.5,1.25,-19.625,#5F7291
47.5,2.0,52.375,#896D07
47.5,7.5,-49.5,#2A71C4
47.5,9.125,18.5,#8A6A52
47.5,19.25,-50.0,#566AC5
47.5,24.375,31.625,#A35F3C
47.5,26.875,-33.0,#8163A9
47.5,31.0,48.0,#AF591C
47.5,35.75,40.0,#B4552E
47.5,39.75,81.5,#BD5000
47.5,44.625,5.0,#B64E6A
47.5,45.625,-52.125,#8C55CA
47.5,61.625,54.125,#D53114
47.5,64.5,-77.125,#8B45F6
47.5,66.25,-83.25,#8445FF
47.5,68.25,-20.625,#C92C95
47.5,69.625,68.375,#DF1900
47.5,77.0,51.25,#E7001E
47.5,88.625,59.0,#F50010
47.5,89.75,40.375,#F40034
47.5,91.375,52.875,#F8001E
47.5,94.125,-49.875,#DA00C7
47.5,94.5,26.0,#F8004C
47.5,99.25,-10.625,#F40086
47.5,105.375,-85.25,#CA00FF
47.5,106.75,-48.5,#EC00C5
47.5,116.25,-68.375,#EB00E7
47.5625,-128.0,44.875,#009213
47.5625,-40.5,-11.0,#008282
47.5625,27.625,81.5,#AE5C00
47.5625,68.75,20.375,#D92253
47.5625,71.875,-28.375,#CA25A2
47.5625,74.0,79.875,#E50000
47.5625,89.0,-3.125,#EB0079
47.625,8.375,-83.25,#0077FF
47.625,13.0,-52.0,#3B6FC9
47.625,49.25,-82.875,#5759FF
47.625,67.375,14.125,#D6275D
47.6875,-78.5,-21.75,#008D94
47.6875,-57.5,25.0,#008644
47.6875,-21.5,13.125,#527A5A
47.6875,19.125,81.5,#A46300
47.6875,30.5,-27.375,#8E60A0
47.6875,42.75,67.25,#C04E00
47.6875,54.5,-17.0,#B9458F
47.75,22.0,-18.25,#886590
47.75,37.375,51.75,#B85415
47.75,67.0,-8.375,#CE2D81
47.75,77.125,42.5,#E7002F
47.8125,-32.125,35.5,#4A7E32
47.8125,-6.75,-59.75,#007BD7
47.8125,-5.5,2.625,#69746D
47.8125,-2.375,39.375,#81712C
47.8125,5.375,23.25,#876D4A
47.8125,54.875,81.875,#D03E00
47.875,-97.875,65.625,#008E00
47.875,-97.25,37.75,#008F2A
47.875,-95.375,24.75,#008F44
47.875,-89.375,66.75,#008D00
47.875,-73.5,64.125,#008A00
47.875,-44.75,-5.75,#00847A
47.875,27.0,39.875,#AA5E2E
47.875,49.125,18.625,#C14955
47.875,73.25,36.625,#E20B39
47.875,75.25,-15.5,#D6148E
47.875,83.625,63.25,#F10001
47.875,86.125,81.0,#F40000
47.875,97.125,-27.375,#EC00A2
47.9375,-25.25,-48.75,#0081C4
47.9375,-3.25,32.5,#7E723A
47.9375,13.375,70.75,#9C6700
47.9375,15.5,50.5,#9D6614
47.9375,32.625,64.125,#B45900
47.9375,43.875,-73.875,#625DF1
48.0,-70.625,73.875,#008900
48.0,-15.0,25.0,#687847
48.0,65.125,5.625,#D1306B
48.0,82.875,40.125,#EE0035
48.0625,-27.375,71.0,#607C00
48.0625,-11.25,-64.0,#007EDF
48.0625,64.75,-45.25,#B53CC0
48.0625,72.875,-60.75,#B331DB
48.0625,81.0,20.625,#E90054
48.125,-116.75,19.25,#00934E
48.125,-66.0,-33.625,#008DAA
48.125,9.375,-3.625,#806D79
48.125,9.875,-58.5,#0073D6
48.125,13.125,-35.25,#646EAE
48.125,30.375,-51.125,#7164C9
48.125,99.375,10.25,#FD0066
48.1875,-15.5,32.5,#6B783A
48.1875,43.625,44.25,#C04F28
48.1875,61.375,-37.25,#B740B2
48.1875,63.875,74.125,#DB2E00
48.1875,67.625,51.0,#DE251E
48.1875,80.625,28.75,#EA0047
48.25,-116.625,10.375,#00945E
48.25,41.375,-45.75,#8F5AC1
48.25,53.0,-25.625,#B34A9F
48.25,80.25,-8.25,#E00083
48.3125,51.0,-11.0,#B94A87
48.3125,90.5,-55.625,#D300D3
48.3125,107.75,-70.625,#DF00ED
48.375,-22.0,2.75,#467D6E
48.375,-5.25,-65.625,#007CE3
48.375,8.375,55.25,#956C00
48.375,9.0,-30.25,#6370A6
48.375,34.375,-46.625,#8161C2
48.4375,-57.375,12.375,#00885C
48.4375,-44.0,-38.375,#0088B3
48.4375,-32.875,10.75,#308160
48.4375,-15.5,-50.25,#007FC8
48.4375,-2.125,-12.375,#637588
48.4375,11.75,-22.375,#736E99
48.4375,27.875,-82.625,#006DFF
48.4375,33.375,10.75,#AC5B62
48.5,-112.375,-6.75,#00947C
48.5,-111.5,29.375,#00933C
48.5,-78.125,4.375,#008E6A
48.5,-53.75,-17.875,#008990
48.5,-41.125,-0.5,#008473
48.5,-17.25,-22.0,#1D7D98
48.5,39.75,-64.0,#7060E1
48.5,78.125,59.625,#EC000C
48.5,88.25,9.25,#F00068
48.5625,-122.875,55.625,#009400
48.5625,-122.125,-6.75,#00967C
48.5625,-112.0,41.5,#009322
48.5625,-106.25,-2.125,#009475
48.5625,-106.125,-19.375,#009592
48.5625,-105.75,22.125,#00934A
48.5625,-101.75,32.25,#009237
48.5625,-99.875,48.625,#009109
48.5625,-85.75,14.25,#008F59
48.5625,-83.25,76.625,#008E00
48.5625,-75.625,77.625,#008C00
48.5625,-70.125,5.125,#008C69
48.5625,-66.125,-7.0,#008C7E
48.5625,-65.625,19.75,#008B50
48.5625,-61.875,79.125,#008900
48.5625,-60.875,61.5,#008900
48.5625,-55.75,80.0,#108700
48.5625,-45.5,45.0,#2D841D
48.5625,-44.5,81.25,#3F8400
48.5625,-44.0,72.0,#3E8400
48.5625,-40.625,48.875,#3F8311
48.5625,-38.5,60.0,#488200
48.5625,-36.125,-33.5,#0085AB
48.5625,-36.0,53.125,#4C8100
48.5625,-35.75,21.625,#37824D
48.5625,-34.5,-20.0,#008494
48.5625,-27.625,78.5,#627E00
48.5625,-27.25,47.625,#5C7E17
48.5625,-27.0,38.75,#597E2D
48.5625,-18.125,59.625,#6F7A00
48.5625,-9.0,-1.5,#617876
48.5625,-8.125,10.0,#6C7762
48.5625,-8.125,72.0,#807500
48.5625,-7.625,-37.125,#057AB2
48.5625,-3.875,12.125,#75755F
48.5625,6.625,3.0,#816F6F
48.5625,7.0,37.125,#906E33
48.5625,13.5,-63.75,#0073E0
48.5625,13.5,-9.625,#836C84
48.5625,24.25,-26.25,#8766A0
48.5625,30.75,23.25,#AD5D4E
48.5625,40.125,-39.125,#955BB6
48.5625,53.125,-40.75,#A84DB9
48.5625,53.5,-57.375,#9751D6
48.5625,54.625,23.75,#CB434E
48.5625,65.625,31.5,#DA2D42
48.5625,85.375,-38.5,#D900B6
48.5625,93.5,-84.875,#BA00FF
48.5625,94.5,-78.5,#C300FC
48.5625,105.375,-20.375,#FC0099
48.5625,108.375,-33.375,#FA00AE
48.625,-64.5,69.5,#008A00
48.625,-62.125,-42.25,#008EBA
48.625,-31.125,-11.375,#008286
48.625,4.0,64.25,#916F00
48.625,18.25,59.875,#A46600
48.625,92.75,-14.375,#EF008F
48.6875,-84.375,-22.5,#009198
48.6875,-14.75,-38.5,#007EB4
48.6875,52.625,69.125,#CF4400
48.6875,57.5,63.625,#D53C00
48.6875,86.875,15.25,#F1005F
48.6875,96.625,-0.625,#F80079
48.6875,103.875,-78.125,#D300FC
48.6875,120.25,-80.0,#EA00FF
48.75,-64.75,1.75,#008C6F
48.75,-37.875,31.625,#3B833B
48.75,-11.25,54.125,#7A7700
48.75,4.25,16.875,#857058
48.75,7.0,83.25,#976D00
48.75,45.25,60.75,#C64E00
48.75,49.375,55.625,#CB490F
48.8125,-82.625,-31.625,#0092A8
48.8125,-4.0,62.75,#867400
48.8125,-0.375,-42.0,#2778BB
48.8125,14.875,20.125,#976A53
48.8125,34.125,83.625,#BA5900
48.8125,84.625,51.25,#F40023
48.875,-11.75,15.625,#6A7959
48.875,9.875,8.75,#8A6E66
48.875,21.75,25.125,#A2654B
48.875,36.5,-10.125,#A75B86
48.875,43.875,38.25,#C25035
48.875,60.125,13.125,#D03C61
48.875,64.0,-14.125,#CB398E
48.875,75.125,-36.0,#CD24B3
48.875,90.75,-68.25,#C900EA
48.875,99.25,-82.25,#C800FF
48.875,105.0,-13.25,#FF008E
48.875,109.75,-41.125,#F800BC
48.9375,-78.75,37.625,#008E2D
48.9375,-56.25,-9.875,#008B84
48.9375,-34.125,-41.5,#0086BA
48.9375,-11.375,4.625,#637A6C
48.9375,8.875,-16.125,#76708F
48.9375,49.75,9.75,#C24B66
48.9375,57.625,-64.5,#964EE3
48.9375,90.875,-25.75,#E800A2
48.9375,95.0,-34.875,#E900B1
49.0,-117.25,37.5,#00952C
49.0,-116.375,-14.0,#00978A
49.0,-100.125,74.625,#009200
49.0,-50.875,41.125,#088727
49.0,17.75,43.625,#A26728
49.0,20.0,-65.0,#2670E4
49.0,26.625,-41.5,#7A68BB
49.0,56.75,6.0,#CA426D
49.0,71.25,44.25,#E41D2E
49.0625,-99.375,-5.875,#00947C
49.0625,-73.75,31.125,#008E3B
49.0625,-28.125,-18.375,#008393
49.0625,-15.625,10.625,#5F7C62
49.0625,-1.125,4.875,#76756C
49.0625,3.875,-13.375,#70738B
49.0625,24.25,65.5,#AD6200
49.125,-68.125,-16.125,#008F8F
49.125,27.0,52.75,#B06113
49.125,58.375,32.75,#D33E41
49.125,65.625,-2.375,#D3347B
49.125,81.875,-79.75,#AE27FF
49.125,96.125,-21.0,#F2009B
49.1875,-102.25,42.75,#009320
49.1875,-52.5,5.375,#00896A
49.1875,39.875,-15.125,#AA5A8F
49.1875,43.875,-21.375,#AB569A
49.1875,103.75,-40.0,#F200BB
49.25,-114.75,59.0,#009500
49.25,-99.5,19.875,#009450
49.25,-58.75,4.0,#008B6D
49.25,-54.75,62.25,#0D8900
49.25,-48.375,-27.375,#008BA2
49.25,-34.5,82.25,#578200
49.25,2.125,1.5,#7A7473
49.25,61.625,-22.125,#C4409C
49.25,74.75,-83.125,#9C3BFF
49.3125,-128.0,50.625,#009700
49.3125,-109.125,73.0,#009400
49.3125,-37.375,14.625,#27855B
49.3125,31.125,16.25,#AD5F5B
49.3125,79.625,-19.5,#DE0298
49.375,-96.0,-16.25,#00958F
49.375,-95.875,-0.25,#009474
49.375,-90.0,-19.5,#009495
49.375,-2.5,24.875,#80754B
49.375,2.625,-29.75,#5776A8
49.375,40.375,24.75,#BC564E
49.375,47.625,0.125,#BD5077
49.375,61.75,-72.125,#944CF2
49.375,63.75,-61.75,#A646E0
49.4375,-81.375,-15.875,#00928F
49.4375,-57.375,30.75,#008B3E
49.4375,-39.5,-16.625,#008791
49.4375,30.0,-7.125,#A16282
49.5,-111.25,16.75,#009656
49.5,-108.375,51.875,#009500
49.5,-94.875,-10.0,#009585
49.5,-79.0,-7.75,#009281
49.5,-66.375,36.875,#008D31
49.5,-58.25,73.25,#008A00
49.5,-51.125,49.75,#1B880F
49.5,-39.75,-54.75,#008BD2
49.5,-23.375,63.75,#6A7F00
49.5,-3.625,84.75,#8B7500
49.5,10.875,29.625,#966E44
49.5,18.625,-32.625,#776DAD
49.5,23.25,-72.5,#0070F3
49.5,43.0,-30.5,#A459AA
49.5,44.125,-5.625,#B65581
49.5,49.0,-76.75,#6E5DFB
49.5,57.625,73.5,#D83E00
49.5,67.5,63.125,#E32A00
49.5,74.125,-44.75,#C72DC3
49.5,80.5,-43.25,#D215C1
49.5,86.875,-30.875,#E200AC
49.5,93.5,36.125,#FF0040
49.5625,-81.25,-1.25,#009276
49.5625,-23.375,-22.5,#00829B
49.5625,4.375,75.125,#957100
49.5625,37.625,-73.0,#5766F4
49.5625,52.75,-48.0,#A352C8
49.5625,63.0,84.0,#DF3400
49.5625,71.5,73.875,#E91C00
49.5625,72.375,9.5,#E12169
49.5625,84.625,-54.25,#CF01D4
49.5625,105.875,-55.25,#ED00D6
49.5625,110.875,-28.0,#FF00A8
49.625,-84.375,20.0,#009251
49.625,-72.625,24.875,#008F49
49.625,-25.125,84.75,#6A7F00
49.625,-23.25,56.625,#697F00
49.625,-12.0,39.375,#777A30
49.625,-9.625,45.0,#7C7924
49.625,17.875,5.75,#976B6D
49.625,18.75,75.125,#A86800
49.625,20.5,37.5,#A66736
49.625,25.0,19.75,#A76556
49.625,25.75,75.375,#B16200
49.625,50.625,76.75,#D04900
49.625,64.75,-28.0,#C63DA7
49.625,72.625,55.25,#E91919
49.625,81.375,73.0,#F40000
49.625,87.0,-62.875,#CB00E3
49.625,94.25,-6.625,#F70085
49.625,103.0,4.375,#FF0073
49.625,117.875,-62.625,#F800E3
49.6875,-128.0,4.5,#00996C
49.6875,-128.0,19.875,#009951
49.6875,-128.0,26.375,#009945
49.6875,-122.5,30.625,#00983C
49.6875,-122.375,24.0,#009849
49.6875,-122.25,0.0,#009974
49.6875,-116.625,4.125,#00986D
49.6875,-46.25,54.25,#348700
49.6875,-21.0,75.625,#707E00
49.6875,-17.0,-64.625,#0085E5
49.6875,-10.75,61.625,#7E7900
49.6875,3.375,30.625,#8C7342
49.6875,17.0,-14.625,#886D8F
49.6875,36.5,-27.125,#9D5FA5
49.6875,45.875,32.5,#C65042
49.6875,72.75,16.375,#E31F5E
49.75,-85.625,-7.25,#009481
49.75,-37.875,42.375,#468527
49.75,-22.375,31.875,#627F3E
49.75,13.0,1.25,#8D6F75
49.75,24.0,-0.875,#9C6779
49.75,26.75,-57.5,#606CD9
49.75,46.625,-61.25,#885CE0
49.75,48.625,47.5,#CC4D26
49.75,64.75,38.5,#DE3339
49.75,76.25,-55.25,#C22DD6
49.75,102.75,-65.5,#E100E8
49.8125,34.875,56.875,#BC5B08
49.8125,39.125,62.875,#C25700
49.8125,41.25,0.0,#B65878
49.8125,90.125,-44.75,#DF00C4
49.8125,115.125,-49.25,#FE00CD
49.875,12.875,-77.625,#0079FD
49.875,56.125,-33.125,#B74CB0
49.875,74.375,-4.375,#DF1F81
49.9375,-68.25,-22.375,#00919B
49.9375,1.125,-6.875,#737782
49.9375,47.0,85.375,#CD4E00
49.9375,78.125,85.875,#F20000
49.9375,105.5,-6.25,#FF0085
50.0,-91.625,9.625,#009564
50.0,-73.25,-3.75,#00917C
50.0,-28.375,21.5,#4F8351
50.0,20.25,-78.125,#0075FE
50.0625,-90.75,43.75,#009421
50.0625,-58.875,-4.0,#008E7C
50.0625,32.75,77.75,#BC5E00
50.0625,37.875,-51.625,#8563D0
50.0625,79.75,-73.0,#B62DF6
50.125,-111.375,8.125,#009867
50.125,-14.625,-4.875,#547F7F
50.125,-12.75,-14.25,#4B7F8F
50.125,-9.375,-9.0,#5B7D86
50.125,103.5,-29.0,#FB00AB
50.1875,-72.5,48.5,#009014
50.1875,-26.375,15.625,#4F835C
50.1875,57.375,39.875,#D74237
50.1875,70.875,1.625,#DE2A77
50.25,-122.625,45.0,#00991C
50.25,-49.25,69.625,#338A00
50.25,82.0,-26.375,#E000A6
50.3125,-83.75,42.375,#009326
50.3125,10.0,-43.5,#5276C2
50.3125,33.5,-78.875,#2D6CFF
50.375,-32.5,-57.875,#008BDB
50.4375,-43.625,66.0,#438800
50.4375,18.5,30.125,#A36B45
50.4375,34.375,-33.0,#9664B1
50.4375,41.5,11.375,#BC5967
50.4375,43.0,73.75,#C95400
50.4375,68.75,-32.625,#CB39B1
50.5,-100.875,7.625,#009869
50.5,-72.875,-31.875,#0095AD
50.5,-30.375,-27.5,#0088A6
50.5,-19.5,-57.0,#0087D9
50.5,32.875,-63.875,#646AE6
50.5,32.875,-56.375,#7469D9
50.5625,-128.0,66.0,#009B00
50.5625,-109.375,-14.0,#009A8E
50.5625,-95.625,78.5,#009600
50.5625,-88.0,80.75,#009400
50.5625,-84.0,33.625,#00943A
50.5625,-80.75,82.75,#009300
50.5625,-79.5,72.125,#009200
50.5625,-75.625,-38.75,#0096B9
50.5625,-73.75,9.5,#009366
50.5625,-73.375,83.75,#009100
50.5625,-66.375,84.5,#008F00
50.5625,-62.875,14.0,#00905F
50.5625,-62.75,-13.125,#00918D
50.5625,-59.75,85.0,#008D00
50.5625,-59.5,20.125,#008E54
50.5625,-56.75,-51.125,#0093CF
50.5625,-55.375,-38.25,#0091B8
50.5625,-54.25,-27.25,#0090A6
50.5625,-53.5,85.25,#298C00
50.5625,-52.0,-44.625,#0091C4
50.5625,-50.125,-33.75,#008FB1
50.5625,-49.5,21.25,#008C52
50.5625,-48.375,12.75,#008C61
50.5625,-47.625,-17.125,#008D94
50.5625,-35.25,-63.5,#008EE5
50.5625,-35.0,-5.125,#008880
50.5625,-32.75,-48.0,#008BCA
50.5625,-27.875,-35.75,#0088B5
50.5625,-22.125,-38.375,#0086B9
50.5625,-21.875,45.375,#6B8124
50.5625,-20.25,-30.125,#0084AB
50.5625,-13.0,86.25,#807C00
50.5625,-3.0,-1.25,#727A7A
50.5625,-1.375,57.0,#8E7700
50.5625,-1.0,19.125,#837858
50.5625,2.5,-47.625,#227CCA
50.5625,14.375,86.375,#A66D00
50.5625,16.5,-45.0,#6273C5
50.5625,22.0,86.375,#B06800
50.5625,24.125,-47.375,#706ECA
50.5625,27.5,-20.75,#96689C
50.5625,29.0,5.125,#A96571
50.5625,55.0,-77.875,#7E59FF
50.5625,61.125,26.5,#DA3E4F
50.5625,61.875,19.5,#D93D5B
50.5625,75.625,-68.375,#B637EF
50.5625,84.125,33.625,#F70045
50.5625,85.875,4.125,#F30075
50.5625,89.875,31.125,#FE004A
50.5625,93.5,45.75,#FF0032
50.5625,98.25,-46.125,#EC00C9
50.5625,112.75,-55.5,#F900DA
50.5625,112.875,-78.5,#E600FF
50.625,-122.25,13.0,#009B5F
50.625,-34.5,72.625,#5A8600
50.625,-10.0,-42.5,#0081C1
50.625,6.5,-23.375,#6D77A0
50.625,12.5,59.375,#A26F00
50.625,13.5,-71.375,#0079F4
50.625,18.375,-22.375,#856F9F
50.625,37.875,5.5,#B65D71
50.625,41.25,-57.875,#8463DC
50.625,46.75,-36.5,#A859B7
50.625,57.5,86.875,#DC4100
50.625,70.0,-38.75,#C938BC
50.625,70.625,86.625,#EC2400
50.625,86.0,-8.75,#EF008A
50.625,87.375,-76.75,#C016FF
50.6875,-117.5,51.375,#009A01
50.6875,-30.125,54.5,#5E8401
50.6875,-28.25,-63.25,#008BE5
50.6875,61.0,-8.0,#CF4288
50.6875,71.75,24.875,#E72653
50.6875,86.25,-19.25,#EB009C
50.75,-18.0,70.0,#777F00
50.75,6.25,11.0,#8B7566
50.75,35.25,68.875,#C15D00
50.75,67.375,-50.625,#BC41D1
50.8125,-96.125,52.75,#009700
50.8125,2.5,45.0,#927628
50.8125,30.25,34.5,#B5633F
50.8125,55.375,56.875,#D84613
50.8125,57.625,50.875,#DB4323
50.8125,89.75,64.125,#FF000A
50.8125,96.75,5.0,#FF0075
50.875,-68.375,65.125,#009100
50.875,-19.0,18.5,#638159
50.875,28.125,87.125,#B96300
50.875,36.875,45.5,#C05C2B
50.875,44.0,-68.125,#7963EF
50.875,90.25,21.75,#FD005A
50.9375,-52.625,26.375,#008D4A
50.9375,51.625,35.75,#D14D3F
51.0,-128.0,57.625,#009C00
51.0,-120.875,70.625,#009B00
51.0,-61.625,-25.625,#0093A4
51.0,48.0,-27.5,#B258A9
51.0,76.125,32.375,#EF1348
51.0625,-92.875,58.25,#009700
51.0625,-58.0,-32.625,#0093B0
51.0625,-56.875,42.375,#008E29
51.0625,-50.875,-11.5,#008F8C
51.0625,5.125,-78.5,#0080FF
51.0625,64.5,68.625,#E53600
51.125,-101.0,56.25,#009800
51.1875,-40.875,36.5,#3D8A37
51.1875,-18.125,37.375,#708137
51.25,-103.625,15.375,#009A5D
51.25,-92.75,35.625,#009837
51.25,-66.75,-45.25,#0097C6
51.25,-56.125,67.75,#158E00
51.25,-23.625,-13.0,#27868F
51.25,6.625,-54.125,#187CD7
51.25,15.875,64.75,#A96E00
51.25,28.625,-75.5,#2772FD
51.25,39.375,30.375,#C25C48
51.3125,-60.0,-19.75,#00939B
51.3125,-40.25,24.5,#328A4E
51.3125,-26.625,-6.625,#2C8785
51.375,-106.5,27.625,#009B47
51.375,-92.125,29.25,#009844
51.375,-91.125,20.25,#009855
51.375,-49.5,-55.25,#0093D9
51.375,48.875,24.875,#CD5253
51.4375,-91.125,74.375,#009700
51.4375,-53.75,16.125,#008F5D
51.4375,-31.875,27.125,#4E884A
51.4375,6.875,-72.75,#007FF8
51.4375,41.125,-82.5,#486AFF
51.5,-128.0,-1.75,#009F7B
51.5,-128.0,33.0,#009E3C
51.5,-117.0,27.875,#009C46
51.5,-113.25,-1.25,#009D7B
51.5,-107.875,45.125,#009B20
51.5,-106.125,3.625,#009C72
51.5,-86.5,6.5,#00986D
51.5,-80.625,10.5,#009767
51.5,-80.25,28.5,#009646
51.5,-80.25,57.0,#009500
51.5,-74.0,-23.125,#0097A1
51.5,-67.75,42.75,#009329
51.5,-62.375,25.625,#00924C
51.5,-57.75,51.875,#00900C
51.5,-44.0,6.75,#008D6E
51.5,-42.5,-25.375,#008FA5
51.5,-38.25,4.75,#018B72
51.5,-28.375,1.25,#388878
51.5,-21.875,25.0,#63844F
51.5,-19.625,-71.625,#008BF6
51.5,-11.875,-26.25,#3583A7
51.5,-6.375,-73.25,#0086F9
51.5,-4.25,-17.125,#607E98
51.5,-3.25,-53.25,#0082D6
51.5,-2.375,73.125,#917A00
51.5,1.875,87.625,#987700
51.5,4.375,-5.25,#7E7984
51.5,10.625,45.0,#9F722B
51.5,13.125,39.125,#A17137
51.5,20.0,16.625,#A46D5F
51.5,24.0,45.0,#B1692C
51.5,33.5,-17.25,#A56599
51.5,39.5,86.5,#C95B00
51.5,45.625,-12.875,#BA5992
51.5,50.5,-67.0,#8B5EEF
51.5,53.0,-1.5,#CA4F7F
51.5,59.0,-41.875,#B94EC3
51.5,59.625,-57.5,#AA51DF
51.5,60.125,-1.125,#D3457F
51.5625,-48.125,32.375,#198D40
51.5625,-11.0,-77.125,#0089FF
51.5625,-4.5,-79.0,#0086FF
51.5625,-2.5,-31.125,#4B7FB0
51.5625,83.375,11.0,#F5006C
51.625,12.625,78.375,#A77100
51.625,21.75,-54.75,#5E74D9
51.625,43.125,54.5,#CC5819
51.625,48.5,65.5,#D35100
51.625,81.25,-0.75,#EF007F
51.6875,58.75,-15.5,#CB4A97
51.75,-9.25,-48.875,#0085CF
51.75,4.25,-64.75,#0080EB
51.75,19.5,-7.875,#967089
51.75,92.625,-62.75,#DA00E9
51.8125,-123.875,38.375,#009E31
51.8125,-37.625,65.25,#558A00
51.8125,101.0,-16.625,#FF009B
51.875,-87.75,-0.375,#009A7A
51.875,-32.25,42.5,#58882D
51.875,0.25,-23.125,#637DA3
51.875,27.625,-13.5,#A06B93
51.875,61.75,60.5,#E43F0D
51.875,69.875,-69.5,#AE46F5
51.875,82.25,-14.75,#EB0297
51.875,97.625,-73.25,#D800FC
51.9375,11.0,16.75,#987460
51.9375,66.5,78.375,#EB3500
51.9375,70.5,-24.5,#D738A7
51.9375,75.375,64.875,#F51902
52.0,-74.0,59.625,#009500
52.0,-48.5,1.875,#009077
52.0,0.625,-72.5,#0084FA
52.0,2.0,-59.125,#0081E2
52.0,6.625,-11.25,#7E798F
52.0,21.875,10.75,#A56E6B
52.0,86.75,43.25,#FF0039
52.0,94.625,13.375,#FF006A
52.0,97.125,-57.25,#E600E0
52.0625,-79.25,18.0,#00985B
52.0625,-63.75,53.75,#009303
52.0625,-31.5,67.625,#638800
52.125,0.375,-16.0,#6D7D97
52.125,72.875,49.375,#F1252C
52.125,81.25,-63.0,#CA2CEA
52.1875,-111.375,22.125,#009E53
52.1875,-4.375,7.5,#7A7E70
52.1875,16.5,-60.0,#3C79E4
52.1875,85.0,24.5,#FC0058
52.25,-69.875,-39.25,#0099BF
52.25,-1.75,-37.25,#4081BC
52.25,-1.125,10.75,#827D6A
52.25,49.0,-44.125,#A95CC9
52.25,58.625,79.0,#E34500
52.25,70.875,-76.75,#A748FF
52.25,80.25,5.75,#F20A76
52.3125,-128.0,13.375,#00A163
52.3125,-27.875,-41.5,#008DC3
52.3125,-21.875,-44.125,#008BC8
52.3125,-10.25,-19.25,#4E839D
52.3125,-6.5,79.125,#8E7E00
52.3125,-1.625,50.0,#917C1F
52.3125,23.25,70.625,#B66B00
52.3125,29.5,60.125,#BD6601
52.3125,38.875,37.75,#C65E3E
52.3125,42.625,48.5,#CD5A29
52.3125,79.375,54.625,#FA0023
52.375,-91.5,-25.25,#009DA6
52.375,-33.625,49.125,#5A8A1D
52.375,-10.5,20.375,#78815A
52.375,0.625,79.25,#987A00
52.375,8.875,88.875,#A57500
52.375,15.125,12.0,#9D7369
52.375,30.125,72.25,#BF6600
52.375,64.75,11.5,#E03E6C
52.4375,-96.875,-21.875,#009EA1
52.4375,-73.25,40.125,#009731
52.4375,-13.25,80.5,#848100
52.4375,30.625,45.375,#BD662E
52.4375,45.75,-50.125,#9D61D4
52.4375,107.25,-45.625,#FE00CE
52.4375,111.5,-68.375,#F300F6
52.5,-86.625,54.25,#009A00
52.5,-41.25,-48.625,#0093D0
52.5,-25.875,8.25,#4D896E
52.5,-11.75,-56.625,#0089DF
52.5,-9.75,30.0,#7F8149
52.5,-5.75,-23.875,#5382A6
52.5,12.5,51.0,#A6741F
52.5,25.0,31.5,#B36B48
52.5,28.25,-33.125,#916EB6
52.5,72.0,80.875,#F42800
52.5,117.0,-70.875,#FA00FA
52.5625,-122.875,62.625,#00A000
52.5625,-115.75,75.875,#009F00
52.5625,-114.5,65.875,#009F00
52.5625,-109.5,62.375,#009E00
52.5625,-106.75,37.375,#009E36
52.5625,-106.125,68.5,#009D00
52.5625,-105.875,-6.625,#009F87
52.5625,-105.5,76.75,#009D00
52.5625,-97.125,13.25,#009D64
52.5625,-71.125,-11.25,#00998F
52.5625,-67.875,-28.875,#0099AE
52.5625,-54.875,0.25,#00937C
52.5625,-49.25,60.375,#369000
52.5625,-47.75,-40.625,#0094C2
52.5625,-41.5,-8.875,#00908B
52.5625,-38.5,-38.375,#0091BE
52.5625,-20.125,-2.5,#4F8781
52.5625,-19.0,84.25,#7C8400
52.5625,-18.25,-17.5,#37889B
52.5625,-17.625,4.5,#5E8675
52.5625,-10.75,68.25,#878100
52.5625,-4.125,36.875,#8A7E3C
52.5625,7.875,22.125,#977858
52.5625,8.25,66.25,#A37600
52.5625,8.375,-35.5,#647CBA
52.5625,11.875,-48.75,#517BD1
52.5625,20.625,-40.875,#7875C4
52.5625,28.875,-68.375,#5173F4
52.5625,36.75,15.125,#BE6265
52.5625,41.625,79.875,#CF5B00
52.5625,46.5,6.125,#C75975
52.5625,50.25,-20.875,#BF58A2
52.5625,54.0,18.0,#D54F61
52.5625,67.5,-57.125,#BB48E1
52.5625,78.5,24.125,#F51359
52.5625,110.75,-61.125,#F900E9
52.625,3.125,37.375,#967A3C
52.625,13.0,-19.125,#84779E
52.625,65.0,89.25,#EC3A00
52.625,104.625,-73.625,#E500FF
52.625,112.25,-37.125,#FF00C0
52.6875,-101.375,64.75,#009D00
52.6875,37.25,-43.875,#9669CA
52.6875,42.625,67.5,#D05B00
52.6875,44.75,90.375,#D45800
52.75,-117.375,43.5,#00A027
52.75,-46.0,-3.75,#009183
52.75,-31.625,33.125,#578B42
52.8125,-122.375,18.875,#00A15A
52.8125,-96.375,68.75,#009C00
52.8125,-91.75,64.875,#009B00
52.8125,-87.375,69.0,#009A00
52.8125,-57.5,35.75,#00943C
52.8125,-45.75,39.625,#349035
52.8125,-12.875,50.0,#81831F
52.8125,12.5,-30.75,#7679B3
52.8125,16.0,24.5,#A57355
52.8125,69.875,36.375,#EE3244
52.8125,75.625,-12.875,#E72B96
52.875,31.125,-42.375,#8C6EC7
52.875,56.75,-24.625,#C652AA
52.875,79.625,41.25,#FB073D
52.875,95.875,-27.375,#FA00B0
52.9375,3.625,54.625,#9B7A14
52.9375,25.125,80.375,#BB6B00
53.0,-111.875,33.375,#00A03F
53.0,-27.5,74.25,#6E8900
53.0,-23.375,51.625,#708819
53.0,15.75,-36.625,#7579BE
53.0,23.0,55.0,#B66D17
53.0,82.25,18.625,#FA0063
53.0625,-34.625,-24.0,#0090A7
53.0625,-17.875,55.625,#7B850A
53.0625,30.125,-49.125,#8170D4
53.0625,78.5,77.0,#FD0D00
53.125,-76.625,-15.625,#009C98
53.125,9.625,-67.5,#0081F4
53.125,82.25,-32.125,#E61CB8
53.1875,-68.25,70.75,#009700
53.1875,-39.0,82.75,#598E00
53.1875,-18.0,63.5,#7D8600
53.1875,-1.0,31.625,#8F7E48
53.1875,5.125,5.625,#8C7C76
53.1875,91.5,6.75,#FF0078
53.1875,102.75,-23.875,#FF00AB
53.25,-92.875,-5.75,#009F87
53.25,-44.5,-34.875,#0095BA
53.25,-41.25,57.375,#4E8F00
53.25,-3.625,-63.625,#0088ED
53.25,2.625,10.625,#8B7D6D
53.25,45.75,-73.375,#7968FF
53.3125,-99.5,-10.375,#00A18F
53.3125,-37.75,19.25,#3A8F5D
53.3125,-28.5,-51.25,#0091D7
53.3125,-11.125,-37.25,#0088BF
53.3125,-8.25,-31.25,#3B86B5
53.3125,51.75,-12.125,#C85796
53.375,-8.125,54.875,#8B8211
53.375,33.75,23.375,#BF6759
53.4375,-72.375,3.0,#009A79
53.4375,-53.75,-22.0,#0097A4
53.4375,-44.125,77.75,#4D9000
53.4375,-33.625,12.375,#3E8E69
53.4375,-15.0,-51.625,#008CD8
53.4375,-13.375,-67.625,#008DF5
53.4375,24.5,-80.625,#007BFF
53.4375,33.625,9.75,#BA6870
53.4375,44.75,43.0,#D25B37
53.5,-128.0,-8.125,#00A58B
53.5,-128.0,42.875,#00A42B
53.5,-116.625,11.75,#00A369
53.5,-112.5,49.125,#00A119
53.5,-86.375,-12.75,#009F94
53.5,-81.875,49.75,#009B19
53.5,-78.75,-32.5,#009EB6
53.5,-69.25,16.25,#009962
53.5,-61.875,-36.875,#009BBE
53.5,-58.5,-42.5,#009AC8
53.5,-51.875,79.0,#389300
53.5,-49.5,45.25,#2D9329
53.5,-41.125,71.75,#539000
53.5,-35.625,59.5,#5C8E00
53.5,-34.625,87.875,#648D00
53.5,-30.125,83.75,#6B8B00
53.5,-29.5,61.5,#698B00
53.5,-25.75,89.5,#748A00
53.5,-19.5,90.5,#7E8700
53.5,-19.375,-8.5,#4A8A8E
53.5,-17.5,-35.625,#008BBD
53.5,-16.375,28.875,#75874D
53.5,-10.25,0.875,#6D857E
53.5,-9.375,91.25,#8E8200
53.5,-4.5,-44.0,#0D86CB
53.5,-3.875,-7.875,#71828D
53.5,2.5,25.25,#937D54
53.5,2.5,67.75,#9D7C00
53.5,8.0,-1.625,#8D7B83
53.5,12.25,-7.5,#8F798D
53.5,15.625,91.5,#B17300
53.5,16.25,-2.625,#9A7685
53.5,22.625,-28.125,#8F74B0
53.5,26.625,24.75,#B66D57
53.5,30.0,-0.25,#B06C81
53.5,32.25,29.25,#BF684F
53.5,35.25,-4.625,#B56889
53.5,52.625,-58.875,#A15FE7
53.5,53.75,46.625,#DE5031
53.5,55.25,-51.875,#AF5ADA
53.5,60.125,-48.0,#BB53D4
53.5,63.375,46.625,#EA4133
53.5,67.375,53.0,#EF3927
53.5,68.25,-12.0,#DF3F96
53.5,71.0,59.75,#F43018
53.5,80.875,62.0,#FF0014
53.5,88.25,56.625,#FF0023
53.5,90.75,-38.875,#EF00C5
53.5,91.375,51.25,#FF002E
53.5,92.375,-2.375,#FF0087
53.5,96.875,26.625,#FF0059
53.5625,-122.25,7.75,#00A470
53.5625,-112.625,-7.25,#00A38A
53.5625,-102.75,50.25,#00A016
53.5625,-97.875,46.75,#009F22
53.5625,-79.0,4.375,#009C76
53.5625,-66.625,21.875,#009958
53.5625,-59.375,63.25,#009600
53.5625,-35.0,-32.5,#0092B7
53.5625,52.625,83.125,#E05100
53.5625,56.25,67.625,#E34C00
53.625,-122.875,55.5,#00A300
53.625,-122.125,-6.875,#00A58A
53.625,-101.625,32.125,#00A044
53.625,-81.0,-23.375,#009FA7
53.625,-77.25,78.875,#009A00
53.625,-44.375,50.125,#43911D
53.625,-35.375,-15.25,#009199
53.625,20.0,60.5,#B57100
53.625,33.875,88.875,#C96500
53.625,64.75,32.5,#EA404C
53.625,78.75,91.25,#FF0F00
53.625,82.375,83.125,#FF0000
53.625,100.75,8.5,#FF0077
53.625,108.625,-32.25,#FF00BA
53.6875,-25.875,34.75,#668B42
53.6875,55.875,10.5,#D95071
53.6875,62.25,5.875,#DF4779
53.6875,71.0,68.875,#F63000
53.6875,75.375,-21.375,#E532A7
53.6875,98.0,-37.0,#FB00C2
53.75,-84.25,-29.75,#00A0B2
53.75,-69.375,33.875,#009941
53.75,-37.625,29.5,#47904B
53.75,-30.375,-10.625,#008F92
53.75,33.5,-10.75,#B06B94
53.75,72.5,91.75,#F92C00
53.8125,-16.5,13.625,#6C8869
53.8125,19.0,-67.375,#2A7DF6
53.8125,92.5,-53.875,#E800E0
53.875,-73.75,20.75,#009B5A
53.875,-56.75,-11.875,#009894
53.875,-1.75,62.0,#987F00
53.875,0.625,1.125,#83807F
53.875,22.625,-60.25,#597AEA
53.875,27.625,14.5,#B46E69
53.875,39.625,-11.375,#B96595
53.875,41.125,-24.0,#B265AB
53.9375,10.875,34.125,#A47946
53.9375,25.875,92.375,#C06D00
53.9375,35.625,82.5,#CC6500
53.9375,47.625,57.875,#D95917
53.9375,75.5,-36.375,#DD37C1
53.9375,84.5,69.625,#FF0000
53.9375,89.75,-68.75,#D716FA
53.9375,99.375,-7.125,#FF0091
53.9375,103.5,-1.5,#FF0088
54.0,-84.5,77.25,#009D00
54.0,-12.875,7.875,#6F8773
54.0,8.0,81.375,#A87A00
54.0,43.625,27.125,#CF5F55
54.0,50.25,72.625,#DE5500
54.0,82.875,49.5,#FF0031
54.0,117.5,-56.875,#FF00E6
54.0625,-117.25,37.375,#00A439
54.0625,-116.125,-14.0,#00A697
54.0625,29.0,-27.375,#9C71B1
54.125,-76.125,32.375,#009C45
54.125,-55.5,6.875,#009874
54.125,-28.5,-18.5,#0090A0
54.125,-23.375,-59.875,#0092E9
54.125,7.375,-18.625,#7E7FA1
54.125,39.25,92.375,#D26200
54.1875,-70.25,80.125,#009A00
54.1875,4.5,-29.625,#6982B4
54.1875,35.5,-69.75,#6973FC
54.1875,55.125,91.125,#E54F00
54.1875,80.25,-77.375,#BD3DFF
54.1875,93.25,-19.875,#FF00A6
54.25,-102.25,42.625,#00A22E
54.25,-101.5,25.875,#00A251
54.25,19.5,82.0,#B87300
54.25,44.75,-19.125,#BC62A4
54.25,55.75,-68.0,#9D5FF9
54.3125,-112.75,57.125,#00A300
54.3125,-92.375,-17.5,#00A39E
54.375,-128.0,50.5,#00A616
54.375,-112.0,41.375,#00A431
54.375,-106.125,10.875,#00A46D
54.375,-86.75,-20.5,#00A2A4
54.375,-63.25,38.5,#00993A
54.375,-25.625,-25.375,#0090AD
54.375,-25.625,66.5,#748C00
54.375,-3.875,88.25,#998100
54.375,12.5,4.0,#9A7A7C
54.375,27.75,-7.625,#AB7090
54.375,57.0,22.875,#E0505E
54.4375,-95.75,-0.375,#00A381
54.4375,62.75,-71.375,#A658FF
54.4375,66.375,-63.375,#B751F2
54.4375,87.25,15.625,#FF006C
54.5,-41.5,-17.25,#00969F
54.5,-36.875,-53.125,#0097DE
54.5,-8.625,-5.5,#6C878B
54.5,18.625,3.875,#A4777C
54.5,24.25,-71.75,#357CFF
54.5625,-110.0,-19.875,#00A7A3
54.5625,-109.25,81.5,#00A300
54.5625,-104.125,-23.5,#00A6A9
54.5625,-102.0,-0.125,#00A480
54.5625,-100.625,83.625,#00A200
54.5625,-100.0,73.75,#00A200
54.5625,-99.625,-16.25,#00A59D
54.5625,-92.125,85.125,#00A000
54.5625,-89.125,47.375,#00A024
54.5625,-86.25,61.75,#009F00
54.5625,-84.5,15.375,#00A065
54.5625,-84.25,86.625,#009E00
54.5625,-83.625,24.375,#009F55
54.5625,-82.875,-36.75,#00A3C1
54.5625,-78.25,43.0,#009E2F
54.5625,-77.625,-4.5,#009F88
54.5625,-76.75,87.875,#009D00
54.5625,-69.75,89.125,#009B00
54.5625,-67.375,-15.625,#009D9C
54.5625,-65.25,-2.375,#009C85
54.5625,-63.25,90.375,#009900
54.5625,-62.25,7.125,#009B74
54.5625,-59.0,75.375,#1A9800
54.5625,-57.0,91.25,#2C9700
54.5625,-52.0,54.75,#2F960D
54.5625,-48.375,92.5,#499500
54.5625,-47.875,-24.0,#0098AB
54.5625,-46.0,26.75,#279552
54.5625,-34.5,-43.375,#0096CD
54.5625,-17.125,43.875,#7D8932
54.5625,-5.0,44.625,#918331
54.5625,-4.75,21.875,#88845D
54.5625,2.125,17.5,#918065
54.5625,9.5,10.625,#9A7C71
54.5625,10.75,27.25,#A37B54
54.5625,13.875,72.75,#B17700
54.5625,18.5,40.125,#B2753D
54.5625,20.75,-16.75,#9977A0
54.5625,25.0,37.875,#BA7042
54.5625,32.0,51.5,#C66A27
54.5625,34.875,63.5,#CC6700
54.5625,36.375,-37.875,#A06DC4
54.5625,36.75,-76.125,#5B74FF
54.5625,41.0,-32.75,#AD69BC
54.5625,43.0,20.75,#CE6161
54.5625,45.5,-3.5,#C7618A
54.5625,48.0,13.875,#D25C6D
54.5625,48.0,51.5,#DB5A29
54.5625,60.375,73.0,#EC4900
54.5625,61.5,53.875,#EC4726
54.5625,65.75,25.75,#EC425A
54.5625,68.875,6.875,#EB3E7A
54.5625,69.375,-3.5,#E83F8B
54.5625,70.625,19.125,#F13965
54.5625,76.75,-51.25,#D53BDD
54.5625,81.875,-44.75,#E22BD2
54.5625,89.625,-31.875,#F500BC
54.5625,92.5,36.25,#FF004B
54.5625,93.125,-10.0,#FF0097
54.5625,98.0,-66.25,#E800F8
54.625,-52.875,71.625,#369600
54.625,-40.25,92.875,#5C9200
54.625,-30.375,93.25,#6F8E00
54.625,-26.125,27.875,#648E51
54.625,-24.0,79.5,#798C00
54.625,4.125,93.375,#A57E00
54.625,25.625,65.375,#C06F00
54.625,43.625,33.5,#D2604B
54.625,56.5,30.25,#E25052
54.625,66.375,-20.875,#DC48A8
54.625,69.125,-46.375,#CE49D4
54.625,69.875,43.625,#F5383C
54.625,83.375,-54.25,#DD2BE2
54.625,87.125,-24.75,#F600B0
54.625,102.875,-56.625,#F700E7
54.625,103.875,-11.625,#FF009A
54.6875,38.5,73.25,#D16400
54.6875,44.875,-62.5,#906AF0
54.6875,52.25,-37.25,#BB5EC4
54.6875,55.0,4.125,#D8557E
54.6875,62.125,84.25,#EF4600
54.6875,70.75,30.5,#F43753
54.6875,75.5,13.375,#F62D70
54.6875,83.75,-38.5,#E922C7
54.6875,87.75,-60.125,#DE1EED
54.6875,92.875,-76.125,#D610FF
54.6875,105.625,-40.125,#FF00CB
54.6875,111.125,-50.25,#FF00DC
54.75,-128.0,21.25,#00A85A
54.75,-128.0,27.875,#00A84E
54.75,-122.5,32.125,#00A746
54.75,-122.375,25.5,#00A753
54.75,20.0,48.75,#B6742C
54.75,20.375,75.625,#BA7300
54.75,40.75,59.875,#D36211
54.75,59.375,-35.375,#C855C1
54.75,62.875,-28.75,#D24FB6
54.75,64.75,-41.625,#CB4FCC
54.75,74.25,-60.5,#C944EE
54.75,78.0,-5.5,#F32A8F
54.8125,-70.875,52.0,#009C17
54.8125,-19.875,75.0,#808A00
54.8125,4.375,-39.0,#5884C6
54.8125,44.625,-40.25,#AC67C9
54.8125,75.5,-44.75,#D93DD2
54.8125,93.375,-47.5,#F100D7
54.8125,97.875,20.75,#FF0065
54.8125,105.125,-67.875,#F200FC
54.875,7.625,59.875,#A87C04
54.875,55.125,61.375,#E65211
54.875,55.75,-30.5,#C759B9
54.875,56.5,-8.5,#D55594
54.875,63.0,40.625,#ED4741
54.9375,-11.25,40.25,#87873B
54.9375,-9.875,62.25,#8E8600
54.9375,6.25,48.625,#A47E2B
54.9375,76.0,-30.125,#E438B9
55.0,-116.75,23.0,#00A758
55.0,-93.25,-30.375,#00A6B6
55.0,-35.25,0.875,#219481
55.0,17.75,-75.875,#0082FF
55.0,35.5,-51.875,#8E71DE
55.0,46.0,-55.75,#9D69E5
55.0,53.75,40.625,#E25540
55.0625,-98.625,-27.0,#00A7B1
55.0625,-96.75,61.75,#00A300
55.0625,-27.0,20.5,#5E8F5F
55.0625,-16.75,-28.125,#1E8EB4
55.0625,-4.375,0.625,#7C8683
55.0625,17.25,54.375,#B5771E
55.0625,75.375,85.75,#FF2900
55.0625,76.75,70.375,#FF2400
55.0625,101.5,-31.875,#FF00BD
55.125,-93.125,42.75,#00A231
55.125,-23.5,14.625,#618E6A
55.125,-13.625,-13.25,#578C9A
55.125,16.125,-52.125,#5E80DF
55.125,75.375,0.875,#F33285
55.125,82.25,-69.375,#CD38FF
55.125,82.625,29.375,#FF0857
55.125,85.875,-3.0,#FF008C
55.1875,-106.25,21.25,#00A65C
55.1875,-66.875,11.0,#009E6F
55.1875,-46.625,18.625,#089762
55.1875,-42.875,11.375,#0E966F
55.25,-111.125,73.125,#00A600
55.25,11.875,-40.25,#6C81CA
55.25,25.375,-43.375,#8679D0
55.25,31.5,-59.0,#7976EB
55.25,81.25,-23.125,#F127AE
55.3125,-24.0,42.375,#728E36
55.3125,22.0,-48.625,#767CD9
55.3125,50.625,31.75,#DD5A50
55.375,-122.625,46.625,#00A826
55.375,-48.5,7.75,#009976
55.375,-47.125,68.125,#499700
55.375,2.25,-7.0,#838491
55.375,65.25,64.5,#F4430B
55.4375,-14.875,23.125,#7A8B5C
55.4375,-7.125,-68.0,#0090FC
55.4375,4.125,-46.0,#4687D4
55.4375,8.75,39.75,#A77E3F
55.4375,11.875,-73.875,#0087FF
55.5,-128.0,5.25,#00AB79
55.5,-128.0,74.125,#00A900
55.5,-121.5,0.0,#00AA82
55.5,-120.5,78.625,#00A800
55.5,-113.5,5.0,#00A97A
55.5,-93.125,8.5,#00A574
55.5,-84.625,43.125,#00A231
55.5,-78.0,65.5,#00A000
55.5,-67.375,-23.625,#00A1AC
55.5,-67.0,58.5,#009D00
55.5,-59.875,47.625,#009B28
55.5,-57.25,29.875,#009B4E
55.5,-43.875,-60.0,#009DED
55.5,-32.5,-57.25,#0099E8
55.5,-29.625,-68.25,#0099FC
55.5,-19.625,-66.5,#0095F9
55.5,-16.0,-75.0,#0095FF
55.5,-12.625,-43.125,#008FCF
55.5,7.625,74.75,#AB7E00
55.5,33.125,94.875,#CE6B00
55.5,33.75,39.25,#C96B42
55.5,38.625,1.375,#C36984
55.5,48.375,95.125,#E25B00
55.5,55.25,-19.0,#D05AA7
55.5,59.875,16.0,#E54F6C
55.5625,-48.375,-14.625,#009B9D
55.5625,-14.25,95.0,#8D8A00
55.5625,-7.875,14.375,#81886C
55.5625,-3.625,68.75,#9B8400
55.5625,-1.625,95.0,#A08300
55.5625,4.125,-13.125,#81849C
55.5625,34.625,-28.875,#A970B8
55.5625,46.75,81.375,#DF5D00
55.5625,52.625,-75.25,#8D68FF
55.5625,66.0,94.75,#F74100
55.5625,69.375,-31.25,#DC47BD
55.5625,73.625,-72.5,#BC4CFF
55.625,-84.25,36.25,#00A241
55.625,-52.5,22.0,#009A5D
55.625,-46.25,-49.75,#009DDB
55.625,8.375,-57.875,#2687EA
55.625,90.875,28.875,#FF0059
55.6875,-76.125,11.0,#00A170
55.6875,-75.125,-37.125,#00A4C4
55.6875,-60.125,21.875,#009D5D
55.6875,-58.125,-50.75,#00A1DD
55.6875,-55.0,-4.875,#009C8C
55.6875,-50.75,-32.875,#009DBD
55.6875,-43.125,44.625,#499631
55.6875,-38.625,48.625,#579528
55.6875,-36.75,-64.125,#009CF5
55.6875,-29.5,-35.75,#0096C3
55.6875,-23.75,-38.5,#0094C8
55.6875,-1.5,5.5,#87867C
55.6875,40.625,-66.625,#8272FB
55.6875,62.75,-13.0,#DE4F9E
55.75,-128.0,65.25,#00AA00
55.75,-52.875,-45.375,#009FD3
55.75,-43.25,-43.0,#009CCF
55.75,-34.25,80.0,#6A9300
55.75,30.25,78.625,#CB6E00
55.75,99.75,-46.625,#FE00D9
55.8125,-52.375,34.875,#139A45
55.8125,-40.375,-29.0,#009AB7
55.875,-94.625,76.5,#00A400
55.875,-83.25,-0.25,#00A484
55.875,39.0,44.75,#D26739
55.9375,-17.875,-58.25,#0094EB
55.9375,47.625,-33.625,#BB66C1
55.9375,88.5,-43.875,#F015D4
56.0,70.375,-53.125,#CE4DE4
56.0,86.625,-14.25,#FE08A2
56.0625,-19.0,33.625,#798E4A
56.125,-50.125,84.125,#479900
56.1875,-123.0,70.75,#00AA00
56.1875,-110.5,17.125,#00AA66
56.25,-98.125,53.0,#00A615
56.25,-72.625,-28.875,#00A4B7
56.25,-58.0,-31.125,#00A1BC
56.25,-56.125,41.25,#009C39
56.25,-24.75,-4.625,#47938E
56.25,68.375,83.875,#FC3F00
56.3125,-111.375,26.5,#00AA55
56.3125,-103.0,56.75,#00A800
56.3125,-44.875,34.125,#3C9948
56.3125,-40.5,38.75,#4E973F
56.3125,-12.375,33.875,#868C4B
56.3125,14.125,65.0,#B67C00
56.3125,18.875,-24.375,#937EB1
56.3125,98.875,1.5,#FF0089
56.375,-34.25,25.125,#53965A
56.375,-8.125,75.0,#978900
56.4375,-128.0,56.875,#00AC00
56.4375,-117.5,50.75,#00AB1D
56.4375,-66.625,-43.875,#00A5D3
56.4375,-56.625,-37.25,#00A1C7
56.4375,-23.625,-52.875,#0097E3
56.4375,77.375,19.375,#FF2E6A
56.5,-92.375,32.0,#00A74B
56.5,-60.25,-20.75,#00A1AA
56.5,1.25,-66.25,#008EFC
56.5,20.25,-32.75,#8D7EC1
56.5,22.125,16.375,#B5786C
56.5,22.25,-5.875,#A97A92
56.5625,-109.5,-1.5,#00AB88
56.5625,-107.375,-12.5,#00AC9B
56.5625,-99.75,17.0,#00A967
56.5625,-97.75,37.375,#00A840
56.5625,-92.0,21.375,#00A75F
56.5625,-90.25,3.25,#00A780
56.5625,-80.25,-11.75,#00A69A
56.5625,-61.125,69.5,#0F9E00
56.5625,-46.125,55.75,#4A9A12
56.5625,-38.125,-4.875,#00998F
56.5625,-30.0,39.125,#689440
56.5625,-28.625,50.75,#709325
56.5625,-13.875,85.75,#908C00
56.5625,-6.75,-58.5,#0091EE
56.5625,-6.625,-17.625,#668CA6
56.5625,-2.75,54.5,#9C871E
56.5625,9.25,-11.875,#8E839C
56.5625,10.375,96.75,#B47F00
56.5625,12.375,-25.75,#8683B4
56.5625,16.5,96.75,#BC7A00
56.5625,18.25,28.625,#B47B57
56.5625,26.0,86.375,#C87300
56.5625,29.5,5.625,#BB747F
56.5625,40.625,12.5,#CE6974
56.5625,50.625,21.0,#DE5E66
56.5625,61.25,-53.25,#C05BE6
56.5625,69.5,75.375,#FE3E00
56.625,-58.875,54.875,#0C9E14
56.625,-29.625,6.0,#4A957D
56.625,-8.25,-74.25,#0094FF
56.625,-7.25,96.875,#9B8900
56.625,-1.25,-55.0,#008EE8
56.625,48.0,38.375,#DF6048
56.625,53.625,-3.5,#D95D90
56.625,54.75,51.75,#EA572F
56.6875,-128.0,35.625,#00AD43
56.6875,-117.0,30.375,#00AC4E
56.6875,-80.125,55.375,#00A40E
56.6875,-21.0,24.375,#72915D
56.6875,-3.125,-33.0,#548CC1
56.6875,1.625,85.25,#A78400
56.6875,34.125,-16.375,#B572A5
56.6875,60.5,-2.625,#E3548F
56.6875,60.875,-59.875,#B85EF2
56.6875,76.125,33.875,#FF3152
56.6875,77.75,45.75,#FF2B3E
56.75,-83.75,6.25,#00A67B
56.75,-73.0,69.75,#00A200
56.75,20.75,89.375,#C27800
56.75,25.0,0.5,#B27888
56.75,39.375,-56.125,#9473EB
56.75,40.375,85.25,#DB6700
56.75,60.0,94.0,#F44F00
56.8125,-6.875,83.125,#9B8900
56.8125,12.5,15.5,#A7806E
56.8125,36.875,34.25,#D06C4F
56.8125,47.25,66.5,#E36000
56.875,-2.5,-23.875,#688CB2
56.875,12.875,79.375,#B77E00
56.875,23.375,8.625,#B4797A
56.875,29.75,-22.125,#AA77AF
56.875,51.875,-26.375,#CA63B7
56.875,85.375,37.375,#FF004E
56.9375,-22.0,57.625,#7F9110
56.9375,50.375,-67.75,#9A6CFF
56.9375,73.625,53.125,#FF3730
57.0,-5.75,-39.25,#378FCD
57.0,-2.75,-12.625,#778B9E
57.0,1.625,-19.125,#7989AA
57.0,49.875,-47.75,#B469DD
57.0,82.875,57.5,#FF1329
57.0625,-122.625,40.125,#00AD3B
57.0625,-36.125,65.0,#679700
57.0625,-32.75,44.75,#669635
57.0625,-10.875,-22.875,#5290B0
57.0625,-6.625,31.5,#908B51
57.0625,-2.25,76.75,#A28700
57.0625,14.125,-66.0,#1F88FD
57.0625,24.0,97.75,#C87600
57.0625,27.75,47.625,#C87435
57.0625,38.375,97.75,#DA6A00
57.0625,41.75,52.5,#DB672C
57.0625,55.125,97.75,#EF5700
57.125,-59.375,11.75,#00A173
57.125,-44.375,82.5,#589A00
57.125,-21.625,-15.75,#3C95A4
57.125,27.75,-14.375,#AE78A3
57.125,50.875,7.75,#DB607E
57.125,60.75,59.875,#F4501E
57.1875,5.5,-24.5,#7B88B4
57.1875,28.125,56.125,#CA7421
57.1875,81.75,14.25,#FF2375
57.25,-74.125,58.25,#00A400
57.25,-1.5,-2.25,#858A8D
57.25,0.375,-74.25,#0091FF
57.25,45.0,74.0,#E26400
57.25,82.25,-60.0,#DE3BF4
57.25,88.0,45.25,#FF0041
57.25,95.125,13.625,#FF0077
57.25,96.5,-58.25,#F500F1
57.3125,14.0,-16.25,#9583A6
57.3125,16.25,10.25,#AB7F78
57.3125,36.625,18.75,#CD6F6B
57.3125,37.875,25.25,#D06D60
57.375,-75.25,47.375,#00A52C
57.375,-60.125,-7.5,#00A395
57.375,-20.75,3.75,#629483
57.4375,-55.0,66.75,#359F00
57.4375,-14.375,2.125,#6F9186
57.4375,-1.75,-47.625,#268FDD
57.4375,-0.5,11.75,#918976
57.4375,86.125,23.625,#FF0366
57.5,-116.625,83.25,#00AD00
57.5,-107.5,50.375,#00AC22
57.5,-106.75,32.125,#00AC4D
57.5,-101.125,6.875,#00AC7C
57.5,-87.75,28.0,#00A855
57.5,-83.75,72.125,#00A700
57.5,-77.875,23.5,#00A65E
57.5,-72.0,-4.625,#00A690
57.5,-67.875,2.75,#00A583
57.5,-67.25,-36.625,#00A7C9
57.5,-61.875,82.875,#1CA100
57.5,-58.5,2.625,#00A284
57.5,-36.375,71.0,#699800
57.5,-19.625,69.0,#879100
57.5,-16.5,51.0,#889029
57.5,-14.25,65.75,#8F8F00
57.5,-11.125,46.375,#908E34
57.5,-5.5,6.625,#858D7E
57.5,-0.5,37.75,#9E8847
57.5,1.875,44.875,#A48739
57.5,4.0,32.875,#A38650
57.5,4.5,0.25,#92878A
57.5,6.375,-5.875,#918794
57.5,7.375,16.375,#A1856E
57.5,15.5,-45.875,#7185DA
57.5,30.875,69.375,#D07200
57.5,39.625,-6.0,#C66E96
57.5,44.75,-27.875,#BF6CBB
57.5,46.0,-9.75,#CD689C
57.5,55.0,74.625,#EF5900
57.5,61.75,78.875,#F84F00
57.5,68.125,-70.5,#BA59FF
57.5,70.25,-25.0,#E74BB7
57.5,73.0,25.25,#FF3D63
57.5,74.625,96.75,#FF3500
57.5,78.125,7.0,#FF3381
57.5,83.625,2.75,#FF2089
57.5,99.25,-17.375,#FF00AB
57.5625,-105.125,65.25,#00AB00
57.5625,-64.75,43.375,#00A237
57.5625,-54.875,50.25,#289F27
57.5625,-38.875,-12.375,#009D9F
57.625,-128.0,13.125,#00B170
57.625,-117.75,65.375,#00AE00
57.625,-9.625,20.0,#878E67
57.625,11.375,53.375,#B48127
57.625,105.375,-48.0,#FF00E1
57.6875,-117.75,57.125,#00AE01
57.6875,-90.625,-24.375,#00ACB3
57.6875,-45.875,-0.5,#009F8A
57.6875,27.75,-55.0,#7F7FEB
57.6875,66.375,11.75,#F34C79
57.6875,87.625,7.75,#FF0081
57.75,-96.5,-21.375,#00AEAE
57.75,-79.75,29.25,#00A754
57.75,51.5,87.875,#EC5E00
57.75,74.375,-9.25,#F6409D
57.8125,-107.25,42.75,#00AD37
57.8125,-44.25,-9.0,#009F99
57.8125,-36.125,-38.25,#009ECD
57.8125,-23.875,-44.125,#009AD7
57.8125,6.5,65.0,#AF8400
57.8125,17.25,22.5,#B47F65
57.8125,111.75,-58.5,#FF00F4
57.875,-122.875,60.375,#00AF00
57.875,-62.5,-27.5,#00A6BA
57.875,-42.25,21.75,#3A9D63
57.875,1.75,4.625,#928A83
57.875,28.25,-66.625,#6681FF
57.875,35.375,-44.5,#A078D9
57.9375,56.75,83.25,#F35700
57.9375,69.25,-39.25,#DD51D1
58.0,-112.75,61.875,#00AE00
58.0,11.25,21.25,#AB8367
58.0,41.25,66.5,#DF6A00
58.0,45.375,88.75,#E66500
58.0625,11.75,44.25,#B4823C
58.0625,12.0,-32.0,#8187C3
58.0625,31.75,-36.25,#A37ACB
58.0625,69.5,38.5,#FF454D
58.125,-122.25,17.25,#00B16A
58.125,-97.625,68.125,#00AC00
58.125,-88.125,67.875,#00AA00
58.125,-58.0,35.25,#00A24A
58.125,-36.375,55.75,#669A1A
58.125,-15.25,17.625,#7C926C
58.125,79.625,25.125,#FF2E65
58.1875,7.625,90.0,#B48400
58.1875,62.125,-23.875,#DE59B7
58.1875,68.875,-15.75,#ED4DA9
58.1875,81.625,-11.75,#FF30A3
58.1875,109.125,-36.125,#FF00CE
58.25,-72.25,30.375,#00A753
58.25,-25.375,72.125,#809600
58.25,-13.75,-35.0,#1B96C9
58.25,27.125,74.125,#CE7700
58.25,85.125,65.5,#FF0A19
58.3125,-83.875,81.375,#00A900
58.3125,-55.5,78.75,#3CA100
58.3125,-52.0,61.625,#40A000
58.3125,9.5,0.5,#9D878C
58.375,-73.25,6.375,#00A87F
58.375,-59.25,-15.0,#00A6A5
58.375,-53.25,-25.375,#00A5B7
58.375,-52.0,3.875,#00A284
58.375,-43.625,5.875,#009F81
58.375,-41.625,75.375,#619D00
58.375,-32.75,-24.25,#009DB6
58.375,-29.875,-41.125,#009ED4
58.375,-11.875,-3.625,#719392
58.375,6.125,6.75,#9C8881
58.375,61.625,34.5,#F55454
58.375,87.625,-52.25,#F02DEA
58.4375,-67.125,25.375,#00A65D
58.4375,-12.875,58.375,#939115
58.4375,0.5,27.0,#9E8B5D
58.4375,20.5,-41.875,#8684D6
58.4375,93.125,21.5,#FF006D
58.5,-128.0,-4.75,#00B492
58.5,-98.875,-3.5,#00AF91
58.5,-75.75,-16.5,#00ABA8
58.5,-53.125,-18.75,#00A4AC
58.5,-32.125,-30.625,#009EC1
58.5,4.25,70.625,#AF8700
58.5,26.25,21.5,#C27A68
58.5,44.875,46.25,#E2683D
58.5,104.25,-26.125,#FF00BD
58.5625,-120.25,-12.0,#00B49F
58.5625,-116.375,15.875,#00B26E
58.5625,-111.25,11.125,#00B176
58.5625,-109.125,88.75,#00AF00
58.5625,-107.375,77.25,#00AF00
58.5625,-100.5,90.875,#00AD00
58.5625,-92.0,92.25,#00AB00
58.5625,-91.125,-11.625,#00AE9F
58.5625,-86.875,51.5,#00AB23
58.5625,-84.875,-7.0,#00AC97
58.5625,-83.875,93.375,#00AA00
58.5625,-76.375,94.625,#00A800
58.5625,-75.5,16.375,#00A96E
58.5625,-69.375,95.75,#00A600
58.5625,-68.0,66.375,#00A600
58.5625,-64.875,75.625,#00A500
58.5625,-62.75,96.75,#23A400
58.5625,-56.625,97.875,#3EA200
58.5625,-53.25,15.0,#00A371
58.5625,-49.125,-40.75,#00A5D3
58.5625,-48.0,99.125,#579F00
58.5625,-39.75,99.5,#699C00
58.5625,-36.625,14.125,#459D73
58.5625,-35.5,-18.875,#009EAD
58.5625,-32.375,32.875,#649A51
58.5625,-32.0,18.375,#589B6C
58.5625,-29.75,99.625,#7C9800
58.5625,-26.5,-11.375,#379AA0
58.5625,-22.875,99.75,#889500
58.5625,-21.75,9.75,#69977B
58.5625,-21.625,-30.375,#009AC1
58.5625,-17.5,-22.125,#4097B3
58.5625,-16.375,99.75,#939200
58.5625,-13.875,77.125,#959100
58.5625,-13.0,-48.625,#0098E2
58.5625,-12.375,-63.875,#009AFD
58.5625,-10.0,26.125,#8C915F
58.5625,-8.125,-11.875,#7092A1
58.5625,3.75,55.625,#AC8822
58.5625,4.0,100.0,#B18800
58.5625,7.5,-51.75,#4B8EE8
58.5625,12.625,85.375,#BC8200
58.5625,28.75,30.875,#C97858
58.5625,36.625,77.5,#DC7000
58.5625,41.375,-16.625,#C571AB
58.5625,56.75,-39.625,#CC64D3
58.5625,65.5,19.125,#F74F6F
58.5625,69.75,1.0,#F64A8E
58.5625,76.0,-67.25,#D04FFF
58.5625,77.0,60.5,#FF3424
58.5625,81.875,-28.25,#F936C0
58.5625,92.75,-24.75,#FF00BB
58.625,-85.875,-33.5,#00AFC6
58.625,-83.25,-26.375,#00AEB9
58.625,-34.75,94.25,#739B00
58.625,-23.375,84.5,#869600
58.625,6.625,26.625,#A8885F
58.625,17.125,34.875,#BA8050
58.625,32.0,24.375,#CC7664
58.625,33.625,-7.0,#C0779A
58.625,41.0,39.125,#DC6D4A
58.625,43.75,100.375,#E66900
58.625,49.25,-17.625,#D169AD
58.625,53.0,67.625,#F05E02
58.625,54.625,-13.5,#DB62A6
58.625,57.875,-45.625,#C864DE
58.625,71.625,64.125,#FF411A
58.625,94.0,-41.125,#FF00D7
58.6875,-96.25,86.625,#00AD00
58.6875,-95.875,27.625,#00AE59
58.6875,-28.375,-49.625,#009FE4
58.6875,3.25,79.625,#AF8800
58.6875,13.375,-5.75,#A08698
58.6875,20.5,70.875,#C67D00
58.6875,30.625,16.625,#C77772
58.6875,44.625,2.0,#D56C8B
58.6875,52.5,13.375,#E46278
58.6875,57.375,44.75,#F35A42
58.6875,61.0,24.25,#F35666
58.6875,63.25,100.375,#FF5000
58.6875,69.125,57.0,#FF462B
58.6875,78.0,-18.25,#F93DAF
58.6875,91.25,-5.375,#FF009A
58.6875,108.125,-64.125,#FF00FF
58.75,-86.375,-15.375,#00AEA6
58.75,-66.75,50.125,#00A62A
58.75,-32.625,-13.125,#009DA3
58.75,16.875,59.375,#C0801A
58.75,18.25,-9.75,#A6839F
58.75,18.375,-1.375,#AC8290
58.75,27.0,-48.0,#8C81E2
58.75,30.625,99.625,#D67500
58.75,35.125,57.875,#D87222
58.75,66.25,46.375,#FE4C40
58.75,67.0,89.375,#FF4A00
58.75,78.75,40.125,#FF314D
58.75,101.5,-61.5,#FE00FC
58.8125,-105.375,26.375,#00B05B
58.8125,-10.25,52.5,#969129
58.8125,-4.625,-6.25,#7F9098
58.8125,-2.375,100.5,#A98C00
58.8125,63.125,-67.25,#B963FF
58.8125,91.25,-64.375,#EC29FF
58.875,-112.375,46.75,#00B130
58.875,-50.75,45.125,#3AA237
58.875,-30.25,85.25,#7B9900
58.875,22.25,-68.0,#4F88FF
58.875,36.625,-21.375,#BB76B4
58.875,48.75,27.125,#E46661
58.875,50.75,-57.375,#AF6EF3
58.875,54.625,-52.375,#BC69EB
58.875,64.375,70.5,#FF4F00
58.875,93.25,-34.25,#FF00CC
58.875,97.375,-29.0,#FF00C3
58.9375,-115.0,-1.0,#00B38D
58.9375,-104.625,84.625,#00AF00
58.9375,-68.75,85.125,#00A700
58.9375,-25.625,90.125,#849800
58.9375,-19.25,90.5,#8E9500
58.9375,25.125,79.875,#CE7A00
58.9375,33.875,0.0,#C5778F
58.9375,49.875,55.25,#EC632C
58.9375,93.375,4.875,#FF0089
59.0,-122.75,52.875,#00B31D
59.0,-106.25,4.125,#00B284
59.0,-15.5,8.0,#769580
59.0,23.125,43.5,#C67D41
59.0,36.125,8.5,#CD7481
59.0,64.125,-45.875,#D35DE0
59.0625,-124.875,80.75,#00B300
59.0625,-117.375,42.25,#00B23B
59.0625,-39.125,31.75,#539E54
59.0625,25.625,-27.75,#A480BF
59.0625,28.5,62.0,#D17815
59.125,-28.875,25.0,#689B61
59.125,23.0,53.125,#C87D2D
59.125,34.125,46.5,#D6743D
59.125,60.625,2.875,#ED5A8C
59.1875,-87.875,87.875,#00AC00
59.1875,-75.75,84.125,#00A900
59.1875,-45.375,-28.875,#00A5C0
59.1875,-30.0,-4.375,#3C9D95
59.1875,-27.875,63.625,#7C9A00
59.1875,23.875,-59.875,#6F86F8
59.1875,35.0,90.5,#DC7300
59.1875,78.875,-47.125,#EA45E3
59.25,-114.0,-16.25,#00B5A9
59.25,100.125,-51.5,#FF00EB
59.3125,-12.25,-17.375,#5F96AD
59.3125,3.375,-57.75,#0393F5
59.375,55.625,57.375,#F55E29
59.4375,-67.5,-12.125,#00ABA3
59.5,-128.0,41.375,#00B53E
59.5,-117.125,35.875,#00B44A
59.5,-111.875,-7.375,#00B59A
59.5,-108.25,70.0,#00B200
59.5,-93.875,58.75,#00AF05
59.5,-90.375,-4.75,#00B095
59.5,-82.25,18.5,#00AD6C
59.5,-81.25,60.875,#00AC00
59.5,-78.25,-33.25,#00AFC8
59.5,-76.5,-24.375,#00AEB8
59.5,-75.5,77.75,#00AA00
59.5,-73.0,42.0,#00AA3F
59.5,-68.125,35.125,#00A94D
59.5,-67.125,17.875,#00A96E
59.5,-54.125,-54.5,#00ABEE
59.5,-50.625,29.125,#24A459
59.5,-50.375,-5.625,#00A598
59.5,-46.125,49.0,#4EA230
59.5,-40.25,-53.5,#00A6ED
59.5,-40.125,0.625,#03A18D
59.5,-37.0,5.75,#36A084
59.5,-34.625,-47.75,#00A3E3
59.5,-26.75,-60.75,#00A2FA
59.5,-17.75,-42.0,#009CD9
59.5,-17.0,-10.375,#5E99A1
59.5,-7.625,-45.75,#0097DF
59.5,-5.75,64.625,#A29000
59.5,-1.375,59.875,#A88D16
59.5,0.875,-12.75,#8590A5
59.5,4.375,-31.5,#748FC6
59.5,7.125,-64.625,#0092FF
59.5,7.875,-41.125,#6B8FD7
59.5,10.0,-19.5,#908BB1
59.5,18.25,-56.625,#668AF3
59.5,27.375,91.75,#D37A00
59.5,35.125,-64.0,#857FFF
59.5,55.125,-63.25,#B26DFF
59.5,60.125,9.375,#F05B82
59.5,77.625,-36.75,#F046D1
59.5,84.875,-19.375,#FF2EB4
59.5,97.5,-3.875,#FF009A
59.5625,-39.0,81.375,#6B9F00
59.5625,-29.375,57.125,#799B1B
59.5625,14.875,101.875,#C38300
59.5625,29.125,39.625,#CF7A4B
59.5625,34.125,83.5,#DC7400
59.5625,42.0,-44.625,#B176DF
59.5625,51.125,101.875,#F36300
59.5625,53.25,-33.875,#CE69CC
59.5625,59.5,-31.125,#DA62C7
59.5625,72.5,10.125,#FF4781
59.5625,76.25,75.75,#FF3900
59.625,0.0,19.875,#9D8E6D
59.625,25.625,-33.875,#9E82CB
59.625,45.125,60.875,#E86A1F
59.625,55.625,37.125,#F25F52
59.625,65.75,-8.875,#F056A1
59.625,72.5,80.75,#FF4200
59.625,79.875,-1.625,#FF3896
59.625,82.125,49.375,#FF293E
59.6875,-70.75,12.125,#00AB78
59.6875,-49.625,71.875,#50A300
59.6875,-2.375,48.875,#A48F35
59.6875,51.5,1.625,#E1678F
59.6875,84.875,-66.0,#E340FF
59.75,-9.0,102.125,#A29200
59.75,-8.75,89.0,#A19200
59.75,40.125,-36.625,#B677D1
59.75,46.125,16.375,#E06C76
59.75,55.0,27.25,#EF6163
59.75,92.25,-15.5,#FF00AE
59.75,96.875,-10.375,#FF00A5
59.8125,-128.0,49.0,#00B62C
59.8125,-102.625,-16.25,#00B4AA
59.8125,-96.25,2.0,#00B28A
59.8125,-19.0,42.25,#879842
59.8125,-2.0,90.0,#AC8E00
59.8125,23.75,27.25,#C57F61
59.8125,67.0,31.25,#FF505D
59.8125,89.0,13.5,#FF0A7D
59.875,-92.875,38.625,#00B046
59.875,-85.0,12.625,#00AF78
59.875,-22.75,36.375,#7E9A4E
59.875,-19.75,62.375,#8C9804
59.875,42.125,93.625,#E86E00
59.875,79.25,-55.5,#E549F4
59.9375,-50.0,90.25,#54A400
59.9375,17.375,50.625,#C38334
59.9375,20.625,84.25,#CB8000
59.9375,50.75,47.0,#EF6540
59.9375,56.75,19.25,#F06072
59.9375,59.125,67.0,#FC5A0F
60.0,-42.25,-17.25,#00A5AE
60.0,-33.875,50.625,#6E9E2F
60.0,11.875,-60.125,#4490FB
60.0,42.375,7.875,#D87185
60.0,51.25,80.375,#F36400
60.0,73.125,69.875,#FF4209
60.0625,-102.0,74.5,#00B200
60.0625,-96.0,13.875,#00B276
60.0625,-79.75,43.375,#00AD3D
60.0625,-78.5,-39.5,#00B2D5
60.0625,-62.5,89.75,#29A800
60.0625,-56.125,90.25,#43A600
60.0625,-51.875,55.375,#42A51F
60.0625,-48.5,22.875,#24A567
60.0625,-26.125,30.25,#749C5A
60.0625,-20.125,-4.25,#609B98
60.0625,57.5,102.875,#FC5C00
60.0625,61.125,52.0,#FD5837
60.0625,72.125,-58.625,#D757FA
60.125,-101.5,30.875,#00B356
60.125,-43.75,60.0,#5CA20D
60.125,-23.25,78.0,#8A9A00
60.125,2.125,-38.0,#6393D4
60.1875,-101.375,21.5,#00B368
60.1875,-15.875,36.875,#8B974E
60.1875,-8.0,-32.5,#4E98CA
60.25,-128.0,20.75,#00B869
60.25,-128.0,27.375,#00B85C
60.25,-122.5,31.625,#00B754
60.25,-122.375,25.0,#00B761
60.25,-111.375,82.25,#00B400
60.25,34.0,-53.5,#9780F0
60.25,39.875,72.25,#E57100
60.25,43.0,81.0,#EA6E00
60.25,62.125,85.125,#FF5600
60.25,69.125,100.125,#FF4A00
60.25,87.125,30.625,#FF1761
60.3125,-32.5,1.625,#42A18E
60.3125,-26.0,-68.625,#00A5FF
60.3125,16.5,91.75,#C78400
60.3125,91.375,-47.5,#FF26E7
60.375,-112.625,55.5,#00B519
60.375,27.0,-41.375,#9A84DB
60.375,57.375,-7.75,#E763A1
60.4375,-93.25,45.625,#00B238
60.4375,6.375,48.5,#B48C39
60.4375,12.25,31.875,#B7895A
60.4375,79.875,31.0,#FF3660
60.5,-112.0,40.0,#00B644
60.5,-105.625,12.0,#00B57A
60.5,-102.125,41.125,#00B442
60.5,-79.75,68.375,#00AE00
60.5,-28.75,-17.375,#10A1B0
60.5,-5.0,40.375,#A09349
60.5,-1.375,2.5,#91928D
60.5,92.5,-55.125,#FC27F5
60.5625,-120.75,3.875,#00B988
60.5625,-114.75,75.5,#00B600
60.5625,-102.625,-9.75,#00B6A1
60.5625,-92.25,-17.5,#00B5AF
60.5625,-91.375,82.625,#00B100
60.5625,-91.125,73.25,#00B100
60.5625,-83.5,25.0,#00B063
60.5625,-79.75,89.5,#00AE00
60.5625,-77.5,-0.75,#00B091
60.5625,-64.25,-1.0,#00AC92
60.5625,-61.625,-40.375,#00AED8
60.5625,-61.625,28.375,#00AA5D
60.5625,-57.625,59.75,#31A80D
60.5625,-47.875,39.75,#44A547
60.5625,-44.375,-34.875,#00A8CE
60.5625,-41.5,66.25,#65A300
60.5625,-39.875,90.375,#6EA200
60.5625,-33.625,-61.375,#00A7FE
60.5625,-30.375,77.125,#7E9E00
60.5625,-27.125,12.625,#649E7B
60.5625,-26.0,-34.125,#00A1CD
60.5625,-22.75,19.75,#759C6E
60.5625,-20.875,-62.0,#00A2FF
60.5625,-15.0,29.125,#8A985E
60.5625,-12.125,-54.625,#009DF2
60.5625,-6.125,1.625,#88958F
60.5625,-5.0,21.25,#98946C
60.5625,-4.0,-67.375,#009BFF
60.5625,0.625,-5.625,#8E929C
60.5625,11.625,7.125,#AB8B86
60.5625,14.25,-40.0,#818DD9
60.5625,22.375,-21.75,#A886B9
60.5625,26.5,103.625,#D67D00
60.5625,40.25,-60.875,#9A7DFE
60.5625,41.75,29.5,#E17260
60.5625,51.0,-40.5,#C770DA
60.5625,71.875,-33.625,#ED53CF
60.5625,72.5,48.375,#FF4641
60.5625,74.25,86.625,#FF4100
60.5625,82.625,-40.75,#F840DC
60.5625,87.25,-36.5,#FF31D4
60.5625,101.875,-41.375,#FF00DD
60.625,-63.875,58.75,#00AA12
60.625,33.25,52.25,#DB7934
60.625,54.0,-21.875,#DB6ABA
60.625,67.0,-21.0,#EE59B9
60.6875,34.875,103.875,#E27600
60.75,-97.25,-13.75,#00B6A9
60.75,-27.75,46.5,#7B9E3B
60.75,16.875,42.625,#C28647
60.75,57.0,88.875,#FD5F00
60.8125,7.0,37.75,#B38D50
60.8125,80.875,71.625,#FF3109
60.875,-53.875,9.0,#00A981
60.9375,-86.5,57.0,#00B118
60.9375,-49.875,-12.75,#00AAA8
60.9375,-17.375,-67.625,#00A3FF
60.9375,3.125,-47.5,#4F96E7
60.9375,10.125,61.375,#BD8A19
60.9375,52.625,93.25,#F96500
61.0,-102.625,49.75,#00B52E
61.0,73.25,104.625,#FF4400
61.0625,-128.0,75.375,#00BA00
61.0625,-66.25,-23.5,#00B0BB
61.0625,-57.0,-3.0,#00AC97
61.0625,-48.875,-50.0,#00ADEB
61.0625,-47.25,79.0,#5DA600
61.0625,-7.0,13.875,#91967B
61.0625,18.625,-15.375,#A889AF
61.0625,35.0,40.75,#DC794D
61.125,-84.0,34.125,#00B253
61.125,-60.25,51.125,#16AB2E
61.125,-13.625,94.375,#9E9800
61.125,15.5,-23.125,#9B8CBC
61.125,35.125,-30.125,#B87EC9
61.125,66.375,-27.875,#EB5CC6
61.25,-87.625,7.375,#00B484
61.25,-72.625,90.75,#00AE00
61.25,-60.5,22.375,#00AC6A
61.25,-55.25,-45.125,#00AFE3
61.25,-10.0,-39.5,#2D9DD9
61.25,63.5,-14.375,#EF5EAF
61.3125,-128.0,66.5,#00BA00
61.3125,108.125,-51.875,#FF00F2
61.375,-60.25,44.5,#00AC3F
61.375,-45.0,94.75,#66A600
61.375,-36.625,-33.375,#00A8CE
61.375,35.875,14.375,#D67A7D
61.4375,-119.625,79.0,#00B900
61.4375,-20.75,-47.75,#00A3E8
61.4375,-9.125,7.75,#899986
61.5,-128.0,3.0,#00BD8C
61.5,-122.875,86.25,#00BA00
61.5,-115.125,90.375,#00B900
61.5,-111.625,30.5,#00B95A
61.5,-111.5,20.875,#00B96C
61.5,-78.125,11.5,#00B27E
61.5,-58.375,73.125,#3AAB00
61.5,-54.625,-32.875,#00AECD
61.5,-48.0,-22.125,#00ABBA
61.5,-46.75,12.5,#10A97D
61.5,-38.0,41.75,#64A446
61.5,-33.25,-53.5,#00A9F3
61.5,-22.5,-25.0,#22A2C0
61.5,-19.25,104.375,#979B00
61.5,-18.625,55.125,#919C29
61.5,-12.25,41.75,#979948
61.5,-10.0,35.75,#999854
61.5,-7.0,-25.0,#669AC0
61.5,-3.875,-19.875,#7798B7
61.5,3.5,13.0,#A4927E
61.5,5.375,85.0,#BB8E00
61.5,6.25,-13.125,#9492AC
61.5,11.75,74.0,#C38A00
61.5,22.0,3.5,#BC868F
61.5,26.75,-8.75,#BC84A5
61.5,31.625,-59.0,#8C86FE
61.5,42.125,-21.875,#CB78BC
61.5,43.625,-53.5,#AE7BF4
61.5,66.0,62.875,#FF5423
61.5,80.375,-23.0,#FF43BF
61.5,85.625,-7.625,#FF31A5
61.5,88.125,2.5,#FF2494
61.5625,-62.375,37.5,#00AD4E
61.5625,-25.0,4.625,#63A18C
61.5625,13.375,67.875,#C58A00
61.5625,14.875,-50.25,#7291EE
61.5625,18.625,77.375,#CD8600
61.5625,69.625,94.0,#FF4E00
61.625,-105.625,-1.25,#00B995
61.625,-4.125,-51.25,#009CEF
61.625,31.5,76.625,#DF7C00
61.625,73.5,-48.25,#E857EC
61.625,78.625,90.75,#FF3A00
61.6875,-58.375,-23.125,#00AFBC
61.6875,59.875,74.625,#FF5E00
61.6875,64.5,105.5,#FF5600
61.6875,72.625,15.75,#FF4D7D
61.75,-80.375,5.875,#00B489
61.75,4.375,20.875,#AA9171
61.75,82.75,-51.0,#F447F1
61.8125,-76.25,-11.5,#00B4A8
61.8125,-54.125,40.0,#2EAB4A
61.8125,-3.875,-57.75,#009DFC
61.8125,-1.0,73.25,#B19300
61.8125,-0.875,105.5,#B49300
61.8125,19.875,11.875,#BE8881
61.8125,66.125,76.625,#FF5500
61.875,-117.5,47.75,#00BB35
61.875,-73.875,-29.25,#00B5C8
61.875,31.375,-15.125,#C082B1
61.875,63.25,95.125,#FF5900
61.9375,-18.25,74.75,#979C00
62.0,-31.125,8.25,#57A486
62.0,-8.0,74.25,#A79700
62.0,9.25,-47.125,#6995E9
62.0,26.5,9.25,#C88487
62.0,63.0,-35.375,#E365D6
62.0,97.25,-20.875,#FF00BE
62.0625,-43.125,17.5,#3CA975
62.0625,-25.875,103.625,#8EA000
62.0625,-1.125,-26.625,#7599C5
62.0625,45.5,-13.625,#D875AF
62.0625,75.75,3.875,#FF4A92
62.0625,79.25,19.125,#FF4079
62.125,-116.875,26.5,#00BC63
62.125,-56.125,83.375,#49AC00
62.125,74.125,-24.875,#FB52C4
62.125,82.0,6.75,#FF3B8E
62.1875,-91.25,20.5,#00B76F
62.1875,-76.75,38.125,#00B34D
62.1875,-66.375,6.25,#00B189
62.1875,-31.25,39.375,#74A34D
62.1875,12.375,13.125,#B48E80
62.1875,17.5,18.375,#BF8A77
62.1875,18.875,63.875,#CE8816
62.1875,61.75,-54.75,#D06BF9
62.1875,88.125,-58.875,#F73FFF
62.25,-75.125,55.0,#00B225
62.25,-42.625,-40.375,#00ADDD
62.25,-11.375,68.125,#A29A00
62.25,25.375,-1.5,#C1869A
62.25,45.875,68.75,#F37009
62.25,46.5,38.0,#EF7156
62.3125,-122.625,43.125,#00BD41
62.3125,-105.5,91.75,#00B900
62.3125,-103.375,62.0,#00B900
62.3125,8.75,-8.25,#A092A5
62.3125,29.75,87.0,#DF7F00
62.3125,65.25,39.125,#FF5955
62.375,-15.5,13.375,#839E7F
62.375,34.5,70.625,#E47B00
62.375,49.75,-52.375,#BE78F5
62.375,87.5,38.75,#FF2358
62.4375,-116.625,11.25,#00BD80
62.4375,-17.75,47.75,#929E3D
62.4375,-16.5,23.625,#899E6C
62.4375,38.25,35.375,#E3795A
62.5,-96.625,93.25,#00B800
62.5,-11.75,-8.0,#769EA5
62.5,-7.0,82.375,#AC9800
62.5,-4.625,31.375,#A2985F
62.5,-0.125,8.5,#9D9788
62.5,2.75,64.5,#B8930F
62.5,11.75,80.625,#C78D00
62.5,21.125,32.625,#CB885E
62.5,46.875,-6.5,#DF74A4
62.5,51.5,72.0,#FB6B00
62.5,86.375,-29.0,#FF3ACD
62.5625,-128.0,34.125,#00BF55
62.5625,-128.0,56.75,#00BE1B
62.5625,-123.0,70.625,#00BD00
62.5625,-107.375,-19.25,#00BEB7
62.5625,-106.75,36.875,#00BB50
62.5625,-102.125,-23.0,#00BDBE
62.5625,-98.375,79.0,#00B800
62.5625,-95.375,-6.875,#00BAA1
62.5625,-92.875,65.125,#00B700
62.5625,-92.375,31.875,#00B85A
62.5625,-86.0,76.625,#00B600
62.5625,-79.625,49.75,#00B434
62.5625,-74.0,68.875,#00B200
62.5625,-72.125,47.25,#00B23B
62.5625,-72.0,-21.125,#00B5BB
62.5625,-72.0,25.625,#00B367
62.5625,-71.625,-35.75,#00B7D5
62.5625,-64.375,-34.875,#00B4D4
62.5625,-61.5,14.25,#00B07C
62.5625,-60.75,66.75,#30AF00
62.5625,-51.5,95.75,#5AAB00
62.5625,-43.625,-3.25,#00AB9C
62.5625,-41.375,104.25,#72A800
62.5625,-38.625,23.25,#56A86C
62.5625,-34.0,105.875,#81A500
62.5625,-33.875,-8.125,#26A8A5
62.5625,-33.75,89.125,#7FA500
62.5625,-24.5,-54.625,#00A8F8
62.5625,-15.125,-30.75,#3CA2CD
62.5625,-7.625,57.875,#A79926
62.5625,4.0,95.25,#BD9200
62.5625,6.25,-1.25,#A2949A
62.5625,7.0,103.375,#C29000
62.5625,9.25,-34.625,#8395D5
62.5625,11.875,95.125,#C88D00
62.5625,20.125,-32.75,#9D8ED1
62.5625,23.125,-50.625,#898EF1
62.5625,28.125,-22.875,#B687C0
62.5625,42.875,21.0,#E67674
62.5625,45.375,107.0,#F67100
62.5625,48.125,-63.625,#AC7CFF
62.5625,50.875,21.625,#F16E74
62.5625,51.25,63.25,#FA6B22
62.5625,60.0,-61.5,#C66FFF
62.5625,67.75,24.25,#FF5770
62.5625,73.75,36.125,#FF4C5C
62.5625,77.0,-13.5,#FF4CB2
62.5625,85.25,18.375,#FF317B
62.5625,99.375,-34.25,#FF00D6
62.5625,100.0,-56.875,#FF03FF
62.625,-92.375,-27.375,#00BBC6
62.625,-69.0,-5.625,#00B4A0
62.625,1.0,-19.125,#8698B9
62.625,17.0,107.0,#D08900
62.625,18.0,97.25,#D18900
62.625,42.875,54.75,#EE7535
62.6875,-48.125,85.25,#61AA00
62.6875,-6.625,107.125,#AF9800
62.6875,3.625,3.625,#A19591
62.6875,23.5,60.0,#D58525
62.6875,26.625,67.5,#DA8309
62.6875,46.125,-30.625,#CE79CF
62.6875,54.875,50.875,#FD683F
62.6875,74.125,28.25,#FF4C6A
62.75,-16.875,86.5,#9D9E00
62.75,6.875,-24.75,#8C96C4
62.75,36.0,64.375,#E77B1B
62.8125,-48.375,1.375,#00AD94
62.8125,-35.0,68.5,#7AA600
62.8125,-24.5,58.5,#8BA222
62.8125,-23.875,-40.75,#00A7E0
62.8125,-22.5,95.5,#95A000
62.8125,-12.75,0.25,#7E9F97
62.8125,51.625,8.375,#EE6F8B
62.8125,68.875,-62.875,#D565FF
62.875,-39.125,10.25,#41AA85
62.875,-35.125,29.375,#66A762
62.875,-19.625,-14.625,#57A3B1
62.875,68.375,-3.0,#FF5AA0
62.9375,-81.75,-13.625,#00B9AF
62.9375,-18.875,4.375,#75A290
63.0,-84.875,-19.375,#00BAB9
63.0,-60.0,-29.5,#00B4CB
63.0625,-75.875,30.875,#00B55E
63.0625,-41.25,-9.125,#00ACA8
63.0625,-18.375,-57.125,#00A7FE
63.0625,-11.125,-60.0,#00A4FF
63.0625,2.375,32.0,#B09560
63.0625,40.5,2.5,#DC7B96
63.125,-85.0,66.75,#00B700
63.125,-36.75,59.125,#74A81F
63.125,-35.25,-43.0,#00ADE4
63.125,-29.125,-25.0,#00A9C4
63.125,65.125,2.875,#FF5F96
63.1875,-84.875,43.375,#00B844
63.1875,-77.125,63.25,#00B500
63.1875,-67.25,70.125,#00B200
63.1875,-40.0,72.125,#72A900
63.25,-116.5,84.75,#00BE00
63.25,10.125,54.625,#C39033
63.25,11.75,40.75,#C29050
63.25,49.875,-25.375,#DA76C7
63.25,58.5,-24.875,#E76CC7
63.3125,-121.75,-8.625,#00C2A6
63.3125,15.0,3.0,#B69094
63.3125,36.75,-4.875,#D380A3
63.3125,67.75,-48.75,#E365F1
63.375,-128.0,14.25,#00C27D
63.375,-122.25,9.375,#00C186
63.375,-118.0,67.25,#00BF00
63.375,-53.5,23.375,#03B06E
63.375,-32.25,22.0,#68A871
63.375,-0.5,79.625,#B89700
63.375,52.0,-3.5,#EB71A1
63.375,74.125,-7.125,#FF53A9
63.4375,-117.75,58.625,#00BF17
63.4375,-98.375,53.25,#00BB2C
63.4375,-83.125,-31.125,#00BCCF
63.4375,-48.75,60.25,#59AD1A
63.4375,12.0,-29.25,#9395CE
63.4375,30.125,47.75,#DE8344
63.4375,65.125,12.375,#FF5F87
63.5,-107.875,57.75,#00BD1C
63.5,-100.0,69.5,#00BC00
63.5,-91.375,101.125,#00B900
63.5,-87.25,96.625,#00B800
63.5,-86.75,-0.25,#00BB98
63.5,-83.875,103.125,#00B700
63.5,-79.875,98.5,#00B600
63.5,-76.5,104.625,#00B600
63.5,-72.75,99.875,#00B400
63.5,-71.375,0.75,#00B797
63.5,-69.25,105.375,#15B300
63.5,-69.125,-44.875,#00B9E8
63.5,-65.625,100.375,#2DB200
63.5,-62.625,106.375,#3CB100
63.5,-59.625,-51.0,#00B7F4
63.5,-59.25,101.375,#47B000
63.5,-56.125,106.625,#52AF00
63.5,-55.5,30.0,#11B062
63.5,-52.125,76.375,#57AE00
63.5,-50.125,107.125,#62AD00
63.5,-50.0,-57.0,#00B5FF
63.5,-46.5,31.75,#49AD5F
63.5,-42.875,53.0,#65AB31
63.5,-42.75,-61.5,#00B3FF
63.5,-38.375,-21.5,#00ADBF
63.5,-36.25,-27.125,#00ADC9
63.5,-26.875,82.25,#8EA400
63.5,-6.125,94.5,#B19A00
63.5,-3.375,-11.375,#889CAE
63.5,6.0,75.625,#C19300
63.5,7.0,10.5,#AE9587
63.5,11.5,-14.0,#A394B3
63.5,16.25,55.5,#CD8D32
63.5,16.625,26.5,#C58E6B
63.5,21.25,-5.875,#BB8DA5
63.5,21.625,38.875,#D08A55
63.5,23.125,108.125,#DB8700
63.5,23.875,88.0,#DB8700
63.5,35.125,97.0,#EB7D00
63.5,37.5,-49.625,#AD85F3
63.5,39.5,-10.875,#D47FAE
63.5,45.25,86.25,#F87400
63.5,47.125,96.5,#FA7200
63.5,51.375,-46.5,#CA78ED
63.5,56.25,97.5,#FF6700
63.5,62.0,28.125,#FF626B
63.5,72.375,42.75,#FF5152
63.5,74.25,-39.75,#F559E2
63.5,78.375,-32.125,#FF50D5
63.5,83.25,26.25,#FF3A70
63.5,90.125,-22.375,#FF30C4
63.5625,-71.125,78.625,#00B400
63.5625,-63.125,-12.375,#00B5AE
63.5625,-51.5,-38.375,#00B3DD
63.5625,-13.0,108.5,#A79E00
63.5625,23.625,48.125,#D68843
63.5625,32.25,108.625,#E88000
63.5625,35.5,-43.0,#B286E7
63.5625,35.5,23.25,#DF8073
63.5625,69.25,52.75,#FF563F
63.5625,73.5,59.625,#FF4E32
63.5625,78.5,53.625,#FF433F
63.5625,86.625,-44.25,#FF42EB
63.625,-23.25,70.375,#93A300
63.625,52.75,106.125,#FF6C00
63.6875,47.125,30.625,#F27466
63.6875,61.875,58.375,#FF6133
63.75,-122.5,36.5,#00C153
63.75,9.75,108.625,#CA9100
63.75,11.625,22.125,#BC9274
63.75,15.25,86.875,#D08E00
63.75,24.5,75.125,#DC8700
63.75,30.0,-36.625,#AF8ADC
63.75,30.875,27.375,#DB846B
63.75,38.125,88.125,#EF7C00
63.75,57.375,83.625,#FF6700
63.75,68.625,86.25,#FF5600
63.8125,-73.375,18.375,#00B777
63.8125,-55.5,2.125,#00B395
63.8125,-31.375,97.125,#88A700
63.8125,-6.125,-4.125,#8B9EA2
63.8125,4.75,58.375,#BD952A
63.8125,68.375,69.5,#FF5717
63.875,-107.875,85.875,#00BE00
63.875,-68.75,30.5,#00B661
63.875,-47.25,44.75,#54AE45
63.875,-47.125,101.875,#69AD00
63.875,-32.0,15.5,#63A97E
63.875,-0.125,15.625,#A69A7F
63.875,59.0,108.375,#FF6500
63.9375,-122.25,16.75,#00C37A
63.9375,-58.125,-17.0,#00B5B8
63.9375,26.0,95.625,#E08600
63.9375,29.25,19.25,#D6867A
63.9375,58.25,41.625,#FF6854
63.9375,60.875,47.25,#FF644A
63.9375,70.375,-14.625,#FF5CB7
63.9375,80.875,45.375,#FF4050
63.9375,88.0,-16.75,#FF37BB
64.0,-61.75,85.25,#3CB300
64.0,-2.375,-37.0,#62A0DD
64.0,7.625,90.5,#C69300
64.0,38.875,109.625,#F27B00
64.0,54.25,-59.375,#C279FF
64.0625,-113.5,-3.75,#00C29F
64.0625,-82.375,-6.75,#00BCA5
64.0625,-82.0,81.25,#00B900
64.0625,-55.0,45.625,#3AB143
64.0625,-48.75,18.25,#26B079
64.0625,-26.5,-4.875,#56A9A3
64.0625,-6.5,48.5,#AA9C41
64.0625,42.625,46.125,#F1794A
64.0625,61.25,-44.25,#DF6EEB
64.0625,72.125,76.375,#FF5100
64.0625,81.125,37.25,#FF405E
64.125,-13.625,60.25,#A2A022
64.125,-12.75,51.125,#A1A03B
64.125,78.875,13.5,#FF4987
64.1875,-99.0,98.5,#00BD00
64.1875,-48.75,-44.875,#00B5EB
64.1875,-48.75,-28.5,#00B3CD
64.1875,-42.75,5.375,#24AF91
64.1875,-33.75,-15.5,#00ADB6
64.1875,44.875,-47.25,#C080F1
64.25,-109.375,77.125,#00C000
64.25,-90.375,90.0,#00BB00
64.25,-49.0,68.0,#5EAF00
64.25,-42.25,-29.75,#00B1D0
64.25,-31.25,61.25,#83A81C
64.25,-24.75,42.625,#88A64C
64.25,-16.25,-23.5,#53A6C5
64.25,-2.125,56.125,#B49A30
64.25,15.125,-7.25,#B193A9
64.25,29.375,-47.375,#A18DF1
64.25,94.5,-6.0,#FF17AA
64.3125,-40.125,46.625,#6AAD43
64.3125,-0.5,45.5,#B39A48
64.3125,3.5,52.125,#BB973A
64.3125,26.625,34.25,#D88860
64.375,-103.25,82.0,#00BF00
64.375,-69.0,95.0,#18B600
64.375,-62.125,95.5,#3FB400
64.375,-13.75,-48.5,#00A8F2
64.375,27.125,-56.25,#8E91FF
64.375,56.75,-51.0,#D275F8
64.4375,14.5,47.875,#CB9145
64.4375,26.625,-30.25,#B28ED2
64.4375,48.75,-18.5,#E079BE
64.4375,53.875,-14.125,#EB73B7
64.4375,59.25,33.375,#FF6864
64.4375,93.375,-42.625,#FF31EA
64.5,-107.5,49.625,#00C038
64.5,-97.375,86.75,#00BE00
64.5,-96.75,26.5,#00BF69
64.5,-86.125,85.625,#00BB00
64.5,-85.25,16.5,#00BC7C
64.5,-50.625,51.5,#51B137
64.5,7.625,67.375,#C5950A
64.5,41.375,-41.25,#C183E7
64.5,46.25,78.25,#FC7600
64.5625,-128.0,87.5,#00C400
64.5625,-105.875,23.375,#00C16F
64.5625,-100.0,9.625,#00C089
64.5625,-97.25,37.375,#00BF54
64.5625,-88.5,38.375,#00BD52
64.5625,-79.375,-26.5,#00BECA
64.5625,-78.875,21.375,#00BB74
64.5625,-71.5,-14.0,#00BBB4
64.5625,-66.375,41.875,#00B64C
64.5625,-64.25,77.75,#2FB500
64.5625,-37.875,-48.75,#00B2F3
64.5625,-36.5,77.125,#7EAB00
64.5625,-33.375,45.875,#79AB46
64.5625,-30.875,-38.125,#00AFE0
64.5625,-27.875,-46.375,#00AEEF
64.5625,-23.5,89.25,#98A600
64.5625,-21.125,10.75,#7BA789
64.5625,-21.0,28.625,#89A668
64.5625,-18.625,-35.5,#00A9DB
64.5625,-14.875,101.5,#A7A100
64.5625,-8.625,26.875,#9FA06C
64.5625,-4.375,9.75,#9C9E8B
64.5625,2.25,-54.0,#3FA1FD
64.5625,10.5,-55.125,#609CFF
64.5625,18.75,70.625,#D68E00
64.5625,19.25,-60.25,#7097FF
64.5625,24.625,-17.0,#BB8EBB
64.5625,29.125,56.5,#E28634
64.5625,33.25,8.25,#D9858F
64.5625,36.25,56.875,#EC8034
64.5625,36.5,-35.25,#BF87DC
64.5625,37.125,-25.625,#C985CB
64.5625,56.875,5.0,#F96E96
64.5625,62.5,20.625,#FF657B
64.5625,67.125,45.5,#FF5D4F
64.5625,68.125,-38.625,#F066E3
64.5625,88.125,-52.125,#FF45FC
64.5625,94.625,-50.625,#FF31F9
64.625,-68.0,87.0,#1DB600
64.625,70.875,110.625,#FF5500
64.6875,-89.625,53.5,#00BD2F
64.6875,-75.25,86.5,#00B900
64.6875,44.875,13.125,#EC7B88
64.75,-128.0,44.375,#00C544
64.75,-122.625,49.0,#00C43A
64.75,-94.375,4.875,#00C092
64.75,-25.75,22.875,#7BA973
64.75,41.0,102.625,#F77B00
64.75,52.375,43.625,#FF7152
64.75,77.875,65.125,#FF4829
64.75,88.0,9.25,#FF3491
64.75,98.5,-27.25,#FF09D0
64.8125,-100.75,0.25,#00C29A
64.8125,84.0,-2.875,#FF42A6
64.875,-106.75,5.0,#00C392
64.875,-21.0,-9.125,#62A9AD
64.875,4.25,-59.875,#2BA1FF
64.875,32.75,35.125,#E38560
64.9375,-16.625,-4.125,#76A6A4
64.9375,17.875,-27.125,#A695CE
64.9375,60.25,-0.125,#FD6BA0
65.0,-66.75,55.75,#00B72C
65.0,-41.125,-55.75,#00B6FF
65.0,-39.125,86.375,#7CAD00
65.0,-36.0,3.5,#46AF96
65.0,36.375,77.625,#F08100
65.0625,-116.75,18.875,#00C579
65.0625,-41.375,80.75,#76AE00
65.0625,-6.125,87.75,#B59E00
65.0625,60.375,-10.0,#F96DB2
65.125,-81.75,54.75,#00BC2E
65.125,78.875,-47.875,#FB59F5
65.1875,-57.875,78.5,#4BB500
65.1875,-11.625,-17.375,#70A6BD
65.1875,30.125,0.75,#D28A9E
65.1875,58.0,-34.375,#E573DD
65.25,-117.125,31.625,#00C561
65.25,-100.875,18.25,#00C27B
65.25,-11.625,21.5,#98A378
65.25,20.875,-45.75,#9496F0
65.25,23.125,53.875,#DB8D3B
65.25,57.125,69.0,#FF6C1A
65.3125,-31.875,73.0,#88AB00
65.3125,-0.25,-2.375,#9C9FA3
65.3125,30.25,41.125,#E38856
65.375,-87.0,25.875,#00BF6D
65.375,-65.375,17.875,#00B97D
65.375,-54.375,61.375,#4FB41C
65.375,-52.5,89.375,#5FB300
65.375,2.75,-6.125,#9F9EAA
65.375,51.875,-37.0,#DA7BE2
65.4375,-108.25,63.625,#00C302
65.4375,-93.625,49.0,#00C03D
65.4375,-93.25,13.625,#00C184
65.4375,-35.75,52.5,#7AAE39
65.4375,-26.875,-60.75,#00B2FF
65.4375,7.0,-19.375,#9A9CC1
65.5,-120.0,-0.625,#00C89D
65.5,-117.375,41.75,#00C64D
65.5,-113.125,71.25,#00C400
65.5,-112.875,4.375,#00C694
65.5,-112.375,46.25,#00C443
65.5,-110.375,16.125,#00C57F
65.5,-108.75,97.25,#00C300
65.5,-107.25,43.0,#00C34A
65.5,-106.25,-9.125,#00C5AD
65.5,-98.625,60.125,#00C11B
65.5,-89.625,70.0,#00BF00
65.5,-88.0,-11.5,#00C1B2
65.5,-83.125,91.375,#00BD00
65.5,-82.375,71.875,#00BD00
65.5,-75.375,-4.375,#00BEA5
65.5,-70.75,64.375,#00BA07
65.5,-62.875,-6.125,#00BAA8
65.5,-58.5,-38.375,#00BBE2
65.5,-57.0,-7.375,#00B8AB
65.5,-53.125,100.875,#60B400
65.5,-42.0,36.0,#61B15C
65.5,-39.5,97.75,#7EAF00
65.5,-26.625,-12.625,#49ADB5
65.5,-25.375,-20.25,#37ADC2
65.5,-22.875,111.375,#9DA800
65.5,-6.375,-44.5,#3EA7EE
65.5,-5.875,67.75,#B49F07
65.5,-2.0,111.75,#BE9D00
65.5,-0.375,22.625,#AD9E77
65.5,2.875,-13.875,#989EB8
65.5,3.5,-33.25,#7FA0DA
65.5,4.375,111.875,#C89900
65.5,7.0,-41.875,#789FEA
65.5,23.375,16.5,#D08F83
65.5,32.875,91.375,#EE8500
65.5,48.25,-58.0,#BD82FF
65.5,49.375,112.125,#FF7500
65.5,51.625,86.625,#FF7200
65.5,52.875,57.625,#FF7238
65.5,53.0,-31.0,#E179D8
65.5,54.375,13.75,#FC7389
65.5,60.625,-19.25,#F56FC3
65.5,71.375,9.375,#FF5C92
65.5,81.875,-37.0,#FF51E3
65.5,93.125,-34.5,#FF34DF
65.5625,-118.0,74.75,#00C500
65.5625,21.0,-37.875,#A096E3
65.5625,31.5,81.5,#EC8600
65.5625,44.125,62.0,#FA7B2C
65.5625,73.5,21.875,#FF577C
65.5625,77.5,-19.5,#FF56C4
65.625,14.25,101.0,#D69300
65.625,30.875,62.5,#E98728
65.625,73.75,-56.875,#EC65FF
65.6875,-39.75,109.125,#7FAF00
65.6875,-26.375,32.375,#83AB64
65.6875,-14.5,34.75,#9CA560
65.6875,-11.25,91.25,#AFA300
65.6875,0.25,3.25,#A39F9A
65.6875,27.5,112.25,#E88900
65.75,-94.0,74.25,#00C100
65.75,-21.625,80.375,#9DA800
65.75,17.0,112.25,#DA9100
65.875,-122.875,60.625,#00C717
65.875,-117.125,94.0,#00C600
65.875,-80.375,-0.75,#00C09F
65.875,-56.0,11.625,#00B889
65.875,-4.625,18.375,#A5A17F
65.875,40.625,96.375,#FA7F00
65.9375,-49.625,-9.375,#00B7B0
65.9375,-27.375,54.25,#8DAC37
65.9375,-17.0,95.625,#A7A600
65.9375,9.25,5.875,#B59A96
65.9375,12.0,-1.5,#B599A3
65.9375,39.0,29.625,#ED826D
65.9375,40.75,70.375,#F87F10
65.9375,65.875,-24.25,#FB6ACD
66.0,-100.125,-12.875,#00C6B5
66.0,-3.75,-30.375,#72A5D6
66.0,69.875,-31.875,#FC66DB
66.0625,-94.375,-16.375,#00C5BC
66.0625,-62.875,-23.5,#00BDC9
66.0625,-48.375,-15.5,#00B7BB
66.0625,-4.625,2.75,#9AA39B
66.0625,81.75,-27.5,#FF51D4
66.125,-128.0,26.125,#00CA6D
66.125,-122.375,23.75,#00C972
66.125,-83.25,8.875,#00C18E
66.125,-46.375,75.875,#6DB300
66.125,-16.0,42.75,#9EA751
66.125,10.75,30.625,#C5986A
66.125,20.75,23.0,#D19279
66.125,35.5,47.75,#EE854C
66.125,36.875,-55.0,#AC8EFF
66.1875,-128.0,19.625,#00CA7A
66.1875,-112.625,54.0,#00C631
66.1875,-90.875,80.5,#00C100
66.1875,-43.75,-21.75,#00B7C7
66.1875,1.0,40.0,#B99E58
66.1875,30.0,99.5,#ED8900
66.1875,59.5,89.5,#FF6B00
66.25,-41.75,91.625,#7BB200
66.25,-32.125,83.25,#8CAE00
66.25,21.0,101.0,#E19000
66.3125,-128.0,81.75,#00C900
66.3125,-61.75,26.5,#00BA6F
66.3125,-7.25,-55.625,#00AAFF
66.3125,15.625,-34.125,#9C9BDE
66.3125,80.25,-10.125,#FF51B6
66.375,-123.0,78.25,#00C900
66.375,-111.875,38.625,#00C756
66.375,-65.75,-0.75,#00BDA1
66.375,-21.0,100.125,#A2A900
66.375,-13.75,-54.875,#00AEFF
66.375,78.0,31.0,#FF506F
66.4375,-128.0,72.625,#00CA00
66.4375,-106.75,32.25,#00C663
66.4375,-103.125,55.375,#00C52E
66.4375,-78.625,76.875,#00BF00
66.4375,-32.25,110.125,#90AE00
66.4375,-0.875,94.875,#C29F00
66.4375,16.25,-20.375,#AE99C6
66.4375,46.875,18.75,#F67D82
66.5,-11.125,5.375,#90A798
66.5,12.75,64.5,#D29721
66.5,22.875,-22.75,#B895CB
66.5625,-128.0,8.875,#00CC8F
66.5625,-123.375,91.0,#00C900
66.5625,-116.375,-9.875,#00CBB1
66.5625,-110.875,91.125,#00C700
66.5625,-110.75,-14.25,#00CAB9
66.5625,-77.0,45.0,#00BF4A
66.5625,-76.375,-33.875,#00C3DD
66.5625,-73.375,-40.5,#00C3E9
66.5625,-72.0,7.5,#00BF92
66.5625,-61.375,-43.875,#00C0EF
66.5625,-56.75,52.25,#43B93A
66.5625,-54.125,-23.375,#00BBCA
66.5625,-45.5,-35.625,#00B9E1
66.5625,-43.375,27.0,#56B56F
66.5625,-37.0,-2.5,#37B4A5
66.5625,-34.75,36.375,#76B15E
66.5625,-26.0,-28.875,#00B1D5
66.5625,-21.875,51.0,#98AB40
66.5625,-19.875,62.0,#9FAA23
66.5625,-17.875,70.0,#A4A800
66.5625,-16.5,-40.75,#00AEEA
66.5625,-13.625,78.5,#ADA600
66.5625,-12.625,-35.625,#45ACE1
66.5625,-10.125,-29.125,#62AAD6
66.5625,-8.625,113.25,#B8A300
66.5625,8.125,47.75,#C89B4A
66.5625,13.625,-47.0,#839EF6
66.5625,18.0,-52.375,#849CFF
66.5625,18.75,43.25,#D69454
66.5625,18.875,82.0,#DE9300
66.5625,20.375,7.75,#CA9495
66.5625,21.25,-12.375,#BE95B8
66.5625,27.0,-42.25,#AA95EE
66.5625,29.25,72.5,#EB8B00
66.5625,36.375,17.5,#E78784
66.5625,39.0,9.375,#E88593
66.5625,46.0,7.125,#F17F97
66.5625,50.625,1.625,#F57BA1
66.5625,52.5,34.875,#FF7666
66.5625,54.625,26.0,#FF7476
66.5625,55.375,-42.0,#DF7BEE
66.5625,58.25,62.375,#FF6E30
66.625,-128.0,-0.125,#00CC9F
66.625,-36.625,64.125,#80B118
66.625,63.75,80.375,#FF6600
66.625,65.375,91.75,#FF6400
66.625,67.625,59.125,#FF613A
66.6875,-34.5,101.5,#8CB000
66.6875,46.875,101.875,#FF7B00
66.6875,63.875,73.875,#FF660D
66.6875,64.125,98.625,#FF6600
66.75,-64.0,63.875,#2DBB14
66.75,-51.625,37.625,#47B85B
66.75,-26.875,14.25,#76AF88
66.75,-7.0,35.75,#ACA461
66.75,4.5,-48.375,#65A4F9
66.75,40.0,-19.75,#D888C7
66.75,88.5,-39.5,#FF48EB
66.8125,94.375,-18.625,#FF2FC7
66.875,-122.75,54.625,#00CA30
66.875,-59.625,38.125,#1BBB5A
66.875,-57.125,111.5,#5BB900
66.875,-27.875,4.875,#69B099
66.875,4.5,15.5,#B69F87
66.875,79.125,2.5,#FF53A2
66.9375,-15.125,-10.25,#76ACB5
66.9375,29.75,-12.25,#CE90BA
67.0,-40.0,16.0,#54B585
67.0,2.125,106.125,#C99E00
67.0,62.625,52.125,#FF6A48
67.0,69.375,38.875,#FF6162
67.0625,-103.375,94.75,#00C600
67.0625,-51.0,111.875,#6BB700
67.0625,32.875,-17.75,#CF8EC4
67.0625,58.0,78.625,#FF6F00
67.0625,76.125,39.375,#FF5661
67.125,-68.25,24.375,#00BF75
67.125,-16.5,54.75,#A4AA3A
67.125,53.75,93.375,#FF7400
67.1875,10.0,14.75,#BF9D8A
67.1875,32.25,-5.75,#D78EAF
67.1875,60.125,13.375,#FF708E
67.25,-57.875,69.25,#4EBB00
67.25,-32.125,-52.125,#00B8FF
67.25,-21.875,19.0,#87AE81
67.25,3.625,85.375,#CA9E00
67.25,48.125,-43.125,#D385F2
67.25,68.125,-7.125,#FF68B3
67.25,71.25,3.625,#FF62A0
67.3125,-128.0,66.125,#00CC00
67.3125,23.375,2.5,#CE95A0
67.3125,49.5,-9.0,#F07FB6
67.3125,57.25,103.75,#FF7000
67.375,-104.375,75.875,#00C800
67.375,-79.25,-16.875,#00C5C0
67.375,-41.0,59.125,#77B52C
67.375,21.625,92.0,#E59300
67.4375,-128.0,49.75,#00CD3F
67.4375,-95.125,67.875,#00C600
67.4375,-75.75,25.625,#00C273
67.4375,-45.625,12.75,#37B98C
67.4375,-21.375,-25.0,#42B1D0
67.4375,-4.625,-15.75,#8AA8C0
67.4375,0.0,60.75,#C1A12D
67.4375,13.125,10.25,#C29B92
67.4375,55.0,111.25,#FF7300
67.5,-128.0,37.625,#00CE5A
67.5,-122.25,84.125,#00CC00
67.5,-117.375,80.5,#00CB00
67.5,-96.0,102.75,#00C600
67.5,-93.5,-2.0,#00C8A6
67.5,-89.0,106.0,#00C400
67.5,-85.625,58.875,#00C428
67.5,-81.75,108.25,#00C200
67.5,-80.75,40.25,#00C356
67.5,-79.875,33.375,#00C364
67.5,-77.0,91.875,#00C100
67.5,-75.875,-22.5,#00C5CB
67.5,-74.5,109.75,#00C000
67.5,-72.625,34.75,#00C162
67.5,-70.875,-27.875,#00C4D5
67.5,-67.625,-9.875,#00C1B4
67.5,-67.5,110.75,#39BE00
67.5,-65.75,35.875,#00BF60
67.5,-61.75,10.25,#00BE90
67.5,-60.875,44.875,#26BD4E
67.5,-60.125,58.875,#3EBC2B
67.5,-55.125,-43.125,#00C0F1
67.5,-53.75,-54.0,#00C1FF
67.5,-50.875,-2.25,#00BBA7
67.5,-49.875,27.0,#41BA72
67.5,-46.875,55.125,#67B837
67.5,-40.5,41.5,#6EB656
67.5,-38.25,-36.375,#00B9E5
67.5,-34.875,11.5,#5FB58F
67.5,-30.0,26.5,#7CB273
67.5,-21.875,-2.125,#72B0A7
67.5,-16.125,114.625,#AFAA00
67.5,-9.125,15.5,#9FA888
67.5,-6.75,61.625,#B7A52A
67.5,-6.75,100.0,#BDA500
67.5,-5.125,-22.875,#7FA9CD
67.5,-1.75,28.75,#B4A470
67.5,1.125,-23.25,#8EA6CE
67.5,1.25,73.25,#C6A100
67.5,1.5,-40.25,#71A7ED
67.5,6.75,37.625,#C59E60
67.5,6.875,99.125,#D19D00
67.5,10.5,115.0,#D79A00
67.5,15.75,37.5,#D39861
67.5,17.625,31.375,#D4976D
67.5,31.75,-27.625,#C692D7
67.5,36.375,40.5,#F2885D
67.5,41.875,34.75,#F88468
67.5,42.75,-4.375,#E986AE
67.5,45.125,25.625,#F98179
67.5,48.375,53.5,#FF7C45
67.5,50.75,68.5,#FF7921
67.5,65.0,115.0,#FF6700
67.5,68.375,16.625,#FF668A
67.5,68.5,30.5,#FF6472
67.5,69.5,-44.125,#F76DF5
67.5,72.625,-50.75,#F66AFF
67.5,75.5,46.125,#FF5856
67.5625,-42.625,0.375,#1EB8A3
67.5625,81.625,19.625,#FF4E86
67.625,-88.25,-21.25,#00C8C9
67.625,-60.125,89.75,#50BC00
67.625,-45.625,96.0,#77B700
67.625,-28.375,78.125,#96B000
67.625,-28.0,102.875,#9AB000
67.625,4.75,28.875,#BFA071
67.625,11.25,74.375,#D59B00
67.625,33.125,115.125,#F68A00
67.625,41.875,114.125,#FF8200
67.625,44.0,-33.375,#D688E2
67.6875,24.125,63.5,#E6922A
67.6875,35.125,67.875,#F6891F
67.6875,45.875,91.375,#FF7E00
67.75,18.125,61.625,#DD972E
67.75,47.125,41.25,#FF7F5D
67.75,86.25,2.25,#FF47A5
67.75,88.125,-9.875,#FF45BA
67.8125,-103.125,-4.375,#00CBAB
67.8125,-55.625,-33.625,#00C0E0
67.875,-74.375,53.0,#00C23B
67.875,-23.625,-36.125,#00B4E6
67.875,15.5,94.625,#DE9800
67.875,42.625,81.75,#FF8200
67.875,72.625,71.0,#FF5D21
67.875,81.75,8.625,#FF519A
67.9375,-92.375,22.0,#00C87B
67.9375,-49.25,4.375,#00BC9C
67.9375,24.75,81.875,#EA9200
67.9375,30.875,12.625,#E19090
67.9375,45.75,-51.875,#C78AFF
67.9375,50.375,75.5,#FF7B00
67.9375,66.0,8.25,#FF6B9A
68.0,-86.625,-5.125,#00C8AD
68.0,-45.25,85.625,#77B800
68.0,-44.875,-5.5,#00BBAE
68.0,-43.25,-42.125,#00BDF1
68.0,-32.25,-33.375,#00B8E1
68.0,-7.75,74.0,#BAA700
68.0,66.875,106.0,#FF6500
68.0625,-116.875,25.5,#00CE74
68.0625,-70.75,70.375,#00C100
68.0625,-66.25,-33.25,#00C4E0
68.0625,-57.375,95.375,#5BBC00
68.0625,-45.25,-52.625,#00BFFF
68.0625,-23.75,-52.25,#00B7FF
68.0625,21.0,116.25,#E79500
68.0625,28.75,105.75,#F28F00
68.0625,41.5,52.5,#FD8547
68.0625,55.75,-3.125,#FE7AAD
68.0625,57.625,20.0,#FF7585
68.125,-22.125,74.25,#A2AF00
68.125,-16.375,2.625,#87AFA1
68.125,12.375,-25.5,#A5A1D4
68.125,63.25,-48.25,#EA78FE
68.125,85.625,13.625,#FF4892
68.1875,-92.875,-9.25,#00CAB5
68.1875,-53.125,17.75,#0EBD84
68.1875,-17.875,24.75,#96AE79
68.1875,-15.5,14.875,#94AE8B
68.1875,-9.75,-7.75,#8AACB4
68.1875,-4.25,106.375,#C3A500
68.1875,9.25,-7.0,#B2A1B3
68.25,-43.0,102.0,#80B800
68.25,-31.875,-8.125,#46B7B4
68.25,-11.375,68.0,#B3AA13
68.25,-8.875,44.875,#B1A953
68.25,39.25,23.375,#F3897E
68.3125,-117.75,62.625,#00CE19
68.3125,-75.25,2.75,#00C5A0
68.3125,29.375,87.25,#F28F00
68.3125,49.875,62.0,#FF7D34
68.3125,57.0,50.5,#FF754E
68.3125,67.25,65.625,#FF672F
68.375,51.5,117.0,#FF7A00
68.375,59.125,116.75,#FF7100
68.375,78.25,-3.25,#FF5BAF
68.4375,-122.625,42.125,#00CF53
68.4375,-117.0,11.375,#00CF8F
68.4375,-77.75,9.625,#00C693
68.4375,-60.25,18.5,#00C083
68.4375,-30.5,65.5,#92B31B
68.4375,0.75,34.25,#BDA569
68.5,-69.625,-18.125,#00C6C6
68.5,-67.0,46.375,#00C24C
68.5,-39.375,-10.875,#00BBB9
68.5,-3.625,79.0,#C2A600
68.5,3.75,91.375,#CFA100
68.5,5.25,-1.75,#AFA4AA
68.5,42.625,75.625,#FF8400
68.5625,-128.0,31.625,#00D169
68.5625,-117.5,47.875,#00CF47
68.5625,-106.625,11.625,#00CE8F
68.5625,-102.5,45.75,#00CB4C
68.5625,-101.5,25.5,#00CC75
68.5625,-92.375,29.75,#00C96D
68.5625,-88.5,6.125,#00C99A
68.5625,-68.875,102.125,#35C200
68.5625,-67.125,12.75,#00C38E
68.5625,-62.625,-15.875,#00C3C2
68.5625,-59.0,31.5,#11C06B
68.5625,-54.125,-15.125,#00C0C1
68.5625,-52.25,83.125,#68BC00
68.5625,-43.625,20.625,#52BB80
68.5625,-37.875,115.625,#8CB600
68.5625,-32.875,-25.75,#00B9D5
68.5625,-32.625,93.125,#94B400
68.5625,-30.375,116.625,#9AB300
68.5625,-24.0,66.125,#9EB11A
68.5625,-23.125,116.875,#A7B000
68.5625,-21.75,35.125,#96B166
68.5625,-19.875,-16.75,#62B3C5
68.5625,-16.875,105.875,#B0AD00
68.5625,-14.0,86.125,#B3AC00
68.5625,-4.875,-50.5,#36AFFF
68.5625,1.5,117.125,#CDA300
68.5625,2.25,8.0,#B1A599
68.5625,3.5,78.75,#CDA200
68.5625,6.875,21.875,#C2A280
68.5625,8.75,57.5,#D19F3A
68.5625,10.125,-37.0,#92A5EA
68.5625,16.625,-41.0,#9BA1F1
68.5625,17.75,16.75,#D19B8A
68.5625,27.125,25.5,#E3947B
68.5625,31.25,-53.5,#A998FF
68.5625,32.25,22.0,#E99081
68.5625,34.375,-46.875,#B995FC
68.5625,37.375,2.0,#E78DA5
68.5625,39.125,-29.75,#D48FDE
68.5625,64.0,34.875,#FF6E6C
68.5625,71.375,-24.875,#FF6AD6
68.5625,74.625,-10.25,#FF63BC
68.5625,75.75,16.625,#FF5D8D
68.5625,80.625,-42.25,#FF5FF5
68.5625,88.25,-28.625,#FF4CDD
68.625,-103.375,62.125,#00CB1E
68.625,-9.25,53.0,#B4AA42
68.625,23.25,69.75,#E99518
68.625,64.5,86.0,#FF6B00
68.625,71.125,82.875,#FF6100
68.6875,-90.25,97.0,#00C800
68.6875,-23.875,95.0,#A4B100
68.6875,73.375,56.5,#FF5E45
68.75,-101.875,34.875,#00CC64
68.75,-51.5,73.5,#67BD00
68.75,36.75,-9.75,#E08FBA
68.8125,-122.375,29.125,#00D16E
68.8125,-82.75,98.875,#00C600
68.8125,-75.5,100.375,#00C400
68.8125,-62.5,103.5,#50C000
68.8125,-1.0,12.25,#AFA892
68.8125,14.25,107.375,#E09B00
68.8125,24.0,-53.625,#989EFF
68.8125,36.75,103.875,#FF8A00
68.8125,46.5,107.875,#FF8100
68.8125,87.5,-20.25,#FF4DCF
68.875,-102.625,70.125,#00CC00
68.875,38.0,91.75,#FF8900
68.9375,-102.375,89.125,#00CC00
68.9375,-94.0,91.0,#00CA00
68.9375,-93.75,54.625,#00CA38
68.9375,-93.25,62.375,#00CA1F
68.9375,-38.125,-29.0,#00BDDB
68.9375,-37.875,-19.0,#00BCC9
68.9375,51.75,-26.125,#ED83D8
69.0,-89.125,47.25,#00C94B
69.0,-45.625,113.75,#7DBB00
69.0,-36.375,71.5,#89B700
69.0,49.875,29.875,#FF8075
69.0,51.0,-49.0,#D788FF
69.0,61.875,-37.0,#F57AEC
69.0625,-21.375,-43.25,#00B7F6
69.0625,8.375,106.125,#D8A000
69.125,-82.125,18.75,#00C984
69.125,-44.5,45.875,#6CBC51
69.125,-33.875,21.125,#72B881
69.1875,-89.75,86.625,#00C900
69.1875,-77.75,83.375,#00C600
69.1875,-48.125,106.875,#78BC00
69.1875,-45.875,69.5,#75BC00
69.1875,-31.25,-17.75,#29BAC8
69.1875,24.375,46.125,#E79655
69.1875,27.5,-35.875,#BA9AEA
69.1875,28.75,93.75,#F59200
69.25,-106.75,83.375,#00CE00
69.25,-19.75,89.75,#ACB000
69.25,13.125,-14.625,#B5A2C4
69.25,14.75,56.5,#DC9D3F
69.25,34.0,29.25,#F09076
69.25,73.375,-38.125,#FF6CF0
69.3125,-65.125,97.125,#47C300
69.3125,-56.625,105.125,#63C000
69.3125,-33.5,58.875,#8CB733
69.3125,-2.375,-10.25,#9BABBC
69.3125,24.25,31.875,#E39771
69.3125,33.625,52.5,#F68F4A
69.3125,55.625,-9.0,#FF7EBB
69.3125,77.625,-30.625,#FF64E2
69.375,-81.125,48.375,#00C849
69.375,-37.0,81.625,#8CB900
69.375,13.75,21.875,#CF9F83
69.375,58.25,39.0,#FF7766
69.4375,-85.375,82.25,#00C900
69.4375,-67.875,90.625,#39C400
69.4375,-8.5,82.375,#BEAB00
69.4375,-0.125,48.625,#C4A74F
69.4375,56.75,-21.625,#F97FD2
69.4375,68.875,-12.75,#FF6EC3
69.5,-128.0,56.5,#00D332
69.5,-123.0,70.375,#00D200
69.5,-111.375,101.0,#00CF00
69.5,-108.625,-0.25,#00D1A8
69.5,-108.5,68.875,#00CF00
69.5,-103.0,103.75,#00CD00
69.5,-87.5,12.875,#00CC90
69.5,-85.25,75.625,#00C900
69.5,-83.125,64.375,#00C91A
69.5,-80.5,-8.5,#00CBB7
69.5,-76.0,62.0,#00C725
69.5,-75.125,-11.5,#00CABD
69.5,-69.25,59.625,#00C52E
69.5,-65.5,5.5,#00C69E
69.5,-53.0,47.25,#55C04E
69.5,-51.75,-28.5,#00C3DC
69.5,-39.375,30.875,#6EBB70
69.5,-21.75,56.875,#A2B33A
69.5,-10.875,118.625,#BDAC00
69.5,3.625,65.625,#CEA525
69.5,5.875,-12.625,#AAA7C1
69.5,7.375,9.875,#BEA598
69.5,12.75,89.375,#DF9E00
69.5,14.25,69.5,#DF9E1A
69.5,15.75,3.0,#C8A0A5
69.5,17.75,-4.875,#C69FB3
69.5,19.125,52.375,#E29B49
69.5,24.75,-6.5,#D19AB6
69.5,26.875,7.125,#DD979E
69.5,27.625,117.75,#F59300
69.5,30.5,46.375,#F19256
69.5,37.875,61.875,#FF8B36
69.5,42.75,-10.75,#EB8CBE
69.5,48.75,47.25,#FF8256
69.5,57.75,-15.625,#FF7DC8
69.5,57.875,57.125,#FF7744
69.5,62.625,44.375,#FF715D
69.5,64.5,-0.375,#FF73AD
69.5,68.125,49.0,#FF6A55
69.5625,-7.125,94.125,#C2AB00
69.5625,49.75,10.75,#FF8399
69.5625,52.125,100.125,#FF7D00
69.625,44.75,67.625,#FF8528
69.6875,-128.0,14.0,#00D58D
69.6875,-73.875,17.125,#00C889
69.6875,-63.75,74.625,#44C300
69.6875,-23.375,8.5,#80B69A
69.6875,21.75,76.25,#EB9900
69.6875,29.125,35.5,#ED946B
69.6875,64.625,24.125,#FF7182
69.75,-122.375,18.25,#00D486
69.75,-111.75,32.5,#00D16B
69.75,-100.75,80.875,#00CE00
69.75,-15.375,-25.875,#61B5D9
69.75,22.375,109.375,#EF9800
69.75,32.375,76.875,#FA9100
69.75,50.75,82.125,#FF7F00
69.8125,-67.5,84.0,#39C500
69.8125,38.625,118.75,#FF8B00
69.8125,66.0,-28.875,#FF76E0
69.875,-117.125,35.5,#00D365
69.875,-26.75,41.75,#93B65C
69.875,-12.75,97.25,#BAAE00
69.875,1.625,-9.875,#A5ABBC
69.875,11.375,40.875,#D4A160
69.875,14.375,119.375,#E49E00
69.875,35.125,84.25,#FF8E00
69.9375,-11.25,26.25,#A8B07B
69.9375,57.25,73.25,#FF781B
69.9375,61.125,67.25,#FF742E
70.0,-96.25,11.125,#00CF94
70.0,-35.75,-41.25,#00C0F5
70.0,-29.5,-44.375,#00BEFB
70.0,-23.625,28.375,#92B676
70.0,81.75,-49.875,#FF63FF
70.0625,-98.5,2.125,#00D1A5
70.0625,-32.75,3.0,#60BBA5
70.0625,7.625,119.625,#DBA300
70.0625,42.375,46.0,#FF8959
70.0625,52.375,106.375,#FF7E00
70.125,-61.0,80.0,#52C400
70.125,-43.125,64.25,#7CBD24
70.125,10.375,-50.625,#7DAAFF
70.125,36.375,-23.5,#D994D7
70.125,57.625,32.125,#FF7A75
70.1875,-115.625,-5.125,#00D5B2
70.1875,-107.5,51.625,#00D143
70.1875,-50.0,92.75,#75C000
70.1875,-8.25,21.0,#ABAF85
70.1875,49.0,-16.625,#F388CB
70.25,-47.125,-24.625,#00C3D7
70.25,13.25,46.75,#DAA156
70.25,26.0,55.625,#EF9845
70.25,55.5,6.375,#FF7FA3
70.3125,-122.25,9.125,#00D698
70.3125,-33.0,44.125,#89BA58
70.3125,41.0,-39.75,#D393F5
70.375,-38.0,7.25,#56BE9E
70.375,25.625,-29.75,#C19EE2
70.375,43.0,12.625,#FA8C97
70.375,59.875,-43.25,#F081FC
70.4375,-56.0,-1.125,#00C5AD
70.4375,-3.0,65.875,#C7AB26
70.4375,25.5,-18.125,#CC9DCE
70.4375,61.5,5.125,#FF79A6
70.4375,67.25,-20.5,#FF75D3
70.4375,80.375,-14.5,#FF60C9
70.5,-21.375,46.5,#A2B554
70.5,-14.625,-44.875,#00B8FD
70.5,-4.875,-34.25,#73B2EA
70.5,1.125,0.125,#AFACAC
70.5,54.625,-35.5,#EF86EE
70.5625,-117.5,2.25,#00D6A6
70.5625,-111.375,26.5,#00D478
70.5625,-105.125,-15.375,#00D5C6
70.5625,-104.625,20.75,#00D383
70.5625,-101.625,14.875,#00D28F
70.5625,-100.125,-19.375,#00D4CD
70.5625,-95.25,-23.125,#00D3D4
70.5625,-95.125,108.375,#00CF00
70.5625,-92.875,38.625,#00CF61
70.5625,-88.25,-28.5,#00D1DE
70.5625,-84.25,36.25,#00CD66
70.5625,-81.875,-23.375,#00CFD5
70.5625,-81.375,-33.5,#00D0E8
70.5625,-67.75,-43.125,#00CDF9
70.5625,-65.375,53.125,#26C743
70.5625,-59.75,-21.0,#00C8D1
70.5625,-57.125,64.125,#58C424
70.5625,-55.625,22.75,#1DC481
70.5625,-48.625,-40.125,#00C6F4
70.5625,-47.375,-46.25,#00C6FF
70.5625,-46.75,31.75,#5CC170
70.5625,-44.875,-12.125,#00C3C1
70.5625,-40.25,-49.75,#00C4FF
70.5625,-37.75,48.5,#81BD4F
70.5625,-29.75,34.375,#8ABA6C
70.5625,-14.375,48.375,#AFB251
70.5625,-10.75,-1.875,#95B3B0
70.5625,-8.125,-39.875,#59B5F5
70.5625,-3.625,85.75,#C9AB00
70.5625,-2.75,-44.875,#60B2FE
70.5625,-2.375,-0.875,#A7AEAE
70.5625,0.75,100.625,#D2A900
70.5625,2.625,-29.75,#90AEE2
70.5625,25.375,98.75,#F59800
70.5625,36.625,110.25,#FF8F00
70.5625,51.875,17.375,#FF8390
70.5625,58.625,85.375,#FF7800
70.5625,75.125,7.125,#FF66A3
70.5625,76.375,24.25,#FF6285
70.5625,83.0,-6.25,#FF5ABB
70.625,-51.375,61.5,#67C22D
70.625,-36.375,105.625,#94BB00
70.625,-29.25,71.875,#9CB900
70.6875,-59.5,115.5,#61C400
70.6875,-29.75,-38.125,#00BFF1
70.75,32.0,-0.5,#E497AF
70.8125,-117.0,85.5,#00D500
70.8125,-113.25,16.25,#00D58C
70.8125,-53.25,116.0,#72C300
70.8125,42.5,102.25,#FF8A00
70.8125,74.625,-18.75,#FF6BD1
70.875,-98.375,-9.75,#00D4BD
70.875,-38.625,89.375,#8FBD00
70.875,-21.5,-8.875,#72B9BD
70.875,9.5,-21.0,#ACA9D4
70.875,47.0,-1.75,#FB8AB2
70.9375,-11.25,34.875,#B0B26D
70.9375,24.0,14.0,#E09D95
71.0,-49.625,22.125,#44C484
71.0,-43.875,37.5,#6CC166
71.0,-2.75,23.375,#B9AE83
71.0,63.5,59.0,#FF7444
71.0625,-87.5,110.625,#00CE00
71.0625,-3.75,6.0,#ACB0A3
71.0625,30.375,65.0,#FA9631
71.125,-84.625,43.125,#00CE59
71.125,63.75,-8.625,#FF79C0
71.125,80.5,-24.5,#FF63DD
71.1875,-87.625,70.125,#00CF00
71.1875,-80.25,112.75,#00CC00
71.1875,-72.25,28.75,#00CC77
71.1875,-64.375,-26.25,#00CCDC
71.1875,-62.625,-36.875,#00CDF0
71.1875,-61.0,-47.75,#00CDFF
71.1875,-12.375,-17.625,#7EB6CE
71.25,-56.25,-9.0,#00C8BD
71.25,-6.125,11.875,#ACB199
71.25,13.25,78.75,#E4A300
71.25,46.0,116.625,#FF8800
71.25,49.0,121.875,#FF8400
71.3125,-113.375,72.875,#00D500
71.3125,-87.75,26.375,#00D07B
71.3125,-66.25,115.25,#4EC800
71.3125,-62.875,110.125,#59C700
71.3125,-34.0,28.875,#7FBE78
71.3125,20.5,-36.125,#B2A5F0
71.3125,33.125,98.75,#FF9400
71.375,-112.125,81.75,#00D500
71.375,-24.125,111.625,#ADB800
71.375,32.5,-33.375,#CD9CEC
71.375,55.875,122.125,#FF7D00
71.4375,-114.875,94.375,#00D600
71.4375,-92.0,74.25,#00D100
71.4375,-43.625,75.25,#82C100
71.4375,-33.625,53.25,#8FBD47
71.4375,-16.375,9.875,#96B79C
71.4375,18.25,102.375,#EEA000
71.5,-128.0,89.0,#00D900
71.5,-123.0,95.875,#00D800
71.5,-122.75,50.5,#00D848
71.5,-117.75,55.375,#00D73C
71.5,-112.75,60.125,#00D62E
71.5,-112.375,44.25,#00D657
71.5,-109.5,6.75,#00D7A0
71.5,-107.125,41.125,#00D55E
71.5,-98.5,57.875,#00D336
71.5,-97.75,49.375,#00D34C
71.5,-88.5,-13.25,#00D3C5
71.5,-85.25,91.25,#00CF00
71.5,-83.25,3.375,#00D1A7
71.5,-76.25,71.875,#00CC00
71.5,-73.625,87.25,#1CCC00
71.5,-73.25,41.75,#00CC5E
71.5,-73.25,77.5,#10CC00
71.5,-53.5,12.25,#00C797
71.5,-52.75,54.125,#61C544
71.5,-27.375,85.75,#A5BA00
71.5,-26.5,-23.875,#39BEDA
71.5,-25.125,-17.75,#55BDCF
71.5,-19.5,83.0,#B2B600
71.5,-17.875,65.375,#B1B629
71.5,-17.625,121.0,#B9B500
71.5,-16.75,-4.75,#86B8B7
71.5,-12.5,62.25,#B9B333
71.5,-10.25,104.375,#C4B100
71.5,-5.125,40.625,#BFB064
71.5,-4.875,116.375,#CDAE00
71.5,-3.625,55.375,#C6AF45
71.5,-1.5,121.875,#D2AC00
71.5,1.125,-17.25,#A0B0CE
71.5,1.125,111.875,#D6AB00
71.5,3.625,53.875,#D1AA49
71.5,6.25,-41.25,#88AFFA
71.5,6.375,74.375,#DAA802
71.5,6.625,4.25,#BFABA8
71.5,14.625,-30.875,#ACA9E7
71.5,21.625,26.0,#E39F81
71.5,22.5,37.5,#E99E6C
71.5,24.625,-48.0,#ABA4FF
71.5,25.0,20.0,#E69D8C
71.5,30.375,-41.125,#C09FFA
71.5,36.125,11.875,#F3959B
71.5,42.625,-24.25,#E793DC
71.5,47.125,-29.125,#EA8FE5
71.5,49.875,94.875,#FF8400
71.5,52.25,41.5,#FF8466
71.5,60.125,98.625,#FF7900
71.5,60.25,-26.5,#FF81E1
71.5,60.625,107.75,#FF7800
71.5,83.5,-33.375,#FF61EE
71.5,89.5,-43.25,#FF58FF
71.5625,9.875,-1.875,#C0A9B3
71.5625,12.125,32.875,#D8A674
71.5625,18.875,88.125,#EEA000
71.5625,32.375,121.625,#FF9500
71.625,-73.0,-1.75,#00CEB1
71.625,-58.375,49.375,#4AC84F
71.625,23.875,-41.25,#B3A4FB
71.6875,-57.125,84.75,#65C700
71.6875,17.625,-23.0,#BCA7DA
71.6875,24.375,-12.125,#D2A1C6
71.75,-79.0,-0.875,#00D1AF
71.75,-47.5,-32.125,#00C8E9
71.75,37.5,73.625,#FF9119
71.75,43.125,87.5,#FF8C00
71.75,55.375,64.25,#FF8039
71.75,67.125,74.0,#FF7121
71.8125,-128.0,45.625,#00DA54
71.8125,-72.0,11.375,#00CE99
71.8125,-44.375,51.25,#77C34C
71.8125,-19.125,-36.75,#2CBDF2
71.8125,6.125,45.625,#D4AA5C
71.8125,39.625,17.375,#FC9292
71.875,-128.0,24.375,#00DB7F
71.875,-128.0,79.375,#00DA00
71.875,-33.75,-48.625,#00C5FF
71.875,-23.5,-30.125,#30BFE6
71.875,41.625,27.875,#FF9080
71.875,57.125,24.75,#FF8086
71.9375,-123.0,75.875,#00D900
71.9375,-122.875,58.5,#00DA34
71.9375,-101.875,98.0,#00D400
71.9375,25.375,122.75,#FA9B00
71.9375,32.375,7.0,#EC9AA5
71.9375,43.125,-48.25,#D297FF
71.9375,62.125,19.125,#FF7B91
72.0,-52.125,40.5,#58C763
72.0,-34.25,112.25,#9DBE00
72.0,-17.375,72.5,#B5B708
72.0,17.875,8.375,#D6A5A2
72.0,47.125,4.75,#FF8DAA
72.0625,-106.375,92.375,#00D600
72.0625,-8.75,5.25,#A4B5A7
72.0625,-7.75,111.0,#CAB100
72.0625,8.625,27.625,#D1AA7F
72.0625,72.0,-6.125,#FF71BE
72.125,-42.125,-36.375,#00C8F2
72.125,8.25,111.875,#E2A800
72.125,13.75,62.625,#E5A537
72.125,43.625,39.0,#FF8E6C
72.125,72.375,38.0,#FF6C70
72.1875,-90.0,-0.5,#00D5B0
72.1875,-67.75,-13.75,#00CFC8
72.1875,1.375,40.25,#CBAE67
72.1875,7.0,15.25,#C8AC96
72.3125,-99.125,66.625,#00D519
72.3125,-61.375,27.25,#00CB7D
72.3125,-59.75,40.75,#3ACA63
72.3125,2.25,15.625,#C1AF95
72.3125,41.875,58.375,#FF8F46
72.375,-96.875,28.5,#00D67A
72.375,-89.75,58.875,#00D337
72.375,-66.25,-6.625,#00CFBC
72.375,-66.0,39.375,#00CD65
72.375,-62.375,1.25,#00CDAD
72.375,-21.625,-48.625,#00C1FF
72.375,18.25,-14.75,#C7A7CD
72.4375,-65.75,23.125,#00CD85
72.4375,-32.125,13.625,#77C198
72.5,-39.75,56.25,#86C342
72.5,-36.25,-33.625,#00C6EE
72.5,-35.875,36.75,#84C26C
72.5,-20.75,103.5,#B6B900
72.5,-10.375,-30.125,#70BAE8
72.5,2.75,-47.625,#73B5FF
72.5,8.0,-28.75,#A3B0E6
72.5,10.0,100.25,#E5A800
72.5,76.75,0.875,#FF6AB3
72.5625,-128.0,62.0,#00DC2A
72.5625,-122.5,35.875,#00DC6B
72.5625,-97.875,75.5,#00D500
72.5625,-87.375,18.5,#00D48D
72.5625,-81.375,-13.625,#00D4C9
72.5625,-81.0,13.625,#00D397
72.5625,-77.625,104.625,#05D000
72.5625,-71.125,-24.625,#00D2DD
72.5625,-52.5,67.5,#6DC81E
72.5625,-48.625,98.125,#80C600
72.5625,-47.875,9.625,#34C89F
72.5625,-45.625,-1.125,#0FC8B3
72.5625,-44.625,-19.5,#00C9D4
72.5625,-43.125,120.625,#8EC300
72.5625,-43.0,93.625,#8BC400
72.5625,-42.25,13.625,#58C698
72.5625,-40.125,-5.125,#32C6BA
72.5625,-37.75,98.5,#97C100
72.5625,-37.625,17.875,#6DC390
72.5625,-35.0,121.125,#9EC000
72.5625,-27.875,98.25,#A9BD00
72.5625,-27.0,-11.375,#60C1C6
72.5625,-25.875,0.75,#78BFB0
72.5625,-25.375,14.75,#8ABE96
72.5625,-25.0,121.875,#B0BC00
72.5625,-21.5,40.375,#A4BB66
72.5625,-17.25,94.25,#BBB800
72.5625,-16.375,110.375,#BEB700
72.5625,-16.125,30.375,#A9B97A
72.5625,-11.5,90.0,#C4B500
72.5625,7.625,82.625,#E0AA00
72.5625,18.875,46.0,#E9A35E
72.5625,19.625,66.75,#EFA22F
72.5625,30.375,-14.5,#DD9FCD
72.5625,40.5,6.125,#FA94A8
72.5625,46.5,19.875,#FF8E90
72.5625,52.25,56.75,#FF864B
72.5625,52.5,1.25,#FF89B2
72.5625,71.5,11.5,#FF71A0
72.5625,73.875,-43.75,#FF76FF
72.625,-96.25,83.625,#00D500
72.625,-40.5,109.5,#93C300
72.625,-23.75,21.0,#93BD8B
72.625,-18.375,17.75,#9CBB91
72.625,71.75,21.0,#FF7090
72.6875,-76.375,56.0,#00D040
72.6875,-34.75,65.75,#95C129
72.6875,-31.125,-4.125,#60C2B9
72.6875,-16.5,57.125,#B4B943
72.6875,39.875,-18.875,#EA98D6
72.75,-81.5,79.0,#00D200
72.75,-32.625,79.25,#9EC000
72.75,38.75,124.375,#FF9200
72.8125,-128.0,70.625,#00DD00
72.8125,-48.0,82.875,#7FC600
72.8125,59.875,11.25,#FF81A1
72.8125,60.5,52.5,#FF7D55
72.8125,65.5,-45.25,#FF82FF
72.8125,72.75,-30.75,#FF76ED
72.875,-107.75,57.0,#00D93C
72.875,-83.125,57.875,#00D33B
72.875,-70.125,95.0,#40CE00
72.875,-37.5,0.625,#52C5B1
72.9375,-84.75,102.75,#00D300
72.9375,-70.625,105.875,#41CF00
72.9375,11.125,-45.375,#92B1FF
72.9375,18.75,122.125,#F4A300
72.9375,69.75,-0.625,#FF76B7
73.0,-62.625,58.75,#47CD3B
73.0,-58.5,70.875,#5FCB0B
73.0,-50.125,-15.75,#00CCCE
73.0625,-92.5,6.125,#00D8A6
73.0625,-7.0,49.625,#C3B555
73.125,-18.375,-20.375,#6CBFD8
73.125,0.75,82.5,#D8B000
73.125,21.875,2.625,#DCA5B0
73.125,34.75,41.875,#FF9968
73.125,40.75,-6.375,#F597C0
73.1875,-112.625,52.5,#00DB48
73.1875,-70.25,5.25,#00D2A8
73.1875,-58.25,-32.875,#00D0EE
73.1875,-43.375,24.5,#66C785
73.1875,-3.875,-17.5,#99B7D3
73.1875,-0.25,-39.375,#7EB7FB
73.1875,34.25,-6.5,#EB9DC1
73.25,-123.125,85.75,#00DD00
73.25,-60.625,14.875,#00CE97
73.25,-39.5,-22.875,#00C9DC
73.25,-10.625,73.5,#C4B70D
73.25,-8.875,-10.875,#96BAC7
73.25,-4.375,102.25,#D2B300
73.25,3.5,30.625,#CEB07C
73.25,12.5,-7.625,#C5ADC2
73.25,27.75,108.625,#FF9D00
73.25,77.875,-38.25,#FF71FC
73.3125,-76.875,93.375,#0DD200
73.3125,-50.25,77.25,#79C900
73.3125,-42.625,4.75,#46C8AA
73.3125,-6.625,-23.25,#8ABADE
73.3125,69.0,-37.25,#FF7DFA
73.375,-51.5,3.125,#00CCAD
73.4375,-128.0,38.625,#00E067
73.4375,-111.875,37.25,#00DC6A
73.4375,-102.75,53.375,#00DA47
73.4375,-74.25,110.875,#33D100
73.4375,-65.375,33.5,#00D074
73.4375,-40.25,42.5,#80C663
73.4375,-24.0,71.0,#ADBE18
73.4375,12.0,123.625,#ECA900
73.4375,24.625,50.375,#F6A158
73.4375,47.875,75.375,#FF8C1C
73.4375,54.0,49.5,#FF875C
73.4375,60.875,-19.875,#FF85DA
73.5,-121.375,23.5,#00DF85
73.5,-117.875,65.75,#00DD20
73.5,-108.625,76.5,#00DB00
73.5,-108.0,-8.75,#00DEC2
73.5,-106.75,32.25,#00DB75
73.5,-103.375,-1.0,#00DCB4
73.5,-100.375,8.125,#00DBA3
73.5,-93.625,18.25,#00D990
73.5,-93.625,103.125,#00D700
73.5,-91.0,80.5,#00D600
73.5,-89.375,52.625,#00D64A
73.5,-79.875,32.25,#00D476
73.5,-78.5,24.125,#00D485
73.5,-74.375,-30.5,#00D6EB
73.5,-74.125,-16.5,#00D5D1
73.5,-71.75,-37.875,#00D6F8
73.5,-71.25,64.75,#1CD12A
73.5,-68.25,-30.375,#00D4EA
73.5,-58.875,91.5,#68CC00
73.5,-56.125,-41.375,#00D1FF
73.5,-33.75,-11.75,#44C6C9
73.5,-30.75,7.75,#77C4A5
73.5,-29.875,23.625,#8AC288
73.5,-27.125,104.875,#AEBF00
73.5,-25.625,49.5,#A3BF55
73.5,-20.0,2.875,#8CBFAF
73.5,-11.0,41.5,#BAB867
73.5,-10.375,124.25,#CBB700
73.5,-8.0,30.125,#BAB77D
73.5,-1.625,91.125,#D6B200
73.5,1.5,59.625,#D5B141
73.5,3.0,-23.375,#A2B5DF
73.5,11.25,52.875,#E3AB51
73.5,17.375,112.0,#F4A600
73.5,26.75,71.75,#FD9F23
73.5,28.5,30.0,#F59F7F
73.5,41.125,95.625,#FF9200
73.5,45.5,52.0,#FF8F57
73.5,46.875,-43.125,#E397FF
73.5,51.25,88.25,#FF8800
73.5,51.875,70.0,#FF882F
73.5,53.125,-44.75,#EC91FF
73.5,57.125,91.875,#FF8200
73.5,66.25,29.25,#FF7983
73.5,68.75,42.75,#FF756B
73.5625,-117.375,41.625,#00DE61
73.5625,-115.125,21.25,#00DE8A
73.5625,-56.5,97.625,#70CC00
73.5625,14.375,16.875,#DAAB97
73.5625,34.125,115.5,#FF9900
73.5625,43.875,111.5,#FF9000
73.625,-117.0,27.75,#00DE7E
73.625,23.375,59.875,#F7A244
73.625,36.625,24.125,#FF998B
73.6875,-68.625,70.75,#39D00E
73.6875,24.75,83.625,#FDA100
73.75,-105.625,25.75,#00DC82
73.75,-25.5,80.5,#AEBF00
73.75,5.75,89.125,#E2AE00
73.75,27.75,-22.625,#D5A5DF
73.8125,-66.0,101.5,#56D000
73.8125,-32.5,-21.375,#20C7DB
73.8125,33.125,56.5,#FF9B4D
73.875,-82.5,71.75,#00D500
73.875,34.0,17.0,#F99D98
73.9375,-97.5,40.5,#00DA66
73.9375,-44.625,103.25,#8EC800
73.9375,58.625,-11.625,#FF88CD
73.9375,65.5,37.125,#FF7B76
73.9375,66.125,8.125,#FF7DAA
74.0,-4.75,61.375,#CDB63D
74.0,9.125,94.5,#E8AD00
74.0,29.125,90.125,#FF9E00
74.0625,51.375,32.75,#FF8C7D
74.0625,55.625,-3.75,#FF8BBF
74.0625,59.25,-34.0,#FF8AF6
74.0625,65.125,-13.75,#FF81D1
74.125,-96.75,95.75,#00DA00
74.125,-59.75,102.75,#6ACE00
74.125,-53.5,103.25,#7ACC00
74.125,12.625,-25.375,#B6B1E5
74.125,15.375,-39.125,#AAB0FE
74.125,23.875,113.25,#FFA200
74.125,30.625,23.75,#F8A08C
74.125,38.5,-32.0,#E19EF2
74.1875,-103.75,72.75,#00DC00
74.1875,-38.875,78.5,#95C700
74.1875,-18.625,24.75,#A5BF88
74.1875,-3.125,77.125,#D4B500
74.1875,35.25,91.125,#FF9A00
74.1875,57.75,77.5,#FF831A
74.25,-73.0,-8.5,#00D6C4
74.25,-66.0,47.875,#28D258
74.25,-64.5,89.375,#58D000
74.25,-50.75,108.75,#82CB00
74.25,4.875,103.0,#E3B000
74.25,7.625,59.125,#E1AF45
74.25,10.5,-35.125,#A5B3F7
74.25,15.25,28.5,#E3AB83
74.25,16.875,97.25,#F5A800
74.25,42.5,0.375,#FF98B7
74.25,53.125,-22.0,#FF90E0
74.3125,-122.625,44.625,#00E15D
74.3125,17.875,22.25,#E4AA8F
74.3125,50.875,-38.25,#F194FE
74.375,-109.25,19.0,#00DF91
74.375,-60.125,20.75,#00D18F
74.375,-56.875,108.375,#73CE00
74.375,-34.25,93.625,#A2C500
74.375,10.875,10.625,#D2AFA4
74.4375,-117.625,11.0,#00E2A0
74.4375,-112.5,89.75,#00DE00
74.4375,-102.5,47.125,#00DD58
74.4375,-99.875,88.75,#00DB00
74.4375,-89.5,98.625,#00D900
74.4375,10.25,-13.625,#BFB2D0
74.4375,19.75,-44.625,#ADAFFF
74.4375,46.125,-10.125,#FF96CB
74.4375,46.375,61.75,#FF9144
74.4375,48.0,13.875,#FF92A0
74.4375,52.625,-9.875,#FF8FCB
74.5,-117.5,49.25,#00E053
74.5,-88.5,34.625,#00DA73
74.5,-80.625,39.0,#00D76B
74.5,-72.75,33.75,#00D576
74.5,-52.25,-5.875,#00D0C0
74.5,-50.875,120.125,#84CC00
74.5,-29.5,116.5,#AEC300
74.5,-12.5,-38.625,#57C1FE
74.5,4.25,-0.625,#BFB5B9
74.5,10.625,22.25,#D9AF8F
74.5625,-128.0,53.25,#00E349
74.5625,-116.75,101.125,#00E000
74.5625,-109.25,105.375,#00DE00
74.5625,-108.25,65.0,#00DE28
74.5625,-105.875,11.75,#00DF9F
74.5625,-100.75,107.75,#00DC00
74.5625,-92.0,88.5,#00DA00
74.5625,-86.875,64.375,#00D92D
74.5625,-80.0,85.5,#00D600
74.5625,-58.5,8.375,#00D2A6
74.5625,-55.875,-24.625,#00D3E3
74.5625,-52.5,30.375,#52CE7D
74.5625,-51.25,17.375,#3ECE96
74.5625,-39.25,-15.875,#00CCD3
74.5625,-30.5,61.125,#A1C43D
74.5625,-25.0,-43.625,#00C8FF
74.5625,-23.625,35.125,#A2C275
74.5625,-22.625,91.25,#B7C000
74.5625,-20.75,-14.25,#75C3D1
74.5625,-15.125,-10.125,#8BC0C9
74.5625,-12.5,18.625,#AEBD95
74.5625,-6.375,-0.5,#AABBB8
74.5625,0.375,6.75,#BEB7AB
74.5625,2.75,126.875,#E3B200
74.5625,17.0,73.625,#F3A91D
74.5625,19.375,-28.5,#C1AEEC
74.5625,27.75,2.25,#EAA5B4
74.5625,27.75,43.125,#FCA269
74.5625,28.25,-4.125,#E7A5C0
74.5625,32.5,104.5,#FF9D00
74.5625,36.875,31.0,#FF9B81
74.5625,37.75,-11.625,#F19ECE
74.5625,42.0,78.625,#FF950D
74.5625,49.75,24.875,#FF908D
74.5625,51.375,127.0,#FF8B00
74.5625,66.375,14.125,#FF7DA1
74.5625,68.75,-24.625,#FF7FE6
74.625,-103.375,61.375,#00DD35
74.625,4.625,-15.5,#B2B6D4
74.625,20.125,79.25,#F9A700
74.625,39.5,106.875,#FF9700
74.6875,-47.375,43.0,#71CC65
74.6875,-10.625,67.0,#C7BB2F
74.6875,60.5,40.75,#FF8371
74.75,-46.75,115.25,#8DCB00
74.75,11.625,70.875,#EBAD27
74.8125,-73.625,20.25,#00D790
74.8125,-50.25,49.75,#6FCE57
74.8125,-38.875,117.0,#9DC800
74.8125,-1.5,46.25,#D0B761
74.875,-94.375,62.5,#00DC33
74.875,-31.25,39.75,#96C66D
74.875,-19.125,125.75,#C1BF00
74.875,2.625,68.125,#DDB42E
74.875,43.0,-36.375,#E79DFC
74.9375,-88.875,46.375,#00DB5C
74.9375,-18.5,-43.625,#00C6FF
74.9375,-16.75,87.125,#C2BE00
74.9375,33.125,47.375,#FF9F62
75.0,-78.375,-21.25,#00DBDE
75.0,-65.125,77.125,#53D300
75.0,40.0,-43.375,#DAA1FF
75.0,51.25,117.75,#FF8C00
75.0625,-118.0,72.125,#00E200
75.0625,-65.0,7.75,#00D5A9
75.0625,-54.375,45.375,#5FD060
75.0625,-37.375,72.75,#99C913
75.0625,-9.625,84.25,#CDBB00
75.0625,-3.375,-4.75,#AEBBC1
75.125,-118.25,81.5,#00E200
75.1875,-119.0,92.125,#00E200
75.1875,-36.375,-27.625,#00CDEB
75.1875,-11.625,54.625,#C3BD50
75.1875,40.625,48.625,#FF9961
75.1875,47.0,-22.375,#FA98E3
75.25,-37.5,-43.625,#00CFFF
75.25,13.875,90.875,#F3AD00
75.25,57.25,35.25,#FF897C
75.3125,-67.375,110.375,#58D400
75.3125,-2.75,-10.75,#A9BCCD
75.375,-101.25,19.5,#00E092
75.375,-81.0,47.625,#00DA5B
75.375,-50.0,36.0,#64D074
75.375,-39.875,28.875,#7BCC83
75.375,-14.875,36.75,#B6C075
75.375,22.875,8.25,#E8AAAB
75.375,51.125,103.875,#FF8E00
75.4375,-83.375,-2.75,#00DDBD
75.4375,-51.875,-29.625,#00D4EF
75.4375,9.25,41.875,#E2B26C
75.4375,18.5,51.5,#F3AB5A
75.5,-128.0,30.375,#00E67D
75.5,-120.375,17.5,#00E596
75.5,-96.0,-2.375,#00E0BC
75.5,-95.125,112.75,#00DD00
75.5,-90.875,-6.5,#00DFC4
75.5,-90.875,12.75,#00DEA0
75.5,-87.875,115.625,#00DB00
75.5,-85.5,8.0,#00DDA9
75.5,-80.75,118.0,#05D900
75.5,-73.75,119.75,#42D700
75.5,-67.125,121.5,#5CD500
75.5,-63.25,-17.0,#00D8D8
75.5,-62.625,65.375,#55D42F
75.5,-60.625,122.625,#6FD200
75.5,-56.5,-17.75,#00D5D9
75.5,-53.25,89.375,#7CD000
75.5,-46.125,-8.875,#00D1C9
75.5,-45.75,57.375,#81CE47
75.5,-37.5,125.875,#A3C900
75.5,-29.75,126.75,#B1C600
75.5,-29.25,-31.25,#00CBF2
75.5,-26.0,65.5,#AEC534
75.5,-24.875,7.0,#8BC7AC
75.5,-20.875,11.5,#99C4A4
75.5,-13.5,0.75,#9FC1B8
75.5,-1.5,12.75,#C1BAA3
75.5,-0.875,97.625,#DEB700
75.5,1.625,-6.625,#B7BAC6
75.5,3.5,117.25,#E6B400
75.5,9.5,117.625,#EFB000
75.5,14.375,0.375,#D5B1BA
75.5,16.0,38.375,#EBAE74
75.5,19.75,33.125,#EFAB7E
75.5,20.5,-4.0,#DCADC2
75.5,22.375,91.375,#FFA700
75.5,25.125,102.875,#FFA500
75.5,27.375,77.625,#FFA411
75.5,27.625,-36.75,#CBABFE
75.5,28.5,12.125,#F3A6A5
75.5,29.5,127.0,#FFA200
75.5,32.25,81.5,#FFA000
75.5,34.625,63.625,#FF9E41
75.5,41.0,70.5,#FF9831
75.5,45.25,43.875,#FF966B
75.5,63.75,-3.625,#FF85C3
75.5,74.0,-14.25,#FF79D6
75.5625,5.75,8.625,#CBB6AB
75.5625,32.875,73.25,#FFA027
75.625,-14.625,103.875,#C9BF00
75.625,5.0,-33.125,#9FBAF7
75.625,36.75,-25.875,#E7A3EB
75.6875,-91.625,67.875,#00DD23
75.6875,-43.875,66.5,#8BCD2F
75.6875,-16.125,115.5,#C8C000
75.6875,78.0,-21.5,#FF75E4
75.75,-23.625,-36.0,#18CAFC
75.75,60.375,2.5,#FF89B8
75.875,-91.25,108.125,#00DD00
75.9375,-111.5,29.25,#00E481
75.9375,0.375,-28.25,#9CBDEF
75.9375,54.25,16.0,#FF8FA0
76.0625,-84.125,110.875,#00DC00
76.0625,-37.375,86.625,#A0CB00
76.0625,-23.0,115.25,#BEC400
76.0625,-6.625,-41.75,#6CC3FF
76.0625,-4.75,67.25,#D5BB33
76.0625,-3.0,20.125,#C5BC96
76.0625,28.875,119.75,#FFA400
76.125,-57.5,117.125,#79D300
76.125,-46.375,-25.75,#00D4EA
76.125,-38.875,63.0,#96CC3B
76.125,29.5,98.75,#FFA400
76.1875,-80.625,62.25,#00DC39
76.1875,-35.125,108.0,#A8CA00
76.1875,12.125,109.75,#F5B000
76.25,-59.125,36.25,#43D576
76.25,-19.625,-28.75,#5DC9F0
76.3125,-45.625,124.625,#95CF00
76.3125,-35.875,48.375,#95CC5E
76.3125,-20.625,45.0,#B2C566
76.3125,-5.75,-29.625,#8AC2F2
76.3125,20.25,126.875,#FFAB00
76.3125,24.375,-17.375,#DBAEDD
76.375,-74.875,7.375,#00DCAD
76.375,-59.0,-7.5,#00D8C9
76.375,-15.125,49.75,#BFC25D
76.375,0.625,26.375,#CFBA8C
76.4375,-67.5,58.0,#3CD846
76.4375,-56.75,62.75,#6AD43B
76.4375,-34.0,32.0,#8FCC80
76.4375,-30.25,73.25,#ABC919
76.5,-51.25,60.125,#78D243
76.5,-32.875,18.0,#85CC9A
76.5,21.25,-22.875,#D0B1E7
76.5,40.875,35.875,#FF9D7D
76.5625,-128.0,83.625,#00E800
76.5625,-117.75,58.875,#00E641
76.5625,-117.0,35.875,#00E775
76.5625,-114.375,3.25,#00E8B4
76.5625,-109.625,-1.75,#00E7BD
76.5625,-100.25,-10.75,#00E5CE
76.5625,-97.0,34.75,#00E278
76.5625,-95.75,-14.75,#00E4D6
76.5625,-92.0,28.875,#00E184
76.5625,-89.125,-20.5,#00E3E1
76.5625,-86.75,23.375,#00E08F
76.5625,-82.875,-25.75,#00E1EA
76.5625,-82.875,94.375,#00DD00
76.5625,-76.625,77.75,#14DB00
76.5625,-75.375,50.5,#00DB58
76.5625,-71.375,26.0,#00DB8A
76.5625,-70.75,80.625,#43D900
76.5625,-68.625,-0.5,#00DBBC
76.5625,-56.5,81.25,#74D400
76.5625,-48.375,26.0,#61D38B
76.5625,-47.125,-39.875,#00D7FF
76.5625,-44.625,18.125,#62D29A
76.5625,-44.375,86.875,#93CF00
76.5625,-29.125,110.0,#B4C900
76.5625,-27.5,29.5,#9CCA85
76.5625,-24.625,-4.75,#7FCAC5
76.5625,-22.25,99.0,#BFC500
76.5625,-15.125,76.5,#C7C209
76.5625,-14.0,7.125,#A7C4AF
76.5625,-12.0,-26.0,#7FC6EC
76.5625,-12.0,94.75,#D0C000
76.5625,-9.625,100.375,#D4BF00
76.5625,-8.375,10.125,#B5C1AA
76.5625,-2.0,52.25,#D7BB59
76.5625,-1.25,1.75,#BCBDBA
76.5625,9.875,76.75,#EFB314
76.5625,12.25,85.25,#F4B200
76.5625,17.25,12.375,#E4B1A7
76.5625,31.0,35.125,#FFA57E
76.5625,41.0,101.0,#FF9B00
76.5625,45.0,120.5,#FF9700
76.5625,48.375,98.625,#FF9400
76.5625,52.375,8.75,#FF94AF
76.5625,61.625,26.375,#FF8890
76.5625,66.125,-30.75,#FF89F7
76.5625,67.25,21.875,#FF8198
76.625,-83.0,17.75,#00DF9A
76.625,-8.0,116.375,#D8BE00
76.625,39.5,54.875,#FF9D58
76.6875,-105.125,96.25,#00E300
76.6875,-103.5,84.5,#00E300
76.6875,-19.25,68.125,#BFC530
76.6875,7.625,64.625,#EAB53E
76.75,-128.0,20.875,#00EA93
76.75,-122.875,62.125,#00E838
76.75,-107.625,52.25,#00E553
76.75,-24.5,-21.75,#5DCCE5
76.75,-13.25,-19.75,#87C6E1
76.8125,-5.0,4.625,#B8C0B5
76.875,-107.25,44.375,#00E565
76.875,-4.25,121.875,#DFBC00
76.875,-3.25,85.0,#DDBC00
76.9375,-62.25,84.5,#67D700
76.9375,-55.375,54.375,#6AD551
76.9375,3.875,73.875,#E7B822
76.9375,10.375,48.0,#EAB564
76.9375,53.5,-27.375,#FF98F2
77.0,-106.75,37.125,#00E674
77.0,-99.0,80.5,#00E300
77.0,-64.0,-35.875,#00DEFF
77.0,-30.0,-8.625,#68CECD
77.0,-26.375,-15.625,#66CDDA
77.0,-6.5,91.625,#D9BE00
77.0,38.375,113.0,#FF9E00
77.0,41.75,84.875,#FF9C00
77.0625,7.875,-7.0,#C7BACB
77.0625,57.625,21.75,#FF8E99
77.125,-69.375,-17.125,#00DEDC
77.125,-52.375,7.75,#1AD7AE
77.125,-41.375,-1.125,#4AD3BF
77.125,-0.75,113.0,#E5BB00
77.125,5.75,53.625,#E5B859
77.125,18.625,58.75,#FAAF4F
77.1875,-112.375,47.625,#00E75E
77.1875,-80.5,102.0,#11DE00
77.1875,-52.5,71.375,#7DD520
77.1875,-23.0,75.625,#BBC811
77.1875,-18.625,-5.375,#90C9C8
77.1875,-15.625,61.0,#C4C446
77.1875,-10.875,110.375,#D5C100
77.1875,5.0,97.5,#EDB800
77.1875,35.25,7.875,#FFA5B2
77.1875,56.125,56.875,#FF8E57
77.25,-111.0,80.875,#00E700
77.25,-67.5,-10.5,#00DED0
77.25,-4.625,33.375,#CCBF81
77.25,-4.625,106.75,#DFBE00
77.25,46.5,-16.75,#FF9EDF
77.25,73.0,-3.25,#FF7EC7
77.3125,-98.125,53.125,#00E453
77.3125,-95.75,22.375,#00E492
77.3125,-38.625,13.0,#71D1A6
77.3125,-11.875,-4.75,#A1C6C7
77.3125,15.75,65.0,#F8B240
77.3125,26.625,20.125,#FAAC9B
77.3125,39.5,43.125,#FFA071
77.375,-94.375,76.5,#00E300
77.375,-66.125,115.875,#65DA00
77.375,-64.625,27.125,#00DB8A
77.375,-61.5,98.0,#6FD800
77.375,-55.375,22.875,#3FD893
77.4375,-122.75,53.875,#00EA50
77.4375,-101.375,27.875,#00E688
77.4375,-43.375,75.875,#94D207
77.4375,4.0,-38.875,#98C0FF
77.4375,31.125,-27.0,#E2ADF2
77.4375,52.75,40.5,#FF9377
77.4375,57.25,65.125,#FF8D46
77.5,-128.0,66.375,#00EB2C
77.5,-128.0,75.25,#00EB00
77.5,-125.0,92.75,#00EA00
77.5,-108.5,70.375,#00E71C
77.5,-97.125,4.0,#00E6B5
77.5,-86.0,78.5,#00E100
77.5,-78.875,-6.25,#00E2C9
77.5,-75.0,71.875,#22DD1B
77.5,-68.0,13.25,#00DDA5
77.5,-65.5,-23.75,#00DFEA
77.5,-61.125,-29.125,#00DEF4
77.5,-58.75,1.0,#00DBBC
77.5,-51.375,126.375,#8CD500
77.5,-45.5,109.5,#97D200
77.5,-40.375,-32.625,#00D6FB
77.5,-37.625,-8.375,#49D3CE
77.5,-36.625,22.625,#83D194
77.5,-35.625,-38.125,#00D4FF
77.5,-28.0,84.5,#B5CB00
77.5,-21.125,55.625,#B9C853
77.5,-2.125,-34.75,#8EC4FF
77.5,0.0,-18.875,#ACC1E2
77.5,3.25,36.25,#DCBB7C
77.5,7.0,-25.5,#B3BDEE
77.5,8.125,2.875,#D1BABA
77.5,22.875,64.625,#FFAD43
77.5,27.875,-10.25,#EAAED3
77.5,28.25,61.25,#FFA94B
77.5,37.625,-2.125,#FFA5C5
77.5,39.25,15.125,#FFA2A5
77.5,42.875,21.0,#FF9F9B
77.5,44.125,-30.375,#F6A2F8
77.5,46.5,68.25,#FF993D
77.5,47.125,80.375,#FF9815
77.5625,-45.25,98.375,#97D200
77.5625,-29.0,13.25,#8DCEA6
77.5625,-11.625,23.75,#BBC593
77.5625,15.375,-15.875,#CFB7DD
77.5625,41.25,127.0,#FF9D00
77.5625,49.625,49.875,#FF9765
77.6875,-68.75,40.125,#00DD71
77.6875,58.0,-16.75,#FF94E1
77.6875,59.375,-28.375,#FF94F6
77.75,-40.125,104.5,#A3D100
77.75,-22.0,121.25,#C5C800
77.8125,-114.5,95.125,#00E900
77.8125,-47.625,-3.375,#00D8C5
77.8125,-46.5,-17.25,#00D8DF
77.8125,-44.5,38.75,#7ED476
77.8125,-40.0,93.375,#A1D100
77.8125,3.75,13.75,#D2BDA7
77.875,7.125,28.125,#E0BA8D
77.875,12.375,32.375,#EAB785
77.875,41.5,61.0,#FF9F4E
77.9375,-75.25,96.875,#3EDE00
77.9375,51.875,75.5,#FF942C
78.0,-73.75,-25.0,#00E3ED
78.0,-71.5,92.125,#4DDD00
78.0625,-62.125,45.25,#4ADB68
78.0625,-17.625,20.25,#AEC99B
78.0625,39.875,27.125,#FFA291
78.0625,49.875,20.0,#FF999F
78.125,-128.0,42.375,#00EE6B
78.125,-105.5,108.75,#00E800
78.125,-97.0,100.25,#00E500
78.125,30.25,-16.875,#EBAEE1
78.1875,-103.75,66.625,#00E82F
78.1875,-6.5,80.125,#DBC200
78.1875,11.875,100.875,#FAB600
78.1875,73.75,-33.25,#FF85FF
78.25,-128.0,58.0,#00EE47
78.25,-113.0,65.0,#00EA34
78.25,-63.625,17.75,#00DE9E
78.25,-7.75,18.75,#C1C59F
78.25,-7.5,40.25,#CDC476
78.3125,-96.75,69.625,#00E625
78.3125,-77.75,89.625,#2AE000
78.3125,-72.625,104.0,#4FDF00
78.3125,-45.375,50.25,#86D65F
78.3125,-40.25,34.125,#87D480
78.3125,-0.25,41.5,#DBC074
78.3125,27.625,48.5,#FFAC68
78.3125,41.875,-21.875,#FCA6EB
78.3125,55.625,46.375,#FF936F
78.375,-123.0,71.875,#00ED15
78.375,-83.0,-13.5,#00E6D9
78.375,6.25,81.875,#F0BA00
78.375,46.0,38.375,#FF9D7D
78.375,54.375,26.625,#FF9594
78.4375,-113.375,74.0,#00EB05
78.4375,-88.5,91.5,#00E400
78.4375,-84.375,87.0,#00E300
78.4375,-57.25,-35.625,#00DFFF
78.4375,-41.125,54.875,#93D455
78.4375,-33.0,65.875,#A9D03B
78.4375,-24.25,19.5,#A0CE9D
78.4375,-20.625,104.5,#C8CA00
78.4375,-14.875,29.875,#BBC98A
78.4375,23.25,42.25,#FFB074
78.4375,32.0,-33.875,#DFB0FF
78.5,-68.875,99.0,#5CDE00
78.5,-18.875,93.875,#CAC900
78.5,17.75,-32.75,#C4BAFF
78.5,23.75,-29.75,#D4B5FA
78.5625,-107.0,6.0,#00ECB4
78.5625,-92.875,41.75,#00E76F
78.5625,-85.125,29.0,#00E589
78.5625,-84.875,43.25,#00E46C
78.5625,-80.5,3.375,#00E5BA
78.5625,-79.75,11.5,#00E4AB
78.5625,-77.75,55.75,#00E251
78.5625,-77.25,30.125,#00E287
78.5625,-77.0,44.125,#00E26B
78.5625,-75.75,-0.625,#00E3C1
78.5625,-72.875,59.625,#22E048
78.5625,-59.75,75.0,#6FDB11
78.5625,-52.25,40.875,#6CD973
78.5625,-47.75,3.625,#39D9BA
78.5625,-36.75,39.875,#94D376
78.5625,-35.75,3.0,#6ED4BC
78.5625,-32.5,-2.125,#70D3C5
78.5625,-32.375,120.75,#B5D000
78.5625,-29.125,-36.875,#00D5FF
78.5625,-28.125,99.0,#BBCE00
78.5625,-27.5,53.125,#AFCE5B
78.5625,-24.375,40.375,#AFCD75
78.5625,-15.0,-32.0,#6ECDFD
78.5625,-14.0,14.375,#B2C9A7
78.5625,-8.0,126.875,#DFC300
78.5625,-5.625,73.125,#DCC228
78.5625,6.875,112.25,#F5BA00
78.5625,8.5,126.875,#F8B900
78.5625,18.5,104.875,#FFB200
78.5625,18.75,-9.25,#DEB7D4
78.5625,19.25,87.125,#FFB200
78.5625,22.0,16.25,#F4B3A5
78.5625,22.875,71.625,#FFB033
78.5625,35.125,-20.625,#F2ACE9
78.5625,40.75,92.25,#FFA100
78.5625,44.625,4.0,#FFA1BD
78.5625,48.0,-4.375,#FF9FCC
78.6875,-49.375,83.375,#8DD700
78.6875,-26.25,46.5,#AFCE69
78.75,-122.5,34.875,#00EF7D
78.75,-77.375,17.5,#00E4A0
78.75,-29.0,35.75,#A3D07F
78.75,14.75,127.0,#FFB500
78.75,17.75,120.75,#FFB300
78.75,23.5,29.75,#FDB18D
78.8125,-84.125,57.375,#00E44D
78.8125,-70.0,49.0,#22E062
78.8125,-3.875,57.875,#DCC253
78.8125,22.625,-36.5,#CBB8FF
78.9375,-7.875,50.75,#D3C562
78.9375,65.0,-22.875,#FF90F0
78.9375,71.125,-21.25,#FF88ED
79.0,-41.625,6.5,#60D8B6
79.0,-40.5,121.0,#A7D400
79.0,-37.75,-22.5,#00D8EC
79.0,7.625,91.5,#F6BB00
79.0,25.25,107.75,#FFAE00
79.0,34.75,68.5,#FFA83F
79.0625,-113.75,11.125,#00EFAC
79.0625,-61.125,91.125,#73DD00
79.0625,-36.875,81.375,#A8D300
79.0625,1.125,61.875,#E6C04B
79.0625,34.75,98.875,#FFA700
79.125,-59.5,-14.0,#00E0DC
79.125,-14.875,126.375,#D6C800
79.125,-14.375,-14.0,#94CDDD
79.125,34.0,23.875,#FFAB99
79.125,41.375,9.75,#FFA5B4
79.1875,-50.625,100.5,#90D900
79.1875,-33.75,-13.75,#52D6DD
79.1875,0.25,91.625,#EBC000
79.25,-76.375,-17.5,#00E7E3
79.25,-51.0,112.125,#91D900
79.25,-6.25,-24.25,#9ACAF1
79.25,30.125,29.25,#FFAE90
79.25,35.25,77.875,#FFA823
79.3125,-75.625,111.125,#48E200
79.3125,-52.875,94.0,#8ADA00
79.3125,-35.25,115.375,#B2D300
79.3125,-10.0,61.0,#D4C74C
79.3125,15.5,18.25,#EDB9A3
79.3125,40.125,-14.5,#FFA9E0
79.3125,68.0,-13.0,#FF8CDF
79.375,-105.5,101.625,#00EB00
79.375,-89.5,54.0,#00E857
79.375,-85.0,71.5,#00E623
79.375,-70.0,18.75,#00E39F
79.375,-41.0,70.625,#9DD62E
79.375,23.875,119.125,#FFB000
79.4375,-58.625,-22.375,#00E2ED
79.4375,-56.125,104.375,#85DC00
79.4375,-30.5,-20.5,#4ED6EA
79.4375,-27.375,-27.125,#46D5F6
79.5,-122.75,79.75,#00F000
79.5,-118.125,86.5,#00EF00
79.5,-115.0,24.875,#00F093
79.5,-112.875,18.25,#00F09F
79.5,-112.25,103.125,#00ED00
79.5,-109.0,89.25,#00ED00
79.5,-101.875,14.75,#00EDA6
79.5,-101.875,43.75,#00EC6D
79.5,-101.25,-3.75,#00EEC9
79.5,-94.75,86.25,#00E900
79.5,-93.5,17.125,#00EBA2
79.5,-90.625,103.375,#00E800
79.5,-90.5,-14.25,#00ECDD
79.5,-79.5,24.375,#00E695
79.5,-78.0,121.625,#40E400
79.5,-71.375,123.875,#5DE200
79.5,-67.875,63.5,#4CE141
79.5,-64.875,125.625,#71DF00
79.5,-64.25,53.25,#51E05A
79.5,-61.25,108.5,#79DE00
79.5,-58.5,126.875,#82DD00
79.5,-54.0,14.625,#39DEA8
79.5,-51.875,-11.75,#00DFD9
79.5,-46.75,-34.5,#00DEFF
79.5,-45.625,12.125,#5DDBAD
79.5,-29.0,90.625,#BBD100
79.5,-25.75,1.375,#8CD3C2
79.5,-21.5,-10.625,#86D1D8
79.5,-20.125,32.875,#B6CE87
79.5,-19.875,4.375,#9FCFBC
79.5,-18.75,80.625,#CBCC00
79.5,-13.125,120.25,#D9C900
79.5,-6.375,-7.5,#B0C9D3
79.5,-4.75,-14.75,#ACC9E0
79.5,6.5,-12.375,#C6C2DC
79.5,6.625,18.75,#DFC0A3
79.5,8.75,-18.125,#C5C1E7
79.5,11.25,58.625,#F6BB54
79.5,18.75,113.75,#FFB500
79.5,32.5,-6.875,#FAAFD3
79.5,32.75,53.5,#FFAB62
79.5,48.375,57.75,#FF9D5A
79.5,53.125,-33.625,#FFA0FF
79.5,59.875,-9.5,#FF96D9
79.5625,-90.0,82.5,#00E800
79.5625,33.75,119.375,#FFA900
79.5625,57.25,-1.875,#FF98CB
79.625,-79.625,82.25,#14E500
79.6875,-122.25,47.375,#00F165
79.6875,-82.75,36.75,#00E77D
79.6875,1.875,1.125,#CAC4C3
79.75,-97.875,62.25,#00EB42
79.75,-86.625,98.875,#00E700
79.75,-84.875,119.125,#00E700
79.75,45.0,29.75,#FFA291
79.75,61.75,-33.5,#FF98FF
79.8125,-104.0,74.875,#00ED0C
79.8125,-43.5,115.75,#A3D800
79.8125,12.5,-23.375,#C8C0F1
79.8125,25.25,3.75,#F6B5C0
79.8125,38.625,-34.0,#EFAEFF
79.875,-55.5,121.375,#8ADD00
79.875,-22.875,88.375,#C6CF00
79.875,16.125,4.125,#E7BBBF
79.9375,-31.875,77.875,#B4D40F
79.9375,-2.375,101.875,#EAC400
79.9375,15.125,42.375,#F9BA77
79.9375,18.625,47.5,#FFB76E
79.9375,53.625,34.125,#FF9A8A
80.0,-15.875,40.5,#C3CD79
80.0625,-92.75,59.0,#00EB4C
80.0625,-68.125,75.875,#58E311
80.0625,-22.0,126.875,#CDCF00
80.0625,21.875,77.375,#FFB425
80.0625,51.5,-22.25,#FFA2F1
80.125,-99.0,90.625,#00EC00
80.125,-91.75,115.875,#00EA00
80.125,-81.125,114.125,#2EE700
80.125,-67.375,106.75,#69E200
80.125,-61.625,61.625,#65E148
80.125,-56.875,47.5,#68DF69
80.125,-15.0,55.25,#CCCC5B
80.125,0.5,126.75,#F1C200
80.125,11.375,24.25,#EBBE9A
80.1875,-89.0,64.5,#00EA3E
80.1875,-86.875,4.5,#00EBBC
80.1875,-84.375,-19.75,#00ECE9
80.1875,-54.625,31.0,#5CDF8B
80.1875,-49.25,121.375,#99DB00
80.1875,-12.75,84.75,#D8CB00
80.1875,25.0,86.5,#FFB200
80.1875,34.625,91.5,#FFAA00
80.1875,64.25,0.125,#FF92C9
80.25,-116.75,44.875,#00F26C
80.25,-10.75,3.25,#B4CDC1
80.25,7.75,11.875,#DEC1B1
80.25,11.0,-34.625,#B8C3FF
80.25,42.0,76.625,#FFA42D
80.3125,-98.75,112.375,#00EC00
80.3125,-91.0,9.125,#00EDB4
80.3125,-90.375,-2.875,#00EDCA
80.3125,-84.0,106.625,#02E800
80.3125,-62.625,39.0,#46E27B
80.3125,-62.125,7.0,#00E4B8
80.375,-28.375,7.25,#8FD6B9
80.375,-9.5,68.625,#DACA3C
80.375,1.75,-10.125,#C1C7DA
80.375,12.0,-11.75,#D4C1DD
80.4375,-61.0,32.375,#41E288
80.4375,-60.5,68.125,#6EE137
80.4375,-7.375,-34.75,#87CFFF
80.4375,-5.375,-1.25,#BBCBCA
80.4375,5.75,40.875,#EBC27B
80.4375,50.125,12.75,#FFA0B2
80.5,-23.5,27.375,#AED394
80.5,18.75,36.5,#FEB984
80.5,27.375,-3.375,#F7B6CF
80.5625,-112.625,54.625,#00F257
80.5625,-109.125,25.875,#00F294
80.5625,-108.125,59.75,#00F04B
80.5625,-103.25,56.125,#00EF54
80.5625,-91.125,71.875,#00EB25
80.5625,-72.375,-6.125,#00E9D1
80.5625,-68.625,32.625,#00E588
80.5625,-67.625,84.5,#61E400
80.5625,-63.25,-6.75,#00E6D3
80.5625,-55.25,-27.25,#00E4F9
80.5625,-52.625,77.875,#89DE09
80.5625,-50.625,-22.625,#00E2F1
80.5625,-47.875,69.125,#91DC36
80.5625,-46.75,33.0,#7ADD88
80.5625,-43.875,22.75,#77DC9C
80.5625,-40.625,-15.125,#1DDDE3
80.5625,-35.75,99.125,#B3D700
80.5625,-35.25,-30.5,#00DCFF
80.5625,-31.875,45.125,#A8D670
80.5625,-26.625,59.75,#B9D351
80.5625,-20.625,-33.0,#59D6FF
80.5625,-19.875,-23.875,#75D5F4
80.5625,-16.375,109.25,#D6CD00
80.5625,-1.875,9.0,#CCC8B7
80.5625,-0.125,77.5,#ECC520
80.5625,2.375,105.625,#F4C300
80.5625,4.75,-20.75,#BDC7EE
80.5625,13.5,-5.25,#DDC0D2
80.5625,14.5,76.25,#FFBB29
80.5625,21.0,24.125,#FCB99C
80.5625,32.0,110.875,#FFAD00
80.5625,33.0,39.875,#FFAE7F
80.5625,33.25,125.75,#FFAC00
80.5625,34.125,104.75,#FFAC00
80.5625,34.25,16.5,#FFAFAB
80.5625,39.0,122.25,#FFA700
80.5625,43.625,49.375,#FFA56E
80.5625,50.625,3.5,#FFA1C3
80.5625,51.5,-13.0,#FFA2E2
80.5625,56.375,5.5,#FF9BC0
80.5625,58.25,14.625,#FF98B0
80.625,-111.25,41.875,#00F274
80.6875,-55.625,87.5,#86E000
80.6875,-49.0,18.625,#5FDFA4
80.6875,9.125,68.875,#F9BF3F
80.6875,17.625,69.625,#FFB93E
80.6875,39.625,-28.0,#F9AFFD
80.75,-34.75,126.875,#B8D700
80.8125,-28.5,69.5,#BAD538
80.8125,-23.125,65.625,#C3D243
80.8125,23.0,94.125,#FFB500
80.875,32.625,46.375,#FFAF73
80.9375,4.25,-4.125,#CEC7D1
80.9375,32.625,-0.5,#FFB2CB
81.0,-45.5,-11.25,#00E0DD
81.0625,-5.625,23.625,#D0CB9D
81.0625,6.0,48.5,#F0C36D
81.0625,23.75,10.125,#FBB9B7
81.0625,32.75,59.5,#FFAF59
81.125,20.875,-16.5,#E3BDE9
81.1875,-128.0,48.25,#00F767
81.1875,-118.0,66.625,#00F438
81.1875,-114.875,32.625,#00F588
81.1875,-80.25,65.625,#00EA3E
81.1875,-43.375,-21.125,#00E1F0
81.1875,-2.125,28.75,#DAC994
81.1875,-0.125,21.5,#D9C8A2
81.1875,12.125,51.875,#FBBF67
81.25,-54.75,-18.0,#00E5EA
81.25,-43.125,127.0,#AADC00
81.25,-18.625,50.375,#C7D168
81.25,-13.0,98.625,#DDCD00
81.25,2.0,118.25,#F7C500
81.25,8.75,121.5,#FFC000
81.25,64.25,-17.375,#FF97EC
81.3125,-45.125,90.5,#A0DD00
81.3125,-43.875,45.25,#8FDE71
81.3125,-33.875,26.375,#98DA97
81.3125,-25.0,79.5,#C5D40E
81.3125,19.125,-3.0,#EBBED0
81.3125,46.875,43.75,#FFA47B
81.375,-51.0,63.625,#89E047
81.375,-30.5,103.75,#C0D700
81.375,0.0,-23.5,#B1CCF6
81.375,15.625,91.0,#FFBC00
81.375,28.875,13.375,#FFB6B3
81.4375,-43.125,64.875,#9CDD45
81.4375,0.625,71.5,#EFC738
81.4375,27.875,81.375,#FFB31A
81.5,-107.375,11.375,#00F5B2
81.5,-100.125,33.375,#00F288
81.5,-96.5,26.625,#00F195
81.5,-81.625,49.75,#00EC66
81.5,-75.125,36.625,#00EA82
81.5,-71.375,69.125,#4AE836
81.5,-61.125,22.25,#24E69F
81.5,-60.0,115.5,#84E300
81.5,-53.25,-0.875,#00E4CB
81.5,-50.375,54.875,#85E15D
81.5,-37.875,45.25,#9DDC72
81.5,-28.625,115.125,#C5D600
81.5,-24.25,109.625,#CCD400
81.5,-19.125,114.625,#D5D100
81.5,-15.375,-8.125,#A0D4D9
81.5,-9.25,31.375,#CFCE8F
81.5,-8.875,-19.25,#A1D1EE
81.5,-2.875,16.0,#D1CBAD
81.5,-0.625,-3.375,#C6CBD1
81.5,3.625,7.25,#D7C8BD
81.5,13.0,117.25,#FFBE00
81.5,17.125,97.125,#FFBB00
81.5,23.125,101.125,#FFB700
81.5,23.125,125.0,#FFB700
81.5,27.0,54.625,#FFB564
81.5,27.25,75.125,#FFB432
81.5,43.0,-1.125,#FFABCE
81.5625,-89.75,31.375,#00EF8C
81.5625,-21.375,15.25,#ABD5AD
81.5625,-3.75,96.25,#EDC900
81.5625,14.875,10.0,#EDC0B9
81.625,-119.25,75.25,#00F612
81.625,-95.75,95.5,#00F000
81.625,7.75,33.375,#EEC48D
81.625,38.875,4.875,#FFAFC3
81.6875,-35.625,51.125,#A6DB67
81.6875,-19.5,59.875,#CAD354
81.6875,4.625,-29.125,#B5CBFF
81.6875,20.875,55.5,#FFBA62
81.6875,24.875,113.125,#FFB600
81.6875,37.5,82.875,#FFAC18
81.875,-34.0,109.75,#BCDA00
81.875,39.125,-6.0,#FFB0D8
81.9375,-42.0,79.625,#A6DE09
81.9375,-16.625,66.75,#D2D244
82.0,-103.125,81.625,#00F300
82.0,-40.625,29.375,#8BDF93
82.0,-21.375,71.25,#CBD437
82.0,-3.75,66.625,#E8CB47
82.0625,-45.75,-26.625,#00E5FD
82.0625,-10.625,9.125,#BED1BB
82.125,-82.25,91.25,#1CED00
82.125,-13.375,75.0,#DBD02D
82.1875,-13.25,47.875,#D2D170
82.25,-98.75,77.5,#00F207
82.25,-75.875,116.375,#55EB00
82.25,-69.875,1.0,#00ECC9
82.25,-69.875,24.75,#00EB9C
82.25,-67.875,94.375,#6AE800
82.25,-65.25,-13.0,#00ECE3
82.25,-17.75,-2.25,#A3D7D0
82.25,-8.625,89.625,#E6CE00
82.25,-8.0,114.25,#EACD00
82.25,29.875,-23.625,#F0BAF9
82.3125,-34.25,17.125,#90DDAC
82.3125,-27.875,-3.5,#87DCD2
82.3125,-2.625,50.5,#E6CC6C
82.375,-119.125,58.0,#00F954
82.375,-88.625,109.875,#00F000
82.375,-83.25,19.625,#00F0A5
82.375,-75.25,7.25,#00EEBD
82.375,-13.25,-25.0,#8ED6FB
82.375,19.375,61.625,#FFBD56
82.375,22.375,-23.75,#E2C0FA
82.4375,-106.0,94.75,#00F500
82.4375,-98.75,1.0,#00F6C9
82.4375,-63.875,-26.75,#00EDFD
82.4375,-1.5,-31.375,#A4D1FF
82.5,-58.875,-3.125,#00E9D1
82.5,-10.875,37.625,#D2D186
82.5,-7.875,-29.125,#97D4FF
82.5,-6.875,44.5,#DDCF78
82.5,-4.125,36.25,#DECE89
82.5625,-124.0,63.25,#00FA46
82.5625,-112.875,83.125,#00F700
82.5625,-105.0,48.125,#00F66C
82.5625,-90.125,21.125,#00F3A3
82.5625,-87.875,48.625,#00F16B
82.5625,-83.0,-6.25,#00F2D7
82.5625,-79.25,73.0,#1DEE2A
82.5625,-77.375,101.125,#4AED00
82.5625,-74.375,77.125,#47EC16
82.5625,-60.375,100.875,#83E700
82.5625,-55.25,37.0,#69E685
82.5625,-54.75,68.5,#85E53D
82.5625,-49.5,47.875,#86E36F
82.5625,-35.0,8.875,#85DFBC
82.5625,-33.875,88.375,#BADC00
82.5625,-28.5,-14.25,#72DEE7
82.5625,-22.125,-16.375,#83DBEB
82.5625,-20.0,99.0,#D5D500
82.5625,-10.125,-11.25,#ACD4E2
82.5625,-5.125,84.5,#ECCD00
82.5625,10.5,0.5,#E2C7CD
82.5625,11.25,-29.0,#C6C9FF
82.5625,12.625,108.625,#FFC100
82.5625,25.75,35.0,#FFBA8D
82.5625,29.5,97.5,#FFB500
82.5625,29.75,7.375,#FFB9C1
82.5625,35.75,31.0,#FFB295
82.5625,39.0,36.125,#FFAF8C
82.5625,43.0,66.125,#FFAA4F
82.5625,46.875,-28.375,#FFAEFF
82.5625,57.375,-22.0,#FFA3F8
82.625,7.25,61.875,#FBC655
82.6875,38.875,58.5,#FFAE60
82.75,-57.625,95.375,#89E600
82.8125,-99.75,102.875,#00F400
82.8125,-82.875,8.125,#00F2BC
82.8125,-5.125,5.0,#C8D1C5
82.8125,33.0,-11.875,#FFB8E5
82.875,-83.625,77.125,#00F015
82.875,-18.125,86.25,#D7D500
82.875,5.25,55.375,#F6C864
82.875,25.625,61.75,#FFBA58
82.9375,-105.875,70.0,#00F734
82.9375,-51.125,8.625,#46E7BD
82.9375,3.125,84.25,#FAC900
82.9375,54.0,-28.0,#FFA8FF
83.0,-60.125,55.875,#6EE95E
83.0,-40.875,-2.375,#5CE4D2
83.0,4.5,26.375,#E9CA9E
83.0,8.375,100.0,#FFC500
83.0625,-79.375,-12.5,#00F3E4
83.0625,37.625,43.0,#FFB180
83.125,-100.375,67.25,#00F63E
83.1875,-98.375,51.875,#00F665
83.1875,-35.25,74.125,#B5DE2F
83.1875,-32.875,39.625,#AADE82
83.1875,-30.75,2.5,#8ADFCA
83.1875,1.25,14.875,#DDCDB3
83.25,-66.5,117.125,#78EB00
83.25,-6.75,76.875,#EAD02B
83.25,48.125,26.0,#FFA9A1
83.3125,27.125,-8.875,#FBBEE1
83.3125,36.25,-17.125,#FFB8F1
83.375,-46.75,98.375,#A5E400
83.375,42.875,19.625,#FFAFAD
83.4375,-85.0,61.125,#00F251
83.4375,-48.5,116.375,#A4E400
83.4375,-44.625,109.875,#ACE300
83.4375,-38.5,-8.875,#58E4DF
83.4375,52.125,21.5,#FFA6AA
83.5,-116.25,50.375,#00FB69
83.5,-113.625,93.0,#00FA00
83.5,-95.375,108.5,#00F500
83.5,-87.5,39.625,#00F481
83.5,-79.0,60.125,#00F154
83.5,-75.625,85.625,#4CEF00
83.5,-74.125,64.0,#3CEF4A
83.5,-73.875,94.625,#5AEE00
83.5,-72.75,46.0,#17EF74
83.5,-71.125,-13.125,#00F1E7
83.5,-70.5,11.5,#00F0B8
83.5,-70.375,112.0,#6CED00
83.5,-69.625,54.5,#47EE62
83.5,-65.125,45.75,#50EC75
83.5,-61.75,121.5,#87EA00
83.5,-60.25,13.0,#00ECB6
83.5,-55.75,19.875,#4CEAA9
83.5,-55.25,110.625,#95E700
83.5,-51.875,127.0,#9EE600
83.5,-50.25,25.0,#6DE79F
83.5,-49.25,105.625,#A1E500
83.5,-48.5,-5.125,#1CE8D8
83.5,-36.5,65.875,#B1E049
83.5,-34.25,-18.0,#51E3F1
83.5,-30.25,22.0,#A2DFA6
83.5,-24.0,36.5,#BBDB8A
83.5,-21.5,9.125,#ABDBBE
83.5,-21.0,22.75,#B8DAA5
83.5,-14.5,22.5,#C5D7A5
83.5,-12.375,104.25,#E6D300
83.5,-6.125,120.625,#F1D000
83.5,1.625,34.5,#EACD8F
83.5,6.875,74.625,#FFC836
83.5,11.75,81.0,#FFC520
83.5,13.25,30.375,#FBC698
83.5,13.25,63.5,#FFC454
83.5,24.875,46.25,#FFBD7A
83.5,29.75,21.625,#FFBAA9
83.5,36.0,10.875,#FFB6BD
83.5,36.625,50.125,#FFB373
83.5,44.875,-8.75,#FFB0E2
83.5,46.0,7.25,#FFADC4
83.5,48.625,-18.25,#FFADF4
83.625,-99.375,11.125,#00F9B9
83.6875,-39.75,15.125,#82E4B3
83.75,-30.125,32.625,#ACDF92
83.75,-22.125,120.625,#D8D900
83.8125,-95.375,36.25,#00F788
83.8125,-76.25,53.25,#00F165
83.8125,-11.875,16.375,#C7D7B2
83.9375,-64.75,-2.0,#00F0D3
83.9375,-19.375,43.375,#C9DA7E
83.9375,4.25,113.375,#FFCB00
83.9375,10.625,42.375,#FEC882
83.9375,31.375,69.375,#FFB84A
84.0,-96.375,19.875,#00F9A9
84.0,50.5,-5.125,#FFACDD
84.0625,-34.75,121.125,#C2E000
84.0625,4.25,-15.375,#CBD0EE
84.125,-77.375,1.0,#00F4CE
84.1875,-75.125,16.125,#00F3B1
84.1875,-42.375,53.5,#A0E568
84.1875,-40.25,60.375,#A8E458
84.1875,-10.0,126.25,#EED400
84.1875,1.5,97.5,#FDCD00
84.25,-110.75,47.75,#00FC71
84.25,-84.625,33.0,#00F590
84.25,-64.375,17.375,#00EFAF
84.25,-6.375,58.375,#E8D360
84.25,19.875,19.5,#FFC4AF
84.3125,-112.375,73.0,#00FC2C
84.3125,-31.25,-28.0,#3CE5FF
84.3125,-23.625,92.375,#D3DC00
84.3125,21.25,109.125,#FFC000
84.3125,42.0,-22.125,#FFB6FD
84.375,-88.375,90.625,#00F600
84.375,-55.75,59.75,#82EB59
84.375,-40.875,99.125,#B4E400
84.375,-28.625,51.875,#BDDF6D
84.4375,-121.75,53.0,#00FF65
84.4375,-87.0,68.25,#00F640
84.4375,-84.375,86.125,#03F500
84.4375,-62.625,88.875,#7FED00
84.4375,-42.25,34.625,#93E68F
84.4375,8.875,-5.25,#DFCEDD
84.5,-39.5,5.125,#76E7C8
84.5,-25.25,45.25,#C1DE7B
84.5,9.375,126.75,#FFC900
84.5625,-113.625,60.0,#00FE55
84.5625,-111.0,66.0,#00FD45
84.5625,-105.0,35.75,#00FC8B
84.5625,-102.5,28.625,#00FC99
84.5625,-88.125,13.0,#00F8B8
84.5625,-82.625,97.375,#33F400
84.5625,-70.625,103.625,#6DF000
84.5625,-69.0,-22.5,#00F4FC
84.5625,-61.5,76.5,#7DED26
84.5625,-48.75,40.875,#87E983
84.5625,-46.375,83.0,#A5E700
84.5625,-43.5,121.125,#B3E500
84.5625,-42.375,74.0,#ABE533
84.5625,-38.875,84.25,#B5E400
84.5625,-38.25,115.375,#BDE300
84.5625,-37.625,-26.0,#00E8FF
84.5625,-33.125,-6.375,#77E5DE
84.5625,-30.375,94.5,#C8E000
84.5625,-29.625,126.75,#CEDF00
84.5625,-29.375,84.75,#C8DF00
84.5625,-26.625,14.5,#A7E0B7
84.5625,-13.375,62.25,#DED857
84.5625,-1.875,109.75,#FBD000
84.5625,12.875,15.75,#F6CAB6
84.5625,14.25,-18.375,#DECCF6
84.5625,16.375,-25.0,#DBCBFF
84.5625,17.0,126.75,#FFC400
84.5625,19.25,74.375,#FFC33D
84.5625,19.75,120.5,#FFC200
84.5625,21.875,83.375,#FFC11C
84.5625,23.5,67.625,#FFC04F
84.5625,23.875,27.75,#FFC1A0
84.5625,28.75,88.625,#FFBB00
84.5625,36.125,63.875,#FFB659
84.5625,42.125,25.625,#FFB2A5
84.5625,44.25,33.875,#FFB096
84.625,-86.0,102.375,#16F500
84.625,-76.75,26.0,#00F49F
84.625,-28.625,75.875,#C7DF2F
84.625,-1.25,44.5,#EDD17E
84.6875,-107.125,86.875,#00FC00
84.6875,-99.5,45.625,#00FB77
84.6875,-31.0,60.125,#BDE15B
84.75,-85.125,53.5,#00F667
84.75,-65.875,36.0,#3EF08C
84.75,-64.25,29.75,#37F099
84.8125,-50.875,92.625,#9FE900
84.8125,-24.125,-23.875,#73E3FF
84.9375,-105.0,62.5,#00FD50
84.9375,-58.875,-12.5,#00F1EA
84.9375,-55.375,74.0,#8DEC33
84.9375,-17.25,4.75,#B4DDCB
84.9375,25.5,-16.125,#F7C4F3
84.9375,35.125,25.125,#FFBAA7
85.0,-80.875,38.875,#00F686
85.0,6.875,91.625,#FFCC00
85.0625,-92.5,65.25,#00F94A
85.0625,-79.875,106.0,#4BF500
85.0625,30.5,50.125,#FFBC77
85.125,-55.5,5.125,#18EFC9
85.125,1.0,64.625,#F9D155
85.1875,-90.0,80.375,#00F906
85.1875,-64.375,105.5,#82F000
85.1875,-55.125,102.75,#99EC00
85.1875,-52.625,-14.0,#00F0EE
85.1875,-13.5,29.25,#D0DB9D
85.1875,30.375,30.5,#FFBE9D
85.25,-93.875,74.5,#00FA2C
85.25,-92.75,51.5,#00FA6C
85.25,-25.375,98.75,#D4DF00
85.25,34.0,-5.875,#FFBEE1
85.3125,-44.25,11.375,#72EBBE
85.3125,8.0,17.75,#F1CFB4
85.375,-70.875,122.625,#74F200
85.375,-4.0,-13.5,#BFD9EE
85.375,10.125,-23.125,#D3D1FF
85.4375,-100.625,85.875,#00FC00
85.4375,-84.0,117.375,#3CF700
85.4375,-19.125,33.125,#C8DE96
85.4375,41.625,11.75,#FFB6C1
85.5,-108.75,53.625,#00FF67
85.5,-82.75,26.375,#00F9A1
85.5,-70.625,88.875,#6AF300
85.5,-66.75,68.375,#6AF245
85.5,-65.5,126.5,#84F100
85.5,-62.25,-17.5,#00F4F5
85.5,-59.125,40.875,#69F085
85.5,-58.75,126.875,#95EE00
85.5,-57.875,-22.375,#00F3FE
85.5,-56.5,83.75,#91EE00
85.5,-56.375,51.25,#7DEF6F
85.5,-54.5,-7.625,#00F1E2
85.5,-52.625,14.875,#57EFB8
85.5,-46.125,2.875,#5AEDCF
85.5,-46.125,29.0,#85EB9D
85.5,-38.125,104.5,#BEE600
85.5,-22.625,-8.625,#97E3E5
85.5,-18.75,78.75,#DCDD2A
85.5,-15.625,92.875,#E5DB00
85.5,-13.5,115.125,#EBD900
85.5,-13.375,-18.625,#A1DFF8
85.5,-11.125,-3.0,#BBDCDB
85.5,-6.25,-5.75,#C3DAE0
85.5,-6.25,12.875,#D4D8BD
85.5,-0.25,103.125,#FFD200
85.5,10.875,6.875,#F0CEC9
85.5,11.75,57.375,#FFCB67
85.5,17.5,42.375,#FFC886
85.5,17.75,-9.75,#EFCBE8
85.5,18.125,5.5,#FCC9CC
85.5,22.0,89.5,#FFC300
85.5,23.375,2.25,#FFC6D2
85.5,26.625,105.375,#FFBF00
85.5,30.5,42.25,#FFBE87
85.5625,-17.5,-12.0,#A0E0EC
85.625,-101.125,91.875,#00FD00
85.625,-69.375,81.75,#6BF305
85.625,3.25,-0.5,#DCD4D7
85.6875,-109.375,79.375,#00FF0F
85.6875,-4.75,-20.625,#B5DBFD
85.75,-104.5,75.875,#00FF27
85.75,19.75,48.5,#FFC77B
85.8125,-30.375,66.75,#C4E44E
85.8125,-2.0,-7.375,#CBD8E4
85.875,-55.625,121.75,#9DEE00
85.875,-13.25,42.0,#DADC86
85.875,26.0,122.0,#FFC000
85.9375,-99.5,72.5,#00FE36
85.9375,17.0,34.625,#FFCA96
86.0,-15.5,54.125,#DCDD6D
86.0,-7.125,98.5,#F6D700
86.0,13.0,47.5,#FFCC7D
86.0625,-37.625,126.875,#C4E700
86.0625,-22.0,126.625,#E0DF00
86.0625,2.125,-6.5,#D6D6E3
86.0625,10.625,23.375,#FBCFAC
86.0625,19.25,100.625,#FFC600
86.0625,32.0,2.625,#FFC1D4
86.0625,33.375,82.875,#FFBC29
86.125,1.25,126.625,#FFD200
86.125,10.25,-11.625,#E1D2EE
86.1875,-80.25,12.375,#00FBBE
86.1875,-50.75,-24.75,#00F3FF
86.1875,-45.875,-18.875,#00F0FA
86.1875,-18.5,109.5,#E5DE00
86.1875,0.375,-19.875,#C3D9FD
86.25,-77.625,120.5,#5FF700
86.25,-70.0,20.25,#00F7AF
86.25,-64.625,23.5,#22F5A9
86.25,-47.625,64.75,#A0ED53
86.25,-41.25,25.125,#91EBA7
86.25,-2.25,25.5,#E6D7A8
86.25,0.375,75.625,#FED43B
86.25,8.25,11.625,#F0D2C2
86.3125,-71.75,35.375,#00F791
86.3125,-36.875,55.875,#B3E869
86.3125,-9.125,66.125,#ECDA53
86.3125,0.875,4.875,#DED7CF
86.3125,17.25,54.25,#FFCA70
86.3125,42.0,2.375,#FFB9D5
86.375,-52.25,29.875,#76F09D
86.375,-46.25,127.0,#B4EC00
86.4375,-71.625,-7.25,#00FAE4
86.4375,-59.75,68.5,#83F248
86.4375,-57.125,90.25,#94F100
86.4375,2.5,20.125,#ECD5B3
86.4375,5.375,40.5,#FCD38B
86.5,28.125,-3.375,#FFC6E0
86.5625,-96.75,60.25,#00FF5B
86.5625,-88.75,26.75,#00FEA3
86.5625,-87.25,5.25,#00FFCC
86.5625,-65.375,58.0,#69F562
86.5625,-64.5,9.625,#00F7C4
86.5625,-64.5,112.25,#88F400
86.5625,-46.75,58.25,#9FED63
86.5625,-39.875,42.0,#A5EB86
86.5625,-36.25,35.5,#A8EA93
86.5625,-27.75,120.875,#D7E400
86.5625,-24.0,68.125,#D3E34D
86.5625,-21.625,104.125,#E0E100
86.5625,-17.5,72.75,#E0DF41
86.5625,-10.125,109.75,#F4DA00
86.5625,-4.125,70.625,#F7D849
86.5625,0.875,58.125,#FBD567
86.5625,9.625,118.0,#FFCE00
86.5625,10.5,69.125,#FFCE4F
86.5625,13.25,74.75,#FFCC40
86.5625,30.25,56.375,#FFC06E
86.625,-36.75,29.5,#A2EA9F
86.625,16.875,68.875,#FFCA51
86.6875,-27.875,26.5,#B5E6A6
86.6875,18.125,94.25,#FFC900
86.8125,-35.375,46.625,#B3EA7E
86.8125,-11.5,71.75,#EBDD46
86.8125,12.25,97.375,#FFCD00
86.875,-46.75,-10.75,#1FF2EC
86.875,-11.125,120.625,#F4DC00
86.875,25.125,73.375,#FFC547
86.9375,-77.125,43.75,#00FB82
86.9375,-26.25,1.125,#9FE8D7
86.9375,23.5,56.875,#FFC76D
86.9375,24.375,11.25,#FFC9C6
87.0,-10.0,5.75,#CADFCF
87.0625,-24.25,55.0,#CFE56D
87.0625,-9.0,85.5,#F3DC0E
87.0625,-0.5,-1.125,#D8DADC
87.125,-45.75,89.125,#B0EE00
87.125,-15.25,126.5,#EFDF00
87.125,42.625,-4.5,#FFBCE4
87.1875,-76.0,70.875,#4BFA42
87.1875,-55.125,-1.625,#00F5DC
87.1875,-0.625,10.625,#E2DAC6
87.1875,5.875,32.0,#FBD59E
87.25,-95.0,84.75,#00FF00
87.25,-90.5,33.25,#00FF97
87.25,-78.125,77.625,#48FB29
87.25,-63.75,99.25,#89F500
87.25,-30.5,115.125,#D3E700
87.25,-26.125,109.5,#DBE500
87.25,-10.125,51.75,#E8DE76
87.25,15.625,106.375,#FFCC00
87.25,19.125,-2.125,#FDCEDF
87.25,29.875,14.25,#FFC5C1
87.3125,-81.875,-1.375,#00FFDB
87.3125,-21.375,61.0,#D7E461
87.3125,-6.0,1.125,#CFDED8
87.3125,-5.875,91.375,#FBDA00
87.3125,5.0,6.5,#EAD7CF
87.375,-91.625,57.0,#00FF65
87.375,-53.125,116.5,#A7F100
87.375,-40.25,69.125,#B5ED4B
87.375,-31.25,104.125,#D1E800
87.375,25.25,20.75,#FFC8B5
87.4375,-59.125,115.375,#99F400
87.4375,-47.25,70.625,#A7F046
87.4375,-33.75,-11.625,#72EEF0
87.4375,15.5,83.625,#FFCD26
87.5,-97.25,98.75,#00FF00
87.5,-92.75,94.625,#00FF00
87.5,-92.125,104.375,#00FF00
87.5,-88.125,18.25,#00FFB6
87.5,-67.625,4.5,#00FBD1
87.5,-63.875,-9.25,#00FAEB
87.5,-51.625,36.25,#83F394
87.5,-47.25,17.75,#79F2B8
87.5,-47.25,51.25,#9CF175
87.5,-40.125,110.125,#C1EC00
87.5,-38.5,78.5,#BDEC2E
87.5,-33.5,12.0,#9BECC3
87.5,-28.25,38.625,#BFE890
87.5,-13.75,11.25,#C9E2C6
87.5,-7.875,39.5,#E7DE8F
87.5,-4.5,114.875,#FFDA00
87.5,-3.875,19.0,#E2DCB7
87.5,0.875,119.75,#FFD600
87.5,6.5,105.375,#FFD300
87.5,7.125,79.875,#FFD332
87.5,8.125,52.375,#FFD377
87.5,18.375,28.125,#FFCDA7
87.5,24.625,39.375,#FFC892
87.5,41.75,-16.0,#FFBFFB
87.5625,-22.125,17.125,#BCE7BA
87.5625,-20.25,0.25,#AFE7DA
87.625,-79.75,91.125,#4EFC00
87.625,-34.125,0.25,#89EEDA
87.625,-13.625,36.0,#DBE196
87.6875,37.75,-9.875,#FFC2F0
87.75,-9.75,20.375,#D9E0B5
87.8125,36.5,34.5,#FFC09D
87.875,-81.0,20.625,#00FFB2
87.875,-59.5,35.375,#67F796
87.875,-38.625,89.25,#C1ED00
87.875,-22.125,83.125,#DFE51E
87.875,-15.875,18.375,#CBE4B9
87.875,-5.25,126.625,#FFDB00
87.875,-2.875,82.75,#FFDA26
87.9375,-93.125,46.125,#00FF7F
87.9375,-4.375,49.25,#F3DC7D
88.0,19.125,14.875,#FFCFC1
88.0,29.625,35.75,#FFC69A
88.0625,-31.125,6.0,#9BEDD0
88.0625,17.125,60.0,#FFCE69
88.125,-83.375,43.375,#00FF85
88.1875,-87.0,109.75,#33FF00
88.1875,-75.625,58.5,#3FFD65
88.1875,-37.125,18.125,#9AF0B9
88.25,-38.625,-4.25,#72F2E4
88.25,-37.375,-21.25,#43F3FF
88.25,15.0,120.125,#FFCF00
88.25,33.125,-15.75,#FFC8FC
88.3125,-70.0,50.875,#52FC77
88.3125,-69.625,26.125,#00FDA9
88.3125,-14.125,82.625,#EEE225
88.3125,-2.75,35.625,#F1DD9A
88.375,-62.125,47.625,#6FF97E
88.375,-51.75,110.5,#ACF400
88.375,-30.75,-17.75,#73F0FE
88.375,-8.875,31.375,#E3E1A2
88.375,2.75,47.0,#FFD983
88.375,28.375,-20.125,#FFCCFF
88.375,37.25,-20.25,#FFC5FF
88.4375,-78.75,100.875,#5CFE00
88.4375,-70.125,64.375,#63FC58
88.4375,-19.0,98.0,#E9E500
88.5,-18.625,47.25,#DAE682
88.5,30.125,-9.5,#FFCAF1
88.5625,-91.375,39.75,#00FF8E
88.5625,-83.375,64.875,#00FF56
88.5625,-80.0,112.625,#5DFF00
88.5625,-73.75,-1.75,#00FFDF
88.5625,-70.25,97.125,#79FC00
88.5625,-69.5,42.125,#45FD8A
88.5625,-66.375,75.125,#7AFB3A
88.5625,-66.375,92.5,#83FA00
88.5625,-61.25,3.25,#00FCD6
88.5625,-61.125,62.25,#81F95E
88.5625,-59.75,27.875,#5CFAA7
88.5625,-55.125,64.25,#93F75A
88.5625,-46.0,103.125,#B7F200
88.5625,-40.375,-14.0,#4FF4F8
88.5625,-34.875,94.375,#CCED00
88.5625,11.875,-0.375,#F5D7DF
88.5625,12.125,38.75,#FFD495
88.5625,14.0,90.125,#FFD100
88.625,-47.125,78.625,#AEF330
88.625,14.75,19.75,#FFD4BA
88.6875,-94.625,69.625,#00FF48
88.6875,-23.125,114.5,#E5E700
88.6875,5.375,66.75,#FFD85A
88.6875,5.875,-18.875,#D8DDFF
88.75,-78.75,4.625,#00FFD4
88.8125,-58.625,56.5,#85F96C
88.8125,-45.5,-2.125,#5BF6E2
88.875,-52.875,24.125,#73F8AF
88.9375,-78.75,51.25,#00FF77
89.0,-32.75,75.625,#CCEE3E
89.0625,-86.0,49.375,#00FF7B
89.0625,-47.625,96.5,#B4F400
89.0625,-23.875,-19.625,#8AEEFF
89.0625,-22.25,11.25,#BAEBCA
89.1875,-99.75,81.25,#00FF1B
89.1875,-74.25,116.5,#75FF00
89.1875,-48.625,9.875,#6BF8CC
89.1875,-22.5,39.0,#D0EA94
89.1875,36.25,8.875,#FFC6D1
89.25,-86.375,97.0,#32FF00
89.25,-57.625,20.0,#58FBB8
89.25,-31.875,21.0,#ADF0B7
89.25,-22.875,28.625,#C8EBA9
89.3125,-59.5,103.25,#9BFA00
89.375,-82.0,34.875,#00FF9A
89.375,-71.25,111.0,#7EFE00
89.375,-39.125,8.625,#8BF4CF
89.375,-20.0,120.5,#EDE800
89.375,-5.625,77.625,#FEE03D
89.375,2.625,-13.0,#D9E0F9
89.4375,-86.25,71.5,#00FF46
89.4375,-62.5,122.25,#98FB00
89.4375,17.75,-19.125,#F2D7FF
89.5,-89.25,62.625,#00FF5E
89.5,-82.875,81.875,#3AFF1D
89.5,-78.0,29.375,#00FFA6
89.5,-76.25,83.625,#5FFF12
89.5,-55.0,46.125,#88FA85
89.5,-52.5,126.75,#B0F700
89.5,-38.0,120.75,#CDF100
89.5,-17.25,-7.375,#B2EBEE
89.5,-12.875,-11.5,#B8E9F6
89.5,-11.0,103.0,#FBE300
89.5,-2.75,5.5,#E0E2D6
89.5,-1.875,95.375,#FFDE00
89.5,10.875,28.625,#FFD8AB
89.5,25.125,51.25,#FFCD80
89.5,33.25,20.25,#FFC8BC
89.625,-46.75,121.625,#BCF500
89.625,-29.125,31.875,#BEEFA3
89.625,-25.5,74.75,#DBEC44
89.75,-47.0,43.375,#9DF78C
89.75,-22.375,-12.875,#9DEFF9
89.8125,3.25,91.625,#FFDC00
89.8125,22.5,45.0,#FFD08D
89.8125,31.375,26.75,#FFCAB1
89.875,-87.0,86.5,#1EFF00
89.875,-75.125,23.5,#00FFB2
89.875,-63.375,15.5,#1AFFC2
89.875,-26.5,-7.125,#9AF1EF
89.9375,-51.625,57.25,#9CF96E
90.0,-54.25,99.25,#A9FA00
90.0,-17.25,-17.625,#A5EDFF
90.0625,-67.5,103.875,#89FF00
90.0625,-41.5,115.375,#C7F400
90.125,-27.375,126.875,#E3EE00
90.125,-5.625,57.25,#FBE372
90.125,9.875,60.75,#FFD96C
90.25,-87.75,78.0,#00FF32
90.3125,7.75,-4.75,#EEDFEC
90.375,-28.75,52.5,#CEF07B
90.375,-20.625,88.375,#EAEB06
90.375,-10.0,114.5,#FFE500
90.4375,-42.625,48.75,#AEF782
90.4375,-33.375,58.5,#C8F36E
90.5,-40.0,64.0,#BDF661
90.5,9.25,127.0,#FFD900
90.5625,-69.75,14.75,#00FFC5
90.5625,-65.625,84.625,#88FF15
90.5625,-64.25,31.625,#54FFA5
90.5625,-61.5,89.0,#95FE00
90.5625,-59.625,-4.0,#00FFEA
90.5625,-57.5,77.25,#9AFD3A
90.5625,-52.0,83.625,#ABFB20
90.5625,-49.75,2.5,#58FDDE
90.5625,-45.625,23.0,#8EFAB6
90.5625,-43.5,36.625,#A3F89C
90.5625,-41.25,30.875,#A3F8A7
90.5625,-31.5,110.0,#DBF100
90.5625,-30.0,87.625,#DAF10A
90.5625,-29.0,14.875,#B2F3C7
90.5625,-25.25,93.375,#E4EE00
90.5625,-18.75,56.375,#E4EC74
90.5625,-16.75,114.375,#F6E900
90.5625,-16.375,27.0,#D8ECB0
90.5625,-14.5,63.375,#EEE965
90.5625,-5.0,121.125,#FFE300
90.5625,1.625,28.875,#FCE1AD
90.5625,2.0,99.875,#FFDE00
90.5625,3.0,15.5,#F6E1C7
90.5625,4.125,110.0,#FFDD00
90.5625,13.125,10.625,#FFDBD0
90.5625,23.125,-5.25,#FFD5EF
90.5625,23.75,-13.0,#FFD5FD
90.5625,24.75,5.875,#FFD3DA
90.5625,33.25,-3.125,#FFCDEB
90.6875,-3.25,103.875,#FFE200
90.6875,-1.0,-16.125,#D2E6FF
90.6875,10.125,16.0,#FFDDC6
90.6875,16.625,45.875,#FFD78D
90.75,18.875,8.375,#FFD7D5
90.8125,-56.625,-9.5,#00FFF5
90.875,-60.375,10.25,#27FFCF
90.9375,-80.5,73.5,#45FF45
90.9375,-5.75,-15.0,#C9EAFF
91.0,-7.75,-7.75,#CDEAF4
91.0625,-53.625,-15.0,#00FFFF
91.0625,-17.625,103.75,#F5EB00
91.125,-80.875,58.125,#1EFF6E
91.125,-66.875,118.5,#92FF00
91.125,6.25,20.75,#FFE0BE
91.1875,30.625,8.25,#FFD0D7
91.25,-48.75,30.625,#90FDA9
91.25,-7.875,15.875,#E3E9C7
91.3125,-36.5,104.375,#D3F600
91.3125,-26.75,104.625,#E5F100
91.3125,-20.25,70.25,#E9EE56
91.3125,-15.0,51.375,#EBEC81
91.3125,1.5,85.0,#FFE12C
91.375,-57.625,93.625,#A3FF00
91.375,4.75,0.375,#F0E3E6
91.4375,-32.375,67.375,#D1F55C
91.4375,-31.75,98.625,#DCF400
91.4375,-17.875,78.75,#F0ED3F
91.4375,-13.875,97.0,#FBEA00
91.4375,-6.625,109.25,#FFE600
91.4375,-3.0,-5.375,#DBE9F1
91.4375,18.875,-9.5,#FFDBF9
91.4375,20.5,32.125,#FFD7AA
91.4375,27.625,0.0,#FFD4E7
91.5,-74.125,103.375,#79FF00
91.5,-74.0,92.5,#75FF00
91.5,-70.875,87.375,#7CFF00
91.5,-65.625,54.375,#74FF78
91.5,-64.0,40.375,#68FF96
91.5,-62.25,108.5,#9DFF00
91.5,-60.75,71.625,#91FF4E
91.5,-43.25,-7.625,#60FEF4
91.5,-42.625,127.0,#CBF900
91.5,-39.625,97.375,#CCF800
91.5,-38.0,24.875,#A8F9B5
91.5,-34.25,42.75,#C0F792
91.5,-34.25,126.625,#DBF500
91.5,-28.75,45.5,#CDF48D
91.5,-26.625,59.75,#D9F26F
91.5,-13.75,3.125,#CCEEE0
91.5,-13.125,45.25,#ECEC8E
91.5,-12.5,89.875,#FCEA05
91.5,-11.5,-3.625,#CAEEED
91.5,-2.25,65.375,#FFE564
91.5,1.875,71.0,#FFE257
91.5,4.125,54.625,#FFE17C
91.5,8.375,-13.75,#EBE2FF
91.5,13.625,65.75,#FFDA65
91.625,-56.625,5.625,#3AFFDA
91.625,-19.25,126.875,#F6EE00
91.6875,8.375,71.5,#FFDE57
91.75,-25.125,20.25,#C4F4C0
91.8125,-25.875,65.875,#DEF361
91.8125,2.625,40.125,#FFE39A
91.8125,7.875,36.0,#FFE0A3
91.8125,11.375,84.125,#FFDC33
91.875,-56.125,122.25,#AFFF00
91.875,-9.875,9.25,#DBEDD6
91.875,3.125,126.875,#FFE100
91.875,27.125,17.25,#FFD4C8
91.9375,-69.625,35.5,#43FFA0
91.9375,-51.25,18.5,#79FFC3
91.9375,-46.625,-14.0,#2CFFFF
91.9375,-4.125,26.25,#F3E9B5
91.9375,18.625,52.5,#FFD883
92.0,-55.5,107.5,#AEFF00
92.0625,-77.375,37.625,#00FF9C
92.0625,-67.625,70.375,#7EFF53
92.125,-44.5,86.0,#C1FC1D
92.125,-21.0,4.125,#BEF4E0
92.25,-57.875,41.625,#83FF95
92.25,-56.75,32.25,#7BFFA8
92.25,-34.25,49.0,#C6F987
92.3125,-63.25,78.625,#91FF3B
92.3125,-46.5,60.0,#B1FE6F
92.3125,-29.5,120.875,#E6F500
92.3125,-22.875,109.5,#F0F200
92.3125,-12.125,74.125,#FBEC50
92.3125,0.0,59.625,#FFE673
92.3125,0.75,5.625,#EFE8DE
92.375,-34.875,-8.375,#84FCF8
92.375,-16.375,8.875,#CFF2D8
92.375,-12.25,126.75,#FFEC00
92.375,14.625,75.5,#FFDC50
92.4375,-48.25,73.875,#B5FF4C
92.5,-19.0,15.75,#CFF3CB
92.5,-4.75,71.5,#FFE958
92.5625,-76.625,46.125,#2DFF8C
92.5625,-75.875,66.625,#5CFF5D
92.5625,-65.25,20.625,#35FFC0
92.5625,-40.0,54.875,#BEFC7B
92.5625,-36.625,36.125,#B9FBA2
92.5625,-22.75,50.0,#DFF487
92.5625,-21.625,-4.0,#B4F6F1
92.5625,-7.75,95.5,#FFEA00
92.5625,-5.125,43.0,#FDEA96
92.5625,0.0,116.25,#FFE500
92.5625,0.75,-5.25,#E6EAF4
92.5625,9.75,47.5,#FFE18E
92.5625,17.875,24.0,#FFDCBD
92.625,-48.875,116.875,#C1FF00
92.625,-36.5,13.0,#A2FCD0
92.6875,-41.375,91.75,#CBFC00
92.6875,-14.875,33.0,#E5F1AA
92.6875,-11.5,58.625,#F8EE76
92.75,-41.0,76.875,#C7FC45
92.875,-64.5,97.25,#98FF00
92.875,-1.375,0.25,#E8EBEA
93.0,-49.5,-3.75,#4EFFF1
93.0,-36.25,115.5,#DBFA00
93.0,-25.25,35.0,#D2F7A6
93.0,-9.375,37.5,#F3EEA2
93.0625,-2.75,88.875,#FFE91F
93.0625,-2.25,17.375,#F4EBCA
93.125,-68.75,46.0,#62FF8E
93.125,-45.75,16.125,#8CFFCB
93.125,-5.5,-0.5,#DFEFEC
93.125,6.75,88.0,#FFE327
93.1875,-44.375,1.875,#78FFE6
93.1875,-28.25,82.5,#E3F736
93.1875,-12.625,109.875,#FFEF00
93.25,-35.0,90.625,#D9FB00
93.3125,-47.5,92.25,#C0FF00
93.4375,-3.0,126.875,#FFE900
93.4375,-2.0,48.5,#FFEB8E
93.4375,14.0,-12.375,#FDE4FF
93.5,-72.125,59.0,#66FF73
93.5,-69.125,79.75,#84FF3A
93.5,-54.875,69.25,#A6FF5B
93.5,-52.125,36.375,#93FFA4
93.5,-50.625,48.375,#A2FF8B
93.5,-41.75,108.0,#D0FE00
93.5,-31.625,27.0,#BFFCB7
93.5,-30.75,0.375,#A4FDEB
93.5,-28.5,8.5,#B4FBDB
93.5,-14.875,21.125,#DFF4C3
93.5,-9.5,83.5,#FFEE37
93.5,6.125,7.25,#FEE8DF
93.5,10.875,5.875,#FFE5E1
93.5,19.5,1.125,#FFDFEB
93.75,-59.375,84.375,#A3FF2A
93.75,-53.25,13.125,#6CFFD2
93.75,-8.875,21.25,#ECF1C4
93.8125,-63.25,64.375,#8CFF67
93.8125,18.25,16.25,#FFE0CF
93.875,-2.0,33.5,#FFECAD
93.9375,3.25,64.75,#FFE86D
94.0625,-59.875,25.375,#69FFBB
94.0625,-13.25,15.0,#DFF5D1
94.125,8.375,25.5,#FFE7BE
94.1875,-56.875,54.375,#98FF80
94.25,-47.875,102.25,#C5FF00
94.25,-18.125,43.375,#EAF699
94.3125,3.5,46.125,#FFEA95
94.375,-55.875,62.875,#A2FF6D
94.4375,-4.125,8.625,#EEF1DE
94.4375,13.125,-0.125,#FFE7F0
94.4375,17.375,-4.5,#FFE4F8
94.5,-32.875,73.125,#DBFE56
94.5,-18.0,-10.625,#BAFAFF
94.5625,-53.25,27.125,#87FFB9
94.5625,-49.25,67.375,#B5FF63
94.5625,-38.125,84.875,#D5FF30
94.5625,-37.25,60.5,#CDFF74
94.5625,-35.125,4.625,#A0FFE5
94.5625,-34.625,20.0,#B4FFC8
94.5625,-27.875,115.125,#EFFB00
94.5625,-21.625,98.875,#F8F800
94.5625,-18.375,83.875,#FAF638
94.5625,-17.5,93.0,#FEF500
94.5625,-11.125,121.125,#FFF100
94.5625,-9.625,67.5,#FFF267
94.5625,-1.25,79.125,#FFEC4A
94.6875,-42.375,40.875,#B5FF9E
94.6875,8.375,41.25,#FFE8A0
94.75,-43.125,118.75,#D3FF00
94.75,-20.75,29.875,#DDFAB5
94.8125,-39.0,46.375,#C1FF93
95.0,-17.875,120.75,#FFF600
95.0,9.0,-8.875,#FBECFF
95.1875,-56.125,101.625,#B5FF00
95.1875,-53.125,96.375,#BBFF00
95.25,-5.0,61.25,#FFF177
95.3125,4.375,-4.5,#F6EFFA
95.375,-24.375,25.0,#D3FEC0
95.375,-23.75,56.125,#E8FC81
95.375,7.25,58.0,#FFEA80
95.4375,-28.0,109.125,#F1FD00
95.4375,-26.5,76.125,#EBFD51
95.5,-54.625,90.125,#B6FF0F
95.5,-48.5,80.625,#C0FF41
95.5,-43.125,69.375,#C7FF62
95.5,-18.5,61.875,#F5F975
95.5,-9.0,51.875,#FFF48C
95.5,-8.25,31.125,#F9F5B6
95.6875,-26.125,90.375,#F1FD1C
95.75,-31.125,53.75,#D9FF87
95.75,4.125,30.625,#FFEEB8
95.8125,-41.375,33.875,#B4FFAF
95.8125,12.875,14.375,#FFEAD8
95.875,-45.75,25.875,#A0FFBF
95.875,-8.375,89.625,#FFF427
96.125,-36.875,100.75,#E1FF00
96.1875,-56.375,75.375,#ADFF52
96.1875,-30.25,42.0,#D6FFA1
96.25,-23.75,120.75,#FDFD00
96.25,9.25,19.625,#FFEDCF
96.3125,-24.625,-7.625,#B1FFFF
96.3125,4.75,15.25,#FFF0D7
96.375,-35.375,78.25,#DEFF4D
96.375,-21.0,11.625,#D2FFDD
96.4375,-15.0,-0.125,#D4FDF4
96.4375,-14.625,78.0,#FFFA51
96.4375,-10.375,4.0,#E3FBED
96.5,-31.0,-6.375,#A1FFFF
96.5,1.5,9.875,#FFF3E2
96.5625,-44.125,96.125,#D2FF00
96.5625,-37.375,67.375,#D6FF6A
96.5625,-30.125,102.5,#EFFF00
96.5625,-27.625,14.375,#C6FFD8
96.5625,-17.0,115.0,#FFFB00
96.5625,-7.25,76.0,#FFF658
96.625,-6.0,-5.875,#E3F9FF
96.75,-42.25,63.0,#CAFF74
96.8125,-31.0,65.0,#E2FF71
96.8125,-19.375,72.625,#FCFD60
97.0,-16.125,53.0,#FAFD8D
97.0,-12.375,-5.875,#D5FEFF
97.0625,-22.875,66.125,#F4FF70
97.0625,-17.125,108.875,#FFFC00
97.3125,-13.25,25.5,#F1FDC5
97.3125,-2.5,21.625,#FFF7CD
97.375,-17.625,38.25,#F1FFAC
97.375,7.875,0.125,#FFF2F7
97.4375,-26.625,46.625,#E4FF9B
97.4375,-21.625,1.375,#C8FFF4
97.5,-36.25,41.0,#CBFFA6
97.5,-32.125,86.875,#EAFF34
97.5,-28.125,31.875,#D7FFB9
97.5,-22.75,18.25,#D7FFD4
97.5,-11.5,42.5,#FFFCA4
97.5,-6.875,13.875,#F6FBDD
97.5,3.5,2.25,#FFF5F4
97.875,-6.375,39.375,#FFFAAC
98.0,-16.125,6.75,#DDFFEC
98.0,0.5,-2.625,#F8F9FE
98.125,-34.75,34.875,#CCFFB4
98.25,-37.75,92.5,#E3FF18
98.3125,-22.5,34.375,#E7FFB6
98.3125,-0.125,27.25,#FFF8C5
98.5625,-28.5,95.25,#F7FF00
98.5625,-24.875,83.0,#FAFF47
98.5625,-4.125,3.875,#F6FDF3
98.5625,-2.125,14.625,#FFFBDE
99.125,-13.875,60.625,#FFFF83
99.3125,-11.625,10.5,#EEFFE8
99.375,-19.875,78.375,#FFFF58
99.5,-22.0,50.125,#F5FF99
99.625,-20.875,43.75,#F4FFA7
99.6875,-17.375,29.25,#F2FFC4
1.28125,44.3125,-39.6875,#22003E
8.15625,68.0625,-52.5625,#420061
9.53125,29.8125,-56.6875,#00116B
23.09375,122.0625,-122.6875,#5000FE
25.59375,-61.8125,33.8125,#004D00
25.78125,-23.1875,44.1875,#2A4500
25.90625,-41.5625,44.0625,#004A00
26.53125,-105.5625,7.5625,#005631
27.84375,-106.9375,24.9375,#005916
28.28125,96.3125,-20.8125,#B00065
28.53125,46.1875,-61.6875,#4828A5
29.03125,16.9375,-61.1875,#0043A5
29.53125,-103.4375,17.6875,#005D27
30.78125,-80.1875,21.0625,#005E24
31.40625,126.9375,-104.0625,#A100F6
31.59375,-42.8125,18.5625,#00592B
32.84375,-67.9375,-15.8125,#006365
33.28125,-36.5625,1.0625,#005C4C
33.40625,97.6875,-107.6875,#6600FF
33.53125,19.8125,-70.6875,#004DC2
34.03125,-29.1875,-46.9375,#00609B
34.03125,-18.4375,-8.4375,#16595D
34.53125,-107.0625,37.0625,#006B06
34.59375,-97.6875,27.6875,#006A20
34.71875,-46.9375,-31.0625,#006582
35.84375,-117.6875,41.4375,#006F00
35.96875,-34.3125,-30.3125,#006485
36.34375,75.8125,-107.1875,#1C1FFF
36.40625,34.4375,-66.1875,#3348C2
37.03125,-88.5625,14.3125,#00703E
37.09375,35.5625,5.8125,#8D3D4F
37.40625,-49.5625,48.6875,#006900
37.78125,14.0625,-50.1875,#2156AB
38.15625,89.8125,-99.1875,#7900FF
38.53125,9.8125,7.8125,#6F554F
38.53125,118.0625,-54.0625,#DB00B5
38.59375,-71.8125,54.3125,#007100
38.59375,-33.4375,3.0625,#006855
39.03125,-64.8125,55.1875,#007000
39.28125,65.8125,-103.1875,#0038FF
39.40625,23.4375,-52.3125,#4455B3
39.65625,-5.1875,4.3125,#586056
39.71875,-42.1875,-17.5625,#006F79
39.84375,118.3125,-96.3125,#B900FF
40.21875,67.3125,-40.4375,#A619A2
40.34375,-55.0625,18.4375,#00723F
40.53125,-83.1875,51.9375,#007800
40.53125,125.1875,-89.4375,#CE00F8
40.78125,-122.8125,3.4375,#007F58
41.28125,73.5625,-98.3125,#5C2DFF
41.46875,-2.0625,-33.3125,#286698
42.28125,96.9375,-95.9375,#9C00FF
42.65625,-106.0625,28.6875,#008230
43.59375,-101.3125,-5.6875,#00856E
43.84375,-47.5625,58.9375,#1D7800
43.84375,107.3125,-91.0625,#BA00FF
43.96875,-118.1875,-6.5625,#008871
44.03125,-48.3125,48.3125,#107900
44.21875,-81.0625,-27.6875,#008595
44.21875,-14.0625,-14.9375,#357081
44.28125,55.9375,-37.5625,#A33DA8
44.34375,113.0625,-32.0625,#F300A1
44.59375,35.6875,-86.9375,#005FFE
44.59375,69.8125,-92.1875,#6F3BFF
44.65625,-93.6875,52.3125,#008500
44.96875,-71.8125,46.9375,#008205
45.21875,-89.3125,60.4375,#008600
45.40625,-42.0625,-33.4375,#007FA2
45.40625,-33.0625,-49.6875,#007EBE
45.40625,7.1875,-19.8125,#66698C
45.46875,79.4375,-93.1875,#872AFF
45.46875,89.6875,-76.6875,#B400EF
45.53125,-90.8125,37.5625,#008725
45.59375,-9.8125,65.9375,#756F00
45.65625,-47.3125,22.9375,#007E44
46.40625,100.9375,-49.8125,#E000C4
46.65625,-24.8125,-56.6875,#007FCE
46.78125,105.3125,-0.6875,#FC0074
46.84375,115.6875,-74.6875,#E200F0
46.90625,26.6875,-90.0625,#006CFF
47.09375,0.4375,-81.5625,#0079FB
47.15625,12.6875,-88.4375,#0074FF
47.15625,114.6875,-84.9375,#D800FF
47.21875,22.4375,-37.5625,#7266AF
47.34375,-94.9375,15.3125,#008E54
47.53125,-82.9375,50.9375,#008B00
47.53125,84.5625,-87.1875,#A31DFF
47.78125,-47.0625,-47.6875,#0088C1
47.78125,49.8125,-88.9375,#425BFF
47.96875,91.0625,2.5625,#F00071
48.03125,-28.3125,30.8125,#517D3C
48.40625,2.1875,7.3125,#7C7167
49.15625,31.8125,-87.1875,#006DFF
49.15625,60.5625,-81.8125,#7F50FF
49.21875,78.4375,-48.9375,#C920CA
49.28125,-77.8125,-27.5625,#0092A2
49.53125,121.8125,-67.3125,#FA00EB
49.71875,-63.5625,31.5625,#008D3D
49.78125,-51.9375,-5.6875,#008B7F
49.90625,87.9375,-82.8125,#B715FF
50.40625,-74.0625,69.5625,#009100
50.53125,86.8125,75.4375,#FE0000
50.53125,97.5625,31.8125,#FF0049
50.71875,101.3125,15.3125,#FF0064
50.90625,-47.4375,85.9375,#3F8B00
51.15625,85.0625,87.9375,#FF0000
51.21875,-20.8125,-51.1875,#0088D1
51.40625,99.9375,-51.9375,#EC00D6
51.46875,-66.3125,76.3125,#009200
51.46875,53.8125,-83.6875,#705EFF
51.53125,15.6875,-82.6875,#007CFF
51.59375,-24.9375,-68.1875,#008DF0
51.65625,85.5625,-48.6875,#DB08D0
51.71875,70.8125,-17.1875,#DB359A
51.78125,-68.1875,28.3125,#009448
52.09375,0.1875,-82.8125,#0086FF
52.46875,-76.4375,52.4375,#00970A
52.46875,-14.3125,74.4375,#828200
52.46875,62.6875,-77.1875,#9755FF
52.46875,113.5625,-44.0625,#FF00CB
52.65625,108.8125,-23.1875,#FF00A8
52.90625,-95.9375,24.0625,#009D51
52.90625,-66.4375,48.4375,#00961D
52.96875,-9.6875,-62.5625,#008AEB
53.15625,-90.3125,14.5625,#009D63
53.21875,107.0625,-16.9375,#FF009F
53.28125,-72.8125,74.6875,#009800
53.46875,34.6875,-22.8125,#A86AA8
53.46875,100.1875,-78.4375,#DC00FF
53.53125,-65.8125,-8.5625,#009A8D
53.53125,-41.3125,-0.0625,#00927F
53.53125,37.6875,-61.8125,#7E6EEC
53.78125,-25.1875,-31.4375,#008FB6
54.03125,110.4375,-74.1875,#F200FF
54.09375,-3.5625,15.9375,#868266
54.78125,-63.4375,30.5625,#009B4B
54.84375,115.3125,-64.3125,#FF00F6
54.96875,40.4375,-48.4375,#9C6DD8
55.09375,-91.9375,53.1875,#00A210
55.40625,84.0625,77.5625,#FF0000
55.40625,92.9375,42.1875,#FF0043
55.46875,-44.0625,88.3125,#559600
55.59375,-56.6875,85.3125,#2F9A00
55.65625,86.5625,-73.5625,#D230FF
55.71875,-78.0625,72.9375,#00A000
55.84375,-81.5625,-17.8125,#00A5A3
55.90625,30.6875,-73.0625,#547BFF
56.09375,-7.0625,-52.4375,#008FE2
56.15625,-116.9375,71.1875,#00A900
56.15625,-39.6875,-22.8125,#009AAD
56.65625,5.3125,-70.8125,#008DFF
56.84375,94.6875,-70.8125,#E50EFF
56.90625,41.0625,-72.5625,#7A75FF
56.96875,-21.4375,47.5625,#7D912F
57.28125,-30.6875,68.6875,#739600
57.34375,109.9375,-43.4375,#FF00D8
57.40625,-18.5625,80.6875,#8A9100
57.46875,86.9375,52.3125,#FF0035
57.53125,-117.5625,-6.6875,#00B093
57.53125,78.3125,81.0625,#FF2A00
57.59375,80.5625,95.4375,#FF2100
57.65625,81.8125,87.5625,#FF1C00
57.65625,104.5625,-20.1875,#FF00B1
57.84375,65.9375,-56.8125,#C85AF0
58.09375,57.9375,-72.0625,#A668FF
58.15625,88.4375,60.4375,#FF0026
58.46875,-90.0625,15.9375,#00AC6E
58.59375,-40.5625,-47.5625,#00A3E0
58.59375,-17.9375,-52.8125,#009BE9
58.96875,-67.5625,-30.8125,#00ABC2
59.15625,-54.8125,-9.8125,#00A69E
59.34375,16.9375,-70.8125,#1E8DFF
59.40625,-64.6875,-17.9375,#00AAAD
59.40625,44.9375,-68.6875,#9378FF
59.53125,-73.3125,-42.6875,#00AFD9
59.59375,-64.0625,-48.4375,#00ADE4
59.65625,-23.8125,52.5625,#82992A
59.65625,106.0625,-57.6875,#FF00F8
59.90625,-43.6875,27.6875,#43A35D
59.90625,105.0625,-31.9375,#FF00CB
60.03125,96.9375,-66.1875,#F715FF
60.40625,-106.3125,18.0625,#00B56F
60.40625,-69.6875,60.8125,#00AB01
60.40625,77.3125,-61.6875,#DD51FF
60.46875,-1.9375,-42.4375,#4997DC
60.59375,35.4375,29.6875,#D87760
60.65625,46.0625,-37.0625,#C274D4
60.84375,-60.5625,7.1875,#00AC84
60.90625,-0.1875,-62.4375,#0099FF
61.09375,91.6875,26.6875,#FF006A
61.15625,97.1875,-46.0625,#FF00E7
61.59375,82.1875,61.3125,#FF312B
61.78125,81.4375,77.8125,#FF3300
61.90625,95.0625,9.8125,#FF0089
62.03125,76.9375,99.9375,#FF4000
62.03125,85.8125,56.0625,#FF2638
62.15625,93.4375,-0.3125,#FF019B
62.15625,93.6875,16.8125,#FF007E
62.21875,16.9375,-65.3125,#4F93FF
62.34375,79.5625,84.4375,#FF3B00
62.34375,94.3125,-60.5625,#FF2DFF
62.46875,87.3125,48.1875,#FF2348
62.46875,92.4375,-29.3125,#FF24CD
62.53125,4.6875,43.0625,#B69249
62.59375,-56.6875,17.9375,#00AF76
62.78125,27.4375,-63.1875,#7C8DFF
62.90625,68.5625,-54.6875,#DE64FB
62.96875,-98.6875,45.4375,#00BA3F
62.96875,-28.9375,68.1875,#86A400
63.03125,102.6875,-47.5625,#FF00EF
63.09375,82.6875,-61.5625,#EF4FFF
63.46875,-96.1875,-22.8125,#00BEC0
63.53125,-86.6875,-25.6875,#00BCC6
63.53125,97.9375,-15.0625,#FF00B8
64.09375,0.8125,100.1875,#BD9800
64.28125,-65.8125,-28.5625,#00B9CD
64.34375,-110.9375,9.9375,#00C287
64.46875,-85.3125,49.3125,#00BB3A
64.46875,-8.3125,-12.3125,#7EA2B2
64.46875,92.8125,-11.8125,#FF26B4
64.65625,73.8125,-1.1875,#FF57A2
64.65625,88.3125,23.1875,#FF2F79
64.84375,61.9375,-29.5625,#EE6DD3
64.90625,73.4375,90.6875,#FF5100
64.96875,92.3125,5.0625,#FF2599
65.09375,-80.8125,27.9375,#00BC69
65.09375,-35.4375,-57.8125,#00B4FF
65.15625,72.0625,98.1875,#FF5400
65.15625,82.1875,-55.9375,#F955FF
65.15625,83.9375,32.0625,#FF3E6A
65.21875,-93.3125,41.9375,#00C04C
65.21875,76.8125,79.9375,#FF4C00
65.28125,-72.1875,40.5625,#00BA50
65.28125,-61.3125,3.1875,#00B897
65.28125,77.4375,73.6875,#FF4B10
65.28125,98.5625,-39.6875,#FF1CE8
65.40625,-31.1875,-1.3125,#50AEA0
65.46875,42.1875,-57.9375,#B188FF
65.53125,43.0625,-26.3125,#D583CF
65.71875,-87.1875,31.9375,#00C062
65.71875,-42.3125,-15.3125,#00B4BA
65.90625,9.5625,85.0625,#CF9700
65.96875,-123.8125,4.1875,#00CA96
66.21875,100.3125,-52.0625,#FF22FF
66.28125,91.9375,-56.6875,#FF44FF
66.46875,-29.1875,88.5625,#93AD00
66.46875,-28.1875,48.3125,#8AAD46
66.53125,-65.6875,-39.1875,#00C0E7
66.53125,89.8125,-2.9375,#FF39AB
66.90625,-78.0625,67.9375,#00C000
67.03125,58.4375,-56.3125,#D67CFF
67.03125,98.3125,-45.5625,#FF2DF7
67.28125,64.6875,-56.1875,#E275FF
67.46875,93.3125,-25.5625,#FF39D5
67.78125,-18.8125,-30.4375,#3DB1DB
67.96875,72.9375,63.6875,#FF5D34
68.03125,-26.5625,60.6875,#96B12B
68.09375,-17.9375,-50.6875,#00B4FF
68.15625,-56.8125,6.0625,#00BF9A
68.34375,-58.5625,-27.0625,#00C2D6
68.59375,-52.9375,32.0625,#3FBE6B
68.59375,90.6875,-48.4375,#FF4DFF
69.09375,77.1875,51.6875,#FF5950
69.21875,81.5625,27.0625,#FF537D
69.34375,-10.9375,-50.4375,#00B4FF
69.34375,93.9375,-39.1875,#FF44F2
69.40625,69.8125,88.6875,#FF6500
69.78125,36.3125,34.8125,#F78F6D
69.90625,-97.9375,20.6875,#00CF82
69.90625,56.9375,-48.5625,#E584FF
70.03125,-72.8125,47.5625,#00C84E
70.15625,73.5625,32.4375,#FF6475
70.15625,89.3125,-34.5625,#FF51EC
70.21875,-104.1875,4.0625,#00D2A2
70.46875,-63.4375,68.5625,#43C60A
70.53125,-55.0625,-48.9375,#00C9FF
70.59375,-94.4375,44.4375,#00CF55
70.78125,2.4375,24.1875,#C2AA81
70.96875,-56.4375,76.1875,#61C400
70.96875,67.8125,54.8125,#FF6E4D
70.96875,86.4375,-14.6875,#FF56CB
71.03125,80.3125,13.5625,#FF5D99
71.15625,-33.3125,86.5625,#99BC00
71.28125,-3.1875,71.8125,#CAAD10
71.34375,16.8125,-48.9375,#96A9FF
71.40625,-91.9375,-18.1875,#00D4CE
71.46875,50.0625,111.9375,#FF8400
71.53125,4.8125,-7.0625,#B2ADBC
71.59375,-28.3125,56.0625,#9BBB41
71.59375,84.9375,-39.3125,#FF60F9
71.84375,45.8125,33.3125,#FF8C76
71.90625,-68.3125,17.6875,#00CD8E
71.90625,-61.9375,-10.9375,#00CCC2
71.90625,62.8125,93.0625,#FF7600
71.96875,66.3125,81.3125,#FF7200
72.03125,-13.8125,81.0625,#BDB500
72.03125,69.1875,61.3125,#FF6F43
72.28125,-19.5625,51.9375,#ACB94D
72.34375,-28.1875,91.6875,#A7BD00
72.40625,-52.4375,-35.8125,#00CCF2
72.71875,35.6875,-38.3125,#D19EF9
72.78125,-70.9375,52.5625,#00CF49
72.84375,83.0625,-19.3125,#FF63D8
73.03125,-85.4375,-8.3125,#00D7C0
73.09375,77.8125,-7.9375,#FF6BC5
73.40625,-22.0625,61.4375,#AEBD39
73.46875,-32.6875,101.8125,#A3C200
73.53125,-62.5625,-42.4375,#00D4FF
73.53125,71.8125,26.9375,#FF7288
73.59375,84.9375,-27.9375,#FF64EA
73.65625,61.8125,71.9375,#FF7D2C
74.03125,64.3125,47.9375,#FF7C62
74.09375,63.5625,-39.6875,#FF87FF
74.15625,56.6875,-39.8125,#F98EFF
74.21875,-76.9375,66.5625,#00D525
74.21875,-50.5625,-21.6875,#00D0DD
74.21875,54.6875,97.3125,#FF8700
74.21875,63.9375,64.0625,#FF7C41
74.28125,54.6875,82.6875,#FF8700
74.34375,34.1875,-44.8125,#CBA4FF
74.53125,54.8125,109.5625,#FF8700
74.65625,71.3125,4.9375,#FF78B2
74.71875,45.4375,105.8125,#FF9100
74.78125,52.8125,-15.9375,#FF91D7
74.84375,-110.4375,98.4375,#00DF00
74.84375,45.8125,91.9375,#FF9200
74.90625,77.9375,-28.4375,#FF74EF
75.03125,-97.6875,14.0625,#00DF9C
75.03125,-31.6875,-41.9375,#00CCFF
75.65625,2.4375,20.6875,#CDB895
75.71875,67.6875,-8.1875,#FF82CC
75.78125,-47.8125,91.9375,#8ACF00
75.96875,-34.9375,57.1875,#9BCA4A
76.15625,-94.8125,46.9375,#00E05E
76.15625,52.1875,61.5625,#FF904A
76.34375,-122.1875,29.0625,#00E882
76.40625,9.6875,-40.6875,#A0BAFF
76.59375,29.1875,67.1875,#FFA63B
76.65625,-77.1875,-12.0625,#00DFD1
76.78125,62.4375,32.5625,#FF8785
77.15625,51.1875,93.3125,#FF9200
77.46875,-72.8125,86.1875,#41DC00
77.46875,32.3125,-39.9375,#D6ADFF
77.46875,56.1875,71.3125,#FF8E37
77.53125,-121.3125,97.5625,#00EA00
77.53125,48.0625,113.1875,#FF9600
77.59375,-17.8125,-37.8125,#4ACDFF
77.78125,61.3125,8.1875,#FF8DB4
77.84375,62.4375,18.0625,#FF8BA2
77.90625,47.3125,86.9375,#FF9900
78.03125,72.9375,-27.1875,#FF84F5
78.34375,-39.6875,111.3125,#A6D200
78.40625,31.3125,86.6875,#FFA800
78.40625,60.1875,50.3125,#FF8D68
78.46875,-120.8125,40.6875,#00ED70
78.46875,8.0625,105.9375,#F6B900
78.78125,47.5625,-35.9375,#FBA4FF
78.84375,16.5625,81.6875,#FFB500
78.90625,-85.9375,12.9375,#00E7A9
78.96875,-105.8125,21.0625,#00EC99
78.96875,-69.4375,6.6875,#00E2B5
79.09375,-65.9375,70.3125,#59DF2A
79.15625,-122.5625,21.8125,#00F197
79.40625,-106.5625,31.1875,#00ED86
79.40625,-87.1875,-9.1875,#00EAD3
79.53125,-96.3125,-7.3125,#00EDD0
79.53125,-71.8125,-30.5625,#00E7FC
79.53125,54.1875,-7.0625,#FF9CD4
79.59375,28.6875,92.3125,#FFAE00
79.65625,-124.1875,87.1875,#00F100
79.71875,41.9375,108.9375,#FFA200
79.90625,-27.1875,123.5625,#C3D100
80.28125,43.8125,97.1875,#FFA200
80.46875,-105.3125,0.5625,#00F2C4
80.46875,51.0625,65.6875,#FF9C4C
80.59375,-52.4375,-32.6875,#00E4FF
80.78125,47.0625,73.3125,#FFA13A
81.09375,-120.1875,91.9375,#00F400
81.34375,39.6875,71.0625,#FFAA40
81.40625,40.5625,116.4375,#FFA800
81.46875,12.4375,37.1875,#F7C085
81.53125,-92.9375,2.4375,#00F1C3
81.59375,8.9375,86.1875,#FFC100
81.71875,63.8125,-28.0625,#FF9AFF
81.84375,-116.1875,38.6875,#00F77D
81.90625,-119.1875,28.4375,#00F892
81.90625,28.6875,-30.1875,#E7BBFF
82.15625,-102.1875,5.9375,#00F6BE
82.40625,-101.3125,23.0625,#00F59E
82.46875,-62.4375,82.0625,#76E700
82.46875,43.8125,55.0625,#FFAA67
82.53125,28.8125,117.6875,#FFB500
82.59375,50.3125,38.4375,#FFA488
82.65625,-56.4375,25.8125,#53E79B
82.78125,38.4375,95.9375,#FFAE00
82.78125,57.0625,-13.6875,#FFA3E9
82.84375,-110.8125,98.3125,#00F700
82.84375,-6.6875,106.0625,#EDCE00
82.90625,-36.8125,93.6875,#B7DE00
82.96875,40.0625,88.1875,#FFAD00
83.09375,-48.1875,74.6875,#9AE42B
83.21875,-102.3125,108.3125,#00F600
83.21875,34.0625,-27.8125,#F7BAFF
83.40625,-118.6875,81.8125,#00FB00
83.40625,-105.9375,41.5625,#00F97C
83.65625,-91.3125,99.0625,#00F400
83.71875,-110.9375,36.4375,#00FB87
83.71875,-54.0625,43.5625,#78E97B
83.90625,-104.4375,17.9375,#00FBAC
84.03125,-78.5625,32.3125,#00F391
84.03125,-77.1875,-5.1875,#00F4D9
84.21875,-0.9375,88.5625,#F8CF00
84.28125,48.1875,16.9375,#FFADB5
84.34375,-110.1875,30.4375,#00FD95
84.53125,32.0625,77.0625,#FFB937
84.53125,42.9375,40.3125,#FFB189
84.59375,-94.8125,7.3125,#00FBC3
84.65625,-100.3125,39.5625,#00FB83
84.65625,-94.1875,14.0625,#00FAB6
84.84375,15.9375,113.1875,#FFC500
84.84375,47.8125,0.1875,#FFB0D5
84.96875,-51.1875,86.5625,#9DEA00
85.03125,-87.4375,-0.5625,#00FAD3
85.09375,-104.5625,99.9375,#00FC00
85.34375,37.9375,16.5625,#FFB9B8
85.40625,4.4375,-24.3125,#C5D5FF
85.84375,-8.4375,25.9375,#DADAA5
85.84375,24.4375,97.0625,#FFC200
85.90625,-96.9375,30.6875,#00FE99
85.96875,48.6875,-12.6875,#FFB4F0
86.03125,-17.5625,-22.9375,#8FE3FF
86.09375,30.3125,63.6875,#FFBF5D
86.28125,-101.4375,56.3125,#00FF63
86.34375,21.5625,115.0625,#FFC500
86.40625,28.0625,111.1875,#FFC000
86.40625,40.8125,46.9375,#FFB881
86.40625,53.8125,-19.0625,#FFB1FE
86.46875,35.8125,72.5625,#FFBB4A
86.53125,9.4375,111.8125,#FFCE00
86.78125,25.9375,79.4375,#FFC435
86.84375,-94.4375,24.8125,#00FFA7
87.28125,-68.0625,-16.6875,#00FCF8
87.28125,6.9375,85.9375,#FFD215
87.46875,-102.3125,50.3125,#00FF74
87.59375,-74.8125,10.1875,#00FDC6
87.59375,6.0625,122.8125,#FFD300
87.71875,-33.9375,82.4375,#C8EA1E
87.96875,34.1875,46.3125,#FFC286
88.03125,22.4375,62.8125,#FFCA63
88.09375,-103.9375,67.5625,#00FF4C
88.09375,-72.4375,75.6875,#63FC35
88.09375,13.5625,-6.3125,#F2D5E9
88.09375,39.0625,21.8125,#FFBFB6
88.21875,19.5625,79.1875,#FFCC3A
88.96875,-67.9375,-3.1875,#00FFE3
89.21875,-45.8125,111.0625,#BBF400
89.21875,6.8125,96.4375,#FFD800
89.28125,-94.1875,78.9375,#00FF29
89.34375,26.0625,30.9375,#FFCDA7
89.46875,36.9375,1.5625,#FFC6DF
89.59375,-39.5625,1.9375,#7FF6DC
89.65625,11.4375,102.6875,#FFD600
89.71875,28.4375,46.0625,#FFCB8B
89.78125,-77.3125,16.1875,#00FFC0
89.90625,19.1875,38.5625,#FFD399
89.96875,-52.1875,89.8125,#ABF900
90.03125,21.8125,69.4375,#FFD059
90.15625,-86.4375,55.8125,#00FF70
90.15625,-84.9375,29.6875,#00FFA7
90.15625,13.3125,114.6875,#FFD600
90.15625,23.1875,25.6875,#FFD1B3
90.34375,-84.1875,102.5625,#4BFF00
90.34375,19.6875,86.8125,#FFD225
90.40625,-95.3125,53.1875,#00FF76
90.53125,12.9375,54.3125,#FFD87B
90.78125,-28.5625,-12.6875,#8DF5FC
91.03125,13.9375,33.5625,#FFDAA6
91.21875,-80.8125,95.8125,#5BFF00
91.28125,3.4375,76.8125,#FFE047
91.34375,-50.5625,-9.4375,#15FFF7
91.53125,0.8125,22.8125,#F9E5BB
91.53125,5.5625,118.3125,#FFDF00
91.71875,-72.4375,30.1875,#00FFAA
91.90625,-81.3125,87.1875,#55FF00
92.03125,-74.0625,53.4375,#4FFF7B
92.03125,-55.6875,113.5625,#AFFF00
92.15625,-66.6875,9.8125,#00FFD4
92.34375,-62.5625,114.4375,#A0FF00
92.34375,11.3125,93.9375,#FFDD00
92.40625,-35.6875,-14.4375,#73FDFF
92.59375,-75.4375,78.3125,#69FF3B
92.59375,-40.9375,19.6875,#9EFEC2
92.59375,22.9375,12.6875,#FFD9D2
92.71875,-45.9375,53.9375,#B0FF7D
92.71875,-44.0625,7.9375,#83FFD9
92.84375,-74.1875,72.4375,#6AFF4F
92.84375,9.1875,78.0625,#FFE149
93.15625,-51.9375,42.4375,#98FF96
93.21875,-66.1875,26.5625,#46FFB6
93.21875,-36.4375,-1.6875,#8EFFEE
93.28125,-49.1875,108.0625,#C0FF00
93.40625,-59.0625,48.8125,#8AFF89
93.40625,1.9375,105.1875,#FFE600
93.46875,-72.9375,41.4375,#43FF98
93.46875,-1.4375,-10.8125,#DEEEFF
93.59375,-61.6875,58.5625,#8BFF74
93.90625,-24.1875,42.3125,#DCF99A
94.15625,-66.3125,90.3125,#94FF00
94.15625,-61.4375,35.5625,#74FFA7
94.15625,-7.5625,101.3125,#FFEE00
94.28125,-2.3125,54.4375,#FFED84
94.34375,-70.1875,65.4375,#78FF66
94.34375,-36.5625,30.3125,#B9FFB3
94.34375,13.8125,38.6875,#FFE3A5
94.40625,14.4375,28.5625,#FFE4B9
94.46875,-49.9375,7.3125,#70FFDF
94.46875,-15.6875,67.8125,#FAF565
94.53125,-36.0625,109.6875,#DFFF00
94.53125,-6.3125,116.8125,#FFEF00
94.65625,-2.3125,98.4375,#FFED00
94.71875,-35.0625,121.1875,#E3FF00
94.90625,-44.9375,112.9375,#CFFF00
95.03125,-13.5625,101.8125,#FFF400
95.21875,-49.6875,86.6875,#BFFF27
95.21875,-24.1875,126.6875,#F9FA00
95.28125,-45.3125,46.1875,#B3FF95
95.40625,-54.5625,81.0625,#B2FF3E
95.59375,-51.0625,55.1875,#ACFF82
95.59375,-27.6875,70.1875,#E7FE61
95.78125,-21.4375,104.8125,#FDFB00
96.03125,-46.6875,36.6875,#AAFFAA
96.34375,-28.9375,20.9375,#C8FFCB
96.34375,-0.9375,68.6875,#FFF16A
96.40625,-4.1875,84.0625,#FFF340
96.46875,-40.8125,15.0625,#A3FFD6
96.46875,-0.5625,42.1875,#FFF3A3
96.53125,-42.5625,81.3125,#D1FF43
96.53125,3.6875,36.5625,#FFF0AE
96.59375,3.6875,21.1875,#FFF1CC
96.65625,-12.0625,94.4375,#FFF803
96.71875,-42.3125,51.1875,#C2FF8E
96.71875,-13.8125,87.1875,#FFFA34
96.96875,-29.0625,59.3125,#E4FF7E
97.03125,-27.1875,3.6875,#BCFFEE
97.09375,-38.8125,73.3125,#D7FF5D
97.15625,-45.0625,75.8125,#CBFF55
97.15625,-22.8125,113.0625,#FFFF00
97.15625,-6.9375,46.4375,#FFF89C
97.21875,-43.4375,57.0625,#C5FF83
97.21875,-39.6875,25.9375,#B5FFC3
97.28125,-44.3125,89.0625,#D2FF26
97.34375,-18.9375,23.3125,#E4FFC9
97.40625,-20.5625,88.6875,#FFFF2F
97.46875,-36.3125,51.1875,#D2FF91
97.46875,-18.3125,-5.0625,#C9FFFF
97.46875,7.8125,11.4375,#FFF2E2
97.53125,-7.0625,25.5625,#FEFAC6
97.71875,-12.4375,35.1875,#FAFEB3
97.84375,-12.6875,71.8125,#FFFD65
97.84375,-0.1875,3.4375,#FBF9F2
97.96875,-8.8125,57.4375,#FFFB87
98.15625,-16.8125,17.5625,#E6FFD7
98.15625,-15.4375,47.0625,#FCFF9C
98.40625,-22.4375,94.3125,#FFFF10
98.59375,-8.5625,-1.3125,#E7FFFD
98.65625,-30.5625,81.0625,#EFFF4D
98.65625,-10.8125,18.3125,#F4FFD7
99.09375,-25.5625,39.5625,#E6FFAE
99.34375,-22.9375,60.5625,#F8FF83
