id,L,a,b,hex_srgb,in_srgb
1,0.0,0.0,0.0,#000000,1
2,1.0,6.0,0.0,#120004,0
3,1.0,8.0,-4.0,#12000D,0
4,1.0,8.0,0.0,#150004,0
5,1.0,10.0,-8.0,#120014,0
6,1.0,10.0,-2.0,#170009,0
7,1.0,12.0,-6.0,#170011,0
8,1.0,14.0,-14.0,#15001C,0
9,1.0,14.0,-10.0,#170017,0
10,1.0,16.0,-18.0,#140021,0
11,1.0,18.0,-16.0,#19001F,0
12,1.0,20.0,-22.0,#170026,0
13,1.0,24.0,-26.0,#18002B,0
14,1.0,28.0,-30.0,#190031,0
15,1.0,34.0,-36.0,#190039,0
16,1.0,40.0,-40.0,#1C003E,0
17,1.0,46.0,-46.0,#1B0046,0
18,1.0,52.0,-52.0,#1A004F,0
19,1.0,58.0,-56.0,#1C0055,0
20,1.0,64.0,-60.0,#1F005A,0
21,1.0,70.0,-62.0,#26005D,0
22,1.0,76.0,-66.0,#280063,0
23,1.0,84.0,-72.0,#2A006C,0
24,2.0,14.0,2.0,#1F0003,0
25,2.0,16.0,-2.0,#20000D,0
26,2.0,20.0,-8.0,#210017,0
27,2.0,20.0,-4.0,#230011,0
28,2.0,24.0,-14.0,#22001E,0
29,2.0,24.0,-10.0,#240019,0
30,2.0,28.0,-20.0,#230026,0
31,2.0,32.0,-26.0,#23002E,0
32,2.0,36.0,-32.0,#220035,0
33,2.0,42.0,-34.0,#270038,0
34,2.0,46.0,-40.0,#250040,0
35,2.0,52.0,-42.0,#2B0043,0
36,2.0,58.0,-48.0,#2B004C,0
37,2.0,94.0,-80.0,#2F007B,0
38,2.0,102.0,-84.0,#350081,0
39,3.0,22.0,2.0,#280007,0
40,3.0,24.0,-2.0,#280010,0
41,3.0,26.0,2.0,#2C0007,0
42,3.0,28.0,-12.0,#28001E,0
43,3.0,28.0,-4.0,#2B0013,0
44,3.0,30.0,-16.0,#280023,0
45,3.0,32.0,-10.0,#2D001B,0
46,3.0,34.0,-14.0,#2D0020,0
47,3.0,36.0,-18.0,#2D0025,0
48,3.0,38.0,-24.0,#2C002D,0
49,3.0,44.0,-28.0,#2F0032,0
50,3.0,46.0,-52.0,#100054,0
51,3.0,52.0,-58.0,#0B005C,0
52,3.0,70.0,-68.0,#1C006B,0
53,3.0,72.0,-56.0,#36005A,0
54,3.0,76.0,-72.0,#1F0071,0
55,3.0,88.0,-78.0,#2A007B,0
56,3.0,92.0,-74.0,#3A0075,0
57,3.0,108.0,-90.0,#37008D,0
58,3.0,116.0,-96.0,#390097,0
59,4.0,0.0,0.0,#0E0E0E,1
60,4.0,24.0,-44.0,#00044A,0
61,4.0,24.0,-40.0,#000345,0
62,4.0,26.0,-38.0,#070042,1
63,4.0,26.0,-34.0,#12003C,0
64,4.0,26.0,-30.0,#190037,0
65,4.0,26.0,-26.0,#1E0032,0
66,4.0,26.0,-22.0,#22002C,0
67,4.0,28.0,6.0,#300001,0
68,4.0,30.0,-46.0,#00004D,0
69,4.0,30.0,-30.0,#1F0037,0
70,4.0,32.0,-42.0,#0C0048,0
71,4.0,32.0,-38.0,#160042,0
72,4.0,32.0,-22.0,#28002D,0
73,4.0,32.0,0.0,#32000F,0
74,4.0,32.0,4.0,#330006,0
75,4.0,36.0,-50.0,#000053,0
76,4.0,38.0,-46.0,#10004D,0
77,4.0,42.0,-54.0,#000059,0
78,4.0,44.0,-22.0,#35002D,0
79,4.0,48.0,-36.0,#300040,0
80,4.0,50.0,-32.0,#35003A,0
81,4.0,60.0,-64.0,#110068,0
82,4.0,60.0,-42.0,#380048,0
83,4.0,64.0,-56.0,#2D005C,0
84,4.0,66.0,-50.0,#380053,0
85,4.0,78.0,-60.0,#3C0062,0
86,4.0,84.0,-64.0,#3F0068,0
87,4.0,114.0,-90.0,#450090,0
88,4.0,124.0,-102.0,#3F00A4,0
89,5.0,36.0,2.0,#38000F,0
90,5.0,38.0,-2.0,#380015,0
91,5.0,40.0,-6.0,#39001A,0
92,5.0,42.0,-10.0,#3A001F,0
93,5.0,46.0,-18.0,#3B002A,0
94,5.0,56.0,-32.0,#3E003C,0
95,5.0,72.0,-64.0,#2F006A,0
96,5.0,78.0,-66.0,#36006E,0
97,5.0,82.0,-74.0,#2E007A,0
98,5.0,96.0,-86.0,#2E008C,0
99,6.0,10.0,-38.0,#001347,0
100,6.0,10.0,-34.0,#001241,0
101,6.0,12.0,-32.0,#00113E,0
102,6.0,14.0,-40.0,#001149,0
103,6.0,14.0,-30.0,#010F3B,1
104,6.0,16.0,-38.0,#000F47,0
105,6.0,16.0,-28.0,#0D0D39,1
106,6.0,16.0,-24.0,#140C33,1
107,6.0,18.0,-36.0,#000D44,0
108,6.0,18.0,-22.0,#1A0A31,1
109,6.0,20.0,-44.0,#000E4F,0
110,6.0,20.0,-34.0,#060B41,1
111,6.0,20.0,-30.0,#120A3B,1
112,6.0,20.0,-26.0,#180936,1
113,6.0,20.0,-20.0,#1F082E,1
114,6.0,22.0,-24.0,#1E0733,1
115,6.0,22.0,-18.0,#23062B,1
116,6.0,22.0,-14.0,#260526,1
117,6.0,26.0,-18.0,#28012B,1
118,6.0,26.0,-14.0,#2B0126,1
119,6.0,26.0,-10.0,#2D0021,1
120,6.0,28.0,-6.0,#30001C,0
121,6.0,32.0,-12.0,#320024,0
122,6.0,34.0,-52.0,#00035B,0
123,6.0,34.0,-26.0,#2C0036,0
124,6.0,34.0,-8.0,#35001F,0
125,6.0,36.0,-34.0,#260041,0
126,6.0,38.0,-42.0,#1E004C,0
127,6.0,38.0,-20.0,#34002E,0
128,6.0,38.0,-16.0,#360029,0
129,6.0,38.0,-12.0,#380024,0
130,6.0,38.0,10.0,#3D0000,0
131,6.0,40.0,-32.0,#2E003E,0
132,6.0,42.0,-40.0,#28004A,0
133,6.0,44.0,-46.0,#210052,0
134,6.0,44.0,-30.0,#34003C,0
135,6.0,48.0,-44.0,#2B004F,0
136,6.0,50.0,-62.0,#00006A,0
137,6.0,50.0,-52.0,#21005B,0
138,6.0,50.0,-24.0,#3E0034,0
139,6.0,52.0,-42.0,#33004D,0
140,6.0,54.0,-50.0,#2C0058,0
141,6.0,56.0,-66.0,#000070,0
142,6.0,56.0,-56.0,#250061,0
143,6.0,58.0,-48.0,#340055,0
144,6.0,62.0,-60.0,#280067,0
145,6.0,62.0,-36.0,#440044,0
146,6.0,66.0,-66.0,#220070,0
147,6.0,66.0,-42.0,#44004D,0
148,6.0,68.0,-72.0,#120079,0
149,6.0,74.0,-74.0,#1E007C,0
150,6.0,88.0,-84.0,#24008C,0
151,6.0,90.0,-70.0,#450076,0
152,6.0,98.0,-74.0,#4B007D,0
153,6.0,100.0,-80.0,#460086,0
154,6.0,108.0,-96.0,#32009F,0
155,6.0,116.0,-100.0,#3A00A6,0
156,6.0,122.0,-96.0,#4F009F,0
157,7.0,-6.0,-30.0,#001B3D,0
158,7.0,-4.0,-26.0,#001938,0
159,7.0,-2.0,-32.0,#001940,0
160,7.0,0.0,-30.0,#00183E,0
161,7.0,0.0,-24.0,#001835,0
162,7.0,2.0,-22.0,#001633,0
163,7.0,4.0,-36.0,#001846,0
164,7.0,4.0,-30.0,#00173E,0
165,7.0,4.0,-20.0,#021530,1
166,7.0,6.0,-28.0,#00153B,0
167,7.0,6.0,-20.0,#081430,1
168,7.0,8.0,-26.0,#001438,0
169,7.0,8.0,-18.0,#10132D,1
170,7.0,10.0,-24.0,#091335,1
171,7.0,10.0,-16.0,#17122B,1
172,7.0,12.0,-22.0,#121133,1
173,7.0,12.0,-14.0,#1C1028,1
174,7.0,14.0,-20.0,#181030,1
175,7.0,14.0,-12.0,#200F25,1
176,7.0,16.0,-18.0,#1E0E2D,1
177,7.0,16.0,-10.0,#240D23,1
178,7.0,18.0,-16.0,#220C2B,1
179,7.0,18.0,-8.0,#270B20,1
180,7.0,22.0,-10.0,#2A0723,1
181,7.0,22.0,-6.0,#2C071E,1
182,7.0,26.0,-36.0,#140846,1
183,7.0,28.0,-50.0,#000B5A,0
184,7.0,28.0,-46.0,#000A54,0
185,7.0,28.0,-24.0,#280336,1
186,7.0,28.0,0.0,#340016,0
187,7.0,30.0,-44.0,#050752,1
188,7.0,30.0,-36.0,#1C0446,1
189,7.0,30.0,-18.0,#2F002E,0
190,7.0,32.0,-2.0,#370019,0
191,7.0,32.0,2.0,#380014,0
192,7.0,34.0,6.0,#3B000D,0
193,7.0,40.0,-58.0,#000066,0
194,7.0,42.0,0.0,#410017,0
195,7.0,44.0,-4.0,#42001C,0
196,7.0,44.0,4.0,#440011,0
197,7.0,48.0,-8.0,#450021,0
198,7.0,52.0,-36.0,#3B0047,0
199,7.0,70.0,-58.0,#3B0067,0
200,7.0,74.0,-54.0,#450061,0
201,7.0,80.0,-56.0,#4B0064,0
202,7.0,82.0,-82.0,#1D008B,0
203,7.0,92.0,-80.0,#3B0088,0
204,7.0,106.0,-86.0,#490092,0
205,7.0,112.0,-84.0,#55008F,0
206,7.0,126.0,-108.0,#4000B6,0
207,8.0,-20.0,-22.0,#002035,0
208,8.0,-16.0,-24.0,#001F37,0
209,8.0,-16.0,-18.0,#001F2F,0
210,8.0,-12.0,-26.0,#001E3A,0
211,8.0,-12.0,-20.0,#001D32,0
212,8.0,-12.0,-16.0,#001D2C,0
213,8.0,-8.0,-22.0,#001C35,0
214,8.0,-8.0,-18.0,#001C2F,0
215,8.0,-8.0,-14.0,#001C2A,0
216,8.0,-6.0,-12.0,#001B27,0
217,8.0,-4.0,-20.0,#001B32,0
218,8.0,-4.0,-16.0,#001A2D,0
219,8.0,-4.0,-12.0,#011A27,1
220,8.0,-2.0,-18.0,#001A2F,0
221,8.0,-2.0,-14.0,#02192A,1
222,8.0,-2.0,-10.0,#091925,1
223,8.0,0.0,-18.0,#00192F,0
224,8.0,0.0,-14.0,#07182A,1
225,8.0,0.0,-10.0,#0E1825,1
226,8.0,0.0,0.0,#181818,1
227,8.0,2.0,-18.0,#04182F,1
228,8.0,2.0,-14.0,#0C182A,1
229,8.0,2.0,-10.0,#121725,1
230,8.0,4.0,-14.0,#11172A,1
231,8.0,4.0,-10.0,#151625,1
232,8.0,4.0,-6.0,#19161F,1
233,8.0,6.0,-14.0,#14162A,1
234,8.0,6.0,-10.0,#191525,1
235,8.0,6.0,-6.0,#1C151F,1
236,8.0,8.0,-10.0,#1C1425,1
237,8.0,8.0,-6.0,#1E1420,1
238,8.0,10.0,-8.0,#201322,1
239,8.0,10.0,-4.0,#22131D,1
240,8.0,12.0,-6.0,#231220,1
241,8.0,12.0,-2.0,#25111A,1
242,8.0,14.0,-4.0,#27101D,1
243,8.0,16.0,-2.0,#2A0E1B,1
244,8.0,18.0,-46.0,#001457,0
245,8.0,20.0,-2.0,#2E0B1B,1
246,8.0,20.0,2.0,#2F0A15,1
247,8.0,22.0,-38.0,#040F4B,1
248,8.0,24.0,-50.0,#00115D,0
249,8.0,24.0,-28.0,#200B3D,1
250,8.0,24.0,0.0,#330618,1
251,8.0,24.0,4.0,#340513,1
252,8.0,28.0,-28.0,#26063D,1
253,8.0,28.0,6.0,#38000F,1
254,8.0,34.0,-44.0,#160354,1
255,8.0,34.0,-30.0,#2C0040,0
256,8.0,34.0,-22.0,#330035,0
257,8.0,38.0,-50.0,#0E005D,1
258,8.0,38.0,4.0,#410013,0
259,8.0,44.0,-54.0,#130063,0
260,8.0,44.0,12.0,#480003,0
261,8.0,46.0,-38.0,#34004C,0
262,8.0,46.0,-26.0,#3E003B,0
263,8.0,46.0,-14.0,#44002B,0
264,8.0,48.0,-64.0,#000072,0
265,8.0,52.0,-18.0,#480030,0
266,8.0,54.0,-28.0,#45003E,0
267,8.0,58.0,-42.0,#400052,0
268,8.0,58.0,-24.0,#4B0038,0
269,8.0,60.0,-72.0,#00007E,0
270,8.0,60.0,-30.0,#4A0041,0
271,8.0,62.0,-68.0,#180078,0
272,8.0,64.0,-52.0,#3D0060,0
273,8.0,64.0,-46.0,#430057,0
274,8.0,74.0,-80.0,#09008B,0
275,8.0,82.0,-66.0,#450075,0
276,8.0,86.0,-62.0,#4F006F,0
277,8.0,98.0,-90.0,#34009B,0
278,9.0,60.0,-38.0,#48004E,0
279,9.0,72.0,-70.0,#30007E,0
280,9.0,72.0,-44.0,#510057,0
281,9.0,74.0,-64.0,#3F0075,0
282,9.0,78.0,-60.0,#4A006F,0
283,9.0,80.0,-74.0,#370084,0
284,9.0,86.0,-88.0,#1B009A,0
285,9.0,86.0,-72.0,#450081,0
286,9.0,92.0,-68.0,#54007B,0
287,9.0,100.0,-96.0,#2A00A8,0
288,9.0,106.0,-78.0,#5B008B,0
289,9.0,108.0,-100.0,#3300AE,0
290,9.0,112.0,-94.0,#4B00A4,0
291,9.0,116.0,-104.0,#3C00B5,0
292,10.0,-34.0,-12.0,#00272B,0
293,10.0,-30.0,-14.0,#00262E,0
294,10.0,-28.0,-10.0,#002528,0
295,10.0,-26.0,-18.0,#002533,0
296,10.0,-24.0,-14.0,#00242E,0
297,10.0,-24.0,-10.0,#002428,0
298,10.0,-22.0,-20.0,#002436,0
299,10.0,-20.0,-16.0,#002331,0
300,10.0,-20.0,-12.0,#00232B,0
301,10.0,-20.0,-8.0,#002326,0
302,10.0,-16.0,-14.0,#00222E,0
303,10.0,-16.0,-10.0,#002229,0
304,10.0,-16.0,-6.0,#002123,0
305,10.0,-12.0,-10.0,#002029,0
306,10.0,-12.0,-6.0,#002023,0
307,10.0,-10.0,-28.0,#002142,0
308,10.0,-10.0,-4.0,#031F21,1
309,10.0,-8.0,-10.0,#001F29,0
310,10.0,-8.0,-6.0,#051F23,1
311,10.0,-6.0,-20.0,#001F36,0
312,10.0,-6.0,-8.0,#071E26,1
313,10.0,-6.0,-4.0,#0D1E21,1
314,10.0,-4.0,-28.0,#001F42,0
315,10.0,-4.0,-8.0,#0C1E26,1
316,10.0,-4.0,-4.0,#121D21,1
317,10.0,-2.0,-26.0,#001E3F,0
318,10.0,-2.0,-4.0,#151D21,1
319,10.0,0.0,-32.0,#001E47,0
320,10.0,0.0,-4.0,#191C21,1
321,10.0,2.0,-30.0,#001D44,0
322,10.0,2.0,-4.0,#1C1B21,1
323,10.0,2.0,0.0,#1E1B1C,1
324,10.0,4.0,-38.0,#001E50,0
325,10.0,4.0,-28.0,#001C42,0
326,10.0,4.0,-4.0,#1E1A21,1
327,10.0,4.0,0.0,#211A1C,1
328,10.0,6.0,-36.0,#001D4D,0
329,10.0,6.0,-26.0,#001B3F,0
330,10.0,6.0,-4.0,#211921,1
331,10.0,6.0,0.0,#23191C,1
332,10.0,8.0,-34.0,#001B4A,0
333,10.0,8.0,-24.0,#0B1A3C,1
334,10.0,8.0,-16.0,#1A1931,1
335,10.0,8.0,0.0,#26181C,1
336,10.0,10.0,-42.0,#001C56,0
337,10.0,10.0,-32.0,#001A47,0
338,10.0,10.0,-22.0,#151839,1
339,10.0,10.0,2.0,#291619,1
340,10.0,12.0,-40.0,#001A53,0
341,10.0,12.0,-30.0,#041845,1
342,10.0,12.0,-26.0,#11183F,1
343,10.0,12.0,-20.0,#1B1737,1
344,10.0,12.0,-16.0,#201731,1
345,10.0,12.0,4.0,#2C1517,1
346,10.0,14.0,-38.0,#001950,0
347,10.0,14.0,-24.0,#19163C,1
348,10.0,14.0,-14.0,#25152E,1
349,10.0,14.0,-10.0,#281529,1
350,10.0,14.0,2.0,#2D1419,1
351,10.0,16.0,-48.0,#001A5F,0
352,10.0,16.0,-36.0,#00174D,0
353,10.0,16.0,-32.0,#0C1647,1
354,10.0,16.0,-22.0,#201539,1
355,10.0,16.0,-8.0,#2B1326,1
356,10.0,16.0,6.0,#311214,1
357,10.0,18.0,-30.0,#171545,1
358,10.0,18.0,-26.0,#1E143F,1
359,10.0,18.0,-12.0,#2B122C,1
360,10.0,18.0,-6.0,#2F1124,1
361,10.0,18.0,4.0,#321017,1
362,10.0,20.0,-44.0,#001659,0
363,10.0,20.0,-24.0,#24123C,1
364,10.0,20.0,-20.0,#281137,1
365,10.0,22.0,-52.0,#001765,0
366,10.0,22.0,-42.0,#001456,0
367,10.0,22.0,-30.0,#1F1145,1
368,10.0,22.0,-18.0,#2C0F34,1
369,10.0,22.0,-14.0,#2F0E2F,1
370,10.0,22.0,6.0,#370C14,1
371,10.0,24.0,-36.0,#18114D,1
372,10.0,24.0,-24.0,#290E3C,1
373,10.0,26.0,-48.0,#00125F,0
374,10.0,26.0,-18.0,#310A34,1
375,10.0,26.0,-14.0,#34092F,1
376,10.0,26.0,-10.0,#360929,1
377,10.0,26.0,-6.0,#370824,1
378,10.0,26.0,2.0,#3A071A,1
379,10.0,28.0,-56.0,#00136B,0
380,10.0,28.0,-42.0,#120E56,1
381,10.0,28.0,-36.0,#200D4D,1
382,10.0,28.0,-32.0,#260B48,1
383,10.0,28.0,10.0,#3E040E,1
384,10.0,30.0,-54.0,#001168,0
385,10.0,30.0,-8.0,#3B0327,1
386,10.0,30.0,-4.0,#3C0222,1
387,10.0,30.0,0.0,#3D021C,1
388,10.0,30.0,4.0,#3E0117,1
389,10.0,32.0,-52.0,#000E65,0
390,10.0,32.0,-18.0,#380234,1
391,10.0,32.0,-14.0,#3A012F,1
392,10.0,32.0,8.0,#410011,0
393,10.0,34.0,-38.0,#280550,1
394,10.0,34.0,-34.0,#2D034B,1
395,10.0,34.0,-2.0,#41001F,0
396,10.0,34.0,2.0,#42001A,0
397,10.0,34.0,12.0,#44000A,0
398,10.0,36.0,-60.0,#000C71,0
399,10.0,36.0,-26.0,#37003F,0
400,10.0,36.0,-12.0,#3F002C,0
401,10.0,36.0,-8.0,#410027,0
402,10.0,38.0,-22.0,#3C003A,0
403,10.0,38.0,-18.0,#3F0034,0
404,10.0,38.0,10.0,#47000E,0
405,10.0,40.0,-44.0,#290059,0
406,10.0,40.0,-38.0,#310050,0
407,10.0,40.0,-32.0,#370048,0
408,10.0,40.0,-4.0,#460022,0
409,10.0,40.0,14.0,#4A0005,0
410,10.0,42.0,-64.0,#000577,0
411,10.0,42.0,-28.0,#3D0042,0
412,10.0,42.0,-16.0,#440032,0
413,10.0,42.0,-10.0,#46002A,0
414,10.0,42.0,8.0,#4B0012,0
415,10.0,44.0,-50.0,#250062,0
416,10.0,46.0,-46.0,#30005C,0
417,10.0,46.0,-34.0,#3D004B,0
418,10.0,46.0,-6.0,#4B0025,0
419,10.0,46.0,-2.0,#4C0020,0
420,10.0,46.0,2.0,#4D001B,0
421,10.0,46.0,16.0,#500001,0
422,10.0,48.0,-30.0,#430045,0
423,10.0,48.0,-20.0,#480037,0
424,10.0,48.0,6.0,#500015,0
425,10.0,50.0,-54.0,#290068,0
426,10.0,50.0,-10.0,#4E002A,0
427,10.0,50.0,10.0,#52000F,0
428,10.0,52.0,-64.0,#0D0077,0
429,10.0,52.0,-50.0,#330062,0
430,10.0,52.0,-44.0,#3B0059,0
431,10.0,52.0,-38.0,#410051,0
432,10.0,52.0,-4.0,#520022,0
433,10.0,54.0,-70.0,#000080,0
434,10.0,54.0,-60.0,#240071,0
435,10.0,54.0,-34.0,#47004B,0
436,10.0,56.0,-56.0,#30006B,0
437,10.0,58.0,-52.0,#3A0065,0
438,10.0,58.0,-46.0,#41005C,0
439,10.0,60.0,-20.0,#540038,0
440,10.0,62.0,-60.0,#340071,0
441,10.0,66.0,-78.0,#00008D,0
442,10.0,66.0,-32.0,#550048,0
443,10.0,68.0,-62.0,#3B0074,0
444,10.0,70.0,-54.0,#490068,0
445,10.0,76.0,-52.0,#520065,0
446,10.0,88.0,-82.0,#390094,0
447,10.0,92.0,-76.0,#4C008A,0
448,10.0,100.0,-80.0,#530091,0
449,10.0,104.0,-88.0,#4C009D,0
450,10.0,120.0,-96.0,#5A00AB,0
451,10.0,126.0,-98.0,#6000AE,0
452,11.0,50.0,-26.0,#4A0042,0
453,11.0,58.0,-68.0,#180080,0
454,11.0,60.0,-76.0,#00008D,0
455,11.0,60.0,-64.0,#2B007A,0
456,11.0,64.0,-56.0,#40006E,0
457,11.0,66.0,-70.0,#2A0083,0
458,11.0,70.0,-76.0,#21008D,0
459,11.0,74.0,-40.0,#5C0056,0
460,11.0,76.0,-84.0,#100099,0
461,11.0,78.0,-78.0,#310090,0
462,11.0,84.0,-58.0,#5A0071,0
463,11.0,90.0,-60.0,#5F0074,0
464,11.0,94.0,-94.0,#2800AA,0
465,11.0,96.0,-86.0,#44009D,0
466,11.0,100.0,-70.0,#620084,0
467,11.0,110.0,-88.0,#5A00A0,0
468,11.0,116.0,-86.0,#66009D,0
469,11.0,124.0,-112.0,#4100C8,0
470,11.0,126.0,-106.0,#5500BE,0
471,12.0,-46.0,-4.0,#002D24,0
472,12.0,-40.0,-8.0,#002B2A,0
473,12.0,-40.0,-4.0,#002B24,0
474,12.0,-34.0,-8.0,#002A2A,0
475,12.0,-34.0,-4.0,#002A24,0
476,12.0,-32.0,0.0,#00291F,0
477,12.0,-28.0,-6.0,#002827,0
478,12.0,-28.0,-2.0,#002822,0
479,12.0,-24.0,-4.0,#002724,0
480,12.0,-24.0,0.0,#00271F,0
481,12.0,-20.0,-26.0,#002843,0
482,12.0,-20.0,-2.0,#002622,0
483,12.0,-20.0,2.0,#00261C,0
484,12.0,-18.0,-20.0,#00273B,0
485,12.0,-16.0,-28.0,#002746,0
486,12.0,-16.0,0.0,#00251F,0
487,12.0,-16.0,4.0,#03251A,1
488,12.0,-14.0,-22.0,#00263E,0
489,12.0,-14.0,-18.0,#002638,0
490,12.0,-12.0,-32.0,#00274C,0
491,12.0,-12.0,-26.0,#002643,0
492,12.0,-12.0,-2.0,#052422,1
493,12.0,-12.0,2.0,#0B241C,1
494,12.0,-10.0,-22.0,#00253E,0
495,12.0,-10.0,-18.0,#002438,0
496,12.0,-10.0,-14.0,#002432,0
497,12.0,-10.0,-10.0,#00242D,0
498,12.0,-10.0,0.0,#0D231F,1
499,12.0,-10.0,4.0,#12231A,1
500,12.0,-8.0,-36.0,#002652,0
501,12.0,-8.0,-2.0,#102322,1
502,12.0,-8.0,2.0,#14221D,1
503,12.0,-8.0,6.0,#172217,1
504,12.0,-6.0,-24.0,#002441,0
505,12.0,-6.0,-14.0,#002333,0
506,12.0,-6.0,-2.0,#142222,1
507,12.0,-6.0,2.0,#17221D,1
508,12.0,-6.0,6.0,#1A2217,1
509,12.0,-4.0,-38.0,#002555,0
510,12.0,-4.0,-22.0,#00233E,0
511,12.0,-4.0,-16.0,#002235,0
512,12.0,-4.0,-12.0,#092230,1
513,12.0,-4.0,0.0,#19211F,1
514,12.0,-4.0,4.0,#1C211A,1
515,12.0,-2.0,-20.0,#00223B,0
516,12.0,-2.0,-16.0,#052135,1
517,12.0,-2.0,-12.0,#0F2130,1
518,12.0,-2.0,-8.0,#15212A,1
519,12.0,-2.0,0.0,#1C201F,1
520,12.0,-2.0,4.0,#1F201A,1
521,12.0,0.0,-40.0,#002458,0
522,12.0,0.0,-20.0,#00213B,1
523,12.0,0.0,-16.0,#0C2135,1
524,12.0,0.0,-12.0,#142030,1
525,12.0,0.0,-8.0,#19202A,1
526,12.0,0.0,0.0,#1F1F1F,1
527,12.0,0.0,4.0,#221F1A,1
528,12.0,0.0,8.0,#241F15,1
529,12.0,2.0,-20.0,#08203B,1
530,12.0,2.0,-16.0,#122035,1
531,12.0,2.0,-12.0,#181F30,1
532,12.0,2.0,-8.0,#1C1F2A,1
533,12.0,2.0,4.0,#241E1A,1
534,12.0,2.0,8.0,#261E15,1
535,12.0,4.0,-42.0,#00225B,0
536,12.0,4.0,-20.0,#0E1F3B,1
537,12.0,4.0,-16.0,#161F35,1
538,12.0,4.0,-12.0,#1C1E30,1
539,12.0,4.0,-8.0,#1F1E2A,1
540,12.0,4.0,4.0,#271D1A,1
541,12.0,4.0,8.0,#291D15,1
542,12.0,6.0,-20.0,#141E3B,1
543,12.0,6.0,-16.0,#1A1E35,1
544,12.0,6.0,-12.0,#1F1E30,1
545,12.0,6.0,-8.0,#221D2A,1
546,12.0,6.0,4.0,#291C1A,1
547,12.0,6.0,8.0,#2B1C15,1
548,12.0,8.0,-12.0,#221C30,1
549,12.0,8.0,-8.0,#251C2B,1
550,12.0,8.0,-4.0,#281C25,1
551,12.0,8.0,4.0,#2C1B1A,1
552,12.0,8.0,8.0,#2D1B15,1
553,12.0,10.0,-48.0,#002164,0
554,12.0,10.0,-10.0,#271B2D,1
555,12.0,10.0,-6.0,#291B28,1
556,12.0,10.0,-2.0,#2C1B22,1
557,12.0,10.0,6.0,#2F1A18,1
558,12.0,10.0,10.0,#301A12,1
559,12.0,12.0,-4.0,#2D1925,1
560,12.0,12.0,0.0,#2F1920,1
561,12.0,12.0,8.0,#321915,1
562,12.0,14.0,-2.0,#301823,1
563,12.0,14.0,12.0,#35170F,1
564,12.0,16.0,-52.0,#001E6A,0
565,12.0,16.0,-18.0,#281838,1
566,12.0,16.0,0.0,#331620,1
567,12.0,16.0,10.0,#371612,1
568,12.0,18.0,-16.0,#2D1636,1
569,12.0,20.0,-8.0,#34142B,1
570,12.0,20.0,-4.0,#361325,1
571,12.0,20.0,0.0,#381320,1
572,12.0,20.0,8.0,#3A1215,1
573,12.0,20.0,12.0,#3B120F,1
574,12.0,24.0,-28.0,#2A1347,1
575,12.0,24.0,-2.0,#3B0F23,1
576,12.0,24.0,12.0,#3F0E0F,1
577,12.0,28.0,-28.0,#300F47,1
578,12.0,28.0,-24.0,#340E41,1
579,12.0,28.0,6.0,#420918,1
580,12.0,30.0,14.0,#45040C,1
581,12.0,32.0,-22.0,#3A073E,1
582,12.0,34.0,-48.0,#180D64,1
583,12.0,34.0,-42.0,#260B5B,1
584,12.0,34.0,-30.0,#36064A,1
585,12.0,36.0,16.0,#4C0007,0
586,12.0,38.0,-54.0,#0E0A6D,1
587,12.0,38.0,-48.0,#220764,1
588,12.0,38.0,6.0,#4C0019,0
589,12.0,40.0,-66.0,#000E7F,0
590,12.0,42.0,-60.0,#000676,0
591,12.0,42.0,18.0,#520003,0
592,12.0,44.0,-56.0,#1C0070,0
593,12.0,46.0,-38.0,#3E0055,0
594,12.0,48.0,-64.0,#02007C,0
595,12.0,50.0,-70.0,#000086,0
596,12.0,52.0,-14.0,#540034,0
597,12.0,52.0,16.0,#5B0009,0
598,12.0,56.0,2.0,#5C001F,0
599,12.0,58.0,-16.0,#590037,0
600,12.0,58.0,-10.0,#5B002F,0
601,12.0,60.0,-28.0,#560047,0
602,12.0,64.0,-46.0,#4E0061,0
603,12.0,64.0,-24.0,#5C0042,0
604,12.0,66.0,-40.0,#560059,0
605,12.0,70.0,-48.0,#540064,0
606,12.0,72.0,-60.0,#4A0076,0
607,12.0,76.0,-68.0,#450083,0
608,12.0,78.0,-62.0,#50007A,0
609,12.0,82.0,-88.0,#1C00A3,0
610,12.0,84.0,-68.0,#510083,0
611,12.0,90.0,-70.0,#580086,0
612,12.0,106.0,-104.0,#2D00BD,0
613,12.0,108.0,-94.0,#4F00AD,0
614,12.0,114.0,-108.0,#3700C4,0
615,13.0,40.0,-42.0,#34025E,1
616,13.0,40.0,-36.0,#3B0055,0
617,13.0,40.0,-30.0,#40004C,0
618,13.0,40.0,-24.0,#450044,0
619,13.0,40.0,-18.0,#48003B,0
620,13.0,42.0,-14.0,#4C0036,0
621,13.0,42.0,-6.0,#4F002B,0
622,13.0,42.0,-2.0,#500026,0
623,13.0,42.0,2.0,#510020,0
624,13.0,42.0,10.0,#530016,0
625,13.0,42.0,14.0,#540010,0
626,13.0,42.0,22.0,#550000,0
627,13.0,44.0,-66.0,#000882,0
628,13.0,46.0,-50.0,#32006A,0
629,13.0,46.0,-44.0,#3A0061,0
630,13.0,46.0,-32.0,#46004F,0
631,13.0,46.0,-20.0,#4E003E,0
632,13.0,48.0,-10.0,#540030,0
633,13.0,48.0,-4.0,#560028,0
634,13.0,48.0,0.0,#570023,0
635,13.0,48.0,4.0,#58001E,0
636,13.0,48.0,8.0,#580019,0
637,13.0,48.0,12.0,#590013,0
638,13.0,48.0,20.0,#5A0003,0
639,13.0,52.0,-58.0,#2E0076,0
640,13.0,52.0,-52.0,#39006D,0
641,13.0,52.0,-46.0,#410064,0
642,13.0,52.0,-40.0,#47005B,0
643,13.0,52.0,-34.0,#4C0052,0
644,13.0,52.0,-22.0,#530041,0
645,13.0,54.0,-6.0,#5B002B,0
646,13.0,54.0,10.0,#5E0017,0
647,13.0,58.0,-54.0,#400070,0
648,13.0,58.0,-48.0,#470067,0
649,13.0,58.0,-42.0,#4D005E,0
650,13.0,58.0,-36.0,#520055,0
651,13.0,58.0,-2.0,#600026,0
652,13.0,64.0,-34.0,#5A0052,0
653,13.0,68.0,-82.0,#00009C,0
654,13.0,70.0,-32.0,#620050,0
655,13.0,76.0,-46.0,#600064,0
656,13.0,82.0,-74.0,#48008F,0
657,13.0,84.0,-50.0,#66006A,0
658,13.0,86.0,-84.0,#3B009F,0
659,13.0,88.0,-78.0,#4C0095,0
660,13.0,94.0,-80.0,#530099,0
661,13.0,102.0,-84.0,#59009F,0
662,13.0,108.0,-82.0,#66009C,0
663,13.0,116.0,-96.0,#5D00B3,0
664,13.0,118.0,-102.0,#5500BD,0
665,13.0,122.0,-94.0,#6A00B0,0
666,14.0,-56.0,4.0,#00321D,0
667,14.0,-52.0,-2.0,#003225,0
668,14.0,-50.0,2.0,#003120,0
669,14.0,-48.0,6.0,#00301A,0
670,14.0,-44.0,-10.0,#003031,0
671,14.0,-42.0,2.0,#002F20,0
672,14.0,-42.0,6.0,#002F1A,0
673,14.0,-40.0,-14.0,#003037,0
674,14.0,-38.0,-10.0,#002F31,0
675,14.0,-36.0,-18.0,#002F3C,0
676,14.0,-36.0,2.0,#002E20,0
677,14.0,-36.0,6.0,#002E1A,0
678,14.0,-34.0,-14.0,#002E37,0
679,14.0,-32.0,-22.0,#002F42,0
680,14.0,-32.0,-10.0,#002E31,0
681,14.0,-32.0,8.0,#002D18,0
682,14.0,-30.0,-16.0,#002E39,0
683,14.0,-30.0,2.0,#002D20,0
684,14.0,-28.0,-28.0,#002E4B,0
685,14.0,-28.0,-12.0,#002D34,0
686,14.0,-26.0,-22.0,#002D42,0
687,14.0,-26.0,-18.0,#002D3C,0
688,14.0,-26.0,-8.0,#002C2E,0
689,14.0,-26.0,4.0,#002C1D,0
690,14.0,-26.0,8.0,#002C18,0
691,14.0,-24.0,-32.0,#002E51,0
692,14.0,-24.0,-14.0,#002C37,0
693,14.0,-22.0,-18.0,#002C3C,0
694,14.0,-22.0,-10.0,#002C31,0
695,14.0,-22.0,-6.0,#002B2C,0
696,14.0,-22.0,6.0,#002B1B,0
697,14.0,-22.0,10.0,#002B15,0
698,14.0,-20.0,-34.0,#002D54,0
699,14.0,-20.0,-14.0,#002B37,0
700,14.0,-18.0,-10.0,#002A31,0
701,14.0,-18.0,-6.0,#002A2C,0
702,14.0,-18.0,6.0,#032A1B,1
703,14.0,-18.0,10.0,#082A15,1
704,14.0,-16.0,-36.0,#002C57,0
705,14.0,-16.0,-14.0,#002A37,0
706,14.0,-14.0,-10.0,#002931,0
707,14.0,-14.0,-6.0,#00292C,0
708,14.0,-14.0,-2.0,#022926,1
709,14.0,-14.0,2.0,#092920,1
710,14.0,-14.0,6.0,#0F281B,1
711,14.0,-14.0,10.0,#122815,1
712,14.0,-12.0,-38.0,#002B5A,0
713,14.0,-12.0,-14.0,#002937,0
714,14.0,-12.0,0.0,#0C2823,1
715,14.0,-12.0,12.0,#182812,1
716,14.0,-10.0,-6.0,#07282C,1
717,14.0,-10.0,-2.0,#0F2826,1
718,14.0,-10.0,2.0,#142721,1
719,14.0,-8.0,-12.0,#002834,0
720,14.0,-8.0,-8.0,#0A272F,1
721,14.0,-8.0,-4.0,#112729,1
722,14.0,-8.0,0.0,#162723,1
723,14.0,-8.0,4.0,#1A271E,1
724,14.0,-8.0,12.0,#1E2612,1
725,14.0,-6.0,-28.0,#00284B,0
726,14.0,-6.0,-10.0,#0C2731,1
727,14.0,-6.0,-6.0,#13262C,1
728,14.0,-6.0,10.0,#202615,1
729,14.0,-4.0,-6.0,#17262C,1
730,14.0,-4.0,-2.0,#1C2526,1
731,14.0,-4.0,2.0,#1F2521,1
732,14.0,-4.0,6.0,#21251B,1
733,14.0,-4.0,10.0,#232515,1
734,14.0,-4.0,14.0,#25250F,1
735,14.0,-2.0,-32.0,#002751,0
736,14.0,-2.0,-26.0,#002748,0
737,14.0,-2.0,-2.0,#1F2526,1
738,14.0,-2.0,2.0,#222421,1
739,14.0,-2.0,6.0,#24241B,1
740,14.0,-2.0,10.0,#262416,1
741,14.0,-2.0,14.0,#27240F,1
742,14.0,0.0,-24.0,#002645,0
743,14.0,0.0,-4.0,#212429,1
744,14.0,0.0,12.0,#292313,1
745,14.0,2.0,-34.0,#002654,0
746,14.0,2.0,-4.0,#242329,1
747,14.0,2.0,0.0,#262324,1
748,14.0,2.0,12.0,#2C2213,1
749,14.0,4.0,-46.0,#002766,0
750,14.0,4.0,-32.0,#002551,0
751,14.0,4.0,-28.0,#00244B,0
752,14.0,4.0,-4.0,#272229,1
753,14.0,4.0,0.0,#292224,1
754,14.0,4.0,12.0,#2E2113,1
755,14.0,6.0,-26.0,#092348,1
756,14.0,6.0,-4.0,#2A2129,1
757,14.0,6.0,0.0,#2C2124,1
758,14.0,6.0,12.0,#312013,1
759,14.0,8.0,-40.0,#00245D,0
760,14.0,8.0,-34.0,#002354,0
761,14.0,8.0,-24.0,#152245,1
762,14.0,8.0,-16.0,#22213A,1
763,14.0,8.0,0.0,#2E2024,1
764,14.0,8.0,12.0,#331F13,1
765,14.0,8.0,16.0,#341F0C,1
766,14.0,10.0,-32.0,#012251,1
767,14.0,10.0,-22.0,#1E2042,1
768,14.0,10.0,2.0,#321E21,1
769,14.0,12.0,-42.0,#002260,0
770,14.0,12.0,-30.0,#12204E,1
771,14.0,12.0,-26.0,#1B2048,1
772,14.0,12.0,-20.0,#241F40,1
773,14.0,12.0,-16.0,#291F3A,1
774,14.0,12.0,4.0,#351D1E,1
775,14.0,12.0,14.0,#381D10,1
776,14.0,14.0,-40.0,#00215D,0
777,14.0,14.0,-24.0,#231E45,1
778,14.0,14.0,-14.0,#2D1D37,1
779,14.0,14.0,-10.0,#301D32,1
780,14.0,14.0,2.0,#371C21,1
781,14.0,16.0,-38.0,#001F5A,1
782,14.0,16.0,-32.0,#181E51,1
783,14.0,16.0,-22.0,#291D43,1
784,14.0,16.0,-8.0,#341B2F,1
785,14.0,16.0,6.0,#3A1A1C,1
786,14.0,16.0,16.0,#3D1A0C,1
787,14.0,18.0,-48.0,#002069,0
788,14.0,18.0,-30.0,#211D4E,1
789,14.0,18.0,-26.0,#271C48,1
790,14.0,18.0,-12.0,#341A35,1
791,14.0,18.0,-6.0,#38192C,1
792,14.0,18.0,4.0,#3C191F,1
793,14.0,18.0,14.0,#3E1810,1
794,14.0,20.0,-54.0,#002072,0
795,14.0,20.0,-46.0,#001E66,0
796,14.0,20.0,-38.0,#131D5A,1
797,14.0,20.0,-24.0,#2D1A45,1
798,14.0,20.0,-20.0,#311940,1
799,14.0,20.0,18.0,#411608,1
800,14.0,22.0,-44.0,#001C63,0
801,14.0,22.0,-36.0,#1E1B57,1
802,14.0,22.0,-30.0,#29194E,1
803,14.0,22.0,-18.0,#35173D,1
804,14.0,22.0,-14.0,#381737,1
805,14.0,22.0,-6.0,#3C162C,1
806,14.0,22.0,2.0,#3F1522,1
807,14.0,22.0,6.0,#41151C,1
808,14.0,22.0,16.0,#43140D,1
809,14.0,24.0,-54.0,#001D72,0
810,14.0,24.0,-24.0,#331746,1
811,14.0,26.0,-60.0,#001E7B,0
812,14.0,26.0,-52.0,#001B6F,0
813,14.0,26.0,-44.0,#121963,1
814,14.0,26.0,-36.0,#271757,1
815,14.0,26.0,-18.0,#3A143D,1
816,14.0,26.0,-14.0,#3D1338,1
817,14.0,26.0,-10.0,#3F1232,1
818,14.0,26.0,-6.0,#41122D,1
819,14.0,26.0,2.0,#441122,1
820,14.0,26.0,18.0,#471009,1
821,14.0,28.0,-50.0,#00196C,0
822,14.0,28.0,-42.0,#1F1760,1
823,14.0,28.0,-34.0,#2D1554,1
824,14.0,28.0,10.0,#480D17,1
825,14.0,30.0,-60.0,#001A7B,0
826,14.0,30.0,-8.0,#440D2F,1
827,14.0,30.0,-4.0,#460C2A,1
828,14.0,30.0,0.0,#470B25,1
829,14.0,30.0,4.0,#480B1F,1
830,14.0,30.0,18.0,#4B0909,1
831,14.0,32.0,-58.0,#001878,0
832,14.0,32.0,-50.0,#11156C,1
833,14.0,32.0,-34.0,#341054,1
834,14.0,32.0,-18.0,#420B3D,1
835,14.0,32.0,-14.0,#440A38,1
836,14.0,32.0,8.0,#4B071A,1
837,14.0,34.0,-2.0,#4B0427,1
838,14.0,34.0,2.0,#4C0322,1
839,14.0,34.0,12.0,#4E0215,1
840,14.0,36.0,-66.0,#001785,0
841,14.0,36.0,-58.0,#001378,0
842,14.0,36.0,-12.0,#490235,1
843,14.0,36.0,-8.0,#4B0130,1
844,14.0,36.0,20.0,#510005,0
845,14.0,42.0,-10.0,#510032,0
846,14.0,46.0,-72.0,#000B8E,0
847,14.0,50.0,-28.0,#50004C,0
848,14.0,52.0,-76.0,#000195,0
849,14.0,56.0,-74.0,#000091,0
850,14.0,58.0,-70.0,#1E008B,0
851,14.0,58.0,-60.0,#39007C,0
852,14.0,60.0,-80.0,#00009B,0
853,14.0,60.0,-66.0,#300085,0
854,14.0,62.0,-76.0,#0E0095,0
855,14.0,62.0,-6.0,#66002E,0
856,14.0,64.0,-72.0,#2A008E,0
857,14.0,64.0,-64.0,#3D0082,0
858,14.0,64.0,-14.0,#660039,0
859,14.0,66.0,-58.0,#490079,0
860,14.0,70.0,-72.0,#38008E,0
861,14.0,70.0,-66.0,#440085,0
862,14.0,70.0,-54.0,#540073,0
863,14.0,74.0,-80.0,#2C009B,0
864,14.0,76.0,-56.0,#5A0076,0
865,14.0,76.0,-38.0,#68005B,0
866,14.0,78.0,-90.0,#0000AB,0
867,14.0,80.0,-82.0,#36009F,0
868,14.0,82.0,-60.0,#5E007C,0
869,14.0,84.0,-94.0,#0900B2,0
870,14.0,88.0,-64.0,#620082,0
871,14.0,88.0,-56.0,#690076,0
872,14.0,90.0,-96.0,#2000B5,0
873,14.0,92.0,-88.0,#4300A8,0
874,14.0,94.0,-62.0,#6B007F,0
875,14.0,96.0,-98.0,#2E00B9,0
876,14.0,96.0,-68.0,#680089,0
877,14.0,98.0,-90.0,#4B00AC,0
878,14.0,98.0,-74.0,#640092,0
879,14.0,104.0,-72.0,#6F008F,0
880,14.0,118.0,-114.0,#3600D4,0
881,14.0,126.0,-118.0,#4000DB,0
882,15.0,-44.0,-20.0,#003341,0
883,15.0,-40.0,-24.0,#003347,0
884,15.0,-36.0,-26.0,#00324A,0
885,15.0,-22.0,-26.0,#002F4A,0
886,15.0,-18.0,-24.0,#002E47,0
887,15.0,-14.0,-26.0,#002D4A,0
888,15.0,-14.0,-20.0,#002C42,0
889,15.0,-10.0,-28.0,#002C4D,0
890,15.0,-8.0,-42.0,#002D62,0
891,15.0,-6.0,-38.0,#002C5C,0
892,15.0,-6.0,-18.0,#00293F,0
893,15.0,-6.0,0.0,#1C2826,1
894,15.0,-4.0,-44.0,#002C65,0
895,15.0,-2.0,-40.0,#002A5F,0
896,15.0,0.0,-46.0,#002B68,0
897,15.0,6.0,-44.0,#002865,0
898,15.0,12.0,-52.0,#002671,0
899,15.0,14.0,-50.0,#00256E,0
900,15.0,18.0,-58.0,#00247B,0
901,15.0,20.0,-2.0,#3E1A29,1
902,15.0,22.0,-10.0,#3D1934,1
903,15.0,24.0,10.0,#461519,1
904,15.0,24.0,14.0,#471513,1
905,15.0,26.0,6.0,#47131E,1
906,15.0,28.0,-22.0,#3C1445,1
907,15.0,28.0,14.0,#4B1013,1
908,15.0,32.0,-66.0,#001D87,0
909,15.0,34.0,-26.0,#410D4B,1
910,15.0,34.0,-22.0,#440C45,1
911,15.0,34.0,16.0,#510510,1
912,15.0,36.0,-44.0,#2F1065,1
913,15.0,36.0,6.0,#52011F,1
914,15.0,38.0,-50.0,#270F6F,1
915,15.0,40.0,18.0,#58000D,0
916,15.0,42.0,-72.0,#001491,0
917,15.0,42.0,6.0,#58001F,0
918,15.0,44.0,-58.0,#20087B,1
919,15.0,46.0,-54.0,#300075,1
920,15.0,46.0,-36.0,#48005A,0
921,15.0,46.0,22.0,#5E0005,0
922,15.0,48.0,-66.0,#090487,1
923,15.0,48.0,-16.0,#57003D,0
924,15.0,50.0,-62.0,#250081,0
925,15.0,52.0,24.0,#640001,0
926,15.0,54.0,-18.0,#5D0040,0
927,15.0,54.0,4.0,#630022,0
928,15.0,56.0,-30.0,#590051,0
929,15.0,58.0,-24.0,#5E0049,0
930,15.0,58.0,-14.0,#62003B,0
931,15.0,58.0,8.0,#68001D,0
932,15.0,58.0,14.0,#690016,0
933,15.0,58.0,18.0,#69000F,0
934,15.0,58.0,22.0,#690006,0
935,15.0,62.0,-20.0,#640043,0
936,15.0,64.0,-44.0,#580066,0
937,15.0,64.0,-38.0,#5D005D,0
938,15.0,64.0,-26.0,#64004C,0
939,15.0,66.0,-86.0,#0000A8,0
940,15.0,68.0,-22.0,#6A0046,0
941,15.0,70.0,-42.0,#610063,0
942,15.0,72.0,-88.0,#0000AB,0
943,15.0,98.0,-104.0,#1D00C6,0
944,15.0,102.0,-100.0,#3E00BF,0
945,15.0,104.0,-106.0,#2D00C9,0
946,15.0,110.0,-108.0,#3900CD,0
947,15.0,112.0,-102.0,#5000C3,0
948,15.0,112.0,-78.0,#76009B,0
949,15.0,118.0,-84.0,#7800A5,0
950,16.0,-68.0,12.0,#003815,0
951,16.0,-62.0,8.0,#00371B,0
952,16.0,-60.0,12.0,#003715,0
953,16.0,-54.0,8.0,#00361B,0
954,16.0,-54.0,14.0,#003512,0
955,16.0,-48.0,10.0,#003418,0
956,16.0,-46.0,-4.0,#00352D,0
957,16.0,-46.0,14.0,#003412,0
958,16.0,-42.0,10.0,#003318,0
959,16.0,-40.0,-8.0,#003432,0
960,16.0,-40.0,-4.0,#00332D,0
961,16.0,-40.0,14.0,#003312,0
962,16.0,-38.0,0.0,#003327,0
963,16.0,-36.0,16.0,#00320F,0
964,16.0,-34.0,-6.0,#003230,0
965,16.0,-34.0,-2.0,#00322A,0
966,16.0,-34.0,12.0,#003216,0
967,16.0,-30.0,14.0,#003113,0
968,16.0,-28.0,-6.0,#003130,0
969,16.0,-26.0,-2.0,#00302A,0
970,16.0,-26.0,16.0,#00300F,0
971,16.0,-22.0,0.0,#002F27,0
972,16.0,-22.0,16.0,#072F0F,1
973,16.0,-20.0,-8.0,#002F33,0
974,16.0,-18.0,0.0,#002E27,0
975,16.0,-18.0,16.0,#122E10,1
976,16.0,-14.0,14.0,#192D13,1
977,16.0,-14.0,18.0,#1C2C0C,1
978,16.0,-12.0,-4.0,#092D2D,1
979,16.0,-12.0,20.0,#202C07,1
980,16.0,-10.0,-10.0,#022C36,1
981,16.0,-10.0,6.0,#1B2B1F,1
982,16.0,-10.0,10.0,#1E2B19,1
983,16.0,-10.0,14.0,#202B13,1
984,16.0,-8.0,-20.0,#002C44,0
985,16.0,-8.0,-16.0,#002C3E,0
986,16.0,-8.0,8.0,#202B1C,1
987,16.0,-8.0,16.0,#242A10,1
988,16.0,-8.0,20.0,#262A07,1
989,16.0,-6.0,-22.0,#002C47,0
990,16.0,-6.0,6.0,#222A1F,1
991,16.0,-6.0,14.0,#262A13,1
992,16.0,-4.0,-34.0,#002C59,0
993,16.0,-4.0,-20.0,#002B44,0
994,16.0,-4.0,-16.0,#082B3E,1
995,16.0,-4.0,-12.0,#132A39,1
996,16.0,-4.0,-8.0,#192A33,1
997,16.0,-4.0,-4.0,#1E2A2D,1
998,16.0,-4.0,0.0,#212928,1
999,16.0,-4.0,4.0,#242922,1
1000,16.0,-4.0,20.0,#2B2908,1
1001,16.0,-2.0,-18.0,#0A2A41,1
1002,16.0,-2.0,-14.0,#142A3B,1
1003,16.0,-2.0,-10.0,#1B2936,1
1004,16.0,-2.0,-6.0,#202930,1
1005,16.0,-2.0,18.0,#2D280D,1
1006,16.0,0.0,-38.0,#002B5F,0
1007,16.0,0.0,-20.0,#0C2944,1
1008,16.0,0.0,-16.0,#16293E,1
1009,16.0,0.0,-12.0,#1C2939,1
1010,16.0,0.0,-8.0,#212833,1
1011,16.0,0.0,0.0,#282828,1
1012,16.0,0.0,4.0,#2A2822,1
1013,16.0,0.0,8.0,#2C271C,1
1014,16.0,0.0,16.0,#2F2710,1
1015,16.0,0.0,20.0,#302708,1
1016,16.0,2.0,-20.0,#132844,1
1017,16.0,2.0,-16.0,#1B283E,1
1018,16.0,2.0,-12.0,#202839,1
1019,16.0,2.0,-8.0,#252733,1
1020,16.0,2.0,4.0,#2D2722,1
1021,16.0,2.0,8.0,#2F261D,1
1022,16.0,2.0,16.0,#312611,1
1023,16.0,2.0,20.0,#332608,1
1024,16.0,4.0,-20.0,#182744,1
1025,16.0,4.0,-16.0,#1F273E,1
1026,16.0,4.0,-12.0,#242739,1
1027,16.0,4.0,-8.0,#282633,1
1028,16.0,4.0,4.0,#302622,1
1029,16.0,4.0,8.0,#31251D,1
1030,16.0,4.0,16.0,#342511,1
1031,16.0,4.0,20.0,#352508,1
1032,16.0,6.0,-20.0,#1D2644,1
1033,16.0,6.0,-16.0,#23263E,1
1034,16.0,6.0,-12.0,#272639,1
1035,16.0,6.0,-8.0,#2B2533,1
1036,16.0,6.0,4.0,#322522,1
1037,16.0,6.0,8.0,#34241D,1
1038,16.0,6.0,16.0,#362411,1
1039,16.0,6.0,20.0,#372409,1
1040,16.0,8.0,-12.0,#2B2539,1
1041,16.0,8.0,-8.0,#2E2433,1
1042,16.0,8.0,-4.0,#31242E,1
1043,16.0,8.0,4.0,#352422,1
1044,16.0,8.0,8.0,#36231D,1
1045,16.0,10.0,-10.0,#2F2336,1
1046,16.0,10.0,-6.0,#322330,1
1047,16.0,10.0,-2.0,#34232B,1
1048,16.0,10.0,6.0,#382220,1
1049,16.0,10.0,10.0,#39221A,1
1050,16.0,10.0,20.0,#3C2209,1
1051,16.0,12.0,-4.0,#36222E,1
1052,16.0,12.0,0.0,#382128,1
1053,16.0,12.0,8.0,#3B211D,1
1054,16.0,12.0,18.0,#3E200E,1
1055,16.0,14.0,-2.0,#39202B,1
1056,16.0,14.0,12.0,#3E1F17,1
1057,16.0,14.0,22.0,#411F04,1
1058,16.0,16.0,0.0,#3D1F28,1
1059,16.0,16.0,10.0,#401E1A,1
1060,16.0,16.0,20.0,#421E09,1
1061,16.0,18.0,24.0,#451C00,0
1062,16.0,20.0,8.0,#441B1D,1
1063,16.0,20.0,12.0,#451B18,1
1064,16.0,20.0,22.0,#471A05,1
1065,16.0,24.0,20.0,#4B170A,1
1066,16.0,24.0,24.0,#4B1601,1
1067,16.0,28.0,-30.0,#371853,1
1068,16.0,28.0,-26.0,#3B174D,1
1069,16.0,28.0,24.0,#4F1101,1
1070,16.0,30.0,22.0,#510F06,1
1071,16.0,34.0,-32.0,#3E1156,1
1072,16.0,34.0,26.0,#560600,0
1073,16.0,36.0,-18.0,#4B0942,1
1074,16.0,38.0,-56.0,#17147A,1
1075,16.0,38.0,-30.0,#450953,1
1076,16.0,38.0,24.0,#590002,0
1077,16.0,40.0,-40.0,#3E0962,1
1078,16.0,40.0,0.0,#570029,0
1079,16.0,40.0,12.0,#5A0019,0
1080,16.0,42.0,-62.0,#071184,1
1081,16.0,42.0,-22.0,#500048,0
1082,16.0,42.0,-4.0,#58002F,0
1083,16.0,46.0,-48.0,#3D006E,0
1084,16.0,46.0,-42.0,#450065,0
1085,16.0,46.0,0.0,#5D0029,0
1086,16.0,46.0,12.0,#5F0019,0
1087,16.0,48.0,-24.0,#56004B,0
1088,16.0,48.0,16.0,#620014,0
1089,16.0,48.0,26.0,#630000,0
1090,16.0,50.0,-34.0,#510059,0
1091,16.0,50.0,-6.0,#600032,0
1092,16.0,52.0,-2.0,#63002C,0
1093,16.0,52.0,8.0,#65001F,0
1094,16.0,52.0,20.0,#66000E,0
1095,16.0,54.0,-42.0,#500065,0
1096,16.0,56.0,-38.0,#56005F,0
1097,16.0,58.0,-52.0,#4B0074,0
1098,16.0,60.0,-48.0,#52006E,0
1099,16.0,60.0,-2.0,#6B002D,0
1100,16.0,64.0,2.0,#6F0028,0
1101,16.0,72.0,-32.0,#6C0057,0
1102,16.0,74.0,-48.0,#64006F,0
1103,16.0,78.0,-62.0,#5C0084,0
1104,16.0,80.0,-70.0,#540091,0
1105,16.0,82.0,-46.0,#6F006C,0
1106,16.0,84.0,-78.0,#4E009E,0
1107,16.0,86.0,-86.0,#4100AB,0
1108,16.0,86.0,-72.0,#5B0094,0
1109,16.0,90.0,-82.0,#5200A4,0
1110,16.0,92.0,-102.0,#0C00C5,0
1111,16.0,92.0,-76.0,#5F009B,0
1112,16.0,96.0,-84.0,#5900A8,0
1113,16.0,104.0,-92.0,#5900B5,0
1114,16.0,104.0,-82.0,#6900A4,0
1115,16.0,110.0,-88.0,#6A00AE,0
1116,16.0,112.0,-114.0,#2B00DA,0
1117,16.0,122.0,-104.0,#6400C9,0
1118,16.0,124.0,-110.0,#5B00D3,0
1119,17.0,-62.0,-10.0,#003A37,0
1120,17.0,-58.0,-14.0,#00393D,0
1121,17.0,-56.0,-8.0,#003934,0
1122,17.0,-52.0,-18.0,#003943,0
1123,17.0,-52.0,-12.0,#00383A,0
1124,17.0,-46.0,-14.0,#00373D,0
1125,17.0,-46.0,-10.0,#003737,0
1126,17.0,-42.0,-16.0,#003740,0
1127,17.0,-40.0,-12.0,#00363A,0
1128,17.0,-38.0,-20.0,#003646,0
1129,17.0,-36.0,-16.0,#003640,0
1130,17.0,-34.0,-22.0,#003649,0
1131,17.0,-34.0,-12.0,#00353A,0
1132,17.0,-32.0,-30.0,#003655,0
1133,17.0,-30.0,-24.0,#00354C,0
1134,17.0,-30.0,-18.0,#003543,0
1135,17.0,-30.0,-14.0,#00343D,0
1136,17.0,-28.0,-32.0,#003558,0
1137,17.0,-28.0,-10.0,#003438,0
1138,17.0,-26.0,-26.0,#00344F,0
1139,17.0,-26.0,-20.0,#003446,0
1140,17.0,-24.0,-36.0,#00355E,0
1141,17.0,-24.0,-16.0,#003340,0
1142,17.0,-24.0,-12.0,#00333B,0
1143,17.0,-24.0,-8.0,#003335,0
1144,17.0,-22.0,-30.0,#003455,0
1145,17.0,-22.0,-22.0,#003349,0
1146,17.0,-22.0,4.0,#003124,0
1147,17.0,-20.0,-38.0,#003461,0
1148,17.0,-20.0,-18.0,#003243,0
1149,17.0,-20.0,8.0,#06311E,1
1150,17.0,-18.0,-32.0,#003358,0
1151,17.0,-16.0,-40.0,#003364,0
1152,17.0,-16.0,-16.0,#003140,0
1153,17.0,-16.0,-12.0,#00313B,0
1154,17.0,-16.0,-8.0,#003035,0
1155,17.0,-16.0,-4.0,#00302F,0
1156,17.0,-16.0,4.0,#0D3024,1
1157,17.0,-16.0,8.0,#12301E,1
1158,17.0,-14.0,-34.0,#00325B,0
1159,17.0,-14.0,0.0,#0D2F2A,1
1160,17.0,-12.0,-42.0,#003267,0
1161,17.0,-12.0,-22.0,#003049,0
1162,17.0,-12.0,-18.0,#003043,0
1163,17.0,-12.0,2.0,#162E27,1
1164,17.0,-10.0,-36.0,#00315E,0
1165,17.0,-10.0,0.0,#182E2A,1
1166,17.0,-8.0,-26.0,#002F4F,0
1167,17.0,-8.0,-2.0,#1A2D2D,1
1168,17.0,-8.0,2.0,#1E2D27,1
1169,17.0,-6.0,-2.0,#1E2C2D,1
1170,17.0,-6.0,2.0,#222C27,1
1171,17.0,-4.0,-28.0,#002E52,0
1172,17.0,-4.0,8.0,#292B1E,1
1173,17.0,-4.0,12.0,#2A2B19,1
1174,17.0,2.0,-32.0,#002C58,0
1175,17.0,4.0,-52.0,#002E76,0
1176,17.0,4.0,-30.0,#002B55,0
1177,17.0,4.0,-26.0,#0A2A4F,1
1178,17.0,8.0,-54.0,#002D7A,0
1179,17.0,8.0,-36.0,#002A5E,0
1180,17.0,8.0,-32.0,#022958,1
1181,17.0,8.0,-28.0,#132852,1
1182,17.0,12.0,-38.0,#002861,0
1183,17.0,12.0,-34.0,#0D275B,1
1184,17.0,14.0,-58.0,#002B80,0
1185,17.0,16.0,-36.0,#16255E,1
1186,17.0,16.0,-18.0,#342244,1
1187,17.0,18.0,-44.0,#00256A,0
1188,17.0,18.0,-16.0,#382141,1
1189,17.0,20.0,-42.0,#0D2367,1
1190,17.0,22.0,-60.0,#002683,0
1191,17.0,22.0,-54.0,#00257A,0
1192,17.0,22.0,-40.0,#1D2264,1
1193,17.0,24.0,-52.0,#002377,0
1194,17.0,24.0,-48.0,#002270,0
1195,17.0,24.0,-2.0,#481A2D,1
1196,17.0,26.0,-46.0,#16206D,1
1197,17.0,28.0,-66.0,#00248D,0
1198,17.0,28.0,-58.0,#002180,0
1199,17.0,28.0,-44.0,#231E6A,1
1200,17.0,30.0,-56.0,#001F7D,0
1201,17.0,30.0,-42.0,#2C1B67,1
1202,17.0,32.0,-54.0,#081C7A,1
1203,17.0,32.0,28.0,#570E00,0
1204,17.0,34.0,-62.0,#001D86,0
1205,17.0,34.0,-50.0,#231974,1
1206,17.0,38.0,-72.0,#001D96,0
1207,17.0,38.0,-62.0,#001986,0
1208,17.0,40.0,-36.0,#450A5F,1
1209,17.0,42.0,-16.0,#560042,0
1210,17.0,42.0,22.0,#60000B,0
1211,17.0,44.0,-68.0,#001390,0
1212,17.0,44.0,-28.0,#510053,0
1213,17.0,48.0,-12.0,#5E003C,0
1214,17.0,50.0,-78.0,#000FA0,0
1215,17.0,50.0,-72.0,#000A96,0
1216,17.0,54.0,-70.0,#1D0093,0
1217,17.0,54.0,-54.0,#44007A,0
1218,17.0,54.0,28.0,#6C0000,0
1219,17.0,56.0,-82.0,#0003A7,0
1220,17.0,56.0,-76.0,#00009D,0
1221,17.0,56.0,-66.0,#31008D,0
1222,17.0,56.0,-60.0,#3E0083,0
1223,17.0,60.0,-74.0,#22009A,0
1224,17.0,60.0,-58.0,#480080,0
1225,17.0,62.0,-70.0,#350093,0
1226,17.0,62.0,-64.0,#42008A,0
1227,17.0,62.0,-30.0,#650056,0
1228,17.0,62.0,-8.0,#6E0037,0
1229,17.0,64.0,10.0,#74001F,0
1230,17.0,66.0,-78.0,#2700A0,0
1231,17.0,66.0,-60.0,#4F0084,0
1232,17.0,66.0,-4.0,#730032,0
1233,17.0,68.0,-74.0,#39009A,0
1234,17.0,68.0,-68.0,#460090,0
1235,17.0,68.0,-10.0,#74003A,0
1236,17.0,70.0,-56.0,#5A007D,0
1237,17.0,72.0,-82.0,#2C00A7,0
1238,17.0,72.0,-64.0,#53008A,0
1239,17.0,74.0,-74.0,#46009A,0
1240,17.0,74.0,-40.0,#6D0065,0
1241,17.0,74.0,-22.0,#76004B,0
1242,17.0,76.0,-54.0,#64007A,0
1243,17.0,78.0,-84.0,#3700AA,0
1244,17.0,82.0,-94.0,#1800BB,0
1245,17.0,82.0,-58.0,#680081,0
1246,17.0,82.0,-36.0,#78005F,0
1247,17.0,86.0,-52.0,#730078,0
1248,17.0,92.0,-58.0,#750081,0
1249,17.0,96.0,-92.0,#4D00B7,0
1250,17.0,98.0,-62.0,#790087,0
1251,17.0,116.0,-94.0,#6E00BB,0
1252,17.0,124.0,-120.0,#4200E7,0
1253,17.0,124.0,-98.0,#7500C2,0
1254,18.0,-74.0,18.0,#003D0E,0
1255,18.0,-68.0,20.0,#003C0A,0
1256,18.0,-62.0,16.0,#003B12,0
1257,18.0,-60.0,20.0,#003B0B,0
1258,18.0,-54.0,2.0,#003A28,0
1259,18.0,-52.0,20.0,#00390B,0
1260,18.0,-48.0,4.0,#003925,0
1261,18.0,-46.0,22.0,#003806,0
1262,18.0,-40.0,4.0,#003825,0
1263,18.0,-40.0,20.0,#00370C,0
1264,18.0,-38.0,8.0,#00371F,0
1265,18.0,-36.0,22.0,#003607,0
1266,18.0,-34.0,4.0,#003725,0
1267,18.0,-32.0,8.0,#003620,0
1268,18.0,-30.0,0.0,#00362B,0
1269,18.0,-30.0,18.0,#003510,0
1270,18.0,-30.0,22.0,#003507,0
1271,18.0,-28.0,4.0,#003526,0
1272,18.0,-26.0,8.0,#003520,0
1273,18.0,-26.0,24.0,#073403,1
1274,18.0,-22.0,12.0,#07331A,1
1275,18.0,-22.0,24.0,#133303,1
1276,18.0,-20.0,-2.0,#00332E,0
1277,18.0,-18.0,20.0,#19320D,1
1278,18.0,-18.0,24.0,#1B3203,1
1279,18.0,-16.0,12.0,#18321A,1
1280,18.0,-12.0,-6.0,#0A3134,1
1281,18.0,-12.0,-2.0,#12312F,1
1282,18.0,-12.0,10.0,#1F301D,1
1283,18.0,-12.0,14.0,#213017,1
1284,18.0,-12.0,24.0,#253004,1
1285,18.0,-10.0,-14.0,#003140,0
1286,18.0,-10.0,-4.0,#153031,1
1287,18.0,-10.0,4.0,#1E3026,1
1288,18.0,-10.0,20.0,#272F0D,1
1289,18.0,-8.0,-8.0,#143037,1
1290,18.0,-6.0,-18.0,#003046,0
1291,18.0,-6.0,-14.0,#0C2F40,1
1292,18.0,-6.0,-10.0,#162F3A,1
1293,18.0,-6.0,-6.0,#1C2F34,1
1294,18.0,-6.0,10.0,#292E1D,1
1295,18.0,-6.0,18.0,#2C2E11,1
1296,18.0,-6.0,24.0,#2E2E04,1
1297,18.0,-4.0,16.0,#2E2D14,1
1298,18.0,-4.0,26.0,#312D00,0
1299,18.0,-2.0,-4.0,#262D32,1
1300,18.0,-2.0,0.0,#292D2C,1
1301,18.0,-2.0,4.0,#2B2D26,1
1302,18.0,-2.0,8.0,#2E2D20,1
1303,18.0,-2.0,12.0,#2F2C1B,1
1304,18.0,0.0,-34.0,#002F5D,0
1305,18.0,0.0,-26.0,#002E52,0
1306,18.0,0.0,-4.0,#292C32,1
1307,18.0,0.0,12.0,#322B1B,1
1308,18.0,0.0,24.0,#362B05,1
1309,18.0,2.0,-4.0,#2C2B32,1
1310,18.0,2.0,0.0,#2F2B2C,1
1311,18.0,2.0,12.0,#352A1B,1
1312,18.0,2.0,26.0,#392A00,0
1313,18.0,4.0,-42.0,#002E6A,0
1314,18.0,4.0,-4.0,#2F2A32,1
1315,18.0,4.0,0.0,#322A2C,1
1316,18.0,4.0,12.0,#372A1B,1
1317,18.0,4.0,24.0,#3A2905,1
1318,18.0,6.0,-40.0,#002D67,0
1319,18.0,6.0,-4.0,#322932,1
1320,18.0,6.0,0.0,#35292C,1
1321,18.0,6.0,12.0,#3A281B,1
1322,18.0,8.0,-48.0,#002E73,0
1323,18.0,8.0,-16.0,#2B2943,1
1324,18.0,8.0,0.0,#37282C,1
1325,18.0,8.0,12.0,#3C271B,1
1326,18.0,8.0,16.0,#3D2715,1
1327,18.0,8.0,24.0,#3F2705,1
1328,18.0,10.0,-46.0,#002C70,0
1329,18.0,10.0,-24.0,#24294F,1
1330,18.0,10.0,-20.0,#2A2949,1
1331,18.0,10.0,2.0,#3B2729,1
1332,18.0,12.0,-44.0,#002B6D,0
1333,18.0,12.0,-30.0,#1D2958,1
1334,18.0,12.0,-18.0,#2F2746,1
1335,18.0,12.0,-14.0,#332740,1
1336,18.0,12.0,4.0,#3E2527,1
1337,18.0,12.0,14.0,#412518,1
1338,18.0,12.0,24.0,#442406,1
1339,18.0,14.0,-52.0,#002B79,0
1340,18.0,14.0,-28.0,#262755,1
1341,18.0,14.0,-24.0,#2C274F,1
1342,18.0,14.0,-12.0,#38253D,1
1343,18.0,14.0,-8.0,#3B2538,1
1344,18.0,14.0,2.0,#40242A,1
1345,18.0,16.0,-50.0,#002A76,0
1346,18.0,16.0,-22.0,#32254C,1
1347,18.0,16.0,-6.0,#3E2335,1
1348,18.0,16.0,6.0,#442324,1
1349,18.0,16.0,16.0,#462216,1
1350,18.0,16.0,28.0,#492200,0
1351,18.0,18.0,-48.0,#002873,0
1352,18.0,18.0,-34.0,#23255E,1
1353,18.0,18.0,-30.0,#2B2558,1
1354,18.0,18.0,-26.0,#302452,1
1355,18.0,18.0,-12.0,#3D223E,1
1356,18.0,18.0,4.0,#452127,1
1357,18.0,18.0,14.0,#482119,1
1358,18.0,20.0,-24.0,#36224F,1
1359,18.0,20.0,-20.0,#3A2249,1
1360,18.0,20.0,-8.0,#422138,1
1361,18.0,20.0,-4.0,#442032,1
1362,18.0,20.0,0.0,#46202D,1
1363,18.0,20.0,18.0,#4B1F13,1
1364,18.0,22.0,-30.0,#322258,1
1365,18.0,22.0,-18.0,#3E2046,1
1366,18.0,22.0,-14.0,#412040,1
1367,18.0,22.0,4.0,#4A1E27,1
1368,18.0,22.0,16.0,#4D1D16,1
1369,18.0,22.0,28.0,#4F1D00,0
1370,18.0,24.0,-38.0,#292264,1
1371,18.0,24.0,-28.0,#382055,1
1372,18.0,24.0,-24.0,#3C1F4F,1
1373,18.0,24.0,-10.0,#461D3B,1
1374,18.0,24.0,-6.0,#481D35,1
1375,18.0,24.0,8.0,#4D1C22,1
1376,18.0,24.0,12.0,#4E1B1C,1
1377,18.0,26.0,-36.0,#312061,1
1378,18.0,26.0,-18.0,#441C46,1
1379,18.0,26.0,-14.0,#461C41,1
1380,18.0,26.0,2.0,#4E1A2A,1
1381,18.0,26.0,16.0,#511916,1
1382,18.0,28.0,-34.0,#371D5E,1
1383,18.0,28.0,-8.0,#4C1938,1
1384,18.0,28.0,-4.0,#4E1932,1
1385,18.0,28.0,6.0,#511825,1
1386,18.0,28.0,10.0,#52171F,1
1387,18.0,28.0,28.0,#551600,0
1388,18.0,30.0,-12.0,#4C173E,1
1389,18.0,30.0,0.0,#51162D,1
1390,18.0,30.0,14.0,#551419,1
1391,18.0,32.0,-40.0,#361B67,1
1392,18.0,32.0,-34.0,#3E195E,1
1393,18.0,32.0,-22.0,#49164C,1
1394,18.0,32.0,-18.0,#4B1646,1
1395,18.0,32.0,4.0,#551227,1
1396,18.0,32.0,18.0,#581114,1
1397,18.0,34.0,-10.0,#52113B,1
1398,18.0,34.0,-6.0,#541035,1
1399,18.0,34.0,-2.0,#551030,1
1400,18.0,34.0,8.0,#580F22,1
1401,18.0,34.0,12.0,#590E1C,1
1402,18.0,36.0,-40.0,#3D1667,1
1403,18.0,36.0,-26.0,#4B1252,1
1404,18.0,36.0,2.0,#590B2A,1
1405,18.0,36.0,16.0,#5C0917,1
1406,18.0,38.0,-22.0,#500D4C,1
1407,18.0,38.0,6.0,#5C0625,1
1408,18.0,38.0,28.0,#5F0300,0
1409,18.0,40.0,-54.0,#2B157C,1
1410,18.0,40.0,-46.0,#3B1270,1
1411,18.0,40.0,-10.0,#59043B,1
1412,18.0,42.0,-72.0,#001A99,0
1413,18.0,44.0,-60.0,#251186,1
1414,18.0,44.0,-52.0,#380D79,1
1415,18.0,44.0,6.0,#620025,0
1416,18.0,44.0,18.0,#640015,0
1417,18.0,44.0,30.0,#650000,0
1418,18.0,46.0,-78.0,#0018A3,0
1419,18.0,48.0,-58.0,#350683,1
1420,18.0,50.0,-64.0,#2A068C,1
1421,18.0,50.0,4.0,#680028,0
1422,18.0,52.0,-28.0,#5D0055,0
1423,18.0,52.0,-18.0,#630047,0
1424,18.0,52.0,12.0,#6B001E,0
1425,18.0,54.0,-46.0,#510070,0
1426,18.0,54.0,-24.0,#620050,0
1427,18.0,56.0,16.0,#700019,0
1428,18.0,58.0,-20.0,#68004A,0
1429,18.0,58.0,-14.0,#6B0041,0
1430,18.0,58.0,2.0,#6F002B,0
1431,18.0,58.0,10.0,#710021,0
1432,18.0,58.0,26.0,#730007,0
1433,18.0,62.0,-44.0,#5E006D,0
1434,18.0,62.0,-38.0,#630064,0
1435,18.0,62.0,18.0,#760017,0
1436,18.0,64.0,-88.0,#0000B3,0
1437,18.0,64.0,-18.0,#700047,0
1438,18.0,64.0,24.0,#78000D,0
1439,18.0,68.0,-46.0,#640071,0
1440,18.0,68.0,-40.0,#680068,0
1441,18.0,70.0,-90.0,#0000B7,0
1442,18.0,72.0,-16.0,#790045,0
1443,18.0,76.0,-92.0,#0300BA,0
1444,18.0,80.0,-50.0,#700077,0
1445,18.0,84.0,-100.0,#0000C7,0
1446,18.0,84.0,-66.0,#660090,0
1447,18.0,88.0,-96.0,#2F00C1,0
1448,18.0,90.0,-46.0,#7E0071,0
1449,18.0,92.0,-68.0,#6F0093,0
1450,18.0,94.0,-98.0,#3B00C4,0
1451,18.0,94.0,-52.0,#7F007A,0
1452,18.0,100.0,-102.0,#3F00CB,0
1453,18.0,100.0,-72.0,#75009A,0
1454,18.0,102.0,-108.0,#2D00D5,0
1455,18.0,106.0,-70.0,#7F0097,0
1456,18.0,108.0,-102.0,#5300CB,0
1457,18.0,112.0,-76.0,#8200A0,0
1458,18.0,114.0,-108.0,#5100D5,0
1459,18.0,114.0,-100.0,#6400C8,0
1460,18.0,118.0,-84.0,#8100AD,0
1461,19.0,-40.0,-30.0,#003C5A,0
1462,19.0,-36.0,-32.0,#003C5D,0
1463,19.0,-34.0,-26.0,#003B54,0
1464,19.0,-32.0,-34.0,#003B60,0
1465,19.0,-28.0,-36.0,#003A63,0
1466,19.0,-22.0,-26.0,#003854,0
1467,19.0,-18.0,-24.0,#003751,0
1468,19.0,-18.0,-20.0,#00364B,0
1469,19.0,-14.0,-26.0,#003654,0
1470,19.0,-14.0,-20.0,#00354B,0
1471,19.0,-14.0,-8.0,#003439,0
1472,19.0,-10.0,-20.0,#00344B,0
1473,19.0,-10.0,-8.0,#103339,1
1474,19.0,-8.0,-48.0,#003675,0
1475,19.0,-6.0,-44.0,#00356F,0
1476,19.0,-6.0,-36.0,#003463,0
1477,19.0,-6.0,-28.0,#003357,0
1478,19.0,-6.0,-22.0,#00324E,0
1479,19.0,-4.0,-50.0,#003578,0
1480,19.0,-4.0,-20.0,#02314B,1
1481,19.0,-4.0,-14.0,#163142,1
1482,19.0,-4.0,-10.0,#1D313C,1
1483,19.0,-4.0,-6.0,#223037,1
1484,19.0,-4.0,-2.0,#263031,1
1485,19.0,-2.0,-46.0,#003472,0
1486,19.0,-2.0,-38.0,#003366,0
1487,19.0,-2.0,-18.0,#133048,1
1488,19.0,-2.0,-14.0,#1B3042,1
1489,19.0,-2.0,-10.0,#21303C,1
1490,19.0,0.0,-52.0,#00347C,0
1491,19.0,0.0,-20.0,#14304B,1
1492,19.0,0.0,-16.0,#1D2F45,1
1493,19.0,0.0,-12.0,#232F3F,1
1494,19.0,0.0,-8.0,#272F3A,1
1495,19.0,0.0,0.0,#2E2E2E,1
1496,19.0,0.0,4.0,#312E28,1
1497,19.0,2.0,-20.0,#1A2F4B,1
1498,19.0,2.0,-16.0,#212E45,1
1499,19.0,2.0,-12.0,#272E3F,1
1500,19.0,2.0,-8.0,#2B2E3A,1
1501,19.0,2.0,4.0,#332D28,1
1502,19.0,4.0,-20.0,#202E4B,1
1503,19.0,4.0,-16.0,#262D45,1
1504,19.0,4.0,-12.0,#2A2D3F,1
1505,19.0,4.0,-8.0,#2E2D3A,1
1506,19.0,4.0,4.0,#362C29,1
1507,19.0,4.0,8.0,#382C23,1
1508,19.0,6.0,-20.0,#242D4B,1
1509,19.0,6.0,-16.0,#2A2C45,1
1510,19.0,6.0,-12.0,#2E2C40,1
1511,19.0,6.0,-8.0,#312C3A,1
1512,19.0,6.0,4.0,#392B29,1
1513,19.0,6.0,8.0,#3B2B23,1
1514,19.0,8.0,-12.0,#312B40,1
1515,19.0,8.0,-8.0,#342B3A,1
1516,19.0,8.0,-4.0,#372A34,1
1517,19.0,8.0,4.0,#3B2A29,1
1518,19.0,8.0,8.0,#3D2A23,1
1519,19.0,10.0,-10.0,#362A3D,1
1520,19.0,10.0,-6.0,#392937,1
1521,19.0,10.0,-2.0,#3B2931,1
1522,19.0,10.0,6.0,#3F2926,1
1523,19.0,10.0,10.0,#402820,1
1524,19.0,12.0,-4.0,#3D2834,1
1525,19.0,12.0,0.0,#3F282E,1
1526,19.0,12.0,8.0,#422723,1
1527,19.0,14.0,-2.0,#402731,1
1528,19.0,14.0,12.0,#46261D,1
1529,19.0,16.0,0.0,#44252F,1
1530,19.0,16.0,10.0,#472420,1
1531,19.0,18.0,20.0,#4C2312,1
1532,19.0,20.0,-64.0,#002C8F,0
1533,19.0,20.0,8.0,#4B2123,1
1534,19.0,20.0,12.0,#4C211E,1
1535,19.0,22.0,22.0,#511F0E,1
1536,19.0,24.0,20.0,#521D12,1
1537,19.0,26.0,-68.0,#002A95,0
1538,19.0,26.0,24.0,#551B0B,1
1539,19.0,28.0,-28.0,#401E57,1
1540,19.0,28.0,-24.0,#441E51,1
1541,19.0,30.0,22.0,#59160F,1
1542,19.0,32.0,-72.0,#00269C,0
1543,19.0,32.0,-66.0,#002492,0
1544,19.0,34.0,-30.0,#47185A,1
1545,19.0,36.0,-56.0,#1C1D82,1
1546,19.0,36.0,32.0,#610B00,0
1547,19.0,38.0,-18.0,#550F49,1
1548,19.0,38.0,24.0,#61070C,1
1549,19.0,40.0,-4.0,#5E0635,1
1550,19.0,40.0,0.0,#5F052F,1
1551,19.0,40.0,14.0,#62031C,1
1552,19.0,42.0,-78.0,#001FA5,0
1553,19.0,44.0,-40.0,#4C096A,1
1554,19.0,44.0,12.0,#66001F,0
1555,19.0,46.0,-36.0,#520164,1
1556,19.0,46.0,-22.0,#5C004F,0
1557,19.0,46.0,-6.0,#630038,0
1558,19.0,46.0,-2.0,#650032,0
1559,19.0,48.0,-46.0,#4B0173,1
1560,19.0,48.0,-32.0,#58005E,0
1561,19.0,48.0,26.0,#6C0009,0
1562,19.0,50.0,32.0,#6E0000,0
1563,19.0,52.0,-38.0,#590067,0
1564,19.0,52.0,-8.0,#69003B,0
1565,19.0,52.0,0.0,#6C0030,0
1566,19.0,52.0,18.0,#6F0018,0
1567,19.0,52.0,22.0,#6F0012,0
1568,19.0,54.0,-34.0,#5E0061,0
1569,19.0,56.0,-4.0,#6F0036,0
1570,19.0,60.0,-82.0,#0000AC,0
1571,19.0,62.0,-52.0,#59007C,0
1572,19.0,62.0,14.0,#78001E,0
1573,19.0,64.0,4.0,#79002B,0
1574,19.0,66.0,-84.0,#1000B0,0
1575,19.0,66.0,-24.0,#720052,0
1576,19.0,70.0,-30.0,#74005B,0
1577,19.0,76.0,-28.0,#7B0058,0
1578,19.0,78.0,-98.0,#0000C7,0
1579,19.0,78.0,-66.0,#600093,0
1580,19.0,82.0,-74.0,#5B009F,0
1581,19.0,84.0,-80.0,#5400A9,0
1582,19.0,88.0,-76.0,#6200A3,0
1583,19.0,90.0,-102.0,#1C00CE,0
1584,19.0,90.0,-90.0,#4C00BA,0
1585,19.0,90.0,-82.0,#5C00AD,0
1586,19.0,96.0,-106.0,#2200D5,0
1587,19.0,96.0,-84.0,#6300B0,0
1588,19.0,102.0,-94.0,#5C00C1,0
1589,19.0,104.0,-88.0,#6A00B7,0
1590,19.0,104.0,-80.0,#7500A9,0
1591,19.0,108.0,-110.0,#3F00DC,0
1592,19.0,110.0,-116.0,#2A00E6,0
1593,19.0,112.0,-86.0,#7900B3,0
1594,19.0,116.0,-114.0,#4900E3,0
1595,19.0,118.0,-120.0,#3700ED,0
1596,19.0,124.0,-114.0,#5D00E3,0
1597,19.0,126.0,-126.0,#3A00F8,0
1598,19.0,126.0,-108.0,#6E00D8,0
1599,20.0,-82.0,2.0,#00432C,0
1600,20.0,-82.0,8.0,#004323,0
1601,20.0,-80.0,14.0,#004219,0
1602,20.0,-80.0,20.0,#00420F,0
1603,20.0,-80.0,26.0,#004201,0
1604,20.0,-78.0,-2.0,#004332,0
1605,20.0,-74.0,2.0,#00422C,0
1606,20.0,-74.0,8.0,#004223,0
1607,20.0,-72.0,-6.0,#004238,0
1608,20.0,-72.0,14.0,#00411A,0
1609,20.0,-72.0,26.0,#004101,0
1610,20.0,-68.0,0.0,#00412F,0
1611,20.0,-66.0,-8.0,#00413B,0
1612,20.0,-66.0,-4.0,#004135,0
1613,20.0,-66.0,4.0,#004129,0
1614,20.0,-66.0,10.0,#004120,0
1615,20.0,-64.0,28.0,#004000,0
1616,20.0,-62.0,-12.0,#004141,0
1617,20.0,-60.0,-6.0,#004038,0
1618,20.0,-60.0,-2.0,#004032,0
1619,20.0,-60.0,2.0,#00402C,0
1620,20.0,-60.0,6.0,#004026,0
1621,20.0,-60.0,12.0,#00401D,0
1622,20.0,-56.0,-16.0,#004047,0
1623,20.0,-56.0,-10.0,#00403E,0
1624,20.0,-56.0,26.0,#003F02,0
1625,20.0,-54.0,-4.0,#003F35,0
1626,20.0,-54.0,8.0,#003F23,0
1627,20.0,-54.0,14.0,#003F1A,0
1628,20.0,-50.0,-20.0,#00404D,0
1629,20.0,-50.0,-14.0,#003F44,0
1630,20.0,-50.0,-8.0,#003F3B,0
1631,20.0,-50.0,28.0,#003E00,0
1632,20.0,-48.0,-2.0,#003E32,0
1633,20.0,-48.0,10.0,#003E20,0
1634,20.0,-46.0,-22.0,#003F50,0
1635,20.0,-46.0,-16.0,#003F47,0
1636,20.0,-46.0,14.0,#003D1A,0
1637,20.0,-44.0,-12.0,#003E41,0
1638,20.0,-44.0,-6.0,#003E38,0
1639,20.0,-44.0,18.0,#003D14,0
1640,20.0,-42.0,-24.0,#003F53,0
1641,20.0,-42.0,-18.0,#003E4A,0
1642,20.0,-42.0,0.0,#003D2F,0
1643,20.0,-42.0,8.0,#003D24,0
1644,20.0,-42.0,28.0,#003C00,0
1645,20.0,-40.0,-14.0,#003D44,0
1646,20.0,-40.0,-8.0,#003D3B,0
1647,20.0,-40.0,12.0,#003C1D,0
1648,20.0,-38.0,-4.0,#003C35,0
1649,20.0,-38.0,16.0,#003C17,0
1650,20.0,-36.0,-20.0,#003D4D,0
1651,20.0,-36.0,-16.0,#003D47,0
1652,20.0,-36.0,-10.0,#003C3E,0
1653,20.0,-36.0,0.0,#003C30,0
1654,20.0,-34.0,-6.0,#003C38,0
1655,20.0,-34.0,12.0,#003B1E,0
1656,20.0,-34.0,28.0,#003B00,0
1657,20.0,-32.0,-12.0,#003C41,0
1658,20.0,-32.0,-2.0,#003B33,0
1659,20.0,-32.0,16.0,#003A17,0
1660,20.0,-30.0,-18.0,#003C4A,0
1661,20.0,-30.0,-8.0,#003B3B,0
1662,20.0,-30.0,30.0,#033A00,0
1663,20.0,-28.0,-26.0,#003C56,0
1664,20.0,-28.0,-14.0,#003B44,0
1665,20.0,-28.0,-4.0,#003A36,0
1666,20.0,-26.0,-20.0,#003B4D,0
1667,20.0,-26.0,-10.0,#003A3E,0
1668,20.0,-26.0,0.0,#003930,0
1669,20.0,-26.0,14.0,#00391B,0
1670,20.0,-24.0,-16.0,#003A47,0
1671,20.0,-24.0,-6.0,#003939,0
1672,20.0,-24.0,18.0,#0D3814,1
1673,20.0,-24.0,30.0,#163800,0
1674,20.0,-22.0,-36.0,#003B65,0
1675,20.0,-22.0,-22.0,#003A50,0
1676,20.0,-22.0,-12.0,#003941,0
1677,20.0,-22.0,2.0,#00382D,0
1678,20.0,-20.0,-30.0,#003A5C,0
1679,20.0,-20.0,-8.0,#00383B,0
1680,20.0,-20.0,6.0,#0A3727,1
1681,20.0,-20.0,16.0,#163718,1
1682,20.0,-18.0,-40.0,#003B6B,0
1683,20.0,-18.0,-14.0,#003844,0
1684,20.0,-18.0,-10.0,#00383E,0
1685,20.0,-18.0,-4.0,#003736,0
1686,20.0,-18.0,0.0,#053730,1
1687,20.0,-18.0,8.0,#143724,1
1688,20.0,-18.0,30.0,#223600,0
1689,20.0,-16.0,-34.0,#003962,0
1690,20.0,-16.0,-16.0,#003847,0
1691,20.0,-16.0,-6.0,#003739,0
1692,20.0,-16.0,2.0,#11362D,1
1693,20.0,-14.0,-42.0,#003A6E,0
1694,20.0,-14.0,-12.0,#003741,0
1695,20.0,-14.0,-2.0,#113633,1
1696,20.0,-14.0,4.0,#1A362A,1
1697,20.0,-14.0,8.0,#1E3524,1
1698,20.0,-14.0,16.0,#233518,1
1699,20.0,-14.0,20.0,#253511,1
1700,20.0,-14.0,28.0,#283500,0
1701,20.0,-12.0,-36.0,#003865,0
1702,20.0,-12.0,-30.0,#00375C,0
1703,20.0,-12.0,-14.0,#003644,0
1704,20.0,-12.0,-4.0,#143536,1
1705,20.0,-12.0,0.0,#1A3530,1
1706,20.0,-10.0,-2.0,#1C3533,1
1707,20.0,-10.0,2.0,#20342D,1
1708,20.0,-10.0,6.0,#243427,1
1709,20.0,-10.0,12.0,#28341E,1
1710,20.0,-10.0,16.0,#2A3418,1
1711,20.0,-10.0,24.0,#2D340A,1
1712,20.0,-10.0,30.0,#2F3300,0
1713,20.0,-8.0,-16.0,#013547,1
1714,20.0,-8.0,-12.0,#103442,1
1715,20.0,-8.0,-4.0,#1E3436,1
1716,20.0,-8.0,0.0,#223430,1
1717,20.0,-8.0,4.0,#26332A,1
1718,20.0,-8.0,8.0,#293324,1
1719,20.0,-8.0,18.0,#2E3315,1
1720,20.0,-6.0,-2.0,#243333,1
1721,20.0,-6.0,2.0,#28332D,1
1722,20.0,-6.0,6.0,#2B3327,1
1723,20.0,-6.0,14.0,#2F321C,1
1724,20.0,-6.0,30.0,#343200,0
1725,20.0,-4.0,4.0,#2D322A,1
1726,20.0,-4.0,8.0,#2F3225,1
1727,20.0,-4.0,12.0,#31321F,1
1728,20.0,-2.0,-26.0,#003356,0
1729,20.0,-2.0,16.0,#353119,1
1730,20.0,-2.0,20.0,#373012,1
1731,20.0,-2.0,28.0,#393001,1
1732,20.0,0.0,-44.0,#003572,0
1733,20.0,0.0,8.0,#353025,1
1734,20.0,0.0,16.0,#383019,1
1735,20.0,0.0,20.0,#392F12,1
1736,20.0,0.0,32.0,#3C2F00,0
1737,20.0,2.0,8.0,#382F25,1
1738,20.0,2.0,16.0,#3B2F19,1
1739,20.0,2.0,20.0,#3C2F12,1
1740,20.0,4.0,-46.0,#003375,0
1741,20.0,4.0,-28.0,#0C3159,1
1742,20.0,4.0,16.0,#3D2E19,1
1743,20.0,4.0,20.0,#3E2D13,1
1744,20.0,4.0,30.0,#402D00,0
1745,20.0,6.0,-52.0,#00337E,0
1746,20.0,6.0,-26.0,#1B3056,1
1747,20.0,6.0,16.0,#402D19,1
1748,20.0,6.0,20.0,#412C13,1
1749,20.0,6.0,28.0,#422C02,1
1750,20.0,8.0,-36.0,#003065,0
1751,20.0,8.0,-24.0,#242E53,1
1752,20.0,8.0,32.0,#452B00,0
1753,20.0,10.0,-54.0,#003281,0
1754,20.0,10.0,-34.0,#0F2F62,1
1755,20.0,10.0,20.0,#452A13,1
1756,20.0,10.0,28.0,#472A02,1
1757,20.0,12.0,18.0,#472916,1
1758,20.0,14.0,-60.0,#00318B,0
1759,20.0,14.0,-42.0,#002D6F,0
1760,20.0,14.0,22.0,#4A2810,1
1761,20.0,14.0,30.0,#4C2700,0
1762,20.0,16.0,-40.0,#112C6C,1
1763,20.0,18.0,24.0,#4F250C,1
1764,20.0,20.0,-58.0,#002D88,0
1765,20.0,20.0,-40.0,#20296C,1
1766,20.0,20.0,30.0,#522300,0
1767,20.0,22.0,-56.0,#002B85,0
1768,20.0,22.0,-46.0,#112975,1
1769,20.0,24.0,-54.0,#002981,0
1770,20.0,26.0,-52.0,#00277E,0
1771,20.0,26.0,-46.0,#212675,1
1772,20.0,26.0,30.0,#591D00,0
1773,20.0,26.0,34.0,#591D00,0
1774,20.0,28.0,-44.0,#2B2472,1
1775,20.0,30.0,-60.0,#00268B,0
1776,20.0,30.0,-52.0,#19247E,1
1777,20.0,30.0,-42.0,#34226F,1
1778,20.0,32.0,-58.0,#002488,0
1779,20.0,32.0,34.0,#5F1600,0
1780,20.0,36.0,-66.0,#002395,0
1781,20.0,36.0,-48.0,#351D78,1
1782,20.0,36.0,-14.0,#571445,1
1783,20.0,40.0,-66.0,#001E95,0
1784,20.0,42.0,32.0,#690000,0
1785,20.0,44.0,-66.0,#121995,1
1786,20.0,46.0,-72.0,#00199E,0
1787,20.0,46.0,-14.0,#630046,0
1788,20.0,50.0,-78.0,#0016A8,0
1789,20.0,50.0,-70.0,#1A119B,1
1790,20.0,52.0,-84.0,#0016B2,0
1791,20.0,52.0,-56.0,#460085,0
1792,20.0,52.0,8.0,#700027,0
1793,20.0,54.0,-76.0,#030CA5,1
1794,20.0,54.0,-62.0,#3F008E,0
1795,20.0,56.0,-72.0,#29019F,1
1796,20.0,56.0,-54.0,#500082,0
1797,20.0,56.0,28.0,#770009,0
1798,20.0,58.0,-68.0,#3B0098,0
1799,20.0,58.0,-60.0,#4A008B,0
1800,20.0,58.0,34.0,#790000,0
1801,20.0,62.0,-90.0,#0002BC,0
1802,20.0,62.0,-76.0,#2E00A5,0
1803,20.0,62.0,-66.0,#480095,0
1804,20.0,62.0,-58.0,#540088,0
1805,20.0,62.0,-30.0,#6D005D,0
1806,20.0,62.0,32.0,#7D0000,0
1807,20.0,64.0,-72.0,#3F009F,0
1808,20.0,64.0,-14.0,#770046,0
1809,20.0,64.0,10.0,#7D0025,0
1810,20.0,66.0,-8.0,#7B003E,0
1811,20.0,68.0,-78.0,#3900A8,0
1812,20.0,68.0,-68.0,#4F0098,0
1813,20.0,68.0,-62.0,#58008F,0
1814,20.0,70.0,-56.0,#630085,0
1815,20.0,70.0,-2.0,#800036,0
1816,20.0,70.0,4.0,#82002E,0
1817,20.0,72.0,-74.0,#4C00A2,0
1818,20.0,72.0,-38.0,#74006A,0
1819,20.0,72.0,-10.0,#800041,0
1820,20.0,74.0,-86.0,#3100B6,0
1821,20.0,74.0,-80.0,#4300AC,0
1822,20.0,74.0,-52.0,#6C007F,0
1823,20.0,74.0,-46.0,#710076,0
1824,20.0,76.0,-60.0,#67008C,0
1825,20.0,78.0,-18.0,#84004C,0
1826,20.0,80.0,-88.0,#3C00B9,0
1827,20.0,80.0,-56.0,#700085,0
1828,20.0,80.0,-40.0,#7C006D,0
1829,20.0,86.0,-60.0,#75008C,0
1830,20.0,86.0,-52.0,#7B007F,0
1831,20.0,86.0,-36.0,#850067,0
1832,20.0,92.0,-58.0,#7E0089,0
1833,20.0,98.0,-64.0,#810092,0
1834,20.0,112.0,-94.0,#7100C4,0
1835,20.0,118.0,-92.0,#7E00C0,0
1836,20.0,124.0,-98.0,#7F00CA,0
1837,21.0,-68.0,-18.0,#00444C,0
1838,21.0,-62.0,-20.0,#00444F,0
1839,21.0,-58.0,-24.0,#004455,0
1840,21.0,-52.0,-26.0,#004358,0
1841,21.0,-46.0,-30.0,#00425E,0
1842,21.0,-32.0,-30.0,#003F5E,0
1843,21.0,-32.0,4.0,#003D2C,0
1844,21.0,-28.0,-32.0,#003F61,0
1845,21.0,-28.0,6.0,#003C29,0
1846,21.0,-26.0,-42.0,#003F71,0
1847,21.0,-24.0,8.0,#003B26,0
1848,21.0,-22.0,-44.0,#003E74,0
1849,21.0,-18.0,-46.0,#003E77,0
1850,21.0,-16.0,12.0,#1F3820,1
1851,21.0,-14.0,-48.0,#003D7A,0
1852,21.0,-12.0,-22.0,#003953,0
1853,21.0,-12.0,-18.0,#00394D,0
1854,21.0,-10.0,-50.0,#003C7D,0
1855,21.0,-10.0,-6.0,#18373B,1
1856,21.0,-8.0,-32.0,#003962,0
1857,21.0,-8.0,-26.0,#003859,0
1858,21.0,-8.0,-20.0,#003750,0
1859,21.0,-8.0,-8.0,#1B363E,1
1860,21.0,-6.0,-12.0,#193644,1
1861,21.0,-6.0,-8.0,#20363E,1
1862,21.0,-6.0,18.0,#333417,1
1863,21.0,-4.0,-4.0,#283438,1
1864,21.0,-4.0,0.0,#2C3432,1
1865,21.0,-4.0,16.0,#35341B,1
1866,21.0,-4.0,20.0,#363314,1
1867,21.0,-2.0,-6.0,#2A343B,1
1868,21.0,-2.0,-2.0,#2E3335,1
1869,21.0,-2.0,2.0,#31332F,1
1870,21.0,-2.0,6.0,#33332A,1
1871,21.0,-2.0,10.0,#353324,1
1872,21.0,0.0,-4.0,#2F3338,1
1873,21.0,0.0,12.0,#393221,1
1874,21.0,2.0,-36.0,#003568,0
1875,21.0,2.0,-4.0,#333238,1
1876,21.0,2.0,0.0,#363233,1
1877,21.0,2.0,12.0,#3B3121,1
1878,21.0,2.0,24.0,#3F310D,1
1879,21.0,4.0,-34.0,#003465,0
1880,21.0,4.0,-4.0,#363138,1
1881,21.0,4.0,0.0,#383133,1
1882,21.0,4.0,12.0,#3E3021,1
1883,21.0,6.0,-58.0,#00378A,0
1884,21.0,6.0,-42.0,#003471,0
1885,21.0,6.0,-4.0,#393038,1
1886,21.0,6.0,0.0,#3B2F33,1
1887,21.0,6.0,12.0,#412F21,1
1888,21.0,6.0,24.0,#442E0E,1
1889,21.0,8.0,-40.0,#00336E,0
1890,21.0,8.0,-16.0,#32304A,1
1891,21.0,8.0,0.0,#3E2E33,1
1892,21.0,8.0,12.0,#432E21,1
1893,21.0,8.0,16.0,#442E1B,1
1894,21.0,10.0,-20.0,#312F50,1
1895,21.0,10.0,2.0,#422D30,1
1896,21.0,10.0,24.0,#492C0E,1
1897,21.0,12.0,-62.0,#003591,0
1898,21.0,12.0,-50.0,#00327E,0
1899,21.0,12.0,-32.0,#202F62,1
1900,21.0,12.0,-18.0,#362E4D,1
1901,21.0,12.0,-14.0,#3A2D47,1
1902,21.0,12.0,4.0,#452C2D,1
1903,21.0,12.0,14.0,#492B1E,1
1904,21.0,14.0,-48.0,#00317B,0
1905,21.0,14.0,-30.0,#2A2E5F,1
1906,21.0,14.0,-26.0,#302D59,1
1907,21.0,14.0,-22.0,#352D53,1
1908,21.0,14.0,-12.0,#3F2C44,1
1909,21.0,14.0,-8.0,#412B3E,1
1910,21.0,14.0,2.0,#472B30,1
1911,21.0,14.0,26.0,#4E2A0A,1
1912,21.0,16.0,-58.0,#00318A,0
1913,21.0,16.0,-20.0,#3B2B50,1
1914,21.0,16.0,-16.0,#3E2B4A,1
1915,21.0,16.0,-6.0,#452A3C,1
1916,21.0,16.0,6.0,#4B292A,1
1917,21.0,16.0,16.0,#4E281C,1
1918,21.0,18.0,-66.0,#003297,0
1919,21.0,18.0,-32.0,#2F2B62,1
1920,21.0,18.0,-28.0,#352B5C,1
1921,21.0,18.0,-24.0,#3A2A56,1
1922,21.0,18.0,-14.0,#432947,1
1923,21.0,18.0,-10.0,#462941,1
1924,21.0,18.0,4.0,#4D282D,1
1925,21.0,18.0,14.0,#50271F,1
1926,21.0,20.0,-22.0,#3F2953,1
1927,21.0,20.0,-18.0,#43284D,1
1928,21.0,20.0,-6.0,#4B273C,1
1929,21.0,20.0,-2.0,#4D2736,1
1930,21.0,20.0,18.0,#532519,1
1931,21.0,20.0,34.0,#552500,0
1932,21.0,22.0,-32.0,#372962,1
1933,21.0,22.0,-28.0,#3C285C,1
1934,21.0,22.0,-14.0,#482647,1
1935,21.0,22.0,-10.0,#4B2642,1
1936,21.0,22.0,2.0,#512530,1
1937,21.0,22.0,6.0,#52242B,1
1938,21.0,22.0,16.0,#55241C,1
1939,21.0,22.0,28.0,#572307,1
1940,21.0,24.0,-70.0,#002F9E,0
1941,21.0,24.0,-38.0,#31286B,1
1942,21.0,24.0,-26.0,#412659,1
1943,21.0,24.0,-22.0,#452553,1
1944,21.0,24.0,-18.0,#48254D,1
1945,21.0,24.0,-6.0,#50243C,1
1946,21.0,24.0,-2.0,#512336,1
1947,21.0,24.0,10.0,#552225,1
1948,21.0,24.0,14.0,#56221F,1
1949,21.0,26.0,-32.0,#3E2562,1
1950,21.0,26.0,-14.0,#4E2347,1
1951,21.0,26.0,-10.0,#502242,1
1952,21.0,26.0,2.0,#552130,1
1953,21.0,26.0,6.0,#57212B,1
1954,21.0,26.0,18.0,#592019,1
1955,21.0,28.0,-66.0,#002C97,0
1956,21.0,28.0,-18.0,#4E214D,1
1957,21.0,28.0,-4.0,#552039,1
1958,21.0,28.0,10.0,#5A1E25,1
1959,21.0,28.0,14.0,#5B1E1F,1
1960,21.0,28.0,28.0,#5D1D07,1
1961,21.0,30.0,-74.0,#002CA4,0
1962,21.0,30.0,-32.0,#442262,1
1963,21.0,30.0,-8.0,#561E3F,1
1964,21.0,30.0,0.0,#591D33,1
1965,21.0,30.0,4.0,#5A1D2E,1
1966,21.0,30.0,18.0,#5E1B1A,1
1967,21.0,32.0,-38.0,#40216B,1
1968,21.0,32.0,-16.0,#541D4B,1
1969,21.0,32.0,8.0,#5E1A28,1
1970,21.0,32.0,28.0,#611808,1
1971,21.0,34.0,-26.0,#501C59,1
1972,21.0,34.0,-22.0,#531B53,1
1973,21.0,34.0,-6.0,#5B183C,1
1974,21.0,34.0,-2.0,#5D1836,1
1975,21.0,34.0,2.0,#5E1731,1
1976,21.0,34.0,12.0,#611623,1
1977,21.0,34.0,16.0,#62161D,1
1978,21.0,36.0,-36.0,#491C68,1
1979,21.0,36.0,-10.0,#5C1642,1
1980,21.0,36.0,6.0,#62142B,1
1981,21.0,36.0,20.0,#641317,1
1982,21.0,36.0,28.0,#651209,1
1983,21.0,38.0,-42.0,#451B72,1
1984,21.0,38.0,10.0,#651026,1
1985,21.0,40.0,-56.0,#301D87,1
1986,21.0,40.0,-48.0,#401A7B,1
1987,21.0,40.0,-34.0,#511565,1
1988,21.0,40.0,-28.0,#56135C,1
1989,21.0,40.0,18.0,#680A1A,1
1990,21.0,42.0,-10.0,#630942,1
1991,21.0,42.0,6.0,#68062B,1
1992,21.0,42.0,22.0,#6B0315,1
1993,21.0,42.0,26.0,#6B030E,1
1994,21.0,44.0,-54.0,#3D1684,1
1995,21.0,44.0,-46.0,#4A1278,1
1996,21.0,44.0,-26.0,#5D095A,1
1997,21.0,46.0,-62.0,#2F1691,1
1998,21.0,46.0,2.0,#6B0031,0
1999,21.0,46.0,18.0,#6E001B,0
2000,21.0,48.0,-84.0,#001EB5,0
2001,21.0,48.0,36.0,#730000,0
2002,21.0,50.0,-28.0,#63005D,0
2003,21.0,52.0,-66.0,#340C98,1
2004,21.0,52.0,-42.0,#5A0072,0
2005,21.0,54.0,-18.0,#6D004E,0
2006,21.0,54.0,4.0,#74002F,0
2007,21.0,56.0,-48.0,#5A007B,0
2008,21.0,56.0,-26.0,#6B005A,0
2009,21.0,58.0,-44.0,#610075,0
2010,21.0,58.0,-38.0,#66006C,0
2011,21.0,58.0,-14.0,#730048,0
2012,21.0,58.0,8.0,#79002A,0
2013,21.0,58.0,18.0,#7B001C,0
2014,21.0,58.0,22.0,#7B0016,0
2015,21.0,60.0,-22.0,#720054,0
2016,21.0,60.0,-8.0,#770040,0
2017,21.0,60.0,0.0,#7A0035,0
2018,21.0,64.0,-46.0,#670078,0
2019,21.0,64.0,-40.0,#6C006F,0
2020,21.0,64.0,24.0,#810014,0
2021,21.0,66.0,30.0,#840009,0
2022,21.0,70.0,-20.0,#7E0051,0
2023,21.0,70.0,14.0,#860022,0
2024,21.0,70.0,20.0,#87001A,0
2025,21.0,72.0,-96.0,#0000C9,0
2026,21.0,78.0,-76.0,#5700A8,0
2027,21.0,78.0,-24.0,#850057,0
2028,21.0,80.0,-82.0,#4F00B2,0
2029,21.0,84.0,-100.0,#1500D0,0
2030,21.0,84.0,-66.0,#6E0098,0
2031,21.0,88.0,-42.0,#870073,0
2032,21.0,90.0,-108.0,#0000DE,0
2033,21.0,90.0,-96.0,#4300C9,0
2034,21.0,92.0,-68.0,#78009B,0
2035,21.0,94.0,-46.0,#8C0079,0
2036,21.0,96.0,-98.0,#4D00CD,0
2037,21.0,98.0,-74.0,#7A00A5,0
2038,21.0,102.0,-100.0,#5600D0,0
2039,21.0,104.0,-114.0,#2600E8,0
2040,21.0,104.0,-60.0,#8E008F,0
2041,21.0,108.0,-76.0,#8500A9,0
2042,21.0,110.0,-70.0,#8E009F,0
2043,21.0,116.0,-106.0,#6600DB,0
2044,22.0,-80.0,32.0,#004700,0
2045,22.0,-72.0,32.0,#004600,0
2046,22.0,-68.0,20.0,#004514,0
2047,22.0,-64.0,32.0,#004500,0
2048,22.0,-60.0,18.0,#004417,0
2049,22.0,-60.0,24.0,#00440C,0
2050,22.0,-58.0,30.0,#004400,0
2051,22.0,-54.0,22.0,#004310,0
2052,22.0,-54.0,34.0,#004300,0
2053,22.0,-52.0,4.0,#00442E,0
2054,22.0,-46.0,6.0,#00422B,0
2055,22.0,-46.0,24.0,#00420C,0
2056,22.0,-46.0,34.0,#004200,0
2057,22.0,-40.0,4.0,#00412E,0
2058,22.0,-40.0,22.0,#004111,0
2059,22.0,-40.0,32.0,#004100,0
2060,22.0,-36.0,6.0,#00402B,0
2061,22.0,-36.0,10.0,#004025,0
2062,22.0,-36.0,18.0,#004018,0
2063,22.0,-36.0,24.0,#00400D,0
2064,22.0,-36.0,34.0,#004000,0
2065,22.0,-32.0,20.0,#003F15,0
2066,22.0,-30.0,10.0,#003F25,0
2067,22.0,-28.0,22.0,#073E11,1
2068,22.0,-28.0,34.0,#133E00,0
2069,22.0,-26.0,26.0,#123D09,1
2070,22.0,-22.0,-4.0,#003D3A,0
2071,22.0,-22.0,20.0,#193C15,1
2072,22.0,-22.0,34.0,#213C00,0
2073,22.0,-20.0,12.0,#173C22,1
2074,22.0,-20.0,24.0,#203B0E,1
2075,22.0,-18.0,-22.0,#003D55,0
2076,22.0,-18.0,4.0,#133B2E,1
2077,22.0,-18.0,20.0,#223B15,1
2078,22.0,-18.0,34.0,#283B00,0
2079,22.0,-16.0,6.0,#1B3B2B,1
2080,22.0,-14.0,-26.0,#003C5B,0
2081,22.0,-14.0,-6.0,#0D3B3D,1
2082,22.0,-14.0,2.0,#1C3A31,1
2083,22.0,-14.0,24.0,#2B390E,1
2084,22.0,-14.0,36.0,#2F3900,0
2085,22.0,-12.0,-10.0,#0A3A43,1
2086,22.0,-12.0,4.0,#22392E,1
2087,22.0,-12.0,8.0,#263928,1
2088,22.0,-8.0,36.0,#373700,0
2089,22.0,-6.0,-38.0,#003B6D,0
2090,22.0,-6.0,-4.0,#27383A,1
2091,22.0,-6.0,0.0,#2B3734,1
2092,22.0,-6.0,4.0,#2E372F,1
2093,22.0,-6.0,8.0,#303729,1
2094,22.0,-6.0,24.0,#37360F,1
2095,22.0,-4.0,-26.0,#00385B,0
2096,22.0,-4.0,-18.0,#14384F,1
2097,22.0,-4.0,-14.0,#1D3749,1
2098,22.0,-4.0,-10.0,#243743,1
2099,22.0,-4.0,6.0,#32362C,1
2100,22.0,-4.0,26.0,#3A350B,1
2101,22.0,-4.0,34.0,#3C3500,0
2102,22.0,-2.0,-36.0,#00396A,0
2103,22.0,-2.0,-18.0,#1B374F,1
2104,22.0,-2.0,-14.0,#223749,1
2105,22.0,-2.0,-10.0,#283643,1
2106,22.0,0.0,-22.0,#173655,1
2107,22.0,0.0,-18.0,#20364F,1
2108,22.0,0.0,-14.0,#273649,1
2109,22.0,0.0,-10.0,#2C3543,1
2110,22.0,0.0,2.0,#363532,1
2111,22.0,0.0,6.0,#38342C,1
2112,22.0,2.0,-22.0,#1E3555,1
2113,22.0,2.0,-18.0,#25354F,1
2114,22.0,2.0,-14.0,#2B3549,1
2115,22.0,2.0,-10.0,#303443,1
2116,22.0,2.0,2.0,#393432,1
2117,22.0,2.0,6.0,#3B332C,1
2118,22.0,2.0,36.0,#443200,0
2119,22.0,4.0,-18.0,#2A344F,1
2120,22.0,4.0,-14.0,#2F3449,1
2121,22.0,4.0,-10.0,#333343,1
2122,22.0,4.0,6.0,#3E322C,1
2123,22.0,6.0,-18.0,#2E334F,1
2124,22.0,6.0,-14.0,#323349,1
2125,22.0,6.0,-10.0,#363243,1
2126,22.0,6.0,6.0,#41312C,1
2127,22.0,6.0,36.0,#493000,0
2128,22.0,8.0,-48.0,#00367D,0
2129,22.0,8.0,-10.0,#3A3143,1
2130,22.0,8.0,-6.0,#3D313E,1
2131,22.0,8.0,6.0,#43302C,1
2132,22.0,10.0,-8.0,#3E3041,1
2133,22.0,10.0,-4.0,#41303B,1
2134,22.0,10.0,8.0,#472F29,1
2135,22.0,10.0,36.0,#4D2E00,0
2136,22.0,12.0,-6.0,#422F3E,1
2137,22.0,12.0,-2.0,#452E38,1
2138,22.0,12.0,22.0,#4D2D14,1
2139,22.0,12.0,32.0,#4F2D00,0
2140,22.0,14.0,10.0,#4C2C26,1
2141,22.0,16.0,20.0,#512A18,1
2142,22.0,16.0,36.0,#542A00,0
2143,22.0,18.0,-50.0,#003180,0
2144,22.0,20.0,-48.0,#002F7D,0
2145,22.0,20.0,10.0,#532827,1
2146,22.0,20.0,22.0,#562715,1
2147,22.0,24.0,24.0,#5B2412,1
2148,22.0,26.0,22.0,#5D2215,1
2149,22.0,32.0,-12.0,#591E47,1
2150,22.0,34.0,-72.0,#002AA4,0
2151,22.0,34.0,-30.0,#4F1F62,1
2152,22.0,34.0,24.0,#661813,1
2153,22.0,36.0,-60.0,#172590,1
2154,22.0,38.0,-78.0,#0029AE,0
2155,22.0,40.0,-74.0,#0025A7,0
2156,22.0,40.0,-14.0,#61134A,1
2157,22.0,40.0,-2.0,#661039,1
2158,22.0,40.0,2.0,#681033,1
2159,22.0,40.0,36.0,#6D0C00,0
2160,22.0,42.0,-20.0,#611053,1
2161,22.0,42.0,-6.0,#670C3F,1
2162,22.0,42.0,14.0,#6C0822,1
2163,22.0,44.0,-74.0,#0021A7,0
2164,22.0,44.0,10.0,#6E0328,1
2165,22.0,46.0,-42.0,#540F74,1
2166,22.0,46.0,-36.0,#5A0C6B,1
2167,22.0,46.0,-2.0,#6D0039,0
2168,22.0,48.0,6.0,#71002E,0
2169,22.0,48.0,14.0,#730023,0
2170,22.0,48.0,32.0,#750004,0
2171,22.0,50.0,-34.0,#610068,0
2172,22.0,50.0,-8.0,#6F0042,0
2173,22.0,50.0,22.0,#760017,0
2174,22.0,52.0,-4.0,#73003C,0
2175,22.0,52.0,18.0,#78001D,0
2176,22.0,54.0,0.0,#760037,0
2177,22.0,54.0,34.0,#7B0000,0
2178,22.0,56.0,-84.0,#0013B8,0
2179,22.0,56.0,14.0,#7B0023,0
2180,22.0,62.0,-82.0,#1C00B5,0
2181,22.0,64.0,-88.0,#0000BF,0
2182,22.0,64.0,6.0,#82002F,0
2183,22.0,68.0,-84.0,#2D00B8,0
2184,22.0,70.0,-90.0,#1100C2,0
2185,22.0,70.0,-32.0,#7B0066,0
2186,22.0,76.0,-92.0,#2700C5,0
2187,22.0,76.0,-68.0,#63009E,0
2188,22.0,76.0,-30.0,#830063,0
2189,22.0,78.0,-98.0,#0000D0,0
2190,22.0,78.0,-44.0,#7D0078,0
2191,22.0,82.0,-94.0,#3600C9,0
2192,22.0,84.0,-30.0,#8C0063,0
2193,22.0,86.0,-72.0,#6D00A4,0
2194,22.0,88.0,-82.0,#6200B5,0
2195,22.0,88.0,-48.0,#86007E,0
2196,22.0,90.0,-102.0,#3000D7,0
2197,22.0,90.0,-90.0,#5600C2,0
2198,22.0,92.0,-76.0,#7100AB,0
2199,22.0,94.0,-86.0,#6600BC,0
2200,22.0,94.0,-54.0,#8A0088,0
2201,22.0,96.0,-104.0,#3E00DA,0
2202,22.0,96.0,-92.0,#5E00C6,0
2203,22.0,98.0,-110.0,#2800E4,0
2204,22.0,100.0,-80.0,#7800B2,0
2205,22.0,102.0,-106.0,#4900DE,0
2206,22.0,102.0,-94.0,#6600C9,0
2207,22.0,104.0,-88.0,#7400BF,0
2208,22.0,108.0,-82.0,#8200B5,0
2209,22.0,110.0,-116.0,#3C00EF,0
2210,22.0,110.0,-108.0,#5800E1,0
2211,22.0,116.0,-114.0,#5600EB,0
2212,22.0,116.0,-86.0,#8900BC,0
2213,22.0,116.0,-78.0,#9100AF,0
2214,22.0,118.0,-124.0,#3500FD,0
2215,22.0,122.0,-116.0,#5F00EF,0
2216,22.0,124.0,-122.0,#5300FA,0
2217,22.0,124.0,-110.0,#7100E5,0
2218,23.0,-96.0,10.0,#004C26,0
2219,23.0,-90.0,6.0,#004B2C,0
2220,23.0,-90.0,12.0,#004B23,0
2221,23.0,-84.0,2.0,#004A32,0
2222,23.0,-84.0,10.0,#004A26,0
2223,23.0,-80.0,-2.0,#004A39,0
2224,23.0,-80.0,14.0,#004A20,0
2225,23.0,-78.0,6.0,#004A2C,0
2226,23.0,-74.0,-6.0,#004A3F,0
2227,23.0,-74.0,0.0,#004936,0
2228,23.0,-74.0,12.0,#004923,0
2229,23.0,-70.0,6.0,#00482C,0
2230,23.0,-68.0,-10.0,#004945,0
2231,23.0,-68.0,-4.0,#00493C,0
2232,23.0,-68.0,10.0,#004826,0
2233,23.0,-66.0,0.0,#004836,0
2234,23.0,-64.0,-14.0,#00494B,0
2235,23.0,-64.0,4.0,#004830,0
2236,23.0,-64.0,14.0,#004720,0
2237,23.0,-62.0,-8.0,#004842,0
2238,23.0,-62.0,8.0,#00472A,0
2239,23.0,-60.0,-4.0,#00483C,0
2240,23.0,-58.0,-12.0,#004848,0
2241,23.0,-58.0,0.0,#004736,0
2242,23.0,-58.0,12.0,#004723,0
2243,23.0,-54.0,-8.0,#004742,0
2244,23.0,-54.0,8.0,#00462A,0
2245,23.0,-52.0,-22.0,#004757,0
2246,23.0,-52.0,-16.0,#00474E,0
2247,23.0,-52.0,-4.0,#00463C,0
2248,23.0,-50.0,-12.0,#004648,0
2249,23.0,-50.0,0.0,#004636,0
2250,23.0,-50.0,12.0,#004523,0
2251,23.0,-46.0,-26.0,#00475D,0
2252,23.0,-46.0,-20.0,#004654,0
2253,23.0,-46.0,-16.0,#00464E,0
2254,23.0,-46.0,-8.0,#004542,0
2255,23.0,-44.0,-12.0,#004548,0
2256,23.0,-44.0,-4.0,#00453C,0
2257,23.0,-44.0,14.0,#004420,0
2258,23.0,-42.0,-30.0,#004663,0
2259,23.0,-42.0,0.0,#004436,0
2260,23.0,-42.0,18.0,#00441A,0
2261,23.0,-40.0,-24.0,#00455A,0
2262,23.0,-40.0,-20.0,#004554,0
2263,23.0,-40.0,-16.0,#00454E,0
2264,23.0,-40.0,-8.0,#004442,0
2265,23.0,-38.0,-32.0,#004666,0
2266,23.0,-38.0,-12.0,#004448,0
2267,23.0,-38.0,-4.0,#00443C,0
2268,23.0,-36.0,-26.0,#00455D,0
2269,23.0,-36.0,0.0,#004336,0
2270,23.0,-34.0,-36.0,#00456D,0
2271,23.0,-34.0,-20.0,#004454,0
2272,23.0,-34.0,-16.0,#00434E,0
2273,23.0,-34.0,-8.0,#004342,0
2274,23.0,-34.0,28.0,#004206,0
2275,23.0,-32.0,-12.0,#004348,0
2276,23.0,-32.0,-4.0,#00423C,0
2277,23.0,-30.0,-38.0,#004470,0
2278,23.0,-30.0,-24.0,#00435A,0
2279,23.0,-30.0,0.0,#004136,0
2280,23.0,-30.0,16.0,#00411E,0
2281,23.0,-28.0,-18.0,#004251,0
2282,23.0,-28.0,-14.0,#00424B,0
2283,23.0,-28.0,-8.0,#004142,0
2284,23.0,-26.0,-26.0,#00425D,0
2285,23.0,-26.0,-4.0,#00413C,0
2286,23.0,-26.0,12.0,#034024,1
2287,23.0,-26.0,18.0,#0D401A,1
2288,23.0,-24.0,-36.0,#00436D,0
2289,23.0,-24.0,-20.0,#004154,0
2290,23.0,-24.0,-14.0,#00414B,0
2291,23.0,-24.0,-10.0,#004045,0
2292,23.0,-24.0,0.0,#004036,0
2293,23.0,-22.0,-30.0,#004163,0
2294,23.0,-22.0,10.0,#113F27,1
2295,23.0,-20.0,-38.0,#004270,0
2296,23.0,-20.0,-16.0,#00404E,0
2297,23.0,-20.0,-12.0,#003F48,0
2298,23.0,-20.0,-8.0,#003F42,0
2299,23.0,-20.0,2.0,#093E33,1
2300,23.0,-18.0,-32.0,#004067,0
2301,23.0,-18.0,-4.0,#013E3C,1
2302,23.0,-18.0,16.0,#223D1E,1
2303,23.0,-16.0,-42.0,#004176,0
2304,23.0,-16.0,-16.0,#003E4E,0
2305,23.0,-16.0,-12.0,#003E48,0
2306,23.0,-16.0,0.0,#153D36,1
2307,23.0,-14.0,-36.0,#00406D,0
2308,23.0,-14.0,14.0,#283C21,1
2309,23.0,-14.0,30.0,#2F3C03,1
2310,23.0,-12.0,-44.0,#004079,0
2311,23.0,-12.0,-14.0,#003D4B,0
2312,23.0,-12.0,-2.0,#1E3C3A,1
2313,23.0,-12.0,16.0,#2D3B1E,1
2314,23.0,-12.0,20.0,#2F3B18,1
2315,23.0,-10.0,-38.0,#003E70,0
2316,23.0,-10.0,-30.0,#003D64,0
2317,23.0,-10.0,-20.0,#003D54,0
2318,23.0,-10.0,-4.0,#203B3D,1
2319,23.0,-10.0,0.0,#253B37,1
2320,23.0,-10.0,12.0,#2E3B25,1
2321,23.0,-10.0,22.0,#333A14,1
2322,23.0,-10.0,26.0,#343A0D,1
2323,23.0,-8.0,-46.0,#003F7C,0
2324,23.0,-8.0,-16.0,#0C3B4E,1
2325,23.0,-8.0,-12.0,#183B48,1
2326,23.0,-8.0,-2.0,#273A3A,1
2327,23.0,-8.0,2.0,#2B3A34,1
2328,23.0,-8.0,6.0,#2E3A2E,1
2329,23.0,-8.0,14.0,#323A22,1
2330,23.0,-8.0,18.0,#343A1B,1
2331,23.0,-8.0,28.0,#373909,1
2332,23.0,-6.0,-54.0,#003F89,0
2333,23.0,-6.0,-22.0,#003B57,0
2334,23.0,-4.0,-48.0,#003D80,0
2335,23.0,-4.0,12.0,#383825,1
2336,23.0,-2.0,-56.0,#003E8C,0
2337,23.0,-2.0,-44.0,#003C79,0
2338,23.0,-2.0,14.0,#3B3722,1
2339,23.0,-2.0,18.0,#3D371C,1
2340,23.0,-2.0,22.0,#3E3715,1
2341,23.0,-2.0,28.0,#3F3709,1
2342,23.0,0.0,-50.0,#003C83,0
2343,23.0,0.0,-26.0,#0C395E,1
2344,23.0,0.0,0.0,#373737,1
2345,23.0,0.0,16.0,#3F361F,1
2346,23.0,0.0,20.0,#403619,1
2347,23.0,0.0,24.0,#413612,1
2348,23.0,0.0,32.0,#433600,0
2349,23.0,2.0,-58.0,#003D90,0
2350,23.0,2.0,-46.0,#003B7C,0
2351,23.0,2.0,16.0,#42351F,1
2352,23.0,2.0,20.0,#433519,1
2353,23.0,4.0,-52.0,#003B86,0
2354,23.0,4.0,-30.0,#0F3864,1
2355,23.0,4.0,16.0,#44341F,1
2356,23.0,4.0,20.0,#453419,1
2357,23.0,4.0,24.0,#463412,1
2358,23.0,4.0,30.0,#473405,1
2359,23.0,6.0,-28.0,#1E3661,1
2360,23.0,6.0,16.0,#47331F,1
2361,23.0,6.0,20.0,#483319,1
2362,23.0,6.0,28.0,#4A330A,1
2363,23.0,8.0,-54.0,#003989,0
2364,23.0,8.0,-36.0,#05366D,1
2365,23.0,8.0,-26.0,#28355E,1
2366,23.0,8.0,24.0,#4B3212,1
2367,23.0,10.0,-64.0,#003A99,0
2368,23.0,10.0,-34.0,#1A356A,1
2369,23.0,10.0,-24.0,#30345B,1
2370,23.0,10.0,28.0,#4E300B,1
2371,23.0,12.0,-42.0,#003576,0
2372,23.0,12.0,18.0,#4F2F1C,1
2373,23.0,14.0,-40.0,#133473,1
2374,23.0,14.0,30.0,#532E06,1
2375,23.0,16.0,-38.0,#223270,1
2376,23.0,16.0,0.0,#4D2E37,1
2377,23.0,18.0,-54.0,#003489,0
2378,23.0,18.0,-36.0,#2D306D,1
2379,23.0,18.0,24.0,#572B13,1
2380,23.0,20.0,30.0,#5A2907,1
2381,23.0,22.0,-60.0,#003293,0
2382,23.0,22.0,-44.0,#242F7A,1
2383,23.0,24.0,-42.0,#2E2D77,1
2384,23.0,24.0,34.0,#5F2600,0
2385,23.0,26.0,-60.0,#003093,0
2386,23.0,26.0,-50.0,#1D2D83,1
2387,23.0,26.0,30.0,#612408,1
2388,23.0,28.0,-58.0,#002E90,0
2389,23.0,28.0,-48.0,#2A2B80,1
2390,23.0,28.0,-38.0,#3E2970,1
2391,23.0,28.0,-26.0,#4C275E,1
2392,23.0,28.0,-22.0,#4F2658,1
2393,23.0,30.0,-56.0,#122B8D,1
2394,23.0,30.0,-46.0,#34297D,1
2395,23.0,30.0,36.0,#662000,0
2396,23.0,32.0,-54.0,#252989,1
2397,23.0,34.0,-66.0,#002B9D,0
2398,23.0,34.0,-46.0,#3D257D,1
2399,23.0,34.0,34.0,#6A1A00,0
2400,23.0,36.0,-54.0,#31258A,1
2401,23.0,40.0,-68.0,#0025A0,0
2402,23.0,42.0,30.0,#720B0B,1
2403,23.0,44.0,-68.0,#1821A0,1
2404,23.0,48.0,-16.0,#6C0150,1
2405,23.0,48.0,28.0,#780010,0
2406,23.0,50.0,-78.0,#001DB1,0
2407,23.0,50.0,-72.0,#1F1AA7,1
2408,23.0,50.0,-54.0,#4E0F8A,1
2409,23.0,50.0,-22.0,#6C0059,0
2410,23.0,50.0,-12.0,#70004A,0
2411,23.0,52.0,10.0,#79002B,0
2412,23.0,54.0,-60.0,#4C0793,1
2413,23.0,54.0,-52.0,#580087,1
2414,23.0,54.0,30.0,#7E000D,0
2415,23.0,56.0,-90.0,#001AC5,0
2416,23.0,58.0,-76.0,#2E09AD,1
2417,23.0,58.0,-68.0,#4400A0,1
2418,23.0,58.0,-58.0,#560090,0
2419,23.0,60.0,-64.0,#50009A,0
2420,23.0,60.0,-54.0,#5E008A,0
2421,23.0,60.0,28.0,#840012,0
2422,23.0,60.0,34.0,#840005,0
2423,23.0,62.0,-74.0,#4000AA,0
2424,23.0,62.0,-50.0,#660084,0
2425,23.0,62.0,-32.0,#740068,0
2426,23.0,64.0,-70.0,#4D00A4,0
2427,23.0,64.0,-62.0,#5A0097,0
2428,23.0,64.0,-18.0,#7E0053,0
2429,23.0,64.0,-4.0,#83003F,0
2430,23.0,64.0,16.0,#870023,0
2431,23.0,66.0,-56.0,#65008D,0
2432,23.0,66.0,-12.0,#82004A,0
2433,23.0,66.0,36.0,#8B0001,0
2434,23.0,68.0,-78.0,#4400B1,0
2435,23.0,68.0,-38.0,#780071,0
2436,23.0,70.0,-72.0,#5500A7,0
2437,23.0,70.0,-66.0,#5F009D,0
2438,23.0,70.0,-52.0,#6F0087,0
2439,23.0,70.0,-24.0,#82005C,0
2440,23.0,70.0,-2.0,#89003C,0
2441,23.0,70.0,26.0,#8E0016,0
2442,23.0,72.0,-60.0,#6A0094,0
2443,23.0,72.0,-44.0,#78007A,0
2444,23.0,72.0,-16.0,#870050,0
2445,23.0,72.0,-10.0,#890048,0
2446,23.0,72.0,6.0,#8D0031,0
2447,23.0,74.0,-86.0,#3D00BE,0
2448,23.0,74.0,-80.0,#4D00B4,0
2449,23.0,76.0,-56.0,#73008D,0
2450,23.0,76.0,-50.0,#790084,0
2451,23.0,76.0,12.0,#920029,0
2452,23.0,78.0,-18.0,#8D0054,0
2453,23.0,78.0,-4.0,#910040,0
2454,23.0,78.0,2.0,#930037,0
2455,23.0,80.0,-88.0,#4800C2,0
2456,23.0,80.0,-12.0,#91004B,0
2457,23.0,82.0,-60.0,#780094,0
2458,23.0,82.0,-52.0,#7F0087,0
2459,23.0,82.0,-36.0,#8A006E,0
2460,23.0,86.0,-24.0,#94005D,0
2461,23.0,88.0,-58.0,#820091,0
2462,23.0,90.0,-36.0,#93006F,0
2463,23.0,94.0,-62.0,#860097,0
2464,23.0,100.0,-50.0,#960084,0
2465,23.0,102.0,-66.0,#8D009E,0
2466,23.0,108.0,-102.0,#6500DA,0
2467,23.0,108.0,-94.0,#7400CC,0
2468,23.0,110.0,-88.0,#8100C2,0
2469,23.0,114.0,-100.0,#7500D6,0
2470,23.0,116.0,-94.0,#8200CC,0
2471,23.0,122.0,-104.0,#7C00DD,0
2472,23.0,122.0,-88.0,#9200C2,0
2473,23.0,124.0,-98.0,#8900D3,0
2474,24.0,-90.0,-6.0,#004E41,0
2475,24.0,-90.0,0.0,#004E38,0
2476,24.0,-84.0,-10.0,#004D47,0
2477,24.0,-82.0,24.0,#004C10,0
2478,24.0,-78.0,-14.0,#004D4D,0
2479,24.0,-78.0,36.0,#004B00,0
2480,24.0,-76.0,20.0,#004B18,0
2481,24.0,-74.0,26.0,#004B0B,0
2482,24.0,-72.0,-18.0,#004C53,0
2483,24.0,-68.0,36.0,#004A00,0
2484,24.0,-66.0,-22.0,#004C59,0
2485,24.0,-66.0,26.0,#004A0C,0
2486,24.0,-60.0,-26.0,#004B5F,0
2487,24.0,-60.0,-20.0,#004B56,0
2488,24.0,-60.0,36.0,#004900,0
2489,24.0,-58.0,4.0,#004932,0
2490,24.0,-54.0,-30.0,#004B66,0
2491,24.0,-54.0,16.0,#00481F,0
2492,24.0,-50.0,38.0,#004700,0
2493,24.0,-48.0,-32.0,#004A69,0
2494,24.0,-48.0,30.0,#004703,0
2495,24.0,-42.0,10.0,#004629,0
2496,24.0,-42.0,28.0,#004608,0
2497,24.0,-42.0,38.0,#004600,0
2498,24.0,-34.0,38.0,#044400,0
2499,24.0,-32.0,4.0,#004432,0
2500,24.0,-30.0,-30.0,#004666,0
2501,24.0,-30.0,32.0,#0F4300,0
2502,24.0,-26.0,-46.0,#00477F,0
2503,24.0,-26.0,6.0,#00422F,0
2504,24.0,-26.0,40.0,#1F4200,0
2505,24.0,-24.0,30.0,#1F4105,1
2506,24.0,-22.0,-48.0,#004682,0
2507,24.0,-22.0,40.0,#274000,0
2508,24.0,-18.0,-50.0,#004585,0
2509,24.0,-18.0,8.0,#1D402D,1
2510,24.0,-18.0,30.0,#2B3F05,1
2511,24.0,-16.0,40.0,#313E00,0
2512,24.0,-14.0,-52.0,#004488,0
2513,24.0,-14.0,-30.0,#004166,0
2514,24.0,-14.0,-18.0,#004054,0
2515,24.0,-14.0,6.0,#243F30,1
2516,24.0,-14.0,10.0,#283E2A,1
2517,24.0,-12.0,38.0,#363D00,0
2518,24.0,-10.0,-54.0,#00438C,0
2519,24.0,-10.0,-8.0,#1C3E45,1
2520,24.0,-10.0,4.0,#2B3D33,1
2521,24.0,-10.0,8.0,#2E3D2D,1
2522,24.0,-8.0,-6.0,#243D42,1
2523,24.0,-8.0,10.0,#333C2A,1
2524,24.0,-8.0,40.0,#3D3B00,0
2525,24.0,-6.0,-28.0,#003E63,0
2526,24.0,-6.0,-12.0,#203D4B,1
2527,24.0,-6.0,-8.0,#263C45,1
2528,24.0,-6.0,12.0,#373B27,1
2529,24.0,-6.0,16.0,#393B21,1
2530,24.0,-4.0,-6.0,#2D3B42,1
2531,24.0,-4.0,-2.0,#313B3C,1
2532,24.0,-4.0,2.0,#343B36,1
2533,24.0,-4.0,18.0,#3C3A1E,1
2534,24.0,-4.0,38.0,#413A00,0
2535,24.0,-2.0,-32.0,#003D69,0
2536,24.0,-2.0,-6.0,#313A42,1
2537,24.0,-2.0,-2.0,#343A3C,1
2538,24.0,-2.0,2.0,#373A36,1
2539,24.0,-2.0,6.0,#3A3A30,1
2540,24.0,-2.0,10.0,#3C392A,1
2541,24.0,0.0,-8.0,#323A45,1
2542,24.0,0.0,-4.0,#36393F,1
2543,24.0,0.0,4.0,#3C3933,1
2544,24.0,0.0,8.0,#3E392D,1
2545,24.0,0.0,12.0,#403827,1
2546,24.0,0.0,38.0,#463800,0
2547,24.0,2.0,-40.0,#003C76,0
2548,24.0,2.0,-34.0,#003B6C,0
2549,24.0,2.0,-8.0,#363945,1
2550,24.0,2.0,-4.0,#39383F,1
2551,24.0,2.0,0.0,#3C3839,1
2552,24.0,2.0,4.0,#3F3833,1
2553,24.0,2.0,8.0,#41382D,1
2554,24.0,2.0,12.0,#423727,1
2555,24.0,2.0,26.0,#473710,1
2556,24.0,4.0,-8.0,#393845,1
2557,24.0,4.0,-4.0,#3C373F,1
2558,24.0,4.0,0.0,#3F3739,1
2559,24.0,4.0,4.0,#413733,1
2560,24.0,4.0,8.0,#43372D,1
2561,24.0,4.0,12.0,#453627,1
2562,24.0,4.0,36.0,#4B3600,0
2563,24.0,6.0,-42.0,#003A79,0
2564,24.0,6.0,-12.0,#39374B,1
2565,24.0,6.0,-8.0,#3D3745,1
2566,24.0,6.0,-4.0,#40363F,1
2567,24.0,6.0,0.0,#423639,1
2568,24.0,6.0,4.0,#443633,1
2569,24.0,6.0,8.0,#46362D,1
2570,24.0,6.0,12.0,#483527,1
2571,24.0,8.0,-40.0,#003976,0
2572,24.0,8.0,-16.0,#383651,1
2573,24.0,8.0,-12.0,#3C364B,1
2574,24.0,8.0,-8.0,#403545,1
2575,24.0,8.0,-4.0,#43353F,1
2576,24.0,8.0,0.0,#453539,1
2577,24.0,8.0,4.0,#473533,1
2578,24.0,8.0,8.0,#49342D,1
2579,24.0,8.0,12.0,#4A3427,1
2580,24.0,8.0,16.0,#4C3421,1
2581,24.0,8.0,32.0,#4F3403,1
2582,24.0,8.0,38.0,#503400,0
2583,24.0,10.0,-10.0,#413548,1
2584,24.0,10.0,-6.0,#443442,1
2585,24.0,10.0,-2.0,#47343C,1
2586,24.0,10.0,2.0,#493436,1
2587,24.0,10.0,6.0,#4B3330,1
2588,24.0,10.0,10.0,#4C332B,1
2589,24.0,10.0,20.0,#4F331B,1
2590,24.0,12.0,-62.0,#003B99,0
2591,24.0,12.0,-50.0,#003886,0
2592,24.0,12.0,-30.0,#2D3566,1
2593,24.0,12.0,-20.0,#3B3457,1
2594,24.0,12.0,-16.0,#3F3451,1
2595,24.0,12.0,-4.0,#48333F,1
2596,24.0,12.0,0.0,#4A3339,1
2597,24.0,12.0,4.0,#4C3234,1
2598,24.0,12.0,8.0,#4E322E,1
2599,24.0,12.0,14.0,#503225,1
2600,24.0,12.0,40.0,#553100,0
2601,24.0,14.0,-60.0,#003996,0
2602,24.0,14.0,-48.0,#003782,0
2603,24.0,14.0,-24.0,#3A345D,1
2604,24.0,14.0,-14.0,#44324E,1
2605,24.0,14.0,-10.0,#473248,1
2606,24.0,14.0,-2.0,#4C313C,1
2607,24.0,14.0,2.0,#4E3137,1
2608,24.0,14.0,12.0,#523128,1
2609,24.0,14.0,22.0,#543018,1
2610,24.0,16.0,-68.0,#003AA3,0
2611,24.0,16.0,-58.0,#003892,0
2612,24.0,16.0,-22.0,#40325A,1
2613,24.0,16.0,-18.0,#443254,1
2614,24.0,16.0,-8.0,#4B3145,1
2615,24.0,16.0,6.0,#523031,1
2616,24.0,16.0,10.0,#542F2B,1
2617,24.0,16.0,16.0,#552F22,1
2618,24.0,16.0,28.0,#582F0E,1
2619,24.0,18.0,-66.0,#00389F,0
2620,24.0,18.0,-30.0,#393266,1
2621,24.0,18.0,-26.0,#3F3160,1
2622,24.0,18.0,-16.0,#483051,1
2623,24.0,18.0,-12.0,#4B304B,1
2624,24.0,18.0,-6.0,#4F2F42,1
2625,24.0,18.0,4.0,#542E34,1
2626,24.0,18.0,14.0,#572E25,1
2627,24.0,18.0,34.0,#5B2D00,1
2628,24.0,20.0,-64.0,#00379C,0
2629,24.0,20.0,-24.0,#442F5D,1
2630,24.0,20.0,-20.0,#482F57,1
2631,24.0,20.0,-2.0,#542D3D,1
2632,24.0,20.0,8.0,#582C2E,1
2633,24.0,20.0,18.0,#5B2C1F,1
2634,24.0,20.0,40.0,#5E2B00,0
2635,24.0,22.0,-72.0,#0037A9,0
2636,24.0,22.0,-36.0,#383070,1
2637,24.0,22.0,-30.0,#412F66,1
2638,24.0,22.0,-18.0,#4D2D54,1
2639,24.0,22.0,-14.0,#502D4E,1
2640,24.0,22.0,-10.0,#522C48,1
2641,24.0,22.0,-6.0,#542C43,1
2642,24.0,22.0,2.0,#582B37,1
2643,24.0,22.0,6.0,#5A2B31,1
2644,24.0,22.0,16.0,#5C2A22,1
2645,24.0,22.0,28.0,#5F2A0F,1
2646,24.0,22.0,36.0,#602A00,0
2647,24.0,24.0,-70.0,#0036A6,0
2648,24.0,24.0,-28.0,#462D63,1
2649,24.0,24.0,-2.0,#592A3D,1
2650,24.0,24.0,10.0,#5D292B,1
2651,24.0,24.0,14.0,#5E2925,1
2652,24.0,26.0,-68.0,#0034A3,0
2653,24.0,26.0,-18.0,#522A54,1
2654,24.0,26.0,-14.0,#55294E,1
2655,24.0,26.0,-10.0,#572949,1
2656,24.0,26.0,-6.0,#592943,1
2657,24.0,26.0,2.0,#5D2837,1
2658,24.0,26.0,6.0,#5E2831,1
2659,24.0,26.0,18.0,#61271F,1
2660,24.0,26.0,40.0,#652600,0
2661,24.0,28.0,-76.0,#0034B0,0
2662,24.0,28.0,-66.0,#00329F,0
2663,24.0,28.0,-34.0,#462B6D,1
2664,24.0,28.0,10.0,#62252B,1
2665,24.0,28.0,14.0,#632525,1
2666,24.0,28.0,28.0,#65240F,1
2667,24.0,30.0,-8.0,#5D2546,1
2668,24.0,30.0,-4.0,#5F2440,1
2669,24.0,30.0,0.0,#61243A,1
2670,24.0,30.0,4.0,#622434,1
2671,24.0,30.0,18.0,#662320,1
2672,24.0,30.0,22.0,#67221A,1
2673,24.0,32.0,-76.0,#0031B0,0
2674,24.0,32.0,-34.0,#4D276D,1
2675,24.0,32.0,-22.0,#57255B,1
2676,24.0,32.0,-18.0,#5A2455,1
2677,24.0,32.0,8.0,#66212E,1
2678,24.0,32.0,28.0,#6A2010,1
2679,24.0,34.0,-2.0,#65203D,1
2680,24.0,34.0,2.0,#661F37,1
2681,24.0,34.0,12.0,#691E29,1
2682,24.0,34.0,16.0,#6A1E23,1
2683,24.0,36.0,-42.0,#492479,1
2684,24.0,36.0,-26.0,#5A2161,1
2685,24.0,36.0,-12.0,#631E4C,1
2686,24.0,36.0,-8.0,#651E46,1
2687,24.0,36.0,6.0,#6A1C32,1
2688,24.0,36.0,20.0,#6D1B1D,1
2689,24.0,36.0,28.0,#6E1A10,1
2690,24.0,36.0,40.0,#6F1A00,0
2691,24.0,38.0,-82.0,#002EBA,0
2692,24.0,38.0,-38.0,#522173,1
2693,24.0,38.0,-22.0,#5F1D5B,1
2694,24.0,38.0,-18.0,#621D55,1
2695,24.0,38.0,10.0,#6D182C,1
2696,24.0,40.0,-48.0,#482183,1
2697,24.0,40.0,-34.0,#591D6D,1
2698,24.0,40.0,18.0,#711420,1
2699,24.0,40.0,40.0,#731300,0
2700,24.0,42.0,-62.0,#2E2399,1
2701,24.0,42.0,-44.0,#511D7C,1
2702,24.0,42.0,-30.0,#5F1967,1
2703,24.0,42.0,-10.0,#6B1449,1
2704,24.0,42.0,22.0,#730F1B,1
2705,24.0,42.0,26.0,#740F14,1
2706,24.0,44.0,-84.0,#0029BD,0
2707,24.0,44.0,-54.0,#461E8C,1
2708,24.0,44.0,-26.0,#641461,1
2709,24.0,44.0,36.0,#770800,0
2710,24.0,46.0,-60.0,#3E1D96,1
2711,24.0,46.0,2.0,#740638,1
2712,24.0,46.0,16.0,#770324,1
2713,24.0,48.0,-84.0,#0025BD,0
2714,24.0,48.0,-66.0,#341CA0,1
2715,24.0,50.0,-42.0,#5F0C79,1
2716,24.0,50.0,-28.0,#6B0364,1
2717,24.0,50.0,40.0,#7E0000,0
2718,24.0,52.0,-64.0,#43149C,1
2719,24.0,52.0,-38.0,#660273,1
2720,24.0,54.0,4.0,#7D0035,0
2721,24.0,56.0,-80.0,#1316B7,1
2722,24.0,56.0,-46.0,#640080,0
2723,24.0,56.0,-30.0,#710067,0
2724,24.0,58.0,-42.0,#6B007A,0
2725,24.0,58.0,-10.0,#7D004A,0
2726,24.0,58.0,8.0,#820030,0
2727,24.0,58.0,20.0,#84001F,0
2728,24.0,60.0,-36.0,#720070,0
2729,24.0,60.0,-26.0,#780061,0
2730,24.0,60.0,0.0,#82003B,0
2731,24.0,62.0,-90.0,#000FC8,0
2732,24.0,64.0,-44.0,#71007D,0
2733,24.0,64.0,10.0,#89002D,0
2734,24.0,64.0,22.0,#8A001D,0
2735,24.0,68.0,-98.0,#0003D5,0
2736,24.0,74.0,-102.0,#0000DC,0
2737,24.0,74.0,20.0,#940021,0
2738,24.0,78.0,-24.0,#8E005F,0
2739,24.0,80.0,-104.0,#0000E0,0
2740,24.0,80.0,-82.0,#5900BA,0
2741,24.0,84.0,-42.0,#8B007A,0
2742,24.0,86.0,-106.0,#0000E3,0
2743,24.0,88.0,-66.0,#7D00A0,0
2744,24.0,92.0,-108.0,#2300E7,0
2745,24.0,96.0,-70.0,#8400A7,0
2746,24.0,100.0,-58.0,#940094,0
2747,24.0,104.0,-114.0,#3A00F1,0
2748,24.0,108.0,-74.0,#9100AE,0
2749,24.0,108.0,-62.0,#9B009A,0
2750,24.0,110.0,-68.0,#9900A4,0
2751,24.0,116.0,-106.0,#7100E4,0
2752,25.0,-58.0,26.0,#004B0E,0
2753,25.0,-56.0,40.0,#004B00,0
2754,25.0,-52.0,22.0,#004A17,0
2755,25.0,-46.0,24.0,#004913,0
2756,25.0,-44.0,34.0,#004900,0
2757,25.0,-40.0,20.0,#00481B,0
2758,25.0,-38.0,30.0,#004706,0
2759,25.0,-36.0,12.0,#004728,0
2760,25.0,-34.0,16.0,#004722,0
2761,25.0,-34.0,20.0,#00471B,0
2762,25.0,-32.0,8.0,#00462E,0
2763,25.0,-32.0,24.0,#004614,0
2764,25.0,-32.0,42.0,#134600,0
2765,25.0,-30.0,12.0,#004628,0
2766,25.0,-26.0,24.0,#194414,1
2767,25.0,-22.0,-4.0,#004441,0
2768,25.0,-22.0,4.0,#0B4435,1
2769,25.0,-22.0,16.0,#1D4322,1
2770,25.0,-22.0,20.0,#20431C,1
2771,25.0,-22.0,24.0,#234314,1
2772,25.0,-20.0,0.0,#0A433B,1
2773,25.0,-20.0,12.0,#1E4329,1
2774,25.0,-18.0,-6.0,#004344,1
2775,25.0,-18.0,4.0,#1A4235,1
2776,25.0,-18.0,20.0,#29421C,1
2777,25.0,-18.0,24.0,#2B4215,1
2778,25.0,-18.0,36.0,#2F4100,0
2779,25.0,-16.0,-8.0,#054247,1
2780,25.0,-16.0,-2.0,#17423E,1
2781,25.0,-14.0,-10.0,#09424A,1
2782,25.0,-14.0,-4.0,#1A4141,1
2783,25.0,-14.0,0.0,#20413B,1
2784,25.0,-14.0,20.0,#30401C,1
2785,25.0,-14.0,24.0,#324015,1
2786,25.0,-12.0,-6.0,#1C4144,1
2787,25.0,-12.0,2.0,#274038,1
2788,25.0,-10.0,-14.0,#104150,1
2789,25.0,-10.0,16.0,#353F23,1
2790,25.0,-10.0,30.0,#3A3F09,1
2791,25.0,-8.0,-20.0,#004059,0
2792,25.0,-6.0,-16.0,#1A3F53,1
2793,25.0,-6.0,-4.0,#2D3E41,1
2794,25.0,-6.0,0.0,#313E3B,1
2795,25.0,-6.0,4.0,#343E35,1
2796,25.0,-6.0,8.0,#373E2F,1
2797,25.0,-6.0,20.0,#3C3D1C,1
2798,25.0,-6.0,24.0,#3E3D15,1
2799,25.0,-6.0,30.0,#3F3D09,1
2800,25.0,-4.0,-20.0,#173F59,1
2801,25.0,-4.0,-14.0,#243E50,1
2802,25.0,-4.0,-10.0,#2A3E4A,1
2803,25.0,-4.0,6.0,#393D32,1
2804,25.0,-4.0,26.0,#413C12,1
2805,25.0,-2.0,-26.0,#073E62,1
2806,25.0,-2.0,-18.0,#223E56,1
2807,25.0,-2.0,-14.0,#293D50,1
2808,25.0,-2.0,-10.0,#2F3D4A,1
2809,25.0,-2.0,34.0,#463B00,0
2810,25.0,0.0,-20.0,#243D59,1
2811,25.0,0.0,-16.0,#2B3C53,1
2812,25.0,0.0,-12.0,#303C4D,1
2813,25.0,2.0,-20.0,#293C59,1
2814,25.0,2.0,-16.0,#2F3B53,1
2815,25.0,2.0,-12.0,#343B4D,1
2816,25.0,2.0,32.0,#4A3905,1
2817,25.0,4.0,-20.0,#2E3B59,1
2818,25.0,4.0,-16.0,#333A53,1
2819,25.0,4.0,-12.0,#383A4D,1
2820,25.0,6.0,-20.0,#323A59,1
2821,25.0,6.0,-16.0,#373953,1
2822,25.0,6.0,34.0,#503701,1
2823,25.0,12.0,24.0,#553417,1
2824,25.0,14.0,36.0,#593200,0
2825,25.0,16.0,20.0,#59311E,1
2826,25.0,20.0,-48.0,#123585,1
2827,25.0,20.0,-40.0,#2E3478,1
2828,25.0,20.0,12.0,#5C2E2A,1
2829,25.0,20.0,22.0,#5E2E1B,1
2830,25.0,24.0,20.0,#622B1E,1
2831,25.0,24.0,24.0,#632B18,1
2832,25.0,28.0,24.0,#672718,1
2833,25.0,30.0,-42.0,#412D7C,1
2834,25.0,30.0,-14.0,#5D2851,1
2835,25.0,32.0,42.0,#6E2200,0
2836,25.0,36.0,24.0,#701D19,1
2837,25.0,38.0,34.0,#731A06,1
2838,25.0,40.0,0.0,#6F193D,1
2839,25.0,42.0,-4.0,#701643,1
2840,25.0,44.0,-18.0,#6C1557,1
2841,25.0,44.0,8.0,#760F31,1
2842,25.0,46.0,12.0,#79082C,1
2843,25.0,48.0,32.0,#7E000D,0
2844,25.0,50.0,-6.0,#780046,0
2845,25.0,50.0,20.0,#7F0020,0
2846,25.0,50.0,24.0,#7F001A,0
2847,25.0,52.0,-2.0,#7C0040,0
2848,25.0,54.0,36.0,#840005,0
2849,25.0,56.0,-70.0,#4211A9,1
2850,25.0,56.0,24.0,#85001B,0
2851,25.0,56.0,42.0,#870000,0
2852,25.0,60.0,40.0,#8B0000,0
2853,25.0,62.0,26.0,#8C0019,0
2854,25.0,62.0,32.0,#8C000F,0
2855,25.0,64.0,38.0,#8F0002,0
2856,25.0,66.0,-86.0,#2A00C4,0
2857,25.0,68.0,-92.0,#0400CE,0
2858,25.0,68.0,-82.0,#4000BD,0
2859,25.0,68.0,34.0,#93000D,0
2860,25.0,70.0,-32.0,#83006D,0
2861,25.0,70.0,40.0,#950000,0
2862,25.0,74.0,-94.0,#2400D1,0
2863,25.0,74.0,-38.0,#850076,0
2864,25.0,74.0,30.0,#980015,0
2865,25.0,78.0,-76.0,#6300B3,0
2866,25.0,78.0,-62.0,#76009C,0
2867,25.0,80.0,-96.0,#3400D5,0
2868,25.0,80.0,-70.0,#6F00A9,0
2869,25.0,80.0,6.0,#9C0036,0
2870,25.0,84.0,-78.0,#6B00B7,0
2871,25.0,84.0,-30.0,#95006A,0
2872,25.0,84.0,-6.0,#9D0047,0
2873,25.0,86.0,-98.0,#4100D8,0
2874,25.0,86.0,-86.0,#6000C4,0
2875,25.0,86.0,-72.0,#7600AD,0
2876,25.0,86.0,-18.0,#9C0059,0
2877,25.0,90.0,-94.0,#5800D2,0
2878,25.0,90.0,-82.0,#6F00BD,0
2879,25.0,90.0,-54.0,#8D0090,0
2880,25.0,92.0,-100.0,#4C00DC,0
2881,25.0,92.0,-88.0,#6800C7,0
2882,25.0,92.0,-76.0,#7A00B3,0
2883,25.0,92.0,-48.0,#940086,0
2884,25.0,92.0,-30.0,#9E006B,0
2885,25.0,96.0,-84.0,#7600C1,0
2886,25.0,98.0,-102.0,#5600DF,0
2887,25.0,98.0,-90.0,#7000CB,0
2888,25.0,98.0,-44.0,#9E0080,0
2889,25.0,100.0,-108.0,#4900EA,0
2890,25.0,100.0,-96.0,#6900D5,0
2891,25.0,104.0,-120.0,#1300FF,0
2892,25.0,104.0,-88.0,#7D00C8,0
2893,25.0,104.0,-80.0,#8800BA,0
2894,25.0,110.0,-122.0,#2E00FF,0
2895,25.0,118.0,-120.0,#5600FF,0
2896,25.0,124.0,-114.0,#7400F5,0
2897,26.0,-108.0,20.0,#00541B,0
2898,26.0,-102.0,16.0,#005422,0
2899,26.0,-100.0,22.0,#005318,0
2900,26.0,-96.0,10.0,#00532C,0
2901,26.0,-94.0,16.0,#005322,0
2902,26.0,-92.0,22.0,#005218,0
2903,26.0,-92.0,28.0,#00520B,0
2904,26.0,-90.0,4.0,#005336,0
2905,26.0,-88.0,10.0,#00522C,0
2906,26.0,-86.0,16.0,#005223,0
2907,26.0,-84.0,-2.0,#00523F,0
2908,26.0,-84.0,28.0,#00510B,0
2909,26.0,-82.0,4.0,#005236,0
2910,26.0,-80.0,10.0,#00512D,0
2911,26.0,-78.0,-6.0,#005245,0
2912,26.0,-78.0,16.0,#005123,0
2913,26.0,-76.0,2.0,#005139,0
2914,26.0,-74.0,-10.0,#00514C,0
2915,26.0,-74.0,8.0,#005130,0
2916,26.0,-72.0,-4.0,#005142,0
2917,26.0,-72.0,14.0,#005026,0
2918,26.0,-72.0,32.0,#005001,0
2919,26.0,-70.0,-14.0,#005152,0
2920,26.0,-70.0,0.0,#00503C,0
2921,26.0,-70.0,20.0,#00501C,0
2922,26.0,-68.0,-8.0,#005149,0
2923,26.0,-68.0,6.0,#005033,0
2924,26.0,-66.0,-18.0,#005158,0
2925,26.0,-66.0,10.0,#00502D,0
2926,26.0,-66.0,30.0,#004F06,0
2927,26.0,-64.0,-12.0,#00504F,0
2928,26.0,-64.0,-4.0,#005042,0
2929,26.0,-64.0,2.0,#005039,0
2930,26.0,-64.0,14.0,#004F26,0
2931,26.0,-64.0,22.0,#004F19,0
2932,26.0,-64.0,42.0,#004F00,0
2933,26.0,-60.0,-16.0,#005055,0
2934,26.0,-60.0,-8.0,#004F49,0
2935,26.0,-60.0,32.0,#004E02,0
2936,26.0,-58.0,-2.0,#004F3F,0
2937,26.0,-58.0,10.0,#004E2D,0
2938,26.0,-56.0,-12.0,#004F4F,0
2939,26.0,-54.0,-6.0,#004E46,0
2940,26.0,-54.0,30.0,#004D07,0
2941,26.0,-52.0,6.0,#004D33,0
2942,26.0,-52.0,12.0,#004D2A,0
2943,26.0,-50.0,-24.0,#004F61,0
2944,26.0,-50.0,-18.0,#004E58,0
2945,26.0,-50.0,-14.0,#004E52,0
2946,26.0,-50.0,-10.0,#004E4C,0
2947,26.0,-50.0,-2.0,#004D40,0
2948,26.0,-48.0,2.0,#004D39,0
2949,26.0,-46.0,-28.0,#004E68,0
2950,26.0,-46.0,-6.0,#004D46,0
2951,26.0,-46.0,8.0,#004C30,0
2952,26.0,-44.0,-22.0,#004D5E,0
2953,26.0,-44.0,-18.0,#004D58,0
2954,26.0,-44.0,-14.0,#004D52,0
2955,26.0,-44.0,-10.0,#004D4C,0
2956,26.0,-44.0,44.0,#004B00,0
2957,26.0,-42.0,-38.0,#004E77,0
2958,26.0,-42.0,-32.0,#004E6E,0
2959,26.0,-42.0,-2.0,#004C40,0
2960,26.0,-42.0,4.0,#004B36,0
2961,26.0,-42.0,16.0,#004B24,0
2962,26.0,-40.0,-26.0,#004D64,0
2963,26.0,-40.0,-6.0,#004B46,0
2964,26.0,-40.0,24.0,#004A16,0
2965,26.0,-38.0,-20.0,#004C5B,0
2966,26.0,-38.0,-16.0,#004C55,0
2967,26.0,-38.0,-12.0,#004B4F,0
2968,26.0,-38.0,40.0,#004A00,0
2969,26.0,-36.0,-42.0,#004D7E,0
2970,26.0,-36.0,-36.0,#004D74,0
2971,26.0,-36.0,-30.0,#004C6B,0
2972,26.0,-36.0,-8.0,#004B49,0
2973,26.0,-36.0,-2.0,#004A40,0
2974,26.0,-36.0,2.0,#004A3A,0
2975,26.0,-34.0,-24.0,#004B61,0
2976,26.0,-32.0,-18.0,#004A58,0
2977,26.0,-32.0,-14.0,#004A52,0
2978,26.0,-32.0,-10.0,#004A4C,0
2979,26.0,-32.0,-4.0,#004943,0
2980,26.0,-32.0,0.0,#00493D,0
2981,26.0,-30.0,-44.0,#004C81,0
2982,26.0,-30.0,-38.0,#004B77,0
2983,26.0,-30.0,-26.0,#004A65,0
2984,26.0,-30.0,28.0,#12480E,1
2985,26.0,-28.0,-20.0,#00495B,0
2986,26.0,-28.0,-6.0,#004846,0
2987,26.0,-28.0,-2.0,#004840,0
2988,26.0,-28.0,2.0,#00483A,0
2989,26.0,-28.0,18.0,#0E4721,1
2990,26.0,-26.0,-16.0,#004855,0
2991,26.0,-26.0,-12.0,#00484F,0
2992,26.0,-26.0,10.0,#08472E,1
2993,26.0,-24.0,-36.0,#004A74,0
2994,26.0,-24.0,-30.0,#00496B,0
2995,26.0,-24.0,-24.0,#004862,0
2996,26.0,-24.0,-8.0,#004749,0
2997,26.0,-24.0,0.0,#00473D,0
2998,26.0,-24.0,34.0,#254600,0
2999,26.0,-22.0,-18.0,#004758,0
3000,26.0,-22.0,-14.0,#004752,0
3001,26.0,-22.0,8.0,#164631,1
3002,26.0,-22.0,44.0,#2D4500,0
3003,26.0,-20.0,-44.0,#004981,0
3004,26.0,-20.0,-32.0,#00486E,0
3005,26.0,-20.0,-26.0,#004765,0
3006,26.0,-20.0,-10.0,#00464C,0
3007,26.0,-18.0,-38.0,#004877,0
3008,26.0,-18.0,-20.0,#00465B,0
3009,26.0,-18.0,-16.0,#004655,0
3010,26.0,-18.0,-12.0,#00464F,0
3011,26.0,-18.0,16.0,#284424,1
3012,26.0,-16.0,-46.0,#004884,0
3013,26.0,-16.0,-26.0,#004665,0
3014,26.0,-16.0,12.0,#2A442B,1
3015,26.0,-16.0,44.0,#364300,0
3016,26.0,-14.0,-40.0,#00477B,0
3017,26.0,-14.0,14.0,#2F4328,1
3018,26.0,-12.0,-48.0,#004787,0
3019,26.0,-12.0,-34.0,#004571,0
3020,26.0,-12.0,-28.0,#004568,0
3021,26.0,-12.0,8.0,#2F4231,1
3022,26.0,-12.0,42.0,#3C4100,0
3023,26.0,-10.0,-42.0,#00467E,0
3024,26.0,-10.0,-24.0,#004462,0
3025,26.0,-10.0,-18.0,#014359,1
3026,26.0,-10.0,-10.0,#1D434C,1
3027,26.0,-10.0,-2.0,#294240,1
3028,26.0,-10.0,6.0,#314234,1
3029,26.0,-10.0,10.0,#34412E,1
3030,26.0,-8.0,-50.0,#00468B,0
3031,26.0,-8.0,-36.0,#004474,0
3032,26.0,-8.0,-28.0,#004368,0
3033,26.0,-8.0,-8.0,#264249,1
3034,26.0,-8.0,-4.0,#2B4143,1
3035,26.0,-8.0,0.0,#2F413D,1
3036,26.0,-8.0,4.0,#334137,1
3037,26.0,-8.0,8.0,#364131,1
3038,26.0,-8.0,44.0,#424000,0
3039,26.0,-6.0,-58.0,#004698,0
3040,26.0,-6.0,-44.0,#004481,0
3041,26.0,-6.0,-24.0,#004262,0
3042,26.0,-4.0,-52.0,#00458E,0
3043,26.0,-4.0,-40.0,#00437B,0
3044,26.0,-4.0,-32.0,#00426E,0
3045,26.0,-4.0,10.0,#3D3F2E,1
3046,26.0,-4.0,14.0,#3F3F28,1
3047,26.0,-4.0,22.0,#423E1B,1
3048,26.0,-4.0,42.0,#473E00,0
3049,26.0,-2.0,-58.0,#004598,0
3050,26.0,-2.0,-46.0,#004384,0
3051,26.0,-2.0,-4.0,#373F43,1
3052,26.0,-2.0,0.0,#3A3E3D,1
3053,26.0,-2.0,4.0,#3D3E37,1
3054,26.0,-2.0,8.0,#3F3E31,1
3055,26.0,-2.0,16.0,#433E25,1
3056,26.0,-2.0,20.0,#453E1F,1
3057,26.0,-2.0,24.0,#463D18,1
3058,26.0,0.0,-54.0,#004391,0
3059,26.0,0.0,-42.0,#00427E,0
3060,26.0,0.0,0.0,#3E3E3E,1
3061,26.0,0.0,16.0,#463D25,1
3062,26.0,0.0,20.0,#473D1F,1
3063,26.0,0.0,26.0,#493C14,1
3064,26.0,0.0,42.0,#4C3C00,0
3065,26.0,2.0,-60.0,#00449B,0
3066,26.0,2.0,-48.0,#004287,0
3067,26.0,2.0,-26.0,#1F3F65,1
3068,26.0,2.0,16.0,#493C25,1
3069,26.0,2.0,20.0,#4A3C1F,1
3070,26.0,4.0,-56.0,#004294,0
3071,26.0,4.0,-32.0,#123E6E,1
3072,26.0,4.0,16.0,#4B3B25,1
3073,26.0,4.0,20.0,#4D3B1F,1
3074,26.0,4.0,28.0,#4F3A11,1
3075,26.0,4.0,40.0,#513A00,0
3076,26.0,6.0,-66.0,#0043A5,0
3077,26.0,6.0,-50.0,#00408B,0
3078,26.0,6.0,-30.0,#213D6B,1
3079,26.0,6.0,-26.0,#2A3D65,1
3080,26.0,6.0,16.0,#4E3A25,1
3081,26.0,6.0,20.0,#4F3A1F,1
3082,26.0,6.0,24.0,#503918,1
3083,26.0,8.0,-62.0,#00419E,0
3084,26.0,8.0,-56.0,#004094,0
3085,26.0,8.0,-24.0,#333B62,1
3086,26.0,8.0,28.0,#533811,1
3087,26.0,10.0,-52.0,#003E8E,0
3088,26.0,10.0,-38.0,#153C78,1
3089,26.0,10.0,-32.0,#283B6E,1
3090,26.0,10.0,-22.0,#3A3A5F,1
3091,26.0,12.0,-68.0,#0040A8,0
3092,26.0,12.0,-26.0,#383965,1
3093,26.0,12.0,18.0,#563623,1
3094,26.0,12.0,30.0,#59360E,1
3095,26.0,14.0,-40.0,#1F3A7B,1
3096,26.0,16.0,-46.0,#093A84,1
3097,26.0,16.0,-38.0,#2B3978,1
3098,26.0,16.0,-32.0,#37386E,1
3099,26.0,16.0,0.0,#55343E,1
3100,26.0,16.0,44.0,#5F3300,0
3101,26.0,18.0,-56.0,#003A95,0
3102,26.0,18.0,24.0,#5F3219,1
3103,26.0,18.0,28.0,#5F3212,1
3104,26.0,20.0,-74.0,#003DB2,0
3105,26.0,20.0,-54.0,#003991,0
3106,26.0,22.0,-62.0,#00399E,0
3107,26.0,22.0,32.0,#652E0B,1
3108,26.0,24.0,-60.0,#00379B,0
3109,26.0,24.0,-24.0,#4F3162,1
3110,26.0,24.0,44.0,#682C00,0
3111,26.0,26.0,-58.0,#003598,0
3112,26.0,26.0,-52.0,#21348E,1
3113,26.0,26.0,-44.0,#373381,1
3114,26.0,26.0,-36.0,#453175,1
3115,26.0,26.0,30.0,#692B10,1
3116,26.0,26.0,34.0,#692B07,1
3117,26.0,28.0,-50.0,#2E328B,1
3118,26.0,28.0,-28.0,#522E69,1
3119,26.0,28.0,-24.0,#552E62,1
3120,26.0,28.0,44.0,#6D2900,0
3121,26.0,30.0,-58.0,#163298,1
3122,26.0,32.0,-56.0,#283095,1
3123,26.0,32.0,-50.0,#392F8B,1
3124,26.0,32.0,34.0,#702508,1
3125,26.0,34.0,-66.0,#0031A5,0
3126,26.0,34.0,-30.0,#59296C,1
3127,26.0,36.0,-74.0,#0032B2,0
3128,26.0,36.0,-62.0,#202E9E,1
3129,26.0,36.0,-56.0,#352C95,1
3130,26.0,36.0,-50.0,#422B8B,1
3131,26.0,40.0,-74.0,#002EB2,0
3132,26.0,40.0,-68.0,#102CA8,1
3133,26.0,40.0,-56.0,#3F2895,1
3134,26.0,40.0,4.0,#731B39,1
3135,26.0,40.0,14.0,#761A2A,1
3136,26.0,42.0,30.0,#7A1512,1
3137,26.0,44.0,-74.0,#002AB2,0
3138,26.0,44.0,-68.0,#2727A8,1
3139,26.0,44.0,-40.0,#5E1E7B,1
3140,26.0,44.0,44.0,#7E1000,0
3141,26.0,46.0,-50.0,#551E8B,1
3142,26.0,46.0,-36.0,#651975,1
3143,26.0,48.0,-46.0,#5D1985,1
3144,26.0,48.0,-32.0,#6B146F,1
3145,26.0,48.0,-12.0,#760D51,1
3146,26.0,50.0,-78.0,#0024B9,0
3147,26.0,50.0,-72.0,#2D21AF,1
3148,26.0,50.0,-56.0,#531A95,1
3149,26.0,50.0,10.0,#800031,0
3150,26.0,50.0,44.0,#840000,0
3151,26.0,52.0,-52.0,#5C138F,1
3152,26.0,52.0,-24.0,#750363,1
3153,26.0,54.0,-86.0,#0022C6,0
3154,26.0,54.0,-34.0,#710172,1
3155,26.0,54.0,-20.0,#7A005D,0
3156,26.0,54.0,-14.0,#7C0054,0
3157,26.0,54.0,32.0,#870010,0
3158,26.0,56.0,-76.0,#3318B6,1
3159,26.0,56.0,-60.0,#580D9B,1
3160,26.0,56.0,12.0,#86002E,0
3161,26.0,58.0,-94.0,#0020D4,0
3162,26.0,58.0,-56.0,#610195,1
3163,26.0,60.0,-68.0,#5205A9,1
3164,26.0,60.0,-52.0,#69008F,0
3165,26.0,60.0,-18.0,#82005A,0
3166,26.0,62.0,-64.0,#5D00A2,0
3167,26.0,62.0,-6.0,#880049,0
3168,26.0,62.0,14.0,#8D002C,0
3169,26.0,64.0,-98.0,#0017DB,0
3170,26.0,64.0,-60.0,#66009C,0
3171,26.0,64.0,-14.0,#880054,0
3172,26.0,64.0,4.0,#8D003A,0
3173,26.0,66.0,-74.0,#5300B3,0
3174,26.0,66.0,-54.0,#700092,0
3175,26.0,66.0,-24.0,#860063,0
3176,26.0,66.0,-2.0,#8E0043,0
3177,26.0,68.0,-68.0,#6100A9,0
3178,26.0,68.0,-10.0,#8E004F,0
3179,26.0,68.0,16.0,#94002A,0
3180,26.0,70.0,-62.0,#6D009F,0
3181,26.0,70.0,-20.0,#8C005D,0
3182,26.0,70.0,24.0,#97001E,0
3183,26.0,72.0,-74.0,#5F00B3,0
3184,26.0,72.0,-56.0,#760095,0
3185,26.0,72.0,-44.0,#810082,0
3186,26.0,72.0,6.0,#960038,0
3187,26.0,72.0,12.0,#97002F,0
3188,26.0,74.0,-50.0,#7F008C,0
3189,26.0,74.0,-4.0,#960046,0
3190,26.0,76.0,-16.0,#950058,0
3191,26.0,76.0,-10.0,#97004F,0
3192,26.0,76.0,26.0,#9D001C,0
3193,26.0,78.0,-46.0,#870086,0
3194,26.0,78.0,-34.0,#8F0073,0
3195,26.0,78.0,14.0,#9E002D,0
3196,26.0,82.0,-52.0,#88008F,0
3197,26.0,84.0,-12.0,#9F0052,0
3198,26.0,86.0,-36.0,#970076,0
3199,26.0,86.0,-24.0,#9D0064,0
3200,26.0,92.0,-42.0,#9B0080,0
3201,26.0,94.0,-62.0,#8F009F,0
3202,26.0,94.0,-36.0,#A00076,0
3203,26.0,102.0,-68.0,#9400A9,0
3204,26.0,102.0,-52.0,#A10090,0
3205,26.0,106.0,-110.0,#5800F0,0
3206,26.0,108.0,-100.0,#7400DF,0
3207,26.0,110.0,-116.0,#5000FB,0
3208,26.0,110.0,-56.0,#A80096,0
3209,26.0,112.0,-94.0,#8500D5,0
3210,26.0,112.0,-86.0,#9000C7,0
3211,26.0,114.0,-110.0,#6B00F0,0
3212,26.0,116.0,-80.0,#9C00BD,0
3213,26.0,118.0,-92.0,#9100D2,0
3214,26.0,118.0,-74.0,#A400B3,0
3215,26.0,124.0,-102.0,#8D00E3,0
3216,26.0,126.0,-108.0,#8700ED,0
3217,26.0,126.0,-96.0,#9800D8,0
3218,27.0,-110.0,6.0,#005735,0
3219,27.0,-104.0,0.0,#00573E,0
3220,27.0,-102.0,6.0,#005635,0
3221,27.0,-98.0,-6.0,#005648,0
3222,27.0,-96.0,0.0,#00563E,0
3223,27.0,-92.0,-12.0,#005651,0
3224,27.0,-90.0,-6.0,#005648,0
3225,27.0,-86.0,-16.0,#005657,0
3226,27.0,-86.0,-10.0,#00554E,0
3227,27.0,-80.0,-12.0,#005551,0
3228,27.0,-78.0,-20.0,#00555D,0
3229,27.0,-72.0,-24.0,#005564,0
3230,27.0,-66.0,-26.0,#005467,0
3231,27.0,-60.0,-30.0,#00536D,0
3232,27.0,-60.0,-24.0,#005364,0
3233,27.0,-58.0,18.0,#005122,0
3234,27.0,-54.0,-34.0,#005373,0
3235,27.0,-54.0,-22.0,#005261,0
3236,27.0,-48.0,-36.0,#005277,0
3237,27.0,-40.0,10.0,#004D2F,0
3238,27.0,-34.0,6.0,#004C36,0
3239,27.0,-24.0,-50.0,#004E8D,0
3240,27.0,-24.0,-42.0,#004D80,0
3241,27.0,-24.0,6.0,#0C4936,1
3242,27.0,-24.0,28.0,#254811,1
3243,27.0,-20.0,-52.0,#004D90,0
3244,27.0,-20.0,-2.0,#0A4842,1
3245,27.0,-20.0,2.0,#15483C,1
3246,27.0,-20.0,28.0,#2D4711,1
3247,27.0,-16.0,-54.0,#004C94,0
3248,27.0,-16.0,-32.0,#004971,0
3249,27.0,-16.0,-4.0,#184745,1
3250,27.0,-16.0,0.0,#1F463F,1
3251,27.0,-16.0,8.0,#294633,1
3252,27.0,-14.0,-20.0,#00475E,0
3253,27.0,-14.0,-8.0,#16464C,1
3254,27.0,-14.0,30.0,#38450D,1
3255,27.0,-12.0,-56.0,#004B97,0
3256,27.0,-12.0,-16.0,#014658,1
3257,27.0,-12.0,-12.0,#134652,1
3258,27.0,-12.0,-4.0,#244546,1
3259,27.0,-12.0,0.0,#29453F,1
3260,27.0,-12.0,4.0,#2D4539,1
3261,27.0,-12.0,20.0,#384420,1
3262,27.0,-12.0,24.0,#394419,1
3263,27.0,-10.0,2.0,#30443C,1
3264,27.0,-10.0,26.0,#3D4316,1
3265,27.0,-8.0,-14.0,#1E4455,1
3266,27.0,-8.0,16.0,#3C4327,1
3267,27.0,-8.0,20.0,#3E4320,1
3268,27.0,-6.0,-12.0,#274352,1
3269,27.0,-6.0,-8.0,#2D434C,1
3270,27.0,-6.0,12.0,#3E422D,1
3271,27.0,-4.0,-6.0,#344249,1
3272,27.0,-4.0,-2.0,#374243,1
3273,27.0,-4.0,2.0,#3B423D,1
3274,27.0,-4.0,18.0,#434124,1
3275,27.0,-4.0,32.0,#47400A,1
3276,27.0,-2.0,-30.0,#00436E,0
3277,27.0,-2.0,-22.0,#1E4261,1
3278,27.0,-2.0,-8.0,#35414C,1
3279,27.0,-2.0,12.0,#44402D,1
3280,27.0,0.0,-64.0,#0047A4,0
3281,27.0,0.0,-8.0,#39404C,1
3282,27.0,0.0,-4.0,#3D4046,1
3283,27.0,0.0,4.0,#42403A,1
3284,27.0,0.0,8.0,#453F34,1
3285,27.0,0.0,12.0,#473F2E,1
3286,27.0,2.0,-38.0,#00427A,0
3287,27.0,2.0,-8.0,#3D3F4C,1
3288,27.0,2.0,-4.0,#403F46,1
3289,27.0,2.0,0.0,#433F40,1
3290,27.0,2.0,4.0,#453F3A,1
3291,27.0,2.0,8.0,#483E34,1
3292,27.0,2.0,12.0,#493E2E,1
3293,27.0,4.0,-36.0,#004177,0
3294,27.0,4.0,-8.0,#403E4C,1
3295,27.0,4.0,-4.0,#433E46,1
3296,27.0,4.0,0.0,#463E40,1
3297,27.0,4.0,4.0,#483E3A,1
3298,27.0,4.0,8.0,#4A3D34,1
3299,27.0,4.0,12.0,#4C3D2E,1
3300,27.0,4.0,24.0,#503D1A,1
3301,27.0,6.0,-12.0,#403E52,1
3302,27.0,6.0,-8.0,#433D4C,1
3303,27.0,6.0,-4.0,#463D46,1
3304,27.0,6.0,0.0,#493D40,1
3305,27.0,6.0,4.0,#4B3C3A,1
3306,27.0,6.0,8.0,#4D3C34,1
3307,27.0,6.0,12.0,#4F3C2E,1
3308,27.0,8.0,-44.0,#004084,0
3309,27.0,8.0,-16.0,#3F3D58,1
3310,27.0,8.0,-12.0,#433C52,1
3311,27.0,8.0,-8.0,#473C4C,1
3312,27.0,8.0,-4.0,#493C46,1
3313,27.0,8.0,0.0,#4C3C40,1
3314,27.0,8.0,4.0,#4E3B3A,1
3315,27.0,8.0,8.0,#503B34,1
3316,27.0,8.0,12.0,#523B2E,1
3317,27.0,8.0,16.0,#533B28,1
3318,27.0,10.0,-42.0,#003F81,0
3319,27.0,10.0,-10.0,#483B4F,1
3320,27.0,10.0,-6.0,#4B3B49,1
3321,27.0,10.0,-2.0,#4E3B43,1
3322,27.0,10.0,2.0,#503A3D,1
3323,27.0,10.0,6.0,#523A37,1
3324,27.0,10.0,10.0,#533A31,1
3325,27.0,10.0,20.0,#573921,1
3326,27.0,10.0,34.0,#593907,1
3327,27.0,12.0,-30.0,#343C6E,1
3328,27.0,12.0,-20.0,#423B5E,1
3329,27.0,12.0,-16.0,#463B58,1
3330,27.0,12.0,-4.0,#4F3A46,1
3331,27.0,12.0,0.0,#523940,1
3332,27.0,12.0,4.0,#54393A,1
3333,27.0,12.0,8.0,#553934,1
3334,27.0,12.0,14.0,#57382B,1
3335,27.0,14.0,-60.0,#00409E,0
3336,27.0,14.0,-50.0,#003E8D,0
3337,27.0,14.0,-24.0,#413A65,1
3338,27.0,14.0,-14.0,#4B3955,1
3339,27.0,14.0,-10.0,#4E394F,1
3340,27.0,14.0,-2.0,#533843,1
3341,27.0,14.0,2.0,#55383D,1
3342,27.0,14.0,12.0,#59372E,1
3343,27.0,14.0,22.0,#5C371F,1
3344,27.0,16.0,-58.0,#003E9A,0
3345,27.0,16.0,-22.0,#473962,1
3346,27.0,16.0,-18.0,#4B385B,1
3347,27.0,16.0,-8.0,#52374C,1
3348,27.0,16.0,6.0,#5A3637,1
3349,27.0,16.0,10.0,#5B3631,1
3350,27.0,16.0,16.0,#5D3628,1
3351,27.0,18.0,-68.0,#003FAB,0
3352,27.0,18.0,-30.0,#41386E,1
3353,27.0,18.0,-26.0,#463868,1
3354,27.0,18.0,-16.0,#4F3758,1
3355,27.0,18.0,-12.0,#533652,1
3356,27.0,18.0,-6.0,#563649,1
3357,27.0,18.0,4.0,#5B353A,1
3358,27.0,18.0,14.0,#5F342B,1
3359,27.0,18.0,34.0,#633408,1
3360,27.0,18.0,40.0,#643400,0
3361,27.0,20.0,-66.0,#003DA8,0
3362,27.0,20.0,-44.0,#2A3984,1
3363,27.0,20.0,-24.0,#4B3665,1
3364,27.0,20.0,-20.0,#4F365F,1
3365,27.0,20.0,-2.0,#5B3443,1
3366,27.0,20.0,8.0,#5F3334,1
3367,27.0,20.0,18.0,#623325,1
3368,27.0,22.0,-38.0,#3C377A,1
3369,27.0,22.0,-30.0,#48366E,1
3370,27.0,22.0,-18.0,#54345C,1
3371,27.0,22.0,-14.0,#573455,1
3372,27.0,22.0,-10.0,#59334F,1
3373,27.0,22.0,-6.0,#5C3349,1
3374,27.0,22.0,2.0,#60323D,1
3375,27.0,22.0,6.0,#613238,1
3376,27.0,22.0,16.0,#643128,1
3377,27.0,22.0,28.0,#673115,1
3378,27.0,22.0,36.0,#683104,1
3379,27.0,24.0,-28.0,#4E346B,1
3380,27.0,24.0,-2.0,#603144,1
3381,27.0,24.0,10.0,#653032,1
3382,27.0,24.0,14.0,#66302C,1
3383,27.0,26.0,-74.0,#003BB5,0
3384,27.0,26.0,-18.0,#5A315C,1
3385,27.0,26.0,-14.0,#5C3056,1
3386,27.0,26.0,-10.0,#5F3050,1
3387,27.0,26.0,-6.0,#612F4A,1
3388,27.0,26.0,2.0,#652F3E,1
3389,27.0,26.0,6.0,#662E38,1
3390,27.0,26.0,18.0,#692E26,1
3391,27.0,28.0,-80.0,#003CBF,0
3392,27.0,28.0,-70.0,#0039AE,0
3393,27.0,28.0,-32.0,#503171,1
3394,27.0,28.0,10.0,#6A2C32,1
3395,27.0,28.0,14.0,#6B2C2C,1
3396,27.0,28.0,28.0,#6D2B16,1
3397,27.0,30.0,-68.0,#0037AB,0
3398,27.0,30.0,-8.0,#652C4D,1
3399,27.0,30.0,-4.0,#672B47,1
3400,27.0,30.0,0.0,#692B41,1
3401,27.0,30.0,4.0,#6A2B3B,1
3402,27.0,30.0,18.0,#6E2A26,1
3403,27.0,30.0,22.0,#6F2A20,1
3404,27.0,30.0,36.0,#712905,1
3405,27.0,32.0,-80.0,#0039BF,0
3406,27.0,32.0,-22.0,#5F2C62,1
3407,27.0,32.0,-18.0,#622B5C,1
3408,27.0,32.0,8.0,#6E2835,1
3409,27.0,32.0,28.0,#722716,1
3410,27.0,34.0,-76.0,#0036B8,0
3411,27.0,34.0,-38.0,#532D7B,1
3412,27.0,34.0,-34.0,#572C74,1
3413,27.0,34.0,-2.0,#6D2744,1
3414,27.0,34.0,2.0,#6E273E,1
3415,27.0,34.0,12.0,#71262F,1
3416,27.0,34.0,16.0,#722529,1
3417,27.0,36.0,-26.0,#612868,1
3418,27.0,36.0,-12.0,#6A2653,1
3419,27.0,36.0,-8.0,#6C254D,1
3420,27.0,36.0,6.0,#722438,1
3421,27.0,36.0,20.0,#752323,1
3422,27.0,36.0,28.0,#762217,1
3423,27.0,36.0,40.0,#782200,0
3424,27.0,38.0,-84.0,#0035C6,0
3425,27.0,38.0,-22.0,#672562,1
3426,27.0,38.0,-18.0,#6A245C,1
3427,27.0,38.0,10.0,#752132,1
3428,27.0,40.0,-44.0,#552784,1
3429,27.0,40.0,-32.0,#622471,1
3430,27.0,40.0,18.0,#791D27,1
3431,27.0,42.0,-84.0,#0032C6,0
3432,27.0,42.0,-28.0,#68216B,1
3433,27.0,42.0,-10.0,#731D50,1
3434,27.0,42.0,22.0,#7C1921,1
3435,27.0,42.0,26.0,#7D191A,1
3436,27.0,44.0,-80.0,#002EBF,0
3437,27.0,44.0,-56.0,#4A2698,1
3438,27.0,44.0,-24.0,#6E1D65,1
3439,27.0,44.0,36.0,#801408,1
3440,27.0,46.0,-90.0,#0030D0,0
3441,27.0,46.0,-2.0,#7B1444,1
3442,27.0,46.0,2.0,#7C133E,1
3443,27.0,46.0,16.0,#7F112A,1
3444,27.0,46.0,20.0,#801024,1
3445,27.0,48.0,-86.0,#002CC9,0
3446,27.0,48.0,-64.0,#4323A5,1
3447,27.0,48.0,6.0,#7F0C39,1
3448,27.0,48.0,26.0,#83081B,1
3449,27.0,50.0,14.0,#83022D,1
3450,27.0,50.0,40.0,#870000,0
3451,27.0,52.0,-92.0,#002AD4,0
3452,27.0,52.0,-44.0,#681384,1
3453,27.0,52.0,-38.0,#6E107B,1
3454,27.0,52.0,18.0,#860027,0
3455,27.0,54.0,28.0,#8A0019,0
3456,27.0,56.0,-30.0,#79006F,0
3457,27.0,56.0,-8.0,#84004E,0
3458,27.0,56.0,6.0,#880039,0
3459,27.0,58.0,-42.0,#730081,0
3460,27.0,58.0,20.0,#8D0025,0
3461,27.0,60.0,-84.0,#2418C6,1
3462,27.0,60.0,-36.0,#7A0078,0
3463,27.0,60.0,-26.0,#800069,0
3464,27.0,62.0,-80.0,#3D0FBF,1
3465,27.0,62.0,8.0,#8F0037,0
3466,27.0,64.0,-44.0,#790085,0
3467,27.0,64.0,-32.0,#820072,0
3468,27.0,64.0,22.0,#940023,0
3469,27.0,66.0,-94.0,#0011D7,0
3470,27.0,66.0,-38.0,#80007B,0
3471,27.0,68.0,46.0,#9A0000,0
3472,27.0,72.0,-102.0,#0003E5,0
3473,27.0,72.0,-88.0,#4100CD,0
3474,27.0,72.0,-28.0,#8E006C,0
3475,27.0,74.0,-80.0,#5A00BF,0
3476,27.0,74.0,-68.0,#6E00AC,0
3477,27.0,74.0,20.0,#9E0026,0
3478,27.0,78.0,-104.0,#0000E8,0
3479,27.0,78.0,2.0,#9F0040,0
3480,27.0,80.0,-90.0,#5100D0,0
3481,27.0,80.0,-82.0,#6300C3,0
3482,27.0,80.0,-26.0,#980069,0
3483,27.0,84.0,-108.0,#0000F0,0
3484,27.0,86.0,-60.0,#89009F,0
3485,27.0,86.0,2.0,#A70041,0
3486,27.0,88.0,-66.0,#8600A9,0
3487,27.0,90.0,-110.0,#1D00F3,0
3488,27.0,94.0,-24.0,#A90067,0
3489,27.0,96.0,-112.0,#3300F7,0
3490,27.0,96.0,-70.0,#8D00AF,0
3491,27.0,102.0,-114.0,#4200FA,0
3492,27.0,104.0,-60.0,#A1009F,0
3493,27.0,108.0,-74.0,#9A00B6,0
3494,27.0,110.0,-80.0,#9700C0,0
3495,27.0,110.0,-68.0,#A200AC,0
3496,27.0,118.0,-102.0,#8600E6,0
3497,28.0,-112.0,28.0,#00590F,0
3498,28.0,-106.0,24.0,#005918,0
3499,28.0,-104.0,30.0,#00590A,0
3500,28.0,-98.0,32.0,#005804,0
3501,28.0,-86.0,24.0,#005718,0
3502,28.0,-78.0,32.0,#005605,0
3503,28.0,-74.0,24.0,#005519,0
3504,28.0,-68.0,34.0,#005401,0
3505,28.0,-62.0,6.0,#005437,0
3506,28.0,-62.0,36.0,#005300,0
3507,28.0,-56.0,2.0,#00533E,0
3508,28.0,-56.0,26.0,#005315,0
3509,28.0,-52.0,20.0,#005221,0
3510,28.0,-52.0,36.0,#005200,0
3511,28.0,-50.0,24.0,#00511A,0
3512,28.0,-48.0,14.0,#00512B,0
3513,28.0,-46.0,18.0,#005124,0
3514,28.0,-46.0,34.0,#005002,0
3515,28.0,-44.0,22.0,#00501E,0
3516,28.0,-44.0,28.0,#005012,0
3517,28.0,-44.0,38.0,#005000,0
3518,28.0,-40.0,0.0,#005041,0
3519,28.0,-40.0,30.0,#004F0D,0
3520,28.0,-38.0,4.0,#004F3B,0
3521,28.0,-38.0,16.0,#004F28,0
3522,28.0,-38.0,20.0,#004F21,0
3523,28.0,-38.0,34.0,#004E03,0
3524,28.0,-36.0,12.0,#004E2F,0
3525,28.0,-36.0,24.0,#004E1A,0
3526,28.0,-34.0,28.0,#054E12,1
3527,28.0,-32.0,-32.0,#005073,0
3528,28.0,-32.0,14.0,#004D2B,0
3529,28.0,-32.0,18.0,#004D25,0
3530,28.0,-32.0,32.0,#144D09,1
3531,28.0,-32.0,40.0,#194D00,0
3532,28.0,-30.0,-8.0,#004E4E,0
3533,28.0,-30.0,8.0,#004D35,0
3534,28.0,-30.0,22.0,#114D1E,1
3535,28.0,-28.0,0.0,#004D41,0
3536,28.0,-28.0,34.0,#214C04,1
3537,28.0,-26.0,14.0,#164C2C,1
3538,28.0,-26.0,38.0,#274B00,0
3539,28.0,-24.0,-2.0,#004C45,0
3540,28.0,-24.0,22.0,#244B1E,1
3541,28.0,-22.0,-6.0,#004B4B,0
3542,28.0,-22.0,14.0,#224A2C,1
3543,28.0,-22.0,18.0,#264A25,1
3544,28.0,-22.0,38.0,#2F4A00,0
3545,28.0,-20.0,22.0,#2D491F,1
3546,28.0,-18.0,6.0,#244938,1
3547,28.0,-18.0,32.0,#35480A,1
3548,28.0,-18.0,38.0,#364800,0
3549,28.0,-14.0,36.0,#3C4701,1
3550,28.0,-10.0,-6.0,#29474B,1
3551,28.0,-10.0,8.0,#374636,1
3552,28.0,-10.0,12.0,#39462F,1
3553,28.0,-10.0,30.0,#414510,1
3554,28.0,-8.0,-20.0,#0D4760,1
3555,28.0,-8.0,2.0,#36463F,1
3556,28.0,-8.0,6.0,#394539,1
3557,28.0,-8.0,34.0,#454406,1
3558,28.0,-8.0,40.0,#464400,0
3559,28.0,-6.0,-16.0,#22465A,1
3560,28.0,-6.0,-4.0,#344548,1
3561,28.0,-6.0,0.0,#384542,1
3562,28.0,-6.0,4.0,#3B453C,1
3563,28.0,-6.0,8.0,#3E4436,1
3564,28.0,-6.0,16.0,#424429,1
3565,28.0,-6.0,24.0,#45441C,1
3566,28.0,-4.0,-24.0,#124667,1
3567,28.0,-4.0,-18.0,#24455D,1
3568,28.0,-4.0,-14.0,#2B4557,1
3569,28.0,-4.0,-10.0,#314551,1
3570,28.0,-4.0,6.0,#404439,1
3571,28.0,-4.0,26.0,#484318,1
3572,28.0,-4.0,38.0,#4B4300,0
3573,28.0,-2.0,-16.0,#2D445A,1
3574,28.0,-2.0,-12.0,#334454,1
3575,28.0,-2.0,28.0,#4C4215,1
3576,28.0,-2.0,42.0,#4E4200,0
3577,28.0,0.0,-20.0,#2B4461,1
3578,28.0,0.0,-16.0,#32435A,1
3579,28.0,0.0,-12.0,#374354,1
3580,28.0,0.0,32.0,#4F410D,1
3581,28.0,0.0,38.0,#504100,0
3582,28.0,2.0,-20.0,#304361,1
3583,28.0,2.0,-16.0,#36425A,1
3584,28.0,2.0,-12.0,#3B4254,1
3585,28.0,2.0,26.0,#504019,1
3586,28.0,2.0,42.0,#534000,0
3587,28.0,4.0,-20.0,#354261,1
3588,28.0,4.0,-16.0,#3A415B,1
3589,28.0,4.0,-12.0,#3F4154,1
3590,28.0,4.0,36.0,#553F03,1
3591,28.0,6.0,-20.0,#394161,1
3592,28.0,6.0,-16.0,#3E405B,1
3593,28.0,6.0,28.0,#563E16,1
3594,28.0,6.0,42.0,#583D00,0
3595,28.0,8.0,24.0,#583D1D,1
3596,28.0,8.0,38.0,#5A3C00,0
3597,28.0,10.0,28.0,#5B3B16,1
3598,28.0,10.0,44.0,#5E3B00,0
3599,28.0,12.0,-64.0,#0044A7,0
3600,28.0,12.0,24.0,#5D3A1D,1
3601,28.0,12.0,40.0,#5F3A00,0
3602,28.0,14.0,30.0,#603913,1
3603,28.0,14.0,46.0,#623800,0
3604,28.0,16.0,-74.0,#0044B8,0
3605,28.0,16.0,20.0,#613824,1
3606,28.0,16.0,28.0,#623817,1
3607,28.0,20.0,12.0,#633531,1
3608,28.0,20.0,22.0,#663521,1
3609,28.0,20.0,46.0,#693400,0
3610,28.0,22.0,-50.0,#203B90,1
3611,28.0,24.0,20.0,#6A3225,1
3612,28.0,24.0,24.0,#6B311E,1
3613,28.0,28.0,24.0,#702E1E,1
3614,28.0,28.0,40.0,#722D00,0
3615,28.0,30.0,-42.0,#493384,1
3616,28.0,32.0,-14.0,#672D58,1
3617,28.0,34.0,-42.0,#503084,1
3618,28.0,36.0,24.0,#79251F,1
3619,28.0,36.0,48.0,#7B2400,0
3620,28.0,38.0,34.0,#7C220E,1
3621,28.0,40.0,-36.0,#61287A,1
3622,28.0,40.0,-4.0,#762249,1
3623,28.0,40.0,0.0,#772143,1
3624,28.0,40.0,46.0,#7F1E00,0
3625,28.0,42.0,-62.0,#3C2CA4,1
3626,28.0,42.0,-16.0,#72215B,1
3627,28.0,42.0,8.0,#7C1D38,1
3628,28.0,44.0,12.0,#7F1932,1
3629,28.0,44.0,40.0,#831701,1
3630,28.0,46.0,-6.0,#7C184D,1
3631,28.0,48.0,-18.0,#79165F,1
3632,28.0,48.0,30.0,#860D17,1
3633,28.0,48.0,34.0,#870D10,1
3634,28.0,52.0,0.0,#850344,1
3635,28.0,52.0,22.0,#8A0024,0
3636,28.0,54.0,-64.0,#531BA7,1
3637,28.0,54.0,36.0,#8D000D,0
3638,28.0,56.0,42.0,#900000,0
3639,28.0,58.0,-70.0,#5016B1,1
3640,28.0,58.0,24.0,#900021,0
3641,28.0,58.0,48.0,#930000,0
3642,28.0,60.0,-92.0,#0020D7,0
3643,28.0,60.0,0.0,#8E0044,0
3644,28.0,60.0,30.0,#930018,0
3645,28.0,60.0,36.0,#94000E,0
3646,28.0,62.0,42.0,#960001,0
3647,28.0,64.0,48.0,#990000,0
3648,28.0,66.0,-86.0,#380BCC,1
3649,28.0,66.0,-50.0,#790091,0
3650,28.0,66.0,28.0,#99001C,0
3651,28.0,66.0,34.0,#9A0013,0
3652,28.0,66.0,40.0,#9A0007,0
3653,28.0,68.0,-82.0,#4B00C6,0
3654,28.0,70.0,2.0,#990042,0
3655,28.0,72.0,-96.0,#1E00DE,0
3656,28.0,72.0,30.0,#A0001A,0
3657,28.0,72.0,36.0,#A00011,0
3658,28.0,72.0,42.0,#A10004,0
3659,28.0,78.0,-98.0,#3200E1,0
3660,28.0,78.0,-58.0,#83009E,0
3661,28.0,78.0,32.0,#A60018,0
3662,28.0,80.0,8.0,#A5003A,0
3663,28.0,80.0,18.0,#A7002C,0
3664,28.0,82.0,-74.0,#7600B8,0
3665,28.0,82.0,-64.0,#8200A8,0
3666,28.0,82.0,-18.0,#A00060,0
3667,28.0,84.0,-100.0,#4000E5,0
3668,28.0,84.0,-40.0,#980081,0
3669,28.0,86.0,-4.0,#A9004B,0
3670,28.0,88.0,-76.0,#7D00BC,0
3671,28.0,88.0,-50.0,#970091,0
3672,28.0,88.0,-16.0,#A8005D,0
3673,28.0,90.0,-102.0,#4C00E8,0
3674,28.0,90.0,-94.0,#6200DA,0
3675,28.0,90.0,-82.0,#7800C6,0
3676,28.0,92.0,-116.0,#0000FF,0
3677,28.0,92.0,-88.0,#7200D0,0
3678,28.0,92.0,-30.0,#A70072,0
3679,28.0,94.0,-52.0,#9D0095,0
3680,28.0,96.0,-104.0,#5700EC,0
3681,28.0,96.0,-84.0,#7F00C9,0
3682,28.0,98.0,-118.0,#1600FF,0
3683,28.0,98.0,-98.0,#6B00E1,0
3684,28.0,98.0,-90.0,#7A00D4,0
3685,28.0,98.0,-46.0,#A6008B,0
3686,28.0,100.0,-78.0,#8D00BF,0
3687,28.0,104.0,-92.0,#8100D7,0
3688,28.0,104.0,-42.0,#AF0085,0
3689,28.0,106.0,-86.0,#8D00CD,0
3690,28.0,108.0,-50.0,#AF0092,0
3691,28.0,116.0,-66.0,#AF00AC,0
3692,29.0,-72.0,-20.0,#005A62,0
3693,29.0,-66.0,-22.0,#005965,0
3694,29.0,-66.0,-16.0,#00585C,0
3695,29.0,-60.0,-20.0,#005862,0
3696,29.0,-60.0,-14.0,#005759,0
3697,29.0,-54.0,-28.0,#00576F,0
3698,29.0,-54.0,-18.0,#00575F,0
3699,29.0,-54.0,-12.0,#005656,0
3700,29.0,-50.0,-8.0,#005550,0
3701,29.0,-48.0,-26.0,#00566C,0
3702,29.0,-48.0,-20.0,#005562,0
3703,29.0,-48.0,-16.0,#00555C,0
3704,29.0,-46.0,-12.0,#005456,0
3705,29.0,-44.0,-40.0,#005682,0
3706,29.0,-44.0,-28.0,#00556F,0
3707,29.0,-44.0,-6.0,#00544D,0
3708,29.0,-42.0,-22.0,#005466,0
3709,29.0,-42.0,-18.0,#00545F,0
3710,29.0,-42.0,-14.0,#005459,0
3711,29.0,-40.0,-44.0,#005689,0
3712,29.0,-40.0,-10.0,#005353,0
3713,29.0,-38.0,-38.0,#00557F,0
3714,29.0,-38.0,-32.0,#005475,0
3715,29.0,-38.0,-26.0,#00546C,0
3716,29.0,-38.0,-6.0,#00524D,0
3717,29.0,-36.0,-20.0,#005363,0
3718,29.0,-36.0,-16.0,#00525C,0
3719,29.0,-36.0,-12.0,#005256,0
3720,29.0,-34.0,-46.0,#00558C,0
3721,29.0,-32.0,-40.0,#005382,0
3722,29.0,-32.0,-22.0,#005266,0
3723,29.0,-32.0,-4.0,#00514A,0
3724,29.0,-30.0,-16.0,#00515C,0
3725,29.0,-30.0,-12.0,#005056,0
3726,29.0,-28.0,-50.0,#005492,0
3727,29.0,-28.0,-42.0,#005385,0
3728,29.0,-28.0,-24.0,#005169,0
3729,29.0,-26.0,-36.0,#00517C,0
3730,29.0,-26.0,-30.0,#005172,0
3731,29.0,-26.0,-18.0,#005060,0
3732,29.0,-24.0,-14.0,#004F59,0
3733,29.0,-24.0,-10.0,#004E53,0
3734,29.0,-24.0,4.0,#0E4E3E,1
3735,29.0,-22.0,-38.0,#00507F,0
3736,29.0,-22.0,-32.0,#005076,0
3737,29.0,-22.0,-26.0,#004F6C,0
3738,29.0,-22.0,-20.0,#004F63,0
3739,29.0,-20.0,-16.0,#004E5D,0
3740,29.0,-20.0,-12.0,#004D56,0
3741,29.0,-20.0,-8.0,#004D50,0
3742,29.0,-20.0,0.0,#174D44,1
3743,29.0,-20.0,4.0,#1E4C3E,1
3744,29.0,-18.0,-42.0,#004F86,0
3745,29.0,-18.0,-28.0,#004E6F,0
3746,29.0,-18.0,-22.0,#004D66,0
3747,29.0,-16.0,-48.0,#004F8F,0
3748,29.0,-16.0,-18.0,#004C60,0
3749,29.0,-16.0,-14.0,#004C59,0
3750,29.0,-16.0,-10.0,#0C4C53,1
3751,29.0,-16.0,-6.0,#194B4D,1
3752,29.0,-16.0,-2.0,#214B47,1
3753,29.0,-16.0,2.0,#274B41,1
3754,29.0,-14.0,-42.0,#004E86,0
3755,29.0,-14.0,-34.0,#004D79,0
3756,29.0,-14.0,-28.0,#004C6F,0
3757,29.0,-14.0,0.0,#294A44,1
3758,29.0,-14.0,4.0,#2E4A3E,1
3759,29.0,-14.0,10.0,#334A35,1
3760,29.0,-12.0,-10.0,#1E4A53,1
3761,29.0,-12.0,-2.0,#2B4A47,1
3762,29.0,-12.0,2.0,#304A41,1
3763,29.0,-12.0,6.0,#34493B,1
3764,29.0,-10.0,-48.0,#004D8F,0
3765,29.0,-10.0,-40.0,#004C82,0
3766,29.0,-10.0,-32.0,#004B76,0
3767,29.0,-10.0,-26.0,#004B6C,0
3768,29.0,-10.0,0.0,#324944,1
3769,29.0,-10.0,4.0,#36493E,1
3770,29.0,-8.0,-8.0,#2D4850,1
3771,29.0,-8.0,-2.0,#344847,1
3772,29.0,-6.0,-58.0,#004DA0,0
3773,29.0,-6.0,-50.0,#004C93,0
3774,29.0,-6.0,-42.0,#004B86,0
3775,29.0,-6.0,-34.0,#004A79,0
3776,29.0,-6.0,-28.0,#00496F,0
3777,29.0,-6.0,-10.0,#2F4854,1
3778,29.0,-4.0,-64.0,#004DAA,0
3779,29.0,-4.0,-4.0,#3A464A,1
3780,29.0,-4.0,0.0,#3E4644,1
3781,29.0,-4.0,12.0,#454632,1
3782,29.0,-2.0,-58.0,#004CA0,0
3783,29.0,-2.0,-50.0,#004A93,0
3784,29.0,-2.0,-42.0,#004986,0
3785,29.0,-2.0,-36.0,#00487C,0
3786,29.0,-2.0,-6.0,#3C464D,1
3787,29.0,-2.0,-2.0,#3F4547,1
3788,29.0,-2.0,2.0,#424541,1
3789,29.0,-2.0,6.0,#45453B,1
3790,29.0,-2.0,10.0,#474535,1
3791,29.0,0.0,-6.0,#3F454E,1
3792,29.0,0.0,-2.0,#434447,1
3793,29.0,0.0,2.0,#464441,1
3794,29.0,0.0,6.0,#48443B,1
3795,29.0,0.0,10.0,#4A4435,1
3796,29.0,2.0,-60.0,#004AA3,0
3797,29.0,2.0,-52.0,#004996,0
3798,29.0,2.0,-44.0,#004889,0
3799,29.0,2.0,-6.0,#43444E,1
3800,29.0,2.0,-2.0,#464347,1
3801,29.0,2.0,2.0,#494341,1
3802,29.0,2.0,6.0,#4B433B,1
3803,29.0,2.0,10.0,#4D4335,1
3804,29.0,2.0,18.0,#514229,1
3805,29.0,4.0,-30.0,#234573,1
3806,29.0,4.0,-6.0,#46434E,1
3807,29.0,4.0,-2.0,#494248,1
3808,29.0,4.0,2.0,#4C4241,1
3809,29.0,4.0,6.0,#4E423B,1
3810,29.0,4.0,10.0,#504235,1
3811,29.0,4.0,14.0,#52422F,1
3812,29.0,4.0,18.0,#534129,1
3813,29.0,6.0,-68.0,#004AB0,0
3814,29.0,6.0,-60.0,#0048A3,0
3815,29.0,6.0,-54.0,#004799,0
3816,29.0,6.0,-46.0,#00468C,0
3817,29.0,6.0,-28.0,#2E4470,1
3818,29.0,6.0,-24.0,#354369,1
3819,29.0,6.0,-10.0,#464254,1
3820,29.0,6.0,-6.0,#4A424E,1
3821,29.0,6.0,-2.0,#4C4148,1
3822,29.0,6.0,2.0,#4F4141,1
3823,29.0,6.0,6.0,#51413B,1
3824,29.0,6.0,10.0,#534135,1
3825,29.0,6.0,14.0,#55402F,1
3826,29.0,6.0,18.0,#564029,1
3827,29.0,8.0,-52.0,#004696,0
3828,29.0,8.0,-18.0,#424260,1
3829,29.0,8.0,-14.0,#46415A,1
3830,29.0,8.0,-10.0,#4A4154,1
3831,29.0,8.0,-6.0,#4D414E,1
3832,29.0,8.0,-2.0,#4F4048,1
3833,29.0,8.0,2.0,#524042,1
3834,29.0,8.0,6.0,#54403B,1
3835,29.0,8.0,10.0,#564035,1
3836,29.0,8.0,14.0,#573F2F,1
3837,29.0,10.0,-68.0,#0048B0,0
3838,29.0,10.0,-36.0,#27427C,1
3839,29.0,10.0,-30.0,#344273,1
3840,29.0,10.0,-8.0,#4E4051,1
3841,29.0,10.0,-4.0,#513F4B,1
3842,29.0,10.0,0.0,#543F45,1
3843,29.0,10.0,4.0,#563F3F,1
3844,29.0,10.0,8.0,#583E38,1
3845,29.0,10.0,14.0,#5A3E2F,1
3846,29.0,12.0,-24.0,#424069,1
3847,29.0,12.0,-12.0,#4E3F57,1
3848,29.0,12.0,-6.0,#533E4E,1
3849,29.0,12.0,-2.0,#553E48,1
3850,29.0,12.0,2.0,#573E42,1
3851,29.0,12.0,6.0,#593D3C,1
3852,29.0,12.0,12.0,#5C3D32,1
3853,29.0,12.0,18.0,#5E3D29,1
3854,29.0,14.0,-44.0,#194189,1
3855,29.0,14.0,-38.0,#2E4080,1
3856,29.0,14.0,-4.0,#573D4B,1
3857,29.0,14.0,0.0,#593C45,1
3858,29.0,14.0,4.0,#5B3C3F,1
3859,29.0,14.0,10.0,#5E3C36,1
3860,29.0,14.0,16.0,#603C2C,1
3861,29.0,16.0,-36.0,#383F7C,1
3862,29.0,16.0,-32.0,#3F3E76,1
3863,29.0,16.0,8.0,#5F3B39,1
3864,29.0,16.0,14.0,#623A30,1
3865,29.0,18.0,-52.0,#004096,0
3866,29.0,18.0,-44.0,#2A3F89,1
3867,29.0,18.0,2.0,#5F3A42,1
3868,29.0,18.0,6.0,#61393C,1
3869,29.0,18.0,18.0,#653929,1
3870,29.0,18.0,24.0,#673820,1
3871,29.0,20.0,-74.0,#0044BA,0
3872,29.0,20.0,-60.0,#0040A3,0
3873,29.0,22.0,-58.0,#003FA0,0
3874,29.0,22.0,0.0,#643745,1
3875,29.0,22.0,4.0,#65363F,1
3876,29.0,24.0,-68.0,#0040B0,0
3877,29.0,24.0,-56.0,#0C3D9D,1
3878,29.0,24.0,-24.0,#57386A,1
3879,29.0,24.0,12.0,#6B3433,1
3880,29.0,26.0,-48.0,#373A90,1
3881,29.0,26.0,30.0,#713216,1
3882,29.0,28.0,-56.0,#243A9D,1
3883,29.0,28.0,-46.0,#40388D,1
3884,29.0,28.0,-28.0,#593570,1
3885,29.0,28.0,-24.0,#5D346A,1
3886,29.0,30.0,-62.0,#083AA7,1
3887,29.0,30.0,-54.0,#323899,1
3888,29.0,32.0,-52.0,#3D3696,1
3889,29.0,34.0,-62.0,#2437A7,1
3890,29.0,34.0,-30.0,#603073,1
3891,29.0,36.0,-68.0,#0236B1,1
3892,29.0,36.0,-58.0,#3934A0,1
3893,29.0,36.0,-52.0,#473296,1
3894,29.0,38.0,-78.0,#0037C1,0
3895,29.0,40.0,-74.0,#0034BB,0
3896,29.0,40.0,-68.0,#2333B1,1
3897,29.0,40.0,-52.0,#4F2E96,1
3898,29.0,42.0,-48.0,#592B90,1
3899,29.0,42.0,-20.0,#732464,1
3900,29.0,44.0,-74.0,#1230BB,1
3901,29.0,44.0,-44.0,#61278A,1
3902,29.0,46.0,-70.0,#332DB4,1
3903,29.0,46.0,-40.0,#692383,1
3904,29.0,48.0,-82.0,#002FC8,0
3905,29.0,48.0,-52.0,#5E2496,1
3906,29.0,48.0,-12.0,#7F1858,1
3907,29.0,50.0,-78.0,#1D2BC1,1
3908,29.0,50.0,-48.0,#661F90,1
3909,29.0,50.0,-32.0,#751977,1
3910,29.0,52.0,-74.0,#3926BB,1
3911,29.0,52.0,-58.0,#5C1FA0,1
3912,29.0,52.0,-4.0,#860A4C,1
3913,29.0,52.0,10.0,#8A0537,1
3914,29.0,54.0,-86.0,#0029CF,0
3915,29.0,54.0,-54.0,#651A9A,1
3916,29.0,54.0,-24.0,#800A6A,1
3917,29.0,54.0,-14.0,#85055B,1
3918,29.0,56.0,-50.0,#6D1293,1
3919,29.0,56.0,14.0,#900032,0
3920,29.0,58.0,-62.0,#6114A7,1
3921,29.0,58.0,-46.0,#75088D,1
3922,29.0,58.0,-20.0,#870064,0
3923,29.0,60.0,-58.0,#6A0AA0,1
3924,29.0,62.0,-76.0,#4F13BE,1
3925,29.0,62.0,-54.0,#72009A,0
3926,29.0,62.0,-16.0,#8D005E,0
3927,29.0,62.0,16.0,#97002F,0
3928,29.0,64.0,-72.0,#5C06B8,1
3929,29.0,64.0,-66.0,#6600AE,0
3930,29.0,66.0,-102.0,#001EEB,0
3931,29.0,66.0,-60.0,#7100A4,0
3932,29.0,66.0,-22.0,#8F0068,0
3933,29.0,66.0,-12.0,#940059,0
3934,29.0,66.0,-6.0,#960050,0
3935,29.0,66.0,12.0,#9A0035,0
3936,29.0,68.0,18.0,#9D002D,0
3937,29.0,70.0,-72.0,#6700B8,0
3938,29.0,70.0,-56.0,#7C009D,0
3939,29.0,70.0,-36.0,#8C007D,0
3940,29.0,70.0,-18.0,#960062,0
3941,29.0,70.0,24.0,#A00024,0
3942,29.0,72.0,-10.0,#9B0056,0
3943,29.0,74.0,-62.0,#7C00A7,0
3944,29.0,74.0,-46.0,#8B008D,0
3945,29.0,74.0,-32.0,#940077,0
3946,29.0,74.0,-24.0,#98006B,0
3947,29.0,74.0,-4.0,#9F004D,0
3948,29.0,74.0,14.0,#A30033,0
3949,29.0,76.0,-40.0,#910084,0
3950,29.0,76.0,-16.0,#9D005F,0
3951,29.0,76.0,26.0,#A70022,0
3952,29.0,78.0,42.0,#AA0008,0
3953,29.0,80.0,-50.0,#8F0094,0
3954,29.0,80.0,-30.0,#9C0074,0
3955,29.0,80.0,-10.0,#A40056,0
3956,29.0,84.0,24.0,#AF0026,0
3957,29.0,86.0,14.0,#B00034,0
3958,29.0,88.0,-10.0,#AD0057,0
3959,29.0,88.0,8.0,#B1003D,0
3960,29.0,94.0,-36.0,#A9007E,0
3961,29.0,94.0,-18.0,#B10063,0
3962,29.0,98.0,-64.0,#9C00AB,0
3963,29.0,102.0,-34.0,#B4007B,0
3964,29.0,106.0,-110.0,#6400F9,0
3965,29.0,108.0,-116.0,#5800FF,0
3966,29.0,108.0,-102.0,#7A00EB,0
3967,29.0,114.0,-110.0,#7600F9,0
3968,29.0,114.0,-74.0,#A800BC,0
3969,29.0,114.0,-58.0,#B500A2,0
3970,29.0,116.0,-94.0,#9500DE,0
3971,29.0,116.0,-86.0,#9F00D0,0
3972,29.0,122.0,-88.0,#A600D3,0
3973,29.0,122.0,-80.0,#AE00C6,0
3974,29.0,124.0,-98.0,#9D00E5,0
3975,30.0,-126.0,16.0,#00602B,0
3976,30.0,-122.0,10.0,#006035,0
3977,30.0,-118.0,2.0,#006042,0
3978,30.0,-118.0,16.0,#00602B,0
3979,30.0,-116.0,8.0,#006038,0
3980,30.0,-112.0,-2.0,#006048,0
3981,30.0,-112.0,14.0,#005F2E,0
3982,30.0,-110.0,4.0,#005F3F,0
3983,30.0,-110.0,20.0,#005F24,0
3984,30.0,-106.0,-6.0,#005F4E,0
3985,30.0,-106.0,10.0,#005F35,0
3986,30.0,-104.0,0.0,#005F45,0
3987,30.0,-102.0,16.0,#005E2B,0
3988,30.0,-100.0,-10.0,#005F55,0
3989,30.0,-100.0,6.0,#005E3B,0
3990,30.0,-98.0,-4.0,#005E4B,0
3991,30.0,-96.0,14.0,#005D2E,0
3992,30.0,-96.0,22.0,#005D20,0
3993,30.0,-94.0,-14.0,#005F5B,0
3994,30.0,-94.0,2.0,#005E42,0
3995,30.0,-92.0,-8.0,#005E52,0
3996,30.0,-92.0,8.0,#005D38,0
3997,30.0,-90.0,16.0,#005D2B,0
3998,30.0,-88.0,-12.0,#005E58,0
3999,30.0,-88.0,-2.0,#005D48,0
4000,30.0,-86.0,-18.0,#005E61,0
4001,30.0,-86.0,4.0,#005D3F,0
4002,30.0,-86.0,10.0,#005D35,0
4003,30.0,-82.0,-6.0,#005D4F,0
4004,30.0,-82.0,16.0,#005C2B,0
4005,30.0,-80.0,-22.0,#005D68,0
4006,30.0,-80.0,-12.0,#005D58,0
4007,30.0,-80.0,0.0,#005C45,0
4008,30.0,-80.0,6.0,#005C3C,0
4009,30.0,-78.0,-16.0,#005D5E,0
4010,30.0,-78.0,20.0,#005B24,0
4011,30.0,-76.0,14.0,#005B2F,0
4012,30.0,-74.0,-26.0,#005D6E,0
4013,30.0,-74.0,-6.0,#005C4F,0
4014,30.0,-74.0,2.0,#005B42,0
4015,30.0,-72.0,-12.0,#005C58,0
4016,30.0,-72.0,8.0,#005B39,0
4017,30.0,-72.0,28.0,#005A15,0
4018,30.0,-70.0,16.0,#005A2C,0
4019,30.0,-68.0,-28.0,#005C71,0
4020,30.0,-68.0,-8.0,#005B52,0
4021,30.0,-68.0,-2.0,#005B48,0
4022,30.0,-66.0,2.0,#005A42,0
4023,30.0,-66.0,10.0,#005A35,0
4024,30.0,-66.0,20.0,#005A25,0
4025,30.0,-66.0,26.0,#00591A,0
4026,30.0,-64.0,-32.0,#005C78,0
4027,30.0,-64.0,14.0,#00592F,0
4028,30.0,-62.0,-26.0,#005B6E,0
4029,30.0,-62.0,-10.0,#005A55,0
4030,30.0,-62.0,-6.0,#005A4F,0
4031,30.0,-62.0,30.0,#005911,0
4032,30.0,-60.0,-2.0,#005949,0
4033,30.0,-60.0,18.0,#005928,0
4034,30.0,-60.0,24.0,#00581E,0
4035,30.0,-58.0,-34.0,#005B7B,0
4036,30.0,-58.0,10.0,#005836,0
4037,30.0,-56.0,-8.0,#005952,0
4038,30.0,-54.0,-22.0,#005968,0
4039,30.0,-54.0,-4.0,#00584C,0
4040,30.0,-54.0,6.0,#00583C,0
4041,30.0,-54.0,14.0,#00572F,0
4042,30.0,-52.0,-38.0,#005A81,0
4043,30.0,-52.0,-32.0,#005A78,0
4044,30.0,-52.0,0.0,#005846,0
4045,30.0,-52.0,32.0,#00570C,0
4046,30.0,-50.0,10.0,#005736,0
4047,30.0,-48.0,4.0,#00573F,0
4048,30.0,-46.0,-36.0,#00597E,0
4049,30.0,-46.0,-2.0,#005649,0
4050,30.0,-44.0,8.0,#005639,0
4051,30.0,-44.0,12.0,#005533,0
4052,30.0,-42.0,2.0,#005543,0
4053,30.0,-40.0,14.0,#005430,0
4054,30.0,-38.0,10.0,#005436,0
4055,30.0,-36.0,0.0,#005446,0
4056,30.0,-36.0,36.0,#0D5303,1
4057,30.0,-32.0,2.0,#005343,0
4058,30.0,-32.0,6.0,#00523C,0
4059,30.0,-28.0,4.0,#005140,0
4060,30.0,-24.0,10.0,#1D5036,1
4061,30.0,-24.0,28.0,#2C4F18,1
4062,30.0,-22.0,-54.0,#00559C,0
4063,30.0,-22.0,32.0,#324F0F,1
4064,30.0,-20.0,-48.0,#005392,0
4065,30.0,-20.0,10.0,#284E37,1
4066,30.0,-18.0,-34.0,#00517B,0
4067,30.0,-18.0,14.0,#304E30,1
4068,30.0,-18.0,18.0,#334D2A,1
4069,30.0,-18.0,26.0,#374D1C,1
4070,30.0,-16.0,-58.0,#0053A2,0
4071,30.0,-16.0,6.0,#2D4D3D,1
4072,30.0,-14.0,16.0,#394C2D,1
4073,30.0,-14.0,20.0,#3B4C27,1
4074,30.0,-14.0,24.0,#3D4C20,1
4075,30.0,-14.0,30.0,#3F4C14,1
4076,30.0,-12.0,-56.0,#00529F,0
4077,30.0,-12.0,-18.0,#034D62,1
4078,30.0,-12.0,-14.0,#164D5C,1
4079,30.0,-12.0,-6.0,#284C50,1
4080,30.0,-12.0,40.0,#454B00,0
4081,30.0,-10.0,-62.0,#0052A9,0
4082,30.0,-10.0,-20.0,#074D65,1
4083,30.0,-10.0,-4.0,#304B4D,1
4084,30.0,-10.0,16.0,#404A2D,1
4085,30.0,-10.0,20.0,#424A27,1
4086,30.0,-10.0,24.0,#444A20,1
4087,30.0,-8.0,-16.0,#214B5F,1
4088,30.0,-8.0,-12.0,#294B59,1
4089,30.0,-6.0,-6.0,#364A50,1
4090,30.0,-6.0,-2.0,#3A4A4A,1
4091,30.0,-6.0,2.0,#3E4943,1
4092,30.0,-6.0,6.0,#41493D,1
4093,30.0,-6.0,10.0,#434937,1
4094,30.0,-6.0,28.0,#4B4819,1
4095,30.0,-4.0,-8.0,#384953,1
4096,30.0,-4.0,4.0,#434840,1
4097,30.0,-4.0,8.0,#45483A,1
4098,30.0,-4.0,16.0,#4A482E,1
4099,30.0,-4.0,32.0,#4F4711,1
4100,30.0,-2.0,-30.0,#064A75,1
4101,30.0,-2.0,-20.0,#2B4965,1
4102,30.0,-2.0,0.0,#434847,1
4103,30.0,-2.0,16.0,#4C472E,1
4104,30.0,-2.0,20.0,#4E4727,1
4105,30.0,0.0,-28.0,#1D4972,1
4106,30.0,0.0,0.0,#474747,1
4107,30.0,0.0,16.0,#4F462E,1
4108,30.0,0.0,20.0,#514627,1
4109,30.0,0.0,24.0,#524621,1
4110,30.0,2.0,-66.0,#004DB0,0
4111,30.0,2.0,-38.0,#004982,0
4112,30.0,2.0,0.0,#4A4647,1
4113,30.0,4.0,-36.0,#0D487F,1
4114,30.0,4.0,24.0,#584321,1
4115,30.0,4.0,30.0,#594316,1
4116,30.0,8.0,-44.0,#00478C,0
4117,30.0,8.0,32.0,#5F4112,1
4118,30.0,10.0,-42.0,#114688,1
4119,30.0,10.0,20.0,#5E4028,1
4120,30.0,12.0,-52.0,#004699,0
4121,30.0,12.0,-20.0,#494266,1
4122,30.0,12.0,-16.0,#4D4160,1
4123,30.0,12.0,34.0,#643F0F,1
4124,30.0,14.0,-60.0,#0046A6,0
4125,30.0,14.0,-50.0,#004595,0
4126,30.0,14.0,-10.0,#554056,1
4127,30.0,14.0,22.0,#643E25,1
4128,30.0,16.0,-58.0,#0045A3,0
4129,30.0,16.0,-22.0,#4E3F69,1
4130,30.0,16.0,-18.0,#523F63,1
4131,30.0,16.0,-8.0,#5A3E53,1
4132,30.0,16.0,36.0,#693C0A,1
4133,30.0,16.0,42.0,#6A3C00,0
4134,30.0,18.0,-68.0,#0046B3,0
4135,30.0,18.0,-30.0,#483F75,1
4136,30.0,18.0,-26.0,#4D3F6F,1
4137,30.0,18.0,-16.0,#573D60,1
4138,30.0,18.0,-12.0,#5A3D5A,1
4139,30.0,18.0,-6.0,#5E3D50,1
4140,30.0,18.0,34.0,#6B3A0F,1
4141,30.0,18.0,48.0,#6D3A00,0
4142,30.0,20.0,-24.0,#533D6C,1
4143,30.0,20.0,-20.0,#563C66,1
4144,30.0,20.0,30.0,#6D3918,1
4145,30.0,20.0,40.0,#6E3901,1
4146,30.0,22.0,-42.0,#3D3E89,1
4147,30.0,22.0,-38.0,#443D82,1
4148,30.0,22.0,-30.0,#4F3C76,1
4149,30.0,22.0,-18.0,#5B3B63,1
4150,30.0,22.0,-14.0,#5E3A5D,1
4151,30.0,22.0,-10.0,#613A57,1
4152,30.0,22.0,-6.0,#633A50,1
4153,30.0,22.0,16.0,#6C382F,1
4154,30.0,22.0,28.0,#6F381B,1
4155,30.0,22.0,36.0,#70370B,1
4156,30.0,24.0,-36.0,#4B3C7F,1
4157,30.0,24.0,-28.0,#553B72,1
4158,30.0,24.0,34.0,#723610,1
4159,30.0,24.0,42.0,#733600,0
4160,30.0,26.0,-82.0,#0044CB,0
4161,30.0,26.0,-18.0,#613863,1
4162,30.0,26.0,-14.0,#64375D,1
4163,30.0,26.0,-10.0,#663757,1
4164,30.0,26.0,-6.0,#693651,1
4165,30.0,26.0,2.0,#6C3644,1
4166,30.0,26.0,6.0,#6E353E,1
4167,30.0,26.0,18.0,#71352C,1
4168,30.0,26.0,48.0,#763400,0
4169,30.0,28.0,-78.0,#0041C4,0
4170,30.0,28.0,-68.0,#003FB3,0
4171,30.0,28.0,-36.0,#53397F,1
4172,30.0,28.0,-32.0,#573879,1
4173,30.0,28.0,10.0,#723338,1
4174,30.0,28.0,14.0,#733332,1
4175,30.0,28.0,28.0,#76321C,1
4176,30.0,30.0,-8.0,#6D3354,1
4177,30.0,30.0,-4.0,#6F334E,1
4178,30.0,30.0,0.0,#703248,1
4179,30.0,30.0,4.0,#723242,1
4180,30.0,30.0,18.0,#76312C,1
4181,30.0,30.0,22.0,#773126,1
4182,30.0,30.0,36.0,#79300D,1
4183,30.0,30.0,46.0,#7A3000,0
4184,30.0,32.0,-84.0,#0040CE,0
4185,30.0,32.0,-78.0,#003FC4,0
4186,30.0,32.0,-22.0,#673369,1
4187,30.0,32.0,-18.0,#693263,1
4188,30.0,32.0,8.0,#76303C,1
4189,30.0,32.0,28.0,#7A2E1C,1
4190,30.0,34.0,-38.0,#5A3482,1
4191,30.0,34.0,-34.0,#5F337C,1
4192,30.0,34.0,-2.0,#752E4B,1
4193,30.0,34.0,2.0,#762E45,1
4194,30.0,34.0,12.0,#792D36,1
4195,30.0,34.0,16.0,#7A2D30,1
4196,30.0,34.0,34.0,#7D2C12,1
4197,30.0,34.0,42.0,#7E2C00,0
4198,30.0,36.0,-84.0,#003DCE,0
4199,30.0,36.0,-26.0,#692F70,1
4200,30.0,36.0,-12.0,#722D5A,1
4201,30.0,36.0,-8.0,#742D54,1
4202,30.0,36.0,6.0,#7A2B3F,1
4203,30.0,36.0,20.0,#7D2A2A,1
4204,30.0,36.0,28.0,#7F2A1D,1
4205,30.0,38.0,-22.0,#6F2C69,1
4206,30.0,38.0,10.0,#7D2839,1
4207,30.0,38.0,40.0,#822705,1
4208,30.0,40.0,-32.0,#6A2C79,1
4209,30.0,40.0,4.0,#7E2642,1
4210,30.0,40.0,14.0,#812533,1
4211,30.0,40.0,18.0,#82252D,1
4212,30.0,42.0,-90.0,#003AD9,0
4213,30.0,42.0,-28.0,#702973,1
4214,30.0,42.0,-10.0,#7B2557,1
4215,30.0,42.0,22.0,#852227,1
4216,30.0,42.0,26.0,#852221,1
4217,30.0,42.0,30.0,#86211A,1
4218,30.0,44.0,-86.0,#0037D2,0
4219,30.0,44.0,36.0,#891E10,1
4220,30.0,46.0,-34.0,#71247C,1
4221,30.0,46.0,-2.0,#831D4B,1
4222,30.0,46.0,2.0,#841D45,1
4223,30.0,46.0,16.0,#881B30,1
4224,30.0,46.0,20.0,#891B2A,1
4225,30.0,46.0,46.0,#8C1900,0
4226,30.0,48.0,-92.0,#0035DC,0
4227,30.0,48.0,-64.0,#4C2AAD,1
4228,30.0,48.0,6.0,#88183F,1
4229,30.0,48.0,26.0,#8C1521,1
4230,30.0,50.0,14.0,#8C1134,1
4231,30.0,50.0,40.0,#900E08,1
4232,30.0,52.0,-44.0,#701D8C,1
4233,30.0,52.0,-38.0,#761A83,1
4234,30.0,52.0,18.0,#8F092E,1
4235,30.0,52.0,46.0,#920500,0
4236,30.0,54.0,-94.0,#002FE0,0
4237,30.0,54.0,28.0,#93001F,0
4238,30.0,54.0,32.0,#930018,0
4239,30.0,56.0,-30.0,#810B76,1
4240,30.0,56.0,-8.0,#8C0055,0
4241,30.0,56.0,6.0,#910040,0
4242,30.0,58.0,-80.0,#3C22C8,1
4243,30.0,58.0,20.0,#96002B,0
4244,30.0,60.0,-36.0,#820080,0
4245,30.0,60.0,-26.0,#890070,0
4246,30.0,60.0,-4.0,#92004F,0
4247,30.0,62.0,8.0,#98003D,0
4248,30.0,64.0,-88.0,#311AD5,1
4249,30.0,64.0,-44.0,#82008D,0
4250,30.0,64.0,-32.0,#8A007A,0
4251,30.0,64.0,22.0,#9D0029,0
4252,30.0,66.0,4.0,#9B0043,0
4253,30.0,68.0,46.0,#A30000,0
4254,30.0,70.0,-98.0,#0512E7,1
4255,30.0,72.0,-82.0,#5B00CB,0
4256,30.0,72.0,6.0,#A30041,0
4257,30.0,74.0,-68.0,#7700B4,0
4258,30.0,74.0,20.0,#A7002D,0
4259,30.0,74.0,48.0,#AA0000,0
4260,30.0,76.0,-106.0,#0003F5,0
4261,30.0,76.0,-90.0,#5100D9,0
4262,30.0,78.0,-84.0,#6400CF,0
4263,30.0,78.0,-76.0,#7200C1,0
4264,30.0,78.0,2.0,#A80047,0
4265,30.0,80.0,-104.0,#2300F1,0
4266,30.0,82.0,-94.0,#5600E0,0
4267,30.0,82.0,28.0,#B10022,0
4268,30.0,84.0,-86.0,#6D00D2,0
4269,30.0,86.0,-106.0,#3700F5,0
4270,30.0,86.0,-60.0,#9200A7,0
4271,30.0,86.0,-34.0,#A4007D,0
4272,30.0,86.0,-24.0,#A9006E,0
4273,30.0,86.0,2.0,#B10047,0
4274,30.0,88.0,-66.0,#8F00B1,0
4275,30.0,90.0,-46.0,#A20090,0
4276,30.0,92.0,-108.0,#4600F9,0
4277,30.0,94.0,-24.0,#B2006E,0
4278,30.0,96.0,-70.0,#9600B8,0
4279,30.0,96.0,-58.0,#A100A4,0
4280,30.0,98.0,-110.0,#5200FC,0
4281,30.0,102.0,-54.0,#AC009E,0
4282,30.0,104.0,-60.0,#AA00A7,0
4283,30.0,108.0,-82.0,#9B00CC,0
4284,30.0,108.0,-74.0,#A300BE,0
4285,30.0,110.0,-68.0,#AB00B5,0
4286,30.0,116.0,-104.0,#8900F2,0
4287,30.0,124.0,-110.0,#8E00FC,0
4288,31.0,-112.0,38.0,#006100,0
4289,31.0,-106.0,30.0,#006112,0
4290,31.0,-104.0,38.0,#006000,0
4291,31.0,-98.0,30.0,#006012,0
4292,31.0,-96.0,38.0,#006000,0
4293,31.0,-90.0,30.0,#005F12,0
4294,31.0,-90.0,36.0,#005F01,0
4295,31.0,-86.0,22.0,#005F23,0
4296,31.0,-86.0,42.0,#005F00,0
4297,31.0,-84.0,28.0,#005F17,0
4298,31.0,-84.0,34.0,#005E07,0
4299,31.0,-80.0,40.0,#005E00,0
4300,31.0,-78.0,26.0,#005E1B,0
4301,31.0,-78.0,32.0,#005E0E,0
4302,31.0,-74.0,36.0,#005D02,0
4303,31.0,-74.0,42.0,#005D00,0
4304,31.0,-68.0,34.0,#005C08,0
4305,31.0,-68.0,40.0,#005C00,0
4306,31.0,-64.0,44.0,#005B00,0
4307,31.0,-62.0,36.0,#005B02,0
4308,31.0,-58.0,2.0,#005B45,0
4309,31.0,-58.0,40.0,#005A00,0
4310,31.0,-54.0,44.0,#005900,0
4311,31.0,-52.0,20.0,#005927,0
4312,31.0,-50.0,24.0,#005920,0
4313,31.0,-48.0,40.0,#005800,0
4314,31.0,-48.0,46.0,#005800,0
4315,31.0,-46.0,16.0,#00582E,0
4316,31.0,-46.0,34.0,#00580A,0
4317,31.0,-44.0,-44.0,#005C8E,0
4318,31.0,-44.0,20.0,#005828,0
4319,31.0,-44.0,26.0,#00571D,0
4320,31.0,-42.0,38.0,#005700,0
4321,31.0,-42.0,44.0,#005700,0
4322,31.0,-40.0,28.0,#005619,0
4323,31.0,-38.0,-8.0,#005755,0
4324,31.0,-38.0,20.0,#005628,0
4325,31.0,-38.0,32.0,#005610,0
4326,31.0,-38.0,46.0,#105600,0
4327,31.0,-36.0,-40.0,#005987,0
4328,31.0,-36.0,-34.0,#00597E,0
4329,31.0,-36.0,-4.0,#00574E,0
4330,31.0,-34.0,-28.0,#005874,0
4331,31.0,-34.0,14.0,#005532,0
4332,31.0,-34.0,22.0,#065524,1
4333,31.0,-34.0,40.0,#1B5500,0
4334,31.0,-32.0,-50.0,#005998,0
4335,31.0,-32.0,-8.0,#005655,0
4336,31.0,-32.0,26.0,#17541D,1
4337,31.0,-32.0,44.0,#235400,0
4338,31.0,-30.0,-32.0,#00577B,0
4339,31.0,-30.0,16.0,#11542F,1
4340,31.0,-30.0,30.0,#215415,1
4341,31.0,-30.0,48.0,#295300,0
4342,31.0,-28.0,-10.0,#005558,0
4343,31.0,-28.0,12.0,#135335,1
4344,31.0,-28.0,20.0,#1F5328,1
4345,31.0,-28.0,34.0,#29530C,1
4346,31.0,-26.0,-46.0,#005791,0
4347,31.0,-26.0,-6.0,#005452,0
4348,31.0,-26.0,-2.0,#00534B,0
4349,31.0,-26.0,24.0,#285221,1
4350,31.0,-26.0,38.0,#2F5201,1
4351,31.0,-24.0,14.0,#245232,1
4352,31.0,-24.0,42.0,#345100,0
4353,31.0,-24.0,48.0,#355100,0
4354,31.0,-22.0,-6.0,#005252,0
4355,31.0,-22.0,-2.0,#0D524B,1
4356,31.0,-22.0,2.0,#185245,1
4357,31.0,-22.0,6.0,#20523F,1
4358,31.0,-22.0,18.0,#2D512C,1
4359,31.0,-20.0,-10.0,#005258,0
4360,31.0,-20.0,22.0,#345025,1
4361,31.0,-20.0,36.0,#395007,1
4362,31.0,-20.0,42.0,#3B5000,0
4363,31.0,-20.0,48.0,#3C5000,0
4364,31.0,-18.0,-6.0,#165152,1
4365,31.0,-18.0,-2.0,#1F514C,1
4366,31.0,-18.0,2.0,#265045,1
4367,31.0,-16.0,-24.0,#00526E,0
4368,31.0,-16.0,36.0,#404F08,1
4369,31.0,-16.0,42.0,#424F00,0
4370,31.0,-16.0,48.0,#434E00,0
4371,31.0,-14.0,-2.0,#2B4F4C,1
4372,31.0,-14.0,2.0,#304F45,1
4373,31.0,-12.0,-30.0,#005178,0
4374,31.0,-12.0,-24.0,#00506E,0
4375,31.0,-12.0,0.0,#324E49,1
4376,31.0,-12.0,4.0,#364E42,1
4377,31.0,-12.0,8.0,#3A4E3C,1
4378,31.0,-12.0,48.0,#494D00,0
4379,31.0,-10.0,2.0,#394D46,1
4380,31.0,-10.0,6.0,#3C4D3F,1
4381,31.0,-10.0,10.0,#3F4D39,1
4382,31.0,-8.0,-44.0,#00518E,0
4383,31.0,-8.0,-36.0,#005081,0
4384,31.0,-8.0,-28.0,#004F74,0
4385,31.0,-8.0,-4.0,#374D4F,1
4386,31.0,-8.0,0.0,#3B4D49,1
4387,31.0,-8.0,4.0,#3E4C43,1
4388,31.0,-8.0,8.0,#414C3C,1
4389,31.0,-8.0,36.0,#4C4B09,1
4390,31.0,-8.0,42.0,#4E4B00,0
4391,31.0,-8.0,48.0,#4F4B00,0
4392,31.0,-6.0,-24.0,#134E6E,1
4393,31.0,-6.0,-18.0,#264D65,1
4394,31.0,-6.0,-14.0,#2D4D5E,1
4395,31.0,-6.0,14.0,#484B33,1
4396,31.0,-4.0,-22.0,#234D6B,1
4397,31.0,-4.0,-16.0,#2F4C62,1
4398,31.0,-4.0,-12.0,#354C5B,1
4399,31.0,-4.0,20.0,#4E4A29,1
4400,31.0,-4.0,40.0,#534900,0
4401,31.0,-4.0,46.0,#544900,0
4402,31.0,-2.0,-16.0,#344B62,1
4403,31.0,-2.0,-12.0,#3A4B5B,1
4404,31.0,-2.0,-8.0,#3E4A55,1
4405,31.0,-2.0,-4.0,#424A4F,1
4406,31.0,-2.0,4.0,#484A43,1
4407,31.0,-2.0,8.0,#4B493C,1
4408,31.0,-2.0,12.0,#4D4936,1
4409,31.0,-2.0,24.0,#524923,1
4410,31.0,0.0,-20.0,#334A68,1
4411,31.0,0.0,-16.0,#394A62,1
4412,31.0,0.0,-12.0,#3E4A5C,1
4413,31.0,0.0,-8.0,#424955,1
4414,31.0,0.0,-4.0,#46494F,1
4415,31.0,0.0,4.0,#4C4943,1
4416,31.0,0.0,8.0,#4E483D,1
4417,31.0,0.0,12.0,#504836,1
4418,31.0,0.0,32.0,#574814,1
4419,31.0,0.0,38.0,#584805,1
4420,31.0,0.0,44.0,#594700,0
4421,31.0,2.0,-24.0,#304A6E,1
4422,31.0,2.0,-20.0,#374968,1
4423,31.0,2.0,-16.0,#3D4962,1
4424,31.0,2.0,-12.0,#42495C,1
4425,31.0,2.0,-8.0,#464855,1
4426,31.0,2.0,-4.0,#49484F,1
4427,31.0,2.0,4.0,#4F4843,1
4428,31.0,2.0,8.0,#51473D,1
4429,31.0,2.0,12.0,#534736,1
4430,31.0,2.0,24.0,#574723,1
4431,31.0,2.0,50.0,#5C4600,0
4432,31.0,4.0,-20.0,#3C4868,1
4433,31.0,4.0,-16.0,#414862,1
4434,31.0,4.0,-12.0,#45485C,1
4435,31.0,4.0,-8.0,#494755,1
4436,31.0,4.0,-4.0,#4D474F,1
4437,31.0,4.0,0.0,#4F4749,1
4438,31.0,4.0,4.0,#524743,1
4439,31.0,4.0,8.0,#54463D,1
4440,31.0,4.0,12.0,#564636,1
4441,31.0,4.0,40.0,#5D4500,1
4442,31.0,6.0,-20.0,#404768,1
4443,31.0,6.0,-16.0,#454762,1
4444,31.0,6.0,-12.0,#49475C,1
4445,31.0,6.0,-8.0,#4D4655,1
4446,31.0,6.0,-4.0,#50464F,1
4447,31.0,6.0,0.0,#524649,1
4448,31.0,6.0,4.0,#554643,1
4449,31.0,6.0,8.0,#57453D,1
4450,31.0,6.0,12.0,#594537,1
4451,31.0,6.0,24.0,#5D4523,1
4452,31.0,6.0,46.0,#614400,0
4453,31.0,8.0,-60.0,#004CA8,0
4454,31.0,8.0,-16.0,#494662,1
4455,31.0,8.0,-12.0,#4C465C,1
4456,31.0,8.0,-8.0,#504555,1
4457,31.0,8.0,-4.0,#53454F,1
4458,31.0,8.0,0.0,#554549,1
4459,31.0,8.0,4.0,#584443,1
4460,31.0,8.0,8.0,#5A443D,1
4461,31.0,8.0,12.0,#5B4437,1
4462,31.0,8.0,16.0,#5D4430,1
4463,31.0,8.0,40.0,#624301,1
4464,31.0,8.0,52.0,#644300,0
4465,31.0,10.0,-74.0,#004DC0,0
4466,31.0,10.0,-24.0,#43466E,1
4467,31.0,10.0,-10.0,#514459,1
4468,31.0,10.0,-6.0,#554452,1
4469,31.0,10.0,-2.0,#57444C,1
4470,31.0,10.0,2.0,#594346,1
4471,31.0,10.0,6.0,#5B4340,1
4472,31.0,10.0,10.0,#5D433A,1
4473,31.0,10.0,24.0,#624223,1
4474,31.0,10.0,46.0,#664200,0
4475,31.0,12.0,-4.0,#59434F,1
4476,31.0,12.0,0.0,#5B4249,1
4477,31.0,12.0,4.0,#5D4243,1
4478,31.0,12.0,8.0,#5F423D,1
4479,31.0,12.0,14.0,#614134,1
4480,31.0,12.0,42.0,#684100,0
4481,31.0,12.0,52.0,#694000,0
4482,31.0,14.0,-74.0,#004BC0,0
4483,31.0,14.0,-2.0,#5D414C,1
4484,31.0,14.0,2.0,#5F4146,1
4485,31.0,14.0,12.0,#634037,1
4486,31.0,14.0,26.0,#674020,1
4487,31.0,14.0,48.0,#6B3F00,0
4488,31.0,16.0,0.0,#614049,1
4489,31.0,16.0,6.0,#643F40,1
4490,31.0,16.0,10.0,#653F3A,1
4491,31.0,16.0,16.0,#673F31,1
4492,31.0,16.0,20.0,#683F2A,1
4493,31.0,18.0,-48.0,#234495,1
4494,31.0,18.0,4.0,#653E43,1
4495,31.0,18.0,14.0,#693D34,1
4496,31.0,20.0,-80.0,#0049CA,0
4497,31.0,20.0,-64.0,#0046AF,0
4498,31.0,20.0,-2.0,#653D4D,1
4499,31.0,20.0,8.0,#6A3C3D,1
4500,31.0,20.0,12.0,#6B3C37,1
4501,31.0,20.0,18.0,#6D3C2E,1
4502,31.0,20.0,22.0,#6E3C27,1
4503,31.0,22.0,2.0,#6A3B47,1
4504,31.0,22.0,6.0,#6B3B40,1
4505,31.0,22.0,52.0,#753900,0
4506,31.0,24.0,-52.0,#2B419C,1
4507,31.0,24.0,-2.0,#6A3A4D,1
4508,31.0,24.0,10.0,#6F393A,1
4509,31.0,24.0,14.0,#713934,1
4510,31.0,24.0,20.0,#72392B,1
4511,31.0,24.0,24.0,#733824,1
4512,31.0,28.0,24.0,#783525,1
4513,31.0,30.0,-44.0,#4D3B8F,1
4514,31.0,34.0,-44.0,#55378F,1
4515,31.0,36.0,-72.0,#003CBD,0
4516,31.0,36.0,24.0,#812D25,1
4517,31.0,36.0,52.0,#842C00,0
4518,31.0,38.0,-90.0,#003FDC,0
4519,31.0,38.0,-16.0,#752E63,1
4520,31.0,40.0,-56.0,#4D34A2,1
4521,31.0,40.0,-6.0,#7D2A53,1
4522,31.0,40.0,-2.0,#7F2A4D,1
4523,31.0,40.0,52.0,#892600,0
4524,31.0,42.0,-62.0,#4533AC,1
4525,31.0,42.0,-14.0,#7C2960,1
4526,31.0,42.0,46.0,#8A2300,0
4527,31.0,44.0,-54.0,#592F9F,1
4528,31.0,44.0,-24.0,#78286F,1
4529,31.0,44.0,10.0,#87223B,1
4530,31.0,46.0,-20.0,#7D2469,1
4531,31.0,46.0,-6.0,#842154,1
4532,31.0,46.0,52.0,#8F1C00,0
4533,31.0,48.0,-86.0,#0035D5,0
4534,31.0,48.0,-16.0,#821F63,1
4535,31.0,48.0,32.0,#90191A,1
4536,31.0,50.0,-26.0,#7F1E72,1
4537,31.0,52.0,0.0,#8D124B,1
4538,31.0,54.0,-64.0,#5C24B0,1
4539,31.0,56.0,-100.0,#0031ED,0
4540,31.0,56.0,-84.0,#252AD1,1
4541,31.0,56.0,-70.0,#5523BA,1
4542,31.0,58.0,-42.0,#7E0F8C,1
4543,31.0,58.0,46.0,#9C0000,0
4544,31.0,60.0,-94.0,#0028E3,0
4545,31.0,60.0,28.0,#9C0021,0
4546,31.0,60.0,34.0,#9D0018,0
4547,31.0,60.0,40.0,#9D000D,0
4548,31.0,60.0,52.0,#9E0000,0
4549,31.0,62.0,-102.0,#002AF1,0
4550,31.0,66.0,30.0,#A3001F,0
4551,31.0,66.0,36.0,#A40016,0
4552,31.0,66.0,52.0,#A50000,0
4553,31.0,68.0,-84.0,#500DD2,1
4554,31.0,70.0,-76.0,#6600C4,0
4555,31.0,70.0,-50.0,#870099,0
4556,31.0,72.0,32.0,#AA001D,0
4557,31.0,72.0,38.0,#AA0013,0
4558,31.0,74.0,-110.0,#0016FF,0
4559,31.0,74.0,-94.0,#4200E3,0
4560,31.0,76.0,-56.0,#8A00A3,0
4561,31.0,78.0,36.0,#B00018,0
4562,31.0,80.0,-112.0,#0000FF,0
4563,31.0,80.0,-62.0,#8A00AD,0
4564,31.0,80.0,8.0,#AF0040,0
4565,31.0,82.0,-46.0,#9B0093,0
4566,31.0,82.0,20.0,#B3002F,0
4567,31.0,84.0,-80.0,#7A00CB,0
4568,31.0,84.0,-40.0,#A10089,0
4569,31.0,84.0,-6.0,#B00055,0
4570,31.0,86.0,-114.0,#0000FF,0
4571,31.0,86.0,-72.0,#8800BE,0
4572,31.0,86.0,-52.0,#9C009D,0
4573,31.0,86.0,-18.0,#AE0067,0
4574,31.0,90.0,-94.0,#6C00E3,0
4575,31.0,90.0,-82.0,#8100CF,0
4576,31.0,92.0,-100.0,#6300EE,0
4577,31.0,92.0,-88.0,#7C00D9,0
4578,31.0,92.0,-76.0,#8D00C4,0
4579,31.0,92.0,-40.0,#AB008A,0
4580,31.0,92.0,-30.0,#B0007A,0
4581,31.0,92.0,-6.0,#B90056,0
4582,31.0,94.0,-52.0,#A6009D,0
4583,31.0,96.0,-84.0,#8900D2,0
4584,31.0,98.0,-102.0,#6C00F1,0
4585,31.0,98.0,-90.0,#8300DC,0
4586,31.0,98.0,-46.0,#AF0093,0
4587,31.0,100.0,-96.0,#7D00E7,0
4588,31.0,104.0,-88.0,#9000D9,0
4589,31.0,104.0,-42.0,#B8008D,0
4590,31.0,108.0,-94.0,#8E00E3,0
4591,31.0,108.0,-50.0,#B9009A,0
4592,31.0,116.0,-66.0,#B800B4,0
4593,31.0,124.0,-104.0,#9B00F5,0
4594,32.0,-112.0,-8.0,#006556,0
4595,32.0,-74.0,-22.0,#00626D,0
4596,32.0,-70.0,-16.0,#006163,0
4597,32.0,-68.0,-24.0,#006170,0
4598,32.0,-64.0,-18.0,#006066,0
4599,32.0,-64.0,-14.0,#006060,0
4600,32.0,-62.0,-22.0,#00606D,0
4601,32.0,-60.0,6.0,#005E40,0
4602,32.0,-58.0,-38.0,#006186,0
4603,32.0,-58.0,-16.0,#005F63,0
4604,32.0,-58.0,-12.0,#005F5D,0
4605,32.0,-56.0,-20.0,#005F6A,0
4606,32.0,-52.0,-28.0,#005F76,0
4607,32.0,-52.0,-14.0,#005D60,0
4608,32.0,-50.0,-22.0,#005E6D,0
4609,32.0,-50.0,-18.0,#005D67,0
4610,32.0,-48.0,-10.0,#005C5A,0
4611,32.0,-48.0,-6.0,#005C54,0
4612,32.0,-46.0,-32.0,#005E7D,0
4613,32.0,-46.0,-26.0,#005D73,0
4614,32.0,-44.0,-20.0,#005C6A,0
4615,32.0,-44.0,-16.0,#005C63,0
4616,32.0,-44.0,-12.0,#005C5D,0
4617,32.0,-42.0,-4.0,#005B51,0
4618,32.0,-40.0,-28.0,#005C77,0
4619,32.0,-40.0,-22.0,#005B6D,0
4620,32.0,-40.0,0.0,#005A4A,0
4621,32.0,-38.0,-16.0,#005A64,0
4622,32.0,-38.0,-12.0,#005A5D,0
4623,32.0,-38.0,4.0,#005944,0
4624,32.0,-36.0,8.0,#00583E,0
4625,32.0,-34.0,-44.0,#005C90,0
4626,32.0,-34.0,-20.0,#00596A,0
4627,32.0,-32.0,-16.0,#005964,0
4628,32.0,-32.0,-12.0,#00585D,0
4629,32.0,-32.0,4.0,#005744,0
4630,32.0,-30.0,-22.0,#00586D,0
4631,32.0,-30.0,-4.0,#005751,0
4632,32.0,-30.0,8.0,#00573E,0
4633,32.0,-28.0,-40.0,#005A8A,0
4634,32.0,-26.0,-18.0,#005767,0
4635,32.0,-26.0,-14.0,#005761,0
4636,32.0,-24.0,-30.0,#00577A,0
4637,32.0,-24.0,-24.0,#005770,0
4638,32.0,-22.0,-42.0,#00588D,0
4639,32.0,-22.0,-36.0,#005784,0
4640,32.0,-22.0,-18.0,#005667,0
4641,32.0,-22.0,-14.0,#005561,0
4642,32.0,-20.0,-30.0,#00567A,0
4643,32.0,-20.0,-24.0,#005570,0
4644,32.0,-18.0,-44.0,#005791,0
4645,32.0,-18.0,-18.0,#005467,0
4646,32.0,-18.0,-14.0,#005461,0
4647,32.0,-18.0,8.0,#2F533E,1
4648,32.0,-16.0,-52.0,#00579E,0
4649,32.0,-16.0,-30.0,#00557A,0
4650,32.0,-16.0,4.0,#305245,1
4651,32.0,-16.0,28.0,#40511D,1
4652,32.0,-14.0,-46.0,#005694,0
4653,32.0,-14.0,-38.0,#005587,0
4654,32.0,-14.0,-20.0,#00536A,0
4655,32.0,-14.0,-16.0,#095364,1
4656,32.0,-14.0,-12.0,#1A525E,1
4657,32.0,-14.0,-8.0,#235257,1
4658,32.0,-14.0,6.0,#365141,1
4659,32.0,-12.0,24.0,#455024,1
4660,32.0,-12.0,30.0,#474F19,1
4661,32.0,-10.0,-48.0,#005497,0
4662,32.0,-10.0,-14.0,#245161,1
4663,32.0,-10.0,-10.0,#2C505B,1
4664,32.0,-10.0,-6.0,#325054,1
4665,32.0,-8.0,-8.0,#344F58,1
4666,32.0,-8.0,22.0,#4B4E28,1
4667,32.0,-8.0,26.0,#4C4E21,1
4668,32.0,-6.0,-66.0,#0055B5,0
4669,32.0,-6.0,-58.0,#0054A8,0
4670,32.0,-6.0,-50.0,#00539B,0
4671,32.0,-6.0,-10.0,#364F5B,1
4672,32.0,-6.0,18.0,#4C4D2F,1
4673,32.0,-4.0,-38.0,#005187,0
4674,32.0,-4.0,-30.0,#00507A,0
4675,32.0,-4.0,-4.0,#414D51,1
4676,32.0,-4.0,0.0,#444D4B,1
4677,32.0,-4.0,12.0,#4C4D38,1
4678,32.0,-4.0,24.0,#514C25,1
4679,32.0,-2.0,-64.0,#0053B2,0
4680,32.0,-2.0,-56.0,#0052A4,0
4681,32.0,-2.0,-48.0,#005197,0
4682,32.0,0.0,-44.0,#004F91,0
4683,32.0,0.0,-38.0,#004F87,0
4684,32.0,2.0,-54.0,#0050A1,0
4685,32.0,2.0,16.0,#574932,1
4686,32.0,2.0,20.0,#59492C,1
4687,32.0,4.0,-50.0,#004E9B,0
4688,32.0,4.0,-44.0,#004E91,0
4689,32.0,4.0,16.0,#5A4832,1
4690,32.0,4.0,20.0,#5B482C,1
4691,32.0,6.0,-62.0,#004FAF,0
4692,32.0,6.0,-32.0,#2D4B7E,1
4693,32.0,6.0,-28.0,#364B77,1
4694,32.0,6.0,16.0,#5D4732,1
4695,32.0,6.0,20.0,#5E472C,1
4696,32.0,6.0,28.0,#60471E,1
4697,32.0,8.0,-52.0,#004D9E,0
4698,32.0,8.0,-26.0,#3E4974,1
4699,32.0,10.0,-38.0,#2A4A87,1
4700,32.0,10.0,-34.0,#344981,1
4701,32.0,10.0,-20.0,#4A476B,1
4702,32.0,10.0,28.0,#65441F,1
4703,32.0,12.0,-66.0,#004DB5,0
4704,32.0,12.0,-32.0,#3D487E,1
4705,32.0,12.0,-18.0,#504668,1
4706,32.0,12.0,-14.0,#544661,1
4707,32.0,12.0,18.0,#654430,1
4708,32.0,14.0,-46.0,#1C4894,1
4709,32.0,14.0,-40.0,#31488B,1
4710,32.0,14.0,-30.0,#45467B,1
4711,32.0,14.0,-26.0,#4A4674,1
4712,32.0,14.0,-22.0,#4F456E,1
4713,32.0,14.0,-12.0,#59445E,1
4714,32.0,14.0,-8.0,#5C4458,1
4715,32.0,14.0,30.0,#6B421B,1
4716,32.0,16.0,-38.0,#3C4687,1
4717,32.0,16.0,-20.0,#55446B,1
4718,32.0,16.0,-16.0,#584365,1
4719,32.0,16.0,-6.0,#604255,1
4720,32.0,18.0,-72.0,#004BBF,0
4721,32.0,18.0,-52.0,#10479E,1
4722,32.0,18.0,-36.0,#444484,1
4723,32.0,18.0,-14.0,#5D4261,1
4724,32.0,18.0,-10.0,#60415B,1
4725,32.0,18.0,24.0,#6F3F26,1
4726,32.0,20.0,-44.0,#394491,1
4727,32.0,22.0,-72.0,#0048BF,0
4728,32.0,22.0,-60.0,#0046AB,0
4729,32.0,24.0,-70.0,#0047BC,0
4730,32.0,24.0,-58.0,#1044A8,1
4731,32.0,24.0,-22.0,#603E6E,1
4732,32.0,26.0,-48.0,#404198,1
4733,32.0,26.0,30.0,#79391D,1
4734,32.0,28.0,-58.0,#2841A8,1
4735,32.0,28.0,-46.0,#483F94,1
4736,32.0,28.0,-26.0,#623C74,1
4737,32.0,28.0,-22.0,#663B6E,1
4738,32.0,28.0,40.0,#7D3708,1
4739,32.0,30.0,-64.0,#0D41B2,1
4740,32.0,30.0,-56.0,#363FA5,1
4741,32.0,32.0,-54.0,#413DA2,1
4742,32.0,32.0,-12.0,#72365F,1
4743,32.0,34.0,-64.0,#283EB2,1
4744,32.0,34.0,-50.0,#4E3B9B,1
4745,32.0,34.0,-30.0,#68377B,1
4746,32.0,34.0,-6.0,#783456,1
4747,32.0,36.0,-60.0,#3D3BAC,1
4748,32.0,38.0,-78.0,#003ECA,0
4749,32.0,38.0,-50.0,#57379B,1
4750,32.0,38.0,-36.0,#683485,1
4751,32.0,38.0,34.0,#882C17,1
4752,32.0,40.0,-68.0,#3039B9,1
4753,32.0,40.0,-46.0,#603495,1
4754,32.0,42.0,-78.0,#003ACA,0
4755,32.0,42.0,-42.0,#68318E,1
4756,32.0,42.0,6.0,#862944,1
4757,32.0,44.0,-74.0,#2537C3,1
4758,32.0,44.0,-38.0,#702D88,1
4759,32.0,44.0,40.0,#8F230B,1
4760,32.0,46.0,-70.0,#3E34BC,1
4761,32.0,46.0,-50.0,#652E9B,1
4762,32.0,48.0,-80.0,#1335CD,1
4763,32.0,48.0,-46.0,#6D2A95,1
4764,32.0,48.0,-30.0,#7C267B,1
4765,32.0,50.0,-76.0,#3631C7,1
4766,32.0,50.0,-56.0,#642AA5,1
4767,32.0,50.0,-12.0,#891E5F,1
4768,32.0,52.0,-72.0,#492DC0,1
4769,32.0,52.0,-52.0,#6D259F,1
4770,32.0,52.0,-22.0,#871C6F,1
4771,32.0,52.0,10.0,#93143E,1
4772,32.0,52.0,50.0,#991000,0
4773,32.0,54.0,-48.0,#752098,1
4774,32.0,54.0,-34.0,#811B82,1
4775,32.0,54.0,-18.0,#8B1669,1
4776,32.0,56.0,-58.0,#6C20A9,1
4777,32.0,58.0,-76.0,#4F25C7,1
4778,32.0,58.0,-54.0,#741AA2,1
4779,32.0,58.0,-14.0,#920363,1
4780,32.0,58.0,14.0,#9B0038,0
4781,32.0,60.0,-50.0,#7C129C,1
4782,32.0,60.0,0.0,#9A004D,0
4783,32.0,62.0,-90.0,#2725DF,1
4784,32.0,62.0,-68.0,#6818B9,1
4785,32.0,62.0,-62.0,#7114AF,1
4786,32.0,62.0,-20.0,#94006C,0
4787,32.0,64.0,-78.0,#5919CA,1
4788,32.0,64.0,-58.0,#7907A9,1
4789,32.0,64.0,16.0,#A20036,0
4790,32.0,66.0,-16.0,#9B0066,0
4791,32.0,66.0,-10.0,#9D005D,0
4792,32.0,68.0,-100.0,#0020F0,0
4793,32.0,68.0,-68.0,#7300B9,0
4794,32.0,68.0,-42.0,#8E008F,0
4795,32.0,68.0,-26.0,#980075,0
4796,32.0,68.0,42.0,#A9000D,0
4797,32.0,70.0,-62.0,#7E00AF,0
4798,32.0,70.0,-36.0,#950085,0
4799,32.0,70.0,-2.0,#A40051,0
4800,32.0,70.0,14.0,#A80039,0
4801,32.0,70.0,26.0,#AA0028,0
4802,32.0,72.0,-14.0,#A30063,0
4803,32.0,72.0,-8.0,#A5005A,0
4804,32.0,74.0,-44.0,#950092,0
4805,32.0,74.0,-32.0,#9C007F,0
4806,32.0,74.0,-24.0,#A10073,0
4807,32.0,74.0,44.0,#B0000A,0
4808,32.0,76.0,-38.0,#9B0089,0
4809,32.0,76.0,12.0,#AE003D,0
4810,32.0,76.0,24.0,#B0002B,0
4811,32.0,78.0,-18.0,#A80069,0
4812,32.0,78.0,-4.0,#AD0054,0
4813,32.0,78.0,30.0,#B30023,0
4814,32.0,80.0,-30.0,#A5007C,0
4815,32.0,80.0,-12.0,#AC0060,0
4816,32.0,80.0,42.0,#B60010,0
4817,32.0,80.0,48.0,#B60003,0
4818,32.0,82.0,14.0,#B5003A,0
4819,32.0,84.0,34.0,#BA001E,0
4820,32.0,88.0,-12.0,#B60061,0
4821,32.0,88.0,6.0,#BA0046,0
4822,32.0,88.0,12.0,#BB003D,0
4823,32.0,88.0,18.0,#BC0035,0
4824,32.0,88.0,24.0,#BD002C,0
4825,32.0,94.0,-64.0,#9F00B3,0
4826,32.0,94.0,-18.0,#BA006A,0
4827,32.0,94.0,0.0,#BF004F,0
4828,32.0,96.0,-12.0,#BF0061,0
4829,32.0,98.0,-36.0,#B70086,0
4830,32.0,102.0,-64.0,#AA00B3,0
4831,32.0,102.0,-18.0,#C3006A,0
4832,32.0,104.0,-112.0,#6500FF,0
4833,32.0,104.0,-30.0,#C1007D,0
4834,32.0,106.0,-106.0,#7900FB,0
4835,32.0,106.0,-36.0,#C10086,0
4836,32.0,108.0,-100.0,#8800F1,0
4837,32.0,110.0,-56.0,#BA00A6,0
4838,32.0,110.0,-44.0,#C20093,0
4839,32.0,114.0,-110.0,#8100FF,0
4840,32.0,116.0,-80.0,#AF00CE,0
4841,32.0,118.0,-92.0,#A500E3,0
4842,32.0,118.0,-74.0,#B700C4,0
4843,32.0,124.0,-98.0,#A600ED,0
4844,32.0,124.0,-86.0,#B400D9,0
4845,33.0,-128.0,8.0,#00693F,0
4846,33.0,-128.0,16.0,#006931,0
4847,33.0,-128.0,24.0,#006823,0
4848,33.0,-128.0,32.0,#006811,0
4849,33.0,-122.0,4.0,#006845,0
4850,33.0,-122.0,34.0,#00680B,0
4851,33.0,-120.0,10.0,#00683B,0
4852,33.0,-120.0,16.0,#006831,0
4853,33.0,-120.0,24.0,#006823,0
4854,33.0,-116.0,0.0,#00684C,0
4855,33.0,-116.0,30.0,#006716,0
4856,33.0,-112.0,6.0,#006742,0
4857,33.0,-112.0,12.0,#006738,0
4858,33.0,-112.0,18.0,#00672E,0
4859,33.0,-112.0,24.0,#006723,0
4860,33.0,-110.0,42.0,#006600,0
4861,33.0,-106.0,2.0,#006749,0
4862,33.0,-104.0,8.0,#00673F,0
4863,33.0,-104.0,14.0,#006735,0
4864,33.0,-104.0,20.0,#00662B,0
4865,33.0,-104.0,26.0,#00661F,0
4866,33.0,-104.0,46.0,#006600,0
4867,33.0,-102.0,-8.0,#006759,0
4868,33.0,-100.0,-2.0,#00674F,0
4869,33.0,-98.0,4.0,#006645,0
4870,33.0,-96.0,-12.0,#00675F,0
4871,33.0,-96.0,10.0,#00663C,0
4872,33.0,-96.0,16.0,#006632,0
4873,33.0,-96.0,22.0,#006627,0
4874,33.0,-94.0,-6.0,#006655,0
4875,33.0,-94.0,48.0,#006500,0
4876,33.0,-92.0,0.0,#00664C,0
4877,33.0,-90.0,-10.0,#00665C,0
4878,33.0,-88.0,-16.0,#006665,0
4879,33.0,-88.0,6.0,#006542,0
4880,33.0,-88.0,12.0,#006538,0
4881,33.0,-88.0,18.0,#00652E,0
4882,33.0,-84.0,-4.0,#006552,0
4883,33.0,-82.0,-20.0,#00666C,0
4884,33.0,-82.0,-10.0,#00655C,0
4885,33.0,-82.0,2.0,#006449,0
4886,33.0,-82.0,48.0,#006300,0
4887,33.0,-80.0,8.0,#00643F,0
4888,33.0,-80.0,14.0,#006435,0
4889,33.0,-76.0,-16.0,#006566,0
4890,33.0,-76.0,-4.0,#006452,0
4891,33.0,-76.0,18.0,#00632F,0
4892,33.0,-74.0,-10.0,#00645C,0
4893,33.0,-74.0,2.0,#006349,0
4894,33.0,-74.0,48.0,#006200,0
4895,33.0,-72.0,8.0,#00633F,0
4896,33.0,-72.0,22.0,#006228,0
4897,33.0,-72.0,28.0,#00621C,0
4898,33.0,-70.0,-6.0,#006356,0
4899,33.0,-68.0,-2.0,#00624F,0
4900,33.0,-68.0,12.0,#006239,0
4901,33.0,-68.0,50.0,#006100,0
4902,33.0,-66.0,-10.0,#00635C,0
4903,33.0,-66.0,2.0,#006249,0
4904,33.0,-66.0,16.0,#006132,0
4905,33.0,-66.0,24.0,#006124,0
4906,33.0,-66.0,30.0,#006118,0
4907,33.0,-64.0,-30.0,#00647C,0
4908,33.0,-62.0,-6.0,#006256,0
4909,33.0,-62.0,10.0,#00613C,0
4910,33.0,-60.0,-34.0,#006383,0
4911,33.0,-60.0,-2.0,#00614F,0
4912,33.0,-60.0,14.0,#006036,0
4913,33.0,-60.0,20.0,#00602B,0
4914,33.0,-60.0,26.0,#006021,0
4915,33.0,-60.0,48.0,#006000,0
4916,33.0,-58.0,-28.0,#006279,0
4917,33.0,-58.0,32.0,#006014,0
4918,33.0,-54.0,-6.0,#006056,0
4919,33.0,-54.0,10.0,#005F3C,0
4920,33.0,-54.0,16.0,#005F32,0
4921,33.0,-54.0,50.0,#005E00,0
4922,33.0,-52.0,-2.0,#005F50,0
4923,33.0,-52.0,34.0,#005E0F,0
4924,33.0,-50.0,-40.0,#00628C,0
4925,33.0,-50.0,2.0,#005F49,0
4926,33.0,-48.0,6.0,#005E43,0
4927,33.0,-48.0,12.0,#005E39,0
4928,33.0,-48.0,50.0,#005D00,0
4929,33.0,-44.0,-38.0,#006089,0
4930,33.0,-42.0,8.0,#005C40,0
4931,33.0,-42.0,12.0,#005C39,0
4932,33.0,-42.0,16.0,#005C33,0
4933,33.0,-42.0,48.0,#015C00,0
4934,33.0,-38.0,50.0,#195A00,0
4935,33.0,-36.0,34.0,#165A11,1
4936,33.0,-34.0,-6.0,#005B56,0
4937,33.0,-34.0,18.0,#045A30,1
4938,33.0,-34.0,52.0,#265900,0
4939,33.0,-32.0,-38.0,#005D89,0
4940,33.0,-30.0,-26.0,#005B76,0
4941,33.0,-28.0,-52.0,#005DA0,0
4942,33.0,-28.0,50.0,#335700,0
4943,33.0,-26.0,0.0,#00584D,0
4944,33.0,-26.0,4.0,#105847,1
4945,33.0,-24.0,-56.0,#005DA7,0
4946,33.0,-24.0,8.0,#215740,1
4947,33.0,-24.0,30.0,#34561B,1
4948,33.0,-24.0,52.0,#3B5600,0
4949,33.0,-22.0,-50.0,#005B9D,0
4950,33.0,-22.0,34.0,#3A5612,1
4951,33.0,-20.0,-8.0,#09575A,1
4952,33.0,-20.0,52.0,#425500,0
4953,33.0,-18.0,-60.0,#005BAE,0
4954,33.0,-18.0,-36.0,#005886,0
4955,33.0,-18.0,-10.0,#0F565D,1
4956,33.0,-18.0,-4.0,#215653,1
4957,33.0,-18.0,0.0,#28554D,1
4958,33.0,-18.0,14.0,#375537,1
4959,33.0,-18.0,18.0,#3A5530,1
4960,33.0,-16.0,-6.0,#235557,1
4961,33.0,-16.0,10.0,#38543D,1
4962,33.0,-16.0,22.0,#40542A,1
4963,33.0,-16.0,32.0,#445317,1
4964,33.0,-16.0,52.0,#495300,0
4965,33.0,-14.0,-58.0,#005AAA,0
4966,33.0,-14.0,12.0,#3D533A,1
4967,33.0,-14.0,16.0,#405334,1
4968,33.0,-14.0,36.0,#48530E,1
4969,33.0,-12.0,18.0,#455231,1
4970,33.0,-12.0,40.0,#4C5202,1
4971,33.0,-12.0,54.0,#4F5100,0
4972,33.0,-10.0,-64.0,#0059B4,0
4973,33.0,-10.0,-56.0,#0058A7,0
4974,33.0,-10.0,-40.0,#00568D,0
4975,33.0,-10.0,14.0,#465237,1
4976,33.0,-10.0,34.0,#4E5113,1
4977,33.0,-8.0,-22.0,#185370,1
4978,33.0,-8.0,-18.0,#24536A,1
4979,33.0,-8.0,-2.0,#3D5150,1
4980,33.0,-8.0,16.0,#4A5134,1
4981,33.0,-8.0,52.0,#545000,0
4982,33.0,-6.0,-6.0,#3D5157,1
4983,33.0,-6.0,-2.0,#415151,1
4984,33.0,-6.0,2.0,#45504A,1
4985,33.0,-6.0,6.0,#485044,1
4986,33.0,-6.0,10.0,#4A503E,1
4987,33.0,-6.0,28.0,#524F20,1
4988,33.0,-4.0,-8.0,#3F505A,1
4989,33.0,-4.0,4.0,#4A4F47,1
4990,33.0,-4.0,8.0,#4C4F41,1
4991,33.0,-4.0,16.0,#514F34,1
4992,33.0,-4.0,32.0,#564E18,1
4993,33.0,-4.0,52.0,#5A4E00,0
4994,33.0,-2.0,-26.0,#255176,1
4995,33.0,-2.0,-20.0,#32506D,1
4996,33.0,-2.0,0.0,#4A4F4E,1
4997,33.0,-2.0,16.0,#544E34,1
4998,33.0,-2.0,20.0,#554E2E,1
4999,33.0,0.0,-24.0,#304F73,1
5000,33.0,0.0,0.0,#4E4E4E,1
5001,33.0,0.0,16.0,#574D34,1
5002,33.0,0.0,20.0,#584D2E,1
5003,33.0,0.0,24.0,#5A4C27,1
5004,33.0,0.0,50.0,#5F4C00,0
5005,33.0,2.0,-32.0,#224F80,1
5006,33.0,2.0,0.0,#514D4E,1
5007,33.0,4.0,24.0,#5F4A27,1
5008,33.0,4.0,30.0,#614A1D,1
5009,33.0,4.0,36.0,#624A10,1
5010,33.0,4.0,48.0,#644A00,0
5011,33.0,6.0,-68.0,#0053BB,0
5012,33.0,6.0,-40.0,#114E8D,1
5013,33.0,6.0,54.0,#674900,0
5014,33.0,8.0,24.0,#644828,1
5015,33.0,8.0,32.0,#664819,1
5016,33.0,8.0,44.0,#684800,0
5017,33.0,10.0,-50.0,#004E9D,0
5018,33.0,10.0,20.0,#66472E,1
5019,33.0,10.0,56.0,#6C4600,0
5020,33.0,12.0,-48.0,#014C9A,1
5021,33.0,12.0,24.0,#6A4628,1
5022,33.0,12.0,34.0,#6C4516,1
5023,33.0,12.0,46.0,#6D4500,0
5024,33.0,14.0,-62.0,#004DB1,0
5025,33.0,14.0,-56.0,#004CA7,0
5026,33.0,14.0,22.0,#6C442B,1
5027,33.0,16.0,-54.0,#004BA4,0
5028,33.0,16.0,28.0,#704321,1
5029,33.0,16.0,36.0,#714312,1
5030,33.0,16.0,42.0,#724302,1
5031,33.0,16.0,48.0,#734200,0
5032,33.0,16.0,54.0,#734200,0
5033,33.0,18.0,-30.0,#4F467D,1
5034,33.0,18.0,-26.0,#544577,1
5035,33.0,18.0,34.0,#734116,1
5036,33.0,20.0,-24.0,#5A4474,1
5037,33.0,20.0,-20.0,#5E436D,1
5038,33.0,20.0,30.0,#75401E,1
5039,33.0,20.0,40.0,#764008,1
5040,33.0,20.0,46.0,#774000,0
5041,33.0,20.0,52.0,#783F00,0
5042,33.0,22.0,-52.0,#2B47A1,1
5043,33.0,22.0,-42.0,#454591,1
5044,33.0,22.0,-38.0,#4C448A,1
5045,33.0,22.0,-30.0,#57437D,1
5046,33.0,22.0,-18.0,#63426A,1
5047,33.0,22.0,-14.0,#664164,1
5048,33.0,22.0,-10.0,#68415E,1
5049,33.0,22.0,-6.0,#6B4158,1
5050,33.0,22.0,16.0,#743F35,1
5051,33.0,22.0,28.0,#773F22,1
5052,33.0,22.0,36.0,#783E13,1
5053,33.0,24.0,-36.0,#534387,1
5054,33.0,24.0,-28.0,#5C417A,1
5055,33.0,24.0,34.0,#7A3D17,1
5056,33.0,24.0,42.0,#7B3D04,1
5057,33.0,24.0,48.0,#7C3C00,0
5058,33.0,26.0,-82.0,#004AD3,0
5059,33.0,26.0,-18.0,#693F6A,1
5060,33.0,26.0,-14.0,#6B3E64,1
5061,33.0,26.0,-10.0,#6E3E5E,1
5062,33.0,26.0,-6.0,#703D58,1
5063,33.0,26.0,2.0,#743D4B,1
5064,33.0,26.0,6.0,#763C45,1
5065,33.0,26.0,18.0,#7A3C33,1
5066,33.0,28.0,-76.0,#0047C9,0
5067,33.0,28.0,-36.0,#5A3F87,1
5068,33.0,28.0,-32.0,#5F3F81,1
5069,33.0,28.0,10.0,#7A3A3F,1
5070,33.0,28.0,14.0,#7B3A39,1
5071,33.0,28.0,28.0,#7E3922,1
5072,33.0,28.0,48.0,#813900,0
5073,33.0,28.0,54.0,#813900,0
5074,33.0,30.0,-82.0,#0048D3,0
5075,33.0,30.0,-72.0,#0045C2,0
5076,33.0,30.0,-8.0,#743A5B,1
5077,33.0,30.0,-4.0,#773A55,1
5078,33.0,30.0,0.0,#78394F,1
5079,33.0,30.0,4.0,#7A3948,1
5080,33.0,30.0,18.0,#7E3833,1
5081,33.0,30.0,22.0,#7F382C,1
5082,33.0,30.0,36.0,#823714,1
5083,33.0,32.0,-22.0,#6E3A71,1
5084,33.0,32.0,-18.0,#71396B,1
5085,33.0,32.0,8.0,#7E3742,1
5086,33.0,32.0,28.0,#833623,1
5087,33.0,32.0,46.0,#853500,0
5088,33.0,32.0,54.0,#863500,0
5089,33.0,34.0,-82.0,#0045D3,0
5090,33.0,34.0,-38.0,#623B8A,1
5091,33.0,34.0,-2.0,#7D3652,1
5092,33.0,34.0,2.0,#7E354C,1
5093,33.0,34.0,12.0,#82343C,1
5094,33.0,34.0,16.0,#833436,1
5095,33.0,34.0,34.0,#863318,1
5096,33.0,34.0,42.0,#873306,1
5097,33.0,36.0,-26.0,#713777,1
5098,33.0,36.0,6.0,#823346,1
5099,33.0,36.0,20.0,#863230,1
5100,33.0,36.0,28.0,#873123,1
5101,33.0,38.0,-58.0,#4A3BAB,1
5102,33.0,38.0,-22.0,#773471,1
5103,33.0,38.0,10.0,#863040,1
5104,33.0,38.0,40.0,#8B2E0C,1
5105,33.0,38.0,48.0,#8C2E00,0
5106,33.0,40.0,-84.0,#0040D7,0
5107,33.0,40.0,14.0,#892D3A,1
5108,33.0,40.0,18.0,#8A2D33,1
5109,33.0,42.0,-30.0,#76317E,1
5110,33.0,42.0,-10.0,#832D5E,1
5111,33.0,42.0,22.0,#8D2A2D,1
5112,33.0,42.0,26.0,#8E2A27,1
5113,33.0,42.0,30.0,#8F2A20,1
5114,33.0,44.0,-90.0,#003FE1,0
5115,33.0,44.0,-84.0,#003DD7,0
5116,33.0,44.0,-60.0,#5435AE,1
5117,33.0,44.0,36.0,#922616,1
5118,33.0,46.0,-2.0,#8B2652,1
5119,33.0,46.0,2.0,#8D264C,1
5120,33.0,46.0,16.0,#912437,1
5121,33.0,46.0,20.0,#912431,1
5122,33.0,48.0,-90.0,#003BE1,0
5123,33.0,48.0,6.0,#902246,1
5124,33.0,48.0,26.0,#952028,1
5125,33.0,50.0,-64.0,#5A2FB5,1
5126,33.0,50.0,14.0,#951D3A,1
5127,33.0,50.0,40.0,#991A0F,1
5128,33.0,52.0,-38.0,#7E248B,1
5129,33.0,52.0,-8.0,#901C5C,1
5130,33.0,52.0,18.0,#981734,1
5131,33.0,52.0,22.0,#99172E,1
5132,33.0,54.0,-94.0,#0035E8,0
5133,33.0,54.0,-88.0,#0033DE,0
5134,33.0,54.0,4.0,#971449,1
5135,33.0,54.0,28.0,#9C0F25,1
5136,33.0,54.0,32.0,#9C0F1E,1
5137,33.0,54.0,36.0,#9D0E18,1
5138,33.0,54.0,46.0,#9E0E02,1
5139,33.0,56.0,-30.0,#8A187E,1
5140,33.0,56.0,-4.0,#960F56,1
5141,33.0,56.0,42.0,#9F040C,1
5142,33.0,58.0,8.0,#9C0044,1
5143,33.0,58.0,20.0,#9F0032,0
5144,33.0,58.0,24.0,#A0002C,0
5145,33.0,60.0,-36.0,#8B0E88,1
5146,33.0,60.0,-26.0,#910778,1
5147,33.0,62.0,-6.0,#9D0059,0
5148,33.0,64.0,-86.0,#4622DB,1
5149,33.0,64.0,-32.0,#930081,0
5150,33.0,64.0,4.0,#A2004A,0
5151,33.0,64.0,10.0,#A40041,0
5152,33.0,64.0,22.0,#A6002F,0
5153,33.0,66.0,48.0,#AB0001,0
5154,33.0,68.0,-92.0,#3E1DE5,1
5155,33.0,72.0,-82.0,#6500D4,1
5156,33.0,72.0,6.0,#AC0047,0
5157,33.0,74.0,52.0,#B40000,0
5158,33.0,76.0,-100.0,#3A08F3,1
5159,33.0,76.0,-78.0,#7500CD,0
5160,33.0,76.0,-50.0,#96009F,0
5161,33.0,78.0,-90.0,#6100E2,0
5162,33.0,78.0,2.0,#B1004E,0
5163,33.0,80.0,-96.0,#5600EC,0
5164,33.0,80.0,-74.0,#8200C6,0
5165,33.0,80.0,-66.0,#8C00B9,0
5166,33.0,82.0,-102.0,#4800F7,0
5167,33.0,82.0,-86.0,#7200DB,0
5168,33.0,84.0,-92.0,#6A00E5,0
5169,33.0,86.0,-98.0,#6100F0,0
5170,33.0,86.0,-36.0,#AC0088,0
5171,33.0,86.0,-24.0,#B20075,0
5172,33.0,88.0,-104.0,#5500FA,0
5173,33.0,88.0,-66.0,#9800B9,0
5174,33.0,88.0,-58.0,#9F00AC,0
5175,33.0,90.0,-44.0,#AC0095,0
5176,33.0,94.0,-106.0,#6000FE,0
5177,33.0,94.0,-24.0,#BB0076,0
5178,33.0,96.0,-70.0,#9F00C0,0
5179,33.0,100.0,-78.0,#9D00CE,0
5180,33.0,100.0,-58.0,#AF00AC,0
5181,33.0,102.0,-52.0,#B600A2,0
5182,33.0,102.0,-24.0,#C40076,0
5183,33.0,108.0,-82.0,#A400D5,0
5184,33.0,108.0,-74.0,#AD00C7,0
5185,33.0,108.0,-62.0,#B700B3,0
5186,33.0,110.0,-68.0,#B500BD,0
5187,34.0,-78.0,-28.0,#00687B,0
5188,34.0,-72.0,-32.0,#006882,0
5189,34.0,-66.0,6.0,#006445,0
5190,34.0,-50.0,20.0,#00612E,0
5191,34.0,-48.0,-44.0,#006496,0
5192,34.0,-44.0,24.0,#005F27,0
5193,34.0,-42.0,-48.0,#00639C,0
5194,34.0,-42.0,-42.0,#006392,0
5195,34.0,-42.0,-6.0,#006058,0
5196,34.0,-40.0,26.0,#005E24,0
5197,34.0,-38.0,-10.0,#005F5F,0
5198,34.0,-36.0,-50.0,#0062A0,0
5199,34.0,-36.0,-36.0,#006089,0
5200,34.0,-36.0,-30.0,#00607F,0
5201,34.0,-36.0,-24.0,#005F75,0
5202,34.0,-36.0,-2.0,#005E52,0
5203,34.0,-36.0,6.0,#005D45,0
5204,34.0,-36.0,28.0,#125D20,1
5205,34.0,-34.0,2.0,#005D4C,0
5206,34.0,-34.0,10.0,#005D3F,0
5207,34.0,-32.0,14.0,#0C5C39,1
5208,34.0,-30.0,-18.0,#005D6C,0
5209,34.0,-30.0,0.0,#005C4F,0
5210,34.0,-30.0,22.0,#225B2B,1
5211,34.0,-30.0,34.0,#2B5B14,1
5212,34.0,-28.0,16.0,#225B36,1
5213,34.0,-28.0,26.0,#2B5A24,1
5214,34.0,-26.0,-42.0,#005E93,0
5215,34.0,-26.0,-10.0,#005B5F,0
5216,34.0,-26.0,-6.0,#005B59,0
5217,34.0,-26.0,12.0,#235A3C,1
5218,34.0,-26.0,36.0,#35590F,1
5219,34.0,-24.0,18.0,#2F5932,1
5220,34.0,-24.0,22.0,#32592C,1
5221,34.0,-22.0,-6.0,#075A59,1
5222,34.0,-22.0,-2.0,#185953,1
5223,34.0,-22.0,2.0,#21594C,1
5224,34.0,-22.0,10.0,#2C593F,1
5225,34.0,-22.0,14.0,#305939,1
5226,34.0,-20.0,6.0,#2D5846,1
5227,34.0,-20.0,22.0,#3B582C,1
5228,34.0,-20.0,42.0,#425700,0
5229,34.0,-18.0,-26.0,#005A79,0
5230,34.0,-18.0,26.0,#405725,1
5231,34.0,-16.0,-20.0,#00586F,0
5232,34.0,-16.0,-16.0,#005869,1
5233,34.0,-16.0,-12.0,#175862,1
5234,34.0,-16.0,42.0,#495600,0
5235,34.0,-14.0,-64.0,#005DB7,0
5236,34.0,-14.0,-28.0,#00587C,0
5237,34.0,-14.0,-4.0,#2F5656,1
5238,34.0,-14.0,0.0,#355650,1
5239,34.0,-14.0,24.0,#475529,1
5240,34.0,-14.0,46.0,#4D5500,0
5241,34.0,-12.0,-34.0,#005886,0
5242,34.0,-12.0,-22.0,#005772,0
5243,34.0,-12.0,-18.0,#16576C,1
5244,34.0,-12.0,-14.0,#225666,1
5245,34.0,-12.0,-10.0,#2B565F,1
5246,34.0,-12.0,-2.0,#375653,1
5247,34.0,-12.0,2.0,#3B554C,1
5248,34.0,-10.0,-28.0,#00577C,0
5249,34.0,-10.0,0.0,#3D5550,1
5250,34.0,-10.0,4.0,#415449,1
5251,34.0,-10.0,8.0,#445443,1
5252,34.0,-10.0,22.0,#4C542C,1
5253,34.0,-10.0,26.0,#4E5325,1
5254,34.0,-10.0,44.0,#535300,0
5255,34.0,-8.0,-36.0,#005789,0
5256,34.0,-8.0,-14.0,#2F5566,1
5257,34.0,-8.0,-10.0,#36545F,1
5258,34.0,-8.0,2.0,#43544D,1
5259,34.0,-8.0,6.0,#465346,1
5260,34.0,-8.0,10.0,#495340,1
5261,34.0,-6.0,-32.0,#005583,0
5262,34.0,-6.0,-20.0,#29546F,1
5263,34.0,-6.0,-12.0,#385463,1
5264,34.0,-6.0,24.0,#535229,1
5265,34.0,-6.0,38.0,#57510C,1
5266,34.0,-4.0,-48.0,#00569D,0
5267,34.0,-4.0,-22.0,#2B5473,1
5268,34.0,-4.0,-16.0,#375369,1
5269,34.0,-4.0,-12.0,#3C5363,1
5270,34.0,-4.0,42.0,#5B5000,1
5271,34.0,-2.0,-16.0,#3B5269,1
5272,34.0,-2.0,-12.0,#415263,1
5273,34.0,-2.0,-8.0,#45515C,1
5274,34.0,-2.0,-4.0,#495156,1
5275,34.0,-2.0,4.0,#4F514A,1
5276,34.0,-2.0,8.0,#525043,1
5277,34.0,-2.0,12.0,#54503D,1
5278,34.0,-2.0,28.0,#5A5022,1
5279,34.0,-2.0,36.0,#5C5012,1
5280,34.0,-2.0,46.0,#5E4F00,0
5281,34.0,0.0,-54.0,#0056A7,0
5282,34.0,0.0,-34.0,#115386,1
5283,34.0,0.0,-20.0,#3A516F,1
5284,34.0,0.0,-16.0,#405169,1
5285,34.0,0.0,-12.0,#455163,1
5286,34.0,0.0,-8.0,#49505C,1
5287,34.0,0.0,-4.0,#4D5056,1
5288,34.0,0.0,4.0,#53504A,1
5289,34.0,0.0,8.0,#554F43,1
5290,34.0,0.0,12.0,#574F3D,1
5291,34.0,0.0,32.0,#5E4F1B,1
5292,34.0,0.0,40.0,#604E07,1
5293,34.0,2.0,-72.0,#0058C5,0
5294,34.0,2.0,-20.0,#3F506F,1
5295,34.0,2.0,-16.0,#445069,1
5296,34.0,2.0,-12.0,#495063,1
5297,34.0,2.0,-8.0,#4D4F5D,1
5298,34.0,2.0,-4.0,#504F56,1
5299,34.0,2.0,4.0,#564F4A,1
5300,34.0,2.0,8.0,#584E43,1
5301,34.0,2.0,12.0,#5A4E3D,1
5302,34.0,2.0,26.0,#5F4E26,1
5303,34.0,4.0,-20.0,#434F70,1
5304,34.0,4.0,-16.0,#484F69,1
5305,34.0,4.0,-12.0,#4D4F63,1
5306,34.0,4.0,-8.0,#504E5D,1
5307,34.0,4.0,-4.0,#544E56,1
5308,34.0,4.0,0.0,#564E50,1
5309,34.0,4.0,4.0,#594E4A,1
5310,34.0,4.0,8.0,#5B4D44,1
5311,34.0,4.0,12.0,#5D4D3D,1
5312,34.0,4.0,42.0,#664C02,1
5313,34.0,6.0,-20.0,#474E70,1
5314,34.0,6.0,-16.0,#4C4E69,1
5315,34.0,6.0,-12.0,#504E63,1
5316,34.0,6.0,-8.0,#544D5D,1
5317,34.0,6.0,-4.0,#574D56,1
5318,34.0,6.0,0.0,#5A4D50,1
5319,34.0,6.0,4.0,#5C4D4A,1
5320,34.0,6.0,8.0,#5E4C44,1
5321,34.0,6.0,12.0,#604C3D,1
5322,34.0,6.0,34.0,#674B17,1
5323,34.0,8.0,-60.0,#0053B1,0
5324,34.0,8.0,-28.0,#404E7C,1
5325,34.0,8.0,-24.0,#464E76,1
5326,34.0,8.0,-16.0,#504D69,1
5327,34.0,8.0,-12.0,#544D63,1
5328,34.0,8.0,-8.0,#574C5D,1
5329,34.0,8.0,-4.0,#5A4C56,1
5330,34.0,8.0,0.0,#5D4C50,1
5331,34.0,8.0,4.0,#5F4B4A,1
5332,34.0,8.0,8.0,#614B44,1
5333,34.0,8.0,12.0,#634B3D,1
5334,34.0,8.0,16.0,#644B37,1
5335,34.0,10.0,-22.0,#4D4C73,1
5336,34.0,10.0,-10.0,#594B60,1
5337,34.0,10.0,-6.0,#5C4B5A,1
5338,34.0,10.0,-2.0,#5E4B53,1
5339,34.0,10.0,2.0,#614A4D,1
5340,34.0,10.0,6.0,#634A47,1
5341,34.0,10.0,10.0,#654A41,1
5342,34.0,12.0,-76.0,#0054CC,0
5343,34.0,12.0,-30.0,#464C80,1
5344,34.0,12.0,-26.0,#4B4C79,1
5345,34.0,12.0,-20.0,#534B70,1
5346,34.0,12.0,-16.0,#574B69,1
5347,34.0,12.0,-4.0,#604A57,1
5348,34.0,12.0,0.0,#634950,1
5349,34.0,12.0,4.0,#65494A,1
5350,34.0,12.0,8.0,#674944,1
5351,34.0,12.0,14.0,#69483A,1
5352,34.0,12.0,40.0,#6F4809,1
5353,34.0,14.0,-24.0,#524A76,1
5354,34.0,14.0,-14.0,#5C4966,1
5355,34.0,14.0,-10.0,#5F4960,1
5356,34.0,14.0,-2.0,#644853,1
5357,34.0,14.0,2.0,#67484D,1
5358,34.0,14.0,12.0,#6B473E,1
5359,34.0,16.0,-76.0,#0051CC,0
5360,34.0,16.0,-44.0,#334B96,1
5361,34.0,16.0,-22.0,#584973,1
5362,34.0,16.0,-18.0,#5C486D,1
5363,34.0,16.0,-8.0,#63475D,1
5364,34.0,16.0,0.0,#684750,1
5365,34.0,16.0,6.0,#6B4647,1
5366,34.0,16.0,10.0,#6D4641,1
5367,34.0,16.0,16.0,#6F4637,1
5368,34.0,16.0,20.0,#704631,1
5369,34.0,18.0,-16.0,#604769,1
5370,34.0,18.0,-12.0,#644663,1
5371,34.0,18.0,-6.0,#68465A,1
5372,34.0,18.0,4.0,#6D454A,1
5373,34.0,18.0,14.0,#71443B,1
5374,34.0,20.0,-82.0,#0050D6,0
5375,34.0,20.0,-2.0,#6D4454,1
5376,34.0,20.0,8.0,#714344,1
5377,34.0,20.0,12.0,#73433E,1
5378,34.0,20.0,18.0,#754334,1
5379,34.0,20.0,22.0,#76432E,1
5380,34.0,22.0,-48.0,#3B489D,1
5381,34.0,22.0,2.0,#71424E,1
5382,34.0,22.0,6.0,#734247,1
5383,34.0,22.0,58.0,#7D4000,0
5384,34.0,24.0,-2.0,#724154,1
5385,34.0,24.0,10.0,#774041,1
5386,34.0,24.0,14.0,#79403B,1
5387,34.0,24.0,20.0,#7A4031,1
5388,34.0,24.0,24.0,#7B3F2B,1
5389,34.0,28.0,-42.0,#544393,1
5390,34.0,28.0,24.0,#803C2B,1
5391,34.0,32.0,-88.0,#004AE1,0
5392,34.0,32.0,-42.0,#5C3F93,1
5393,34.0,34.0,-70.0,#0344C2,1
5394,34.0,34.0,-34.0,#693C86,1
5395,34.0,36.0,-88.0,#0047E1,0
5396,34.0,36.0,-12.0,#7D3764,1
5397,34.0,36.0,-8.0,#7F375E,1
5398,34.0,36.0,24.0,#8A342C,1
5399,34.0,38.0,-18.0,#7C366D,1
5400,34.0,40.0,-34.0,#733687,1
5401,34.0,40.0,-4.0,#863257,1
5402,34.0,40.0,0.0,#883151,1
5403,34.0,40.0,4.0,#89314B,1
5404,34.0,40.0,54.0,#922E00,0
5405,34.0,42.0,-16.0,#83316A,1
5406,34.0,44.0,-52.0,#6436A4,1
5407,34.0,44.0,-46.0,#6C349A,1
5408,34.0,44.0,-26.0,#7F307A,1
5409,34.0,44.0,12.0,#902B3F,1
5410,34.0,44.0,52.0,#962800,0
5411,34.0,46.0,-42.0,#743194,1
5412,34.0,46.0,-36.0,#7A2F8A,1
5413,34.0,46.0,-22.0,#842C74,1
5414,34.0,46.0,-6.0,#8D2A5B,1
5415,34.0,46.0,46.0,#982502,1
5416,34.0,46.0,58.0,#992500,0
5417,34.0,48.0,-18.0,#89296D,1
5418,34.0,48.0,30.0,#982223,1
5419,34.0,48.0,34.0,#99221C,1
5420,34.0,50.0,-28.0,#86277D,1
5421,34.0,50.0,52.0,#9D1D00,0
5422,34.0,52.0,0.0,#961E52,1
5423,34.0,52.0,58.0,#9F1800,0
5424,34.0,54.0,-82.0,#3633D7,1
5425,34.0,56.0,-78.0,#4B2ED0,1
5426,34.0,56.0,-64.0,#6929B8,1
5427,34.0,56.0,52.0,#A30A00,0
5428,34.0,58.0,-42.0,#861C94,1
5429,34.0,58.0,-10.0,#990E61,1
5430,34.0,58.0,58.0,#A60000,0
5431,34.0,60.0,-94.0,#0030EB,0
5432,34.0,60.0,-70.0,#6624C2,1
5433,34.0,60.0,30.0,#A60024,0
5434,34.0,60.0,36.0,#A6001B,0
5435,34.0,62.0,42.0,#A90010,0
5436,34.0,62.0,54.0,#AA0000,0
5437,34.0,64.0,-46.0,#8B089A,1
5438,34.0,66.0,-102.0,#002AFA,0
5439,34.0,66.0,28.0,#AC0028,0
5440,34.0,66.0,34.0,#AD001F,0
5441,34.0,68.0,-52.0,#8B00A4,0
5442,34.0,68.0,-20.0,#A10071,0
5443,34.0,68.0,54.0,#B00000,0
5444,34.0,72.0,-88.0,#5B0FE1,1
5445,34.0,72.0,30.0,#B30026,0
5446,34.0,72.0,36.0,#B4001C,0
5447,34.0,74.0,-94.0,#4F0EEC,1
5448,34.0,74.0,-68.0,#8300BF,0
5449,34.0,74.0,-62.0,#8A00B5,0
5450,34.0,74.0,-56.0,#9000AB,0
5451,34.0,74.0,20.0,#B40035,0
5452,34.0,74.0,58.0,#B70000,0
5453,34.0,78.0,-106.0,#250DFF,0
5454,34.0,78.0,38.0,#BA001A,0
5455,34.0,78.0,44.0,#BB0010,0
5456,34.0,80.0,-60.0,#9500B2,0
5457,34.0,80.0,-26.0,#AD007B,0
5458,34.0,80.0,8.0,#B80047,0
5459,34.0,82.0,-46.0,#A4009B,0
5460,34.0,82.0,20.0,#BD0036,0
5461,34.0,82.0,28.0,#BE002A,0
5462,34.0,84.0,-108.0,#3A00FF,0
5463,34.0,84.0,-16.0,#B6006C,0
5464,34.0,86.0,-72.0,#9100C6,0
5465,34.0,86.0,2.0,#BD0050,0
5466,34.0,88.0,-50.0,#A900A2,0
5467,34.0,90.0,-110.0,#4900FF,0
5468,34.0,90.0,-94.0,#7600EC,0
5469,34.0,90.0,-82.0,#8B00D7,0
5470,34.0,90.0,-4.0,#C0005A,0
5471,34.0,92.0,-100.0,#6E00F6,0
5472,34.0,92.0,-88.0,#8500E1,0
5473,34.0,92.0,-76.0,#9600CD,0
5474,34.0,92.0,-38.0,#B5008E,0
5475,34.0,92.0,-30.0,#B90082,0
5476,34.0,96.0,-84.0,#9200DB,0
5477,34.0,96.0,-50.0,#B300A2,0
5478,34.0,96.0,-6.0,#C7005D,0
5479,34.0,98.0,-102.0,#7700FA,0
5480,34.0,98.0,-90.0,#8D00E5,0
5481,34.0,98.0,-44.0,#B90098,0
5482,34.0,100.0,-96.0,#8700F0,0
5483,34.0,104.0,-88.0,#9A00E2,0
5484,34.0,104.0,-42.0,#C20095,0
5485,34.0,108.0,-50.0,#C200A2,0
5486,34.0,112.0,-94.0,#9F00EC,0
5487,34.0,116.0,-106.0,#9300FF,0
5488,34.0,116.0,-66.0,#C100BD,0
5489,34.0,120.0,-100.0,#A400F7,0
5490,35.0,-128.0,0.0,#006F50,0
5491,35.0,-128.0,12.0,#006E3D,0
5492,35.0,-126.0,20.0,#006E2F,0
5493,35.0,-120.0,-4.0,#006E57,0
5494,35.0,-114.0,-8.0,#006E5D,0
5495,35.0,-112.0,34.0,#006C11,0
5496,35.0,-106.0,-12.0,#006D64,0
5497,35.0,-106.0,32.0,#006C17,0
5498,35.0,-102.0,38.0,#006B04,0
5499,35.0,-100.0,-16.0,#006D6A,0
5500,35.0,-98.0,32.0,#006B17,0
5501,35.0,-96.0,40.0,#006B00,0
5502,35.0,-94.0,-20.0,#006D71,0
5503,35.0,-92.0,-14.0,#006C67,0
5504,35.0,-92.0,26.0,#006A24,0
5505,35.0,-92.0,34.0,#006A12,0
5506,35.0,-90.0,42.0,#006A00,0
5507,35.0,-90.0,50.0,#006A00,0
5508,35.0,-88.0,-2.0,#006B54,0
5509,35.0,-86.0,-24.0,#006C77,0
5510,35.0,-86.0,28.0,#006A20,0
5511,35.0,-84.0,34.0,#006913,0
5512,35.0,-84.0,40.0,#006900,0
5513,35.0,-80.0,22.0,#00692C,0
5514,35.0,-80.0,54.0,#006800,0
5515,35.0,-78.0,-22.0,#006B74,0
5516,35.0,-78.0,-12.0,#006A64,0
5517,35.0,-78.0,28.0,#006821,0
5518,35.0,-78.0,38.0,#006806,0
5519,35.0,-74.0,32.0,#006818,0
5520,35.0,-74.0,52.0,#006700,0
5521,35.0,-72.0,-24.0,#006A77,0
5522,35.0,-72.0,-18.0,#00696E,0
5523,35.0,-72.0,40.0,#006700,0
5524,35.0,-70.0,-12.0,#006964,0
5525,35.0,-68.0,54.0,#006600,0
5526,35.0,-66.0,-22.0,#006974,0
5527,35.0,-66.0,-16.0,#00686B,0
5528,35.0,-66.0,36.0,#00660E,0
5529,35.0,-64.0,42.0,#006600,0
5530,35.0,-62.0,-38.0,#00698E,0
5531,35.0,-62.0,-32.0,#006984,0
5532,35.0,-62.0,-26.0,#00687B,0
5533,35.0,-62.0,0.0,#006751,0
5534,35.0,-60.0,-20.0,#006771,0
5535,35.0,-60.0,-14.0,#006767,0
5536,35.0,-60.0,4.0,#00664B,0
5537,35.0,-60.0,52.0,#006500,0
5538,35.0,-58.0,8.0,#006544,0
5539,35.0,-58.0,38.0,#006508,0
5540,35.0,-58.0,44.0,#006400,0
5541,35.0,-56.0,-40.0,#006892,0
5542,35.0,-56.0,-34.0,#006888,0
5543,35.0,-56.0,-10.0,#006661,0
5544,35.0,-56.0,-4.0,#006557,0
5545,35.0,-56.0,22.0,#00642D,0
5546,35.0,-56.0,56.0,#006400,0
5547,35.0,-54.0,-22.0,#006674,0
5548,35.0,-54.0,-18.0,#00666E,0
5549,35.0,-54.0,0.0,#006551,0
5550,35.0,-54.0,26.0,#006425,0
5551,35.0,-52.0,4.0,#00644B,0
5552,35.0,-52.0,30.0,#00631E,0
5553,35.0,-52.0,42.0,#006300,0
5554,35.0,-50.0,-32.0,#006685,0
5555,35.0,-50.0,-26.0,#00667B,0
5556,35.0,-50.0,-14.0,#006568,0
5557,35.0,-50.0,-8.0,#00645E,0
5558,35.0,-50.0,8.0,#006444,0
5559,35.0,-48.0,-20.0,#006571,0
5560,35.0,-48.0,-4.0,#006458,0
5561,35.0,-48.0,46.0,#006200,0
5562,35.0,-46.0,0.0,#006351,0
5563,35.0,-46.0,34.0,#006215,0
5564,35.0,-46.0,40.0,#006202,0
5565,35.0,-46.0,56.0,#006200,0
5566,35.0,-44.0,-30.0,#006481,0
5567,35.0,-44.0,-24.0,#006478,0
5568,35.0,-44.0,-16.0,#00636B,0
5569,35.0,-44.0,-12.0,#006364,0
5570,35.0,-44.0,4.0,#00624B,0
5571,35.0,-42.0,44.0,#076100,0
5572,35.0,-40.0,-18.0,#00626E,0
5573,35.0,-40.0,0.0,#006151,0
5574,35.0,-40.0,36.0,#0A6010,1
5575,35.0,-40.0,54.0,#1A6000,0
5576,35.0,-38.0,-14.0,#006268,0
5577,35.0,-38.0,14.0,#00603B,0
5578,35.0,-38.0,46.0,#1D5F00,0
5579,35.0,-36.0,38.0,#1F5F0B,1
5580,35.0,-34.0,-16.0,#00616B,0
5581,35.0,-34.0,48.0,#2A5E00,0
5582,35.0,-32.0,-54.0,#0064A9,0
5583,35.0,-32.0,-12.0,#006065,0
5584,35.0,-32.0,-8.0,#005F5E,0
5585,35.0,-32.0,40.0,#2C5E04,1
5586,35.0,-32.0,58.0,#325D00,0
5587,35.0,-30.0,-22.0,#006075,0
5588,35.0,-30.0,-4.0,#005F58,0
5589,35.0,-30.0,6.0,#025E48,1
5590,35.0,-28.0,42.0,#365C00,0
5591,35.0,-26.0,-36.0,#00608B,0
5592,35.0,-26.0,-30.0,#005F82,0
5593,35.0,-26.0,-24.0,#005F78,0
5594,35.0,-24.0,-18.0,#005E6E,0
5595,35.0,-24.0,44.0,#3E5B00,0
5596,35.0,-24.0,56.0,#415B00,0
5597,35.0,-22.0,-44.0,#005F99,0
5598,35.0,-22.0,-32.0,#005E85,0
5599,35.0,-22.0,-26.0,#005E7B,0
5600,35.0,-22.0,-14.0,#005D68,0
5601,35.0,-22.0,-10.0,#005C62,0
5602,35.0,-20.0,-20.0,#005C72,0
5603,35.0,-20.0,16.0,#395A38,1
5604,35.0,-20.0,36.0,#435A12,1
5605,35.0,-20.0,58.0,#485900,0
5606,35.0,-18.0,-46.0,#005E9C,0
5607,35.0,-18.0,-32.0,#005D85,0
5608,35.0,-18.0,-8.0,#1D5B5E,1
5609,35.0,-18.0,-2.0,#295A55,1
5610,35.0,-18.0,2.0,#2F5A4F,1
5611,35.0,-18.0,10.0,#385A42,1
5612,35.0,-16.0,-54.0,#005FA9,0
5613,35.0,-16.0,-40.0,#005D92,0
5614,35.0,-16.0,12.0,#3E593F,1
5615,35.0,-16.0,16.0,#415938,1
5616,35.0,-16.0,36.0,#4A5813,1
5617,35.0,-16.0,56.0,#4E5800,0
5618,35.0,-14.0,-48.0,#005D9F,0
5619,35.0,-14.0,-8.0,#2B595F,1
5620,35.0,-14.0,4.0,#3B584C,1
5621,35.0,-14.0,8.0,#3F5845,1
5622,35.0,-14.0,18.0,#465835,1
5623,35.0,-12.0,-42.0,#005B95,0
5624,35.0,-12.0,10.0,#445742,1
5625,35.0,-12.0,14.0,#47573C,1
5626,35.0,-12.0,30.0,#4F5720,1
5627,35.0,-12.0,36.0,#505613,1
5628,35.0,-10.0,-50.0,#005CA3,0
5629,35.0,-10.0,-6.0,#39575C,1
5630,35.0,-10.0,16.0,#4C5638,1
5631,35.0,-8.0,-44.0,#005A99,0
5632,35.0,-8.0,-4.0,#405658,1
5633,35.0,-8.0,18.0,#505535,1
5634,35.0,-8.0,32.0,#55551C,1
5635,35.0,-8.0,60.0,#5B5400,0
5636,35.0,-6.0,-8.0,#3F565F,1
5637,35.0,-6.0,-4.0,#445558,1
5638,35.0,-6.0,0.0,#485552,1
5639,35.0,-6.0,4.0,#4B554C,1
5640,35.0,-6.0,8.0,#4E5545,1
5641,35.0,-6.0,12.0,#50553F,1
5642,35.0,-4.0,-66.0,#005CBD,0
5643,35.0,-4.0,-58.0,#005AB0,0
5644,35.0,-4.0,-28.0,#1C567F,1
5645,35.0,-4.0,-4.0,#485458,1
5646,35.0,-4.0,0.0,#4B5452,1
5647,35.0,-4.0,12.0,#53543F,1
5648,35.0,-4.0,20.0,#575332,1
5649,35.0,-4.0,60.0,#605200,0
5650,35.0,-2.0,-42.0,#005795,0
5651,35.0,-2.0,-36.0,#00568C,0
5652,35.0,0.0,-64.0,#0059BA,0
5653,35.0,0.0,-48.0,#00579F,0
5654,35.0,0.0,60.0,#655000,0
5655,35.0,2.0,-60.0,#0058B3,0
5656,35.0,2.0,-44.0,#005699,0
5657,35.0,2.0,16.0,#5E5039,1
5658,35.0,2.0,20.0,#605032,1
5659,35.0,4.0,-50.0,#0055A3,0
5660,35.0,4.0,-42.0,#005496,0
5661,35.0,4.0,-30.0,#345382,1
5662,35.0,4.0,-26.0,#3C527C,1
5663,35.0,4.0,16.0,#614F39,1
5664,35.0,4.0,20.0,#634F33,1
5665,35.0,4.0,56.0,#6A4E00,0
5666,35.0,6.0,16.0,#644E39,1
5667,35.0,6.0,20.0,#664E33,1
5668,35.0,6.0,28.0,#684E25,1
5669,35.0,8.0,-52.0,#0054A6,0
5670,35.0,8.0,-38.0,#2C528F,1
5671,35.0,8.0,-32.0,#3B5185,1
5672,35.0,8.0,38.0,#6D4C11,1
5673,35.0,8.0,50.0,#6E4C00,0
5674,35.0,8.0,58.0,#6F4C00,0
5675,35.0,10.0,28.0,#6D4B25,1
5676,35.0,12.0,-34.0,#414F89,1
5677,35.0,12.0,18.0,#6D4B36,1
5678,35.0,12.0,52.0,#744A00,0
5679,35.0,12.0,60.0,#744A00,0
5680,35.0,14.0,-46.0,#284F9C,1
5681,35.0,14.0,30.0,#734922,1
5682,35.0,16.0,-40.0,#3F4D92,1
5683,35.0,16.0,-36.0,#474D8C,1
5684,35.0,16.0,-32.0,#4E4C85,1
5685,35.0,18.0,-62.0,#0050B7,0
5686,35.0,18.0,-52.0,#214EA6,1
5687,35.0,18.0,24.0,#77462D,1
5688,35.0,18.0,60.0,#7C4500,0
5689,35.0,20.0,-72.0,#0050C8,0
5690,35.0,20.0,-60.0,#004EB4,0
5691,35.0,22.0,-68.0,#004EC1,0
5692,35.0,22.0,-58.0,#144CB0,1
5693,35.0,24.0,-66.0,#004CBE,0
5694,35.0,24.0,-24.0,#654679,1
5695,35.0,24.0,54.0,#824100,0
5696,35.0,26.0,-86.0,#0050E0,0
5697,35.0,26.0,-76.0,#004DCF,0
5698,35.0,26.0,-64.0,#004BBA,0
5699,35.0,26.0,-58.0,#2B49B0,1
5700,35.0,26.0,30.0,#824023,1
5701,35.0,26.0,60.0,#853F00,0
5702,35.0,28.0,-72.0,#004BC8,0
5703,35.0,28.0,-50.0,#4946A3,1
5704,35.0,28.0,-46.0,#51469C,1
5705,35.0,28.0,-28.0,#68437F,1
5706,35.0,28.0,-24.0,#6C4279,1
5707,35.0,28.0,40.0,#863E0F,1
5708,35.0,30.0,-64.0,#2248BA,1
5709,35.0,30.0,-58.0,#3A46B0,1
5710,35.0,30.0,60.0,#8A3C00,0
5711,35.0,32.0,-72.0,#0048C8,0
5712,35.0,32.0,-56.0,#4644AD,1
5713,35.0,32.0,-14.0,#793E69,1
5714,35.0,34.0,-78.0,#0048D2,0
5715,35.0,34.0,-64.0,#3445BB,1
5716,35.0,34.0,-52.0,#5342A6,1
5717,35.0,34.0,-30.0,#703E83,1
5718,35.0,34.0,60.0,#8E3800,0
5719,35.0,36.0,-48.0,#5E3FA0,1
5720,35.0,38.0,-78.0,#0045D2,0
5721,35.0,38.0,-64.0,#4241BB,1
5722,35.0,38.0,-44.0,#673D99,1
5723,35.0,38.0,34.0,#91341D,1
5724,35.0,38.0,58.0,#933300,0
5725,35.0,40.0,-72.0,#2B41C8,1
5726,35.0,40.0,-54.0,#5C3DAA,1
5727,35.0,40.0,-40.0,#6F3A93,1
5728,35.0,42.0,-94.0,#0046EE,0
5729,35.0,42.0,-78.0,#0541D2,1
5730,35.0,42.0,-64.0,#4D3DBB,1
5731,35.0,42.0,8.0,#903047,1
5732,35.0,42.0,46.0,#962E03,1
5733,35.0,44.0,-72.0,#3B3DC8,1
5734,35.0,44.0,40.0,#982C12,1
5735,35.0,46.0,-78.0,#293DD3,1
5736,35.0,48.0,-98.0,#0042F5,0
5737,35.0,48.0,-84.0,#003DDD,0
5738,35.0,48.0,-70.0,#4E38C5,1
5739,35.0,48.0,-32.0,#832E86,1
5740,35.0,48.0,-12.0,#8F2A67,1
5741,35.0,50.0,-76.0,#4238CF,1
5742,35.0,50.0,-48.0,#772FA0,1
5743,35.0,50.0,10.0,#9A2445,1
5744,35.0,52.0,-98.0,#003EF5,0
5745,35.0,52.0,-44.0,#7E2B9A,1
5746,35.0,52.0,-24.0,#8E267A,1
5747,35.0,54.0,-58.0,#712CB1,1
5748,35.0,54.0,-34.0,#8A258A,1
5749,35.0,54.0,-20.0,#932173,1
5750,35.0,54.0,-14.0,#96206A,1
5751,35.0,56.0,-54.0,#7928AA,1
5752,35.0,56.0,12.0,#A11442,1
5753,35.0,58.0,-50.0,#8122A4,1
5754,35.0,60.0,-104.0,#0037FF,0
5755,35.0,60.0,-62.0,#7623B8,1
5756,35.0,60.0,-18.0,#9B0F70,1
5757,35.0,60.0,0.0,#A20655,1
5758,35.0,60.0,48.0,#AB0003,0
5759,35.0,62.0,-58.0,#7E1DB1,1
5760,35.0,62.0,14.0,#A8003F,0
5761,35.0,64.0,-14.0,#A2006A,0
5762,35.0,66.0,-94.0,#3528EE,1
5763,35.0,66.0,-84.0,#5922DD,1
5764,35.0,66.0,-66.0,#7B16BE,1
5765,35.0,66.0,-40.0,#950093,0
5766,35.0,66.0,-28.0,#9D0080,0
5767,35.0,66.0,-2.0,#A90058,0
5768,35.0,66.0,40.0,#B10017,0
5769,35.0,66.0,60.0,#B20000,0
5770,35.0,68.0,-60.0,#8607B4,1
5771,35.0,68.0,-10.0,#A80064,0
5772,35.0,68.0,16.0,#B0003D,0
5773,35.0,70.0,-72.0,#790AC9,1
5774,35.0,70.0,24.0,#B30031,0
5775,35.0,70.0,46.0,#B5000C,0
5776,35.0,72.0,-42.0,#9C0097,0
5777,35.0,72.0,-30.0,#A40084,0
5778,35.0,72.0,12.0,#B30043,0
5779,35.0,72.0,42.0,#B70014,0
5780,35.0,74.0,-80.0,#7400D6,0
5781,35.0,74.0,-36.0,#A3008D,0
5782,35.0,74.0,-24.0,#A9007A,0
5783,35.0,74.0,-4.0,#B1005B,0
5784,35.0,76.0,-16.0,#AF006E,0
5785,35.0,76.0,-10.0,#B20064,0
5786,35.0,76.0,26.0,#BA002E,0
5787,35.0,76.0,48.0,#BC0009,0
5788,35.0,78.0,14.0,#BA0040,0
5789,35.0,78.0,32.0,#BD0026,0
5790,35.0,80.0,-70.0,#8D00C5,0
5791,35.0,80.0,-38.0,#A90091,0
5792,35.0,80.0,54.0,#C10000,0
5793,35.0,82.0,-82.0,#7F00DA,0
5794,35.0,82.0,-54.0,#A000AB,0
5795,35.0,82.0,-4.0,#BB005C,0
5796,35.0,84.0,34.0,#C40023,0
5797,35.0,84.0,40.0,#C4001A,0
5798,35.0,86.0,14.0,#C30041,0
5799,35.0,88.0,8.0,#C4004A,0
5800,35.0,88.0,24.0,#C70033,0
5801,35.0,88.0,30.0,#C8002A,0
5802,35.0,92.0,-16.0,#C2006E,0
5803,35.0,92.0,18.0,#CA003C,0
5804,35.0,94.0,-60.0,#AC00B5,0
5805,35.0,94.0,2.0,#CA0053,0
5806,35.0,100.0,-16.0,#CB006F,0
5807,35.0,102.0,-108.0,#7600FF,0
5808,35.0,102.0,-68.0,#B000C2,0
5809,35.0,102.0,-36.0,#C5008E,0
5810,35.0,104.0,-30.0,#CB0085,0
5811,35.0,108.0,-102.0,#8E00FD,0
5812,35.0,114.0,-58.0,#C800B2,0
5813,35.0,116.0,-78.0,#BA00D4,0
5814,35.0,118.0,-72.0,#C200CA,0
5815,35.0,122.0,-88.0,#B900E5,0
5816,35.0,122.0,-80.0,#C100D7,0
5817,36.0,-128.0,32.0,#007119,0
5818,36.0,-128.0,40.0,#007000,0
5819,36.0,-122.0,26.0,#007026,0
5820,36.0,-122.0,44.0,#007000,0
5821,36.0,-120.0,32.0,#007019,0
5822,36.0,-116.0,20.0,#007031,0
5823,36.0,-116.0,46.0,#006F00,0
5824,36.0,-114.0,26.0,#007026,0
5825,36.0,-112.0,14.0,#00703C,0
5826,36.0,-110.0,44.0,#006F00,0
5827,36.0,-108.0,20.0,#006F31,0
5828,36.0,-106.0,8.0,#006F46,0
5829,36.0,-106.0,26.0,#006F26,0
5830,36.0,-104.0,14.0,#006F3C,0
5831,36.0,-104.0,46.0,#006E00,0
5832,36.0,-100.0,2.0,#006F50,0
5833,36.0,-100.0,20.0,#006E31,0
5834,36.0,-100.0,52.0,#006E00,0
5835,36.0,-98.0,8.0,#006E46,0
5836,36.0,-98.0,26.0,#006E26,0
5837,36.0,-96.0,14.0,#006E3C,0
5838,36.0,-94.0,-6.0,#006F5D,0
5839,36.0,-94.0,0.0,#006E53,0
5840,36.0,-92.0,6.0,#006E49,0
5841,36.0,-92.0,20.0,#006D31,0
5842,36.0,-90.0,12.0,#006D3F,0
5843,36.0,-86.0,-14.0,#006E6A,0
5844,36.0,-86.0,4.0,#006D4C,0
5845,36.0,-86.0,18.0,#006D35,0
5846,36.0,-84.0,-8.0,#006D60,0
5847,36.0,-84.0,10.0,#006D43,0
5848,36.0,-82.0,-18.0,#006E70,0
5849,36.0,-80.0,-2.0,#006C56,0
5850,36.0,-80.0,14.0,#006C3C,0
5851,36.0,-80.0,46.0,#006B00,0
5852,36.0,-78.0,4.0,#006C4D,0
5853,36.0,-74.0,-4.0,#006C5A,0
5854,36.0,-74.0,8.0,#006B46,0
5855,36.0,-74.0,16.0,#006B39,0
5856,36.0,-72.0,2.0,#006B50,0
5857,36.0,-70.0,20.0,#006A32,0
5858,36.0,-70.0,26.0,#006A27,0
5859,36.0,-68.0,-8.0,#006B60,0
5860,36.0,-68.0,-2.0,#006A56,0
5861,36.0,-68.0,12.0,#006A40,0
5862,36.0,-64.0,16.0,#006939,0
5863,36.0,-64.0,22.0,#00692F,0
5864,36.0,-64.0,28.0,#006923,0
5865,36.0,-64.0,48.0,#006800,0
5866,36.0,-62.0,-6.0,#00695D,0
5867,36.0,-62.0,58.0,#006800,0
5868,36.0,-58.0,12.0,#006840,0
5869,36.0,-58.0,18.0,#006836,0
5870,36.0,-54.0,48.0,#006600,0
5871,36.0,-52.0,14.0,#00663D,0
5872,36.0,-52.0,60.0,#006500,0
5873,36.0,-50.0,52.0,#006500,0
5874,36.0,-48.0,-38.0,#006991,0
5875,36.0,-46.0,16.0,#006539,0
5876,36.0,-46.0,22.0,#00652F,0
5877,36.0,-42.0,-36.0,#00678E,0
5878,36.0,-42.0,10.0,#006443,0
5879,36.0,-42.0,60.0,#196300,0
5880,36.0,-40.0,18.0,#006336,0
5881,36.0,-40.0,30.0,#036320,1
5882,36.0,-38.0,-42.0,#006798,0
5883,36.0,-38.0,-8.0,#006461,0
5884,36.0,-36.0,-20.0,#006474,0
5885,36.0,-36.0,-4.0,#00635A,0
5886,36.0,-36.0,20.0,#096233,1
5887,36.0,-34.0,0.0,#006254,0
5888,36.0,-34.0,24.0,#1C612C,1
5889,36.0,-32.0,-46.0,#00659E,0
5890,36.0,-32.0,-40.0,#006594,0
5891,36.0,-32.0,28.0,#276025,1
5892,36.0,-30.0,-34.0,#00638B,0
5893,36.0,-30.0,50.0,#375F00,0
5894,36.0,-28.0,-16.0,#00616E,0
5895,36.0,-28.0,-12.0,#006167,0
5896,36.0,-28.0,30.0,#335F21,1
5897,36.0,-26.0,-58.0,#0065B3,0
5898,36.0,-26.0,-50.0,#0064A5,0
5899,36.0,-26.0,-8.0,#006061,0
5900,36.0,-26.0,4.0,#1A5F4E,1
5901,36.0,-24.0,-4.0,#0B5F5A,1
5902,36.0,-24.0,8.0,#295E47,1
5903,36.0,-24.0,26.0,#395E29,1
5904,36.0,-24.0,32.0,#3D5E1D,1
5905,36.0,-22.0,0.0,#225E54,1
5906,36.0,-22.0,4.0,#295E4E,1
5907,36.0,-22.0,48.0,#455D00,0
5908,36.0,-20.0,-60.0,#0063B6,0
5909,36.0,-20.0,-52.0,#0062A9,0
5910,36.0,-20.0,-38.0,#006091,0
5911,36.0,-20.0,8.0,#345D47,1
5912,36.0,-20.0,26.0,#415C29,1
5913,36.0,-18.0,30.0,#475B22,1
5914,36.0,-18.0,48.0,#4C5B00,0
5915,36.0,-16.0,6.0,#3B5C4B,1
5916,36.0,-16.0,22.0,#475B30,1
5917,36.0,-14.0,50.0,#535900,0
5918,36.0,-12.0,-56.0,#0060AF,0
5919,36.0,-12.0,6.0,#445A4B,1
5920,36.0,-12.0,22.0,#4E5931,1
5921,36.0,-12.0,54.0,#565900,0
5922,36.0,-10.0,-62.0,#0060B9,0
5923,36.0,-10.0,48.0,#585800,0
5924,36.0,-8.0,-24.0,#1B5A7B,1
5925,36.0,-8.0,-18.0,#2C5A71,1
5926,36.0,-8.0,14.0,#50583E,1
5927,36.0,-8.0,52.0,#5C5700,0
5928,36.0,-6.0,-52.0,#005DA9,0
5929,36.0,-6.0,20.0,#575734,1
5930,36.0,-6.0,42.0,#5D5605,1
5931,36.0,-4.0,-8.0,#465761,1
5932,36.0,-4.0,4.0,#51564E,1
5933,36.0,-4.0,8.0,#535648,1
5934,36.0,-4.0,16.0,#58563B,1
5935,36.0,-4.0,26.0,#5C552A,1
5936,36.0,-4.0,46.0,#615500,0
5937,36.0,-2.0,-26.0,#2D587E,1
5938,36.0,-2.0,-20.0,#3A5774,1
5939,36.0,-2.0,0.0,#515655,1
5940,36.0,-2.0,16.0,#5B553B,1
5941,36.0,-2.0,20.0,#5D5534,1
5942,36.0,-2.0,40.0,#62540D,1
5943,36.0,-2.0,52.0,#645400,0
5944,36.0,0.0,-24.0,#38577B,1
5945,36.0,0.0,0.0,#555555,1
5946,36.0,0.0,16.0,#5E543B,1
5947,36.0,0.0,20.0,#605435,1
5948,36.0,0.0,24.0,#61542E,1
5949,36.0,0.0,44.0,#665300,1
5950,36.0,2.0,-32.0,#2B5688,1
5951,36.0,2.0,0.0,#585455,1
5952,36.0,2.0,32.0,#665220,1
5953,36.0,2.0,38.0,#685213,1
5954,36.0,2.0,50.0,#695200,0
5955,36.0,4.0,24.0,#67512E,1
5956,36.0,6.0,-72.0,#005ACB,0
5957,36.0,6.0,40.0,#6D500E,1
5958,36.0,8.0,-68.0,#0059C4,0
5959,36.0,8.0,24.0,#6C4F2E,1
5960,36.0,10.0,-46.0,#17549F,1
5961,36.0,10.0,20.0,#6E4E35,1
5962,36.0,10.0,34.0,#714E1C,1
5963,36.0,12.0,-68.0,#0056C4,0
5964,36.0,12.0,-54.0,#0054AC,0
5965,36.0,12.0,-38.0,#3C5292,1
5966,36.0,12.0,24.0,#724D2F,1
5967,36.0,12.0,46.0,#764C00,0
5968,36.0,14.0,-64.0,#0055BD,0
5969,36.0,14.0,-52.0,#0553A9,1
5970,36.0,14.0,22.0,#744B32,1
5971,36.0,14.0,36.0,#774B19,1
5972,36.0,14.0,42.0,#784B0A,1
5973,36.0,16.0,28.0,#784A28,1
5974,36.0,16.0,48.0,#7B4900,0
5975,36.0,18.0,-30.0,#574D85,1
5976,36.0,18.0,-26.0,#5C4C7E,1
5977,36.0,18.0,34.0,#7B481D,1
5978,36.0,18.0,40.0,#7C4810,1
5979,36.0,18.0,54.0,#7E4800,0
5980,36.0,20.0,-50.0,#354EA6,1
5981,36.0,20.0,-24.0,#614B7B,1
5982,36.0,20.0,-20.0,#654A75,1
5983,36.0,20.0,30.0,#7D4725,1
5984,36.0,20.0,46.0,#804700,0
5985,36.0,22.0,-78.0,#0053D5,0
5986,36.0,22.0,-42.0,#4D4C99,1
5987,36.0,22.0,-38.0,#544B92,1
5988,36.0,22.0,-30.0,#5E4A85,1
5989,36.0,22.0,-18.0,#6A4972,1
5990,36.0,22.0,-14.0,#6D486B,1
5991,36.0,22.0,-10.0,#704865,1
5992,36.0,22.0,-6.0,#72485F,1
5993,36.0,22.0,16.0,#7C463C,1
5994,36.0,22.0,28.0,#7F4628,1
5995,36.0,22.0,36.0,#81451A,1
5996,36.0,22.0,42.0,#82450B,1
5997,36.0,24.0,-36.0,#5A4A8F,1
5998,36.0,24.0,-28.0,#644882,1
5999,36.0,24.0,34.0,#83441E,1
6000,36.0,24.0,48.0,#854300,0
6001,36.0,26.0,-18.0,#704672,1
6002,36.0,26.0,-14.0,#73456C,1
6003,36.0,26.0,-10.0,#764565,1
6004,36.0,26.0,-6.0,#78445F,1
6005,36.0,26.0,2.0,#7C4452,1
6006,36.0,26.0,6.0,#7E434C,1
6007,36.0,26.0,18.0,#824339,1
6008,36.0,28.0,-36.0,#62468F,1
6009,36.0,28.0,-32.0,#674688,1
6010,36.0,28.0,10.0,#824246,1
6011,36.0,28.0,14.0,#834140,1
6012,36.0,28.0,28.0,#874129,1
6013,36.0,28.0,46.0,#894001,1
6014,36.0,30.0,-8.0,#7C4162,1
6015,36.0,30.0,-4.0,#7E415C,1
6016,36.0,30.0,0.0,#804156,1
6017,36.0,30.0,4.0,#82404F,1
6018,36.0,30.0,18.0,#873F39,1
6019,36.0,30.0,22.0,#883F33,1
6020,36.0,30.0,36.0,#8A3E1B,1
6021,36.0,30.0,52.0,#8C3E00,0
6022,36.0,32.0,-80.0,#004CD9,0
6023,36.0,32.0,-22.0,#764178,1
6024,36.0,32.0,-18.0,#794172,1
6025,36.0,32.0,8.0,#863E49,1
6026,36.0,32.0,28.0,#8B3D29,1
6027,36.0,32.0,42.0,#8D3C0E,1
6028,36.0,34.0,-38.0,#6A4292,1
6029,36.0,34.0,-2.0,#853D59,1
6030,36.0,34.0,2.0,#863D53,1
6031,36.0,34.0,12.0,#8A3C43,1
6032,36.0,34.0,16.0,#8B3C3D,1
6033,36.0,34.0,34.0,#8F3B1F,1
6034,36.0,34.0,48.0,#903A00,0
6035,36.0,36.0,-26.0,#793E7F,1
6036,36.0,36.0,6.0,#8A3A4D,1
6037,36.0,36.0,20.0,#8E3937,1
6038,36.0,36.0,28.0,#90392A,1
6039,36.0,36.0,40.0,#923813,1
6040,36.0,38.0,-84.0,#0049E0,0
6041,36.0,38.0,-22.0,#7F3B79,1
6042,36.0,38.0,10.0,#8E3846,1
6043,36.0,38.0,46.0,#953604,1
6044,36.0,40.0,14.0,#923540,1
6045,36.0,40.0,18.0,#93353A,1
6046,36.0,40.0,40.0,#973414,1
6047,36.0,42.0,-84.0,#0045E0,0
6048,36.0,42.0,-30.0,#7E3885,1
6049,36.0,42.0,-10.0,#8B3566,1
6050,36.0,42.0,22.0,#963234,1
6051,36.0,42.0,26.0,#97322D,1
6052,36.0,42.0,30.0,#973127,1
6053,36.0,42.0,58.0,#9A3100,0
6054,36.0,44.0,-90.0,#0045EA,0
6055,36.0,44.0,36.0,#9B2E1D,1
6056,36.0,46.0,-2.0,#942F59,1
6057,36.0,46.0,2.0,#952E53,1
6058,36.0,46.0,16.0,#992D3E,1
6059,36.0,46.0,20.0,#9A2C37,1
6060,36.0,48.0,-90.0,#0041EA,0
6061,36.0,48.0,-64.0,#5E39BE,1
6062,36.0,48.0,6.0,#992B4D,1
6063,36.0,48.0,26.0,#9E292E,1
6064,36.0,50.0,-60.0,#6935B7,1
6065,36.0,50.0,14.0,#9E2641,1
6066,36.0,50.0,40.0,#A22416,1
6067,36.0,52.0,-38.0,#862C93,1
6068,36.0,52.0,-8.0,#992663,1
6069,36.0,52.0,18.0,#A1223B,1
6070,36.0,52.0,22.0,#A22135,1
6071,36.0,52.0,46.0,#A52008,1
6072,36.0,54.0,-92.0,#003BEE,0
6073,36.0,54.0,-68.0,#6333C4,1
6074,36.0,54.0,4.0,#9F1F50,1
6075,36.0,54.0,28.0,#A51C2B,1
6076,36.0,54.0,32.0,#A51C25,1
6077,36.0,54.0,36.0,#A61C1E,1
6078,36.0,56.0,-30.0,#922386,1
6079,36.0,56.0,-4.0,#9F1C5D,1
6080,36.0,56.0,42.0,#A91513,1
6081,36.0,58.0,-98.0,#0039F8,0
6082,36.0,58.0,-76.0,#5C30D2,1
6083,36.0,58.0,8.0,#A5134B,1
6084,36.0,58.0,20.0,#A81038,1
6085,36.0,58.0,24.0,#A91032,1
6086,36.0,60.0,-36.0,#931B90,1
6087,36.0,60.0,-26.0,#9A177F,1
6088,36.0,62.0,-68.0,#7325C5,1
6089,36.0,62.0,-6.0,#A60460,1
6090,36.0,64.0,-78.0,#6526D6,1
6091,36.0,64.0,4.0,#AB0051,0
6092,36.0,64.0,10.0,#AD0048,0
6093,36.0,64.0,22.0,#AF0036,0
6094,36.0,66.0,-74.0,#711FCF,1
6095,36.0,70.0,-108.0,#002CFF,0
6096,36.0,70.0,-56.0,#9000B1,0
6097,36.0,70.0,-48.0,#9700A3,0
6098,36.0,72.0,-104.0,#1725FF,0
6099,36.0,72.0,6.0,#B5004E,0
6100,36.0,72.0,52.0,#BB0000,0
6101,36.0,76.0,-100.0,#4817FC,1
6102,36.0,78.0,-90.0,#6B00EB,0
6103,36.0,78.0,-48.0,#A300A3,0
6104,36.0,78.0,-32.0,#AD008A,0
6105,36.0,78.0,2.0,#BB0055,0
6106,36.0,80.0,-96.0,#6100F5,0
6107,36.0,80.0,60.0,#C40000,0
6108,36.0,82.0,-102.0,#5500FF,0
6109,36.0,84.0,-92.0,#7400EE,0
6110,36.0,84.0,-30.0,#B60087,0
6111,36.0,84.0,-12.0,#BD006A,0
6112,36.0,84.0,46.0,#C80012,0
6113,36.0,86.0,-98.0,#6B00F9,0
6114,36.0,86.0,-36.0,#B50090,0
6115,36.0,86.0,-24.0,#BB007D,0
6116,36.0,88.0,-104.0,#6000FF,0
6117,36.0,88.0,-66.0,#A100C2,0
6118,36.0,88.0,-58.0,#A800B4,0
6119,36.0,90.0,-44.0,#B5009D,0
6120,36.0,94.0,-106.0,#6B00FF,0
6121,36.0,94.0,-24.0,#C5007D,0
6122,36.0,96.0,-70.0,#A800C9,0
6123,36.0,96.0,8.0,#D0004D,0
6124,36.0,100.0,-78.0,#A600D6,0
6125,36.0,102.0,-54.0,#BE00AE,0
6126,36.0,102.0,-24.0,#CE007E,0
6127,36.0,104.0,-60.0,#BC00B8,0
6128,36.0,106.0,-18.0,#D50075,0
6129,36.0,108.0,-82.0,#AE00DD,0
6130,36.0,108.0,-74.0,#B600D0,0
6131,36.0,110.0,-68.0,#BE00C5,0
6132,36.0,110.0,-46.0,#CD00A1,0
6133,36.0,112.0,-40.0,#D30097,0
6134,36.0,114.0,-90.0,#AE00EB,0
6135,36.0,116.0,-52.0,#D100AB,0
6136,36.0,122.0,-94.0,#B500F2,0
6137,37.0,-128.0,-4.0,#00755C,0
6138,37.0,-128.0,8.0,#007448,0
6139,37.0,-128.0,16.0,#00743A,0
6140,37.0,-128.0,24.0,#00742C,0
6141,37.0,-120.0,-8.0,#007462,0
6142,37.0,-120.0,4.0,#00744E,0
6143,37.0,-120.0,10.0,#007344,0
6144,37.0,-116.0,38.0,#00720A,0
6145,37.0,-112.0,-12.0,#007469,0
6146,37.0,-112.0,0.0,#007355,0
6147,37.0,-112.0,6.0,#00734B,0
6148,37.0,-108.0,38.0,#00720A,0
6149,37.0,-106.0,-16.0,#00736F,0
6150,37.0,-104.0,-4.0,#00725C,0
6151,37.0,-96.0,46.0,#007000,0
6152,37.0,-84.0,-28.0,#007183,0
6153,37.0,-76.0,-32.0,#00708A,0
6154,37.0,-72.0,60.0,#006C00,0
6155,37.0,-70.0,-34.0,#00708D,0
6156,37.0,-70.0,-28.0,#006F83,0
6157,37.0,-66.0,4.0,#006C4F,0
6158,37.0,-64.0,-12.0,#006D69,0
6159,37.0,-58.0,-30.0,#006D86,0
6160,37.0,-58.0,-24.0,#006C7D,0
6161,37.0,-58.0,-2.0,#006B59,0
6162,37.0,-58.0,2.0,#006B52,0
6163,37.0,-56.0,32.0,#00691E,0
6164,37.0,-52.0,-44.0,#006D9E,0
6165,37.0,-52.0,-12.0,#006A69,0
6166,37.0,-52.0,-4.0,#006A5C,0
6167,37.0,-52.0,36.0,#006815,0
6168,37.0,-46.0,-48.0,#006CA4,0
6169,37.0,-46.0,-42.0,#006B9A,0
6170,37.0,-46.0,-10.0,#006966,0
6171,37.0,-46.0,-6.0,#006860,0
6172,37.0,-46.0,-2.0,#006859,0
6173,37.0,-46.0,2.0,#006853,0
6174,37.0,-46.0,6.0,#00684C,0
6175,37.0,-44.0,-14.0,#00686D,0
6176,37.0,-44.0,26.0,#00672A,0
6177,37.0,-40.0,-52.0,#006BAB,0
6178,37.0,-40.0,-26.0,#006880,0
6179,37.0,-40.0,-2.0,#006659,0
6180,37.0,-40.0,2.0,#006653,0
6181,37.0,-40.0,6.0,#00664C,0
6182,37.0,-36.0,-12.0,#006669,0
6183,37.0,-36.0,42.0,#286403,1
6184,37.0,-34.0,-28.0,#006783,0
6185,37.0,-34.0,4.0,#006450,0
6186,37.0,-34.0,56.0,#326300,0
6187,37.0,-32.0,-14.0,#00656D,0
6188,37.0,-32.0,8.0,#036449,1
6189,37.0,-32.0,16.0,#1B633C,1
6190,37.0,-32.0,62.0,#386200,0
6191,37.0,-30.0,-2.0,#006359,0
6192,37.0,-30.0,2.0,#006353,0
6193,37.0,-30.0,12.0,#1D6343,1
6194,37.0,-30.0,36.0,#346216,1
6195,37.0,-28.0,-6.0,#006360,0
6196,37.0,-28.0,18.0,#2C6239,1
6197,37.0,-28.0,22.0,#306232,1
6198,37.0,-26.0,0.0,#126256,1
6199,37.0,-26.0,14.0,#2D6140,1
6200,37.0,-24.0,-16.0,#006270,0
6201,37.0,-22.0,-12.0,#00616A,0
6202,37.0,-22.0,12.0,#366043,1
6203,37.0,-22.0,16.0,#39603C,1
6204,37.0,-22.0,20.0,#3C6036,1
6205,37.0,-20.0,-16.0,#006170,0
6206,37.0,-20.0,-8.0,#196063,1
6207,37.0,-20.0,-4.0,#24605D,1
6208,37.0,-18.0,-20.0,#006077,0
6209,37.0,-18.0,-12.0,#16606A,1
6210,37.0,-18.0,0.0,#315F57,1
6211,37.0,-18.0,4.0,#375F50,1
6212,37.0,-18.0,12.0,#3F5E43,1
6213,37.0,-18.0,16.0,#425E3D,1
6214,37.0,-18.0,20.0,#445E36,1
6215,37.0,-16.0,-64.0,#0065C0,0
6216,37.0,-16.0,-28.0,#006084,0
6217,37.0,-16.0,-16.0,#115F70,1
6218,37.0,-16.0,-8.0,#2A5F63,1
6219,37.0,-16.0,-4.0,#315E5D,1
6220,37.0,-14.0,-42.0,#00619B,0
6221,37.0,-14.0,-34.0,#00608D,0
6222,37.0,-14.0,-22.0,#005F7A,0
6223,37.0,-14.0,-18.0,#155F73,1
6224,37.0,-14.0,-12.0,#285E6A,1
6225,37.0,-14.0,0.0,#3C5D57,1
6226,37.0,-14.0,12.0,#475D43,1
6227,37.0,-14.0,16.0,#495D3D,1
6228,37.0,-14.0,42.0,#545C07,1
6229,37.0,-12.0,-50.0,#0061A8,0
6230,37.0,-12.0,-28.0,#005F84,0
6231,37.0,-12.0,-14.0,#2B5E6D,1
6232,37.0,-12.0,-8.0,#365D63,1
6233,37.0,-12.0,-4.0,#3B5D5D,1
6234,37.0,-12.0,2.0,#425C53,1
6235,37.0,-12.0,62.0,#5A5B00,0
6236,37.0,-10.0,-44.0,#00609E,0
6237,37.0,-10.0,-36.0,#005F91,0
6238,37.0,-10.0,-10.0,#385C67,1
6239,37.0,-10.0,-2.0,#425C5A,1
6240,37.0,-10.0,4.0,#485C50,1
6241,37.0,-10.0,8.0,#4B5B4A,1
6242,37.0,-10.0,12.0,#4E5B43,1
6243,37.0,-10.0,38.0,#595A14,1
6244,37.0,-8.0,-68.0,#0062C6,0
6245,37.0,-8.0,-32.0,#005D8A,0
6246,37.0,-8.0,-14.0,#375C6D,1
6247,37.0,-8.0,-8.0,#405B64,1
6248,37.0,-8.0,0.0,#485B57,1
6249,37.0,-8.0,6.0,#4D5B4D,1
6250,37.0,-8.0,26.0,#585A2C,1
6251,37.0,-6.0,-38.0,#005D94,0
6252,37.0,-6.0,-28.0,#185C84,1
6253,37.0,-6.0,-22.0,#2D5C7A,1
6254,37.0,-6.0,-16.0,#395B70,1
6255,37.0,-6.0,-12.0,#3F5B6A,1
6256,37.0,-6.0,16.0,#57593D,1
6257,37.0,-6.0,36.0,#5E5919,1
6258,37.0,-4.0,-20.0,#375A77,1
6259,37.0,-4.0,-14.0,#415A6D,1
6260,37.0,-4.0,-2.0,#4E595A,1
6261,37.0,-2.0,-54.0,#005EAF,0
6262,37.0,-2.0,-32.0,#1D5B8A,1
6263,37.0,-2.0,-14.0,#45596D,1
6264,37.0,-2.0,-10.0,#4A5967,1
6265,37.0,-2.0,-6.0,#4E5861,1
6266,37.0,-2.0,-2.0,#52585A,1
6267,37.0,-2.0,2.0,#555854,1
6268,37.0,-2.0,6.0,#58584D,1
6269,37.0,-2.0,10.0,#5A5747,1
6270,37.0,-2.0,24.0,#615730,1
6271,37.0,-2.0,30.0,#635725,1
6272,37.0,0.0,-72.0,#0060CD,0
6273,37.0,0.0,-20.0,#415977,1
6274,37.0,0.0,-16.0,#475871,1
6275,37.0,0.0,-12.0,#4C586A,1
6276,37.0,0.0,-8.0,#505864,1
6277,37.0,0.0,-4.0,#54575D,1
6278,37.0,0.0,4.0,#5A5751,1
6279,37.0,0.0,8.0,#5C574A,1
6280,37.0,0.0,12.0,#5F5644,1
6281,37.0,2.0,-20.0,#465877,1
6282,37.0,2.0,-16.0,#4B5771,1
6283,37.0,2.0,-12.0,#50576A,1
6284,37.0,2.0,-8.0,#545764,1
6285,37.0,2.0,-4.0,#57565D,1
6286,37.0,2.0,4.0,#5D5651,1
6287,37.0,2.0,8.0,#5F564A,1
6288,37.0,2.0,12.0,#625544,1
6289,37.0,2.0,24.0,#665530,1
6290,37.0,2.0,62.0,#6D5400,0
6291,37.0,4.0,-20.0,#4A5777,1
6292,37.0,4.0,-16.0,#4F5671,1
6293,37.0,4.0,-12.0,#54566A,1
6294,37.0,4.0,-8.0,#575564,1
6295,37.0,4.0,-4.0,#5B555E,1
6296,37.0,4.0,0.0,#5E5557,1
6297,37.0,4.0,4.0,#605551,1
6298,37.0,4.0,8.0,#63544A,1
6299,37.0,4.0,12.0,#655444,1
6300,37.0,4.0,28.0,#6B5429,1
6301,37.0,6.0,-60.0,#005BB9,0
6302,37.0,6.0,-40.0,#235898,1
6303,37.0,6.0,-26.0,#465681,1
6304,37.0,6.0,-20.0,#4E5577,1
6305,37.0,6.0,-16.0,#535571,1
6306,37.0,6.0,-12.0,#57556A,1
6307,37.0,6.0,-8.0,#5B5464,1
6308,37.0,6.0,-4.0,#5E545E,1
6309,37.0,6.0,0.0,#615457,1
6310,37.0,6.0,4.0,#635451,1
6311,37.0,6.0,8.0,#66534A,1
6312,37.0,6.0,12.0,#675344,1
6313,37.0,6.0,32.0,#6E5222,1
6314,37.0,6.0,62.0,#735200,0
6315,37.0,8.0,-24.0,#4D557E,1
6316,37.0,8.0,-16.0,#575471,1
6317,37.0,8.0,-12.0,#5B546A,1
6318,37.0,8.0,-8.0,#5E5364,1
6319,37.0,8.0,-4.0,#61535E,1
6320,37.0,8.0,0.0,#645357,1
6321,37.0,8.0,4.0,#665251,1
6322,37.0,8.0,8.0,#68524B,1
6323,37.0,8.0,12.0,#6A5244,1
6324,37.0,8.0,16.0,#6C523E,1
6325,37.0,8.0,28.0,#70512A,1
6326,37.0,10.0,-22.0,#54537A,1
6327,37.0,10.0,-10.0,#605267,1
6328,37.0,10.0,-6.0,#635261,1
6329,37.0,10.0,-2.0,#66525B,1
6330,37.0,10.0,2.0,#685154,1
6331,37.0,10.0,6.0,#6A514E,1
6332,37.0,10.0,10.0,#6C5147,1
6333,37.0,10.0,40.0,#755011,1
6334,37.0,10.0,56.0,#775000,0
6335,37.0,12.0,-30.0,#4D5387,1
6336,37.0,12.0,-26.0,#535381,1
6337,37.0,12.0,-20.0,#5A5277,1
6338,37.0,12.0,-16.0,#5E5271,1
6339,37.0,12.0,-4.0,#68515E,1
6340,37.0,12.0,0.0,#6A5057,1
6341,37.0,12.0,4.0,#6C5051,1
6342,37.0,12.0,8.0,#6E504B,1
6343,37.0,12.0,14.0,#714F41,1
6344,37.0,12.0,30.0,#764F26,1
6345,37.0,14.0,-76.0,#0059D4,0
6346,37.0,14.0,-24.0,#59517E,1
6347,37.0,14.0,-14.0,#63506E,1
6348,37.0,14.0,-10.0,#665067,1
6349,37.0,14.0,-2.0,#6C4F5B,1
6350,37.0,14.0,2.0,#6E4F54,1
6351,37.0,14.0,12.0,#734E44,1
6352,37.0,14.0,58.0,#7C4D00,0
6353,37.0,16.0,-22.0,#5F507B,1
6354,37.0,16.0,-18.0,#634F74,1
6355,37.0,16.0,-8.0,#6B4E64,1
6356,37.0,16.0,0.0,#704E58,1
6357,37.0,16.0,6.0,#734D4E,1
6358,37.0,16.0,10.0,#754D48,1
6359,37.0,16.0,16.0,#774D3E,1
6360,37.0,16.0,20.0,#784D38,1
6361,37.0,18.0,-76.0,#0057D4,0
6362,37.0,18.0,-44.0,#42519E,1
6363,37.0,18.0,-16.0,#684E71,1
6364,37.0,18.0,-12.0,#6B4D6B,1
6365,37.0,18.0,-6.0,#6F4D61,1
6366,37.0,18.0,4.0,#754C51,1
6367,37.0,18.0,14.0,#794B41,1
6368,37.0,20.0,-2.0,#744B5B,1
6369,37.0,20.0,8.0,#794A4B,1
6370,37.0,20.0,12.0,#7B4A45,1
6371,37.0,20.0,18.0,#7D4A3B,1
6372,37.0,20.0,22.0,#7E4A35,1
6373,37.0,22.0,2.0,#794955,1
6374,37.0,22.0,6.0,#7B494E,1
6375,37.0,22.0,62.0,#864700,0
6376,37.0,24.0,-58.0,#2A50B6,1
6377,37.0,24.0,-48.0,#494EA5,1
6378,37.0,24.0,-2.0,#7A485B,1
6379,37.0,24.0,10.0,#7F4748,1
6380,37.0,24.0,14.0,#814742,1
6381,37.0,24.0,20.0,#834738,1
6382,37.0,24.0,24.0,#844632,1
6383,37.0,26.0,40.0,#894414,1
6384,37.0,28.0,-54.0,#464CAF,1
6385,37.0,28.0,24.0,#894332,1
6386,37.0,30.0,-42.0,#60489B,1
6387,37.0,32.0,-86.0,#0050E6,0
6388,37.0,34.0,-42.0,#68459B,1
6389,37.0,36.0,-86.0,#004DE6,0
6390,37.0,36.0,-78.0,#004BD8,0
6391,37.0,36.0,-72.0,#1E49CE,1
6392,37.0,36.0,-12.0,#853E6B,1
6393,37.0,36.0,-8.0,#873E65,1
6394,37.0,36.0,24.0,#923B32,1
6395,37.0,38.0,-58.0,#5644B6,1
6396,37.0,38.0,-18.0,#843D75,1
6397,37.0,40.0,-36.0,#793E92,1
6398,37.0,40.0,-4.0,#8E395F,1
6399,37.0,40.0,0.0,#903958,1
6400,37.0,40.0,4.0,#913852,1
6401,37.0,42.0,-16.0,#8B3872,1
6402,37.0,42.0,52.0,#9D3300,0
6403,37.0,44.0,-52.0,#6D3DAC,1
6404,37.0,44.0,-44.0,#773B9F,1
6405,37.0,44.0,-22.0,#8A377B,1
6406,37.0,44.0,12.0,#993346,1
6407,37.0,46.0,-40.0,#7E3898,1
6408,37.0,46.0,-6.0,#953262,1
6409,37.0,46.0,44.0,#A12E0F,1
6410,37.0,48.0,-50.0,#7638A9,1
6411,37.0,48.0,-18.0,#913175,1
6412,37.0,48.0,30.0,#A12B2A,1
6413,37.0,48.0,34.0,#A22B23,1
6414,37.0,48.0,50.0,#A42A00,0
6415,37.0,48.0,56.0,#A42A00,0
6416,37.0,50.0,-26.0,#8F2F82,1
6417,37.0,50.0,62.0,#A72700,0
6418,37.0,52.0,0.0,#9F2759,1
6419,37.0,54.0,-84.0,#3A3BE3,1
6420,37.0,54.0,56.0,#AB1E00,0
6421,37.0,56.0,-80.0,#4F37DC,1
6422,37.0,56.0,-62.0,#7430BD,1
6423,37.0,56.0,62.0,#AD1800,0
6424,37.0,58.0,-12.0,#A11D6C,1
6425,37.0,60.0,-90.0,#3835ED,1
6426,37.0,60.0,-44.0,#8F229F,1
6427,37.0,60.0,30.0,#AF0B2B,1
6428,37.0,60.0,36.0,#B00A21,1
6429,37.0,60.0,54.0,#B10800,0
6430,37.0,60.0,60.0,#B20700,0
6431,37.0,62.0,-32.0,#9B188C,1
6432,37.0,62.0,42.0,#B30016,0
6433,37.0,64.0,-98.0,#1733FB,1
6434,37.0,64.0,-88.0,#4F2EEA,1
6435,37.0,64.0,-50.0,#901AA9,1
6436,37.0,64.0,48.0,#B50009,0
6437,37.0,66.0,-22.0,#A6007C,0
6438,37.0,66.0,28.0,#B6002F,0
6439,37.0,66.0,34.0,#B60025,0
6440,37.0,66.0,54.0,#B80000,0
6441,37.0,68.0,-34.0,#A2008F,0
6442,37.0,70.0,-90.0,#5B23ED,1
6443,37.0,70.0,-18.0,#AD0076,0
6444,37.0,72.0,-82.0,#7217E0,1
6445,37.0,72.0,-68.0,#8806C8,1
6446,37.0,72.0,30.0,#BD002C,0
6447,37.0,72.0,36.0,#BD0023,0
6448,37.0,72.0,58.0,#BF0000,0
6449,37.0,74.0,-62.0,#9300BD,0
6450,37.0,74.0,20.0,#BD003C,0
6451,37.0,76.0,-56.0,#9C00B3,0
6452,37.0,78.0,-106.0,#391AFF,0
6453,37.0,78.0,-76.0,#8800D5,0
6454,37.0,78.0,38.0,#C40020,0
6455,37.0,78.0,44.0,#C50016,0
6456,37.0,80.0,-42.0,#AD009C,0
6457,37.0,80.0,8.0,#C2004E,0
6458,37.0,80.0,18.0,#C4003F,0
6459,37.0,82.0,-64.0,#9D00C1,0
6460,37.0,82.0,28.0,#C70030,0
6461,37.0,84.0,-78.0,#8F00D9,0
6462,37.0,86.0,-72.0,#9A00CF,0
6463,37.0,86.0,2.0,#C70057,0
6464,37.0,86.0,20.0,#CB003D,0
6465,37.0,90.0,-90.0,#8700EE,0
6466,37.0,90.0,-82.0,#9400E0,0
6467,37.0,90.0,-52.0,#B300AD,0
6468,37.0,90.0,-4.0,#CA0061,0
6469,37.0,92.0,-76.0,#9F00D6,0
6470,37.0,92.0,-10.0,#CA006A,0
6471,37.0,94.0,-98.0,#8100FC,0
6472,37.0,94.0,-36.0,#C20093,0
6473,37.0,96.0,-92.0,#8F00F1,0
6474,37.0,96.0,-84.0,#9B00E3,0
6475,37.0,96.0,-50.0,#BC00AA,0
6476,37.0,96.0,-30.0,#C7008A,0
6477,37.0,98.0,-44.0,#C200A0,0
6478,37.0,98.0,-4.0,#D30061,0
6479,37.0,102.0,-102.0,#8900FF,0
6480,37.0,102.0,-94.0,#9700F5,0
6481,37.0,104.0,-88.0,#A300EA,0
6482,37.0,104.0,-48.0,#C800A7,0
6483,37.0,120.0,-100.0,#AD00FF,0
6484,37.0,120.0,-68.0,#CF00C9,0
6485,38.0,-8.0,-58.0,#0063B8,0
6486,38.0,-4.0,-46.0,#0060A4,0
6487,38.0,-2.0,-42.0,#005E9D,0
6488,38.0,0.0,-66.0,#0061C6,0
6489,38.0,0.0,-48.0,#005EA8,0
6490,38.0,0.0,-38.0,#095D97,1
6491,38.0,2.0,-54.0,#005EB2,0
6492,38.0,2.0,-44.0,#005DA1,0
6493,38.0,4.0,-74.0,#0060D4,0
6494,38.0,4.0,-66.0,#005FC6,0
6495,38.0,4.0,-50.0,#005CAB,0
6496,38.0,6.0,-46.0,#005BA4,0
6497,38.0,6.0,-32.0,#3E598D,1
6498,38.0,8.0,-58.0,#005CB8,0
6499,38.0,8.0,-52.0,#005BAE,0
6500,38.0,10.0,-42.0,#30589E,1
6501,38.0,10.0,-38.0,#3C5897,1
6502,38.0,10.0,-34.0,#445790,1
6503,38.0,12.0,-58.0,#0059B8,0
6504,38.0,14.0,-82.0,#005DE2,0
6505,38.0,16.0,-58.0,#0057B9,0
6506,38.0,16.0,-48.0,#3355A8,1
6507,38.0,16.0,-38.0,#4C5497,1
6508,38.0,16.0,-34.0,#525391,1
6509,38.0,16.0,-30.0,#58538A,1
6510,38.0,18.0,-64.0,#0057C3,0
6511,38.0,18.0,-56.0,#1755B5,1
6512,38.0,20.0,-84.0,#005AE5,0
6513,38.0,20.0,-72.0,#0057D0,0
6514,38.0,20.0,-22.0,#684F7D,1
6515,38.0,22.0,-64.0,#0054C3,0
6516,38.0,22.0,-26.0,#684E84,1
6517,38.0,24.0,-84.0,#0057E5,0
6518,38.0,24.0,-78.0,#0056DB,0
6519,38.0,24.0,-72.0,#0055D1,0
6520,38.0,24.0,-62.0,#1753BF,1
6521,38.0,24.0,-24.0,#6D4D80,1
6522,38.0,24.0,-20.0,#714C7A,1
6523,38.0,24.0,-16.0,#744C74,1
6524,38.0,24.0,-12.0,#774B6D,1
6525,38.0,24.0,-8.0,#794B67,1
6526,38.0,26.0,-70.0,#0053CD,0
6527,38.0,26.0,4.0,#824854,1
6528,38.0,28.0,-78.0,#0053DB,0
6529,38.0,28.0,-68.0,#0051CA,0
6530,38.0,28.0,-58.0,#3E4FB9,1
6531,38.0,28.0,-46.0,#594DA5,1
6532,38.0,28.0,-24.0,#734A81,1
6533,38.0,28.0,-20.0,#77497A,1
6534,38.0,28.0,8.0,#86464E,1
6535,38.0,30.0,-66.0,#254FC6,1
6536,38.0,30.0,-30.0,#71498A,1
6537,38.0,30.0,-16.0,#7D4774,1
6538,38.0,30.0,-6.0,#834664,1
6539,38.0,30.0,-2.0,#85465E,1
6540,38.0,30.0,2.0,#874557,1
6541,38.0,30.0,12.0,#8A4447,1
6542,38.0,32.0,-54.0,#534BB2,1
6543,38.0,32.0,6.0,#8B4351,1
6544,38.0,34.0,-66.0,#384CC6,1
6545,38.0,34.0,-50.0,#5F49AB,1
6546,38.0,34.0,-28.0,#794587,1
6547,38.0,34.0,-20.0,#80447A,1
6548,38.0,34.0,0.0,#8B425B,1
6549,38.0,34.0,10.0,#8F414B,1
6550,38.0,36.0,-62.0,#4B49C0,1
6551,38.0,36.0,14.0,#933F45,1
6552,38.0,38.0,-50.0,#6745AB,1
6553,38.0,38.0,-42.0,#71439E,1
6554,38.0,38.0,8.0,#933D4E,1
6555,38.0,38.0,36.0,#9A3B20,1
6556,38.0,40.0,-70.0,#4048CD,1
6557,38.0,40.0,-32.0,#7F408E,1
6558,38.0,40.0,-26.0,#843F84,1
6559,38.0,42.0,-80.0,#0D49DF,1
6560,38.0,42.0,-66.0,#5145C6,1
6561,38.0,42.0,-58.0,#6243B9,1
6562,38.0,42.0,16.0,#9A3842,1
6563,38.0,44.0,-76.0,#3845D8,1
6564,38.0,46.0,-72.0,#4D42D1,1
6565,38.0,46.0,-32.0,#88398E,1
6566,38.0,46.0,-14.0,#943671,1
6567,38.0,48.0,-82.0,#2D43E2,1
6568,38.0,48.0,-10.0,#98326B,1
6569,38.0,50.0,-78.0,#4640DB,1
6570,38.0,50.0,-70.0,#5C3DCD,1
6571,38.0,50.0,8.0,#A22D4F,1
6572,38.0,52.0,-34.0,#8F3191,1
6573,38.0,52.0,12.0,#A52949,1
6574,38.0,54.0,-16.0,#9D2A75,1
6575,38.0,56.0,-56.0,#7F31B6,1
6576,38.0,56.0,-48.0,#882EA8,1
6577,38.0,56.0,-26.0,#9A2885,1
6578,38.0,56.0,16.0,#AB2043,1
6579,38.0,58.0,-38.0,#942898,1
6580,38.0,60.0,-70.0,#722FCE,1
6581,38.0,60.0,-54.0,#8829B3,1
6582,38.0,60.0,-22.0,#A21E7E,1
6583,38.0,60.0,0.0,#AB185C,1
6584,38.0,62.0,6.0,#AF0E52,1
6585,38.0,62.0,18.0,#B20A40,1
6586,38.0,64.0,-28.0,#A31388,1
6587,38.0,66.0,-64.0,#8620C3,1
6588,38.0,66.0,-58.0,#8D1DB9,1
6589,38.0,66.0,-4.0,#B10062,0
6590,38.0,66.0,38.0,#BA0020,0
6591,38.0,66.0,62.0,#BC0000,0
6592,38.0,68.0,-84.0,#6827E6,1
6593,38.0,68.0,-12.0,#B0006F,0
6594,38.0,68.0,8.0,#B70050,0
6595,38.0,68.0,20.0,#BA003D,0
6596,38.0,68.0,44.0,#BD0016,0
6597,38.0,70.0,-98.0,#422BFE,1
6598,38.0,70.0,14.0,#BB0047,0
6599,38.0,72.0,-40.0,#A6009C,0
6600,38.0,72.0,-6.0,#B70065,0
6601,38.0,74.0,0.0,#BC005C,0
6602,38.0,76.0,-16.0,#B80075,0
6603,38.0,76.0,12.0,#C1004A,0
6604,38.0,78.0,-36.0,#B10095,0
6605,38.0,80.0,34.0,#C90029,0
6606,38.0,80.0,54.0,#CB0003,0
6607,38.0,82.0,-86.0,#8200EA,0
6608,38.0,82.0,-58.0,#A600BA,0
6609,38.0,82.0,-18.0,#BF0079,0
6610,38.0,82.0,-4.0,#C40063,0
6611,38.0,84.0,-50.0,#AF00AC,0
6612,38.0,84.0,40.0,#CE0020,0
6613,38.0,86.0,14.0,#CD0048,0
6614,38.0,88.0,-16.0,#C70076,0
6615,38.0,90.0,26.0,#D30036,0
6616,38.0,92.0,18.0,#D40042,0
6617,38.0,94.0,-64.0,#B100C4,0
6618,38.0,94.0,-18.0,#CD0079,0
6619,38.0,98.0,2.0,#D8005B,0
6620,38.0,102.0,-68.0,#B900CB,0
6621,38.0,106.0,-36.0,#D40096,0
6622,38.0,108.0,-100.0,#9C00FF,0
6623,38.0,108.0,-30.0,#D9008D,0
6624,38.0,110.0,-56.0,#CD00B7,0
6625,38.0,112.0,-94.0,#AC00F8,0
6626,38.0,116.0,-78.0,#C400DC,0
6627,38.0,118.0,-60.0,#D500BE,0
6628,38.0,122.0,-80.0,#CA00E0,0
6629,38.0,124.0,-86.0,#C700EA,0
6630,39.0,-128.0,4.0,#007A53,0
6631,39.0,-128.0,34.0,#00791B,0
6632,39.0,-128.0,42.0,#007900,0
6633,39.0,-124.0,48.0,#007900,0
6634,39.0,-120.0,-2.0,#007A5D,0
6635,39.0,-120.0,16.0,#00793F,0
6636,39.0,-120.0,24.0,#007930,0
6637,39.0,-120.0,32.0,#007920,0
6638,39.0,-118.0,50.0,#007800,0
6639,39.0,-114.0,-4.0,#007960,0
6640,39.0,-112.0,14.0,#007842,0
6641,39.0,-112.0,20.0,#007838,0
6642,39.0,-112.0,26.0,#00782D,0
6643,39.0,-112.0,34.0,#00781C,0
6644,39.0,-112.0,42.0,#007801,0
6645,39.0,-110.0,48.0,#007700,0
6646,39.0,-104.0,2.0,#007857,0
6647,39.0,-104.0,8.0,#00784D,0
6648,39.0,-104.0,14.0,#007742,0
6649,39.0,-104.0,20.0,#007738,0
6650,39.0,-104.0,26.0,#00772D,0
6651,39.0,-104.0,34.0,#00771C,0
6652,39.0,-104.0,42.0,#007702,0
6653,39.0,-102.0,-10.0,#00786A,0
6654,39.0,-102.0,48.0,#007600,0
6655,39.0,-100.0,-20.0,#00797B,0
6656,39.0,-98.0,-4.0,#007761,0
6657,39.0,-96.0,-14.0,#007871,0
6658,39.0,-96.0,2.0,#007757,0
6659,39.0,-96.0,8.0,#00774D,0
6660,39.0,-96.0,14.0,#007643,0
6661,39.0,-96.0,20.0,#007638,0
6662,39.0,-96.0,26.0,#00762D,0
6663,39.0,-96.0,32.0,#007621,0
6664,39.0,-96.0,40.0,#00760A,0
6665,39.0,-94.0,-24.0,#007881,0
6666,39.0,-92.0,-18.0,#007778,0
6667,39.0,-92.0,-6.0,#007764,0
6668,39.0,-88.0,-22.0,#00777E,0
6669,39.0,-88.0,-12.0,#00766E,0
6670,39.0,-88.0,0.0,#00765A,0
6671,39.0,-88.0,6.0,#007550,0
6672,39.0,-88.0,12.0,#007546,0
6673,39.0,-88.0,18.0,#00753C,0
6674,39.0,-88.0,24.0,#007531,0
6675,39.0,-88.0,30.0,#007525,0
6676,39.0,-88.0,36.0,#007518,0
6677,39.0,-88.0,44.0,#007500,0
6678,39.0,-88.0,54.0,#007400,0
6679,39.0,-84.0,-16.0,#007674,0
6680,39.0,-84.0,-6.0,#007564,0
6681,39.0,-82.0,48.0,#007400,0
6682,39.0,-80.0,-22.0,#00767E,0
6683,39.0,-80.0,0.0,#00745A,0
6684,39.0,-80.0,6.0,#007450,0
6685,39.0,-80.0,12.0,#007446,0
6686,39.0,-80.0,18.0,#00743C,0
6687,39.0,-80.0,24.0,#007431,0
6688,39.0,-80.0,30.0,#007326,0
6689,39.0,-80.0,36.0,#007318,0
6690,39.0,-80.0,42.0,#007304,0
6691,39.0,-80.0,54.0,#007300,0
6692,39.0,-78.0,-10.0,#00756B,0
6693,39.0,-76.0,-16.0,#007574,0
6694,39.0,-74.0,-26.0,#007585,0
6695,39.0,-74.0,-4.0,#007461,0
6696,39.0,-74.0,38.0,#007213,0
6697,39.0,-74.0,44.0,#007200,0
6698,39.0,-74.0,52.0,#007200,0
6699,39.0,-72.0,-20.0,#00747B,0
6700,39.0,-72.0,2.0,#007357,0
6701,39.0,-72.0,8.0,#00734D,0
6702,39.0,-72.0,14.0,#007243,0
6703,39.0,-72.0,20.0,#007239,0
6704,39.0,-72.0,26.0,#00722E,0
6705,39.0,-72.0,32.0,#007222,0
6706,39.0,-70.0,-10.0,#00736B,0
6707,39.0,-68.0,-24.0,#007482,0
6708,39.0,-68.0,-14.0,#007371,0
6709,39.0,-68.0,-2.0,#00725E,0
6710,39.0,-68.0,36.0,#007119,0
6711,39.0,-68.0,42.0,#007105,0
6712,39.0,-68.0,50.0,#007100,0
6713,39.0,-66.0,-38.0,#007599,0
6714,39.0,-66.0,-18.0,#007378,0
6715,39.0,-66.0,-6.0,#007264,0
6716,39.0,-66.0,10.0,#00714A,0
6717,39.0,-66.0,16.0,#007140,0
6718,39.0,-66.0,22.0,#007135,0
6719,39.0,-66.0,28.0,#00712A,0
6720,39.0,-66.0,56.0,#007000,0
6721,39.0,-62.0,-26.0,#007385,0
6722,39.0,-62.0,0.0,#00715A,0
6723,39.0,-62.0,32.0,#007022,0
6724,39.0,-62.0,38.0,#007014,0
6725,39.0,-62.0,44.0,#007000,0
6726,39.0,-60.0,-42.0,#0074A0,0
6727,39.0,-60.0,-36.0,#007396,0
6728,39.0,-60.0,-20.0,#00727B,0
6729,39.0,-60.0,-16.0,#007275,0
6730,39.0,-60.0,-8.0,#007168,0
6731,39.0,-60.0,-4.0,#007161,0
6732,39.0,-60.0,6.0,#007051,0
6733,39.0,-60.0,12.0,#007047,0
6734,39.0,-60.0,18.0,#00703C,0
6735,39.0,-60.0,24.0,#007032,0
6736,39.0,-60.0,50.0,#006F00,0
6737,39.0,-58.0,56.0,#006F00,0
6738,39.0,-56.0,28.0,#006F2B,0
6739,39.0,-56.0,40.0,#006E0E,0
6740,39.0,-54.0,-40.0,#00729C,0
6741,39.0,-54.0,-34.0,#007292,0
6742,39.0,-54.0,-28.0,#007188,0
6743,39.0,-54.0,-18.0,#007078,0
6744,39.0,-54.0,-14.0,#007071,0
6745,39.0,-54.0,-10.0,#00706B,0
6746,39.0,-54.0,-6.0,#007064,0
6747,39.0,-54.0,-2.0,#006F5E,0
6748,39.0,-54.0,8.0,#006F4D,0
6749,39.0,-54.0,14.0,#006F43,0
6750,39.0,-54.0,20.0,#006E39,0
6751,39.0,-54.0,46.0,#006E00,0
6752,39.0,-52.0,52.0,#006D00,0
6753,39.0,-50.0,-22.0,#00707F,0
6754,39.0,-50.0,4.0,#006E54,0
6755,39.0,-50.0,24.0,#006D32,0
6756,39.0,-50.0,30.0,#006D27,0
6757,39.0,-50.0,58.0,#006D00,0
6758,39.0,-48.0,-36.0,#007096,0
6759,39.0,-48.0,-30.0,#00708C,0
6760,39.0,-48.0,-16.0,#006F75,0
6761,39.0,-48.0,-12.0,#006E6E,0
6762,39.0,-48.0,-8.0,#006E68,0
6763,39.0,-48.0,-4.0,#006E61,0
6764,39.0,-48.0,0.0,#006E5B,0
6765,39.0,-48.0,10.0,#006D4A,0
6766,39.0,-48.0,16.0,#006D40,0
6767,39.0,-48.0,42.0,#006C08,0
6768,39.0,-46.0,-24.0,#006F82,0
6769,39.0,-46.0,48.0,#036C00,0
6770,39.0,-44.0,-18.0,#006E78,0
6771,39.0,-44.0,20.0,#006C39,0
6772,39.0,-44.0,32.0,#006B23,0
6773,39.0,-44.0,54.0,#186B00,0
6774,39.0,-42.0,-44.0,#006FA3,0
6775,39.0,-42.0,-38.0,#006F99,0
6776,39.0,-42.0,-32.0,#006E8F,0
6777,39.0,-42.0,-10.0,#006D6B,0
6778,39.0,-42.0,-6.0,#006C65,0
6779,39.0,-42.0,10.0,#006C4A,0
6780,39.0,-42.0,14.0,#006B44,0
6781,39.0,-42.0,36.0,#106B1B,1
6782,39.0,-42.0,42.0,#186B09,1
6783,39.0,-40.0,-20.0,#006D7B,0
6784,39.0,-40.0,48.0,#246A00,0
6785,39.0,-40.0,58.0,#286A00,0
6786,39.0,-38.0,-16.0,#006C75,0
6787,39.0,-38.0,16.0,#006A41,0
6788,39.0,-38.0,20.0,#076A3A,1
6789,39.0,-38.0,26.0,#176A2F,1
6790,39.0,-36.0,-56.0,#006FB7,0
6791,39.0,-36.0,-48.0,#006EAA,0
6792,39.0,-36.0,-42.0,#006EA0,0
6793,39.0,-36.0,-36.0,#006D96,0
6794,39.0,-36.0,-24.0,#006C82,0
6795,39.0,-36.0,-8.0,#006B68,0
6796,39.0,-36.0,-4.0,#006A61,0
6797,39.0,-36.0,0.0,#006A5B,0
6798,39.0,-36.0,10.0,#006A4B,0
6799,39.0,-36.0,30.0,#246928,1
6800,39.0,-36.0,36.0,#29691B,1
6801,39.0,-36.0,50.0,#316900,0
6802,39.0,-36.0,60.0,#346900,0
6803,39.0,-34.0,-18.0,#006B78,0
6804,39.0,-32.0,6.0,#046951,1
6805,39.0,-32.0,20.0,#27683A,1
6806,39.0,-32.0,44.0,#386803,1
6807,39.0,-32.0,52.0,#3B6700,0
6808,39.0,-30.0,-58.0,#006EBB,0
6809,39.0,-30.0,-50.0,#006DAD,0
6810,39.0,-30.0,-42.0,#006CA0,0
6811,39.0,-30.0,-36.0,#006B96,0
6812,39.0,-30.0,-30.0,#006A8C,0
6813,39.0,-30.0,-24.0,#006A82,0
6814,39.0,-30.0,-20.0,#006A7C,0
6815,39.0,-30.0,-10.0,#00696B,0
6816,39.0,-30.0,24.0,#316733,1
6817,39.0,-30.0,30.0,#366728,1
6818,39.0,-30.0,58.0,#406700,0
6819,39.0,-28.0,-16.0,#006975,0
6820,39.0,-28.0,4.0,#1A6755,1
6821,39.0,-28.0,8.0,#23674E,1
6822,39.0,-28.0,46.0,#416600,0
6823,39.0,-26.0,-44.0,#006BA3,0
6824,39.0,-26.0,-26.0,#006985,0
6825,39.0,-26.0,-12.0,#00686F,0
6826,39.0,-26.0,-4.0,#086762,1
6827,39.0,-26.0,12.0,#306648,1
6828,39.0,-26.0,16.0,#346641,1
6829,39.0,-26.0,20.0,#38663A,1
6830,39.0,-26.0,26.0,#3C6630,1
6831,39.0,-26.0,38.0,#436617,1
6832,39.0,-26.0,50.0,#466500,0
6833,39.0,-26.0,60.0,#486500,0
6834,39.0,-24.0,-62.0,#006CC2,0
6835,39.0,-24.0,-54.0,#006BB4,0
6836,39.0,-24.0,-38.0,#006999,0
6837,39.0,-24.0,-32.0,#00698F,0
6838,39.0,-24.0,-20.0,#00687C,0
6839,39.0,-24.0,-8.0,#026768,1
6840,39.0,-24.0,6.0,#2E6651,1
6841,39.0,-24.0,30.0,#436528,1
6842,39.0,-24.0,54.0,#4B6500,0
6843,39.0,-22.0,-48.0,#006AAA,0
6844,39.0,-22.0,-4.0,#226662,1
6845,39.0,-22.0,0.0,#2A655B,1
6846,39.0,-22.0,10.0,#38654B,1
6847,39.0,-22.0,14.0,#3C6544,1
6848,39.0,-22.0,38.0,#4A6418,1
6849,39.0,-22.0,44.0,#4C6404,1
6850,39.0,-22.0,62.0,#506400,0
6851,39.0,-20.0,-42.0,#0068A0,0
6852,39.0,-20.0,-34.0,#006793,0
6853,39.0,-20.0,-28.0,#006789,0
6854,39.0,-20.0,-22.0,#00667F,0
6855,39.0,-20.0,-18.0,#006678,0
6856,39.0,-20.0,4.0,#366555,1
6857,39.0,-20.0,24.0,#486433,1
6858,39.0,-20.0,30.0,#4B6429,1
6859,39.0,-20.0,48.0,#506300,0
6860,39.0,-20.0,54.0,#526300,0
6861,39.0,-18.0,-56.0,#0069B7,0
6862,39.0,-18.0,-14.0,#156572,1
6863,39.0,-18.0,-10.0,#23656B,1
6864,39.0,-18.0,-4.0,#306462,1
6865,39.0,-18.0,6.0,#3E6452,1
6866,39.0,-18.0,10.0,#42634B,1
6867,39.0,-18.0,14.0,#456345,1
6868,39.0,-18.0,18.0,#48633E,1
6869,39.0,-18.0,34.0,#506321,1
6870,39.0,-18.0,40.0,#526213,1
6871,39.0,-18.0,62.0,#566200,0
6872,39.0,-16.0,-50.0,#0068AD,0
6873,39.0,-16.0,-42.0,#0067A0,0
6874,39.0,-16.0,-34.0,#006693,0
6875,39.0,-16.0,-22.0,#00657F,0
6876,39.0,-16.0,-18.0,#0F6478,1
6877,39.0,-16.0,-6.0,#336465,1
6878,39.0,-16.0,2.0,#3E6358,1
6879,39.0,-16.0,22.0,#4E6237,1
6880,39.0,-16.0,26.0,#506230,1
6881,39.0,-16.0,44.0,#566206,1
6882,39.0,-16.0,50.0,#576200,0
6883,39.0,-14.0,-60.0,#0068BE,0
6884,39.0,-14.0,-14.0,#296372,1
6885,39.0,-14.0,-10.0,#32636C,1
6886,39.0,-14.0,-2.0,#3E625F,1
6887,39.0,-14.0,4.0,#456255,1
6888,39.0,-14.0,8.0,#48624E,1
6889,39.0,-14.0,30.0,#556129,1
6890,39.0,-14.0,36.0,#57611D,1
6891,39.0,-14.0,54.0,#5B6100,0
6892,39.0,-14.0,62.0,#5C6100,0
6893,39.0,-12.0,-68.0,#0069CC,0
6894,39.0,-12.0,-44.0,#0065A3,0
6895,39.0,-12.0,-36.0,#006496,0
6896,39.0,-12.0,-24.0,#0B6382,1
6897,39.0,-12.0,-18.0,#266379,1
6898,39.0,-12.0,-6.0,#3E6265,1
6899,39.0,-12.0,0.0,#45615B,1
6900,39.0,-12.0,18.0,#53613E,1
6901,39.0,-12.0,22.0,#556037,1
6902,39.0,-12.0,40.0,#5C6014,1
6903,39.0,-12.0,46.0,#5D6000,0
6904,39.0,-10.0,-20.0,#29627C,1
6905,39.0,-10.0,-14.0,#366272,1
6906,39.0,-10.0,-4.0,#456162,1
6907,39.0,-10.0,2.0,#4B6058,1
6908,39.0,-10.0,6.0,#4E6052,1
6909,39.0,-10.0,10.0,#51604B,1
6910,39.0,-10.0,14.0,#546045,1
6911,39.0,-10.0,24.0,#595F34,1
6912,39.0,-10.0,30.0,#5C5F29,1
6913,39.0,-10.0,50.0,#615F00,0
6914,39.0,-10.0,58.0,#625F00,0
6915,39.0,-8.0,-50.0,#0064AD,0
6916,39.0,-8.0,-42.0,#0063A0,0
6917,39.0,-8.0,-28.0,#136289,1
6918,39.0,-8.0,-16.0,#386175,1
6919,39.0,-8.0,-2.0,#4B605F,1
6920,39.0,-8.0,4.0,#515F55,1
6921,39.0,-8.0,8.0,#545F4F,1
6922,39.0,-8.0,16.0,#595F42,1
6923,39.0,-8.0,20.0,#5B5F3B,1
6924,39.0,-8.0,34.0,#605E22,1
6925,39.0,-8.0,40.0,#625E14,1
6926,39.0,-6.0,-18.0,#3A6079,1
6927,39.0,-6.0,-8.0,#495F69,1
6928,39.0,-6.0,-4.0,#4D5F62,1
6929,39.0,-6.0,0.0,#515F5C,1
6930,39.0,-6.0,4.0,#545F55,1
6931,39.0,-6.0,8.0,#575E4F,1
6932,39.0,-6.0,12.0,#5A5E48,1
6933,39.0,-6.0,22.0,#5F5E38,1
6934,39.0,-6.0,28.0,#615E2D,1
6935,39.0,-6.0,44.0,#655D08,1
6936,39.0,-6.0,52.0,#675D00,0
6937,39.0,-6.0,60.0,#685D00,0
6938,39.0,-4.0,-64.0,#0065C5,0
6939,39.0,-4.0,-36.0,#006196,0
6940,39.0,-4.0,-30.0,#22608C,1
6941,39.0,-4.0,-16.0,#435F75,1
6942,39.0,-4.0,-12.0,#485F6F,1
6943,39.0,-4.0,-8.0,#4D5E69,1
6944,39.0,-4.0,-4.0,#515E62,1
6945,39.0,-4.0,0.0,#555E5C,1
6946,39.0,-4.0,4.0,#585E55,1
6947,39.0,-4.0,8.0,#5B5D4F,1
6948,39.0,-4.0,12.0,#5D5D48,1
6949,39.0,-4.0,16.0,#5F5D42,1
6950,39.0,-4.0,24.0,#635D34,1
6951,39.0,-4.0,32.0,#655C26,1
6952,39.0,-4.0,38.0,#675C19,1
6953,39.0,-2.0,-58.0,#0063BB,0
6954,39.0,-2.0,-28.0,#315F89,1
6955,39.0,-2.0,-20.0,#415E7C,1
6956,39.0,-2.0,-16.0,#475E76,1
6957,39.0,-2.0,-12.0,#4D5E6F,1
6958,39.0,-2.0,-8.0,#515D69,1
6959,39.0,-2.0,-4.0,#555D62,1
6960,39.0,-2.0,0.0,#585D5C,1
6961,39.0,-2.0,4.0,#5B5D55,1
6962,39.0,-2.0,8.0,#5E5C4F,1
6963,39.0,-2.0,12.0,#605C48,1
6964,39.0,-2.0,16.0,#625C42,1
6965,39.0,-2.0,20.0,#645C3B,1
6966,39.0,-2.0,42.0,#6B5B0F,1
6967,39.0,-2.0,50.0,#6C5B00,0
6968,39.0,-2.0,58.0,#6D5B00,0
6969,39.0,0.0,-26.0,#3C5E86,1
6970,39.0,0.0,0.0,#5C5C5C,1
6971,39.0,0.0,16.0,#655B42,1
6972,39.0,0.0,20.0,#675B3B,1
6973,39.0,0.0,24.0,#695B35,1
6974,39.0,0.0,30.0,#6B5A2A,1
6975,39.0,0.0,36.0,#6C5A1E,1
6976,39.0,0.0,64.0,#705A00,0
6977,39.0,2.0,-60.0,#0061BF,0
6978,39.0,2.0,-36.0,#285E96,1
6979,39.0,2.0,-24.0,#455D83,1
6980,39.0,2.0,0.0,#5F5B5C,1
6981,39.0,2.0,16.0,#685A42,1
6982,39.0,2.0,20.0,#6A5A3B,1
6983,39.0,2.0,40.0,#705915,1
6984,39.0,2.0,46.0,#715903,1
6985,39.0,2.0,54.0,#725900,0
6986,39.0,4.0,-34.0,#365D93,1
6987,39.0,4.0,16.0,#6B5942,1
6988,39.0,4.0,20.0,#6D593C,1
6989,39.0,4.0,24.0,#6E5835,1
6990,39.0,4.0,36.0,#72581F,1
6991,39.0,4.0,60.0,#755800,0
6992,39.0,6.0,-28.0,#485B89,1
6993,39.0,6.0,16.0,#6E5842,1
6994,39.0,6.0,20.0,#70583C,1
6995,39.0,6.0,28.0,#72572E,1
6996,39.0,6.0,42.0,#765711,1
6997,39.0,6.0,48.0,#775700,0
6998,39.0,8.0,-26.0,#4F5A86,1
6999,39.0,8.0,24.0,#745635,1
7000,39.0,8.0,32.0,#765627,1
7001,39.0,8.0,38.0,#78561B,1
7002,39.0,8.0,54.0,#7A5500,0
7003,39.0,8.0,62.0,#7B5500,0
7004,39.0,10.0,-74.0,#0060D7,0
7005,39.0,10.0,-24.0,#565883,1
7006,39.0,10.0,-20.0,#5B587C,1
7007,39.0,10.0,20.0,#75553C,1
7008,39.0,10.0,28.0,#78552E,1
7009,39.0,10.0,44.0,#7B540C,1
7010,39.0,10.0,50.0,#7C5400,0
7011,39.0,12.0,-70.0,#005ED0,0
7012,39.0,12.0,-64.0,#005DC5,0
7013,39.0,12.0,-32.0,#4F5890,1
7014,39.0,12.0,-18.0,#615779,1
7015,39.0,12.0,-14.0,#655673,1
7016,39.0,12.0,18.0,#77543F,1
7017,39.0,12.0,24.0,#795435,1
7018,39.0,12.0,34.0,#7C5323,1
7019,39.0,12.0,40.0,#7D5317,1
7020,39.0,12.0,56.0,#7F5300,0
7021,39.0,12.0,64.0,#805300,0
7022,39.0,14.0,-40.0,#45589D,1
7023,39.0,14.0,-26.0,#5C5686,1
7024,39.0,14.0,-22.0,#605680,1
7025,39.0,14.0,-12.0,#6A556F,1
7026,39.0,14.0,-8.0,#6D5469,1
7027,39.0,14.0,22.0,#7C5339,1
7028,39.0,14.0,30.0,#7E522B,1
7029,39.0,14.0,46.0,#815206,1
7030,39.0,14.0,52.0,#815200,0
7031,39.0,16.0,-70.0,#005CD0,0
7032,39.0,16.0,-20.0,#66547C,1
7033,39.0,16.0,-16.0,#6A5476,1
7034,39.0,16.0,-6.0,#715366,1
7035,39.0,16.0,28.0,#80512F,1
7036,39.0,16.0,36.0,#825120,1
7037,39.0,16.0,42.0,#835113,1
7038,39.0,16.0,58.0,#845000,0
7039,39.0,16.0,66.0,#855000,0
7040,39.0,18.0,-28.0,#615489,1
7041,39.0,18.0,-24.0,#655383,1
7042,39.0,18.0,-14.0,#6F5273,1
7043,39.0,18.0,-10.0,#72526C,1
7044,39.0,18.0,24.0,#815036,1
7045,39.0,18.0,34.0,#844F24,1
7046,39.0,18.0,48.0,#864F00,1
7047,39.0,18.0,54.0,#874F00,0
7048,39.0,20.0,-18.0,#6E5179,1
7049,39.0,20.0,-6.0,#775066,1
7050,39.0,20.0,30.0,#854E2B,1
7051,39.0,20.0,40.0,#874E18,1
7052,39.0,22.0,-54.0,#3955B5,1
7053,39.0,22.0,-44.0,#5153A4,1
7054,39.0,22.0,-32.0,#645290,1
7055,39.0,22.0,16.0,#844D43,1
7056,39.0,22.0,28.0,#884D2F,1
7057,39.0,22.0,36.0,#894C21,1
7058,39.0,22.0,46.0,#8B4C08,1
7059,39.0,22.0,52.0,#8B4C00,0
7060,39.0,22.0,66.0,#8C4C00,0
7061,39.0,24.0,-52.0,#4553B1,1
7062,39.0,24.0,-38.0,#5F519A,1
7063,39.0,24.0,34.0,#8B4B25,1
7064,39.0,24.0,42.0,#8D4B14,1
7065,39.0,24.0,58.0,#8E4A00,0
7066,39.0,26.0,-32.0,#6B4F90,1
7067,39.0,26.0,18.0,#8A4A40,1
7068,39.0,26.0,30.0,#8D492C,1
7069,39.0,26.0,48.0,#904902,1
7070,39.0,26.0,54.0,#904900,0
7071,39.0,26.0,64.0,#914900,0
7072,39.0,28.0,-38.0,#674E9A,1
7073,39.0,28.0,14.0,#8B4846,1
7074,39.0,28.0,28.0,#8F4830,1
7075,39.0,28.0,40.0,#914719,1
7076,39.0,28.0,60.0,#934700,0
7077,39.0,30.0,-92.0,#0058F6,0
7078,39.0,30.0,18.0,#8F4740,1
7079,39.0,30.0,22.0,#90463A,1
7080,39.0,30.0,36.0,#934622,1
7081,39.0,30.0,46.0,#94450A,1
7082,39.0,30.0,54.0,#954500,0
7083,39.0,32.0,-38.0,#6E4B9A,1
7084,39.0,32.0,-12.0,#854770,1
7085,39.0,32.0,28.0,#944430,1
7086,39.0,32.0,60.0,#984300,0
7087,39.0,32.0,66.0,#984300,0
7088,39.0,34.0,-92.0,#0055F6,0
7089,39.0,34.0,42.0,#994216,1
7090,39.0,34.0,52.0,#9A4100,0
7091,39.0,36.0,-36.0,#774797,1
7092,39.0,36.0,-10.0,#8B436D,1
7093,39.0,36.0,20.0,#97413D,1
7094,39.0,36.0,28.0,#994030,1
7095,39.0,36.0,48.0,#9C3F05,1
7096,39.0,36.0,58.0,#9C3F00,0
7097,39.0,36.0,66.0,#9D3F00,0
7098,39.0,38.0,-46.0,#6F47A7,1
7099,39.0,38.0,40.0,#9D3E1B,1
7100,39.0,40.0,-96.0,#0051FE,0
7101,39.0,40.0,-88.0,#004FEF,0
7102,39.0,40.0,-6.0,#933F67,1
7103,39.0,40.0,-2.0,#953E60,1
7104,39.0,40.0,2.0,#963E5A,1
7105,39.0,40.0,46.0,#A03B0D,1
7106,39.0,40.0,54.0,#A13B00,0
7107,39.0,40.0,64.0,#A23B00,0
7108,39.0,42.0,-10.0,#933D6D,1
7109,39.0,42.0,6.0,#9A3B54,1
7110,39.0,42.0,22.0,#9F3A3B,1
7111,39.0,42.0,26.0,#A03A34,1
7112,39.0,42.0,30.0,#A0392D,1
7113,39.0,42.0,60.0,#A43800,0
7114,39.0,44.0,-96.0,#004EFE,0
7115,39.0,44.0,-48.0,#7741AB,1
7116,39.0,44.0,10.0,#9E384E,1
7117,39.0,44.0,36.0,#A43623,1
7118,39.0,44.0,40.0,#A4361C,1
7119,39.0,46.0,-92.0,#004BF7,0
7120,39.0,46.0,-58.0,#6D41BC,1
7121,39.0,46.0,-2.0,#9C3761,1
7122,39.0,46.0,2.0,#9E365A,1
7123,39.0,46.0,14.0,#A23547,1
7124,39.0,46.0,58.0,#A83300,0
7125,39.0,46.0,66.0,#A93300,0
7126,39.0,48.0,-102.0,#004CFF,0
7127,39.0,48.0,-88.0,#0047F0,0
7128,39.0,48.0,-64.0,#6740C6,1
7129,39.0,48.0,-54.0,#773EB5,1
7130,39.0,48.0,-46.0,#803CA8,1
7131,39.0,48.0,24.0,#A63138,1
7132,39.0,48.0,28.0,#A73131,1
7133,39.0,48.0,32.0,#A8312B,1
7134,39.0,50.0,-98.0,#0049FF,0
7135,39.0,50.0,-42.0,#8838A1,1
7136,39.0,50.0,-22.0,#973481,1
7137,39.0,50.0,38.0,#AB2D20,1
7138,39.0,50.0,44.0,#AC2D14,1
7139,39.0,52.0,-94.0,#0045FA,0
7140,39.0,52.0,-62.0,#723BC3,1
7141,39.0,52.0,20.0,#AA2B3E,1
7142,39.0,52.0,58.0,#AF2900,0
7143,39.0,54.0,-68.0,#6C3ACD,1
7144,39.0,54.0,4.0,#A82958,1
7145,39.0,54.0,26.0,#AE2735,1
7146,39.0,54.0,30.0,#AE262F,1
7147,39.0,54.0,34.0,#AF2628,1
7148,39.0,54.0,50.0,#B12505,1
7149,39.0,56.0,-102.0,#0044FF,0
7150,39.0,56.0,-4.0,#A82764,1
7151,39.0,56.0,40.0,#B2211D,1
7152,39.0,56.0,46.0,#B32111,1
7153,39.0,58.0,-98.0,#0040FF,0
7154,39.0,58.0,22.0,#B21E3C,1
7155,39.0,60.0,-76.0,#6A34DB,1
7156,39.0,60.0,-62.0,#812FC3,1
7157,39.0,60.0,-8.0,#AB1E6B,1
7158,39.0,64.0,-68.0,#802ACD,1
7159,39.0,64.0,-16.0,#AD1377,1
7160,39.0,64.0,24.0,#B90339,1
7161,39.0,66.0,-78.0,#732BDE,1
7162,39.0,66.0,-42.0,#9F18A1,1
7163,39.0,68.0,-74.0,#7E24D7,1
7164,39.0,68.0,-54.0,#9818B5,1
7165,39.0,68.0,-48.0,#9D14AB,1
7166,39.0,68.0,58.0,#C10000,0
7167,39.0,70.0,26.0,#C00036,0
7168,39.0,72.0,-30.0,#B0008E,0
7169,39.0,72.0,54.0,#C50002,0
7170,39.0,72.0,64.0,#C60000,0
7171,39.0,74.0,-50.0,#A400AF,0
7172,39.0,74.0,44.0,#C70019,0
7173,39.0,74.0,50.0,#C7000D,0
7174,39.0,76.0,-78.0,#870ADE,1
7175,39.0,76.0,-66.0,#9700CA,0
7176,39.0,76.0,24.0,#C7003A,0
7177,39.0,78.0,-90.0,#7510F3,1
7178,39.0,78.0,-46.0,#AD00A8,0
7179,39.0,78.0,-24.0,#BA0085,0
7180,39.0,78.0,66.0,#CC0000,0
7181,39.0,80.0,-102.0,#5B16FF,0
7182,39.0,80.0,-12.0,#C20072,0
7183,39.0,80.0,48.0,#CE0013,0
7184,39.0,80.0,62.0,#CE0000,0
7185,39.0,84.0,-98.0,#7100FF,0
7186,39.0,84.0,-30.0,#BF008E,0
7187,39.0,86.0,-92.0,#8200F7,0
7188,39.0,86.0,-64.0,#A900C7,0
7189,39.0,86.0,-44.0,#B900A5,0
7190,39.0,86.0,-36.0,#BE0098,0
7191,39.0,86.0,-24.0,#C40085,0
7192,39.0,86.0,46.0,#D40018,0
7193,39.0,88.0,-58.0,#B100BD,0
7194,39.0,88.0,6.0,#D10056,0
7195,39.0,88.0,30.0,#D50032,0
7196,39.0,90.0,-102.0,#7600FF,0
7197,39.0,90.0,-70.0,#A900D1,0
7198,39.0,92.0,-42.0,#C200A2,0
7199,39.0,94.0,-24.0,#CE0085,0
7200,39.0,96.0,-58.0,#BC00BD,0
7201,39.0,100.0,-38.0,#CF009C,0
7202,39.0,100.0,-10.0,#DA006F,0
7203,39.0,102.0,-54.0,#C700B6,0
7204,39.0,102.0,-24.0,#D70085,0
7205,39.0,104.0,-16.0,#DD0079,0
7206,39.0,106.0,-78.0,#B800DF,0
7207,39.0,108.0,-62.0,#C900C4,0
7208,39.0,108.0,-42.0,#D600A3,0
7209,39.0,110.0,-88.0,#B300F0,0
7210,39.0,110.0,-72.0,#C400D5,0
7211,39.0,112.0,-50.0,#D700B0,0
7212,39.0,114.0,-44.0,#DD00A6,0
7213,39.0,118.0,-92.0,#BB00F8,0
7214,40.0,-128.0,10.0,#007D4B,0
7215,40.0,-128.0,18.0,#007C3D,0
7216,40.0,-128.0,26.0,#007C2F,0
7217,40.0,-122.0,4.0,#007C55,0
7218,40.0,-120.0,10.0,#007C4B,0
7219,40.0,-114.0,8.0,#007B4F,0
7220,40.0,-110.0,-10.0,#007C6D,0
7221,40.0,-106.0,-16.0,#007C77,0
7222,40.0,-88.0,-28.0,#007A8B,0
7223,40.0,-80.0,-32.0,#007991,0
7224,40.0,-74.0,-34.0,#007895,0
7225,40.0,-68.0,-32.0,#007791,0
7226,40.0,-66.0,4.0,#007456,0
7227,40.0,-52.0,-46.0,#0075A9,0
7228,40.0,-46.0,-50.0,#0074B0,0
7229,40.0,-44.0,26.0,#006E31,0
7230,40.0,-42.0,6.0,#006E53,0
7231,40.0,-36.0,4.0,#006D57,0
7232,40.0,-34.0,40.0,#346B14,1
7233,40.0,-32.0,12.0,#1D6B4A,1
7234,40.0,-30.0,0.0,#006B5D,0
7235,40.0,-28.0,34.0,#3F6922,1
7236,40.0,-22.0,-16.0,#006978,0
7237,40.0,-22.0,-12.0,#016971,1
7238,40.0,-22.0,20.0,#43673D,1
7239,40.0,-20.0,-8.0,#23686B,1
7240,40.0,-18.0,0.0,#39665E,1
7241,40.0,-16.0,-66.0,#006CCB,0
7242,40.0,-14.0,16.0,#516444,1
7243,40.0,-10.0,-10.0,#3F646E,1
7244,40.0,-8.0,-70.0,#006AD2,0
7245,40.0,-8.0,-8.0,#47636B,1
7246,40.0,-8.0,26.0,#606133,1
7247,40.0,-6.0,-22.0,#356382,1
7248,40.0,-6.0,-12.0,#466271,1
7249,40.0,-4.0,-52.0,#0065B4,0
7250,40.0,-4.0,-20.0,#3F627F,1
7251,40.0,-2.0,24.0,#685E37,1
7252,40.0,0.0,-74.0,#0067D9,0
7253,40.0,0.0,-20.0,#49607F,1
7254,40.0,0.0,-16.0,#4E5F78,1
7255,40.0,0.0,-12.0,#535F72,1
7256,40.0,0.0,-8.0,#575F6B,1
7257,40.0,0.0,-4.0,#5B5E65,1
7258,40.0,0.0,4.0,#615E58,1
7259,40.0,0.0,8.0,#645E51,1
7260,40.0,0.0,12.0,#665E4B,1
7261,40.0,2.0,-20.0,#4D5F7F,1
7262,40.0,2.0,-16.0,#535E78,1
7263,40.0,2.0,-12.0,#575E72,1
7264,40.0,2.0,-8.0,#5B5E6B,1
7265,40.0,2.0,-4.0,#5F5D65,1
7266,40.0,2.0,4.0,#645D58,1
7267,40.0,2.0,8.0,#675D51,1
7268,40.0,2.0,12.0,#695D4B,1
7269,40.0,2.0,24.0,#6E5C37,1
7270,40.0,4.0,-20.0,#525E7F,1
7271,40.0,4.0,-16.0,#575D78,1
7272,40.0,4.0,-12.0,#5B5D72,1
7273,40.0,4.0,-8.0,#5F5D6B,1
7274,40.0,4.0,-4.0,#625C65,1
7275,40.0,4.0,0.0,#655C5E,1
7276,40.0,4.0,4.0,#685C58,1
7277,40.0,4.0,8.0,#6A5C51,1
7278,40.0,4.0,12.0,#6C5B4B,1
7279,40.0,6.0,-62.0,#0062C5,0
7280,40.0,6.0,-42.0,#265FA3,1
7281,40.0,6.0,-20.0,#565D7F,1
7282,40.0,6.0,-16.0,#5A5C78,1
7283,40.0,6.0,-12.0,#5F5C72,1
7284,40.0,6.0,-8.0,#625C6B,1
7285,40.0,6.0,-4.0,#655B65,1
7286,40.0,6.0,0.0,#685B5E,1
7287,40.0,6.0,4.0,#6B5B58,1
7288,40.0,6.0,8.0,#6D5A52,1
7289,40.0,6.0,12.0,#6F5A4B,1
7290,40.0,6.0,24.0,#745A37,1
7291,40.0,8.0,-16.0,#5E5B78,1
7292,40.0,8.0,-12.0,#625B72,1
7293,40.0,8.0,-8.0,#665A6B,1
7294,40.0,8.0,-4.0,#695A65,1
7295,40.0,8.0,0.0,#6B5A5E,1
7296,40.0,8.0,4.0,#6E5A58,1
7297,40.0,8.0,8.0,#705952,1
7298,40.0,8.0,12.0,#72594B,1
7299,40.0,8.0,16.0,#745945,1
7300,40.0,10.0,-50.0,#0F5EB0,1
7301,40.0,10.0,-10.0,#67596F,1
7302,40.0,10.0,-6.0,#6A5968,1
7303,40.0,10.0,-2.0,#6D5962,1
7304,40.0,10.0,2.0,#70595B,1
7305,40.0,10.0,6.0,#725855,1
7306,40.0,10.0,10.0,#74584E,1
7307,40.0,12.0,-48.0,#2A5DAD,1
7308,40.0,12.0,-4.0,#6F5865,1
7309,40.0,12.0,0.0,#72575F,1
7310,40.0,12.0,4.0,#745758,1
7311,40.0,12.0,8.0,#765752,1
7312,40.0,12.0,14.0,#795748,1
7313,40.0,14.0,-2.0,#735662,1
7314,40.0,14.0,2.0,#76565B,1
7315,40.0,14.0,12.0,#7B554B,1
7316,40.0,16.0,-32.0,#5A5893,1
7317,40.0,16.0,0.0,#77555F,1
7318,40.0,16.0,6.0,#7B5455,1
7319,40.0,16.0,10.0,#7C544F,1
7320,40.0,16.0,16.0,#7F5445,1
7321,40.0,16.0,20.0,#80543E,1
7322,40.0,18.0,-78.0,#005EE1,0
7323,40.0,18.0,-52.0,#3459B4,1
7324,40.0,18.0,-46.0,#4659AA,1
7325,40.0,18.0,4.0,#7C5358,1
7326,40.0,18.0,14.0,#815348,1
7327,40.0,20.0,-38.0,#5A569D,1
7328,40.0,20.0,-2.0,#7C5262,1
7329,40.0,20.0,8.0,#815252,1
7330,40.0,20.0,12.0,#83514C,1
7331,40.0,20.0,18.0,#855142,1
7332,40.0,20.0,22.0,#86513B,1
7333,40.0,22.0,-78.0,#005CE1,0
7334,40.0,22.0,-14.0,#775275,1
7335,40.0,22.0,-10.0,#7A516F,1
7336,40.0,22.0,2.0,#81505C,1
7337,40.0,22.0,6.0,#835055,1
7338,40.0,24.0,-28.0,#6E528C,1
7339,40.0,24.0,-2.0,#824F62,1
7340,40.0,24.0,10.0,#874E4F,1
7341,40.0,24.0,14.0,#894E49,1
7342,40.0,24.0,20.0,#8B4E3F,1
7343,40.0,24.0,24.0,#8C4E38,1
7344,40.0,26.0,-18.0,#7A4F7C,1
7345,40.0,26.0,-14.0,#7D4F76,1
7346,40.0,26.0,-10.0,#804E6F,1
7347,40.0,26.0,-6.0,#824E69,1
7348,40.0,26.0,2.0,#874D5C,1
7349,40.0,26.0,6.0,#884D56,1
7350,40.0,28.0,-84.0,#0059EB,0
7351,40.0,28.0,-50.0,#5752B1,1
7352,40.0,28.0,-28.0,#754F8C,1
7353,40.0,28.0,10.0,#8D4B4F,1
7354,40.0,28.0,24.0,#914A39,1
7355,40.0,30.0,-8.0,#874B6C,1
7356,40.0,30.0,-4.0,#894B66,1
7357,40.0,30.0,0.0,#8B4A5F,1
7358,40.0,30.0,4.0,#8D4A59,1
7359,40.0,32.0,-74.0,#0054DA,0
7360,40.0,32.0,-22.0,#804B83,1
7361,40.0,32.0,-18.0,#834A7C,1
7362,40.0,32.0,8.0,#914853,1
7363,40.0,32.0,34.0,#984628,1
7364,40.0,34.0,-80.0,#0054E4,0
7365,40.0,34.0,-70.0,#2F51D3,1
7366,40.0,34.0,-30.0,#7D4A90,1
7367,40.0,34.0,-2.0,#8F4763,1
7368,40.0,34.0,2.0,#91465C,1
7369,40.0,34.0,12.0,#95464C,1
7370,40.0,34.0,16.0,#964546,1
7371,40.0,36.0,-56.0,#5E4DBB,1
7372,40.0,36.0,-26.0,#834889,1
7373,40.0,36.0,6.0,#954456,1
7374,40.0,36.0,24.0,#9B4339,1
7375,40.0,38.0,-80.0,#0051E4,0
7376,40.0,38.0,-70.0,#404ED3,1
7377,40.0,38.0,-22.0,#894583,1
7378,40.0,38.0,-18.0,#8C457C,1
7379,40.0,38.0,10.0,#994250,1
7380,40.0,40.0,14.0,#9D3F49,1
7381,40.0,40.0,18.0,#9E3F43,1
7382,40.0,42.0,-70.0,#4D4BD3,1
7383,40.0,42.0,-16.0,#934079,1
7384,40.0,44.0,-64.0,#6147C9,1
7385,40.0,44.0,-28.0,#8E408D,1
7386,40.0,44.0,-22.0,#923F83,1
7387,40.0,46.0,-82.0,#2C4AE8,1
7388,40.0,46.0,-6.0,#9D3A69,1
7389,40.0,46.0,20.0,#A63740,1
7390,40.0,48.0,6.0,#A53656,1
7391,40.0,48.0,50.0,#AD3306,1
7392,40.0,50.0,-30.0,#953890,1
7393,40.0,50.0,10.0,#A83250,1
7394,40.0,52.0,-86.0,#3645EF,1
7395,40.0,52.0,-76.0,#5942DE,1
7396,40.0,52.0,-8.0,#A4326D,1
7397,40.0,52.0,0.0,#A73060,1
7398,40.0,54.0,-40.0,#9235A1,1
7399,40.0,54.0,68.0,#B52800,0
7400,40.0,56.0,-84.0,#4E40EC,1
7401,40.0,56.0,-52.0,#8A35B5,1
7402,40.0,56.0,12.0,#B0274D,1
7403,40.0,58.0,-80.0,#5F3BE5,1
7404,40.0,58.0,8.0,#B12454,1
7405,40.0,58.0,62.0,#B91F00,0
7406,40.0,60.0,-94.0,#323EFD,1
7407,40.0,60.0,-44.0,#982CA7,1
7408,40.0,60.0,30.0,#B81B31,1
7409,40.0,60.0,36.0,#B91A27,1
7410,40.0,60.0,54.0,#BB1900,0
7411,40.0,60.0,68.0,#BC1800,0
7412,40.0,62.0,-90.0,#4D3AF6,1
7413,40.0,62.0,-32.0,#A42494,1
7414,40.0,62.0,14.0,#B8174B,1
7415,40.0,62.0,42.0,#BC121D,1
7416,40.0,62.0,60.0,#BE1100,0
7417,40.0,64.0,-86.0,#6035EF,1
7418,40.0,64.0,4.0,#B7115A,1
7419,40.0,64.0,10.0,#B90F51,1
7420,40.0,64.0,48.0,#BF0611,1
7421,40.0,64.0,66.0,#C00400,0
7422,40.0,66.0,-22.0,#AF1384,1
7423,40.0,66.0,34.0,#C0002B,0
7424,40.0,68.0,-100.0,#3935FF,0
7425,40.0,68.0,-92.0,#5A31FA,1
7426,40.0,68.0,-34.0,#AB1197,1
7427,40.0,68.0,16.0,#BF0048,0
7428,40.0,70.0,-18.0,#B6007D,0
7429,40.0,72.0,-82.0,#7B23E8,1
7430,40.0,72.0,6.0,#C10058,0
7431,40.0,72.0,36.0,#C70029,0
7432,40.0,74.0,-100.0,#522AFF,0
7433,40.0,74.0,-92.0,#6A24FA,1
7434,40.0,74.0,-38.0,#B0009E,0
7435,40.0,76.0,-56.0,#A500BC,0
7436,40.0,78.0,2.0,#C7005E,0
7437,40.0,78.0,38.0,#CE0026,0
7438,40.0,80.0,-52.0,#AE00B5,0
7439,40.0,80.0,8.0,#CB0055,0
7440,40.0,82.0,20.0,#D00043,0
7441,40.0,82.0,28.0,#D10037,0
7442,40.0,84.0,-72.0,#A000D7,0
7443,40.0,84.0,34.0,#D4002E,0
7444,40.0,86.0,-78.0,#9C00E2,0
7445,40.0,86.0,52.0,#D8000F,0
7446,40.0,90.0,-88.0,#9400F3,0
7447,40.0,90.0,-4.0,#D30068,0
7448,40.0,90.0,38.0,#DB0028,0
7449,40.0,92.0,-94.0,#8E00FE,0
7450,40.0,92.0,-82.0,#A000E9,0
7451,40.0,92.0,-50.0,#C000B2,0
7452,40.0,92.0,-10.0,#D40072,0
7453,40.0,94.0,-36.0,#CB009B,0
7454,40.0,94.0,32.0,#DF0032,0
7455,40.0,96.0,-90.0,#9C00F7,0
7456,40.0,96.0,-30.0,#D10091,0
7457,40.0,96.0,8.0,#DD0056,0
7458,40.0,98.0,-98.0,#9300FF,0
7459,40.0,98.0,-44.0,#CC00A8,0
7460,40.0,98.0,-4.0,#DD0069,0
7461,40.0,98.0,14.0,#E1004D,0
7462,40.0,98.0,20.0,#E20044,0
7463,40.0,100.0,-80.0,#B000E5,0
7464,40.0,100.0,-72.0,#B900D7,0
7465,40.0,102.0,-32.0,#D70095,0
7466,40.0,104.0,-92.0,#A700FA,0
7467,40.0,118.0,-72.0,#D200D8,0
7468,41.0,-128.0,-2.0,#008062,0
7469,41.0,-122.0,-6.0,#008068,0
7470,41.0,-120.0,42.0,#007E08,0
7471,41.0,-118.0,54.0,#007E00,0
7472,41.0,-116.0,-10.0,#007F6F,0
7473,41.0,-112.0,2.0,#007E5B,0
7474,41.0,-110.0,56.0,#007D00,0
7475,41.0,-104.0,-2.0,#007E62,0
7476,41.0,-102.0,54.0,#007C00,0
7477,41.0,-100.0,-12.0,#007E73,0
7478,41.0,-96.0,-22.0,#007E83,0
7479,41.0,-94.0,-16.0,#007D79,0
7480,41.0,-94.0,54.0,#007B00,0
7481,41.0,-92.0,-10.0,#007C6F,0
7482,41.0,-90.0,60.0,#007A00,0
7483,41.0,-86.0,-14.0,#007C76,0
7484,41.0,-82.0,-18.0,#007B7D,0
7485,41.0,-78.0,48.0,#007800,0
7486,41.0,-78.0,60.0,#007800,0
7487,41.0,-76.0,-22.0,#007B83,0
7488,41.0,-76.0,26.0,#007832,0
7489,41.0,-76.0,32.0,#007826,0
7490,41.0,-74.0,-6.0,#007969,0
7491,41.0,-72.0,0.0,#00785F,0
7492,41.0,-72.0,62.0,#007700,0
7493,41.0,-70.0,-38.0,#007B9E,0
7494,41.0,-70.0,48.0,#007700,0
7495,41.0,-66.0,-8.0,#00786C,0
7496,41.0,-66.0,-4.0,#007766,0
7497,41.0,-64.0,-40.0,#007AA1,0
7498,41.0,-64.0,-22.0,#007883,0
7499,41.0,-64.0,60.0,#007500,0
7500,41.0,-62.0,-12.0,#007773,0
7501,41.0,-60.0,-6.0,#007669,0
7502,41.0,-58.0,-44.0,#0079A8,0
7503,41.0,-58.0,-38.0,#00789E,0
7504,41.0,-58.0,-32.0,#007894,0
7505,41.0,-58.0,-26.0,#00778A,0
7506,41.0,-58.0,-2.0,#007663,0
7507,41.0,-58.0,2.0,#00755C,0
7508,41.0,-58.0,44.0,#007405,0
7509,41.0,-56.0,50.0,#007300,0
7510,41.0,-56.0,62.0,#007300,0
7511,41.0,-54.0,34.0,#007323,0
7512,41.0,-52.0,0.0,#00745F,0
7513,41.0,-52.0,12.0,#00734B,0
7514,41.0,-52.0,40.0,#007315,0
7515,41.0,-50.0,46.0,#007200,0
7516,41.0,-46.0,-42.0,#0075A5,0
7517,41.0,-46.0,-20.0,#007480,0
7518,41.0,-46.0,2.0,#00725C,0
7519,41.0,-46.0,14.0,#007248,0
7520,41.0,-46.0,64.0,#1C7100,0
7521,41.0,-44.0,-12.0,#007273,0
7522,41.0,-40.0,-52.0,#0075B6,0
7523,41.0,-40.0,-26.0,#00728A,0
7524,41.0,-40.0,-8.0,#00716D,0
7525,41.0,-40.0,-4.0,#007166,0
7526,41.0,-40.0,0.0,#007160,0
7527,41.0,-40.0,12.0,#00704C,0
7528,41.0,-40.0,32.0,#1D6F28,1
7529,41.0,-40.0,38.0,#236F1B,1
7530,41.0,-38.0,-12.0,#007173,0
7531,41.0,-36.0,24.0,#236E37,1
7532,41.0,-34.0,-28.0,#00718E,0
7533,41.0,-34.0,-22.0,#007084,0
7534,41.0,-34.0,-14.0,#007077,0
7535,41.0,-34.0,8.0,#056E53,1
7536,41.0,-34.0,16.0,#1F6E45,1
7537,41.0,-32.0,64.0,#436C00,0
7538,41.0,-28.0,-6.0,#006D6A,0
7539,41.0,-28.0,6.0,#256C56,1
7540,41.0,-28.0,10.0,#2C6C4F,1
7541,41.0,-28.0,14.0,#316C49,1
7542,41.0,-28.0,22.0,#3A6C3B,1
7543,41.0,-28.0,28.0,#3E6C30,1
7544,41.0,-28.0,66.0,#4B6B00,0
7545,41.0,-26.0,0.0,#206C60,1
7546,41.0,-24.0,-26.0,#006D8B,0
7547,41.0,-24.0,-4.0,#1F6B67,1
7548,41.0,-24.0,4.0,#306B59,1
7549,41.0,-24.0,8.0,#356B53,1
7550,41.0,-24.0,16.0,#3E6A46,1
7551,41.0,-24.0,24.0,#446A38,1
7552,41.0,-24.0,42.0,#4D6A12,1
7553,41.0,-22.0,-60.0,#0070C4,0
7554,41.0,-22.0,-52.0,#006FB6,0
7555,41.0,-22.0,-32.0,#006D95,0
7556,41.0,-22.0,-20.0,#006C81,0
7557,41.0,-22.0,12.0,#3F6A4C,1
7558,41.0,-22.0,34.0,#4E6925,1
7559,41.0,-22.0,48.0,#526900,0
7560,41.0,-20.0,-46.0,#006EAC,0
7561,41.0,-20.0,-4.0,#2F6A67,1
7562,41.0,-20.0,8.0,#406953,1
7563,41.0,-20.0,16.0,#476946,1
7564,41.0,-20.0,38.0,#53681D,1
7565,41.0,-18.0,-40.0,#006CA2,0
7566,41.0,-18.0,-34.0,#006C98,0
7567,41.0,-18.0,-20.0,#006A81,0
7568,41.0,-18.0,-12.0,#246A74,1
7569,41.0,-18.0,28.0,#526831,1
7570,41.0,-18.0,56.0,#5A6700,0
7571,41.0,-16.0,-28.0,#006A8E,0
7572,41.0,-16.0,-16.0,#21697A,1
7573,41.0,-16.0,-8.0,#34696D,1
7574,41.0,-16.0,-4.0,#3B6867,1
7575,41.0,-16.0,6.0,#476856,1
7576,41.0,-16.0,12.0,#4C674D,1
7577,41.0,-16.0,20.0,#52673F,1
7578,41.0,-16.0,32.0,#58672A,1
7579,41.0,-14.0,-42.0,#006BA5,0
7580,41.0,-14.0,-34.0,#006A98,0
7581,41.0,-14.0,-22.0,#126984,1
7582,41.0,-14.0,-18.0,#24687E,1
7583,41.0,-14.0,-12.0,#336874,1
7584,41.0,-14.0,0.0,#456760,1
7585,41.0,-14.0,24.0,#576638,1
7586,41.0,-14.0,50.0,#606600,0
7587,41.0,-14.0,58.0,#616500,0
7588,41.0,-14.0,66.0,#626500,0
7589,41.0,-12.0,-62.0,#006DC7,0
7590,41.0,-12.0,-50.0,#006BB3,0
7591,41.0,-12.0,-28.0,#00698E,0
7592,41.0,-12.0,-14.0,#356777,1
7593,41.0,-12.0,-8.0,#40676D,1
7594,41.0,-12.0,-4.0,#456767,1
7595,41.0,-12.0,2.0,#4C665D,1
7596,41.0,-12.0,10.0,#526650,1
7597,41.0,-12.0,28.0,#5D6531,1
7598,41.0,-10.0,-44.0,#0069A9,0
7599,41.0,-10.0,-36.0,#00689B,0
7600,41.0,-10.0,-24.0,#226788,1
7601,41.0,-10.0,-18.0,#33677E,1
7602,41.0,-10.0,-6.0,#47666A,1
7603,41.0,-10.0,-2.0,#4C6664,1
7604,41.0,-10.0,4.0,#52655A,1
7605,41.0,-10.0,20.0,#5C653F,1
7606,41.0,-10.0,44.0,#65640E,1
7607,41.0,-10.0,66.0,#686400,0
7608,41.0,-8.0,-60.0,#006BC4,0
7609,41.0,-8.0,-32.0,#006795,0
7610,41.0,-8.0,-20.0,#356681,1
7611,41.0,-8.0,-14.0,#416677,1
7612,41.0,-8.0,-4.0,#4E6567,1
7613,41.0,-8.0,0.0,#526560,1
7614,41.0,-8.0,6.0,#576457,1
7615,41.0,-8.0,10.0,#5A6450,1
7616,41.0,-8.0,14.0,#5C644A,1
7617,41.0,-8.0,22.0,#61643C,1
7618,41.0,-6.0,-46.0,#0068AC,0
7619,41.0,-6.0,-38.0,#00679F,0
7620,41.0,-6.0,-28.0,#27668E,1
7621,41.0,-6.0,-16.0,#43657B,1
7622,41.0,-6.0,16.0,#616346,1
7623,41.0,-6.0,40.0,#6A621A,1
7624,41.0,-4.0,-58.0,#0069C1,0
7625,41.0,-4.0,-14.0,#4B6477,1
7626,41.0,-4.0,-10.0,#506371,1
7627,41.0,-4.0,-6.0,#54636A,1
7628,41.0,-4.0,-2.0,#586364,1
7629,41.0,-4.0,2.0,#5B635D,1
7630,41.0,-4.0,6.0,#5E6257,1
7631,41.0,-4.0,10.0,#616250,1
7632,41.0,-4.0,14.0,#63624A,1
7633,41.0,-4.0,18.0,#656243,1
7634,41.0,-4.0,22.0,#67623C,1
7635,41.0,-4.0,68.0,#716100,0
7636,41.0,-2.0,-46.0,#0066AC,0
7637,41.0,-2.0,-32.0,#2B6495,1
7638,41.0,-2.0,-18.0,#49637E,1
7639,41.0,-2.0,-14.0,#4F6377,1
7640,41.0,-2.0,-10.0,#546271,1
7641,41.0,-2.0,-6.0,#58626A,1
7642,41.0,-2.0,-2.0,#5B6264,1
7643,41.0,-2.0,2.0,#5F625D,1
7644,41.0,-2.0,6.0,#626157,1
7645,41.0,-2.0,10.0,#646150,1
7646,41.0,-2.0,14.0,#66614A,1
7647,41.0,-2.0,18.0,#686143,1
7648,41.0,-2.0,36.0,#6F6023,1
7649,41.0,0.0,-64.0,#0068CB,0
7650,41.0,0.0,-42.0,#0065A6,0
7651,41.0,2.0,-52.0,#0065B6,0
7652,41.0,2.0,-40.0,#1E63A2,1
7653,41.0,2.0,36.0,#745E23,1
7654,41.0,2.0,50.0,#775E00,0
7655,41.0,2.0,58.0,#785E00,0
7656,41.0,4.0,-72.0,#0067D9,0
7657,41.0,4.0,-48.0,#0063B0,0
7658,41.0,4.0,-32.0,#406195,1
7659,41.0,4.0,-28.0,#48618E,1
7660,41.0,4.0,28.0,#755D32,1
7661,41.0,4.0,64.0,#7B5C00,0
7662,41.0,6.0,-68.0,#0065D2,0
7663,41.0,6.0,-54.0,#0063BA,0
7664,41.0,6.0,-26.0,#50608B,1
7665,41.0,6.0,32.0,#795C2B,1
7666,41.0,6.0,38.0,#7A5C1F,1
7667,41.0,6.0,52.0,#7D5B00,0
7668,41.0,8.0,-38.0,#3E609F,1
7669,41.0,8.0,-34.0,#475F98,1
7670,41.0,8.0,-24.0,#575E88,1
7671,41.0,8.0,28.0,#7B5B33,1
7672,41.0,8.0,58.0,#805A00,0
7673,41.0,8.0,66.0,#815A00,0
7674,41.0,10.0,-32.0,#505E95,1
7675,41.0,10.0,-22.0,#5E5D85,1
7676,41.0,10.0,24.0,#7C5A3A,1
7677,41.0,10.0,34.0,#7F5928,1
7678,41.0,10.0,40.0,#80591C,1
7679,41.0,10.0,54.0,#825900,0
7680,41.0,12.0,-40.0,#455EA2,1
7681,41.0,12.0,-30.0,#575D92,1
7682,41.0,12.0,-26.0,#5D5C8B,1
7683,41.0,12.0,-20.0,#645C81,1
7684,41.0,12.0,-16.0,#685B7B,1
7685,41.0,12.0,30.0,#80582F,1
7686,41.0,12.0,60.0,#855800,0
7687,41.0,12.0,68.0,#865800,0
7688,41.0,14.0,-76.0,#0062E0,0
7689,41.0,14.0,-60.0,#0060C4,0
7690,41.0,14.0,-38.0,#4F5C9F,1
7691,41.0,14.0,-24.0,#635B88,1
7692,41.0,14.0,-14.0,#6D5A78,1
7693,41.0,14.0,-10.0,#705971,1
7694,41.0,14.0,26.0,#825736,1
7695,41.0,14.0,36.0,#855724,1
7696,41.0,14.0,42.0,#865717,1
7697,41.0,16.0,-36.0,#575B9C,1
7698,41.0,16.0,-22.0,#695985,1
7699,41.0,16.0,-18.0,#6D597E,1
7700,41.0,16.0,-8.0,#75586E,1
7701,41.0,16.0,32.0,#86562C,1
7702,41.0,18.0,-68.0,#005FD2,0
7703,41.0,18.0,-60.0,#015DC4,1
7704,41.0,18.0,-30.0,#645992,1
7705,41.0,18.0,-26.0,#68588B,1
7706,41.0,18.0,-16.0,#72577B,1
7707,41.0,18.0,-12.0,#755775,1
7708,41.0,18.0,-6.0,#79566B,1
7709,41.0,18.0,28.0,#885433,1
7710,41.0,18.0,38.0,#8A5421,1
7711,41.0,18.0,44.0,#8B5413,1
7712,41.0,20.0,-66.0,#005DCF,0
7713,41.0,20.0,-58.0,#285CC1,1
7714,41.0,20.0,-24.0,#6E5788,1
7715,41.0,20.0,-20.0,#725682,1
7716,41.0,20.0,34.0,#8C5329,1
7717,41.0,20.0,62.0,#8F5200,0
7718,41.0,20.0,70.0,#905200,0
7719,41.0,22.0,-30.0,#6B5692,1
7720,41.0,22.0,-18.0,#77557E,1
7721,41.0,22.0,-6.0,#7F546B,1
7722,41.0,22.0,32.0,#8E512D,1
7723,41.0,22.0,40.0,#90511D,1
7724,41.0,22.0,58.0,#925100,0
7725,41.0,24.0,-72.0,#005CD9,0
7726,41.0,24.0,-66.0,#005ACF,1
7727,41.0,24.0,-58.0,#3A59C1,1
7728,41.0,24.0,-24.0,#755488,1
7729,41.0,24.0,64.0,#954F00,0
7730,41.0,26.0,-64.0,#2959CB,1
7731,41.0,26.0,-56.0,#4757BE,1
7732,41.0,26.0,34.0,#934E29,1
7733,41.0,26.0,40.0,#954E1E,1
7734,41.0,26.0,70.0,#974D00,0
7735,41.0,28.0,-54.0,#5155BA,1
7736,41.0,28.0,-44.0,#6454A9,1
7737,41.0,28.0,-34.0,#715299,1
7738,41.0,28.0,-24.0,#7B5188,1
7739,41.0,28.0,64.0,#994C00,0
7740,41.0,30.0,-64.0,#3B56CB,1
7741,41.0,30.0,-42.0,#6B52A6,1
7742,41.0,30.0,40.0,#994A1E,1
7743,41.0,30.0,70.0,#9C4A00,0
7744,41.0,32.0,-62.0,#4954C8,1
7745,41.0,32.0,-34.0,#784F99,1
7746,41.0,32.0,-14.0,#894C78,1
7747,41.0,34.0,-88.0,#0058F5,0
7748,41.0,34.0,-58.0,#5851C1,1
7749,41.0,34.0,-42.0,#724EA6,1
7750,41.0,34.0,40.0,#9E471F,1
7751,41.0,34.0,58.0,#A04600,0
7752,41.0,34.0,70.0,#A14600,0
7753,41.0,36.0,-48.0,#6E4EB0,1
7754,41.0,36.0,-12.0,#904875,1
7755,41.0,36.0,-8.0,#92486F,1
7756,41.0,36.0,34.0,#A0452A,1
7757,41.0,38.0,-40.0,#7C4AA3,1
7758,41.0,38.0,46.0,#A44212,1
7759,41.0,38.0,58.0,#A54200,0
7760,41.0,38.0,70.0,#A64200,0
7761,41.0,40.0,-64.0,#5A4DCC,1
7762,41.0,40.0,-54.0,#6D4BBA,1
7763,41.0,40.0,-36.0,#83489C,1
7764,41.0,40.0,-4.0,#994368,1
7765,41.0,40.0,0.0,#9B4362,1
7766,41.0,40.0,4.0,#9D435C,1
7767,41.0,42.0,-32.0,#8A4596,1
7768,41.0,42.0,8.0,#A14055,1
7769,41.0,42.0,46.0,#A93E13,1
7770,41.0,42.0,52.0,#A93E00,1
7771,41.0,42.0,70.0,#AA3D00,0
7772,41.0,44.0,-52.0,#7847B7,1
7773,41.0,44.0,-44.0,#8145AA,1
7774,41.0,44.0,12.0,#A43D4F,1
7775,41.0,46.0,-70.0,#5B49D6,1
7776,41.0,46.0,-40.0,#8942A3,1
7777,41.0,46.0,16.0,#A83A49,1
7778,41.0,46.0,44.0,#AD3918,1
7779,41.0,48.0,-50.0,#8142B4,1
7780,41.0,48.0,-36.0,#903F9D,1
7781,41.0,48.0,-18.0,#9D3C7F,1
7782,41.0,48.0,-12.0,#A03B75,1
7783,41.0,48.0,26.0,#AD3739,1
7784,41.0,48.0,30.0,#AD3732,1
7785,41.0,48.0,34.0,#AE362C,1
7786,41.0,48.0,56.0,#B03600,0
7787,41.0,48.0,62.0,#B13500,0
7788,41.0,48.0,70.0,#B13500,0
7789,41.0,50.0,-80.0,#4B48E7,1
7790,41.0,50.0,-68.0,#6A44D3,1
7791,41.0,50.0,-58.0,#7A41C1,1
7792,41.0,50.0,14.0,#AC354C,1
7793,41.0,52.0,18.0,#B03146,1
7794,41.0,52.0,22.0,#B13140,1
7795,41.0,54.0,-94.0,#0048FF,0
7796,41.0,54.0,-56.0,#843CBE,1
7797,41.0,54.0,-22.0,#A23486,1
7798,41.0,54.0,-16.0,#A6337C,1
7799,41.0,54.0,28.0,#B42D36,1
7800,41.0,54.0,32.0,#B52D30,1
7801,41.0,54.0,36.0,#B52C29,1
7802,41.0,54.0,56.0,#B72B00,0
7803,41.0,56.0,-74.0,#6B3FDD,1
7804,41.0,56.0,-62.0,#803BC8,1
7805,41.0,56.0,-34.0,#9D3399,1
7806,41.0,56.0,-28.0,#A13290,1
7807,41.0,56.0,42.0,#B8281E,1
7808,41.0,58.0,-70.0,#773BD6,1
7809,41.0,58.0,-48.0,#9434B1,1
7810,41.0,58.0,-12.0,#AD2B76,1
7811,41.0,58.0,20.0,#B72543,1
7812,41.0,58.0,24.0,#B8253D,1
7813,41.0,60.0,-24.0,#A92989,1
7814,41.0,60.0,-18.0,#AC2880,1
7815,41.0,60.0,0.0,#B42463,1
7816,41.0,62.0,-100.0,#1340FF,0
7817,41.0,62.0,-56.0,#922FBE,1
7818,41.0,62.0,-38.0,#A229A0,1
7819,41.0,64.0,-74.0,#7C33DD,1
7820,41.0,64.0,-50.0,#9B29B4,1
7821,41.0,64.0,22.0,#BF1241,1
7822,41.0,66.0,-66.0,#8C2BCF,1
7823,41.0,66.0,-28.0,#AF1B90,1
7824,41.0,66.0,-4.0,#BA1169,1
7825,41.0,66.0,28.0,#C20537,1
7826,41.0,66.0,40.0,#C40223,1
7827,41.0,66.0,54.0,#C50004,0
7828,41.0,68.0,-84.0,#7230EF,1
7829,41.0,68.0,-60.0,#9724C5,1
7830,41.0,68.0,-40.0,#A91AA4,1
7831,41.0,68.0,-10.0,#BA0773,1
7832,41.0,68.0,46.0,#C70018,0
7833,41.0,72.0,-68.0,#941DD3,1
7834,41.0,72.0,30.0,#C90035,0
7835,41.0,72.0,58.0,#CC0000,0
7836,41.0,74.0,-74.0,#8F1BDD,1
7837,41.0,74.0,-62.0,#9E10C9,1
7838,41.0,74.0,-4.0,#C4006A,0
7839,41.0,74.0,14.0,#C9004E,0
7840,41.0,74.0,20.0,#CA0044,0
7841,41.0,74.0,70.0,#CF0000,0
7842,41.0,76.0,-16.0,#C2007D,0
7843,41.0,76.0,-10.0,#C40073,0
7844,41.0,76.0,54.0,#D00008,0
7845,41.0,78.0,-70.0,#9B00D6,0
7846,41.0,78.0,-34.0,#BB009A,0
7847,41.0,78.0,32.0,#D00032,0
7848,41.0,78.0,44.0,#D2001E,0
7849,41.0,80.0,-64.0,#A600CC,0
7850,41.0,80.0,-42.0,#B800A7,0
7851,41.0,82.0,-58.0,#AE00C2,0
7852,41.0,82.0,-4.0,#CD006A,0
7853,41.0,82.0,56.0,#D70005,0
7854,41.0,84.0,-16.0,#CB007D,0
7855,41.0,84.0,-10.0,#CE0074,0
7856,41.0,84.0,40.0,#D80026,0
7857,41.0,86.0,2.0,#D40061,0
7858,41.0,86.0,14.0,#D7004F,0
7859,41.0,92.0,-76.0,#AB00E1,0
7860,41.0,92.0,-16.0,#D5007D,0
7861,41.0,92.0,18.0,#DE0049,0
7862,41.0,94.0,-64.0,#BA00CD,0
7863,41.0,94.0,2.0,#DD0061,0
7864,41.0,104.0,-50.0,#D300B5,0
7865,41.0,108.0,-38.0,#DF00A1,0
7866,41.0,110.0,-56.0,#D700BF,0
7867,41.0,112.0,-94.0,#B500FF,0
7868,41.0,112.0,-84.0,#C100EF,0
7869,41.0,116.0,-78.0,#CD00E5,0
7870,41.0,118.0,-60.0,#DE00C6,0
7871,41.0,122.0,-80.0,#D400E9,0
7872,41.0,124.0,-86.0,#D100F3,0
7873,42.0,-128.0,6.0,#008357,0
7874,42.0,-118.0,20.0,#00813F,0
7875,42.0,-116.0,14.0,#008149,0
7876,42.0,-110.0,20.0,#00803F,0
7877,42.0,-108.0,10.0,#008050,0
7878,42.0,-106.0,26.0,#008034,0
7879,42.0,-104.0,16.0,#008046,0
7880,42.0,-100.0,6.0,#008057,0
7881,42.0,-100.0,28.0,#007F30,0
7882,42.0,-98.0,20.0,#007F3F,0
7883,42.0,-96.0,-4.0,#007F68,0
7884,42.0,-96.0,12.0,#007F4D,0
7885,42.0,-94.0,26.0,#007E34,0
7886,42.0,-92.0,-26.0,#00808C,0
7887,42.0,-92.0,2.0,#007F5E,0
7888,42.0,-92.0,18.0,#007E43,0
7889,42.0,-92.0,32.0,#007E28,0
7890,42.0,-90.0,-20.0,#008082,0
7891,42.0,-88.0,8.0,#007E54,0
7892,42.0,-86.0,20.0,#007D3F,0
7893,42.0,-86.0,26.0,#007D34,0
7894,42.0,-84.0,-30.0,#007F93,0
7895,42.0,-84.0,-24.0,#007F89,0
7896,42.0,-84.0,-2.0,#007D65,0
7897,42.0,-84.0,12.0,#007D4D,0
7898,42.0,-84.0,32.0,#007C28,0
7899,42.0,-80.0,-6.0,#007D6B,0
7900,42.0,-80.0,2.0,#007D5E,0
7901,42.0,-80.0,16.0,#007C46,0
7902,42.0,-78.0,-34.0,#007F9A,0
7903,42.0,-76.0,-28.0,#007E90,0
7904,42.0,-76.0,-12.0,#007D75,0
7905,42.0,-76.0,6.0,#007C57,0
7906,42.0,-74.0,-16.0,#007C7C,0
7907,42.0,-74.0,40.0,#007A16,0
7908,42.0,-72.0,10.0,#007B51,0
7909,42.0,-72.0,16.0,#007A47,0
7910,42.0,-70.0,-30.0,#007D93,0
7911,42.0,-70.0,-24.0,#007C89,0
7912,42.0,-70.0,22.0,#007A3C,0
7913,42.0,-68.0,-14.0,#007B79,0
7914,42.0,-68.0,36.0,#007920,0
7915,42.0,-68.0,42.0,#007910,0
7916,42.0,-66.0,-18.0,#007B7F,0
7917,42.0,-66.0,12.0,#00794D,0
7918,42.0,-66.0,26.0,#007935,0
7919,42.0,-64.0,-28.0,#007B90,0
7920,42.0,-64.0,16.0,#007947,0
7921,42.0,-62.0,20.0,#007840,0
7922,42.0,-62.0,30.0,#00782D,0
7923,42.0,-62.0,38.0,#00781C,0
7924,42.0,-60.0,-16.0,#00797C,0
7925,42.0,-60.0,6.0,#007858,0
7926,42.0,-60.0,10.0,#007851,0
7927,42.0,-58.0,14.0,#00774A,0
7928,42.0,-58.0,24.0,#007739,0
7929,42.0,-56.0,18.0,#007743,0
7930,42.0,-54.0,-18.0,#007880,0
7931,42.0,-54.0,-14.0,#007879,0
7932,42.0,-54.0,8.0,#007754,0
7933,42.0,-52.0,-28.0,#007890,0
7934,42.0,-52.0,-22.0,#007886,0
7935,42.0,-52.0,-10.0,#007772,0
7936,42.0,-52.0,-6.0,#00776C,0
7937,42.0,-52.0,22.0,#00763D,0
7938,42.0,-50.0,-50.0,#007AB5,0
7939,42.0,-50.0,26.0,#007535,0
7940,42.0,-48.0,-36.0,#00789E,0
7941,42.0,-48.0,-16.0,#00767C,0
7942,42.0,-46.0,-30.0,#007794,0
7943,42.0,-46.0,-24.0,#00768A,0
7944,42.0,-46.0,-8.0,#00756F,0
7945,42.0,-46.0,-4.0,#007569,0
7946,42.0,-46.0,8.0,#007555,0
7947,42.0,-46.0,20.0,#007440,0
7948,42.0,-46.0,52.0,#197300,0
7949,42.0,-44.0,24.0,#007339,0
7950,42.0,-44.0,30.0,#00732E,0
7951,42.0,-42.0,-32.0,#007697,0
7952,42.0,-42.0,-16.0,#00757C,0
7953,42.0,-42.0,4.0,#00745B,0
7954,42.0,-42.0,16.0,#007347,0
7955,42.0,-40.0,-20.0,#007483,0
7956,42.0,-40.0,8.0,#007355,0
7957,42.0,-40.0,46.0,#2C7204,1
7958,42.0,-40.0,52.0,#2F7200,0
7959,42.0,-38.0,-42.0,#0076A8,0
7960,42.0,-36.0,-36.0,#00759E,0
7961,42.0,-36.0,54.0,#3A7000,0
7962,42.0,-34.0,-8.0,#00726F,0
7963,42.0,-34.0,-4.0,#007169,0
7964,42.0,-34.0,0.0,#007162,0
7965,42.0,-34.0,20.0,#287041,1
7966,42.0,-34.0,44.0,#3B700D,1
7967,42.0,-32.0,-60.0,#0076C7,0
7968,42.0,-32.0,-52.0,#0075B9,0
7969,42.0,-32.0,-44.0,#0074AB,0
7970,42.0,-32.0,-38.0,#0073A1,0
7971,42.0,-32.0,48.0,#416F00,0
7972,42.0,-32.0,56.0,#446F00,0
7973,42.0,-30.0,-32.0,#007297,0
7974,42.0,-30.0,-16.0,#00717D,0
7975,42.0,-30.0,-2.0,#007066,0
7976,42.0,-30.0,2.0,#13705F,1
7977,42.0,-30.0,34.0,#406F27,1
7978,42.0,-28.0,-20.0,#007183,0
7979,42.0,-28.0,-12.0,#007076,0
7980,42.0,-28.0,38.0,#466E1F,1
7981,42.0,-28.0,50.0,#4A6E00,0
7982,42.0,-28.0,58.0,#4C6D00,0
7983,42.0,-26.0,-46.0,#0072AF,0
7984,42.0,-26.0,-38.0,#0071A1,0
7985,42.0,-24.0,-16.0,#006F7D,0
7986,42.0,-24.0,-12.0,#006E76,0
7987,42.0,-24.0,28.0,#496D33,1
7988,42.0,-24.0,60.0,#546C00,0
7989,42.0,-22.0,-40.0,#0070A5,0
7990,42.0,-22.0,-8.0,#206D70,1
7991,42.0,-22.0,0.0,#326D62,1
7992,42.0,-20.0,-66.0,#0073D1,0
7993,42.0,-20.0,-16.0,#066D7D,1
7994,42.0,-20.0,4.0,#3E6C5C,1
7995,42.0,-20.0,24.0,#4F6B3A,1
7996,42.0,-20.0,52.0,#596A00,0
7997,42.0,-18.0,-52.0,#0070B9,0
7998,42.0,-18.0,10.0,#496B52,1
7999,42.0,-16.0,2.0,#456A5F,1
8000,42.0,-16.0,16.0,#526A48,1
8001,42.0,-16.0,38.0,#5C6920,1
8002,42.0,-16.0,44.0,#5E6910,1
8003,42.0,-14.0,-68.0,#0071D5,0
8004,42.0,-14.0,-6.0,#406A6C,1
8005,42.0,-14.0,8.0,#4F6956,1
8006,42.0,-12.0,14.0,#58684C,1
8007,42.0,-12.0,36.0,#626724,1
8008,42.0,-10.0,16.0,#5D6748,1
8009,42.0,-8.0,32.0,#67662D,1
8010,42.0,-8.0,52.0,#6C6500,0
8011,42.0,-6.0,-10.0,#4E6773,1
8012,42.0,-6.0,-6.0,#52666D,1
8013,42.0,-6.0,-2.0,#566666,1
8014,42.0,-6.0,2.0,#5A6660,1
8015,42.0,-6.0,6.0,#5D6659,1
8016,42.0,-6.0,10.0,#606653,1
8017,42.0,-6.0,28.0,#696534,1
8018,42.0,-6.0,58.0,#706400,0
8019,42.0,-4.0,-36.0,#0D689E,1
8020,42.0,-4.0,-22.0,#406787,1
8021,42.0,-4.0,0.0,#5C6563,1
8022,42.0,-4.0,32.0,#6D642D,1
8023,42.0,-4.0,44.0,#706312,1
8024,42.0,-4.0,52.0,#726300,0
8025,42.0,-2.0,0.0,#606463,1
8026,42.0,-2.0,26.0,#6E6338,1
8027,42.0,-2.0,58.0,#756200,0
8028,42.0,0.0,-26.0,#44658E,1
8029,42.0,0.0,0.0,#636363,1
8030,42.0,0.0,16.0,#6D6249,1
8031,42.0,0.0,20.0,#6F6242,1
8032,42.0,0.0,24.0,#70623B,1
8033,42.0,0.0,30.0,#726231,1
8034,42.0,0.0,42.0,#766118,1
8035,42.0,0.0,64.0,#796100,0
8036,42.0,2.0,0.0,#676263,1
8037,42.0,2.0,16.0,#706149,1
8038,42.0,2.0,20.0,#726142,1
8039,42.0,2.0,26.0,#746138,1
8040,42.0,2.0,70.0,#7C6000,0
8041,42.0,4.0,16.0,#736049,1
8042,42.0,4.0,20.0,#756042,1
8043,42.0,4.0,24.0,#76603C,1
8044,42.0,4.0,42.0,#7B5F19,1
8045,42.0,6.0,16.0,#765F49,1
8046,42.0,6.0,20.0,#785F42,1
8047,42.0,8.0,44.0,#815D14,1
8048,42.0,10.0,20.0,#7D5C43,1
8049,42.0,12.0,-66.0,#0064D1,0
8050,42.0,12.0,18.0,#7F5B46,1
8051,42.0,12.0,46.0,#865A0F,1
8052,42.0,14.0,-46.0,#3F60AF,1
8053,42.0,14.0,22.0,#845A40,1
8054,42.0,16.0,48.0,#8C5809,1
8055,42.0,16.0,54.0,#8D5700,0
8056,42.0,16.0,62.0,#8D5700,0
8057,42.0,16.0,72.0,#8E5700,0
8058,42.0,18.0,24.0,#8A573C,1
8059,42.0,20.0,-44.0,#555CAC,1
8060,42.0,20.0,52.0,#925500,0
8061,42.0,22.0,-42.0,#5D5AA9,1
8062,42.0,22.0,16.0,#8C544A,1
8063,42.0,22.0,28.0,#905436,1
8064,42.0,24.0,48.0,#96520B,1
8065,42.0,24.0,54.0,#975200,0
8066,42.0,26.0,-78.0,#005EE6,0
8067,42.0,26.0,18.0,#925147,1
8068,42.0,26.0,30.0,#955133,1
8069,42.0,28.0,-18.0,#835381,1
8070,42.0,28.0,14.0,#94504D,1
8071,42.0,28.0,28.0,#984F36,1
8072,42.0,28.0,48.0,#9B4E0C,1
8073,42.0,28.0,54.0,#9C4E00,0
8074,42.0,30.0,18.0,#974E47,1
8075,42.0,30.0,22.0,#994E41,1
8076,42.0,32.0,-80.0,#005AEA,0
8077,42.0,32.0,28.0,#9D4C37,1
8078,42.0,32.0,46.0,#A04B13,1
8079,42.0,34.0,-50.0,#6A52B6,1
8080,42.0,36.0,-86.0,#0058F5,0
8081,42.0,36.0,-80.0,#0057EA,0
8082,42.0,36.0,20.0,#A04844,1
8083,42.0,36.0,28.0,#A24837,1
8084,42.0,36.0,52.0,#A54701,1
8085,42.0,38.0,-76.0,#2D54E3,1
8086,42.0,38.0,-20.0,#904A85,1
8087,42.0,38.0,-16.0,#93497E,1
8088,42.0,38.0,40.0,#A64522,1
8089,42.0,40.0,-86.0,#0055F5,0
8090,42.0,40.0,-46.0,#7B4CB0,1
8091,42.0,40.0,-26.0,#8F498F,1
8092,42.0,42.0,-82.0,#1D52EE,1
8093,42.0,42.0,-76.0,#4051E3,1
8094,42.0,42.0,-14.0,#99457B,1
8095,42.0,42.0,-10.0,#9C4475,1
8096,42.0,42.0,22.0,#A84241,1
8097,42.0,42.0,26.0,#A8413B,1
8098,42.0,42.0,30.0,#A94134,1
8099,42.0,44.0,-24.0,#96448B,1
8100,42.0,44.0,36.0,#AD3E2A,1
8101,42.0,44.0,64.0,#AF3E00,0
8102,42.0,46.0,-90.0,#0051FC,0
8103,42.0,46.0,-62.0,#6F49CB,1
8104,42.0,46.0,-2.0,#A53F68,1
8105,42.0,46.0,2.0,#A63E62,1
8106,42.0,50.0,-26.0,#9D3D8F,1
8107,42.0,52.0,44.0,#B7321C,1
8108,42.0,54.0,4.0,#B1325F,1
8109,42.0,54.0,64.0,#BB2E00,0
8110,42.0,56.0,-4.0,#B1306B,1
8111,42.0,56.0,50.0,#BC2B0F,1
8112,42.0,58.0,14.0,#B92A4F,1
8113,42.0,60.0,-8.0,#B42972,1
8114,42.0,60.0,34.0,#BF232F,1
8115,42.0,62.0,-78.0,#743AE7,1
8116,42.0,64.0,16.0,#C1194C,1
8117,42.0,66.0,-94.0,#553BFF,0
8118,42.0,66.0,-46.0,#A526B0,1
8119,42.0,66.0,-16.0,#B81B7F,1
8120,42.0,66.0,36.0,#C60B2C,1
8121,42.0,68.0,-72.0,#8A2DDD,1
8122,42.0,70.0,-90.0,#6C32FC,1
8123,42.0,70.0,-52.0,#A51EBA,1
8124,42.0,70.0,64.0,#CD0000,0
8125,42.0,74.0,-24.0,#BE008C,0
8126,42.0,76.0,-84.0,#8620F2,1
8127,42.0,76.0,64.0,#D40000,0
8128,42.0,78.0,60.0,#D60000,0
8129,42.0,82.0,-94.0,#8012FF,0
8130,42.0,82.0,-86.0,#8F04F5,1
8131,42.0,82.0,-24.0,#C8008D,0
8132,42.0,82.0,66.0,#DB0000,0
8133,42.0,84.0,-80.0,#9C00EB,0
8134,42.0,84.0,-48.0,#BD00B4,0
8135,42.0,84.0,-30.0,#C80096,0
8136,42.0,84.0,62.0,#DD0000,0
8137,42.0,88.0,-96.0,#8900FF,0
8138,42.0,88.0,-64.0,#B500CF,0
8139,42.0,88.0,-56.0,#BC00C2,0
8140,42.0,88.0,-42.0,#C600AA,0
8141,42.0,88.0,24.0,#DE0042,0
8142,42.0,88.0,30.0,#DF0038,0
8143,42.0,88.0,46.0,#E0001F,0
8144,42.0,90.0,-70.0,#B200DA,0
8145,42.0,90.0,-24.0,#D2008D,0
8146,42.0,92.0,36.0,#E40030,0
8147,42.0,94.0,26.0,#E5003F,0
8148,42.0,96.0,-56.0,#C700C2,0
8149,42.0,98.0,-24.0,#DC008D,0
8150,42.0,102.0,-66.0,#C700D3,0
8151,42.0,102.0,-18.0,#E30084,0
8152,42.0,102.0,0.0,#E90067,0
8153,42.0,104.0,-60.0,#CF00C9,0
8154,42.0,104.0,-12.0,#E8007A,0
8155,42.0,106.0,-24.0,#E6008D,0
8156,42.0,110.0,-72.0,#CD00DD,0
8157,42.0,112.0,-64.0,#D700D0,0
8158,42.0,116.0,-52.0,#E400BC,0
8159,43.0,-128.0,-6.0,#00866D,0
8160,43.0,-128.0,12.0,#00854F,0
8161,43.0,-128.0,20.0,#008541,0
8162,43.0,-128.0,28.0,#008532,0
8163,43.0,-128.0,36.0,#008521,0
8164,43.0,-128.0,44.0,#008506,0
8165,43.0,-128.0,52.0,#008500,0
8166,43.0,-122.0,-10.0,#008674,0
8167,43.0,-120.0,2.0,#008560,0
8168,43.0,-120.0,8.0,#008556,0
8169,43.0,-120.0,28.0,#008432,0
8170,43.0,-120.0,36.0,#008421,0
8171,43.0,-118.0,58.0,#008300,0
8172,43.0,-116.0,-14.0,#00857B,0
8173,43.0,-112.0,-2.0,#008467,0
8174,43.0,-112.0,30.0,#00832E,0
8175,43.0,-112.0,38.0,#00831C,0
8176,43.0,-112.0,46.0,#008300,0
8177,43.0,-108.0,-18.0,#008582,0
8178,43.0,-108.0,62.0,#008200,0
8179,43.0,-106.0,-12.0,#008478,0
8180,43.0,-104.0,-6.0,#00846E,0
8181,43.0,-104.0,38.0,#00821C,0
8182,43.0,-104.0,46.0,#008200,0
8183,43.0,-100.0,-16.0,#00847E,0
8184,43.0,-100.0,58.0,#008100,0
8185,43.0,-96.0,40.0,#008117,0
8186,43.0,-96.0,48.0,#008100,0
8187,43.0,-96.0,64.0,#008100,0
8188,43.0,-90.0,-8.0,#008271,0
8189,43.0,-88.0,42.0,#008011,0
8190,43.0,-88.0,50.0,#007F00,0
8191,43.0,-86.0,-12.0,#008178,0
8192,43.0,-86.0,66.0,#007F00,0
8193,43.0,-82.0,52.0,#007E00,0
8194,43.0,-80.0,24.0,#007F3A,0
8195,43.0,-80.0,36.0,#007E22,0
8196,43.0,-80.0,42.0,#007E12,0
8197,43.0,-80.0,58.0,#007E00,0
8198,43.0,-78.0,64.0,#007D00,0
8199,43.0,-74.0,54.0,#007D00,0
8200,43.0,-72.0,-2.0,#007E67,0
8201,43.0,-72.0,28.0,#007D33,0
8202,43.0,-70.0,66.0,#007C00,0
8203,43.0,-68.0,-40.0,#0080A7,0
8204,43.0,-68.0,-34.0,#007F9D,0
8205,43.0,-68.0,-6.0,#007D6E,0
8206,43.0,-66.0,6.0,#007C5A,0
8207,43.0,-66.0,54.0,#007B00,0
8208,43.0,-64.0,-10.0,#007D75,0
8209,43.0,-64.0,-2.0,#007C67,0
8210,43.0,-64.0,2.0,#007C61,0
8211,43.0,-64.0,68.0,#007A00,0
8212,43.0,-62.0,-44.0,#007FAE,0
8213,43.0,-62.0,-32.0,#007E99,0
8214,43.0,-60.0,-20.0,#007C85,0
8215,43.0,-60.0,48.0,#007A00,0
8216,43.0,-58.0,0.0,#007B64,0
8217,43.0,-58.0,54.0,#007900,0
8218,43.0,-56.0,-46.0,#007EB1,0
8219,43.0,-56.0,-40.0,#007DA7,0
8220,43.0,-56.0,-34.0,#007D9D,0
8221,43.0,-56.0,38.0,#00791F,0
8222,43.0,-56.0,68.0,#007900,0
8223,43.0,-54.0,44.0,#00780E,0
8224,43.0,-52.0,2.0,#007961,0
8225,43.0,-52.0,50.0,#007800,0
8226,43.0,-52.0,58.0,#007800,0
8227,43.0,-50.0,-42.0,#007CAA,0
8228,43.0,-50.0,32.0,#00772C,0
8229,43.0,-50.0,64.0,#0E7700,0
8230,43.0,-48.0,12.0,#007850,0
8231,43.0,-48.0,38.0,#007720,0
8232,43.0,-46.0,44.0,#15760F,1
8233,43.0,-46.0,58.0,#207600,0
8234,43.0,-46.0,68.0,#257600,0
8235,43.0,-44.0,-54.0,#007BBF,0
8236,43.0,-44.0,-46.0,#007BB1,0
8237,43.0,-42.0,62.0,#307500,0
8238,43.0,-40.0,68.0,#377400,0
8239,43.0,-38.0,-56.0,#007AC2,0
8240,43.0,-38.0,-48.0,#0079B5,0
8241,43.0,-36.0,-24.0,#00768C,0
8242,43.0,-36.0,10.0,#067454,1
8243,43.0,-36.0,14.0,#17744D,1
8244,43.0,-36.0,26.0,#2B7338,1
8245,43.0,-36.0,32.0,#31732D,1
8246,43.0,-34.0,4.0,#00745E,0
8247,43.0,-34.0,62.0,#447200,0
8248,43.0,-34.0,70.0,#457200,0
8249,43.0,-32.0,-26.0,#007590,0
8250,43.0,-32.0,-12.0,#007478,0
8251,43.0,-30.0,6.0,#22725B,1
8252,43.0,-30.0,10.0,#2A7254,1
8253,43.0,-30.0,14.0,#30724D,1
8254,43.0,-30.0,26.0,#3D7139,1
8255,43.0,-30.0,64.0,#4C7100,0
8256,43.0,-28.0,18.0,#3B7147,1
8257,43.0,-28.0,70.0,#517000,0
8258,43.0,-26.0,-64.0,#0077D0,0
8259,43.0,-26.0,-56.0,#0076C3,0
8260,43.0,-26.0,-28.0,#007393,0
8261,43.0,-26.0,-8.0,#047172,1
8262,43.0,-26.0,-4.0,#1B716B,1
8263,43.0,-26.0,2.0,#2B7162,1
8264,43.0,-26.0,22.0,#437040,1
8265,43.0,-24.0,6.0,#38705B,1
8266,43.0,-24.0,10.0,#3D7054,1
8267,43.0,-24.0,14.0,#41704E,1
8268,43.0,-24.0,50.0,#546F00,0
8269,43.0,-24.0,72.0,#586E00,0
8270,43.0,-22.0,-24.0,#00718D,0
8271,43.0,-22.0,-4.0,#2D706C,1
8272,43.0,-22.0,18.0,#496F47,1
8273,43.0,-22.0,36.0,#536E26,1
8274,43.0,-20.0,-58.0,#0074C6,0
8275,43.0,-20.0,44.0,#5A6D12,1
8276,43.0,-20.0,64.0,#5E6D00,0
8277,43.0,-18.0,-44.0,#0072AE,0
8278,43.0,-18.0,-30.0,#007097,0
8279,43.0,-18.0,-24.0,#00708D,0
8280,43.0,-18.0,-10.0,#2F6F75,1
8281,43.0,-18.0,-6.0,#376E6F,1
8282,43.0,-18.0,-2.0,#3D6E68,1
8283,43.0,-18.0,26.0,#566D39,1
8284,43.0,-18.0,32.0,#596D2E,1
8285,43.0,-18.0,70.0,#626C00,0
8286,43.0,-16.0,-38.0,#0070A4,0
8287,43.0,-16.0,-20.0,#176E86,1
8288,43.0,-16.0,64.0,#646B00,0
8289,43.0,-14.0,-62.0,#0072CD,0
8290,43.0,-14.0,-54.0,#0071BF,0
8291,43.0,-14.0,-46.0,#0070B2,0
8292,43.0,-14.0,-26.0,#006E90,0
8293,43.0,-14.0,12.0,#556C51,1
8294,43.0,-14.0,30.0,#5F6B32,1
8295,43.0,-14.0,70.0,#686A00,0
8296,43.0,-12.0,-40.0,#006FA7,0
8297,43.0,-12.0,-22.0,#266D89,1
8298,43.0,-12.0,-18.0,#326D83,1
8299,43.0,-12.0,-2.0,#4C6B68,1
8300,43.0,-12.0,6.0,#546B5B,1
8301,43.0,-12.0,46.0,#676A0D,1
8302,43.0,-12.0,56.0,#696900,0
8303,43.0,-12.0,64.0,#6A6900,0
8304,43.0,-10.0,-68.0,#0072D7,0
8305,43.0,-10.0,-60.0,#0070CA,0
8306,43.0,-10.0,-52.0,#006FBC,0
8307,43.0,-10.0,-28.0,#186D93,1
8308,43.0,-10.0,-10.0,#476B76,1
8309,43.0,-10.0,0.0,#536A65,1
8310,43.0,-10.0,8.0,#5A6A58,1
8311,43.0,-10.0,12.0,#5C6A51,1
8312,43.0,-10.0,24.0,#63693D,1
8313,43.0,-10.0,30.0,#666932,1
8314,43.0,-10.0,70.0,#6E6800,0
8315,43.0,-8.0,-74.0,#0072E2,0
8316,43.0,-8.0,-46.0,#006EB2,0
8317,43.0,-8.0,-24.0,#316B8D,1
8318,43.0,-8.0,-18.0,#3F6B83,1
8319,43.0,-8.0,-8.0,#4E6A72,1
8320,43.0,-8.0,2.0,#586962,1
8321,43.0,-8.0,40.0,#6C681E,1
8322,43.0,-6.0,-66.0,#0070D4,0
8323,43.0,-6.0,-58.0,#006EC6,0
8324,43.0,-6.0,-42.0,#006CAB,0
8325,43.0,-6.0,-20.0,#416A86,1
8326,43.0,-6.0,20.0,#686844,1
8327,43.0,-6.0,24.0,#6A673D,1
8328,43.0,-6.0,68.0,#736600,0
8329,43.0,-4.0,-72.0,#0070DF,0
8330,43.0,-4.0,-52.0,#006DBC,0
8331,43.0,-4.0,-18.0,#4A6983,1
8332,43.0,-4.0,38.0,#716623,1
8333,43.0,-2.0,-64.0,#006DD1,0
8334,43.0,-2.0,-22.0,#48688A,1
8335,43.0,-2.0,-16.0,#516880,1
8336,43.0,-2.0,-12.0,#566779,1
8337,43.0,-2.0,-8.0,#5B6773,1
8338,43.0,-2.0,-4.0,#5F676C,1
8339,43.0,-2.0,4.0,#65665F,1
8340,43.0,-2.0,8.0,#686658,1
8341,43.0,-2.0,12.0,#6A6652,1
8342,43.0,-2.0,16.0,#6C664B,1
8343,43.0,-2.0,20.0,#6E6644,1
8344,43.0,-2.0,70.0,#796400,0
8345,43.0,0.0,-78.0,#006FE9,0
8346,43.0,0.0,-70.0,#006DDB,0
8347,43.0,0.0,-60.0,#006CCA,0
8348,43.0,0.0,-32.0,#39689A,1
8349,43.0,0.0,-20.0,#506786,1
8350,43.0,0.0,-16.0,#566780,1
8351,43.0,0.0,-12.0,#5A6679,1
8352,43.0,0.0,-8.0,#5F6673,1
8353,43.0,0.0,-4.0,#62666C,1
8354,43.0,0.0,4.0,#68655F,1
8355,43.0,0.0,8.0,#6B6558,1
8356,43.0,0.0,12.0,#6D6552,1
8357,43.0,0.0,48.0,#796408,1
8358,43.0,2.0,-56.0,#006AC3,0
8359,43.0,2.0,-48.0,#0069B5,0
8360,43.0,2.0,-24.0,#4F668D,1
8361,43.0,2.0,-20.0,#556686,1
8362,43.0,2.0,-16.0,#5A6680,1
8363,43.0,2.0,-12.0,#5E6579,1
8364,43.0,2.0,-8.0,#626573,1
8365,43.0,2.0,-4.0,#66656C,1
8366,43.0,2.0,4.0,#6C645F,1
8367,43.0,2.0,8.0,#6E6459,1
8368,43.0,2.0,12.0,#716452,1
8369,43.0,4.0,-76.0,#006DE6,0
8370,43.0,4.0,-68.0,#006BD8,0
8371,43.0,4.0,-40.0,#3067A8,1
8372,43.0,4.0,-20.0,#596586,1
8373,43.0,4.0,-16.0,#5E6580,1
8374,43.0,4.0,-12.0,#626479,1
8375,43.0,4.0,-8.0,#666473,1
8376,43.0,4.0,-4.0,#69646C,1
8377,43.0,4.0,0.0,#6C6366,1
8378,43.0,4.0,4.0,#6F635F,1
8379,43.0,4.0,8.0,#716359,1
8380,43.0,4.0,12.0,#746352,1
8381,43.0,4.0,30.0,#7B6233,1
8382,43.0,4.0,36.0,#7C6228,1
8383,43.0,4.0,48.0,#7F6109,1
8384,43.0,4.0,56.0,#806100,0
8385,43.0,6.0,-64.0,#0069D1,0
8386,43.0,6.0,-38.0,#3D66A4,1
8387,43.0,6.0,-28.0,#526594,1
8388,43.0,6.0,-20.0,#5D6486,1
8389,43.0,6.0,-16.0,#626380,1
8390,43.0,6.0,-12.0,#666379,1
8391,43.0,6.0,-8.0,#6A6373,1
8392,43.0,6.0,-4.0,#6D636C,1
8393,43.0,6.0,0.0,#706266,1
8394,43.0,6.0,4.0,#72625F,1
8395,43.0,6.0,8.0,#756259,1
8396,43.0,6.0,12.0,#776252,1
8397,43.0,6.0,28.0,#7D6137,1
8398,43.0,6.0,62.0,#836000,0
8399,43.0,6.0,72.0,#846000,0
8400,43.0,8.0,-76.0,#006AE6,0
8401,43.0,8.0,-48.0,#2066B5,1
8402,43.0,8.0,-26.0,#5A6390,1
8403,43.0,8.0,-16.0,#666280,1
8404,43.0,8.0,-12.0,#696279,1
8405,43.0,8.0,-8.0,#6D6273,1
8406,43.0,8.0,-4.0,#70616C,1
8407,43.0,8.0,0.0,#736166,1
8408,43.0,8.0,4.0,#75615F,1
8409,43.0,8.0,8.0,#786159,1
8410,43.0,8.0,12.0,#7A6052,1
8411,43.0,8.0,16.0,#7B604C,1
8412,43.0,8.0,24.0,#7F603E,1
8413,43.0,8.0,32.0,#816030,1
8414,43.0,8.0,38.0,#825F24,1
8415,43.0,10.0,-84.0,#006BF4,0
8416,43.0,10.0,-72.0,#0069DF,0
8417,43.0,10.0,-56.0,#0066C3,0
8418,43.0,10.0,-46.0,#3465B2,1
8419,43.0,10.0,-34.0,#51639E,1
8420,43.0,10.0,-24.0,#60628D,1
8421,43.0,10.0,-20.0,#656287,1
8422,43.0,10.0,-10.0,#6F6176,1
8423,43.0,10.0,-6.0,#726070,1
8424,43.0,10.0,-2.0,#756069,1
8425,43.0,10.0,2.0,#776063,1
8426,43.0,10.0,6.0,#7A605C,1
8427,43.0,10.0,10.0,#7C5F56,1
8428,43.0,10.0,28.0,#835E37,1
8429,43.0,10.0,62.0,#895E00,0
8430,43.0,10.0,70.0,#895E00,0
8431,43.0,12.0,-54.0,#1465C0,1
8432,43.0,12.0,-32.0,#59629A,1
8433,43.0,12.0,-18.0,#6B6083,1
8434,43.0,12.0,-14.0,#6F607D,1
8435,43.0,12.0,-4.0,#775F6C,1
8436,43.0,12.0,0.0,#795F66,1
8437,43.0,12.0,4.0,#7B5E5F,1
8438,43.0,12.0,8.0,#7E5E59,1
8439,43.0,12.0,14.0,#805E4F,1
8440,43.0,12.0,24.0,#845D3E,1
8441,43.0,12.0,34.0,#875D2D,1
8442,43.0,12.0,40.0,#885D21,1
8443,43.0,14.0,-84.0,#0069F4,0
8444,43.0,14.0,-72.0,#0066DF,0
8445,43.0,14.0,-64.0,#0065D1,0
8446,43.0,14.0,-52.0,#2E63BC,1
8447,43.0,14.0,-30.0,#616097,1
8448,43.0,14.0,-26.0,#666091,1
8449,43.0,14.0,-22.0,#6A5F8A,1
8450,43.0,14.0,-12.0,#745E7A,1
8451,43.0,14.0,-8.0,#775E73,1
8452,43.0,14.0,-2.0,#7B5E69,1
8453,43.0,14.0,2.0,#7D5D63,1
8454,43.0,14.0,12.0,#825D52,1
8455,43.0,14.0,30.0,#895C34,1
8456,43.0,16.0,-20.0,#705E87,1
8457,43.0,16.0,-16.0,#745D80,1
8458,43.0,16.0,-6.0,#7B5D70,1
8459,43.0,16.0,0.0,#7F5C66,1
8460,43.0,16.0,6.0,#825C5C,1
8461,43.0,16.0,10.0,#845B56,1
8462,43.0,16.0,16.0,#875B4C,1
8463,43.0,16.0,20.0,#885B45,1
8464,43.0,16.0,28.0,#8B5B38,1
8465,43.0,16.0,36.0,#8D5A29,1
8466,43.0,16.0,42.0,#8E5A1D,1
8467,43.0,18.0,-72.0,#0064DF,0
8468,43.0,18.0,-52.0,#3E61BC,1
8469,43.0,18.0,-32.0,#665E9B,1
8470,43.0,18.0,-28.0,#6B5D94,1
8471,43.0,18.0,-24.0,#6F5D8D,1
8472,43.0,18.0,-14.0,#795C7D,1
8473,43.0,18.0,-10.0,#7C5C76,1
8474,43.0,18.0,4.0,#845A60,1
8475,43.0,18.0,14.0,#895A4F,1
8476,43.0,18.0,34.0,#8F592D,1
8477,43.0,20.0,-88.0,#0066FB,0
8478,43.0,20.0,-80.0,#0064ED,0
8479,43.0,20.0,-50.0,#4A5FB9,1
8480,43.0,20.0,-22.0,#755B8A,1
8481,43.0,20.0,-18.0,#795B83,1
8482,43.0,20.0,-6.0,#825A70,1
8483,43.0,20.0,-2.0,#845969,1
8484,43.0,20.0,8.0,#895959,1
8485,43.0,20.0,12.0,#8B5953,1
8486,43.0,20.0,18.0,#8D5849,1
8487,43.0,20.0,22.0,#8E5842,1
8488,43.0,20.0,30.0,#915835,1
8489,43.0,20.0,40.0,#935722,1
8490,43.0,22.0,-66.0,#0060D4,0
8491,43.0,22.0,-38.0,#665CA5,1
8492,43.0,22.0,-32.0,#6E5B9B,1
8493,43.0,22.0,-28.0,#725B94,1
8494,43.0,22.0,-14.0,#7F597D,1
8495,43.0,22.0,-10.0,#825976,1
8496,43.0,22.0,2.0,#895863,1
8497,43.0,22.0,6.0,#8B575D,1
8498,43.0,22.0,36.0,#94562A,1
8499,43.0,22.0,66.0,#985500,0
8500,43.0,24.0,-88.0,#0064FB,0
8501,43.0,24.0,-80.0,#0062ED,0
8502,43.0,24.0,-64.0,#275FD1,1
8503,43.0,24.0,-26.0,#785991,1
8504,43.0,24.0,-22.0,#7C588A,1
8505,43.0,24.0,-18.0,#7F5884,1
8506,43.0,24.0,-6.0,#875770,1
8507,43.0,24.0,-2.0,#8A576A,1
8508,43.0,24.0,10.0,#8F5656,1
8509,43.0,24.0,14.0,#915550,1
8510,43.0,24.0,20.0,#935546,1
8511,43.0,24.0,24.0,#94553F,1
8512,43.0,24.0,34.0,#97542E,1
8513,43.0,24.0,42.0,#98541E,1
8514,43.0,24.0,72.0,#9B5400,0
8515,43.0,26.0,-50.0,#5B5BB9,1
8516,43.0,26.0,-44.0,#655AAF,1
8517,43.0,26.0,-38.0,#6E59A5,1
8518,43.0,26.0,-32.0,#75589B,1
8519,43.0,26.0,-14.0,#85567D,1
8520,43.0,26.0,-10.0,#885677,1
8521,43.0,26.0,2.0,#8F5563,1
8522,43.0,26.0,6.0,#90545D,1
8523,43.0,26.0,64.0,#9D5200,0
8524,43.0,28.0,-94.0,#0062FF,0
8525,43.0,28.0,-88.0,#0061FB,0
8526,43.0,28.0,-74.0,#005EE2,0
8527,43.0,28.0,-64.0,#3B5CD1,1
8528,43.0,28.0,-26.0,#7F5691,1
8529,43.0,28.0,-22.0,#82558A,1
8530,43.0,28.0,-4.0,#8E546D,1
8531,43.0,28.0,10.0,#955256,1
8532,43.0,28.0,24.0,#99523F,1
8533,43.0,28.0,40.0,#9D5123,1
8534,43.0,28.0,60.0,#9F5100,0
8535,43.0,28.0,70.0,#A05000,0
8536,43.0,30.0,-70.0,#275CDB,1
8537,43.0,30.0,-62.0,#495ACE,1
8538,43.0,30.0,-50.0,#6458B9,1
8539,43.0,30.0,-44.0,#6D57AF,1
8540,43.0,30.0,-38.0,#7556A5,1
8541,43.0,30.0,-32.0,#7C559B,1
8542,43.0,30.0,-8.0,#8F5273,1
8543,43.0,30.0,0.0,#935267,1
8544,43.0,30.0,4.0,#955160,1
8545,43.0,30.0,36.0,#9F4F2B,1
8546,43.0,32.0,-94.0,#0060FF,0
8547,43.0,32.0,-88.0,#005EFB,0
8548,43.0,32.0,-16.0,#8D5181,1
8549,43.0,32.0,-12.0,#8F517A,1
8550,43.0,32.0,8.0,#994F5A,1
8551,43.0,32.0,60.0,#A44D00,0
8552,43.0,32.0,66.0,#A44D00,0
8553,43.0,34.0,-70.0,#3C59DB,1
8554,43.0,34.0,-62.0,#5557CE,1
8555,43.0,34.0,-56.0,#6256C3,1
8556,43.0,34.0,-44.0,#7554AF,1
8557,43.0,34.0,-38.0,#7C53A5,1
8558,43.0,34.0,-30.0,#855198,1
8559,43.0,34.0,-26.0,#885191,1
8560,43.0,34.0,-22.0,#8B508A,1
8561,43.0,34.0,-6.0,#964F70,1
8562,43.0,34.0,-2.0,#984E6A,1
8563,43.0,34.0,2.0,#9A4E63,1
8564,43.0,34.0,12.0,#9D4D53,1
8565,43.0,34.0,16.0,#9F4D4D,1
8566,43.0,34.0,34.0,#A34C2F,1
8567,43.0,34.0,42.0,#A54C1F,1
8568,43.0,36.0,-94.0,#005DFF,0
8569,43.0,36.0,-10.0,#964D77,1
8570,43.0,36.0,6.0,#9E4C5D,1
8571,43.0,36.0,24.0,#A44A40,1
8572,43.0,36.0,58.0,#A94900,0
8573,43.0,36.0,66.0,#A94900,0
8574,43.0,38.0,-70.0,#4B55DC,1
8575,43.0,38.0,-56.0,#6B52C3,1
8576,43.0,38.0,-36.0,#854FA2,1
8577,43.0,38.0,10.0,#A24957,1
8578,43.0,38.0,34.0,#A8482F,1
8579,43.0,40.0,-94.0,#005AFF,0
8580,43.0,40.0,-6.0,#9E4971,1
8581,43.0,40.0,-2.0,#A0486A,1
8582,43.0,40.0,2.0,#A14864,1
8583,43.0,40.0,14.0,#A64750,1
8584,43.0,40.0,18.0,#A7474A,1
8585,43.0,40.0,46.0,#AC4517,1
8586,43.0,40.0,64.0,#AE4500,0
8587,43.0,42.0,-70.0,#5752DC,1
8588,43.0,42.0,-62.0,#6950CE,1
8589,43.0,42.0,6.0,#A6455D,1
8590,43.0,44.0,10.0,#AA4357,1
8591,43.0,44.0,40.0,#B04125,1
8592,43.0,46.0,-96.0,#0055FF,0
8593,43.0,46.0,-76.0,#524FE6,1
8594,43.0,46.0,-20.0,#9E4487,1
8595,43.0,46.0,-6.0,#A64271,1
8596,43.0,46.0,14.0,#AD4051,1
8597,43.0,46.0,18.0,#AE404A,1
8598,43.0,46.0,46.0,#B33E19,1
8599,43.0,46.0,58.0,#B53E00,0
8600,43.0,48.0,-44.0,#8E46AF,1
8601,43.0,48.0,-30.0,#9A4398,1
8602,43.0,48.0,-16.0,#A34181,1
8603,43.0,48.0,6.0,#AD3E5E,1
8604,43.0,48.0,24.0,#B23C41,1
8605,43.0,48.0,28.0,#B33C3A,1
8606,43.0,48.0,32.0,#B43C33,1
8607,43.0,48.0,52.0,#B63B08,1
8608,43.0,50.0,-96.0,#0051FF,0
8609,43.0,50.0,-90.0,#1F4FFF,1
8610,43.0,50.0,-62.0,#7A48CE,1
8611,43.0,50.0,-40.0,#9542A9,1
8612,43.0,50.0,38.0,#B73929,1
8613,43.0,52.0,-78.0,#5E4AEA,1
8614,43.0,52.0,-72.0,#6C48DF,1
8615,43.0,52.0,-52.0,#8B43BD,1
8616,43.0,52.0,-36.0,#9B3FA2,1
8617,43.0,52.0,-8.0,#AD3A74,1
8618,43.0,52.0,0.0,#B03967,1
8619,43.0,52.0,10.0,#B33857,1
8620,43.0,52.0,16.0,#B5374E,1
8621,43.0,52.0,20.0,#B63747,1
8622,43.0,52.0,58.0,#BC3500,0
8623,43.0,52.0,70.0,#BC3500,0
8624,43.0,54.0,-88.0,#434BFB,1
8625,43.0,54.0,-68.0,#7844D8,1
8626,43.0,54.0,-48.0,#933FB6,1
8627,43.0,54.0,-18.0,#AA3984,1
8628,43.0,54.0,26.0,#BA333E,1
8629,43.0,54.0,30.0,#BB3337,1
8630,43.0,54.0,34.0,#BB3331,1
8631,43.0,56.0,-84.0,#5947F4,1
8632,43.0,56.0,-44.0,#9A3BAF,1
8633,43.0,56.0,40.0,#BF2F26,1
8634,43.0,56.0,56.0,#C02E00,0
8635,43.0,58.0,-96.0,#2B49FF,0
8636,43.0,58.0,-80.0,#6943ED,1
8637,43.0,58.0,-54.0,#933BC0,1
8638,43.0,58.0,-40.0,#A137A9,1
8639,43.0,58.0,-14.0,#B2317E,1
8640,43.0,58.0,8.0,#BA2E5B,1
8641,43.0,58.0,18.0,#BD2C4B,1
8642,43.0,58.0,22.0,#BE2C45,1
8643,43.0,58.0,70.0,#C32900,0
8644,43.0,60.0,-92.0,#4B45FF,0
8645,43.0,60.0,-34.0,#A8329F,1
8646,43.0,60.0,28.0,#C1273B,1
8647,43.0,60.0,62.0,#C52500,0
8648,43.0,62.0,-88.0,#5F41FC,1
8649,43.0,62.0,-66.0,#8B39D5,1
8650,43.0,62.0,-60.0,#9336CB,1
8651,43.0,62.0,40.0,#C62127,1
8652,43.0,62.0,46.0,#C6201C,1
8653,43.0,62.0,58.0,#C71F00,0
8654,43.0,62.0,68.0,#C81F00,0
8655,43.0,64.0,-30.0,#B12998,1
8656,43.0,64.0,-20.0,#B62688,1
8657,43.0,64.0,4.0,#C02062,1
8658,43.0,64.0,10.0,#C21F58,1
8659,43.0,64.0,24.0,#C51C42,1
8660,43.0,66.0,30.0,#C91338,1
8661,43.0,68.0,-26.0,#B81C92,1
8662,43.0,68.0,48.0,#CD0319,1
8663,43.0,68.0,58.0,#CE0200,0
8664,43.0,68.0,70.0,#CF0100,0
8665,43.0,70.0,-82.0,#8031F1,1
8666,43.0,70.0,-36.0,#B51AA2,1
8667,43.0,70.0,-2.0,#C6066B,1
8668,43.0,70.0,14.0,#CA0052,0
8669,43.0,70.0,20.0,#CC0049,0
8670,43.0,70.0,26.0,#CD003F,0
8671,43.0,70.0,54.0,#D0000B,0
8672,43.0,72.0,-96.0,#6534FF,0
8673,43.0,72.0,-48.0,#AF19B7,1
8674,43.0,72.0,-42.0,#B315AC,1
8675,43.0,72.0,-16.0,#C30082,0
8676,43.0,72.0,-10.0,#C50078,0
8677,43.0,72.0,6.0,#CB005F,0
8678,43.0,72.0,32.0,#D00036,0
8679,43.0,72.0,38.0,#D1002C,0
8680,43.0,74.0,-78.0,#8F25EA,1
8681,43.0,74.0,-32.0,#BD009C,0
8682,43.0,74.0,44.0,#D40022,0
8683,43.0,74.0,50.0,#D40016,0
8684,43.0,76.0,-38.0,#BC00A6,0
8685,43.0,76.0,12.0,#D10056,0
8686,43.0,76.0,18.0,#D2004C,0
8687,43.0,76.0,24.0,#D30043,0
8688,43.0,78.0,-96.0,#7527FF,0
8689,43.0,78.0,-52.0,#B400BD,0
8690,43.0,78.0,-44.0,#BA00B0,0
8691,43.0,78.0,-4.0,#CF006F,0
8692,43.0,78.0,2.0,#D10065,0
8693,43.0,78.0,30.0,#D7003A,0
8694,43.0,78.0,36.0,#D70030,0
8695,43.0,80.0,-60.0,#AF00CB,0
8696,43.0,80.0,-12.0,#CE007C,0
8697,43.0,80.0,8.0,#D5005C,0
8698,43.0,80.0,42.0,#DA0026,0
8699,43.0,80.0,48.0,#DB001B,0
8700,43.0,80.0,74.0,#DC0000,0
8701,43.0,82.0,-68.0,#AA00D9,0
8702,43.0,82.0,-36.0,#C500A3,0
8703,43.0,82.0,14.0,#D80053,0
8704,43.0,82.0,20.0,#DA004A,0
8705,43.0,82.0,26.0,#DB0040,0
8706,43.0,84.0,34.0,#DE0034,0
8707,43.0,88.0,-12.0,#D8007C,0
8708,43.0,88.0,6.0,#DD0060,0
8709,43.0,88.0,12.0,#DF0056,0
8710,43.0,88.0,52.0,#E40016,0
8711,43.0,90.0,-36.0,#CF00A3,0
8712,43.0,92.0,-80.0,#AC00EE,0
8713,43.0,92.0,-48.0,#CA00B7,0
8714,43.0,92.0,-6.0,#DF0073,0
8715,43.0,94.0,-86.0,#A800F8,0
8716,43.0,94.0,14.0,#E60054,0
8717,43.0,96.0,-42.0,#D400AD,0
8718,43.0,96.0,-30.0,#DA0099,0
8719,43.0,96.0,-12.0,#E2007C,0
8720,43.0,96.0,6.0,#E70060,0
8721,43.0,98.0,-74.0,#BD00E4,0
8722,43.0,98.0,-36.0,#DA00A3,0
8723,43.0,100.0,-94.0,#A700FF,0
8724,43.0,100.0,-80.0,#B900EE,0
8725,43.0,100.0,-6.0,#E80073,0
8726,43.0,100.0,12.0,#ED0057,0
8727,43.0,104.0,-88.0,#B600FC,0
8728,43.0,104.0,-42.0,#DE00AD,0
8729,43.0,104.0,-30.0,#E4009A,0
8730,43.0,106.0,-78.0,#C500EB,0
8731,43.0,108.0,-94.0,#B500FF,0
8732,43.0,108.0,-48.0,#E000B7,0
8733,43.0,112.0,-42.0,#E800AE,0
8734,43.0,112.0,-30.0,#EE009A,0
8735,43.0,114.0,-36.0,#EE00A4,0
8736,43.0,118.0,-74.0,#DA00E4,0
8737,43.0,120.0,-90.0,#CD00FF,0
8738,43.0,120.0,-68.0,#E200DA,0
8739,44.0,-112.0,6.0,#00875C,0
8740,44.0,-106.0,2.0,#008663,0
8741,44.0,-104.0,8.0,#008658,0
8742,44.0,-104.0,30.0,#008531,0
8743,44.0,-98.0,-24.0,#00878E,0
8744,44.0,-98.0,4.0,#00855F,0
8745,44.0,-96.0,32.0,#00842D,0
8746,44.0,-94.0,16.0,#00844B,0
8747,44.0,-92.0,22.0,#008340,0
8748,44.0,-90.0,-28.0,#008695,0
8749,44.0,-90.0,-22.0,#00858B,0
8750,44.0,-90.0,0.0,#008466,0
8751,44.0,-90.0,28.0,#008335,0
8752,44.0,-88.0,6.0,#00835C,0
8753,44.0,-88.0,34.0,#008229,0
8754,44.0,-88.0,56.0,#008200,0
8755,44.0,-84.0,-4.0,#00836D,0
8756,44.0,-82.0,-32.0,#00859C,0
8757,44.0,-82.0,-26.0,#008492,0
8758,44.0,-82.0,-20.0,#008488,0
8759,44.0,-80.0,8.0,#008259,0
8760,44.0,-80.0,30.0,#008131,0
8761,44.0,-78.0,14.0,#00814F,0
8762,44.0,-78.0,72.0,#008000,0
8763,44.0,-76.0,-36.0,#0084A3,0
8764,44.0,-76.0,-30.0,#008399,0
8765,44.0,-76.0,-18.0,#008284,0
8766,44.0,-74.0,-24.0,#00828E,0
8767,44.0,-74.0,2.0,#008163,0
8768,44.0,-74.0,48.0,#008000,0
8769,44.0,-72.0,8.0,#008059,0
8770,44.0,-70.0,-16.0,#008181,0
8771,44.0,-70.0,-10.0,#008177,0
8772,44.0,-70.0,14.0,#00804F,0
8773,44.0,-70.0,72.0,#007E00,0
8774,44.0,-68.0,-26.0,#008192,0
8775,44.0,-68.0,-20.0,#008188,0
8776,44.0,-68.0,20.0,#007F44,0
8777,44.0,-64.0,-14.0,#00807E,0
8778,44.0,-62.0,12.0,#007E52,0
8779,44.0,-62.0,18.0,#007E48,0
8780,44.0,-60.0,22.0,#007D41,0
8781,44.0,-58.0,-12.0,#007E7B,0
8782,44.0,-58.0,28.0,#007C36,0
8783,44.0,-58.0,60.0,#007C00,0
8784,44.0,-56.0,-26.0,#007F92,0
8785,44.0,-56.0,-16.0,#007E81,0
8786,44.0,-56.0,-8.0,#007D74,0
8787,44.0,-56.0,10.0,#007C56,0
8788,44.0,-56.0,16.0,#007C4C,0
8789,44.0,-56.0,74.0,#007B00,0
8790,44.0,-54.0,20.0,#007B45,0
8791,44.0,-52.0,24.0,#007B3E,0
8792,44.0,-50.0,-24.0,#007D8F,0
8793,44.0,-50.0,-18.0,#007C85,0
8794,44.0,-50.0,-14.0,#007C7E,0
8795,44.0,-50.0,6.0,#007B5D,0
8796,44.0,-48.0,16.0,#007A4C,0
8797,44.0,-48.0,74.0,#237900,0
8798,44.0,-46.0,-32.0,#007C9C,0
8799,44.0,-46.0,-26.0,#007C92,0
8800,44.0,-46.0,-2.0,#007A6A,0
8801,44.0,-44.0,-20.0,#007B88,0
8802,44.0,-44.0,-12.0,#007A7B,0
8803,44.0,-44.0,2.0,#007964,0
8804,44.0,-42.0,12.0,#007853,0
8805,44.0,-42.0,28.0,#177837,1
8806,44.0,-42.0,34.0,#21782B,1
8807,44.0,-42.0,74.0,#367700,0
8808,44.0,-40.0,-40.0,#007BAA,0
8809,44.0,-40.0,-34.0,#007BA0,0
8810,44.0,-40.0,-28.0,#007A96,0
8811,44.0,-40.0,-22.0,#007A8C,0
8812,44.0,-40.0,-4.0,#00796E,0
8813,44.0,-38.0,-16.0,#007982,0
8814,44.0,-38.0,-12.0,#00787B,0
8815,44.0,-38.0,-8.0,#007874,0
8816,44.0,-38.0,0.0,#007867,0
8817,44.0,-38.0,18.0,#197749,1
8818,44.0,-38.0,48.0,#397603,1
8819,44.0,-36.0,22.0,#297642,1
8820,44.0,-36.0,40.0,#3A761E,1
8821,44.0,-34.0,-50.0,#007BBB,0
8822,44.0,-34.0,-42.0,#007AAD,0
8823,44.0,-34.0,-36.0,#0079A3,0
8824,44.0,-34.0,-20.0,#007888,0
8825,44.0,-34.0,50.0,#437500,0
8826,44.0,-34.0,56.0,#457500,0
8827,44.0,-32.0,-16.0,#007782,0
8828,44.0,-32.0,-8.0,#007674,0
8829,44.0,-32.0,0.0,#007667,0
8830,44.0,-32.0,18.0,#327549,1
8831,44.0,-32.0,42.0,#44741A,1
8832,44.0,-30.0,22.0,#3C7442,1
8833,44.0,-28.0,-44.0,#0078B1,0
8834,44.0,-28.0,-38.0,#0077A7,0
8835,44.0,-28.0,44.0,#4E7314,1
8836,44.0,-26.0,-16.0,#007582,0
8837,44.0,-26.0,-12.0,#00747B,0
8838,44.0,-26.0,36.0,#4E7228,1
8839,44.0,-24.0,-46.0,#0077B4,0
8840,44.0,-22.0,-34.0,#0075A0,0
8841,44.0,-22.0,-18.0,#007385,0
8842,44.0,-22.0,-14.0,#0C737F,1
8843,44.0,-22.0,-10.0,#207378,1
8844,44.0,-22.0,2.0,#3A7264,1
8845,44.0,-20.0,-50.0,#0076BB,0
8846,44.0,-20.0,22.0,#527042,1
8847,44.0,-20.0,58.0,#5F6F00,0
8848,44.0,-18.0,-18.0,#187285,1
8849,44.0,-18.0,-14.0,#27717F,1
8850,44.0,-18.0,2.0,#457064,1
8851,44.0,-18.0,6.0,#4A705E,1
8852,44.0,-18.0,14.0,#517050,1
8853,44.0,-18.0,18.0,#546F49,1
8854,44.0,-18.0,38.0,#5E6F24,1
8855,44.0,-18.0,50.0,#616F00,0
8856,44.0,-16.0,-68.0,#0077DA,0
8857,44.0,-16.0,54.0,#656E00,0
8858,44.0,-14.0,-16.0,#327082,1
8859,44.0,-14.0,-12.0,#3B6F7B,1
8860,44.0,-14.0,-8.0,#426F75,1
8861,44.0,-14.0,-4.0,#476F6E,1
8862,44.0,-14.0,0.0,#4C6F68,1
8863,44.0,-14.0,4.0,#506E61,1
8864,44.0,-14.0,16.0,#5A6E4D,1
8865,44.0,-14.0,20.0,#5D6E46,1
8866,44.0,-14.0,24.0,#5F6E3F,1
8867,44.0,-14.0,36.0,#646D29,1
8868,44.0,-14.0,42.0,#666D1C,1
8869,44.0,-12.0,-32.0,#00709D,0
8870,44.0,-12.0,2.0,#536E64,1
8871,44.0,-10.0,-14.0,#436E7F,1
8872,44.0,-10.0,-6.0,#4E6D72,1
8873,44.0,-10.0,4.0,#596D61,1
8874,44.0,-10.0,20.0,#646C46,1
8875,44.0,-10.0,36.0,#6A6B29,1
8876,44.0,-8.0,-36.0,#006FA3,0
8877,44.0,-8.0,-4.0,#556C6E,1
8878,44.0,-8.0,6.0,#5E6C5E,1
8879,44.0,-8.0,46.0,#706A11,1
8880,44.0,-6.0,-14.0,#4D6C7F,1
8881,44.0,-6.0,14.0,#676A51,1
8882,44.0,-6.0,34.0,#70692E,1
8883,44.0,-6.0,50.0,#746902,1
8884,44.0,-4.0,-30.0,#336C99,1
8885,44.0,-4.0,-12.0,#546B7C,1
8886,44.0,-4.0,-8.0,#596B75,1
8887,44.0,-4.0,-4.0,#5D6A6E,1
8888,44.0,-4.0,4.0,#646A61,1
8889,44.0,-4.0,8.0,#676A5B,1
8890,44.0,-4.0,12.0,#696954,1
8891,44.0,-4.0,16.0,#6C694D,1
8892,44.0,-2.0,32.0,#756832,1
8893,44.0,0.0,-40.0,#1E6CAA,1
8894,44.0,2.0,32.0,#7B6532,1
8895,44.0,2.0,38.0,#7D6526,1
8896,44.0,4.0,-46.0,#146AB5,1
8897,44.0,4.0,-30.0,#4C689A,1
8898,44.0,6.0,34.0,#81632E,1
8899,44.0,6.0,40.0,#836322,1
8900,44.0,8.0,-58.0,#006AC9,0
8901,44.0,8.0,-36.0,#4B67A4,1
8902,44.0,8.0,56.0,#886100,0
8903,44.0,10.0,52.0,#8A6000,0
8904,44.0,12.0,-42.0,#4965AE,1
8905,44.0,12.0,58.0,#8E5F00,0
8906,44.0,14.0,-40.0,#5364AB,1
8907,44.0,14.0,52.0,#905E00,0
8908,44.0,14.0,74.0,#925D00,0
8909,44.0,16.0,-38.0,#5B62A7,1
8910,44.0,16.0,58.0,#935C00,0
8911,44.0,16.0,66.0,#945C00,0
8912,44.0,18.0,-36.0,#6361A4,1
8913,44.0,18.0,54.0,#955B00,0
8914,44.0,18.0,72.0,#975B00,0
8915,44.0,20.0,46.0,#975A16,1
8916,44.0,20.0,60.0,#985900,0
8917,44.0,22.0,52.0,#9A5802,1
8918,44.0,24.0,-72.0,#0063E2,0
8919,44.0,24.0,58.0,#9D5600,0
8920,44.0,26.0,54.0,#9F5500,0
8921,44.0,28.0,-56.0,#565DC6,1
8922,44.0,28.0,46.0,#A15318,1
8923,44.0,30.0,52.0,#A45105,1
8924,44.0,34.0,48.0,#A84E14,1
8925,44.0,36.0,40.0,#AA4C26,1
8926,44.0,36.0,72.0,#AD4B00,0
8927,44.0,38.0,-80.0,#1C5AF0,1
8928,44.0,40.0,-52.0,#7852BF,1
8929,44.0,40.0,-32.0,#8F4F9E,1
8930,44.0,40.0,40.0,#AF4826,1
8931,44.0,40.0,52.0,#B04809,1
8932,44.0,42.0,-80.0,#3757F0,1
8933,44.0,42.0,-42.0,#884EAF,1
8934,44.0,42.0,58.0,#B34500,0
8935,44.0,44.0,-38.0,#904CA8,1
8936,44.0,46.0,-70.0,#6550DF,1
8937,44.0,46.0,-56.0,#7E4DC6,1
8938,44.0,46.0,-50.0,#864CBC,1
8939,44.0,46.0,-34.0,#9749A1,1
8940,44.0,46.0,64.0,#B84000,0
8941,44.0,46.0,72.0,#B94000,0
8942,44.0,48.0,-66.0,#724DD8,1
8943,44.0,50.0,-12.0,#AB407D,1
8944,44.0,52.0,-58.0,#8647CA,1
8945,44.0,52.0,-22.0,#A83F8E,1
8946,44.0,52.0,64.0,#BF3800,0
8947,44.0,54.0,50.0,#C03513,1
8948,44.0,58.0,-24.0,#AF3691,1
8949,44.0,60.0,-74.0,#7D41E6,1
8950,44.0,60.0,0.0,#BD2E6A,1
8951,44.0,60.0,52.0,#C82910,1
8952,44.0,62.0,-46.0,#A435B6,1
8953,44.0,64.0,-4.0,#C12671,1
8954,44.0,66.0,-76.0,#8638E9,1
8955,44.0,66.0,-54.0,#A330C3,1
8956,44.0,66.0,-42.0,#AE2CAF,1
8957,44.0,66.0,-10.0,#C1227B,1
8958,44.0,66.0,64.0,#CF1600,0
8959,44.0,68.0,42.0,#D00D27,1
8960,44.0,70.0,-66.0,#9C2CD8,1
8961,44.0,72.0,-60.0,#A624CE,1
8962,44.0,76.0,-72.0,#9E1FE3,1
8963,44.0,78.0,-18.0,#CC0088,0
8964,44.0,78.0,56.0,#DD000B,0
8965,44.0,84.0,-74.0,#A900E6,0
8966,44.0,84.0,-56.0,#BC00C7,0
8967,44.0,84.0,-6.0,#D80075,0
8968,44.0,84.0,54.0,#E30012,0
8969,44.0,86.0,-18.0,#D60088,0
8970,44.0,86.0,0.0,#DD006B,0
8971,44.0,86.0,40.0,#E4002D,0
8972,44.0,88.0,-90.0,#9A00FF,0
8973,44.0,88.0,18.0,#E3004F,0
8974,44.0,88.0,60.0,#E80004,0
8975,44.0,90.0,-60.0,#C100CE,0
8976,44.0,92.0,-68.0,#BD00DC,0
8977,44.0,94.0,-92.0,#A200FF,0
8978,44.0,94.0,-18.0,#E00088,0
8979,44.0,94.0,0.0,#E6006C,0
8980,44.0,94.0,20.0,#EB004D,0
8981,44.0,94.0,42.0,#EE002B,0
8982,44.0,98.0,-66.0,#C800D9,0
8983,44.0,100.0,-50.0,#D700BD,0
8984,44.0,100.0,18.0,#F10050,0
8985,44.0,106.0,-54.0,#DC00C4,0
8986,44.0,110.0,-88.0,#C300FF,0
8987,44.0,112.0,-76.0,#D300EA,0
8988,44.0,114.0,-82.0,#D000F5,0
8989,44.0,114.0,-58.0,#E400CB,0
8990,44.0,122.0,-80.0,#DE00F1,0
8991,45.0,-128.0,-2.0,#008C6C,0
8992,45.0,-128.0,4.0,#008C61,0
8993,45.0,-124.0,48.0,#008A00,0
8994,45.0,-122.0,-6.0,#008B72,0
8995,45.0,-120.0,0.0,#008B68,0
8996,45.0,-120.0,12.0,#008A54,0
8997,45.0,-120.0,18.0,#008A49,0
8998,45.0,-120.0,42.0,#008A16,0
8999,45.0,-116.0,-12.0,#008B7C,0
9000,45.0,-114.0,-6.0,#008B72,0
9001,45.0,-112.0,0.0,#008A68,0
9002,45.0,-112.0,12.0,#008954,0
9003,45.0,-112.0,18.0,#008949,0
9004,45.0,-112.0,24.0,#00893E,0
9005,45.0,-112.0,54.0,#008900,0
9006,45.0,-110.0,-16.0,#008B83,0
9007,45.0,-108.0,-8.0,#008A76,0
9008,45.0,-108.0,46.0,#008806,0
9009,45.0,-104.0,-18.0,#008A87,0
9010,45.0,-104.0,16.0,#00884D,0
9011,45.0,-104.0,22.0,#008842,0
9012,45.0,-104.0,52.0,#008700,0
9013,45.0,-102.0,-10.0,#008979,0
9014,45.0,-100.0,42.0,#008717,0
9015,45.0,-98.0,-4.0,#00886F,0
9016,45.0,-94.0,-10.0,#008879,0
9017,45.0,-92.0,62.0,#008500,0
9018,45.0,-88.0,14.0,#008651,0
9019,45.0,-84.0,38.0,#008422,0
9020,45.0,-84.0,50.0,#008400,0
9021,45.0,-82.0,-16.0,#008683,0
9022,45.0,-82.0,-10.0,#008679,0
9023,45.0,-80.0,2.0,#008565,0
9024,45.0,-80.0,20.0,#008446,0
9025,45.0,-76.0,-12.0,#00857D,0
9026,45.0,-76.0,-2.0,#00846C,0
9027,45.0,-76.0,36.0,#008327,0
9028,45.0,-76.0,58.0,#008300,0
9029,45.0,-74.0,-6.0,#008473,0
9030,45.0,-74.0,42.0,#008219,0
9031,45.0,-72.0,26.0,#00823C,0
9032,45.0,-72.0,64.0,#008200,0
9033,45.0,-70.0,32.0,#008230,0
9034,45.0,-70.0,54.0,#008100,0
9035,45.0,-68.0,-2.0,#00836C,0
9036,45.0,-68.0,38.0,#008123,0
9037,45.0,-66.0,4.0,#008262,0
9038,45.0,-66.0,60.0,#008000,0
9039,45.0,-64.0,28.0,#008038,0
9040,45.0,-64.0,42.0,#008019,0
9041,45.0,-64.0,48.0,#008002,0
9042,45.0,-64.0,74.0,#008000,0
9043,45.0,-62.0,-22.0,#00828E,0
9044,45.0,-62.0,0.0,#008169,0
9045,45.0,-62.0,34.0,#00802C,0
9046,45.0,-62.0,54.0,#007F00,0
9047,45.0,-60.0,-36.0,#0083A5,0
9048,45.0,-60.0,-4.0,#008170,0
9049,45.0,-60.0,6.0,#00805F,0
9050,45.0,-58.0,44.0,#007F14,0
9051,45.0,-56.0,2.0,#007F66,0
9052,45.0,-56.0,32.0,#007E31,0
9053,45.0,-56.0,50.0,#007E00,0
9054,45.0,-54.0,-2.0,#007F6C,0
9055,45.0,-52.0,36.0,#007D29,0
9056,45.0,-52.0,62.0,#077D00,0
9057,45.0,-50.0,28.0,#007D39,0
9058,45.0,-50.0,68.0,#1B7C00,0
9059,45.0,-48.0,-48.0,#0081BA,0
9060,45.0,-48.0,-10.0,#007E7A,0
9061,45.0,-48.0,-6.0,#007E73,0
9062,45.0,-48.0,10.0,#007D58,0
9063,45.0,-48.0,54.0,#1D7C00,0
9064,45.0,-44.0,6.0,#007C5F,0
9065,45.0,-44.0,18.0,#007B4B,0
9066,45.0,-44.0,24.0,#007B40,0
9067,45.0,-40.0,38.0,#2F7925,1
9068,45.0,-40.0,56.0,#397900,0
9069,45.0,-38.0,6.0,#007A5F,0
9070,45.0,-38.0,62.0,#407800,0
9071,45.0,-36.0,76.0,#477800,0
9072,45.0,-34.0,14.0,#277852,1
9073,45.0,-34.0,26.0,#37783D,1
9074,45.0,-34.0,32.0,#3C7832,1
9075,45.0,-32.0,6.0,#1F7860,1
9076,45.0,-32.0,70.0,#4F7600,0
9077,45.0,-30.0,-58.0,#007DCC,0
9078,45.0,-30.0,-30.0,#007A9C,0
9079,45.0,-30.0,-24.0,#007992,0
9080,45.0,-30.0,-10.0,#00787A,0
9081,45.0,-30.0,76.0,#537600,0
9082,45.0,-28.0,4.0,#2C7763,1
9083,45.0,-28.0,26.0,#47763D,1
9084,45.0,-28.0,50.0,#527500,0
9085,45.0,-28.0,60.0,#547500,0
9086,45.0,-26.0,-26.0,#007895,0
9087,45.0,-26.0,-20.0,#00778B,0
9088,45.0,-26.0,0.0,#2C766A,1
9089,45.0,-26.0,12.0,#3F7556,1
9090,45.0,-26.0,18.0,#45754B,1
9091,45.0,-26.0,30.0,#4E7536,1
9092,45.0,-26.0,54.0,#577400,0
9093,45.0,-26.0,66.0,#597400,0
9094,45.0,-24.0,-60.0,#007BCF,0
9095,45.0,-24.0,-52.0,#007AC1,0
9096,45.0,-24.0,-8.0,#207677,1
9097,45.0,-24.0,22.0,#4D7445,1
9098,45.0,-24.0,40.0,#567422,1
9099,45.0,-22.0,-22.0,#00768E,0
9100,45.0,-22.0,10.0,#477459,1
9101,45.0,-22.0,14.0,#4B7452,1
9102,45.0,-22.0,26.0,#53733E,1
9103,45.0,-22.0,44.0,#5B7318,1
9104,45.0,-22.0,54.0,#5E7300,0
9105,45.0,-20.0,-40.0,#0077AD,0
9106,45.0,-20.0,-28.0,#007698,0
9107,45.0,-20.0,4.0,#457363,1
9108,45.0,-20.0,30.0,#597236,1
9109,45.0,-20.0,74.0,#647200,0
9110,45.0,-18.0,-56.0,#0078C8,0
9111,45.0,-18.0,-22.0,#00748E,0
9112,45.0,-18.0,-4.0,#3F7371,1
9113,45.0,-18.0,10.0,#507259,1
9114,45.0,-18.0,66.0,#677100,0
9115,45.0,-16.0,-42.0,#0076B0,0
9116,45.0,-16.0,-34.0,#0075A3,0
9117,45.0,-16.0,-28.0,#007499,0
9118,45.0,-16.0,-6.0,#427274,1
9119,45.0,-16.0,32.0,#627133,1
9120,45.0,-16.0,60.0,#697000,0
9121,45.0,-16.0,74.0,#6B7000,0
9122,45.0,-14.0,-22.0,#23738F,1
9123,45.0,-14.0,8.0,#57715D,1
9124,45.0,-14.0,48.0,#6A6F0C,1
9125,45.0,-14.0,66.0,#6D6F00,0
9126,45.0,-12.0,-46.0,#0074B7,0
9127,45.0,-12.0,26.0,#666F3E,1
9128,45.0,-12.0,52.0,#6E6E00,0
9129,45.0,-12.0,60.0,#6F6E00,0
9130,45.0,-12.0,72.0,#716E00,0
9131,45.0,-10.0,-24.0,#2F7192,1
9132,45.0,-10.0,-18.0,#3E7188,1
9133,45.0,-10.0,10.0,#606F5A,1
9134,45.0,-10.0,14.0,#636F53,1
9135,45.0,-10.0,66.0,#736D00,0
9136,45.0,-8.0,-30.0,#23719C,1
9137,45.0,-8.0,-20.0,#40708B,1
9138,45.0,-8.0,24.0,#6B6D42,1
9139,45.0,-8.0,56.0,#756C00,0
9140,45.0,-8.0,74.0,#776C00,0
9141,45.0,-6.0,-8.0,#576E77,1
9142,45.0,-6.0,-4.0,#5C6E71,1
9143,45.0,-6.0,0.0,#5F6D6A,1
9144,45.0,-6.0,4.0,#636D64,1
9145,45.0,-6.0,8.0,#666D5D,1
9146,45.0,-6.0,26.0,#706C3E,1
9147,45.0,-6.0,62.0,#786B00,0
9148,45.0,-4.0,-44.0,#0071B4,0
9149,45.0,-4.0,-36.0,#1E70A6,1
9150,45.0,-4.0,-24.0,#446E92,1
9151,45.0,-4.0,22.0,#716B46,1
9152,45.0,-4.0,28.0,#736B3B,1
9153,45.0,-4.0,42.0,#786B1F,1
9154,45.0,-4.0,56.0,#7A6A00,0
9155,45.0,-4.0,68.0,#7C6A00,0
9156,45.0,-4.0,76.0,#7D6A00,0
9157,45.0,-2.0,-72.0,#0074E4,0
9158,45.0,-2.0,0.0,#676B6A,1
9159,45.0,-2.0,24.0,#756A42,1
9160,45.0,-2.0,62.0,#7E6900,0
9161,45.0,0.0,-30.0,#436D9C,1
9162,45.0,0.0,0.0,#6A6A6A,1
9163,45.0,0.0,16.0,#746A50,1
9164,45.0,0.0,20.0,#766949,1
9165,45.0,0.0,26.0,#79693F,1
9166,45.0,0.0,42.0,#7E6920,1
9167,45.0,0.0,70.0,#826800,0
9168,45.0,2.0,-70.0,#0071E1,0
9169,45.0,2.0,0.0,#6E696B,1
9170,45.0,2.0,16.0,#786850,1
9171,45.0,2.0,20.0,#796849,1
9172,45.0,2.0,24.0,#7B6842,1
9173,45.0,2.0,56.0,#836700,0
9174,45.0,2.0,64.0,#846700,0
9175,45.0,4.0,-58.0,#006ECC,0
9176,45.0,4.0,-38.0,#3D6CAA,1
9177,45.0,4.0,16.0,#7B6750,1
9178,45.0,4.0,20.0,#7C6749,1
9179,45.0,4.0,28.0,#7F673C,1
9180,45.0,4.0,72.0,#876600,0
9181,45.0,6.0,-76.0,#0070EB,0
9182,45.0,6.0,-26.0,#5A6996,1
9183,45.0,6.0,16.0,#7E6650,1
9184,45.0,6.0,20.0,#7F6649,1
9185,45.0,6.0,24.0,#816643,1
9186,45.0,8.0,-72.0,#006FE4,0
9187,45.0,8.0,-64.0,#006DD6,0
9188,45.0,8.0,-46.0,#326BB7,1
9189,45.0,8.0,-24.0,#616892,1
9190,45.0,8.0,28.0,#85653C,1
9191,45.0,8.0,46.0,#8A6417,1
9192,45.0,8.0,66.0,#8C6400,0
9193,45.0,8.0,74.0,#8D6400,0
9194,45.0,10.0,-44.0,#4169B4,1
9195,45.0,10.0,-32.0,#5A68A0,1
9196,45.0,10.0,-22.0,#68678F,1
9197,45.0,10.0,20.0,#85644A,1
9198,45.0,10.0,24.0,#876343,1
9199,45.0,12.0,-72.0,#006CE4,0
9200,45.0,12.0,-64.0,#006BD6,0
9201,45.0,12.0,-52.0,#2C69C2,1
9202,45.0,12.0,-30.0,#62669C,1
9203,45.0,12.0,-26.0,#676696,1
9204,45.0,12.0,-20.0,#6E658C,1
9205,45.0,12.0,-16.0,#726585,1
9206,45.0,12.0,18.0,#87624D,1
9207,45.0,12.0,30.0,#8B6239,1
9208,45.0,12.0,36.0,#8D622D,1
9209,45.0,12.0,42.0,#8E6221,1
9210,45.0,12.0,66.0,#916100,0
9211,45.0,14.0,-78.0,#006CEF,0
9212,45.0,14.0,-50.0,#3D68BE,1
9213,45.0,14.0,-24.0,#6D6492,1
9214,45.0,14.0,-14.0,#776382,1
9215,45.0,14.0,-10.0,#7A637B,1
9216,45.0,14.0,22.0,#8C6146,1
9217,45.0,14.0,26.0,#8D6140,1
9218,45.0,16.0,-72.0,#006AE5,0
9219,45.0,16.0,-64.0,#0069D7,0
9220,45.0,16.0,-58.0,#2368CC,1
9221,45.0,16.0,-22.0,#73638F,1
9222,45.0,16.0,-18.0,#776289,1
9223,45.0,16.0,-8.0,#7F6278,1
9224,45.0,16.0,32.0,#915F35,1
9225,45.0,16.0,38.0,#935F2A,1
9226,45.0,16.0,44.0,#945F1D,1
9227,45.0,18.0,-56.0,#3766C9,1
9228,45.0,18.0,-50.0,#4A65BE,1
9229,45.0,18.0,-30.0,#6E629D,1
9230,45.0,18.0,-26.0,#726296,1
9231,45.0,18.0,-16.0,#7C6185,1
9232,45.0,18.0,-12.0,#7F617F,1
9233,45.0,18.0,-6.0,#846075,1
9234,45.0,18.0,24.0,#925E43,1
9235,45.0,18.0,28.0,#935E3C,1
9236,45.0,20.0,-72.0,#0068E5,0
9237,45.0,20.0,-48.0,#5564BB,1
9238,45.0,20.0,-44.0,#5D63B4,1
9239,45.0,20.0,-24.0,#786093,1
9240,45.0,20.0,-20.0,#7C608C,1
9241,45.0,20.0,34.0,#975C32,1
9242,45.0,22.0,-56.0,#4763C9,1
9243,45.0,22.0,-36.0,#6E60A7,1
9244,45.0,22.0,-30.0,#75609D,1
9245,45.0,22.0,-18.0,#815E89,1
9246,45.0,22.0,-6.0,#8A5D75,1
9247,45.0,22.0,16.0,#945C51,1
9248,45.0,22.0,28.0,#985B3D,1
9249,45.0,22.0,32.0,#995B36,1
9250,45.0,22.0,76.0,#9F5A00,0
9251,45.0,24.0,-44.0,#6660B4,1
9252,45.0,24.0,-28.0,#7B5E99,1
9253,45.0,24.0,-24.0,#7F5E93,1
9254,45.0,24.0,38.0,#9D592B,1
9255,45.0,24.0,44.0,#9E591E,1
9256,45.0,24.0,64.0,#A05900,0
9257,45.0,26.0,-78.0,#0065EF,0
9258,45.0,26.0,-70.0,#1263E1,1
9259,45.0,26.0,-42.0,#6E5EB1,1
9260,45.0,26.0,-36.0,#765EA7,1
9261,45.0,26.0,-18.0,#875B89,1
9262,45.0,26.0,-6.0,#905A75,1
9263,45.0,26.0,18.0,#9B594E,1
9264,45.0,26.0,30.0,#9E583A,1
9265,45.0,26.0,34.0,#9F5832,1
9266,45.0,26.0,70.0,#A35700,0
9267,45.0,28.0,-50.0,#655EBF,1
9268,45.0,28.0,-34.0,#7C5CA3,1
9269,45.0,28.0,-28.0,#825B99,1
9270,45.0,28.0,-24.0,#865B93,1
9271,45.0,28.0,14.0,#9C5755,1
9272,45.0,28.0,28.0,#A0563D,1
9273,45.0,28.0,76.0,#A65500,0
9274,45.0,30.0,-78.0,#0062EF,0
9275,45.0,30.0,-48.0,#6D5CBB,1
9276,45.0,30.0,-42.0,#765BB1,1
9277,45.0,30.0,-4.0,#975772,1
9278,45.0,30.0,18.0,#A0554E,1
9279,45.0,30.0,22.0,#A15547,1
9280,45.0,30.0,40.0,#A55428,1
9281,45.0,30.0,68.0,#A85400,0
9282,45.0,32.0,-74.0,#2560E8,1
9283,45.0,32.0,-56.0,#635CC9,1
9284,45.0,32.0,-34.0,#8359A4,1
9285,45.0,32.0,-22.0,#8E5790,1
9286,45.0,32.0,-18.0,#915789,1
9287,45.0,32.0,-14.0,#935682,1
9288,45.0,32.0,28.0,#A5533D,1
9289,45.0,32.0,34.0,#A75333,1
9290,45.0,32.0,74.0,#AB5200,0
9291,45.0,34.0,-84.0,#0060FA,0
9292,45.0,34.0,-64.0,#565CD7,1
9293,45.0,34.0,-48.0,#7559BB,1
9294,45.0,34.0,-42.0,#7D58B1,1
9295,45.0,36.0,-74.0,#3B5DE8,1
9296,45.0,36.0,-56.0,#6C59C9,1
9297,45.0,36.0,-26.0,#915496,1
9298,45.0,36.0,-12.0,#9B527F,1
9299,45.0,36.0,-8.0,#9D5279,1
9300,45.0,36.0,20.0,#A8504B,1
9301,45.0,36.0,28.0,#AA4F3E,1
9302,45.0,36.0,34.0,#AC4F33,1
9303,45.0,36.0,62.0,#AF4E00,0
9304,45.0,38.0,-90.0,#005FFF,0
9305,45.0,38.0,-64.0,#6159D7,1
9306,45.0,38.0,-22.0,#975290,1
9307,45.0,38.0,-18.0,#9A5189,1
9308,45.0,38.0,46.0,#B04C1C,1
9309,45.0,38.0,68.0,#B24C00,0
9310,45.0,40.0,-86.0,#005CFE,0
9311,45.0,40.0,-56.0,#7555C9,1
9312,45.0,40.0,-4.0,#A44E72,1
9313,45.0,40.0,0.0,#A64D6C,1
9314,45.0,40.0,4.0,#A84D65,1
9315,45.0,42.0,-64.0,#6B55D7,1
9316,45.0,42.0,-16.0,#A14D86,1
9317,45.0,42.0,-10.0,#A44C7C,1
9318,45.0,42.0,8.0,#AC4A5F,1
9319,45.0,42.0,22.0,#B04948,1
9320,45.0,42.0,26.0,#B14942,1
9321,45.0,42.0,30.0,#B2493B,1
9322,45.0,42.0,34.0,#B34934,1
9323,45.0,42.0,38.0,#B4482D,1
9324,45.0,42.0,46.0,#B5481D,1
9325,45.0,42.0,64.0,#B64800,0
9326,45.0,44.0,-86.0,#2159FE,1
9327,45.0,44.0,-28.0,#9B4C9A,1
9328,45.0,44.0,-22.0,#A04C90,1
9329,45.0,44.0,12.0,#B04859,1
9330,45.0,46.0,-2.0,#AD476F,1
9331,45.0,46.0,2.0,#AF4669,1
9332,45.0,46.0,16.0,#B44552,1
9333,45.0,46.0,20.0,#B5454C,1
9334,45.0,46.0,44.0,#B94322,1
9335,45.0,48.0,-18.0,#A84689,1
9336,45.0,48.0,26.0,#B94242,1
9337,45.0,48.0,30.0,#BA413B,1
9338,45.0,48.0,34.0,#BA4134,1
9339,45.0,48.0,38.0,#BB412D,1
9340,45.0,48.0,50.0,#BC4114,1
9341,45.0,48.0,56.0,#BD4001,1
9342,45.0,50.0,-48.0,#9249BC,1
9343,45.0,50.0,14.0,#B84056,1
9344,45.0,50.0,70.0,#C03D00,0
9345,45.0,52.0,-80.0,#5F4FF3,1
9346,45.0,52.0,-74.0,#6E4DE9,1
9347,45.0,52.0,-44.0,#9A46B5,1
9348,45.0,52.0,18.0,#BC3D4F,1
9349,45.0,52.0,22.0,#BD3C49,1
9350,45.0,52.0,44.0,#C13B23,1
9351,45.0,52.0,76.0,#C33A00,0
9352,45.0,54.0,-66.0,#8149DB,1
9353,45.0,54.0,-40.0,#A043AE,1
9354,45.0,54.0,4.0,#BA3B66,1
9355,45.0,54.0,28.0,#C0393F,1
9356,45.0,54.0,32.0,#C13938,1
9357,45.0,54.0,36.0,#C23832,1
9358,45.0,54.0,56.0,#C43703,1
9359,45.0,56.0,-54.0,#9543C6,1
9360,45.0,56.0,-36.0,#A73FA7,1
9361,45.0,56.0,-28.0,#AD3D9A,1
9362,45.0,56.0,-4.0,#B93973,1
9363,45.0,56.0,12.0,#BF3759,1
9364,45.0,56.0,42.0,#C53527,1
9365,45.0,56.0,74.0,#C83400,0
9366,45.0,58.0,-94.0,#424DFF,0
9367,45.0,58.0,-64.0,#8C43D7,1
9368,45.0,58.0,-50.0,#9D3FBF,1
9369,45.0,58.0,-10.0,#B9377D,1
9370,45.0,58.0,20.0,#C4334C,1
9371,45.0,58.0,24.0,#C43246,1
9372,45.0,58.0,62.0,#C93000,0
9373,45.0,60.0,-18.0,#B8358A,1
9374,45.0,60.0,30.0,#C82E3C,1
9375,45.0,60.0,36.0,#C92D32,1
9376,45.0,60.0,68.0,#CC2C00,0
9377,45.0,62.0,-56.0,#9D3BC9,1
9378,45.0,62.0,14.0,#C72B56,1
9379,45.0,62.0,42.0,#CC2828,1
9380,45.0,62.0,74.0,#CE2700,0
9381,45.0,64.0,-88.0,#6B43FF,0
9382,45.0,64.0,-14.0,#BF2C83,1
9383,45.0,64.0,22.0,#CB254A,1
9384,45.0,66.0,-84.0,#7A3EFA,1
9385,45.0,66.0,-22.0,#BE2991,1
9386,45.0,66.0,28.0,#CF1E40,1
9387,45.0,66.0,34.0,#D01D36,1
9388,45.0,66.0,54.0,#D21B0F,1
9389,45.0,66.0,72.0,#D31B00,0
9390,45.0,68.0,-38.0,#B629AB,1
9391,45.0,68.0,16.0,#CF1954,1
9392,45.0,68.0,46.0,#D41421,1
9393,45.0,68.0,60.0,#D51200,0
9394,45.0,70.0,-90.0,#763AFF,0
9395,45.0,70.0,-72.0,#9732E5,1
9396,45.0,70.0,-18.0,#C51C8A,1
9397,45.0,70.0,24.0,#D30D47,1
9398,45.0,70.0,52.0,#D60615,1
9399,45.0,72.0,-54.0,#AF25C6,1
9400,45.0,72.0,-34.0,#BF1BA5,1
9401,45.0,72.0,-28.0,#C2189B,1
9402,45.0,72.0,12.0,#D2025A,1
9403,45.0,72.0,30.0,#D6003D,0
9404,45.0,72.0,36.0,#D70034,0
9405,45.0,72.0,58.0,#D90004,0
9406,45.0,72.0,72.0,#DA0000,0
9407,45.0,74.0,-4.0,#D00074,0
9408,45.0,74.0,20.0,#D7004E,0
9409,45.0,74.0,48.0,#DB001F,0
9410,45.0,74.0,64.0,#DC0000,0
9411,45.0,76.0,-92.0,#8030FF,0
9412,45.0,76.0,-84.0,#8F2BFB,1
9413,45.0,76.0,-10.0,#D0007D,0
9414,45.0,76.0,26.0,#DA0044,0
9415,45.0,76.0,70.0,#DE0000,0
9416,45.0,78.0,-56.0,#B60ECA,1
9417,45.0,78.0,-36.0,#C600A8,0
9418,45.0,78.0,-24.0,#CC0094,0
9419,45.0,78.0,14.0,#DA0057,0
9420,45.0,78.0,32.0,#DD003B,0
9421,45.0,78.0,38.0,#DE0031,0
9422,45.0,78.0,44.0,#DF0027,0
9423,45.0,78.0,76.0,#E10000,0
9424,45.0,80.0,-64.0,#B10AD8,1
9425,45.0,80.0,-50.0,#BE00C0,0
9426,45.0,80.0,-30.0,#CC009E,0
9427,45.0,80.0,66.0,#E30000,0
9428,45.0,82.0,-88.0,#951BFF,0
9429,45.0,82.0,-44.0,#C600B6,0
9430,45.0,82.0,28.0,#E10042,0
9431,45.0,84.0,-12.0,#D90081,0
9432,45.0,84.0,46.0,#E60024,0
9433,45.0,86.0,-84.0,#A300FB,0
9434,45.0,86.0,-66.0,#B900DB,0
9435,45.0,86.0,-32.0,#D300A2,0
9436,45.0,86.0,-24.0,#D70095,0
9437,45.0,88.0,-48.0,#CB00BC,0
9438,45.0,88.0,8.0,#E40061,0
9439,45.0,88.0,24.0,#E80048,0
9440,45.0,88.0,30.0,#E9003F,0
9441,45.0,92.0,-74.0,#B900E9,0
9442,45.0,92.0,-42.0,#D500B2,0
9443,45.0,92.0,-30.0,#DB009F,0
9444,45.0,92.0,-12.0,#E30081,0
9445,45.0,94.0,-52.0,#D000C3,0
9446,45.0,94.0,-36.0,#DB00A9,0
9447,45.0,94.0,-24.0,#E10095,0
9448,45.0,100.0,-90.0,#B300FF,0
9449,45.0,100.0,-58.0,#D400CE,0
9450,45.0,100.0,-40.0,#E000AF,0
9451,45.0,100.0,-30.0,#E5009F,0
9452,45.0,100.0,-12.0,#ED0082,0
9453,45.0,102.0,-84.0,#BE00FB,0
9454,45.0,102.0,-24.0,#EB0095,0
9455,45.0,102.0,-4.0,#F20075,0
9456,45.0,106.0,-36.0,#EA00A9,0
9457,45.0,106.0,-18.0,#F2008C,0
9458,45.0,108.0,-82.0,#CA00F8,0
9459,45.0,108.0,-62.0,#DC00D5,0
9460,45.0,110.0,-68.0,#DA00DF,0
9461,46.0,-128.0,16.0,#008E4F,0
9462,46.0,-128.0,24.0,#008E40,0
9463,46.0,-128.0,32.0,#008E31,0
9464,46.0,-128.0,40.0,#008D1E,0
9465,46.0,-128.0,56.0,#008D00,0
9466,46.0,-122.0,58.0,#008D00,0
9467,46.0,-120.0,24.0,#008D41,0
9468,46.0,-120.0,32.0,#008D31,0
9469,46.0,-114.0,60.0,#008C00,0
9470,46.0,-112.0,32.0,#008C31,0
9471,46.0,-112.0,40.0,#008C1F,0
9472,46.0,-106.0,60.0,#008A00,0
9473,46.0,-104.0,34.0,#008B2D,0
9474,46.0,-100.0,62.0,#008A00,0
9475,46.0,-98.0,54.0,#008900,0
9476,46.0,-96.0,10.0,#008A5A,0
9477,46.0,-96.0,22.0,#008A45,0
9478,46.0,-96.0,28.0,#008A3A,0
9479,46.0,-96.0,34.0,#00892D,0
9480,46.0,-94.0,-18.0,#008B89,0
9481,46.0,-92.0,40.0,#008920,0
9482,46.0,-92.0,48.0,#008802,0
9483,46.0,-88.0,-6.0,#008975,0
9484,46.0,-88.0,24.0,#008841,0
9485,46.0,-88.0,30.0,#008836,0
9486,46.0,-86.0,-32.0,#008BA1,0
9487,46.0,-84.0,44.0,#008715,0
9488,46.0,-84.0,58.0,#008700,0
9489,46.0,-80.0,26.0,#00873E,0
9490,46.0,-80.0,64.0,#008600,0
9491,46.0,-78.0,50.0,#008600,0
9492,46.0,-72.0,-40.0,#0089AF,0
9493,46.0,-72.0,-34.0,#0088A5,0
9494,46.0,-72.0,4.0,#008664,0
9495,46.0,-72.0,10.0,#00865A,0
9496,46.0,-72.0,16.0,#008550,0
9497,46.0,-70.0,-28.0,#00879A,0
9498,46.0,-68.0,-22.0,#008690,0
9499,46.0,-68.0,-6.0,#008575,0
9500,46.0,-66.0,-42.0,#0088B2,0
9501,46.0,-66.0,-36.0,#0087A8,0
9502,46.0,-66.0,-10.0,#00857C,0
9503,46.0,-66.0,12.0,#008457,0
9504,46.0,-66.0,18.0,#00844D,0
9505,46.0,-64.0,-30.0,#00869E,0
9506,46.0,-62.0,-46.0,#0087B9,0
9507,46.0,-62.0,-18.0,#00858A,0
9508,46.0,-62.0,64.0,#008200,0
9509,46.0,-60.0,-8.0,#008479,0
9510,46.0,-60.0,14.0,#008354,0
9511,46.0,-58.0,-28.0,#00859B,0
9512,46.0,-58.0,18.0,#00824D,0
9513,46.0,-58.0,26.0,#00823E,0
9514,46.0,-56.0,-48.0,#0086BD,0
9515,46.0,-56.0,-22.0,#008490,0
9516,46.0,-54.0,-42.0,#0085B2,0
9517,46.0,-54.0,-36.0,#0084A8,0
9518,46.0,-52.0,-30.0,#00839E,0
9519,46.0,-52.0,14.0,#008054,0
9520,46.0,-52.0,42.0,#00801D,0
9521,46.0,-48.0,-40.0,#0083AF,0
9522,46.0,-48.0,-34.0,#0082A5,0
9523,46.0,-48.0,46.0,#197E11,1
9524,46.0,-46.0,-28.0,#00819B,0
9525,46.0,-46.0,0.0,#007F6C,0
9526,46.0,-46.0,36.0,#167E2C,1
9527,46.0,-44.0,-54.0,#0083C7,0
9528,46.0,-44.0,-22.0,#008091,0
9529,46.0,-44.0,-18.0,#00808A,0
9530,46.0,-44.0,-14.0,#008083,0
9531,46.0,-42.0,-48.0,#0082BD,0
9532,46.0,-42.0,-42.0,#0081B3,0
9533,46.0,-42.0,-36.0,#0081A8,0
9534,46.0,-42.0,-30.0,#00809E,0
9535,46.0,-42.0,30.0,#227D38,1
9536,46.0,-40.0,-24.0,#007F94,0
9537,46.0,-40.0,-10.0,#007E7D,0
9538,46.0,-40.0,-6.0,#007E76,0
9539,46.0,-40.0,-2.0,#007E6F,0
9540,46.0,-40.0,2.0,#007D69,0
9541,46.0,-40.0,10.0,#007D5B,0
9542,46.0,-40.0,14.0,#007D54,1
9543,46.0,-40.0,68.0,#407C00,0
9544,46.0,-38.0,-56.0,#0082CB,0
9545,46.0,-38.0,-18.0,#007E8A,0
9546,46.0,-38.0,-14.0,#007E83,0
9547,46.0,-38.0,22.0,#277C46,1
9548,46.0,-38.0,42.0,#3B7B1E,1
9549,46.0,-36.0,-50.0,#0080C0,0
9550,46.0,-36.0,-42.0,#007FB3,0
9551,46.0,-36.0,-36.0,#007FA8,0
9552,46.0,-36.0,-30.0,#007E9E,0
9553,46.0,-34.0,-24.0,#007D94,0
9554,46.0,-34.0,-6.0,#007C76,0
9555,46.0,-34.0,-2.0,#007C6F,0
9556,46.0,-34.0,2.0,#007B69,0
9557,46.0,-34.0,10.0,#227B5B,1
9558,46.0,-34.0,18.0,#317B4E,1
9559,46.0,-32.0,22.0,#3C7A47,1
9560,46.0,-32.0,38.0,#477928,1
9561,46.0,-32.0,44.0,#4A791A,1
9562,46.0,-32.0,50.0,#4D7903,1
9563,46.0,-30.0,-46.0,#007EBA,0
9564,46.0,-30.0,-40.0,#007DAF,0
9565,46.0,-30.0,0.0,#1C7A6C,1
9566,46.0,-28.0,-4.0,#1A7A73,1
9567,46.0,-28.0,8.0,#36795F,1
9568,46.0,-26.0,-14.0,#007A84,0
9569,46.0,-26.0,34.0,#527731,1
9570,46.0,-24.0,-40.0,#007BAF,0
9571,46.0,-24.0,-34.0,#007AA5,0
9572,46.0,-24.0,-2.0,#327870,1
9573,46.0,-24.0,6.0,#3F7862,1
9574,46.0,-22.0,60.0,#627500,0
9575,46.0,-20.0,-64.0,#007CD9,0
9576,46.0,-20.0,-10.0,#30777D,1
9577,46.0,-20.0,-2.0,#3F7670,1
9578,46.0,-20.0,18.0,#55754E,1
9579,46.0,-20.0,34.0,#5E7531,1
9580,46.0,-18.0,-16.0,#287787,1
9581,46.0,-18.0,-12.0,#337680,1
9582,46.0,-18.0,26.0,#5E7440,1
9583,46.0,-18.0,40.0,#647425,1
9584,46.0,-18.0,46.0,#657416,1
9585,46.0,-16.0,-48.0,#0079BD,0
9586,46.0,-16.0,0.0,#4C756C,1
9587,46.0,-16.0,4.0,#517466,1
9588,46.0,-16.0,16.0,#5B7452,1
9589,46.0,-16.0,20.0,#5E744B,1
9590,46.0,-14.0,-66.0,#007ADD,0
9591,46.0,-14.0,-54.0,#0079C8,0
9592,46.0,-14.0,-18.0,#33758A,1
9593,46.0,-14.0,-14.0,#3C7584,1
9594,46.0,-14.0,-10.0,#44747D,1
9595,46.0,-14.0,34.0,#687232,1
9596,46.0,-14.0,40.0,#6A7225,1
9597,46.0,-12.0,-60.0,#0079D2,0
9598,46.0,-12.0,-40.0,#0076B0,0
9599,46.0,-12.0,-6.0,#4F7377,1
9600,46.0,-12.0,-2.0,#537370,1
9601,46.0,-12.0,6.0,#5B7263,1
9602,46.0,-12.0,12.0,#607259,1
9603,46.0,-12.0,20.0,#65724B,1
9604,46.0,-10.0,-10.0,#4E737D,1
9605,46.0,-10.0,-4.0,#567273,1
9606,46.0,-10.0,0.0,#5A726D,1
9607,46.0,-10.0,22.0,#6A7148,1
9608,46.0,-10.0,32.0,#6E7036,1
9609,46.0,-10.0,38.0,#70702A,1
9610,46.0,-8.0,-68.0,#0078E0,0
9611,46.0,-8.0,-60.0,#0077D2,0
9612,46.0,-8.0,-52.0,#0076C4,0
9613,46.0,-8.0,-44.0,#0075B6,0
9614,46.0,-8.0,-8.0,#55717A,1
9615,46.0,-8.0,-2.0,#5C7170,1
9616,46.0,-8.0,2.0,#607169,1
9617,46.0,-8.0,10.0,#66705C,1
9618,46.0,-8.0,14.0,#697055,1
9619,46.0,-8.0,18.0,#6B704F,1
9620,46.0,-8.0,42.0,#746F21,1
9621,46.0,-6.0,-18.0,#4C718B,1
9622,46.0,-6.0,20.0,#6F6F4B,1
9623,46.0,-6.0,32.0,#746E36,1
9624,46.0,-6.0,46.0,#786E18,1
9625,46.0,-4.0,-66.0,#0076DD,0
9626,46.0,-4.0,-58.0,#0075CF,0
9627,46.0,-4.0,-50.0,#0074C1,0
9628,46.0,-4.0,-16.0,#547087,1
9629,46.0,-4.0,0.0,#666F6D,1
9630,46.0,-4.0,36.0,#796D2E,1
9631,46.0,-4.0,50.0,#7C6D0A,1
9632,46.0,-2.0,-32.0,#3B71A2,1
9633,46.0,-2.0,-20.0,#536F8E,1
9634,46.0,-2.0,-16.0,#596F87,1
9635,46.0,-2.0,-12.0,#5E6F81,1
9636,46.0,-2.0,-8.0,#626F7A,1
9637,46.0,-2.0,-4.0,#666E73,1
9638,46.0,-2.0,4.0,#6C6E66,1
9639,46.0,-2.0,8.0,#6F6D60,1
9640,46.0,-2.0,12.0,#726D59,1
9641,46.0,-2.0,16.0,#746D52,1
9642,46.0,-2.0,20.0,#766D4B,1
9643,46.0,0.0,-64.0,#0074D9,0
9644,46.0,0.0,-56.0,#0073CB,0
9645,46.0,0.0,-48.0,#0072BD,0
9646,46.0,0.0,-24.0,#526F95,1
9647,46.0,0.0,-20.0,#586E8E,1
9648,46.0,0.0,-16.0,#5D6E87,1
9649,46.0,0.0,-12.0,#626E81,1
9650,46.0,0.0,-8.0,#666D7A,1
9651,46.0,0.0,-4.0,#6A6D74,1
9652,46.0,0.0,4.0,#706D66,1
9653,46.0,0.0,8.0,#736C60,1
9654,46.0,0.0,12.0,#756C59,1
9655,46.0,0.0,36.0,#7F6B2F,1
9656,46.0,2.0,-20.0,#5C6D8E,1
9657,46.0,2.0,-16.0,#616D87,1
9658,46.0,2.0,-12.0,#666D81,1
9659,46.0,2.0,-8.0,#6A6C7A,1
9660,46.0,2.0,-4.0,#6D6C74,1
9661,46.0,2.0,4.0,#736C66,1
9662,46.0,2.0,8.0,#766B60,1
9663,46.0,2.0,12.0,#786B59,1
9664,46.0,2.0,30.0,#806A3A,1
9665,46.0,4.0,-64.0,#0072D9,0
9666,46.0,4.0,-50.0,#0070C1,0
9667,46.0,4.0,-20.0,#616C8E,1
9668,46.0,4.0,-16.0,#656C88,1
9669,46.0,4.0,-12.0,#6A6C81,1
9670,46.0,4.0,-8.0,#6D6B7A,1
9671,46.0,4.0,-4.0,#716B74,1
9672,46.0,4.0,0.0,#746B6D,1
9673,46.0,4.0,4.0,#776A66,1
9674,46.0,4.0,8.0,#796A60,1
9675,46.0,4.0,12.0,#7B6A59,1
9676,46.0,4.0,34.0,#846933,1
9677,46.0,4.0,46.0,#876919,1
9678,46.0,6.0,-48.0,#226EBE,1
9679,46.0,6.0,-20.0,#656B8E,1
9680,46.0,6.0,-16.0,#696B88,1
9681,46.0,6.0,-12.0,#6D6B81,1
9682,46.0,6.0,-8.0,#716A7A,1
9683,46.0,6.0,-4.0,#746A74,1
9684,46.0,6.0,0.0,#776A6D,1
9685,46.0,6.0,4.0,#7A6966,1
9686,46.0,6.0,8.0,#7C6960,1
9687,46.0,6.0,12.0,#7E6959,1
9688,46.0,8.0,-38.0,#4C6CAD,1
9689,46.0,8.0,-16.0,#6D6A88,1
9690,46.0,8.0,-12.0,#716981,1
9691,46.0,8.0,-8.0,#74697A,1
9692,46.0,8.0,-4.0,#786974,1
9693,46.0,8.0,0.0,#7A686D,1
9694,46.0,8.0,4.0,#7D6867,1
9695,46.0,8.0,8.0,#7F6860,1
9696,46.0,8.0,12.0,#816859,1
9697,46.0,8.0,16.0,#836753,1
9698,46.0,8.0,34.0,#8A6733,1
9699,46.0,10.0,-56.0,#006DCB,0
9700,46.0,10.0,-10.0,#76687E,1
9701,46.0,10.0,-6.0,#796877,1
9702,46.0,10.0,-2.0,#7C6771,1
9703,46.0,10.0,2.0,#7F676A,1
9704,46.0,10.0,6.0,#816763,1
9705,46.0,10.0,10.0,#83675D,1
9706,46.0,12.0,-40.0,#536AB0,1
9707,46.0,12.0,-4.0,#7E6674,1
9708,46.0,12.0,0.0,#81666D,1
9709,46.0,12.0,4.0,#836667,1
9710,46.0,12.0,8.0,#856560,1
9711,46.0,12.0,14.0,#886556,1
9712,46.0,12.0,52.0,#936406,1
9713,46.0,14.0,-2.0,#836571,1
9714,46.0,14.0,2.0,#85656A,1
9715,46.0,14.0,12.0,#8A645A,1
9716,46.0,16.0,-36.0,#6467A9,1
9717,46.0,16.0,-32.0,#6A66A3,1
9718,46.0,16.0,0.0,#87636D,1
9719,46.0,16.0,6.0,#8A6364,1
9720,46.0,16.0,10.0,#8C635D,1
9721,46.0,16.0,16.0,#8F6253,1
9722,46.0,16.0,20.0,#90624C,1
9723,46.0,16.0,54.0,#986100,0
9724,46.0,16.0,62.0,#996100,0
9725,46.0,18.0,-78.0,#006CF2,0
9726,46.0,18.0,4.0,#8C6267,1
9727,46.0,18.0,14.0,#916156,1
9728,46.0,18.0,68.0,#9C6000,0
9729,46.0,20.0,-2.0,#8C6171,1
9730,46.0,20.0,8.0,#916060,1
9731,46.0,20.0,12.0,#93605A,1
9732,46.0,20.0,18.0,#956050,1
9733,46.0,20.0,22.0,#975F49,1
9734,46.0,20.0,40.0,#9B5F29,1
9735,46.0,20.0,50.0,#9D5E10,1
9736,46.0,20.0,56.0,#9E5E00,0
9737,46.0,20.0,64.0,#9E5E00,0
9738,46.0,22.0,-78.0,#006AF2,0
9739,46.0,22.0,-14.0,#876085,1
9740,46.0,22.0,-10.0,#8A607E,1
9741,46.0,22.0,2.0,#915F6A,1
9742,46.0,22.0,6.0,#935F64,1
9743,46.0,22.0,46.0,#9F5D1C,1
9744,46.0,24.0,-2.0,#925E71,1
9745,46.0,24.0,10.0,#985D5D,1
9746,46.0,24.0,14.0,#995D57,1
9747,46.0,24.0,20.0,#9B5C4D,1
9748,46.0,24.0,24.0,#9D5C46,1
9749,46.0,24.0,52.0,#A25B0A,1
9750,46.0,26.0,-58.0,#5163CF,1
9751,46.0,26.0,-52.0,#5F62C5,1
9752,46.0,26.0,-14.0,#8D5D85,1
9753,46.0,26.0,-10.0,#905D7E,1
9754,46.0,26.0,2.0,#975C6B,1
9755,46.0,26.0,6.0,#995C64,1
9756,46.0,28.0,-84.0,#0067FD,0
9757,46.0,28.0,-64.0,#4663DA,1
9758,46.0,28.0,10.0,#9D5A5D,1
9759,46.0,28.0,24.0,#A25946,1
9760,46.0,28.0,50.0,#A75812,1
9761,46.0,28.0,58.0,#A85800,0
9762,46.0,30.0,-58.0,#5C60CF,1
9763,46.0,30.0,-8.0,#975A7B,1
9764,46.0,30.0,0.0,#9B596E,1
9765,46.0,30.0,4.0,#9D5967,1
9766,46.0,32.0,8.0,#A25761,1
9767,46.0,32.0,46.0,#AC551E,1
9768,46.0,32.0,56.0,#AD5400,0
9769,46.0,32.0,64.0,#AD5400,0
9770,46.0,34.0,-30.0,#8D59A0,1
9771,46.0,34.0,-2.0,#A05671,1
9772,46.0,34.0,2.0,#A2556B,1
9773,46.0,34.0,12.0,#A6555A,1
9774,46.0,34.0,16.0,#A75454,1
9775,46.0,34.0,40.0,#AD532A,1
9776,46.0,34.0,52.0,#AF530E,1
9777,46.0,36.0,6.0,#A65364,1
9778,46.0,36.0,24.0,#AC5247,1
9779,46.0,38.0,-70.0,#555CE4,1
9780,46.0,38.0,10.0,#AA515E,1
9781,46.0,38.0,40.0,#B24F2B,1
9782,46.0,38.0,52.0,#B44F0F,1
9783,46.0,38.0,58.0,#B44F00,0
9784,46.0,38.0,76.0,#B54E00,0
9785,46.0,40.0,-40.0,#8D55B1,1
9786,46.0,40.0,-34.0,#9354A6,1
9787,46.0,40.0,14.0,#AE4F58,1
9788,46.0,40.0,18.0,#B04E51,1
9789,46.0,42.0,-70.0,#6159E4,1
9790,46.0,42.0,-52.0,#8255C5,1
9791,46.0,42.0,52.0,#B94B10,1
9792,46.0,42.0,74.0,#BA4A00,0
9793,46.0,44.0,-76.0,#5659EF,1
9794,46.0,44.0,-48.0,#8A52BE,1
9795,46.0,46.0,-62.0,#7A53D6,1
9796,46.0,46.0,-38.0,#984EAD,1
9797,46.0,46.0,-6.0,#AE4A78,1
9798,46.0,46.0,70.0,#BF4500,0
9799,46.0,48.0,-82.0,#5056FA,1
9800,46.0,48.0,-74.0,#6754EB,1
9801,46.0,48.0,-58.0,#8550CF,1
9802,46.0,48.0,-34.0,#9F4CA7,1
9803,46.0,48.0,6.0,#B64665,1
9804,46.0,48.0,62.0,#C14300,0
9805,46.0,48.0,76.0,#C14300,0
9806,46.0,50.0,-54.0,#8E4DC9,1
9807,46.0,50.0,-30.0,#A548A0,1
9808,46.0,50.0,10.0,#BA435F,1
9809,46.0,52.0,-88.0,#4854FF,0
9810,46.0,52.0,-8.0,#B5427C,1
9811,46.0,52.0,0.0,#B9416F,1
9812,46.0,52.0,50.0,#C43E18,1
9813,46.0,54.0,-16.0,#B44189,1
9814,46.0,56.0,-86.0,#5D4FFF,0
9815,46.0,56.0,-72.0,#7E4BE8,1
9816,46.0,58.0,-82.0,#6E4BFA,1
9817,46.0,58.0,8.0,#C33762,1
9818,46.0,58.0,54.0,#CC330F,1
9819,46.0,60.0,-78.0,#7C48F3,1
9820,46.0,60.0,-44.0,#A93EB8,1
9821,46.0,62.0,-74.0,#8743EC,1
9822,46.0,62.0,-38.0,#B139AE,1
9823,46.0,62.0,48.0,#D02B1F,1
9824,46.0,64.0,-70.0,#913FE5,1
9825,46.0,64.0,-50.0,#A939C2,1
9826,46.0,64.0,-32.0,#B834A4,1
9827,46.0,64.0,4.0,#C92C69,1
9828,46.0,64.0,10.0,#CB2B5F,1
9829,46.0,66.0,-66.0,#9B3ADE,1
9830,46.0,66.0,40.0,#D4212E,1
9831,46.0,66.0,66.0,#D62000,0
9832,46.0,68.0,-46.0,#B32FBB,1
9833,46.0,70.0,-62.0,#A631D7,1
9834,46.0,70.0,2.0,#D01A6C,1
9835,46.0,70.0,78.0,#DB0C00,0
9836,46.0,72.0,42.0,#DB012C,1
9837,46.0,74.0,-68.0,#A62BE1,1
9838,46.0,74.0,-50.0,#B921C2,1
9839,46.0,74.0,-44.0,#BD1EB8,1
9840,46.0,78.0,-76.0,#A324EF,1
9841,46.0,78.0,2.0,#DA006D,0
9842,46.0,80.0,-82.0,#9E22FA,1
9843,46.0,80.0,-70.0,#AE18E5,1
9844,46.0,80.0,-16.0,#D6008A,0
9845,46.0,80.0,8.0,#DE0063,0
9846,46.0,82.0,-4.0,#DD0077,0
9847,46.0,82.0,62.0,#E80000,0
9848,46.0,84.0,-78.0,#AA09F3,1
9849,46.0,84.0,34.0,#E8003A,0
9850,46.0,84.0,52.0,#EA001B,0
9851,46.0,86.0,-72.0,#B500E9,0
9852,46.0,86.0,-60.0,#C100D4,0
9853,46.0,86.0,2.0,#E4006D,0
9854,46.0,86.0,14.0,#E7005A,0
9855,46.0,90.0,-4.0,#E70077,0
9856,46.0,90.0,38.0,#EF0035,0
9857,46.0,90.0,44.0,#F0002B,0
9858,46.0,92.0,-88.0,#AB00FF,0
9859,46.0,92.0,-58.0,#CC00D0,0
9860,46.0,92.0,18.0,#EF0054,0
9861,46.0,94.0,-64.0,#CA00DB,0
9862,46.0,94.0,2.0,#ED006E,0
9863,46.0,94.0,32.0,#F3003F,0
9864,46.0,96.0,-84.0,#B700FE,0
9865,46.0,96.0,-70.0,#C700E5,0
9866,46.0,96.0,8.0,#F10064,0
9867,46.0,98.0,-46.0,#DD00BC,0
9868,46.0,98.0,-18.0,#EB008E,0
9869,46.0,98.0,14.0,#F5005B,0
9870,46.0,98.0,20.0,#F60052,0
9871,46.0,100.0,-78.0,#C500F3,0
9872,46.0,102.0,-68.0,#D200E2,0
9873,46.0,102.0,2.0,#F7006E,0
9874,46.0,106.0,-46.0,#E800BC,0
9875,46.0,108.0,-74.0,#D500ED,0
9876,46.0,108.0,-30.0,#F300A2,0
9877,46.0,110.0,-56.0,#E600CD,0
9878,46.0,110.0,-24.0,#F80098,0
9879,46.0,112.0,-50.0,#ED00C3,0
9880,46.0,112.0,-42.0,#F200B6,0
9881,46.0,116.0,-86.0,#D500FF,0
9882,46.0,116.0,-66.0,#E700DF,0
9883,46.0,118.0,-72.0,#E500E9,0
9884,46.0,118.0,-60.0,#EE00D5,0
9885,47.0,-128.0,-4.0,#009274,0
9886,47.0,-128.0,2.0,#00926A,0
9887,47.0,-128.0,8.0,#00915F,0
9888,47.0,-122.0,-8.0,#00917B,0
9889,47.0,-120.0,-2.0,#009170,0
9890,47.0,-120.0,4.0,#009166,0
9891,47.0,-120.0,10.0,#00905C,0
9892,47.0,-120.0,16.0,#009051,0
9893,47.0,-112.0,6.0,#008F63,0
9894,47.0,-108.0,-10.0,#00907E,0
9895,47.0,-104.0,-4.0,#008F74,0
9896,47.0,-104.0,2.0,#008F6A,0
9897,47.0,-104.0,8.0,#008E60,0
9898,47.0,-104.0,14.0,#008E55,0
9899,47.0,-104.0,20.0,#008E4B,0
9900,47.0,-104.0,26.0,#008E3F,0
9901,47.0,-102.0,-20.0,#008F8F,0
9902,47.0,-100.0,-14.0,#008F85,0
9903,47.0,-98.0,-8.0,#008E7B,0
9904,47.0,-96.0,-24.0,#008F96,0
9905,47.0,-96.0,-2.0,#008D71,0
9906,47.0,-96.0,4.0,#008D67,0
9907,47.0,-96.0,16.0,#008D52,0
9908,47.0,-92.0,-12.0,#008D82,0
9909,47.0,-90.0,-28.0,#008E9D,0
9910,47.0,-88.0,-22.0,#008D93,0
9911,47.0,-88.0,0.0,#008C6D,0
9912,47.0,-88.0,6.0,#008C63,0
9913,47.0,-88.0,12.0,#008B59,0
9914,47.0,-88.0,18.0,#008B4E,0
9915,47.0,-86.0,-16.0,#008D89,0
9916,47.0,-84.0,-26.0,#008D9A,0
9917,47.0,-84.0,36.0,#008A2C,0
9918,47.0,-82.0,-20.0,#008C8F,0
9919,47.0,-80.0,-14.0,#008B85,0
9920,47.0,-80.0,-4.0,#008B74,0
9921,47.0,-80.0,8.0,#008A60,0
9922,47.0,-80.0,14.0,#008A56,0
9923,47.0,-78.0,32.0,#008935,0
9924,47.0,-76.0,-30.0,#008CA0,0
9925,47.0,-76.0,-24.0,#008B96,0
9926,47.0,-76.0,38.0,#008828,0
9927,47.0,-74.0,-18.0,#008A8C,0
9928,47.0,-74.0,-8.0,#008A7B,0
9929,47.0,-72.0,-12.0,#008982,0
9930,47.0,-72.0,-2.0,#008971,0
9931,47.0,-72.0,28.0,#00883D,0
9932,47.0,-70.0,34.0,#008731,0
9933,47.0,-70.0,40.0,#008724,0
9934,47.0,-70.0,48.0,#008709,0
9935,47.0,-68.0,-16.0,#008989,0
9936,47.0,-66.0,6.0,#008764,0
9937,47.0,-66.0,24.0,#008644,0
9938,47.0,-66.0,52.0,#008600,0
9939,47.0,-64.0,-2.0,#008771,0
9940,47.0,-64.0,2.0,#00876A,0
9941,47.0,-64.0,30.0,#008639,0
9942,47.0,-64.0,36.0,#00862D,0
9943,47.0,-62.0,-14.0,#008786,0
9944,47.0,-60.0,46.0,#008413,0
9945,47.0,-60.0,54.0,#008400,0
9946,47.0,-58.0,-34.0,#0088A7,0
9947,47.0,-58.0,-4.0,#008675,0
9948,47.0,-58.0,0.0,#00856E,0
9949,47.0,-58.0,4.0,#008567,0
9950,47.0,-58.0,34.0,#008431,0
9951,47.0,-58.0,40.0,#008424,0
9952,47.0,-56.0,-16.0,#008689,0
9953,47.0,-56.0,-12.0,#008682,0
9954,47.0,-56.0,8.0,#008460,0
9955,47.0,-54.0,50.0,#008302,0
9956,47.0,-52.0,-26.0,#00859A,0
9957,47.0,-52.0,-8.0,#00847C,0
9958,47.0,-52.0,-2.0,#008471,0
9959,47.0,-52.0,2.0,#00846B,0
9960,47.0,-52.0,22.0,#008348,0
9961,47.0,-52.0,30.0,#00833A,0
9962,47.0,-52.0,56.0,#0F8200,0
9963,47.0,-50.0,-14.0,#008486,0
9964,47.0,-50.0,6.0,#008364,0
9965,47.0,-48.0,16.0,#008253,0
9966,47.0,-46.0,-10.0,#00837F,0
9967,47.0,-46.0,-6.0,#008278,0
9968,47.0,-46.0,10.0,#00825D,0
9969,47.0,-46.0,20.0,#00814C,0
9970,47.0,-46.0,26.0,#008141,0
9971,47.0,-46.0,52.0,#2B8000,0
9972,47.0,-46.0,60.0,#2F8000,0
9973,47.0,-44.0,4.0,#008168,0
9974,47.0,-40.0,18.0,#187F50,1
9975,47.0,-40.0,48.0,#3C7E0F,1
9976,47.0,-40.0,54.0,#3E7E00,0
9977,47.0,-40.0,62.0,#417E00,0
9978,47.0,-36.0,32.0,#3C7D37,1
9979,47.0,-36.0,56.0,#497D00,0
9980,47.0,-34.0,-62.0,#0084D8,0
9981,47.0,-32.0,-56.0,#0082CE,0
9982,47.0,-32.0,-14.0,#007E86,0
9983,47.0,-32.0,26.0,#427C42,1
9984,47.0,-32.0,58.0,#527C00,0
9985,47.0,-32.0,66.0,#537B00,0
9986,47.0,-30.0,14.0,#3B7C57,1
9987,47.0,-30.0,30.0,#4A7B3B,1
9988,47.0,-28.0,-64.0,#0082DC,0
9989,47.0,-28.0,-32.0,#007EA4,0
9990,47.0,-28.0,-26.0,#007E9A,0
9991,47.0,-28.0,-20.0,#007D90,0
9992,47.0,-28.0,18.0,#457B50,1
9993,47.0,-28.0,22.0,#487B49,1
9994,47.0,-26.0,-58.0,#0080D1,0
9995,47.0,-26.0,26.0,#507A42,1
9996,47.0,-26.0,44.0,#597A1D,1
9997,47.0,-26.0,52.0,#5C7900,0
9998,47.0,-24.0,-28.0,#007C9E,0
9999,47.0,-24.0,-22.0,#007C94,0
10000,47.0,-24.0,-16.0,#007B8A,0
10001,47.0,-24.0,12.0,#497A5B,1
10002,47.0,-22.0,-46.0,#007EBC,0
10003,47.0,-22.0,16.0,#517954,1
10004,47.0,-22.0,52.0,#637800,1
10005,47.0,-22.0,68.0,#667800,0
10006,47.0,-20.0,-24.0,#007B97,0
10007,47.0,-20.0,-20.0,#057A90,1
10008,47.0,-20.0,8.0,#4E7861,1
10009,47.0,-20.0,12.0,#52785B,1
10010,47.0,-20.0,24.0,#5B7846,1
10011,47.0,-18.0,-42.0,#007BB6,0
10012,47.0,-18.0,-34.0,#007BA8,0
10013,47.0,-18.0,-28.0,#007A9E,0
10014,47.0,-18.0,52.0,#6A7601,1
10015,47.0,-18.0,60.0,#6B7600,0
10016,47.0,-16.0,-72.0,#007FEA,0
10017,47.0,-16.0,-22.0,#1F7994,1
10018,47.0,-16.0,-8.0,#44787C,1
10019,47.0,-16.0,-4.0,#4A7776,1
10020,47.0,-16.0,8.0,#577762,1
10021,47.0,-16.0,12.0,#5B765B,1
10022,47.0,-14.0,-34.0,#0079A8,0
10023,47.0,-14.0,-28.0,#06789E,1
10024,47.0,-14.0,26.0,#677543,1
10025,47.0,-14.0,56.0,#717400,0
10026,47.0,-14.0,72.0,#737400,0
10027,47.0,-12.0,-22.0,#337794,1
10028,47.0,-12.0,2.0,#5A756C,1
10029,47.0,-12.0,30.0,#6D743C,1
10030,47.0,-10.0,-36.0,#0077AC,0
10031,47.0,-10.0,-30.0,#1F77A1,1
10032,47.0,-10.0,4.0,#607468,1
10033,47.0,-10.0,16.0,#697454,1
10034,47.0,-10.0,54.0,#777200,0
10035,47.0,-10.0,62.0,#787200,0
10036,47.0,-10.0,70.0,#797200,0
10037,47.0,-8.0,-76.0,#007CF1,0
10038,47.0,-8.0,-26.0,#38759B,1
10039,47.0,-8.0,-16.0,#4D758A,1
10040,47.0,-8.0,-12.0,#537483,1
10041,47.0,-8.0,6.0,#657365,1
10042,47.0,-8.0,26.0,#717243,1
10043,47.0,-6.0,-34.0,#2575A8,1
10044,47.0,-6.0,-22.0,#487494,1
10045,47.0,-6.0,-10.0,#5A7380,1
10046,47.0,-6.0,-6.0,#5E7379,1
10047,47.0,-6.0,-2.0,#627373,1
10048,47.0,-6.0,2.0,#66726C,1
10049,47.0,-6.0,6.0,#697265,1
10050,47.0,-6.0,10.0,#6C725F,1
10051,47.0,-6.0,14.0,#6F7258,1
10052,47.0,-6.0,28.0,#767140,1
10053,47.0,-6.0,56.0,#7D7000,0
10054,47.0,-6.0,72.0,#7F7000,0
10055,47.0,-4.0,-74.0,#007AEE,0
10056,47.0,-4.0,-20.0,#517391,1
10057,47.0,-4.0,-12.0,#5C7283,1
10058,47.0,-4.0,-8.0,#60727D,1
10059,47.0,-4.0,-4.0,#647276,1
10060,47.0,-4.0,4.0,#6B7169,1
10061,47.0,-4.0,8.0,#6E7162,1
10062,47.0,-4.0,12.0,#71715B,1
10063,47.0,-4.0,16.0,#737155,1
10064,47.0,-4.0,24.0,#777047,1
10065,47.0,-2.0,-80.0,#007AF8,0
10066,47.0,-2.0,-2.0,#6A7173,1
10067,47.0,-2.0,2.0,#6D706C,1
10068,47.0,-2.0,28.0,#7C6F40,1
10069,47.0,-2.0,40.0,#806F29,1
10070,47.0,-2.0,46.0,#816F1B,1
10071,47.0,-2.0,54.0,#836E00,0
10072,47.0,-2.0,70.0,#846E00,0
10073,47.0,-2.0,78.0,#856E00,0
10074,47.0,0.0,-72.0,#0078EA,0
10075,47.0,0.0,24.0,#7D6E47,1
10076,47.0,2.0,-78.0,#0078F5,0
10077,47.0,2.0,-32.0,#4B71A5,1
10078,47.0,2.0,-24.0,#597097,1
10079,47.0,2.0,26.0,#816D44,1
10080,47.0,2.0,52.0,#886C07,1
10081,47.0,2.0,60.0,#896C00,0
10082,47.0,2.0,70.0,#8A6C00,0
10083,47.0,2.0,78.0,#8B6C00,0
10084,47.0,4.0,-30.0,#5470A2,1
10085,47.0,4.0,24.0,#836C47,1
10086,47.0,6.0,-84.0,#0077FF,0
10087,47.0,6.0,-60.0,#0073D5,0
10088,47.0,6.0,-42.0,#3E70B6,1
10089,47.0,6.0,-28.0,#5C6E9E,1
10090,47.0,6.0,28.0,#886B40,1
10091,47.0,6.0,40.0,#8B6A2A,1
10092,47.0,6.0,54.0,#8E6A00,0
10093,47.0,6.0,62.0,#8F6A00,0
10094,47.0,6.0,72.0,#906A00,0
10095,47.0,6.0,80.0,#906A00,0
10096,47.0,8.0,-78.0,#0075F5,0
10097,47.0,8.0,-26.0,#646D9B,1
10098,47.0,8.0,24.0,#896A47,1
10099,47.0,10.0,-84.0,#0075FF,0
10100,47.0,10.0,-74.0,#0073EE,0
10101,47.0,10.0,-66.0,#0071E0,0
10102,47.0,10.0,-50.0,#336FC4,1
10103,47.0,10.0,-34.0,#5C6DA9,1
10104,47.0,10.0,-24.0,#6A6C98,1
10105,47.0,10.0,-20.0,#6F6B91,1
10106,47.0,10.0,28.0,#8D6841,1
10107,47.0,10.0,40.0,#91682A,1
10108,47.0,10.0,46.0,#92681D,1
10109,47.0,10.0,62.0,#946700,0
10110,47.0,10.0,70.0,#956700,0
10111,47.0,10.0,78.0,#956700,0
10112,47.0,12.0,-48.0,#426DC0,1
10113,47.0,12.0,-32.0,#646BA5,1
10114,47.0,12.0,-18.0,#756A8E,1
10115,47.0,12.0,-14.0,#796A87,1
10116,47.0,12.0,24.0,#8F6748,1
10117,47.0,14.0,-84.0,#0072FF,0
10118,47.0,14.0,-66.0,#006FE0,0
10119,47.0,14.0,-56.0,#2C6DCE,1
10120,47.0,14.0,-26.0,#706A9B,1
10121,47.0,14.0,-22.0,#746994,1
10122,47.0,14.0,-12.0,#7E6884,1
10123,47.0,14.0,-8.0,#81687D,1
10124,47.0,14.0,30.0,#94663D,1
10125,47.0,14.0,36.0,#956532,1
10126,47.0,14.0,42.0,#976526,1
10127,47.0,14.0,48.0,#986518,1
10128,47.0,14.0,70.0,#9A6500,0
10129,47.0,14.0,78.0,#9B6500,0
10130,47.0,16.0,-90.0,#0072FF,0
10131,47.0,16.0,-80.0,#0070F9,0
10132,47.0,16.0,-54.0,#3E6CCB,1
10133,47.0,16.0,-48.0,#4F6BC1,1
10134,47.0,16.0,-20.0,#7A6891,1
10135,47.0,16.0,-16.0,#7E678A,1
10136,47.0,16.0,-6.0,#86667A,1
10137,47.0,16.0,28.0,#966441,1
10138,47.0,18.0,-62.0,#216CD9,1
10139,47.0,18.0,-46.0,#5A69BD,1
10140,47.0,18.0,-28.0,#75679F,1
10141,47.0,18.0,-24.0,#7A6798,1
10142,47.0,18.0,-14.0,#836687,1
10143,47.0,18.0,-10.0,#866581,1
10144,47.0,18.0,34.0,#9A6336,1
10145,47.0,18.0,74.0,#A06200,0
10146,47.0,20.0,-90.0,#0070FF,0
10147,47.0,20.0,-70.0,#006CE7,0
10148,47.0,20.0,-60.0,#386AD5,1
10149,47.0,20.0,-54.0,#4C69CB,1
10150,47.0,20.0,-22.0,#7F6595,1
10151,47.0,20.0,-18.0,#83658E,1
10152,47.0,20.0,-6.0,#8C647A,1
10153,47.0,20.0,30.0,#9C613E,1
10154,47.0,20.0,80.0,#A36000,0
10155,47.0,22.0,-86.0,#006EFF,0
10156,47.0,22.0,-68.0,#0B6AE3,1
10157,47.0,22.0,-52.0,#5768C7,1
10158,47.0,22.0,-42.0,#6A66B6,1
10159,47.0,22.0,-32.0,#7865A5,1
10160,47.0,22.0,-28.0,#7D649F,1
10161,47.0,22.0,36.0,#A06033,1
10162,47.0,24.0,-66.0,#2F69E0,1
10163,47.0,24.0,-40.0,#7265B3,1
10164,47.0,24.0,-26.0,#82639B,1
10165,47.0,24.0,-22.0,#866295,1
10166,47.0,24.0,-18.0,#89628E,1
10167,47.0,24.0,-6.0,#92617A,1
10168,47.0,24.0,34.0,#A25E37,1
10169,47.0,24.0,74.0,#A75D00,0
10170,47.0,26.0,-86.0,#006BFF,0
10171,47.0,26.0,-76.0,#0069F2,0
10172,47.0,26.0,-48.0,#6964C1,1
10173,47.0,26.0,-38.0,#7863B0,1
10174,47.0,26.0,-32.0,#8062A5,1
10175,47.0,26.0,40.0,#A65C2C,1
10176,47.0,26.0,68.0,#A95C00,0
10177,47.0,26.0,80.0,#AA5C00,0
10178,47.0,28.0,-72.0,#2267EA,1
10179,47.0,28.0,-46.0,#7162BD,1
10180,47.0,28.0,-26.0,#89609B,1
10181,47.0,28.0,-22.0,#8D5F95,1
10182,47.0,28.0,-18.0,#905F8E,1
10183,47.0,28.0,-4.0,#995D77,1
10184,47.0,28.0,74.0,#AC5A00,0
10185,47.0,30.0,-44.0,#7861BA,1
10186,47.0,30.0,-38.0,#8060B0,1
10187,47.0,30.0,-32.0,#875FA6,1
10188,47.0,30.0,36.0,#AA5934,1
10189,47.0,30.0,80.0,#AF5800,0
10190,47.0,32.0,-82.0,#0066FC,0
10191,47.0,32.0,-72.0,#3B64EB,1
10192,47.0,32.0,-52.0,#7060C8,1
10193,47.0,32.0,-16.0,#975B8B,1
10194,47.0,32.0,-12.0,#9A5B84,1
10195,47.0,32.0,42.0,#AE5729,1
10196,47.0,32.0,72.0,#B15700,0
10197,47.0,34.0,-78.0,#2264F5,1
10198,47.0,34.0,-44.0,#805DBA,1
10199,47.0,34.0,-38.0,#875CB0,1
10200,47.0,34.0,-26.0,#935B9C,1
10201,47.0,34.0,-22.0,#965A95,1
10202,47.0,34.0,-6.0,#A1597A,1
10203,47.0,34.0,34.0,#AF5638,1
10204,47.0,34.0,78.0,#B45500,0
10205,47.0,36.0,-90.0,#0065FF,0
10206,47.0,36.0,-72.0,#4B61EB,1
10207,47.0,36.0,-62.0,#665FD9,1
10208,47.0,36.0,-52.0,#785DC8,1
10209,47.0,36.0,-10.0,#A15781,1
10210,47.0,38.0,-86.0,#0063FF,0
10211,47.0,38.0,-78.0,#3B61F5,1
10212,47.0,38.0,-58.0,#735CD2,1
10213,47.0,38.0,-20.0,#9E5692,1
10214,47.0,38.0,-16.0,#A0568B,1
10215,47.0,38.0,34.0,#B45238,1
10216,47.0,38.0,66.0,#B85100,0
10217,47.0,40.0,-26.0,#9C559C,1
10218,47.0,40.0,-6.0,#A9537B,1
10219,47.0,40.0,-2.0,#AB5274,1
10220,47.0,40.0,2.0,#AD526E,1
10221,47.0,40.0,46.0,#B84F21,1
10222,47.0,42.0,-86.0,#1E5FFF,0
10223,47.0,42.0,-78.0,#4C5DF5,1
10224,47.0,42.0,-14.0,#A75288,1
10225,47.0,42.0,6.0,#B15067,1
10226,47.0,44.0,-24.0,#A45198,1
10227,47.0,44.0,10.0,#B54D61,1
10228,47.0,44.0,36.0,#BC4B35,1
10229,47.0,46.0,-86.0,#3A5CFF,0
10230,47.0,46.0,-20.0,#A94E92,1
10231,47.0,46.0,14.0,#B94A5A,1
10232,47.0,46.0,18.0,#BA4A54,1
10233,47.0,46.0,42.0,#BF492A,1
10234,47.0,46.0,48.0,#C0491E,1
10235,47.0,48.0,-46.0,#9650BE,1
10236,47.0,48.0,-16.0,#AF4B8B,1
10237,47.0,48.0,24.0,#BE474A,1
10238,47.0,48.0,28.0,#BF4743,1
10239,47.0,48.0,32.0,#C0473C,1
10240,47.0,50.0,-68.0,#7B53E4,1
10241,47.0,50.0,-12.0,#B44885,1
10242,47.0,50.0,38.0,#C44432,1
10243,47.0,50.0,54.0,#C6430F,1
10244,47.0,52.0,-22.0,#B14795,1
10245,47.0,52.0,16.0,#C14357,1
10246,47.0,52.0,20.0,#C24251,1
10247,47.0,54.0,-50.0,#9C4AC5,1
10248,47.0,54.0,26.0,#C63F47,1
10249,47.0,54.0,30.0,#C73F40,1
10250,47.0,54.0,34.0,#C83E3A,1
10251,47.0,54.0,60.0,#CB3D00,0
10252,47.0,54.0,70.0,#CB3D00,0
10253,47.0,56.0,-46.0,#A447BE,1
10254,47.0,56.0,-30.0,#B143A3,1
10255,47.0,56.0,40.0,#CB3B2F,1
10256,47.0,56.0,76.0,#CE3A00,0
10257,47.0,58.0,-58.0,#9A47D3,1
10258,47.0,58.0,-24.0,#B83F99,1
10259,47.0,58.0,14.0,#C8395B,1
10260,47.0,58.0,18.0,#C93954,1
10261,47.0,58.0,22.0,#CA394E,1
10262,47.0,58.0,66.0,#D03600,0
10263,47.0,60.0,-54.0,#A243CC,1
10264,47.0,60.0,-8.0,#C3397F,1
10265,47.0,60.0,0.0,#C63872,1
10266,47.0,60.0,28.0,#CE3444,1
10267,47.0,60.0,34.0,#CF343A,1
10268,47.0,60.0,62.0,#D23200,0
10269,47.0,62.0,-20.0,#BF3892,1
10270,47.0,62.0,78.0,#D52E00,0
10271,47.0,64.0,-26.0,#BF359C,1
10272,47.0,64.0,-4.0,#CA3178,1
10273,47.0,64.0,16.0,#D02D58,1
10274,47.0,64.0,24.0,#D22C4B,1
10275,47.0,66.0,-56.0,#A93ACF,1
10276,47.0,66.0,-16.0,#C72F8C,1
10277,47.0,66.0,-10.0,#CA2D82,1
10278,47.0,66.0,30.0,#D52641,1
10279,47.0,66.0,36.0,#D62637,1
10280,47.0,68.0,58.0,#DB1E08,1
10281,47.0,70.0,-82.0,#8D3DFD,1
10282,47.0,70.0,14.0,#D71C5C,1
10283,47.0,70.0,20.0,#D81B52,1
10284,47.0,70.0,26.0,#D91A48,1
10285,47.0,70.0,48.0,#DD1622,1
10286,47.0,70.0,54.0,#DD1615,1
10287,47.0,72.0,-88.0,#863CFF,0
10288,47.0,72.0,-58.0,#B12ED3,1
10289,47.0,72.0,-14.0,#D01D89,1
10290,47.0,72.0,-8.0,#D21B7F,1
10291,47.0,72.0,32.0,#DD0E3F,1
10292,47.0,72.0,38.0,#DE0C35,1
10293,47.0,72.0,64.0,#E00700,0
10294,47.0,74.0,-78.0,#9B33F6,1
10295,47.0,74.0,-24.0,#CD1999,1
10296,47.0,74.0,60.0,#E20004,0
10297,47.0,76.0,-30.0,#CD12A3,1
10298,47.0,76.0,12.0,#DE005F,0
10299,47.0,76.0,18.0,#DF0056,0
10300,47.0,76.0,24.0,#E0004C,0
10301,47.0,76.0,50.0,#E4001F,0
10302,47.0,76.0,56.0,#E40012,0
10303,47.0,78.0,30.0,#E40043,0
10304,47.0,78.0,36.0,#E50039,0
10305,47.0,78.0,66.0,#E70000,0
10306,47.0,80.0,-60.0,#BB15D6,1
10307,47.0,80.0,-42.0,#CA00B8,0
10308,47.0,80.0,42.0,#E8002F,0
10309,47.0,82.0,-52.0,#C500C9,0
10310,47.0,82.0,-24.0,#D8009A,0
10311,47.0,82.0,20.0,#E70053,0
10312,47.0,82.0,26.0,#E80049,0
10313,47.0,84.0,-30.0,#D700A4,0
10314,47.0,84.0,68.0,#EE0000,0
10315,47.0,84.0,74.0,#EE0000,0
10316,47.0,84.0,80.0,#EF0000,0
10317,47.0,86.0,-46.0,#D000BF,0
10318,47.0,86.0,-36.0,#D600AE,0
10319,47.0,86.0,-18.0,#E00090,0
10320,47.0,86.0,60.0,#F0000B,0
10321,47.0,88.0,-12.0,#E50086,0
10322,47.0,90.0,-52.0,#D100C9,0
10323,47.0,90.0,-24.0,#E2009A,0
10324,47.0,94.0,26.0,#F6004A,0
10325,47.0,96.0,-12.0,#EE0087,0
10326,47.0,98.0,-24.0,#EC009A,0
10327,47.0,100.0,-6.0,#F5007D,0
10328,47.0,102.0,-54.0,#E000CD,0
10329,47.0,102.0,-36.0,#EB00AE,0
10330,47.0,104.0,-60.0,#DE00D7,0
10331,47.0,104.0,-12.0,#F80087,0
10332,47.0,110.0,-36.0,#F500AF,0
10333,47.0,116.0,-80.0,#DE00FA,0
10334,48.0,-128.0,20.0,#00944C,0
10335,48.0,-128.0,28.0,#00943E,0
10336,48.0,-128.0,36.0,#00932D,0
10337,48.0,-128.0,44.0,#009318,0
10338,48.0,-128.0,52.0,#009300,0
10339,48.0,-128.0,60.0,#009300,0
10340,48.0,-120.0,28.0,#00933E,0
10341,48.0,-120.0,36.0,#00922D,0
10342,48.0,-120.0,44.0,#009218,0
10343,48.0,-120.0,52.0,#009200,0
10344,48.0,-120.0,62.0,#009200,0
10345,48.0,-114.0,-14.0,#009487,0
10346,48.0,-114.0,56.0,#009100,0
10347,48.0,-112.0,-2.0,#009373,0
10348,48.0,-112.0,16.0,#009254,0
10349,48.0,-112.0,22.0,#009249,0
10350,48.0,-112.0,30.0,#00923A,0
10351,48.0,-112.0,38.0,#009129,0
10352,48.0,-112.0,46.0,#009112,0
10353,48.0,-112.0,62.0,#009100,0
10354,48.0,-108.0,-18.0,#00938E,0
10355,48.0,-108.0,68.0,#009000,0
10356,48.0,-106.0,52.0,#009000,0
10357,48.0,-104.0,38.0,#009029,0
10358,48.0,-104.0,46.0,#009012,0
10359,48.0,-104.0,58.0,#009000,0
10360,48.0,-100.0,64.0,#008F00,0
10361,48.0,-98.0,52.0,#008F00,0
10362,48.0,-98.0,70.0,#008F00,0
10363,48.0,-96.0,26.0,#008F42,0
10364,48.0,-96.0,32.0,#008F36,0
10365,48.0,-96.0,40.0,#008F25,0
10366,48.0,-96.0,58.0,#008F00,0
10367,48.0,-92.0,46.0,#008E13,0
10368,48.0,-90.0,52.0,#008E00,0
10369,48.0,-90.0,62.0,#008D00,0
10370,48.0,-90.0,70.0,#008D00,0
10371,48.0,-88.0,-8.0,#008F7E,0
10372,48.0,-88.0,28.0,#008E3E,0
10373,48.0,-84.0,48.0,#008D0C,0
10374,48.0,-84.0,56.0,#008C00,0
10375,48.0,-84.0,72.0,#008C00,0
10376,48.0,-82.0,62.0,#008C00,0
10377,48.0,-80.0,0.0,#008D70,0
10378,48.0,-80.0,24.0,#008C46,0
10379,48.0,-78.0,52.0,#008B00,0
10380,48.0,-76.0,58.0,#008B00,0
10381,48.0,-76.0,66.0,#008B00,0
10382,48.0,-74.0,-36.0,#008EAD,0
10383,48.0,-74.0,72.0,#008A00,0
10384,48.0,-72.0,2.0,#008B6D,0
10385,48.0,-72.0,8.0,#008B63,0
10386,48.0,-72.0,14.0,#008B58,0
10387,48.0,-72.0,20.0,#008B4E,0
10388,48.0,-70.0,-30.0,#008DA3,0
10389,48.0,-70.0,60.0,#008900,0
10390,48.0,-68.0,-40.0,#008DB4,0
10391,48.0,-68.0,-8.0,#008B7E,0
10392,48.0,-68.0,66.0,#008900,0
10393,48.0,-68.0,74.0,#008900,0
10394,48.0,-66.0,-34.0,#008CAA,0
10395,48.0,-66.0,-24.0,#008C99,0
10396,48.0,-66.0,10.0,#008A5F,0
10397,48.0,-66.0,16.0,#008955,0
10398,48.0,-64.0,-28.0,#008BA0,0
10399,48.0,-62.0,-44.0,#008CBB,0
10400,48.0,-62.0,62.0,#008700,0
10401,48.0,-62.0,70.0,#008700,0
10402,48.0,-60.0,-22.0,#008A96,0
10403,48.0,-60.0,-10.0,#008981,0
10404,48.0,-60.0,12.0,#00885C,0
10405,48.0,-60.0,18.0,#008851,0
10406,48.0,-58.0,-26.0,#008A9D,0
10407,48.0,-58.0,22.0,#00874A,0
10408,48.0,-58.0,74.0,#008600,0
10409,48.0,-56.0,-46.0,#008BBF,0
10410,48.0,-56.0,-40.0,#008AB4,0
10411,48.0,-56.0,64.0,#008600,0
10412,48.0,-54.0,-20.0,#008892,0
10413,48.0,-54.0,14.0,#008659,0
10414,48.0,-52.0,-50.0,#008AC6,0
10415,48.0,-52.0,40.0,#008527,0
10416,48.0,-52.0,68.0,#1E8500,0
10417,48.0,-52.0,76.0,#228400,0
10418,48.0,-50.0,-44.0,#0089BB,0
10419,48.0,-50.0,-38.0,#0089B1,0
10420,48.0,-50.0,34.0,#008534,0
10421,48.0,-48.0,-32.0,#0087A7,0
10422,48.0,-48.0,-22.0,#008796,0
10423,48.0,-48.0,-18.0,#00868F,0
10424,48.0,-46.0,-52.0,#0089C9,0
10425,48.0,-46.0,-26.0,#00869D,0
10426,48.0,-46.0,-2.0,#008574,0
10427,48.0,-46.0,38.0,#21832C,1
10428,48.0,-46.0,44.0,#28831E,1
10429,48.0,-46.0,72.0,#368300,0
10430,48.0,-44.0,-46.0,#0088BF,0
10431,48.0,-44.0,-40.0,#0087B5,0
10432,48.0,-44.0,30.0,#1F833C,1
10433,48.0,-42.0,-34.0,#0086AA,0
10434,48.0,-42.0,-28.0,#0085A0,0
10435,48.0,-42.0,-20.0,#008593,0
10436,48.0,-42.0,-16.0,#00848C,0
10437,48.0,-42.0,-12.0,#008485,0
10438,48.0,-42.0,76.0,#428100,0
10439,48.0,-40.0,-56.0,#0088D0,0
10440,48.0,-40.0,-8.0,#00837E,0
10441,48.0,-40.0,-4.0,#008378,0
10442,48.0,-40.0,0.0,#008371,0
10443,48.0,-40.0,38.0,#38812D,1
10444,48.0,-38.0,-50.0,#0086C6,0
10445,48.0,-38.0,-42.0,#0085B8,0
10446,48.0,-38.0,-22.0,#008496,0
10447,48.0,-36.0,-12.0,#008285,0
10448,48.0,-36.0,6.0,#0F8167,1
10449,48.0,-36.0,10.0,#1E8160,1
10450,48.0,-36.0,72.0,#4F7F00,0
10451,48.0,-34.0,-8.0,#00817E,0
10452,48.0,-34.0,-4.0,#008178,0
10453,48.0,-34.0,0.0,#008171,0
10454,48.0,-34.0,36.0,#477F31,1
10455,48.0,-34.0,42.0,#4A7F24,1
10456,48.0,-34.0,78.0,#547F00,0
10457,48.0,-32.0,-46.0,#0084BF,0
10458,48.0,-32.0,-40.0,#0083B5,0
10459,48.0,-32.0,-18.0,#00818F,0
10460,48.0,-32.0,46.0,#507E1A,1
10461,48.0,-30.0,-10.0,#008082,0
10462,48.0,-30.0,-2.0,#1C7F74,1
10463,48.0,-30.0,2.0,#297F6E,1
10464,48.0,-30.0,6.0,#317F67,1
10465,48.0,-30.0,10.0,#387F60,1
10466,48.0,-30.0,70.0,#5B7D00,0
10467,48.0,-28.0,-6.0,#1A7F7B,1
10468,48.0,-28.0,36.0,#547D32,1
10469,48.0,-28.0,76.0,#5F7C00,0
10470,48.0,-26.0,-48.0,#0082C3,0
10471,48.0,-26.0,-40.0,#0081B5,0
10472,48.0,-26.0,0.0,#357E71,1
10473,48.0,-26.0,4.0,#3C7E6A,1
10474,48.0,-26.0,64.0,#617C00,0
10475,48.0,-24.0,-66.0,#0083E2,0
10476,48.0,-24.0,-12.0,#1B7E85,1
10477,48.0,-24.0,-8.0,#2A7D7F,1
10478,48.0,-24.0,-4.0,#347D78,1
10479,48.0,-24.0,8.0,#477D64,1
10480,48.0,-24.0,20.0,#537C4F,1
10481,48.0,-24.0,78.0,#667B00,0
10482,48.0,-22.0,-18.0,#057D90,1
10483,48.0,-22.0,0.0,#427C71,1
10484,48.0,-22.0,4.0,#477C6B,1
10485,48.0,-22.0,30.0,#5D7B3D,1
10486,48.0,-22.0,40.0,#627B2A,1
10487,48.0,-20.0,-60.0,#0081D8,0
10488,48.0,-20.0,-14.0,#2B7C89,1
10489,48.0,-20.0,-6.0,#3E7C7B,1
10490,48.0,-20.0,20.0,#5B7A4F,1
10491,48.0,-20.0,44.0,#677A21,1
10492,48.0,-20.0,80.0,#6D7900,0
10493,48.0,-18.0,-52.0,#007FCA,0
10494,48.0,-18.0,-2.0,#4A7B75,1
10495,48.0,-18.0,2.0,#4F7A6E,1
10496,48.0,-16.0,-16.0,#367B8C,1
10497,48.0,-16.0,-12.0,#3F7A86,1
10498,48.0,-16.0,34.0,#6A7836,1
10499,48.0,-16.0,40.0,#6C782A,1
10500,48.0,-16.0,46.0,#6E781C,1
10501,48.0,-14.0,-58.0,#007ED4,0
10502,48.0,-14.0,-50.0,#007DC6,0
10503,48.0,-14.0,0.0,#567971,1
10504,48.0,-14.0,6.0,#5C7867,1
10505,48.0,-14.0,50.0,#72770F,1
10506,48.0,-12.0,-44.0,#007CBC,0
10507,48.0,-12.0,-16.0,#44798C,1
10508,48.0,-12.0,-12.0,#4B7986,1
10509,48.0,-12.0,-8.0,#51787F,1
10510,48.0,-12.0,-4.0,#567878,1
10511,48.0,-12.0,36.0,#717633,1
10512,48.0,-12.0,42.0,#737626,1
10513,48.0,-10.0,-66.0,#007EE2,0
10514,48.0,-10.0,-58.0,#007DD4,0
10515,48.0,-10.0,-50.0,#007CC6,0
10516,48.0,-10.0,-18.0,#467890,1
10517,48.0,-10.0,-6.0,#58777C,1
10518,48.0,-10.0,-2.0,#5D7775,1
10519,48.0,-10.0,8.0,#667664,1
10520,48.0,-10.0,46.0,#78751D,1
10521,48.0,-10.0,78.0,#7C7500,0
10522,48.0,-8.0,-20.0,#487793,1
10523,48.0,-8.0,-4.0,#5F7678,1
10524,48.0,-8.0,0.0,#637672,1
10525,48.0,-8.0,22.0,#72754C,1
10526,48.0,-8.0,32.0,#76743B,1
10527,48.0,-8.0,38.0,#79742F,1
10528,48.0,-6.0,-64.0,#007CDF,0
10529,48.0,-6.0,-56.0,#007AD1,0
10530,48.0,-6.0,-16.0,#54768C,1
10531,48.0,-6.0,0.0,#677572,1
10532,48.0,-6.0,42.0,#7D7327,1
10533,48.0,-6.0,80.0,#837300,0
10534,48.0,-4.0,-52.0,#0079CA,0
10535,48.0,-4.0,-44.0,#0078BC,0
10536,48.0,-4.0,-30.0,#3F76A4,1
10537,48.0,-4.0,-2.0,#697475,1
10538,48.0,-4.0,32.0,#7D723B,1
10539,48.0,-4.0,62.0,#847200,0
10540,48.0,-2.0,-62.0,#0079DB,0
10541,48.0,-2.0,-28.0,#4A75A1,1
10542,48.0,-2.0,0.0,#6E7372,1
10543,48.0,-2.0,24.0,#7D7249,1
10544,48.0,0.0,-58.0,#0078D4,0
10545,48.0,0.0,-50.0,#0077C6,0
10546,48.0,0.0,-42.0,#2676B9,1
10547,48.0,0.0,-36.0,#3D75AE,1
10548,48.0,0.0,-26.0,#53749D,1
10549,48.0,0.0,0.0,#727272,1
10550,48.0,0.0,16.0,#7C7157,1
10551,48.0,0.0,20.0,#7E7150,1
10552,48.0,0.0,32.0,#83703B,1
10553,48.0,2.0,0.0,#757172,1
10554,48.0,2.0,16.0,#7F7057,1
10555,48.0,2.0,20.0,#817050,1
10556,48.0,2.0,36.0,#876F34,1
10557,48.0,4.0,-68.0,#0077E6,0
10558,48.0,4.0,-52.0,#0075CA,0
10559,48.0,4.0,-44.0,#3274BC,1
10560,48.0,4.0,16.0,#826F57,1
10561,48.0,4.0,20.0,#846F50,1
10562,48.0,4.0,42.0,#8C6E28,1
10563,48.0,4.0,48.0,#8D6E19,1
10564,48.0,6.0,-50.0,#1F74C7,1
10565,48.0,6.0,16.0,#866E57,1
10566,48.0,6.0,20.0,#876D51,1
10567,48.0,6.0,24.0,#896D4A,1
10568,48.0,6.0,32.0,#8C6D3B,1
10569,48.0,8.0,-68.0,#0075E6,0
10570,48.0,8.0,-40.0,#4D71B5,1
10571,48.0,8.0,50.0,#936B14,1
10572,48.0,10.0,-38.0,#5770B2,1
10573,48.0,10.0,20.0,#8D6B51,1
10574,48.0,10.0,34.0,#926A38,1
10575,48.0,12.0,18.0,#8F6A54,1
10576,48.0,14.0,-40.0,#5E6EB6,1
10577,48.0,14.0,22.0,#94684E,1
10578,48.0,16.0,-38.0,#666CB2,1
10579,48.0,18.0,-72.0,#0070ED,0
10580,48.0,18.0,24.0,#9A664A,1
10581,48.0,18.0,38.0,#9E6531,1
10582,48.0,18.0,44.0,#9F6525,1
10583,48.0,20.0,-44.0,#656ABC,1
10584,48.0,22.0,16.0,#9D6358,1
10585,48.0,22.0,28.0,#A16344,1
10586,48.0,22.0,40.0,#A4622E,1
10587,48.0,24.0,-78.0,#006DF8,0
10588,48.0,24.0,-50.0,#6468C7,1
10589,48.0,24.0,58.0,#A96000,0
10590,48.0,26.0,18.0,#A36055,1
10591,48.0,26.0,30.0,#A75F40,1
10592,48.0,26.0,46.0,#AA5F22,1
10593,48.0,28.0,-58.0,#5D67D5,1
10594,48.0,28.0,14.0,#A45F5C,1
10595,48.0,28.0,28.0,#A95E44,1
10596,48.0,28.0,52.0,#AD5D12,1
10597,48.0,28.0,64.0,#AF5D00,0
10598,48.0,30.0,-84.0,#006BFF,0
10599,48.0,30.0,-56.0,#6765D1,1
10600,48.0,30.0,18.0,#A85D55,1
10601,48.0,30.0,22.0,#AA5C4E,1
10602,48.0,30.0,46.0,#AF5B22,1
10603,48.0,32.0,-64.0,#5A65DF,1
10604,48.0,32.0,28.0,#AE5A44,1
10605,48.0,32.0,52.0,#B25A13,1
10606,48.0,32.0,58.0,#B35900,0
10607,48.0,36.0,20.0,#B15752,1
10608,48.0,36.0,28.0,#B35745,1
10609,48.0,36.0,52.0,#B75614,1
10610,48.0,36.0,58.0,#B85600,0
10611,48.0,40.0,-70.0,#6160EA,1
10612,48.0,40.0,-36.0,#9659AF,1
10613,48.0,40.0,52.0,#BC5215,1
10614,48.0,40.0,58.0,#BD5200,0
10615,48.0,40.0,76.0,#BE5100,0
10616,48.0,42.0,-54.0,#845BCE,1
10617,48.0,42.0,-46.0,#8F59C0,1
10618,48.0,42.0,-32.0,#9D57A9,1
10619,48.0,42.0,-10.0,#AC5484,1
10620,48.0,42.0,22.0,#B9514F,1
10621,48.0,42.0,26.0,#BA5148,1
10622,48.0,42.0,30.0,#BB5142,1
10623,48.0,42.0,82.0,#C14F00,0
10624,48.0,44.0,-70.0,#6C5CEA,1
10625,48.0,44.0,-64.0,#785BE0,1
10626,48.0,44.0,58.0,#C24D01,1
10627,48.0,44.0,64.0,#C24D00,0
10628,48.0,46.0,-76.0,#635CF5,1
10629,48.0,46.0,-60.0,#8358D9,1
10630,48.0,46.0,-52.0,#8F56CB,1
10631,48.0,46.0,-2.0,#B64F77,1
10632,48.0,46.0,2.0,#B84E70,1
10633,48.0,46.0,76.0,#C54B00,0
10634,48.0,48.0,70.0,#C84800,0
10635,48.0,48.0,82.0,#C84800,0
10636,48.0,50.0,-82.0,#5E59FF,0
10637,48.0,50.0,-74.0,#7257F1,1
10638,48.0,50.0,-58.0,#8E53D5,1
10639,48.0,50.0,64.0,#CA4600,0
10640,48.0,52.0,-64.0,#8952E0,1
10641,48.0,52.0,-54.0,#9750CE,1
10642,48.0,52.0,-40.0,#A64DB6,1
10643,48.0,52.0,44.0,#CA442A,1
10644,48.0,52.0,76.0,#CD4300,0
10645,48.0,54.0,-80.0,#6F54FC,1
10646,48.0,54.0,-36.0,#AC4AB0,1
10647,48.0,54.0,4.0,#C3446D,1
10648,48.0,54.0,82.0,#CF4000,0
10649,48.0,56.0,-76.0,#7D51F5,1
10650,48.0,56.0,-70.0,#884FEA,1
10651,48.0,56.0,-62.0,#944DDC,1
10652,48.0,56.0,-4.0,#C2427A,1
10653,48.0,56.0,50.0,#D03D1E,1
10654,48.0,58.0,-42.0,#AD46BA,1
10655,48.0,60.0,-84.0,#754FFF,0
10656,48.0,60.0,-68.0,#934AE7,1
10657,48.0,60.0,48.0,#D43623,1
10658,48.0,60.0,56.0,#D5360F,1
10659,48.0,60.0,82.0,#D63500,0
10660,48.0,62.0,-80.0,#824BFC,1
10661,48.0,62.0,-64.0,#9C46E0,1
10662,48.0,62.0,-50.0,#AC42C8,1
10663,48.0,62.0,-30.0,#BC3DA6,1
10664,48.0,62.0,42.0,#D6332F,1
10665,48.0,64.0,-60.0,#A442D9,1
10666,48.0,64.0,-44.0,#B53DBD,1
10667,48.0,64.0,68.0,#DA2D00,0
10668,48.0,66.0,-86.0,#7F47FF,0
10669,48.0,66.0,-72.0,#9842EE,1
10670,48.0,68.0,-66.0,#A43DE4,1
10671,48.0,68.0,-40.0,#BE34B7,1
10672,48.0,68.0,-34.0,#C232AD,1
10673,48.0,68.0,66.0,#DF2200,0
10674,48.0,68.0,74.0,#DF2200,0
10675,48.0,70.0,-50.0,#B833C8,1
10676,48.0,70.0,80.0,#E21A00,0
10677,48.0,72.0,6.0,#DA1B6B,1
10678,48.0,72.0,72.0,#E41000,0
10679,48.0,74.0,-46.0,#C228C1,1
10680,48.0,74.0,-38.0,#C824B3,1
10681,48.0,76.0,-52.0,#C025CB,1
10682,48.0,76.0,78.0,#E90000,0
10683,48.0,78.0,-18.0,#D80292,1
10684,48.0,80.0,-88.0,#9A2EFF,0
10685,48.0,82.0,-82.0,#A724FF,0
10686,48.0,82.0,50.0,#EE0023,0
10687,48.0,84.0,-66.0,#BF09E4,1
10688,48.0,86.0,-78.0,#B40CF9,1
10689,48.0,88.0,-84.0,#AF05FF,0
10690,48.0,88.0,-72.0,#BE00EE,0
10691,48.0,88.0,8.0,#EE0069,0
10692,48.0,88.0,24.0,#F2004F,0
10693,48.0,88.0,30.0,#F30046,0
10694,48.0,88.0,52.0,#F50020,0
10695,48.0,90.0,-62.0,#CC00DD,0
10696,48.0,92.0,-80.0,#BC00FD,0
10697,48.0,92.0,-40.0,#DF00B7,0
10698,48.0,94.0,-86.0,#B700FF,0
10699,48.0,94.0,-34.0,#E500AD,0
10700,48.0,98.0,-64.0,#D600E1,0
10701,48.0,100.0,-80.0,#C900FD,0
10702,48.0,100.0,-30.0,#EF00A7,0
10703,48.0,102.0,4.0,#FE0070,0
10704,48.0,104.0,-74.0,#D500F2,0
10705,48.0,106.0,-68.0,#DE00E8,0
10706,48.0,106.0,-44.0,#EF00BF,0
10707,48.0,106.0,-18.0,#FC0093,0
10708,48.0,108.0,-84.0,#D100FF,0
10709,48.0,112.0,-64.0,#EA00E1,0
10710,48.0,114.0,-72.0,#E600EF,0
10711,48.0,120.0,-68.0,#F200E8,0
10712,49.0,-128.0,-8.0,#009880,0
10713,49.0,-128.0,-2.0,#009875,0
10714,49.0,-128.0,4.0,#00976B,0
10715,49.0,-128.0,10.0,#009761,0
10716,49.0,-120.0,-12.0,#009787,0
10717,49.0,-120.0,-6.0,#00977C,0
10718,49.0,-120.0,0.0,#009772,0
10719,49.0,-120.0,6.0,#009668,0
10720,49.0,-120.0,12.0,#00965D,0
10721,49.0,-120.0,18.0,#009653,0
10722,49.0,-112.0,8.0,#009564,0
10723,49.0,-104.0,-8.0,#009580,0
10724,49.0,-104.0,-2.0,#009476,0
10725,49.0,-104.0,4.0,#00946B,0
10726,49.0,-104.0,10.0,#009461,0
10727,49.0,-104.0,16.0,#009456,0
10728,49.0,-104.0,22.0,#00934C,0
10729,49.0,-104.0,28.0,#009340,0
10730,49.0,-96.0,-18.0,#009491,0
10731,49.0,-96.0,-12.0,#009487,0
10732,49.0,-96.0,-6.0,#00937D,0
10733,49.0,-96.0,0.0,#009372,0
10734,49.0,-96.0,6.0,#009368,0
10735,49.0,-96.0,12.0,#00935E,0
10736,49.0,-96.0,18.0,#009253,0
10737,49.0,-88.0,-28.0,#0093A2,0
10738,49.0,-88.0,-16.0,#00938E,0
10739,49.0,-88.0,-4.0,#009279,0
10740,49.0,-88.0,2.0,#00926F,0
10741,49.0,-88.0,8.0,#009165,0
10742,49.0,-88.0,14.0,#00915A,0
10743,49.0,-88.0,20.0,#009150,0
10744,49.0,-88.0,38.0,#00902C,0
10745,49.0,-82.0,-32.0,#0093A9,0
10746,49.0,-80.0,-26.0,#00929F,0
10747,49.0,-80.0,-20.0,#009195,0
10748,49.0,-80.0,-8.0,#009080,0
10749,49.0,-80.0,4.0,#00906C,0
10750,49.0,-80.0,10.0,#009061,0
10751,49.0,-80.0,16.0,#008F57,0
10752,49.0,-80.0,34.0,#008F35,0
10753,49.0,-80.0,40.0,#008F28,0
10754,49.0,-76.0,46.0,#008E18,0
10755,49.0,-74.0,38.0,#008D2D,0
10756,49.0,-72.0,-22.0,#009098,0
10757,49.0,-72.0,-16.0,#008F8E,0
10758,49.0,-72.0,-4.0,#008E7A,0
10759,49.0,-72.0,26.0,#008D45,0
10760,49.0,-72.0,32.0,#008D3A,0
10761,49.0,-70.0,42.0,#008C24,0
10762,49.0,-68.0,36.0,#008C32,0
10763,49.0,-68.0,48.0,#008C12,0
10764,49.0,-66.0,-20.0,#008E95,0
10765,49.0,-66.0,-14.0,#008E8B,0
10766,49.0,-66.0,4.0,#008D6C,0
10767,49.0,-66.0,22.0,#008C4D,0
10768,49.0,-66.0,28.0,#008C42,0
10769,49.0,-64.0,-4.0,#008D7A,0
10770,49.0,-64.0,0.0,#008C73,0
10771,49.0,-64.0,40.0,#008B29,0
10772,49.0,-64.0,52.0,#008B00,0
10773,49.0,-64.0,78.0,#008A00,0
10774,49.0,-62.0,32.0,#008B3A,0
10775,49.0,-62.0,46.0,#008A19,0
10776,49.0,-60.0,-16.0,#008C8E,0
10777,49.0,-60.0,6.0,#008B69,0
10778,49.0,-58.0,-32.0,#008DA9,0
10779,49.0,-58.0,-2.0,#008B76,0
10780,49.0,-58.0,2.0,#008B70,0
10781,49.0,-58.0,36.0,#008932,0
10782,49.0,-58.0,50.0,#00890A,0
10783,49.0,-56.0,28.0,#008942,0
10784,49.0,-56.0,56.0,#008800,0
10785,49.0,-54.0,-14.0,#008A8B,0
10786,49.0,-54.0,8.0,#008965,0
10787,49.0,-52.0,-10.0,#008A84,0
10788,49.0,-52.0,-6.0,#00897D,0
10789,49.0,-52.0,0.0,#008973,0
10790,49.0,-52.0,4.0,#00896C,0
10791,49.0,-52.0,46.0,#09871A,1
10792,49.0,-50.0,24.0,#00874A,0
10793,49.0,-50.0,52.0,#218701,1
10794,49.0,-48.0,10.0,#008762,0
10795,49.0,-48.0,58.0,#2E8600,0
10796,49.0,-48.0,80.0,#368600,0
10797,49.0,-46.0,-8.0,#008881,0
10798,49.0,-46.0,2.0,#008770,0
10799,49.0,-46.0,6.0,#008769,0
10800,49.0,-46.0,64.0,#378500,0
10801,49.0,-44.0,20.0,#048651,1
10802,49.0,-44.0,48.0,#368515,1
10803,49.0,-42.0,10.0,#008662,0
10804,49.0,-42.0,14.0,#00855B,0
10805,49.0,-42.0,54.0,#3F8400,0
10806,49.0,-40.0,22.0,#28844D,1
10807,49.0,-40.0,60.0,#468300,0
10808,49.0,-38.0,16.0,#268458,1
10809,49.0,-38.0,26.0,#368446,1
10810,49.0,-38.0,66.0,#4C8300,0
10811,49.0,-36.0,-16.0,#00858E,0
10812,49.0,-36.0,30.0,#40833F,1
10813,49.0,-34.0,-56.0,#0088D3,0
10814,49.0,-34.0,-34.0,#0086AD,0
10815,49.0,-34.0,-28.0,#0085A3,0
10816,49.0,-34.0,18.0,#398255,1
10817,49.0,-34.0,56.0,#528100,0
10818,49.0,-32.0,-22.0,#008499,0
10819,49.0,-32.0,14.0,#3A825C,1
10820,49.0,-32.0,22.0,#43824E,1
10821,49.0,-32.0,62.0,#588100,0
10822,49.0,-30.0,26.0,#4C8147,1
10823,49.0,-28.0,-60.0,#0087DA,0
10824,49.0,-28.0,-36.0,#0084B1,0
10825,49.0,-28.0,-30.0,#0083A6,0
10826,49.0,-28.0,-24.0,#00839C,0
10827,49.0,-28.0,-14.0,#00828B,0
10828,49.0,-28.0,16.0,#488058,1
10829,49.0,-28.0,30.0,#53803F,1
10830,49.0,-28.0,52.0,#5D7F07,1
10831,49.0,-26.0,-18.0,#008292,0
10832,49.0,-26.0,40.0,#5D7F2C,1
10833,49.0,-26.0,58.0,#627E00,0
10834,49.0,-26.0,70.0,#657E00,0
10835,49.0,-24.0,-26.0,#0081A0,0
10836,49.0,-24.0,24.0,#587E4B,1
10837,49.0,-22.0,-54.0,#0084D0,0
10838,49.0,-22.0,-34.0,#0081AD,0
10839,49.0,-22.0,10.0,#517E63,1
10840,49.0,-22.0,14.0,#547E5C,1
10841,49.0,-22.0,34.0,#627D38,1
10842,49.0,-22.0,58.0,#6A7D00,0
10843,49.0,-22.0,72.0,#6C7D00,0
10844,49.0,-20.0,-28.0,#0080A3,0
10845,49.0,-20.0,52.0,#6C7C09,1
10846,49.0,-20.0,64.0,#6E7C00,0
10847,49.0,-18.0,-22.0,#1A7F99,1
10848,49.0,-18.0,-8.0,#437E81,1
10849,49.0,-18.0,6.0,#567D6A,1
10850,49.0,-18.0,10.0,#5A7C63,1
10851,49.0,-18.0,14.0,#5D7C5C,1
10852,49.0,-18.0,26.0,#657C47,1
10853,49.0,-18.0,32.0,#687C3C,1
10854,49.0,-18.0,58.0,#707B00,0
10855,49.0,-18.0,72.0,#727B00,0
10856,49.0,-16.0,-66.0,#0083E5,0
10857,49.0,-16.0,-28.0,#007EA3,0
10858,49.0,-16.0,16.0,#637B59,1
10859,49.0,-16.0,20.0,#657B52,1
10860,49.0,-16.0,64.0,#757A00,0
10861,49.0,-16.0,82.0,#777A00,0
10862,49.0,-14.0,-36.0,#007EB1,0
10863,49.0,-14.0,-22.0,#317D99,1
10864,49.0,-14.0,-6.0,#517C7E,1
10865,49.0,-14.0,12.0,#647B60,1
10866,49.0,-14.0,24.0,#6B7A4B,1
10867,49.0,-14.0,70.0,#787900,0
10868,49.0,-12.0,-30.0,#1A7DA7,1
10869,49.0,-12.0,14.0,#697A5C,1
10870,49.0,-12.0,18.0,#6B7956,1
10871,49.0,-12.0,62.0,#7A7800,0
10872,49.0,-10.0,-40.0,#007DB8,0
10873,49.0,-10.0,-24.0,#3C7B9D,1
10874,49.0,-10.0,20.0,#707852,1
10875,49.0,-10.0,68.0,#7E7700,0
10876,49.0,-8.0,-34.0,#217BAE,1
10877,49.0,-8.0,-28.0,#387BA3,1
10878,49.0,-8.0,-8.0,#5D7982,1
10879,49.0,-8.0,10.0,#6D7863,1
10880,49.0,-8.0,14.0,#70785D,1
10881,49.0,-8.0,60.0,#807600,0
10882,49.0,-6.0,-24.0,#49799D,1
10883,49.0,-6.0,16.0,#757759,1
10884,49.0,-6.0,20.0,#777652,1
10885,49.0,-6.0,52.0,#82750D,1
10886,49.0,-4.0,-36.0,#2F7AB1,1
10887,49.0,-4.0,-22.0,#527899,1
10888,49.0,-4.0,-16.0,#5C788F,1
10889,49.0,-4.0,0.0,#6D7674,1
10890,49.0,-4.0,22.0,#7B754F,1
10891,49.0,-4.0,46.0,#847520,1
10892,49.0,-4.0,72.0,#877400,0
10893,49.0,-2.0,-20.0,#5B7796,1
10894,49.0,-2.0,-16.0,#60778F,1
10895,49.0,-2.0,-12.0,#657688,1
10896,49.0,-2.0,-8.0,#697682,1
10897,49.0,-2.0,-4.0,#6D767B,1
10898,49.0,-2.0,4.0,#74756E,1
10899,49.0,-2.0,8.0,#777567,1
10900,49.0,-2.0,12.0,#797560,1
10901,49.0,-2.0,16.0,#7B7559,1
10902,49.0,-2.0,20.0,#7E7453,1
10903,49.0,-2.0,52.0,#88730E,1
10904,49.0,0.0,-74.0,#007DF3,0
10905,49.0,0.0,-20.0,#5F7696,1
10906,49.0,0.0,-16.0,#65768F,1
10907,49.0,0.0,-12.0,#697589,1
10908,49.0,0.0,-8.0,#6D7582,1
10909,49.0,0.0,-4.0,#71757B,1
10910,49.0,0.0,4.0,#77746E,1
10911,49.0,0.0,8.0,#7A7467,1
10912,49.0,0.0,12.0,#7D7460,1
10913,49.0,0.0,26.0,#837348,1
10914,49.0,0.0,40.0,#88732E,1
10915,49.0,0.0,46.0,#897221,1
10916,49.0,0.0,58.0,#8C7200,0
10917,49.0,0.0,70.0,#8D7200,0
10918,49.0,2.0,-20.0,#647596,1
10919,49.0,2.0,-16.0,#69758F,1
10920,49.0,2.0,-12.0,#6D7489,1
10921,49.0,2.0,-8.0,#717482,1
10922,49.0,2.0,-4.0,#75747B,1
10923,49.0,2.0,4.0,#7B736E,1
10924,49.0,2.0,8.0,#7D7367,1
10925,49.0,2.0,12.0,#807360,1
10926,49.0,2.0,24.0,#86724C,1
10927,49.0,2.0,30.0,#887241,1
10928,49.0,2.0,64.0,#8F7100,0
10929,49.0,4.0,-74.0,#007BF4,0
10930,49.0,4.0,-34.0,#5275AE,1
10931,49.0,4.0,-20.0,#687496,1
10932,49.0,4.0,-16.0,#6D738F,1
10933,49.0,4.0,-12.0,#717389,1
10934,49.0,4.0,-8.0,#757382,1
10935,49.0,4.0,-4.0,#78727B,1
10936,49.0,4.0,0.0,#7B7275,1
10937,49.0,4.0,4.0,#7E726E,1
10938,49.0,4.0,8.0,#817267,1
10939,49.0,4.0,12.0,#837160,1
10940,49.0,4.0,28.0,#8A7145,1
10941,49.0,4.0,34.0,#8C713A,1
10942,49.0,4.0,58.0,#917000,0
10943,49.0,4.0,72.0,#937000,0
10944,49.0,6.0,-62.0,#0078DE,0
10945,49.0,6.0,-32.0,#5B74AA,1
10946,49.0,6.0,-20.0,#6C7396,1
10947,49.0,6.0,-16.0,#71728F,1
10948,49.0,6.0,-12.0,#757289,1
10949,49.0,6.0,-8.0,#797282,1
10950,49.0,6.0,-4.0,#7C717B,1
10951,49.0,6.0,0.0,#7F7175,1
10952,49.0,6.0,4.0,#81716E,1
10953,49.0,6.0,8.0,#847167,1
10954,49.0,6.0,12.0,#867060,1
10955,49.0,6.0,64.0,#956F00,0
10956,49.0,8.0,-58.0,#0076D7,0
10957,49.0,8.0,-16.0,#75718F,1
10958,49.0,8.0,-12.0,#797189,1
10959,49.0,8.0,-8.0,#7C7082,1
10960,49.0,8.0,-4.0,#7F707B,1
10961,49.0,8.0,0.0,#827075,1
10962,49.0,8.0,4.0,#85706E,1
10963,49.0,8.0,8.0,#876F67,1
10964,49.0,8.0,12.0,#896F61,1
10965,49.0,8.0,16.0,#8B6F5A,1
10966,49.0,8.0,28.0,#906E45,1
10967,49.0,8.0,40.0,#936E2F,1
10968,49.0,8.0,58.0,#976E00,0
10969,49.0,8.0,70.0,#986D00,0
10970,49.0,10.0,-76.0,#0078F7,0
10971,49.0,10.0,-10.0,#7E6F85,1
10972,49.0,10.0,-6.0,#816F7F,1
10973,49.0,10.0,-2.0,#846F78,1
10974,49.0,10.0,2.0,#876F71,1
10975,49.0,10.0,6.0,#896E6B,1
10976,49.0,10.0,10.0,#8B6E64,1
10977,49.0,10.0,24.0,#916D4C,1
10978,49.0,10.0,64.0,#9A6C00,0
10979,49.0,12.0,-64.0,#0075E2,0
10980,49.0,12.0,-58.0,#1A74D7,1
10981,49.0,12.0,-4.0,#866E7B,1
10982,49.0,12.0,0.0,#896D75,1
10983,49.0,12.0,4.0,#8B6D6E,1
10984,49.0,12.0,8.0,#8D6D67,1
10985,49.0,12.0,14.0,#906D5D,1
10986,49.0,12.0,30.0,#966C42,1
10987,49.0,12.0,42.0,#996B2B,1
10988,49.0,12.0,48.0,#9B6B1D,1
10989,49.0,12.0,58.0,#9C6B00,0
10990,49.0,12.0,70.0,#9D6B00,0
10991,49.0,12.0,84.0,#9E6B00,0
10992,49.0,14.0,-82.0,#0077FF,0
10993,49.0,14.0,-74.0,#0075F4,0
10994,49.0,14.0,-46.0,#5471C3,1
10995,49.0,14.0,-30.0,#706FA7,1
10996,49.0,14.0,-2.0,#8A6C78,1
10997,49.0,14.0,2.0,#8D6C72,1
10998,49.0,14.0,12.0,#926B61,1
10999,49.0,14.0,26.0,#986B49,1
11000,49.0,14.0,54.0,#9E6A0A,1
11001,49.0,14.0,64.0,#A06A00,0
11002,49.0,16.0,-64.0,#0072E2,0
11003,49.0,16.0,0.0,#8F6B75,1
11004,49.0,16.0,6.0,#926A6B,1
11005,49.0,16.0,10.0,#946A64,1
11006,49.0,16.0,16.0,#976A5A,1
11007,49.0,16.0,20.0,#996A53,1
11008,49.0,16.0,32.0,#9D693F,1
11009,49.0,16.0,50.0,#A06919,1
11010,49.0,16.0,60.0,#A26800,0
11011,49.0,16.0,70.0,#A36800,0
11012,49.0,16.0,84.0,#A46800,0
11013,49.0,18.0,-82.0,#0074FF,0
11014,49.0,18.0,-52.0,#516FCD,1
11015,49.0,18.0,-36.0,#706DB2,1
11016,49.0,18.0,-32.0,#766DAB,1
11017,49.0,18.0,4.0,#94696E,1
11018,49.0,18.0,14.0,#99695E,1
11019,49.0,18.0,28.0,#9E6846,1
11020,49.0,18.0,56.0,#A46702,1
11021,49.0,18.0,76.0,#A66700,0
11022,49.0,20.0,-78.0,#0072FB,0
11023,49.0,20.0,-2.0,#946878,1
11024,49.0,20.0,8.0,#996868,1
11025,49.0,20.0,12.0,#9B6761,1
11026,49.0,20.0,18.0,#9D6757,1
11027,49.0,20.0,22.0,#9F6750,1
11028,49.0,20.0,34.0,#A2663B,1
11029,49.0,20.0,52.0,#A66613,1
11030,49.0,20.0,62.0,#A76500,0
11031,49.0,20.0,70.0,#A86500,0
11032,49.0,20.0,84.0,#A96500,0
11033,49.0,22.0,-58.0,#4E6ED8,1
11034,49.0,22.0,-14.0,#8F688C,1
11035,49.0,22.0,-10.0,#926786,1
11036,49.0,22.0,2.0,#996772,1
11037,49.0,22.0,6.0,#9B666B,1
11038,49.0,22.0,32.0,#A5653F,1
11039,49.0,22.0,76.0,#AB6400,0
11040,49.0,24.0,-86.0,#0071FF,0
11041,49.0,24.0,-2.0,#9A6579,1
11042,49.0,24.0,10.0,#A06465,1
11043,49.0,24.0,14.0,#A2645E,1
11044,49.0,24.0,20.0,#A46454,1
11045,49.0,24.0,24.0,#A5644D,1
11046,49.0,24.0,38.0,#A96334,1
11047,49.0,24.0,50.0,#AB631A,1
11048,49.0,24.0,64.0,#AD6200,0
11049,49.0,24.0,82.0,#AE6200,0
11050,49.0,26.0,-74.0,#006EF4,0
11051,49.0,26.0,-64.0,#496CE2,1
11052,49.0,26.0,-14.0,#95658D,1
11053,49.0,26.0,-10.0,#986586,1
11054,49.0,26.0,2.0,#9F6372,1
11055,49.0,26.0,6.0,#A1636B,1
11056,49.0,26.0,34.0,#AA623C,1
11057,49.0,26.0,70.0,#B06100,0
11058,49.0,28.0,-86.0,#006FFF,0
11059,49.0,28.0,10.0,#A56165,1
11060,49.0,28.0,24.0,#AA604D,1
11061,49.0,28.0,76.0,#B25F00,0
11062,49.0,30.0,-74.0,#2E6BF4,1
11063,49.0,30.0,-8.0,#9F6183,1
11064,49.0,30.0,0.0,#A46075,1
11065,49.0,30.0,4.0,#A6606F,1
11066,49.0,30.0,40.0,#B15E31,1
11067,49.0,30.0,82.0,#B55D00,0
11068,49.0,32.0,-70.0,#4B69ED,1
11069,49.0,32.0,8.0,#AA5E68,1
11070,49.0,32.0,34.0,#B25D3C,1
11071,49.0,32.0,74.0,#B75C00,0
11072,49.0,34.0,-82.0,#006AFF,0
11073,49.0,34.0,-30.0,#9560A8,1
11074,49.0,34.0,-2.0,#A85D79,1
11075,49.0,34.0,2.0,#AA5D72,1
11076,49.0,34.0,12.0,#AE5C62,1
11077,49.0,34.0,16.0,#B05C5B,1
11078,49.0,34.0,40.0,#B65B31,1
11079,49.0,34.0,46.0,#B75A25,1
11080,49.0,34.0,68.0,#B95A00,0
11081,49.0,34.0,80.0,#BA5A00,0
11082,49.0,36.0,-78.0,#3A67FB,1
11083,49.0,36.0,-70.0,#5965ED,1
11084,49.0,36.0,6.0,#AF5B6C,1
11085,49.0,36.0,24.0,#B5594E,1
11086,49.0,36.0,34.0,#B7593D,1
11087,49.0,38.0,10.0,#B35865,1
11088,49.0,38.0,40.0,#BB5732,1
11089,49.0,38.0,46.0,#BC5726,1
11090,49.0,38.0,68.0,#BE5600,0
11091,49.0,40.0,-86.0,#1B66FF,0
11092,49.0,40.0,-78.0,#4C64FB,1
11093,49.0,40.0,14.0,#B7565F,1
11094,49.0,40.0,18.0,#B85658,1
11095,49.0,42.0,-42.0,#965BBC,1
11096,49.0,42.0,34.0,#BF533D,1
11097,49.0,42.0,38.0,#C05336,1
11098,49.0,42.0,46.0,#C15226,1
11099,49.0,44.0,-86.0,#3A62FF,0
11100,49.0,44.0,-78.0,#5A60FB,1
11101,49.0,44.0,70.0,#C65000,0
11102,49.0,46.0,-6.0,#B75280,1
11103,49.0,46.0,44.0,#C64E2B,1
11104,49.0,48.0,-86.0,#4C5FFF,0
11105,49.0,48.0,-30.0,#AB53A8,1
11106,49.0,48.0,6.0,#BF4E6C,1
11107,49.0,48.0,36.0,#C74C3A,1
11108,49.0,48.0,50.0,#C94B1F,1
11109,49.0,48.0,56.0,#CA4B0E,1
11110,49.0,50.0,-26.0,#B150A1,1
11111,49.0,52.0,-8.0,#BE4B83,1
11112,49.0,52.0,0.0,#C24A76,1
11113,49.0,52.0,10.0,#C54966,1
11114,49.0,54.0,-48.0,#A44FC7,1
11115,49.0,54.0,-18.0,#BB4994,1
11116,49.0,54.0,40.0,#CF4434,1
11117,49.0,54.0,54.0,#D14316,1
11118,49.0,56.0,-86.0,#6856FF,0
11119,49.0,56.0,60.0,#D44002,1
11120,49.0,56.0,74.0,#D53F00,0
11121,49.0,58.0,-56.0,#A24CD5,1
11122,49.0,58.0,-14.0,#C3438E,1
11123,49.0,58.0,8.0,#CC4069,1
11124,49.0,60.0,72.0,#D93900,0
11125,49.0,62.0,-36.0,#BB41B3,1
11126,49.0,64.0,-76.0,#9149F8,1
11127,49.0,64.0,4.0,#D33670,1
11128,49.0,64.0,10.0,#D53567,1
11129,49.0,66.0,58.0,#DF2C0E,1
11130,49.0,68.0,-26.0,#CA34A2,1
11131,49.0,68.0,48.0,#E12726,1
11132,49.0,70.0,-62.0,#AF3BDF,1
11133,49.0,70.0,-2.0,#D8297A,1
11134,49.0,72.0,-82.0,#973FFF,0
11135,49.0,72.0,-56.0,#B935D5,1
11136,49.0,72.0,44.0,#E5192F,1
11137,49.0,72.0,60.0,#E7180A,1
11138,49.0,74.0,-74.0,#A738F5,1
11139,49.0,74.0,50.0,#E80D24,1
11140,49.0,74.0,66.0,#E90B00,0
11141,49.0,76.0,-66.0,#B530E7,1
11142,49.0,78.0,-60.0,#BE27DC,1
11143,49.0,78.0,-4.0,#E1017E,1
11144,49.0,78.0,2.0,#E30074,0
11145,49.0,78.0,42.0,#EC0033,0
11146,49.0,78.0,62.0,#EE0005,0
11147,49.0,80.0,-76.0,#AF2AF8,1
11148,49.0,80.0,-12.0,#E1008B,0
11149,49.0,80.0,8.0,#E8006B,0
11150,49.0,80.0,68.0,#F00000,0
11151,49.0,82.0,-36.0,#D700B3,0
11152,49.0,82.0,14.0,#EC0061,0
11153,49.0,84.0,-50.0,#D000CB,0
11154,49.0,84.0,-42.0,#D600BD,0
11155,49.0,84.0,-6.0,#E80081,0
11156,49.0,84.0,34.0,#F20041,0
11157,49.0,84.0,40.0,#F30037,0
11158,49.0,84.0,60.0,#F5000F,0
11159,49.0,86.0,0.0,#ED0078,0
11160,49.0,86.0,46.0,#F6002D,0
11161,49.0,88.0,-56.0,#D100D5,0
11162,49.0,88.0,18.0,#F4005B,0
11163,49.0,90.0,-46.0,#DB00C4,0
11164,49.0,90.0,38.0,#FA003B,0
11165,49.0,92.0,-6.0,#F20082,0
11166,49.0,94.0,-72.0,#CB00F1,0
11167,49.0,94.0,-54.0,#DB00D2,0
11168,49.0,94.0,-18.0,#F00096,0
11169,49.0,94.0,0.0,#F60078,0
11170,49.0,94.0,14.0,#FA0062,0
11171,49.0,94.0,20.0,#FB0058,0
11172,49.0,96.0,-48.0,#E200C8,0
11173,49.0,96.0,6.0,#FA006F,0
11174,49.0,100.0,-58.0,#E100D9,0
11175,49.0,102.0,-52.0,#E800CF,0
11176,49.0,104.0,-38.0,#F300B7,0
11177,49.0,106.0,-24.0,#FC00A0,0
11178,49.0,108.0,-50.0,#F100CC,0
11179,49.0,110.0,-56.0,#F000D6,0
11180,49.0,116.0,-52.0,#FB00CF,0
11181,49.0,118.0,-60.0,#F800DD,0
11182,50.0,-128.0,16.0,#009A58,0
11183,50.0,-128.0,24.0,#009A4A,0
11184,50.0,-128.0,32.0,#00993A,0
11185,50.0,-128.0,40.0,#009929,0
11186,50.0,-128.0,48.0,#009910,0
11187,50.0,-128.0,56.0,#009900,0
11188,50.0,-122.0,62.0,#009800,0
11189,50.0,-116.0,-16.0,#009A90,0
11190,50.0,-116.0,66.0,#009700,0
11191,50.0,-114.0,-10.0,#009986,0
11192,50.0,-114.0,58.0,#009700,0
11193,50.0,-112.0,-4.0,#00997B,0
11194,50.0,-112.0,2.0,#009871,0
11195,50.0,-112.0,14.0,#00985C,0
11196,50.0,-112.0,20.0,#009851,0
11197,50.0,-112.0,26.0,#009746,0
11198,50.0,-112.0,34.0,#009737,0
11199,50.0,-112.0,42.0,#009724,0
11200,50.0,-110.0,50.0,#009707,0
11201,50.0,-110.0,70.0,#009600,0
11202,50.0,-108.0,-20.0,#009997,0
11203,50.0,-108.0,60.0,#009600,0
11204,50.0,-104.0,72.0,#009500,0
11205,50.0,-102.0,-24.0,#00989E,0
11206,50.0,-102.0,-14.0,#00988D,0
11207,50.0,-102.0,64.0,#009500,0
11208,50.0,-100.0,52.0,#009500,0
11209,50.0,-96.0,-28.0,#0098A5,0
11210,50.0,-96.0,28.0,#009543,0
11211,50.0,-96.0,34.0,#009537,0
11212,50.0,-96.0,42.0,#009425,0
11213,50.0,-96.0,68.0,#009400,0
11214,50.0,-96.0,78.0,#009400,0
11215,50.0,-94.0,50.0,#009409,0
11216,50.0,-90.0,60.0,#009300,0
11217,50.0,-88.0,-12.0,#009589,0
11218,50.0,-88.0,52.0,#009300,0
11219,50.0,-88.0,70.0,#009300,0
11220,50.0,-86.0,76.0,#009200,0
11221,50.0,-84.0,58.0,#009200,0
11222,50.0,-82.0,-14.0,#00948D,0
11223,50.0,-82.0,50.0,#00920B,0
11224,50.0,-82.0,64.0,#009100,0
11225,50.0,-80.0,70.0,#009100,0
11226,50.0,-78.0,78.0,#009000,0
11227,50.0,-76.0,-38.0,#0095B6,0
11228,50.0,-76.0,-32.0,#0094AC,0
11229,50.0,-76.0,-12.0,#00938A,0
11230,50.0,-76.0,56.0,#009000,0
11231,50.0,-74.0,62.0,#009000,0
11232,50.0,-72.0,0.0,#009175,0
11233,50.0,-72.0,6.0,#00916B,0
11234,50.0,-72.0,12.0,#009061,0
11235,50.0,-72.0,18.0,#009056,0
11236,50.0,-72.0,68.0,#008F00,0
11237,50.0,-72.0,80.0,#008F00,0
11238,50.0,-70.0,-40.0,#0093BA,0
11239,50.0,-70.0,-34.0,#0093AF,0
11240,50.0,-70.0,74.0,#008F00,0
11241,50.0,-68.0,-28.0,#0092A5,0
11242,50.0,-66.0,62.0,#008E00,0
11243,50.0,-64.0,-44.0,#0092C1,0
11244,50.0,-64.0,-38.0,#0092B6,0
11245,50.0,-64.0,-32.0,#0091AC,0
11246,50.0,-64.0,-8.0,#008F83,0
11247,50.0,-64.0,68.0,#008D00,0
11248,50.0,-62.0,-26.0,#0090A2,0
11249,50.0,-60.0,-20.0,#008F98,0
11250,50.0,-60.0,24.0,#008D4C,0
11251,50.0,-58.0,-46.0,#0091C4,0
11252,50.0,-58.0,-40.0,#0090BA,0
11253,50.0,-58.0,-10.0,#008E86,0
11254,50.0,-58.0,-6.0,#008E80,0
11255,50.0,-58.0,62.0,#008C00,0
11256,50.0,-58.0,70.0,#008C00,0
11257,50.0,-56.0,76.0,#148B00,0
11258,50.0,-54.0,-22.0,#008E9B,0
11259,50.0,-54.0,-18.0,#008D94,0
11260,50.0,-54.0,20.0,#008B53,0
11261,50.0,-54.0,82.0,#238A00,0
11262,50.0,-52.0,-48.0,#0090C8,0
11263,50.0,-52.0,-42.0,#008FBD,0
11264,50.0,-52.0,-36.0,#008EB3,0
11265,50.0,-52.0,32.0,#008A3D,0
11266,50.0,-52.0,38.0,#008A31,0
11267,50.0,-50.0,-30.0,#008DA9,0
11268,50.0,-50.0,74.0,#318900,0
11269,50.0,-48.0,-24.0,#008C9F,0
11270,50.0,-48.0,-16.0,#008C91,0
11271,50.0,-48.0,16.0,#008A5A,0
11272,50.0,-46.0,-44.0,#008DC1,0
11273,50.0,-46.0,-38.0,#008DB7,0
11274,50.0,-46.0,28.0,#168945,1
11275,50.0,-46.0,34.0,#238939,1
11276,50.0,-44.0,-32.0,#008CAC,0
11277,50.0,-44.0,-26.0,#008BA2,0
11278,50.0,-44.0,-18.0,#008A94,0
11279,50.0,-44.0,38.0,#308831,1
11280,50.0,-44.0,70.0,#428700,0
11281,50.0,-44.0,84.0,#458700,0
11282,50.0,-42.0,-14.0,#008A8E,0
11283,50.0,-40.0,-54.0,#008DD3,0
11284,50.0,-40.0,-46.0,#008CC5,0
11285,50.0,-40.0,-40.0,#008BBA,0
11286,50.0,-40.0,-20.0,#008998,0
11287,50.0,-40.0,-10.0,#008987,0
11288,50.0,-40.0,-6.0,#008880,0
11289,50.0,-40.0,-2.0,#008879,0
11290,50.0,-40.0,2.0,#008872,0
11291,50.0,-40.0,6.0,#00886C,0
11292,50.0,-38.0,38.0,#438632,1
11293,50.0,-38.0,44.0,#478624,1
11294,50.0,-38.0,80.0,#528500,0
11295,50.0,-36.0,8.0,#208668,1
11296,50.0,-36.0,12.0,#2A8661,1
11297,50.0,-36.0,50.0,#4F8512,1
11298,50.0,-34.0,-48.0,#008AC8,0
11299,50.0,-34.0,-40.0,#0089BA,0
11300,50.0,-34.0,4.0,#20866F,1
11301,50.0,-34.0,72.0,#598400,0
11302,50.0,-32.0,38.0,#528432,1
11303,50.0,-32.0,44.0,#558325,1
11304,50.0,-32.0,78.0,#5D8300,0
11305,50.0,-30.0,-42.0,#0088BE,0
11306,50.0,-30.0,66.0,#5F8200,0
11307,50.0,-28.0,-50.0,#0088CC,0
11308,50.0,-28.0,46.0,#5E8220,1
11309,50.0,-28.0,80.0,#658100,0
11310,50.0,-26.0,-44.0,#0087C1,0
11311,50.0,-26.0,12.0,#4B8262,1
11312,50.0,-24.0,-10.0,#2A8387,1
11313,50.0,-24.0,82.0,#6C8000,0
11314,50.0,-22.0,-62.0,#0087E1,0
11315,50.0,-22.0,-46.0,#0085C5,0
11316,50.0,-22.0,-20.0,#008398,0
11317,50.0,-22.0,-16.0,#208291,1
11318,50.0,-22.0,20.0,#5C8054,1
11319,50.0,-22.0,44.0,#688026,1
11320,50.0,-20.0,-40.0,#0084BA,0
11321,50.0,-20.0,-12.0,#37818B,1
11322,50.0,-20.0,-4.0,#46817D,1
11323,50.0,-20.0,84.0,#737E00,0
11324,50.0,-18.0,-50.0,#0084CC,0
11325,50.0,-18.0,-34.0,#0082B0,0
11326,50.0,-18.0,-18.0,#2E8195,1
11327,50.0,-18.0,-14.0,#39818E,1
11328,50.0,-18.0,0.0,#518076,1
11329,50.0,-18.0,38.0,#6D7E33,1
11330,50.0,-16.0,-56.0,#0084D6,0
11331,50.0,-16.0,-44.0,#0083C1,0
11332,50.0,-16.0,-10.0,#487F87,1
11333,50.0,-16.0,-2.0,#547F7A,1
11334,50.0,-16.0,42.0,#727D2B,1
11335,50.0,-16.0,48.0,#747D1C,1
11336,50.0,-14.0,-16.0,#437F92,1
11337,50.0,-14.0,-12.0,#4A7F8B,1
11338,50.0,-14.0,8.0,#637D69,1
11339,50.0,-14.0,34.0,#737C3B,1
11340,50.0,-14.0,52.0,#787C0F,1
11341,50.0,-12.0,-62.0,#0083E1,0
11342,50.0,-12.0,-54.0,#0082D3,0
11343,50.0,-12.0,-46.0,#0081C5,0
11344,50.0,-12.0,2.0,#617D73,1
11345,50.0,-12.0,28.0,#737C46,1
11346,50.0,-12.0,38.0,#777B33,1
11347,50.0,-12.0,44.0,#797B27,1
11348,50.0,-10.0,-20.0,#487D98,1
11349,50.0,-10.0,-16.0,#4F7D92,1
11350,50.0,-10.0,-12.0,#557D8B,1
11351,50.0,-10.0,4.0,#677C70,1
11352,50.0,-10.0,12.0,#6E7B62,1
11353,50.0,-10.0,32.0,#787A3F,1
11354,50.0,-10.0,48.0,#7E7A1D,1
11355,50.0,-10.0,56.0,#7F7A00,0
11356,50.0,-10.0,74.0,#827A00,0
11357,50.0,-10.0,82.0,#827A00,0
11358,50.0,-8.0,-68.0,#0082EC,0
11359,50.0,-8.0,-60.0,#0081DD,0
11360,50.0,-8.0,-52.0,#0080CF,0
11361,50.0,-8.0,6.0,#6D7B6D,1
11362,50.0,-8.0,26.0,#797A4A,1
11363,50.0,-8.0,36.0,#7D7938,1
11364,50.0,-8.0,42.0,#7F792B,1
11365,50.0,-6.0,-46.0,#007EC5,0
11366,50.0,-6.0,-18.0,#567B95,1
11367,50.0,-6.0,-14.0,#5C7B8E,1
11368,50.0,-6.0,-10.0,#617B88,1
11369,50.0,-6.0,-6.0,#667A81,1
11370,50.0,-6.0,-2.0,#6A7A7A,1
11371,50.0,-6.0,2.0,#6D7A73,1
11372,50.0,-6.0,6.0,#717A6D,1
11373,50.0,-6.0,10.0,#747966,1
11374,50.0,-6.0,28.0,#7D7947,1
11375,50.0,-6.0,84.0,#897800,0
11376,50.0,-4.0,-66.0,#0080E8,0
11377,50.0,-4.0,-58.0,#007FDA,0
11378,50.0,-4.0,-12.0,#637A8B,1
11379,50.0,-4.0,-8.0,#687A84,1
11380,50.0,-4.0,-4.0,#6C797E,1
11381,50.0,-4.0,4.0,#737970,1
11382,50.0,-4.0,8.0,#767969,1
11383,50.0,-4.0,12.0,#787863,1
11384,50.0,-4.0,16.0,#7B785C,1
11385,50.0,-4.0,38.0,#847734,1
11386,50.0,-4.0,60.0,#897700,0
11387,50.0,-2.0,-54.0,#007DD3,0
11388,50.0,-2.0,-46.0,#007CC5,0
11389,50.0,-2.0,-32.0,#467BAD,1
11390,50.0,-2.0,-26.0,#537AA3,1
11391,50.0,-2.0,26.0,#83774A,1
11392,50.0,-2.0,82.0,#8E7600,0
11393,50.0,0.0,-64.0,#007EE5,0
11394,50.0,0.0,-24.0,#5C799F,1
11395,50.0,2.0,-60.0,#007CDE,0
11396,50.0,2.0,-52.0,#007BD0,0
11397,50.0,2.0,-46.0,#267AC5,1
11398,50.0,2.0,-40.0,#3F79BB,1
11399,50.0,2.0,78.0,#937300,0
11400,50.0,4.0,24.0,#8B734E,1
11401,50.0,4.0,52.0,#937313,1
11402,50.0,4.0,84.0,#977200,0
11403,50.0,6.0,-68.0,#007BEC,0
11404,50.0,6.0,-48.0,#3378C9,1
11405,50.0,6.0,-42.0,#4878BE,1
11406,50.0,6.0,-26.0,#6776A3,1
11407,50.0,6.0,42.0,#94722D,1
11408,50.0,6.0,48.0,#95711F,1
11409,50.0,8.0,-24.0,#6E74A0,1
11410,50.0,8.0,24.0,#91714F,1
11411,50.0,8.0,32.0,#947140,1
11412,50.0,8.0,82.0,#9C7000,0
11413,50.0,10.0,-68.0,#0079EC,0
11414,50.0,10.0,-48.0,#4576C9,1
11415,50.0,10.0,-32.0,#6774AD,1
11416,50.0,10.0,-22.0,#74739C,1
11417,50.0,12.0,-40.0,#5E74BB,1
11418,50.0,12.0,-26.0,#7472A3,1
11419,50.0,12.0,-20.0,#7B7299,1
11420,50.0,12.0,-16.0,#7F7192,1
11421,50.0,12.0,34.0,#9A6E3D,1
11422,50.0,14.0,-54.0,#4075D3,1
11423,50.0,14.0,-38.0,#6772B8,1
11424,50.0,14.0,-24.0,#7A71A0,1
11425,50.0,14.0,-14.0,#84708F,1
11426,50.0,14.0,-10.0,#876F88,1
11427,50.0,16.0,-22.0,#806F9C,1
11428,50.0,16.0,-18.0,#846F96,1
11429,50.0,16.0,-8.0,#8C6E85,1
11430,50.0,16.0,36.0,#A06B3A,1
11431,50.0,16.0,42.0,#A26B2E,1
11432,50.0,18.0,-60.0,#3A73DE,1
11433,50.0,18.0,-44.0,#6671C2,1
11434,50.0,18.0,-26.0,#7F6EA3,1
11435,50.0,18.0,-16.0,#896D92,1
11436,50.0,18.0,-12.0,#8C6D8C,1
11437,50.0,18.0,-6.0,#916C82,1
11438,50.0,20.0,-66.0,#2573E8,1
11439,50.0,20.0,-42.0,#6E6FBF,1
11440,50.0,20.0,-24.0,#856DA0,1
11441,50.0,20.0,-20.0,#896C99,1
11442,50.0,20.0,40.0,#A76832,1
11443,50.0,22.0,-76.0,#0073FA,0
11444,50.0,22.0,-50.0,#646FCC,1
11445,50.0,22.0,-40.0,#756DBB,1
11446,50.0,22.0,-36.0,#7B6DB4,1
11447,50.0,22.0,-30.0,#826CAA,1
11448,50.0,22.0,-18.0,#8E6B96,1
11449,50.0,22.0,-6.0,#976A82,1
11450,50.0,22.0,58.0,#AC6700,0
11451,50.0,24.0,-66.0,#3C70E9,1
11452,50.0,24.0,-48.0,#6D6DC9,1
11453,50.0,24.0,-28.0,#886AA7,1
11454,50.0,24.0,-24.0,#8C6AA0,1
11455,50.0,24.0,42.0,#AC652F,1
11456,50.0,26.0,-56.0,#626DD7,1
11457,50.0,26.0,-46.0,#756BC6,1
11458,50.0,26.0,-36.0,#836AB4,1
11459,50.0,26.0,-18.0,#956896,1
11460,50.0,26.0,-6.0,#9D6782,1
11461,50.0,26.0,48.0,#B06422,1
11462,50.0,26.0,60.0,#B26300,0
11463,50.0,28.0,-54.0,#6B6BD4,1
11464,50.0,28.0,-44.0,#7C6AC2,1
11465,50.0,28.0,-34.0,#8968B1,1
11466,50.0,28.0,-28.0,#8F67A7,1
11467,50.0,28.0,-24.0,#9367A0,1
11468,50.0,28.0,66.0,#B56200,0
11469,50.0,30.0,-64.0,#5A6BE5,1
11470,50.0,30.0,-52.0,#7469D0,1
11471,50.0,30.0,-42.0,#8368BF,1
11472,50.0,30.0,-4.0,#A4637F,1
11473,50.0,30.0,36.0,#B3613B,1
11474,50.0,30.0,54.0,#B66013,1
11475,50.0,30.0,60.0,#B76000,0
11476,50.0,32.0,-62.0,#6569E2,1
11477,50.0,32.0,-34.0,#9065B1,1
11478,50.0,32.0,-22.0,#9B639D,1
11479,50.0,32.0,-18.0,#9E6396,1
11480,50.0,32.0,-14.0,#A1638F,1
11481,50.0,34.0,-58.0,#7267DB,1
11482,50.0,34.0,-52.0,#7D66D0,1
11483,50.0,34.0,-42.0,#8B65BF,1
11484,50.0,34.0,52.0,#BB5D1A,1
11485,50.0,34.0,60.0,#BC5D00,0
11486,50.0,36.0,-48.0,#8764C9,1
11487,50.0,36.0,-26.0,#9E61A4,1
11488,50.0,36.0,-12.0,#A85F8C,1
11489,50.0,36.0,-8.0,#AB5E85,1
11490,50.0,38.0,-68.0,#6766EC,1
11491,50.0,38.0,-58.0,#7B64DB,1
11492,50.0,38.0,-22.0,#A45E9D,1
11493,50.0,38.0,-18.0,#A75E96,1
11494,50.0,38.0,58.0,#C15905,1
11495,50.0,38.0,78.0,#C25800,0
11496,50.0,40.0,-64.0,#7563E5,1
11497,50.0,40.0,-54.0,#8661D4,1
11498,50.0,40.0,-46.0,#9160C6,1
11499,50.0,40.0,-4.0,#B25A7F,1
11500,50.0,40.0,0.0,#B45A78,1
11501,50.0,40.0,4.0,#B65A72,1
11502,50.0,40.0,54.0,#C35715,1
11503,50.0,40.0,64.0,#C45700,0
11504,50.0,40.0,84.0,#C55600,0
11505,50.0,42.0,-16.0,#AF5A93,1
11506,50.0,42.0,8.0,#BB576B,1
11507,50.0,42.0,78.0,#C75400,0
11508,50.0,44.0,-52.0,#905DD0,1
11509,50.0,44.0,-22.0,#AD589D,1
11510,50.0,44.0,12.0,#BF5565,1
11511,50.0,44.0,60.0,#C85200,0
11512,50.0,46.0,-70.0,#775FF0,1
11513,50.0,46.0,-40.0,#A259BC,1
11514,50.0,46.0,16.0,#C3525E,1
11515,50.0,46.0,20.0,#C45257,1
11516,50.0,46.0,66.0,#CB5000,0
11517,50.0,46.0,84.0,#CC5000,0
11518,50.0,48.0,-50.0,#9A59CD,1
11519,50.0,48.0,-36.0,#A956B5,1
11520,50.0,48.0,-18.0,#B65497,1
11521,50.0,48.0,-12.0,#B9538D,1
11522,50.0,48.0,26.0,#C84F4E,1
11523,50.0,48.0,30.0,#C94F47,1
11524,50.0,50.0,-76.0,#745DFB,1
11525,50.0,50.0,-68.0,#845BEC,1
11526,50.0,50.0,14.0,#C74E62,1
11527,50.0,50.0,72.0,#D04B00,0
11528,50.0,50.0,82.0,#D14B00,0
11529,50.0,52.0,-42.0,#A953BF,1
11530,50.0,52.0,18.0,#CB4B5B,1
11531,50.0,52.0,22.0,#CC4A55,1
11532,50.0,52.0,46.0,#D1492A,1
11533,50.0,52.0,78.0,#D34800,0
11534,50.0,54.0,-74.0,#8258F7,1
11535,50.0,54.0,-38.0,#B050B8,1
11536,50.0,54.0,28.0,#D0474B,1
11537,50.0,54.0,32.0,#D14744,1
11538,50.0,54.0,36.0,#D1473D,1
11539,50.0,56.0,-80.0,#7A57FF,0
11540,50.0,56.0,-34.0,#B64CB2,1
11541,50.0,56.0,-28.0,#BB4BA8,1
11542,50.0,56.0,84.0,#D84200,0
11543,50.0,58.0,20.0,#D34258,1
11544,50.0,58.0,24.0,#D44152,1
11545,50.0,58.0,48.0,#D84027,1
11546,50.0,60.0,-78.0,#8852FE,1
11547,50.0,60.0,-44.0,#B449C3,1
11548,50.0,60.0,-24.0,#C345A1,1
11549,50.0,60.0,0.0,#CF4179,1
11550,50.0,60.0,30.0,#D83E48,1
11551,50.0,60.0,36.0,#D93D3E,1
11552,50.0,60.0,58.0,#DC3C0F,1
11553,50.0,62.0,-8.0,#CE3F86,1
11554,50.0,62.0,14.0,#D63C62,1
11555,50.0,62.0,64.0,#DE3800,0
11556,50.0,64.0,-66.0,#A349E9,1
11557,50.0,64.0,-50.0,#B544CD,1
11558,50.0,64.0,-14.0,#CE3C90,1
11559,50.0,64.0,22.0,#DB3755,1
11560,50.0,66.0,-84.0,#8A4CFF,0
11561,50.0,66.0,28.0,#DF324C,1
11562,50.0,66.0,34.0,#E03142,1
11563,50.0,66.0,40.0,#E13137,1
11564,50.0,66.0,70.0,#E42F00,0
11565,50.0,66.0,82.0,#E42F00,0
11566,50.0,68.0,-46.0,#BF3CC7,1
11567,50.0,68.0,-10.0,#D5338A,1
11568,50.0,68.0,16.0,#DE2F5F,1
11569,50.0,68.0,54.0,#E52B1C,1
11570,50.0,68.0,76.0,#E62A00,0
11571,50.0,70.0,-68.0,#AB40ED,1
11572,50.0,70.0,-18.0,#D43197,1
11573,50.0,70.0,24.0,#E32853,1
11574,50.0,72.0,8.0,#E1256D,1
11575,50.0,72.0,30.0,#E62149,1
11576,50.0,72.0,36.0,#E7203F,1
11577,50.0,72.0,84.0,#EB1C00,0
11578,50.0,74.0,-52.0,#C332D1,1
11579,50.0,74.0,-44.0,#C92FC3,1
11580,50.0,74.0,-24.0,#D628A1,1
11581,50.0,74.0,14.0,#E51C63,1
11582,50.0,74.0,20.0,#E71B59,1
11583,50.0,74.0,80.0,#ED1200,0
11584,50.0,76.0,-16.0,#DD1E94,1
11585,50.0,76.0,26.0,#EA0D50,1
11586,50.0,78.0,32.0,#EE0046,0
11587,50.0,78.0,76.0,#F20000,0
11588,50.0,78.0,86.0,#F20000,0
11589,50.0,80.0,-82.0,#AA31FF,0
11590,50.0,80.0,-54.0,#CA21D5,1
11591,50.0,80.0,-28.0,#DC0FA8,1
11592,50.0,80.0,18.0,#ED005D,0
11593,50.0,80.0,50.0,#F30027,0
11594,50.0,82.0,-22.0,#E2009E,0
11595,50.0,82.0,28.0,#F2004D,0
11596,50.0,82.0,82.0,#F70000,0
11597,50.0,84.0,66.0,#F80000,0
11598,50.0,86.0,-84.0,#B220FF,0
11599,50.0,86.0,-72.0,#C114F4,1
11600,50.0,86.0,52.0,#FA0024,0
11601,50.0,88.0,-66.0,#CB00EA,0
11602,50.0,88.0,-30.0,#E600AC,0
11603,50.0,90.0,-24.0,#EB00A2,0
11604,50.0,92.0,-82.0,#BF00FF,0
11605,50.0,94.0,-64.0,#D600E6,0
11606,50.0,94.0,-36.0,#EA00B6,0
11607,50.0,94.0,32.0,#FF0048,0
11608,50.0,96.0,-30.0,#F000AC,0
11609,50.0,98.0,-24.0,#F600A2,0
11610,50.0,100.0,-72.0,#D700F5,0
11611,50.0,100.0,-16.0,#FB0095,0
11612,50.0,102.0,-66.0,#E000EA,0
11613,50.0,102.0,-32.0,#F700B0,0
11614,50.0,102.0,2.0,#FF0078,0
11615,50.0,104.0,-10.0,#FF008B,0
11616,50.0,106.0,-78.0,#DB00FF,0
11617,50.0,110.0,-72.0,#E600F5,0
11618,50.0,110.0,-36.0,#FF00B7,0
11619,50.0,112.0,-30.0,#FF00AD,0
11620,50.0,114.0,-44.0,#FF00C4,0
11621,50.0,116.0,-80.0,#E800FF,0
11622,50.0,118.0,-74.0,#F000F8,0
11623,51.0,-128.0,0.0,#009E77,0
11624,51.0,-128.0,6.0,#009D6D,0
11625,51.0,-128.0,68.0,#009C00,0
11626,51.0,-122.0,-4.0,#009D7E,0
11627,51.0,-120.0,2.0,#009C74,0
11628,51.0,-120.0,8.0,#009C69,0
11629,51.0,-120.0,14.0,#009C5F,0
11630,51.0,-120.0,20.0,#009C54,0
11631,51.0,-120.0,28.0,#009B45,0
11632,51.0,-120.0,36.0,#009B35,0
11633,51.0,-120.0,44.0,#009B21,0
11634,51.0,-120.0,52.0,#009B00,0
11635,51.0,-106.0,-4.0,#009B7E,0
11636,51.0,-104.0,2.0,#009A74,0
11637,51.0,-104.0,8.0,#009A69,0
11638,51.0,-104.0,14.0,#009A5F,0
11639,51.0,-104.0,20.0,#009954,0
11640,51.0,-104.0,26.0,#009949,0
11641,51.0,-104.0,34.0,#009939,0
11642,51.0,-104.0,42.0,#009927,0
11643,51.0,-98.0,-4.0,#00997E,0
11644,51.0,-96.0,-14.0,#009A8F,0
11645,51.0,-96.0,2.0,#009974,0
11646,51.0,-96.0,8.0,#009869,0
11647,51.0,-96.0,14.0,#00985F,0
11648,51.0,-96.0,20.0,#009854,0
11649,51.0,-96.0,62.0,#009700,0
11650,51.0,-92.0,-8.0,#009885,0
11651,51.0,-90.0,-28.0,#0099A8,0
11652,51.0,-90.0,-18.0,#009996,0
11653,51.0,-88.0,-2.0,#00977B,0
11654,51.0,-88.0,4.0,#009771,0
11655,51.0,-88.0,10.0,#009766,0
11656,51.0,-88.0,16.0,#00975C,0
11657,51.0,-88.0,22.0,#009651,0
11658,51.0,-88.0,28.0,#009646,0
11659,51.0,-88.0,34.0,#00963A,0
11660,51.0,-88.0,42.0,#009628,0
11661,51.0,-86.0,-22.0,#00989D,0
11662,51.0,-84.0,-32.0,#0099AF,0
11663,51.0,-84.0,-6.0,#009782,0
11664,51.0,-80.0,0.0,#009678,0
11665,51.0,-80.0,6.0,#00956D,0
11666,51.0,-80.0,12.0,#009563,0
11667,51.0,-80.0,18.0,#009558,0
11668,51.0,-80.0,24.0,#00954D,0
11669,51.0,-80.0,30.0,#009442,0
11670,51.0,-80.0,36.0,#009436,0
11671,51.0,-80.0,42.0,#009429,0
11672,51.0,-76.0,-20.0,#00969A,0
11673,51.0,-76.0,48.0,#009318,0
11674,51.0,-74.0,-24.0,#0096A1,0
11675,51.0,-74.0,-4.0,#00947F,0
11676,51.0,-72.0,-8.0,#009485,0
11677,51.0,-70.0,-18.0,#009497,0
11678,51.0,-68.0,-22.0,#00949D,0
11679,51.0,-68.0,-12.0,#00938C,0
11680,51.0,-66.0,10.0,#009267,0
11681,51.0,-66.0,16.0,#00925C,0
11682,51.0,-66.0,54.0,#009100,0
11683,51.0,-64.0,-16.0,#009393,0
11684,51.0,-64.0,76.0,#009000,0
11685,51.0,-62.0,0.0,#009178,0
11686,51.0,-62.0,82.0,#008F00,0
11687,51.0,-60.0,12.0,#009063,0
11688,51.0,-60.0,18.0,#009059,0
11689,51.0,-60.0,52.0,#008F09,0
11690,51.0,-58.0,-14.0,#009190,0
11691,51.0,-56.0,2.0,#008F75,0
11692,51.0,-54.0,-2.0,#008F7B,0
11693,51.0,-54.0,14.0,#008E60,0
11694,51.0,-54.0,48.0,#068D1A,1
11695,51.0,-52.0,-12.0,#008F8D,0
11696,51.0,-52.0,54.0,#218D00,0
11697,51.0,-52.0,62.0,#278D00,0
11698,51.0,-50.0,-54.0,#0092D5,0
11699,51.0,-50.0,-6.0,#008E82,0
11700,51.0,-50.0,4.0,#008E71,0
11701,51.0,-48.0,0.0,#008D78,0
11702,51.0,-48.0,44.0,#2A8C26,1
11703,51.0,-46.0,-10.0,#008D89,0
11704,51.0,-46.0,50.0,#368B14,1
11705,51.0,-46.0,58.0,#3B8B00,0
11706,51.0,-44.0,-4.0,#008C7F,0
11707,51.0,-40.0,56.0,#4A8900,0
11708,51.0,-40.0,64.0,#4D8900,0
11709,51.0,-38.0,-60.0,#008FE0,0
11710,51.0,-38.0,-16.0,#008B94,0
11711,51.0,-38.0,32.0,#418940,1
11712,51.0,-38.0,70.0,#538800,0
11713,51.0,-36.0,-32.0,#008CAF,0
11714,51.0,-36.0,-26.0,#008BA5,0
11715,51.0,-36.0,-12.0,#008A8D,0
11716,51.0,-36.0,0.0,#008978,0
11717,51.0,-36.0,58.0,#548700,0
11718,51.0,-34.0,-64.0,#008EE7,0
11719,51.0,-34.0,-20.0,#008A9B,0
11720,51.0,-34.0,-8.0,#008986,0
11721,51.0,-34.0,64.0,#5A8700,0
11722,51.0,-34.0,86.0,#5E8600,0
11723,51.0,-32.0,-58.0,#008DDD,0
11724,51.0,-32.0,-16.0,#008994,0
11725,51.0,-32.0,-4.0,#10887F,1
11726,51.0,-32.0,28.0,#4E8748,1
11727,51.0,-30.0,-36.0,#008AB6,0
11728,51.0,-30.0,-30.0,#0089AC,0
11729,51.0,-30.0,-24.0,#0089A1,0
11730,51.0,-30.0,-12.0,#00888D,0
11731,51.0,-30.0,54.0,#5F8505,1
11732,51.0,-28.0,-66.0,#008DEB,0
11733,51.0,-28.0,-18.0,#008797,0
11734,51.0,-28.0,-8.0,#1E8786,1
11735,51.0,-28.0,-2.0,#31867C,1
11736,51.0,-28.0,4.0,#3D8672,1
11737,51.0,-28.0,8.0,#43866B,1
11738,51.0,-28.0,18.0,#4F855A,1
11739,51.0,-28.0,24.0,#54854F,1
11740,51.0,-28.0,60.0,#658400,0
11741,51.0,-26.0,-60.0,#008BE0,0
11742,51.0,-26.0,-38.0,#0089BA,0
11743,51.0,-26.0,-26.0,#0087A5,0
11744,51.0,-26.0,-14.0,#0C8690,1
11745,51.0,-26.0,28.0,#5B8448,1
11746,51.0,-26.0,68.0,#6A8300,0
11747,51.0,-24.0,-32.0,#0087AF,0
11748,51.0,-24.0,-6.0,#388583,1
11749,51.0,-24.0,0.0,#438579,1
11750,51.0,-24.0,6.0,#4C846F,1
11751,51.0,-24.0,32.0,#628341,1
11752,51.0,-24.0,50.0,#698318,1
11753,51.0,-24.0,62.0,#6C8300,0
11754,51.0,-24.0,74.0,#6E8200,0
11755,51.0,-22.0,-70.0,#008BF2,0
11756,51.0,-22.0,24.0,#61834F,1
11757,51.0,-22.0,36.0,#688239,1
11758,51.0,-22.0,54.0,#6E8207,1
11759,51.0,-20.0,-56.0,#0088D9,0
11760,51.0,-20.0,-22.0,#12859E,1
11761,51.0,-20.0,-8.0,#428486,1
11762,51.0,-20.0,4.0,#548372,1
11763,51.0,-20.0,8.0,#58836B,1
11764,51.0,-20.0,28.0,#678248,1
11765,51.0,-20.0,62.0,#738100,0
11766,51.0,-20.0,76.0,#758100,0
11767,51.0,-18.0,22.0,#688153,1
11768,51.0,-18.0,54.0,#758009,1
11769,51.0,-18.0,68.0,#778000,0
11770,51.0,-16.0,-74.0,#0089F9,0
11771,51.0,-16.0,-24.0,#2683A2,1
11772,51.0,-16.0,-6.0,#518283,1
11773,51.0,-16.0,2.0,#5B8176,1
11774,51.0,-16.0,6.0,#5F816F,1
11775,51.0,-16.0,26.0,#6E804C,1
11776,51.0,-16.0,62.0,#7A7F00,0
11777,51.0,-16.0,78.0,#7C7F00,0
11778,51.0,-16.0,86.0,#7D7F00,0
11779,51.0,-14.0,-20.0,#3D829B,1
11780,51.0,-14.0,0.0,#5D8079,1
11781,51.0,-14.0,18.0,#6D7F5A,1
11782,51.0,-14.0,68.0,#7E7E00,0
11783,51.0,-12.0,-72.0,#0087F6,0
11784,51.0,-12.0,-34.0,#0082B3,0
11785,51.0,-12.0,-28.0,#2D82A9,1
11786,51.0,-12.0,-8.0,#588087,1
11787,51.0,-12.0,-4.0,#5D8080,1
11788,51.0,-12.0,20.0,#727E57,1
11789,51.0,-12.0,24.0,#747E50,1
11790,51.0,-10.0,-6.0,#607F83,1
11791,51.0,-10.0,-2.0,#647F7D,1
11792,51.0,-10.0,8.0,#6D7E6C,1
11793,51.0,-10.0,16.0,#737E5E,1
11794,51.0,-10.0,62.0,#837C00,0
11795,51.0,-8.0,-38.0,#0C81BA,1
11796,51.0,-8.0,-30.0,#3980AC,1
11797,51.0,-8.0,-4.0,#667E80,1
11798,51.0,-8.0,0.0,#6A7E79,1
11799,51.0,-8.0,18.0,#787D5B,1
11800,51.0,-8.0,22.0,#7A7C54,1
11801,51.0,-6.0,-26.0,#4A7FA5,1
11802,51.0,-6.0,0.0,#6E7D79,1
11803,51.0,-6.0,46.0,#867B25,1
11804,51.0,-6.0,68.0,#8A7A00,0
11805,51.0,-6.0,76.0,#8B7A00,0
11806,51.0,-4.0,-40.0,#247FBD,1
11807,51.0,-4.0,-18.0,#5E7D98,1
11808,51.0,-4.0,-2.0,#707C7D,1
11809,51.0,-4.0,50.0,#8A791B,1
11810,51.0,-2.0,-78.0,#0083FF,0
11811,51.0,-2.0,0.0,#767B79,1
11812,51.0,-2.0,34.0,#89793E,1
11813,51.0,-2.0,44.0,#8C792A,1
11814,51.0,-2.0,74.0,#907800,0
11815,51.0,0.0,0.0,#797979,1
11816,51.0,0.0,16.0,#84795E,1
11817,51.0,0.0,20.0,#867857,1
11818,51.0,0.0,24.0,#887850,1
11819,51.0,0.0,38.0,#8D7837,1
11820,51.0,0.0,50.0,#90771C,1
11821,51.0,2.0,-78.0,#0081FF,0
11822,51.0,2.0,-34.0,#517BB3,1
11823,51.0,2.0,0.0,#7D7879,1
11824,51.0,2.0,16.0,#87775E,1
11825,51.0,2.0,20.0,#897758,1
11826,51.0,2.0,26.0,#8C774D,1
11827,51.0,2.0,32.0,#8E7742,1
11828,51.0,2.0,42.0,#91762F,1
11829,51.0,2.0,56.0,#947605,1
11830,51.0,4.0,-32.0,#5B7AB0,1
11831,51.0,4.0,16.0,#8A765E,1
11832,51.0,4.0,20.0,#8C7658,1
11833,51.0,4.0,36.0,#92753B,1
11834,51.0,6.0,-58.0,#007CDD,0
11835,51.0,6.0,-30.0,#6379AC,1
11836,51.0,6.0,16.0,#8D755F,1
11837,51.0,6.0,20.0,#8F7558,1
11838,51.0,6.0,28.0,#92754A,1
11839,51.0,6.0,62.0,#9A7400,0
11840,51.0,6.0,72.0,#9B7400,0
11841,51.0,8.0,-74.0,#007EF9,0
11842,51.0,8.0,-40.0,#5679BE,1
11843,51.0,8.0,38.0,#997337,1
11844,51.0,10.0,-58.0,#137ADD,1
11845,51.0,10.0,20.0,#957258,1
11846,51.0,10.0,28.0,#98724A,1
11847,51.0,10.0,44.0,#9D722B,1
11848,51.0,10.0,54.0,#9F7111,1
11849,51.0,10.0,62.0,#A07100,0
11850,51.0,10.0,70.0,#A17100,0
11851,51.0,12.0,-74.0,#007BFA,0
11852,51.0,12.0,-30.0,#7175AD,1
11853,51.0,12.0,18.0,#97715B,1
11854,51.0,12.0,24.0,#9A7151,1
11855,51.0,12.0,40.0,#9F7034,1
11856,51.0,12.0,50.0,#A1701E,1
11857,51.0,14.0,-66.0,#0079EB,0
11858,51.0,14.0,-48.0,#5576CC,1
11859,51.0,14.0,22.0,#9C7055,1
11860,51.0,14.0,30.0,#9F6F47,1
11861,51.0,14.0,46.0,#A36F28,1
11862,51.0,14.0,56.0,#A46F09,1
11863,51.0,14.0,72.0,#A66E00,0
11864,51.0,16.0,-80.0,#007AFF,0
11865,51.0,16.0,-74.0,#0079FA,0
11866,51.0,16.0,-46.0,#5F75C8,1
11867,51.0,16.0,-32.0,#7773B0,1
11868,51.0,16.0,28.0,#A16E4A,1
11869,51.0,16.0,52.0,#A76D19,1
11870,51.0,16.0,80.0,#A96D00,0
11871,51.0,18.0,-54.0,#5274D6,1
11872,51.0,18.0,-30.0,#7D71AD,1
11873,51.0,18.0,24.0,#A26D51,1
11874,51.0,18.0,34.0,#A56D40,1
11875,51.0,18.0,48.0,#A96C23,1
11876,51.0,18.0,58.0,#AA6C01,1
11877,51.0,18.0,66.0,#AB6C00,0
11878,51.0,18.0,74.0,#AC6C00,0
11879,51.0,18.0,86.0,#AC6C00,0
11880,51.0,20.0,-80.0,#0078FF,0
11881,51.0,20.0,-52.0,#5D73D3,1
11882,51.0,20.0,30.0,#A76B47,1
11883,51.0,20.0,80.0,#AF6A00,0
11884,51.0,22.0,16.0,#A56B5F,1
11885,51.0,22.0,28.0,#A96A4B,1
11886,51.0,22.0,36.0,#AB6A3C,1
11887,51.0,22.0,46.0,#AE6929,1
11888,51.0,22.0,68.0,#B06900,0
11889,51.0,22.0,86.0,#B26900,0
11890,51.0,24.0,-60.0,#5571E1,1
11891,51.0,24.0,34.0,#AE6840,1
11892,51.0,24.0,52.0,#B1681A,1
11893,51.0,24.0,74.0,#B36700,0
11894,51.0,26.0,-76.0,#0073FD,0
11895,51.0,26.0,18.0,#AB675C,1
11896,51.0,26.0,30.0,#AF6747,1
11897,51.0,26.0,80.0,#B66600,0
11898,51.0,28.0,-68.0,#4A70EF,1
11899,51.0,28.0,14.0,#AD6663,1
11900,51.0,28.0,28.0,#B1654B,1
11901,51.0,28.0,40.0,#B46535,1
11902,51.0,28.0,72.0,#B86400,0
11903,51.0,28.0,86.0,#B96400,0
11904,51.0,30.0,-82.0,#0071FF,0
11905,51.0,30.0,-76.0,#2C70FD,1
11906,51.0,30.0,18.0,#B1645C,1
11907,51.0,30.0,22.0,#B26456,1
11908,51.0,30.0,46.0,#B8632A,1
11909,51.0,30.0,78.0,#BB6200,0
11910,51.0,32.0,28.0,#B7624B,1
11911,51.0,32.0,84.0,#BE6100,0
11912,51.0,34.0,-76.0,#436DFD,1
11913,51.0,34.0,34.0,#BB6041,1
11914,51.0,34.0,42.0,#BC6032,1
11915,51.0,34.0,76.0,#C05F00,0
11916,51.0,36.0,-72.0,#596BF6,1
11917,51.0,36.0,20.0,#BA5F59,1
11918,51.0,36.0,28.0,#BC5E4C,1
11919,51.0,36.0,48.0,#C05E26,1
11920,51.0,36.0,66.0,#C25D00,0
11921,51.0,38.0,-82.0,#396BFF,0
11922,51.0,38.0,-38.0,#9963BB,1
11923,51.0,38.0,34.0,#C05C41,1
11924,51.0,38.0,72.0,#C55B00,0
11925,51.0,40.0,-34.0,#A061B4,1
11926,51.0,40.0,46.0,#C55A2B,1
11927,51.0,42.0,-30.0,#A75EAD,1
11928,51.0,42.0,-10.0,#B55C8C,1
11929,51.0,42.0,22.0,#C25956,1
11930,51.0,42.0,26.0,#C35950,1
11931,51.0,42.0,30.0,#C45849,1
11932,51.0,42.0,70.0,#CA5700,0
11933,51.0,44.0,-44.0,#9D5EC5,1
11934,51.0,44.0,-26.0,#AD5CA7,1
11935,51.0,44.0,36.0,#C8563E,1
11936,51.0,44.0,40.0,#C95637,1
11937,51.0,46.0,-60.0,#8C5FE1,1
11938,51.0,46.0,-2.0,#BF567E,1
11939,51.0,46.0,2.0,#C05678,1
11940,51.0,46.0,46.0,#CC532C,1
11941,51.0,48.0,34.0,#CD5142,1
11942,51.0,48.0,52.0,#D0511F,1
11943,51.0,50.0,-82.0,#6861FF,0
11944,51.0,50.0,-58.0,#975BDE,1
11945,51.0,50.0,-32.0,#B256B1,1
11946,51.0,50.0,10.0,#C9516B,1
11947,51.0,50.0,40.0,#D04F38,1
11948,51.0,50.0,64.0,#D34E00,0
11949,51.0,52.0,58.0,#D54B0F,1
11950,51.0,54.0,-64.0,#9658E8,1
11951,51.0,54.0,-56.0,#A056DA,1
11952,51.0,54.0,-16.0,#C24F96,1
11953,51.0,54.0,4.0,#CC4C75,1
11954,51.0,54.0,52.0,#D74920,1
11955,51.0,56.0,-52.0,#A953D3,1
11956,51.0,56.0,-4.0,#CB4A82,1
11957,51.0,56.0,12.0,#D14868,1
11958,51.0,56.0,42.0,#D84635,1
11959,51.0,56.0,64.0,#DA4500,0
11960,51.0,58.0,-72.0,#9155F7,1
11961,51.0,58.0,-62.0,#A053E5,1
11962,51.0,58.0,-48.0,#B04FCD,1
11963,51.0,58.0,-12.0,#CA498F,1
11964,51.0,58.0,70.0,#DD4200,0
11965,51.0,60.0,-68.0,#9B52F0,1
11966,51.0,60.0,-58.0,#A94FDE,1
11967,51.0,60.0,76.0,#E03F00,0
11968,51.0,62.0,-54.0,#B14BD7,1
11969,51.0,62.0,-38.0,#BF47BB,1
11970,51.0,62.0,42.0,#DF3C35,1
11971,51.0,64.0,-32.0,#C743B1,1
11972,51.0,64.0,48.0,#E3382A,1
11973,51.0,66.0,-72.0,#A14BF7,1
11974,51.0,66.0,-60.0,#B147E2,1
11975,51.0,66.0,-26.0,#CD3EA7,1
11976,51.0,66.0,-4.0,#D83A83,1
11977,51.0,68.0,46.0,#E72F2F,1
11978,51.0,68.0,66.0,#E92E00,0
11979,51.0,70.0,-56.0,#BB3FDB,1
11980,51.0,70.0,-38.0,#CB39BC,1
11981,51.0,70.0,2.0,#E03079,1
11982,51.0,70.0,60.0,#EB290F,1
11983,51.0,72.0,-74.0,#A942FA,1
11984,51.0,72.0,-62.0,#B83DE5,1
11985,51.0,72.0,-32.0,#D233B2,1
11986,51.0,72.0,42.0,#EB2437,1
11987,51.0,74.0,-80.0,#A440FF,0
11988,51.0,74.0,48.0,#EF1C2C,1
11989,51.0,74.0,58.0,#F01A16,1
11990,51.0,76.0,-70.0,#B638F3,1
11991,51.0,76.0,-58.0,#C333DE,1
11992,51.0,76.0,54.0,#F21020,1
11993,51.0,78.0,-76.0,#B236FE,1
11994,51.0,78.0,-64.0,#C031E9,1
11995,51.0,78.0,-34.0,#D923B5,1
11996,51.0,78.0,38.0,#F2013E,1
11997,51.0,78.0,44.0,#F30034,0
11998,51.0,78.0,64.0,#F50004,0
11999,51.0,80.0,-10.0,#E80A8D,1
12000,51.0,80.0,60.0,#F70013,0
12001,51.0,80.0,70.0,#F70000,0
12002,51.0,82.0,-60.0,#CA22E2,1
12003,51.0,82.0,-46.0,#D619CA,1
12004,51.0,82.0,56.0,#F9001D,0
12005,51.0,84.0,-78.0,#BA27FF,0
12006,51.0,84.0,-40.0,#DD03BF,1
12007,51.0,84.0,-16.0,#EA0097,0
12008,51.0,84.0,46.0,#FA0031,0
12009,51.0,84.0,78.0,#FC0000,0
12010,51.0,86.0,-52.0,#D700D4,1
12011,51.0,86.0,-4.0,#F20083,0
12012,51.0,86.0,2.0,#F4007A,0
12013,51.0,86.0,14.0,#F70066,0
12014,51.0,86.0,20.0,#F8005D,0
12015,51.0,86.0,62.0,#FE0010,0
12016,51.0,86.0,72.0,#FE0000,0
12017,51.0,88.0,-10.0,#F2008D,0
12018,51.0,88.0,8.0,#F80070,0
12019,51.0,88.0,30.0,#FD004D,0
12020,51.0,88.0,58.0,#FF001B,0
12021,51.0,90.0,-18.0,#F1009B,0
12022,51.0,90.0,44.0,#FF0036,0
12023,51.0,92.0,-58.0,#DB00DF,0
12024,51.0,92.0,18.0,#FF0060,0
12025,51.0,92.0,24.0,#FF0057,0
12026,51.0,92.0,50.0,#FF002B,0
12027,51.0,94.0,-52.0,#E300D4,0
12028,51.0,94.0,-4.0,#FC0084,0
12029,51.0,94.0,2.0,#FD007A,0
12030,51.0,96.0,-78.0,#CE00FF,0
12031,51.0,96.0,-42.0,#EC00C3,0
12032,51.0,96.0,8.0,#FF0071,0
12033,51.0,98.0,14.0,#FF0067,0
12034,51.0,98.0,20.0,#FF005D,0
12035,51.0,98.0,26.0,#FF0054,0
12036,51.0,100.0,-50.0,#ED00D1,0
12037,51.0,102.0,-44.0,#F300C7,0
12038,51.0,102.0,-4.0,#FF0084,0
12039,51.0,106.0,-54.0,#F200D8,0
12040,51.0,108.0,-62.0,#EF00E6,0
12041,51.0,108.0,-48.0,#F900CE,0
12042,51.0,114.0,-58.0,#FA00DF,0
12043,51.0,116.0,-66.0,#F700ED,0
12044,52.0,-128.0,12.0,#00A064,0
12045,52.0,-128.0,20.0,#00A056,0
12046,52.0,-128.0,28.0,#009F47,0
12047,52.0,-128.0,36.0,#009F37,0
12048,52.0,-114.0,-2.0,#009F7D,0
12049,52.0,-114.0,42.0,#009D29,0
12050,52.0,-112.0,-12.0,#009F8E,0
12051,52.0,-112.0,4.0,#009E73,0
12052,52.0,-112.0,10.0,#009E68,0
12053,52.0,-112.0,16.0,#009E5E,0
12054,52.0,-112.0,22.0,#009D53,0
12055,52.0,-112.0,30.0,#009D43,0
12056,52.0,-106.0,-16.0,#009E95,0
12057,52.0,-102.0,-10.0,#009D8B,0
12058,52.0,-100.0,48.0,#009B19,0
12059,52.0,-98.0,-20.0,#009D9C,0
12060,52.0,-98.0,42.0,#009B2A,0
12061,52.0,-92.0,-24.0,#009CA3,0
12062,52.0,-92.0,48.0,#00991A,0
12063,52.0,-86.0,54.0,#009800,0
12064,52.0,-84.0,48.0,#00981A,0
12065,52.0,-82.0,-16.0,#009A96,0
12066,52.0,-78.0,-10.0,#00988B,0
12067,52.0,-78.0,54.0,#009600,0
12068,52.0,-76.0,-14.0,#009892,0
12069,52.0,-74.0,-36.0,#0099B8,0
12070,52.0,-74.0,-30.0,#0099AE,0
12071,52.0,-72.0,38.0,#009535,0
12072,52.0,-72.0,56.0,#009500,0
12073,52.0,-70.0,24.0,#009550,0
12074,52.0,-70.0,30.0,#009545,0
12075,52.0,-70.0,44.0,#009427,0
12076,52.0,-68.0,-40.0,#0098BF,0
12077,52.0,-68.0,-34.0,#0098B5,0
12078,52.0,-68.0,-4.0,#009681,0
12079,52.0,-68.0,62.0,#009400,0
12080,52.0,-66.0,4.0,#009573,0
12081,52.0,-66.0,34.0,#00943D,0
12082,52.0,-64.0,28.0,#009349,0
12083,52.0,-64.0,40.0,#009331,0
12084,52.0,-62.0,-44.0,#0097C6,0
12085,52.0,-62.0,-38.0,#0097BC,0
12086,52.0,-62.0,-32.0,#0096B2,0
12087,52.0,-62.0,46.0,#009222,0
12088,52.0,-62.0,60.0,#009200,0
12089,52.0,-60.0,-4.0,#009481,0
12090,52.0,-60.0,6.0,#009370,0
12091,52.0,-60.0,32.0,#009241,0
12092,52.0,-58.0,24.0,#009250,0
12093,52.0,-58.0,38.0,#009135,0
12094,52.0,-58.0,64.0,#019100,0
12095,52.0,-56.0,-48.0,#0096CD,0
12096,52.0,-56.0,-42.0,#0095C3,0
12097,52.0,-56.0,-36.0,#0095B9,0
12098,52.0,-56.0,-30.0,#0094AE,0
12099,52.0,-56.0,-24.0,#0094A4,0
12100,52.0,-56.0,44.0,#009128,0
12101,52.0,-54.0,8.0,#00916D,0
12102,52.0,-54.0,28.0,#009149,0
12103,52.0,-54.0,68.0,#269000,0
12104,52.0,-52.0,18.0,#00905B,0
12105,52.0,-52.0,34.0,#00903E,0
12106,52.0,-50.0,-44.0,#0094C7,0
12107,52.0,-50.0,-38.0,#0093BC,0
12108,52.0,-50.0,-32.0,#0093B2,0
12109,52.0,-50.0,-26.0,#0092A7,0
12110,52.0,-50.0,22.0,#009054,0
12111,52.0,-50.0,40.0,#1E8F31,1
12112,52.0,-48.0,-20.0,#00919D,0
12113,52.0,-48.0,26.0,#058F4D,1
12114,52.0,-48.0,64.0,#3A8E00,0
12115,52.0,-46.0,6.0,#008F70,0
12116,52.0,-46.0,10.0,#008F6A,0
12117,52.0,-46.0,14.0,#008F63,0
12118,52.0,-46.0,30.0,#238E46,1
12119,52.0,-46.0,70.0,#428D00,0
12120,52.0,-44.0,-54.0,#0093D8,0
12121,52.0,-44.0,-46.0,#0092CA,0
12122,52.0,-44.0,-40.0,#0092C0,0
12123,52.0,-44.0,-34.0,#0091B5,0
12124,52.0,-44.0,-28.0,#0091AB,0
12125,52.0,-44.0,-22.0,#0090A0,0
12126,52.0,-44.0,18.0,#0F8E5C,1
12127,52.0,-44.0,34.0,#328D3E,1
12128,52.0,-42.0,2.0,#008E77,0
12129,52.0,-42.0,22.0,#298D55,1
12130,52.0,-42.0,38.0,#3D8C36,1
12131,52.0,-40.0,10.0,#128D6A,1
12132,52.0,-40.0,14.0,#218D63,1
12133,52.0,-40.0,26.0,#378C4D,1
12134,52.0,-40.0,42.0,#468C2E,1
12135,52.0,-38.0,-52.0,#0091D5,0
12136,52.0,-38.0,-44.0,#0090C7,0
12137,52.0,-38.0,-38.0,#008FBC,0
12138,52.0,-38.0,-4.0,#008D82,0
12139,52.0,-38.0,18.0,#338C5C,1
12140,52.0,-38.0,48.0,#4E8B1F,1
12141,52.0,-34.0,8.0,#318B6D,1
12142,52.0,-34.0,12.0,#388B66,1
12143,52.0,-34.0,20.0,#438A58,1
12144,52.0,-34.0,38.0,#528A37,1
12145,52.0,-34.0,50.0,#588919,1
12146,52.0,-32.0,-48.0,#008ECE,0
12147,52.0,-32.0,24.0,#4D8951,1
12148,52.0,-32.0,42.0,#59892E,1
12149,52.0,-32.0,68.0,#628800,0
12150,52.0,-32.0,76.0,#638800,0
12151,52.0,-30.0,14.0,#488963,1
12152,52.0,-28.0,44.0,#62872A,1
12153,52.0,-26.0,-50.0,#008CD1,0
12154,52.0,-26.0,-10.0,#27898C,1
12155,52.0,-24.0,-44.0,#008BC7,0
12156,52.0,-24.0,10.0,#53876A,1
12157,52.0,-24.0,14.0,#578763,1
12158,52.0,-22.0,-38.0,#008ABC,0
12159,52.0,-22.0,-26.0,#0088A8,0
12160,52.0,-22.0,-2.0,#49877F,1
12161,52.0,-22.0,18.0,#5F865C,1
12162,52.0,-20.0,-46.0,#008ACA,0
12163,52.0,-20.0,-16.0,#328797,1
12164,52.0,-20.0,14.0,#608563,1
12165,52.0,-20.0,40.0,#708434,1
12166,52.0,-20.0,46.0,#728426,1
12167,52.0,-18.0,-40.0,#0088C0,0
12168,52.0,-18.0,-28.0,#0087AB,0
12169,52.0,-18.0,-4.0,#518582,1
12170,52.0,-18.0,18.0,#68845D,1
12171,52.0,-18.0,32.0,#708343,1
12172,52.0,-16.0,-64.0,#008AEA,0
12173,52.0,-16.0,-52.0,#0089D5,0
12174,52.0,-16.0,-18.0,#3D859A,1
12175,52.0,-16.0,-14.0,#468593,1
12176,52.0,-16.0,12.0,#678367,1
12177,52.0,-16.0,36.0,#75823C,1
12178,52.0,-14.0,-58.0,#0088E0,0
12179,52.0,-14.0,-46.0,#0087CB,0
12180,52.0,-14.0,-38.0,#0086BD,0
12181,52.0,-14.0,14.0,#6C8264,1
12182,52.0,-14.0,46.0,#7C8127,1
12183,52.0,-12.0,-52.0,#0087D5,0
12184,52.0,-12.0,-22.0,#4284A1,1
12185,52.0,-12.0,-14.0,#528393,1
12186,52.0,-12.0,4.0,#688275,1
12187,52.0,-12.0,30.0,#798147,1
12188,52.0,-12.0,36.0,#7C803C,1
12189,52.0,-12.0,76.0,#858000,0
12190,52.0,-10.0,-46.0,#0085CB,0
12191,52.0,-10.0,2.0,#6B8178,1
12192,52.0,-10.0,40.0,#817F34,1
12193,52.0,-10.0,46.0,#827F27,1
12194,52.0,-10.0,54.0,#847F0F,1
12195,52.0,-8.0,-62.0,#0086E7,0
12196,52.0,-8.0,-54.0,#0085D9,0
12197,52.0,-8.0,-20.0,#53829E,1
12198,52.0,-8.0,-16.0,#598197,1
12199,52.0,-8.0,-12.0,#5F8190,1
12200,52.0,-8.0,-8.0,#648189,1
12201,52.0,-8.0,4.0,#708075,1
12202,52.0,-8.0,8.0,#73806E,1
12203,52.0,-8.0,30.0,#807F48,1
12204,52.0,-6.0,-76.0,#0088FF,0
12205,52.0,-6.0,-68.0,#0086F1,0
12206,52.0,-6.0,-48.0,#0084CE,0
12207,52.0,-6.0,14.0,#7B7E64,1
12208,52.0,-6.0,18.0,#7E7E5D,1
12209,52.0,-6.0,26.0,#827E4F,1
12210,52.0,-6.0,34.0,#857D40,1
12211,52.0,-6.0,40.0,#877D35,1
12212,52.0,-4.0,-60.0,#0084E3,0
12213,52.0,-4.0,0.0,#757E7C,1
12214,52.0,-4.0,20.0,#827D5A,1
12215,52.0,-4.0,28.0,#867D4C,1
12216,52.0,-2.0,-66.0,#0084EE,0
12217,52.0,-2.0,-56.0,#0083DC,0
12218,52.0,-2.0,-48.0,#0082CE,0
12219,52.0,-2.0,-34.0,#4780B6,1
12220,52.0,-2.0,-18.0,#657E9A,1
12221,52.0,-2.0,-14.0,#6A7E94,1
12222,52.0,-2.0,-10.0,#6F7E8D,1
12223,52.0,-2.0,-6.0,#737D86,1
12224,52.0,-2.0,-2.0,#777D7F,1
12225,52.0,-2.0,2.0,#7A7D79,1
12226,52.0,-2.0,6.0,#7D7D72,1
12227,52.0,-2.0,10.0,#807C6B,1
12228,52.0,-2.0,14.0,#827C64,1
12229,52.0,-2.0,18.0,#847C5D,1
12230,52.0,-2.0,22.0,#867C56,1
12231,52.0,0.0,-20.0,#677E9E,1
12232,52.0,0.0,-16.0,#6C7D97,1
12233,52.0,0.0,-12.0,#717D90,1
12234,52.0,0.0,-8.0,#757D8A,1
12235,52.0,0.0,-4.0,#797C83,1
12236,52.0,0.0,4.0,#7F7C75,1
12237,52.0,0.0,8.0,#827B6E,1
12238,52.0,0.0,12.0,#847B68,1
12239,52.0,0.0,66.0,#957A00,0
12240,52.0,2.0,-66.0,#0082EE,0
12241,52.0,2.0,-58.0,#0081E0,0
12242,52.0,2.0,-50.0,#1280D2,1
12243,52.0,2.0,-42.0,#3F7FC4,1
12244,52.0,2.0,-20.0,#6B7C9E,1
12245,52.0,2.0,-16.0,#707C97,1
12246,52.0,2.0,-12.0,#757C90,1
12247,52.0,2.0,-8.0,#797B8A,1
12248,52.0,2.0,-4.0,#7C7B83,1
12249,52.0,2.0,4.0,#827B75,1
12250,52.0,2.0,8.0,#857A6E,1
12251,52.0,2.0,12.0,#887A68,1
12252,52.0,2.0,74.0,#997800,0
12253,52.0,2.0,82.0,#9A7800,0
12254,52.0,4.0,-40.0,#4C7DC0,1
12255,52.0,4.0,-20.0,#707B9E,1
12256,52.0,4.0,-16.0,#747B97,1
12257,52.0,4.0,-12.0,#797B90,1
12258,52.0,4.0,-8.0,#7C7A8A,1
12259,52.0,4.0,-4.0,#807A83,1
12260,52.0,4.0,0.0,#837A7C,1
12261,52.0,4.0,4.0,#867975,1
12262,52.0,4.0,8.0,#88796F,1
12263,52.0,4.0,12.0,#8B7968,1
12264,52.0,4.0,66.0,#9B7700,0
12265,52.0,4.0,88.0,#9D7700,0
12266,52.0,6.0,-66.0,#0080EE,0
12267,52.0,6.0,-52.0,#287ED5,1
12268,52.0,6.0,-20.0,#747A9E,1
12269,52.0,6.0,-16.0,#787A97,1
12270,52.0,6.0,-12.0,#7C7A90,1
12271,52.0,6.0,-8.0,#80798A,1
12272,52.0,6.0,-4.0,#837983,1
12273,52.0,6.0,0.0,#86797C,1
12274,52.0,6.0,4.0,#897875,1
12275,52.0,6.0,8.0,#8C786F,1
12276,52.0,6.0,12.0,#8E7868,1
12277,52.0,6.0,34.0,#977741,1
12278,52.0,6.0,40.0,#997736,1
12279,52.0,6.0,46.0,#9A7629,1
12280,52.0,6.0,80.0,#9F7600,0
12281,52.0,8.0,-50.0,#3C7CD2,1
12282,52.0,8.0,-16.0,#7C7997,1
12283,52.0,8.0,-12.0,#807891,1
12284,52.0,8.0,-8.0,#84788A,1
12285,52.0,8.0,-4.0,#877883,1
12286,52.0,8.0,0.0,#8A777C,1
12287,52.0,8.0,4.0,#8D7775,1
12288,52.0,8.0,8.0,#8F776F,1
12289,52.0,8.0,12.0,#917768,1
12290,52.0,8.0,16.0,#937661,1
12291,52.0,8.0,86.0,#A27500,0
12292,52.0,10.0,-66.0,#007EEE,0
12293,52.0,10.0,-10.0,#86778D,1
12294,52.0,10.0,-6.0,#897786,1
12295,52.0,10.0,-2.0,#8C7680,1
12296,52.0,10.0,2.0,#8F7679,1
12297,52.0,10.0,6.0,#917672,1
12298,52.0,10.0,10.0,#93766B,1
12299,52.0,10.0,34.0,#9D7442,1
12300,52.0,12.0,-82.0,#007FFF,0
12301,52.0,12.0,-56.0,#367BDC,1
12302,52.0,12.0,-4.0,#8E7583,1
12303,52.0,12.0,0.0,#90757C,1
12304,52.0,12.0,4.0,#937576,1
12305,52.0,12.0,8.0,#95746F,1
12306,52.0,12.0,14.0,#987465,1
12307,52.0,12.0,80.0,#A77200,0
12308,52.0,12.0,88.0,#A87200,0
12309,52.0,14.0,-40.0,#6978C1,1
12310,52.0,14.0,-26.0,#7D76A8,1
12311,52.0,14.0,-2.0,#927480,1
12312,52.0,14.0,2.0,#957479,1
12313,52.0,14.0,12.0,#9A7368,1
12314,52.0,14.0,36.0,#A3723E,1
12315,52.0,14.0,66.0,#A97100,0
12316,52.0,16.0,-64.0,#207AEB,1
12317,52.0,16.0,-38.0,#7176BD,1
12318,52.0,16.0,-24.0,#8374A5,1
12319,52.0,16.0,-20.0,#87749E,1
12320,52.0,16.0,0.0,#97727C,1
12321,52.0,16.0,6.0,#9A7272,1
12322,52.0,16.0,10.0,#9C726C,1
12323,52.0,16.0,16.0,#9F7161,1
12324,52.0,16.0,20.0,#A1715B,1
12325,52.0,18.0,-62.0,#3978E7,1
12326,52.0,18.0,-18.0,#8D739B,1
12327,52.0,18.0,-14.0,#907294,1
12328,52.0,18.0,4.0,#9C7176,1
12329,52.0,18.0,14.0,#A17065,1
12330,52.0,18.0,40.0,#AA6F37,1
12331,52.0,20.0,-70.0,#0478F5,1
12332,52.0,20.0,-60.0,#4A77E4,1
12333,52.0,20.0,-48.0,#6975CF,1
12334,52.0,20.0,-44.0,#7074C8,1
12335,52.0,20.0,-26.0,#8872A9,1
12336,52.0,20.0,-22.0,#8C72A2,1
12337,52.0,20.0,-12.0,#957191,1
12338,52.0,20.0,-2.0,#9C7080,1
12339,52.0,20.0,8.0,#A16F6F,1
12340,52.0,20.0,12.0,#A36F68,1
12341,52.0,20.0,18.0,#A66E5E,1
12342,52.0,20.0,22.0,#A76E57,1
12343,52.0,22.0,-68.0,#3077F2,1
12344,52.0,22.0,-42.0,#7873C4,1
12345,52.0,22.0,-38.0,#7E72BD,1
12346,52.0,22.0,-20.0,#92709E,1
12347,52.0,22.0,-16.0,#957098,1
12348,52.0,22.0,-8.0,#9B6F8A,1
12349,52.0,22.0,2.0,#A16E79,1
12350,52.0,22.0,6.0,#A36E73,1
12351,52.0,24.0,-82.0,#0078FF,0
12352,52.0,24.0,-36.0,#8470BA,1
12353,52.0,24.0,-30.0,#8B70B0,1
12354,52.0,24.0,-26.0,#8F6FA9,1
12355,52.0,24.0,-12.0,#9B6E91,1
12356,52.0,24.0,-4.0,#A16D83,1
12357,52.0,24.0,10.0,#A86C6C,1
12358,52.0,24.0,14.0,#AA6C65,1
12359,52.0,24.0,20.0,#AC6B5B,1
12360,52.0,24.0,24.0,#AE6B54,1
12361,52.0,24.0,60.0,#B56A00,0
12362,52.0,26.0,-54.0,#6C72D9,1
12363,52.0,26.0,-48.0,#7771CF,1
12364,52.0,26.0,-20.0,#986D9F,1
12365,52.0,26.0,-16.0,#9C6D98,1
12366,52.0,26.0,-8.0,#A16C8A,1
12367,52.0,26.0,0.0,#A66B7D,1
12368,52.0,26.0,4.0,#A86B76,1
12369,52.0,26.0,66.0,#B86800,0
12370,52.0,28.0,-62.0,#5F71E7,1
12371,52.0,28.0,-46.0,#7F6FCB,1
12372,52.0,28.0,-42.0,#846EC4,1
12373,52.0,28.0,-36.0,#8C6DBA,1
12374,52.0,28.0,-30.0,#926DB0,1
12375,52.0,28.0,-26.0,#966CA9,1
12376,52.0,28.0,8.0,#AD6970,1
12377,52.0,28.0,24.0,#B36854,1
12378,52.0,28.0,54.0,#BA6718,1
12379,52.0,28.0,60.0,#BA6700,0
12380,52.0,30.0,-60.0,#6A70E4,1
12381,52.0,30.0,-54.0,#766FD9,1
12382,52.0,30.0,-14.0,#A36995,1
12383,52.0,30.0,-6.0,#A96987,1
12384,52.0,30.0,-2.0,#AB6880,1
12385,52.0,30.0,2.0,#AD687A,1
12386,52.0,30.0,66.0,#BE6500,0
12387,52.0,32.0,-52.0,#7E6DD6,1
12388,52.0,32.0,-42.0,#8C6BC4,1
12389,52.0,32.0,-36.0,#936ABA,1
12390,52.0,32.0,-24.0,#9F69A6,1
12391,52.0,32.0,-20.0,#A2689F,1
12392,52.0,32.0,-10.0,#A9678E,1
12393,52.0,32.0,6.0,#B26673,1
12394,52.0,32.0,52.0,#BF641F,1
12395,52.0,32.0,60.0,#C06301,1
12396,52.0,34.0,-60.0,#746DE4,1
12397,52.0,34.0,-48.0,#886ACF,1
12398,52.0,34.0,-32.0,#9B68B3,1
12399,52.0,34.0,0.0,#B2657D,1
12400,52.0,34.0,10.0,#B6646C,1
12401,52.0,34.0,14.0,#B86466,1
12402,52.0,36.0,-68.0,#686CF2,1
12403,52.0,36.0,-42.0,#9468C4,1
12404,52.0,36.0,-18.0,#AA659B,1
12405,52.0,36.0,-14.0,#AD6495,1
12406,52.0,36.0,-4.0,#B26384,1
12407,52.0,36.0,4.0,#B66277,1
12408,52.0,36.0,24.0,#BE6155,1
12409,52.0,36.0,40.0,#C26039,1
12410,52.0,36.0,58.0,#C4600D,1
12411,52.0,36.0,84.0,#C65F00,0
12412,52.0,38.0,-60.0,#7E69E4,1
12413,52.0,38.0,-54.0,#8768D9,1
12414,52.0,38.0,-48.0,#9067CF,1
12415,52.0,38.0,-24.0,#A864A6,1
12416,52.0,38.0,8.0,#BB6070,1
12417,52.0,38.0,18.0,#BF605F,1
12418,52.0,38.0,54.0,#C65E1B,1
12419,52.0,40.0,-68.0,#7269F2,1
12420,52.0,40.0,12.0,#BF5E69,1
12421,52.0,40.0,40.0,#C75C39,1
12422,52.0,42.0,-60.0,#8666E4,1
12423,52.0,42.0,-4.0,#BB5D84,1
12424,52.0,42.0,4.0,#BF5D77,1
12425,52.0,42.0,16.0,#C35C63,1
12426,52.0,42.0,52.0,#CB5A20,1
12427,52.0,42.0,60.0,#CC5A06,1
12428,52.0,44.0,-82.0,#5869FF,0
12429,52.0,44.0,-74.0,#6F67FD,1
12430,52.0,44.0,-68.0,#7C66F2,1
12431,52.0,44.0,-18.0,#B65D9C,1
12432,52.0,44.0,8.0,#C35A70,1
12433,52.0,44.0,66.0,#CF5700,0
12434,52.0,44.0,82.0,#D05700,0
12435,52.0,46.0,-52.0,#9A60D6,1
12436,52.0,46.0,-14.0,#BB5A95,1
12437,52.0,46.0,12.0,#C7586A,1
12438,52.0,46.0,58.0,#D15510,1
12439,52.0,46.0,88.0,#D35500,0
12440,52.0,48.0,-66.0,#8961EF,1
12441,52.0,48.0,-40.0,#AA5CC1,1
12442,52.0,48.0,-24.0,#B85AA6,1
12443,52.0,48.0,-10.0,#C0588E,1
12444,52.0,48.0,16.0,#CB5563,1
12445,52.0,48.0,78.0,#D55300,0
12446,52.0,50.0,-72.0,#8361F9,1
12447,52.0,50.0,-20.0,#BD579F,1
12448,52.0,50.0,-6.0,#C55588,1
12449,52.0,50.0,20.0,#CF525D,1
12450,52.0,50.0,24.0,#D05256,1
12451,52.0,50.0,70.0,#D75000,0
12452,52.0,50.0,84.0,#D85000,0
12453,52.0,52.0,-46.0,#AB59CC,1
12454,52.0,52.0,30.0,#D44F4C,1
12455,52.0,52.0,76.0,#DA4E00,0
12456,52.0,54.0,-42.0,#B256C5,1
12457,52.0,54.0,-28.0,#BE53AD,1
12458,52.0,54.0,18.0,#D34E60,1
12459,52.0,54.0,82.0,#DC4B00,0
12460,52.0,56.0,-82.0,#7C5DFF,0
12461,52.0,56.0,-76.0,#895BFF,0
12462,52.0,56.0,-38.0,#B953BE,1
12463,52.0,56.0,-22.0,#C550A3,1
12464,52.0,56.0,24.0,#D84A56,1
12465,52.0,56.0,28.0,#D94A4F,1
12466,52.0,56.0,88.0,#DF4800,0
12467,52.0,58.0,-8.0,#CF4B8B,1
12468,52.0,58.0,34.0,#DC4745,1
12469,52.0,58.0,80.0,#E14500,0
12470,52.0,60.0,-18.0,#CD499C,1
12471,52.0,60.0,6.0,#D74674,1
12472,52.0,60.0,20.0,#DC445D,1
12473,52.0,60.0,54.0,#E2421F,1
12474,52.0,60.0,86.0,#E44100,0
12475,52.0,62.0,-80.0,#8F55FF,0
12476,52.0,62.0,26.0,#E04153,1
12477,52.0,62.0,32.0,#E14049,1
12478,52.0,62.0,60.0,#E53F0F,1
12479,52.0,64.0,2.0,#DB407B,1
12480,52.0,64.0,10.0,#DE3F6E,1
12481,52.0,64.0,38.0,#E43C3F,1
12482,52.0,64.0,52.0,#E63B25,1
12483,52.0,64.0,84.0,#E83A00,0
12484,52.0,66.0,-78.0,#9B4FFF,0
12485,52.0,66.0,-20.0,#D440A0,1
12486,52.0,66.0,16.0,#E23A64,1
12487,52.0,66.0,22.0,#E4395A,1
12488,52.0,66.0,72.0,#EA3600,0
12489,52.0,68.0,-50.0,#C144D3,1
12490,52.0,68.0,-44.0,#C642C9,1
12491,52.0,68.0,28.0,#E73450,1
12492,52.0,68.0,34.0,#E93446,1
12493,52.0,68.0,78.0,#ED3100,0
12494,52.0,72.0,-16.0,#DE3399,1
12495,52.0,72.0,-10.0,#E1318F,1
12496,52.0,72.0,10.0,#E82D6E,1
12497,52.0,72.0,18.0,#EA2C61,1
12498,52.0,72.0,24.0,#EB2B57,1
12499,52.0,72.0,76.0,#F22600,0
12500,52.0,74.0,-46.0,#CE37CC,1
12501,52.0,74.0,30.0,#EF234E,1
12502,52.0,74.0,68.0,#F41F00,0
12503,52.0,76.0,-40.0,#D530C2,1
12504,52.0,76.0,6.0,#EC2175,1
12505,52.0,78.0,-18.0,#E5219D,1
12506,52.0,78.0,-4.0,#EB1C86,1
12507,52.0,78.0,14.0,#F01568,1
12508,52.0,78.0,20.0,#F2135E,1
12509,52.0,78.0,26.0,#F31155,1
12510,52.0,80.0,32.0,#F7004B,0
12511,52.0,82.0,-24.0,#E70FA7,1
12512,52.0,84.0,-72.0,#C428FA,1
12513,52.0,84.0,24.0,#FA0058,0
12514,52.0,86.0,-66.0,#CE1BF0,1
12515,52.0,90.0,-36.0,#EB00BC,0
12516,52.0,92.0,-68.0,#D500F3,0
12517,52.0,96.0,-12.0,#FE0094,0
12518,52.0,98.0,-66.0,#E000F0,0
12519,52.0,102.0,-36.0,#FB00BC,0
12520,52.0,102.0,-18.0,#FF009E,0
12521,52.0,104.0,-72.0,#E400FB,0
12522,52.0,104.0,-30.0,#FF00B2,0
12523,52.0,104.0,-12.0,#FF0094,0
12524,52.0,106.0,-24.0,#FF00A8,0
12525,52.0,112.0,-76.0,#EC00FF,0
12526,52.0,112.0,-42.0,#FF00C7,0
12527,53.0,-128.0,-2.0,#00A47F,0
12528,53.0,-128.0,4.0,#00A375,0
12529,53.0,-128.0,42.0,#00A22C,0
12530,53.0,-128.0,50.0,#00A213,0
12531,53.0,-128.0,60.0,#00A200,0
12532,53.0,-122.0,-6.0,#00A386,0
12533,53.0,-122.0,74.0,#00A100,0
12534,53.0,-120.0,0.0,#00A27C,0
12535,53.0,-120.0,6.0,#00A272,0
12536,53.0,-120.0,12.0,#00A267,0
12537,53.0,-120.0,18.0,#00A25C,0
12538,53.0,-120.0,26.0,#00A14D,0
12539,53.0,-120.0,34.0,#00A13E,0
12540,53.0,-120.0,42.0,#00A12C,0
12541,53.0,-120.0,50.0,#00A113,0
12542,53.0,-120.0,58.0,#00A100,0
12543,53.0,-118.0,66.0,#00A000,0
12544,53.0,-114.0,76.0,#00A000,0
12545,53.0,-112.0,50.0,#00A014,0
12546,53.0,-112.0,58.0,#00A000,0
12547,53.0,-110.0,68.0,#009F00,0
12548,53.0,-106.0,60.0,#009E00,0
12549,53.0,-104.0,-2.0,#00A080,0
12550,53.0,-104.0,4.0,#00A075,0
12551,53.0,-104.0,10.0,#009F6B,0
12552,53.0,-104.0,16.0,#009F60,0
12553,53.0,-104.0,22.0,#009F55,0
12554,53.0,-104.0,28.0,#009F4A,0
12555,53.0,-104.0,36.0,#009F3A,0
12556,53.0,-104.0,74.0,#009E00,0
12557,53.0,-100.0,66.0,#009D00,0
12558,53.0,-98.0,56.0,#009D00,0
12559,53.0,-96.0,0.0,#009E7C,0
12560,53.0,-96.0,6.0,#009E72,0
12561,53.0,-96.0,12.0,#009E67,0
12562,53.0,-96.0,18.0,#009E5D,0
12563,53.0,-96.0,24.0,#009D52,0
12564,53.0,-96.0,30.0,#009D46,0
12565,53.0,-96.0,76.0,#009D00,0
12566,53.0,-92.0,-16.0,#009F98,0
12567,53.0,-92.0,-10.0,#009E8E,0
12568,53.0,-92.0,62.0,#009C00,0
12569,53.0,-90.0,-4.0,#009E83,0
12570,53.0,-90.0,70.0,#009B00,0
12571,53.0,-88.0,2.0,#009D79,0
12572,53.0,-88.0,8.0,#009D6F,0
12573,53.0,-88.0,14.0,#009C64,0
12574,53.0,-88.0,20.0,#009C59,0
12575,53.0,-88.0,26.0,#009C4E,0
12576,53.0,-88.0,32.0,#009C43,0
12577,53.0,-88.0,38.0,#009C36,0
12578,53.0,-88.0,78.0,#009B00,0
12579,53.0,-86.0,-26.0,#009EAA,0
12580,53.0,-86.0,-8.0,#009D8A,0
12581,53.0,-84.0,64.0,#009A00,0
12582,53.0,-84.0,72.0,#009A00,0
12583,53.0,-80.0,-30.0,#009DB1,0
12584,53.0,-80.0,-2.0,#009B80,0
12585,53.0,-80.0,4.0,#009B76,0
12586,53.0,-80.0,10.0,#009B6B,0
12587,53.0,-80.0,16.0,#009A61,0
12588,53.0,-80.0,22.0,#009A56,0
12589,53.0,-80.0,28.0,#009A4B,0
12590,53.0,-80.0,34.0,#009A3F,0
12591,53.0,-80.0,40.0,#009A32,0
12592,53.0,-78.0,-24.0,#009CA6,0
12593,53.0,-78.0,66.0,#009900,0
12594,53.0,-78.0,76.0,#009900,0
12595,53.0,-72.0,-20.0,#009B9F,0
12596,53.0,-72.0,2.0,#009979,0
12597,53.0,-72.0,8.0,#00996F,0
12598,53.0,-72.0,14.0,#009964,0
12599,53.0,-72.0,20.0,#00985A,0
12600,53.0,-72.0,68.0,#009700,0
12601,53.0,-72.0,78.0,#009700,0
12602,53.0,-70.0,-8.0,#00998B,0
12603,53.0,-68.0,-14.0,#009995,0
12604,53.0,-68.0,50.0,#009718,0
12605,53.0,-66.0,-24.0,#0099A6,0
12606,53.0,-66.0,-18.0,#00999C,0
12607,53.0,-66.0,72.0,#009600,0
12608,53.0,-66.0,80.0,#009600,0
12609,53.0,-64.0,-10.0,#00988E,0
12610,53.0,-62.0,52.0,#009511,0
12611,53.0,-60.0,-20.0,#00979F,0
12612,53.0,-60.0,-16.0,#009799,0
12613,53.0,-60.0,74.0,#009400,0
12614,53.0,-58.0,-8.0,#00968B,0
12615,53.0,-58.0,80.0,#1B9400,0
12616,53.0,-56.0,-12.0,#009692,0
12617,53.0,-54.0,-18.0,#00969C,0
12618,53.0,-54.0,52.0,#1C9313,1
12619,53.0,-52.0,-6.0,#009487,0
12620,53.0,-52.0,-2.0,#009481,0
12621,53.0,-52.0,74.0,#349200,0
12622,53.0,-50.0,-14.0,#009495,0
12623,53.0,-50.0,-10.0,#00948E,0
12624,53.0,-50.0,80.0,#3C9100,0
12625,53.0,-48.0,48.0,#349121,1
12626,53.0,-48.0,54.0,#38910A,1
12627,53.0,-46.0,-16.0,#009399,0
12628,53.0,-46.0,-4.0,#009284,0
12629,53.0,-46.0,0.0,#00927D,0
12630,53.0,-44.0,-12.0,#009292,0
12631,53.0,-44.0,-8.0,#00928B,0
12632,53.0,-44.0,82.0,#4D8F00,0
12633,53.0,-42.0,-18.0,#00929C,0
12634,53.0,-42.0,56.0,#4B8F00,1
12635,53.0,-40.0,-14.0,#009195,0
12636,53.0,-40.0,62.0,#528E00,0
12637,53.0,-38.0,-28.0,#0091AE,0
12638,53.0,-38.0,-22.0,#0091A3,0
12639,53.0,-38.0,-10.0,#00908F,0
12640,53.0,-38.0,4.0,#0C8F77,1
12641,53.0,-38.0,68.0,#588D00,0
12642,53.0,-38.0,76.0,#5A8D00,0
12643,53.0,-36.0,-16.0,#009099,0
12644,53.0,-36.0,82.0,#5F8C00,0
12645,53.0,-34.0,-12.0,#008F92,0
12646,53.0,-34.0,-2.0,#138E81,1
12647,53.0,-34.0,60.0,#5E8C00,0
12648,53.0,-32.0,-28.0,#008FAE,0
12649,53.0,-32.0,-22.0,#008FA3,0
12650,53.0,-32.0,-18.0,#008E9C,0
12651,53.0,-32.0,-8.0,#008E8B,0
12652,53.0,-32.0,2.0,#2F8D7A,1
12653,53.0,-30.0,-58.0,#0091E2,0
12654,53.0,-30.0,-42.0,#0090C6,0
12655,53.0,-30.0,-14.0,#008D96,0
12656,53.0,-30.0,-4.0,#288D85,1
12657,53.0,-30.0,6.0,#3F8C73,1
12658,53.0,-30.0,10.0,#458C6C,1
12659,53.0,-30.0,50.0,#638A1D,1
12660,53.0,-30.0,62.0,#678A00,0
12661,53.0,-30.0,82.0,#6A8A00,0
12662,53.0,-28.0,-36.0,#008EBC,0
12663,53.0,-28.0,-30.0,#008EB1,0
12664,53.0,-28.0,-24.0,#008DA7,0
12665,53.0,-28.0,0.0,#3B8C7E,1
12666,53.0,-28.0,54.0,#688A0F,1
12667,53.0,-28.0,68.0,#6C8900,0
12668,53.0,-26.0,-18.0,#008C9D,0
12669,53.0,-26.0,-6.0,#368B88,1
12670,53.0,-26.0,4.0,#498A77,1
12671,53.0,-26.0,74.0,#708800,0
12672,53.0,-26.0,84.0,#718800,0
12673,53.0,-24.0,-62.0,#0090E9,0
12674,53.0,-24.0,-14.0,#278B96,1
12675,53.0,-24.0,38.0,#6A883A,1
12676,53.0,-24.0,44.0,#6D882D,1
12677,53.0,-24.0,56.0,#708805,1
12678,53.0,-22.0,-54.0,#008EDB,0
12679,53.0,-22.0,-20.0,#188AA0,1
12680,53.0,-22.0,-6.0,#458988,1
12681,53.0,-22.0,2.0,#51897A,1
12682,53.0,-22.0,62.0,#758700,0
12683,53.0,-22.0,76.0,#778700,0
12684,53.0,-20.0,-12.0,#3F8992,1
12685,53.0,-20.0,6.0,#5B8874,1
12686,53.0,-20.0,56.0,#778607,1
12687,53.0,-20.0,68.0,#7A8600,0
12688,53.0,-20.0,84.0,#7C8600,0
12689,53.0,-18.0,-34.0,#008AB8,0
12690,53.0,-18.0,-22.0,#2B89A4,1
12691,53.0,-18.0,2.0,#5B877B,1
12692,53.0,-18.0,8.0,#628770,1
12693,53.0,-18.0,50.0,#79851F,1
12694,53.0,-18.0,62.0,#7C8500,0
12695,53.0,-18.0,78.0,#7E8500,0
12696,53.0,-16.0,-10.0,#50878F,1
12697,53.0,-16.0,4.0,#628677,1
12698,53.0,-16.0,24.0,#728554,1
12699,53.0,-16.0,54.0,#7E8412,1
12700,53.0,-16.0,68.0,#808400,0
12701,53.0,-14.0,-2.0,#608682,1
12702,53.0,-14.0,6.0,#688574,1
12703,53.0,-14.0,60.0,#828300,0
12704,53.0,-12.0,-68.0,#008CF4,0
12705,53.0,-12.0,-30.0,#2C87B2,1
12706,53.0,-12.0,-18.0,#4D869D,1
12707,53.0,-12.0,-10.0,#5B858F,1
12708,53.0,-12.0,-6.0,#608588,1
12709,53.0,-12.0,0.0,#67857E,1
12710,53.0,-12.0,66.0,#868200,0
12711,53.0,-10.0,-24.0,#4785A7,1
12712,53.0,-10.0,-4.0,#678485,1
12713,53.0,-10.0,6.0,#718374,1
12714,53.0,-10.0,10.0,#74836D,1
12715,53.0,-10.0,14.0,#778366,1
12716,53.0,-10.0,26.0,#7E8251,1
12717,53.0,-10.0,82.0,#8B8100,0
12718,53.0,-8.0,-36.0,#2886BC,1
12719,53.0,-8.0,-28.0,#4485AE,1
12720,53.0,-8.0,-2.0,#6D8382,1
12721,53.0,-8.0,16.0,#7B8263,1
12722,53.0,-8.0,20.0,#7E825C,1
12723,53.0,-8.0,60.0,#8B8000,0
12724,53.0,-8.0,68.0,#8D8000,0
12725,53.0,-6.0,-24.0,#5484A7,1
12726,53.0,-6.0,-10.0,#69828F,1
12727,53.0,-6.0,-6.0,#6D8289,1
12728,53.0,-6.0,-2.0,#718282,1
12729,53.0,-6.0,2.0,#75827B,1
12730,53.0,-6.0,6.0,#788174,1
12731,53.0,-6.0,10.0,#7B816D,1
12732,53.0,-6.0,22.0,#828058,1
12733,53.0,-6.0,52.0,#8D801B,1
12734,53.0,-6.0,84.0,#917F00,0
12735,53.0,-4.0,-22.0,#5D82A4,1
12736,53.0,-4.0,-16.0,#66829A,1
12737,53.0,-4.0,-12.0,#6B8193,1
12738,53.0,-4.0,-8.0,#6F818C,1
12739,53.0,-4.0,-4.0,#738185,1
12740,53.0,-4.0,4.0,#7A8078,1
12741,53.0,-4.0,8.0,#7D8071,1
12742,53.0,-4.0,12.0,#80806A,1
12743,53.0,-4.0,16.0,#828063,1
12744,53.0,-4.0,24.0,#877F55,1
12745,53.0,-4.0,44.0,#8E7F2F,1
12746,53.0,-4.0,58.0,#917E01,1
12747,53.0,-4.0,66.0,#927E00,0
12748,53.0,-2.0,26.0,#8B7E52,1
12749,53.0,-2.0,32.0,#8D7E47,1
12750,53.0,-2.0,38.0,#8F7E3B,1
12751,53.0,-2.0,48.0,#927D26,1
12752,53.0,-2.0,82.0,#977D00,0
12753,53.0,0.0,-28.0,#5D81AE,1
12754,53.0,0.0,42.0,#937D34,1
12755,53.0,0.0,54.0,#967C15,1
12756,53.0,2.0,-76.0,#0086FF,0
12757,53.0,2.0,-26.0,#6580AB,1
12758,53.0,2.0,38.0,#957C3C,1
12759,53.0,2.0,48.0,#987B27,1
12760,53.0,4.0,-72.0,#0084FC,0
12761,53.0,4.0,-56.0,#0082DF,0
12762,53.0,4.0,-36.0,#5880BC,1
12763,53.0,4.0,24.0,#937B55,1
12764,53.0,4.0,54.0,#9C7A16,1
12765,53.0,6.0,-34.0,#627EB9,1
12766,53.0,6.0,-26.0,#6F7DAB,1
12767,53.0,8.0,-58.0,#0880E3,1
12768,53.0,8.0,-24.0,#767CA8,1
12769,53.0,8.0,24.0,#997956,1
12770,53.0,8.0,54.0,#A27817,1
12771,53.0,8.0,62.0,#A37700,0
12772,53.0,10.0,-74.0,#0081FF,0
12773,53.0,10.0,-44.0,#587DCA,1
12774,53.0,10.0,-32.0,#6F7CB5,1
12775,53.0,10.0,-22.0,#7C7BA4,1
12776,53.0,10.0,40.0,#A27738,1
12777,53.0,10.0,68.0,#A67600,0
12778,53.0,12.0,-64.0,#007FEE,0
12779,53.0,12.0,-42.0,#627CC7,1
12780,53.0,12.0,-20.0,#8279A1,1
12781,53.0,12.0,-16.0,#86799A,1
12782,53.0,12.0,46.0,#A6752C,1
12783,53.0,12.0,52.0,#A7751E,1
12784,53.0,12.0,60.0,#A87500,0
12785,53.0,14.0,-52.0,#517CD8,1
12786,53.0,14.0,-14.0,#8C7797,1
12787,53.0,14.0,-10.0,#8F7790,1
12788,53.0,14.0,42.0,#A87435,1
12789,53.0,14.0,74.0,#AC7300,0
12790,53.0,16.0,-70.0,#007DF8,0
12791,53.0,16.0,-50.0,#5C7AD5,1
12792,53.0,16.0,-8.0,#94758D,1
12793,53.0,16.0,48.0,#AC7328,1
12794,53.0,16.0,54.0,#AD7219,1
12795,53.0,16.0,62.0,#AE7200,0
12796,53.0,18.0,-76.0,#007DFF,0
12797,53.0,18.0,-6.0,#997489,1
12798,53.0,18.0,68.0,#B17100,0
12799,53.0,18.0,76.0,#B27100,0
12800,53.0,20.0,-56.0,#5978DF,1
12801,53.0,20.0,46.0,#B1702D,1
12802,53.0,20.0,52.0,#B2701F,1
12803,53.0,20.0,58.0,#B36F0B,1
12804,53.0,22.0,-76.0,#007BFF,0
12805,53.0,22.0,-54.0,#6477DC,1
12806,53.0,22.0,42.0,#B36E36,1
12807,53.0,22.0,64.0,#B66E00,0
12808,53.0,22.0,72.0,#B76E00,0
12809,53.0,22.0,82.0,#B76E00,0
12810,53.0,24.0,-66.0,#4877F1,1
12811,53.0,24.0,48.0,#B66D29,1
12812,53.0,24.0,54.0,#B76D1A,1
12813,53.0,24.0,88.0,#BA6C00,0
12814,53.0,26.0,-64.0,#5776EE,1
12815,53.0,26.0,40.0,#B86B3A,1
12816,53.0,26.0,74.0,#BC6B00,0
12817,53.0,26.0,82.0,#BD6B00,0
12818,53.0,28.0,-72.0,#4176FC,1
12819,53.0,28.0,46.0,#BB6A2E,1
12820,53.0,28.0,88.0,#C06900,0
12821,53.0,30.0,36.0,#BC6842,1
12822,53.0,30.0,74.0,#C16700,0
12823,53.0,30.0,82.0,#C26700,0
12824,53.0,32.0,-80.0,#2A74FF,0
12825,53.0,32.0,-72.0,#5273FC,1
12826,53.0,32.0,42.0,#C06637,1
12827,53.0,32.0,88.0,#C56500,0
12828,53.0,34.0,48.0,#C4642B,1
12829,53.0,34.0,66.0,#C66400,0
12830,53.0,34.0,74.0,#C66400,0
12831,53.0,36.0,-80.0,#4271FF,0
12832,53.0,36.0,-8.0,#B3668D,1
12833,53.0,38.0,-76.0,#5A6FFF,0
12834,53.0,38.0,46.0,#C8612F,1
12835,53.0,38.0,64.0,#CB6000,0
12836,53.0,38.0,80.0,#CC6000,0
12837,53.0,40.0,-36.0,#A466BD,1
12838,53.0,40.0,0.0,#BD6280,1
12839,53.0,42.0,-76.0,#686CFF,0
12840,53.0,42.0,-46.0,#9D66CE,1
12841,53.0,42.0,-32.0,#AB64B6,1
12842,53.0,42.0,46.0,#CD5D30,1
12843,53.0,44.0,-56.0,#9366E0,1
12844,53.0,44.0,-42.0,#A563C7,1
12845,53.0,44.0,-28.0,#B161AF,1
12846,53.0,46.0,42.0,#D25938,1
12847,53.0,48.0,-48.0,#A560D2,1
12848,53.0,48.0,-34.0,#B35EBA,1
12849,53.0,48.0,6.0,#CB5976,1
12850,53.0,48.0,48.0,#D5562D,1
12851,53.0,48.0,54.0,#D6561F,1
12852,53.0,48.0,64.0,#D75600,0
12853,53.0,50.0,-30.0,#B95BB3,1
12854,53.0,52.0,-54.0,#A55DDD,1
12855,53.0,52.0,0.0,#CD5580,1
12856,53.0,52.0,46.0,#DA5131,1
12857,53.0,52.0,60.0,#DC510F,1
12858,53.0,54.0,-66.0,#995EF2,1
12859,53.0,54.0,-14.0,#C95498,1
12860,53.0,54.0,36.0,#DB4F44,1
12861,53.0,54.0,66.0,#DF4E00,0
12862,53.0,56.0,-62.0,#A25AEB,1
12863,53.0,56.0,58.0,#E04B17,1
12864,53.0,58.0,-58.0,#AB57E4,1
12865,53.0,58.0,48.0,#E2492E,1
12866,53.0,58.0,64.0,#E34800,0
12867,53.0,58.0,72.0,#E44800,0
12868,53.0,60.0,-70.0,#9E58F9,1
12869,53.0,60.0,-54.0,#B354DD,1
12870,53.0,62.0,-66.0,#A854F2,1
12871,53.0,62.0,-50.0,#BA50D6,1
12872,53.0,62.0,-30.0,#CB4CB3,1
12873,53.0,62.0,78.0,#E94100,0
12874,53.0,64.0,-62.0,#B150EB,1
12875,53.0,64.0,-12.0,#D84595,1
12876,53.0,64.0,66.0,#EB3E00,0
12877,53.0,66.0,-56.0,#BB4CE0,1
12878,53.0,66.0,-2.0,#DF4084,1
12879,53.0,66.0,90.0,#EE3900,0
12880,53.0,68.0,-68.0,#B04CF6,1
12881,53.0,68.0,-34.0,#D143BA,1
12882,53.0,68.0,60.0,#EF3614,1
12883,53.0,70.0,52.0,#F13128,1
12884,53.0,72.0,-80.0,#A74AFF,0
12885,53.0,72.0,-64.0,#BC44EF,1
12886,53.0,72.0,-58.0,#C342E4,1
12887,53.0,72.0,-30.0,#D93AB4,1
12888,53.0,72.0,58.0,#F42B1B,1
12889,53.0,72.0,88.0,#F62A00,0
12890,53.0,74.0,-24.0,#DF34A9,1
12891,53.0,76.0,-54.0,#CD39DD,1
12892,53.0,78.0,-78.0,#B53EFF,0
12893,53.0,78.0,-62.0,#C837EB,1
12894,53.0,78.0,60.0,#FB1218,1
12895,53.0,78.0,78.0,#FC1000,0
12896,53.0,78.0,86.0,#FD1000,0
12897,53.0,80.0,-30.0,#E424B4,1
12898,53.0,80.0,50.0,#FD022E,1
12899,53.0,80.0,66.0,#FE0004,0
12900,53.0,82.0,-58.0,#D22AE4,1
12901,53.0,84.0,-10.0,#F30092,0
12902,53.0,84.0,40.0,#FF0040,0
12903,53.0,84.0,62.0,#FF0014,0
12904,53.0,86.0,52.0,#FF002B,0
12905,53.0,88.0,-78.0,#C722FF,0
12906,53.0,88.0,-42.0,#E800C9,0
12907,53.0,88.0,-30.0,#EF00B4,0
12908,53.0,90.0,-24.0,#F500AA,0
12909,53.0,90.0,-4.0,#FD0089,0
12910,53.0,90.0,38.0,#FF0044,0
12911,53.0,92.0,-50.0,#E800D7,0
12912,53.0,94.0,-44.0,#EF00CC,0
12913,53.0,94.0,26.0,#FF0058,0
12914,53.0,96.0,-30.0,#FA00B4,0
12915,53.0,98.0,-54.0,#ED00DE,0
12916,53.0,98.0,-24.0,#FF00AA,0
12917,53.0,98.0,-4.0,#FF0089,0
12918,53.0,100.0,-48.0,#F400D3,0
12919,53.0,104.0,-60.0,#F100E8,0
12920,53.0,106.0,-46.0,#FE00D0,0
12921,53.0,110.0,-34.0,#FF00BC,0
12922,53.0,112.0,-64.0,#FA00F0,0
12923,53.0,112.0,-50.0,#FF00D7,0
12924,53.0,114.0,-70.0,#F800FA,0
12925,54.0,-128.0,-8.0,#00A78C,0
12926,54.0,-128.0,10.0,#00A66D,0
12927,54.0,-128.0,18.0,#00A65F,0
12928,54.0,-128.0,26.0,#00A550,0
12929,54.0,-128.0,34.0,#00A540,0
12930,54.0,-128.0,68.0,#00A500,0
12931,54.0,-120.0,-12.0,#00A693,0
12932,54.0,-112.0,-16.0,#00A59B,0
12933,54.0,-112.0,-10.0,#00A590,0
12934,54.0,-112.0,-4.0,#00A486,0
12935,54.0,-112.0,2.0,#00A47B,0
12936,54.0,-112.0,8.0,#00A471,0
12937,54.0,-112.0,14.0,#00A466,0
12938,54.0,-112.0,20.0,#00A35B,0
12939,54.0,-112.0,26.0,#00A350,0
12940,54.0,-112.0,34.0,#00A340,0
12941,54.0,-104.0,-20.0,#00A4A2,0
12942,54.0,-104.0,-14.0,#00A497,0
12943,54.0,-104.0,-8.0,#00A38D,0
12944,54.0,-104.0,44.0,#00A12A,0
12945,54.0,-104.0,52.0,#00A110,0
12946,54.0,-96.0,-22.0,#00A3A5,0
12947,54.0,-96.0,40.0,#00A034,0
12948,54.0,-96.0,48.0,#00A020,0
12949,54.0,-92.0,54.0,#009F06,0
12950,54.0,-88.0,-20.0,#00A1A2,0
12951,54.0,-86.0,56.0,#009E00,0
12952,54.0,-80.0,-18.0,#009F9E,0
12953,54.0,-80.0,-12.0,#009F94,0
12954,54.0,-80.0,-6.0,#009E8A,0
12955,54.0,-80.0,54.0,#009C08,0
12956,54.0,-76.0,48.0,#009B21,0
12957,54.0,-74.0,38.0,#009B39,0
12958,54.0,-74.0,56.0,#009B00,0
12959,54.0,-72.0,-4.0,#009C86,0
12960,54.0,-72.0,26.0,#009B51,0
12961,54.0,-72.0,32.0,#009B46,0
12962,54.0,-70.0,-36.0,#009EBE,0
12963,54.0,-70.0,-30.0,#009EB3,0
12964,54.0,-70.0,42.0,#009A31,0
12965,54.0,-70.0,62.0,#009A00,0
12966,54.0,-68.0,36.0,#009A3E,0
12967,54.0,-66.0,10.0,#009A6E,0
12968,54.0,-66.0,16.0,#009A63,0
12969,54.0,-66.0,22.0,#009A59,0
12970,54.0,-66.0,28.0,#00994E,0
12971,54.0,-64.0,-38.0,#009DC1,0
12972,54.0,-64.0,-32.0,#009CB7,0
12973,54.0,-64.0,-4.0,#009A86,0
12974,54.0,-64.0,0.0,#009A7F,0
12975,54.0,-64.0,60.0,#009800,0
12976,54.0,-62.0,-26.0,#009BAC,0
12977,54.0,-62.0,32.0,#009846,0
12978,54.0,-62.0,66.0,#009700,0
12979,54.0,-60.0,12.0,#00986B,0
12980,54.0,-60.0,18.0,#009860,0
12981,54.0,-60.0,24.0,#009855,0
12982,54.0,-58.0,-42.0,#009BC9,0
12983,54.0,-58.0,-36.0,#009BBE,0
12984,54.0,-58.0,-30.0,#009AB4,0
12985,54.0,-58.0,-2.0,#009883,0
12986,54.0,-58.0,2.0,#00987C,0
12987,54.0,-58.0,36.0,#00973E,0
12988,54.0,-58.0,42.0,#009732,0
12989,54.0,-56.0,28.0,#00974E,0
12990,54.0,-56.0,62.0,#209600,0
12991,54.0,-54.0,14.0,#009667,0
12992,54.0,-54.0,20.0,#00965D,0
12993,54.0,-54.0,46.0,#179528,1
12994,54.0,-52.0,-44.0,#009ACC,0
12995,54.0,-52.0,-38.0,#0099C2,0
12996,54.0,-52.0,-32.0,#0099B7,0
12997,54.0,-52.0,4.0,#009679,0
12998,54.0,-52.0,32.0,#009547,0
12999,54.0,-52.0,38.0,#15953B,1
13000,54.0,-52.0,66.0,#349500,0
13001,54.0,-50.0,24.0,#009556,0
13002,54.0,-48.0,10.0,#00956E,0
13003,54.0,-48.0,16.0,#009564,0
13004,54.0,-48.0,42.0,#329432,1
13005,54.0,-46.0,-48.0,#0098D3,0
13006,54.0,-46.0,-42.0,#0098C9,0
13007,54.0,-46.0,-36.0,#0097BE,0
13008,54.0,-46.0,-30.0,#0097B4,0
13009,54.0,-46.0,28.0,#27934E,1
13010,54.0,-46.0,34.0,#309343,1
13011,54.0,-46.0,62.0,#469300,0
13012,54.0,-44.0,-24.0,#0096A9,0
13013,54.0,-44.0,20.0,#20935D,1
13014,54.0,-44.0,68.0,#4D9200,0
13015,54.0,-42.0,10.0,#06936F,1
13016,54.0,-42.0,14.0,#1C9368,1
13017,54.0,-42.0,74.0,#539100,0
13018,54.0,-40.0,-50.0,#0097D7,0
13019,54.0,-40.0,-42.0,#0096C9,0
13020,54.0,-40.0,-36.0,#0095BE,0
13021,54.0,-40.0,-4.0,#009387,0
13022,54.0,-40.0,0.0,#009380,0
13023,54.0,-40.0,22.0,#379259,1
13024,54.0,-40.0,28.0,#3F914F,1
13025,54.0,-40.0,48.0,#4F9124,1
13026,54.0,-38.0,16.0,#369164,1
13027,54.0,-38.0,32.0,#499047,1
13028,54.0,-36.0,10.0,#33916F,1
13029,54.0,-36.0,36.0,#519040,1
13030,54.0,-36.0,50.0,#598F1F,1
13031,54.0,-34.0,-54.0,#0095DE,0
13032,54.0,-34.0,-40.0,#0094C5,0
13033,54.0,-34.0,-34.0,#0093BB,0
13034,54.0,-34.0,18.0,#469061,1
13035,54.0,-34.0,22.0,#4B8F5A,1
13036,54.0,-34.0,40.0,#598F38,1
13037,54.0,-32.0,26.0,#548E53,1
13038,54.0,-32.0,44.0,#5F8E2F,1
13039,54.0,-30.0,30.0,#5C8E4B,1
13040,54.0,-28.0,-48.0,#0092D3,0
13041,54.0,-28.0,14.0,#528D68,1
13042,54.0,-28.0,18.0,#568D61,1
13043,54.0,-28.0,22.0,#5A8D5A,1
13044,54.0,-28.0,34.0,#628D44,1
13045,54.0,-26.0,10.0,#538D6F,1
13046,54.0,-26.0,26.0,#628C53,1
13047,54.0,-24.0,-42.0,#0090C9,0
13048,54.0,-24.0,-30.0,#008FB4,0
13049,54.0,-24.0,-24.0,#008EAA,0
13050,54.0,-24.0,-10.0,#378D92,1
13051,54.0,-24.0,-2.0,#488D84,1
13052,54.0,-24.0,30.0,#688B4C,1
13053,54.0,-22.0,-36.0,#008FBF,0
13054,54.0,-22.0,10.0,#5D8B6F,1
13055,54.0,-22.0,14.0,#618B68,1
13056,54.0,-22.0,22.0,#678B5A,1
13057,54.0,-22.0,90.0,#7C8900,0
13058,54.0,-20.0,-30.0,#008DB4,0
13059,54.0,-20.0,-2.0,#548B84,1
13060,54.0,-20.0,26.0,#6E8A53,1
13061,54.0,-20.0,32.0,#718948,1
13062,54.0,-20.0,38.0,#74893D,1
13063,54.0,-18.0,-54.0,#008FDE,0
13064,54.0,-18.0,-18.0,#3B8B9F,1
13065,54.0,-18.0,-14.0,#458B99,1
13066,54.0,-18.0,14.0,#698968,1
13067,54.0,-18.0,42.0,#798834,1
13068,54.0,-16.0,-48.0,#008DD4,0
13069,54.0,-16.0,-28.0,#1F8BB1,1
13070,54.0,-16.0,-6.0,#59898B,1
13071,54.0,-16.0,32.0,#798848,1
13072,54.0,-16.0,86.0,#858700,0
13073,54.0,-14.0,-56.0,#008DE2,0
13074,54.0,-14.0,-42.0,#008CC9,0
13075,54.0,-14.0,-14.0,#528999,1
13076,54.0,-14.0,12.0,#70876C,1
13077,54.0,-14.0,16.0,#738765,1
13078,54.0,-14.0,36.0,#7E8641,1
13079,54.0,-12.0,-48.0,#008BD4,0
13080,54.0,-12.0,-36.0,#018ABF,1
13081,54.0,-12.0,18.0,#788662,1
13082,54.0,-12.0,22.0,#7A865B,1
13083,54.0,-12.0,40.0,#838539,1
13084,54.0,-12.0,46.0,#85852C,1
13085,54.0,-12.0,88.0,#8B8500,0
13086,54.0,-10.0,-58.0,#008CE5,0
13087,54.0,-10.0,-42.0,#008AC9,0
13088,54.0,-10.0,-20.0,#5288A3,1
13089,54.0,-10.0,-12.0,#5F8795,1
13090,54.0,-10.0,30.0,#82854C,1
13091,54.0,-10.0,50.0,#898423,1
13092,54.0,-8.0,-50.0,#008AD7,0
13093,54.0,-8.0,2.0,#74857D,1
13094,54.0,-8.0,6.0,#778577,1
13095,54.0,-8.0,34.0,#878445,1
13096,54.0,-8.0,40.0,#898339,1
13097,54.0,-8.0,74.0,#908300,0
13098,54.0,-8.0,90.0,#928300,0
13099,54.0,-6.0,-64.0,#008BF0,0
13100,54.0,-6.0,-56.0,#008AE2,0
13101,54.0,-6.0,-44.0,#0088CD,0
13102,54.0,-6.0,-18.0,#6186A0,1
13103,54.0,-6.0,-14.0,#668599,1
13104,54.0,-4.0,-52.0,#0088DB,0
13105,54.0,-4.0,-40.0,#3187C6,1
13106,54.0,-4.0,-32.0,#4B86B8,1
13107,54.0,-2.0,-70.0,#008AFB,0
13108,54.0,-2.0,-62.0,#0089ED,0
13109,54.0,-2.0,-46.0,#1C86D0,1
13110,54.0,-2.0,-30.0,#5685B4,1
13111,54.0,-2.0,-20.0,#6784A3,1
13112,54.0,-2.0,-16.0,#6D839C,1
13113,54.0,-2.0,-12.0,#728395,1
13114,54.0,-2.0,-8.0,#76838F,1
13115,54.0,-2.0,-4.0,#7A8288,1
13116,54.0,-2.0,0.0,#7D8281,1
13117,54.0,-2.0,4.0,#81827A,1
13118,54.0,-2.0,8.0,#838273,1
13119,54.0,-2.0,12.0,#86816C,1
13120,54.0,-2.0,16.0,#888166,1
13121,54.0,-2.0,20.0,#8B815F,1
13122,54.0,0.0,-58.0,#0087E6,0
13123,54.0,0.0,-42.0,#3D85C9,1
13124,54.0,0.0,-36.0,#4F84BF,1
13125,54.0,0.0,0.0,#818181,1
13126,54.0,0.0,16.0,#8C8066,1
13127,54.0,0.0,20.0,#8E805F,1
13128,54.0,0.0,24.0,#908058,1
13129,54.0,2.0,0.0,#858081,1
13130,54.0,2.0,16.0,#8F7F66,1
13131,54.0,2.0,20.0,#917F5F,1
13132,54.0,2.0,26.0,#947F54,1
13133,54.0,2.0,62.0,#9D7E00,0
13134,54.0,2.0,70.0,#9E7D00,0
13135,54.0,2.0,78.0,#9F7D00,0
13136,54.0,4.0,-66.0,#0086F4,0
13137,54.0,4.0,-50.0,#2F84D7,1
13138,54.0,4.0,-44.0,#4783CD,1
13139,54.0,4.0,16.0,#927E66,1
13140,54.0,4.0,20.0,#947E5F,1
13141,54.0,4.0,30.0,#987D4D,1
13142,54.0,4.0,36.0,#9A7D42,1
13143,54.0,4.0,84.0,#A27C00,0
13144,54.0,4.0,92.0,#A37C00,0
13145,54.0,6.0,-62.0,#0084ED,0
13146,54.0,6.0,-42.0,#5482C9,1
13147,54.0,6.0,-30.0,#6B80B5,1
13148,54.0,6.0,16.0,#957D66,1
13149,54.0,6.0,20.0,#977C5F,1
13150,54.0,6.0,28.0,#9B7C51,1
13151,54.0,6.0,42.0,#9F7C37,1
13152,54.0,6.0,72.0,#A47B00,0
13153,54.0,8.0,-52.0,#3C82DB,1
13154,54.0,8.0,32.0,#9F7B4A,1
13155,54.0,8.0,48.0,#A37A2A,1
13156,54.0,8.0,78.0,#A87A00,0
13157,54.0,10.0,-50.0,#4B80D8,1
13158,54.0,10.0,20.0,#9D7A5F,1
13159,54.0,10.0,28.0,#A17A51,1
13160,54.0,12.0,-58.0,#3580E6,1
13161,54.0,12.0,-30.0,#797DB5,1
13162,54.0,12.0,-26.0,#7E7CAE,1
13163,54.0,12.0,18.0,#A07963,1
13164,54.0,12.0,24.0,#A27958,1
13165,54.0,12.0,34.0,#A67846,1
13166,54.0,12.0,84.0,#AD7700,0
13167,54.0,12.0,92.0,#AE7700,0
13168,54.0,14.0,-56.0,#477FE2,1
13169,54.0,14.0,-24.0,#847BAA,1
13170,54.0,14.0,22.0,#A4775C,1
13171,54.0,14.0,30.0,#A7774E,1
13172,54.0,16.0,-32.0,#7F7AB8,1
13173,54.0,16.0,-22.0,#8A79A7,1
13174,54.0,16.0,-18.0,#8E79A0,1
13175,54.0,16.0,28.0,#A97651,1
13176,54.0,16.0,36.0,#AC7543,1
13177,54.0,16.0,80.0,#B27400,0
13178,54.0,16.0,88.0,#B37400,0
13179,54.0,18.0,-64.0,#387EF1,1
13180,54.0,18.0,-46.0,#6D7BD1,1
13181,54.0,18.0,-30.0,#8579B5,1
13182,54.0,18.0,-26.0,#8A78AE,1
13183,54.0,18.0,-16.0,#94779D,1
13184,54.0,18.0,-12.0,#977796,1
13185,54.0,18.0,24.0,#AB7559,1
13186,54.0,18.0,34.0,#AE7447,1
13187,54.0,20.0,-38.0,#7F78C3,1
13188,54.0,20.0,-24.0,#9077AB,1
13189,54.0,20.0,-20.0,#9376A4,1
13190,54.0,20.0,30.0,#B0734E,1
13191,54.0,22.0,-70.0,#2E7CFB,1
13192,54.0,22.0,-36.0,#8677BF,1
13193,54.0,22.0,-30.0,#8D76B5,1
13194,54.0,22.0,-18.0,#9975A0,1
13195,54.0,22.0,-14.0,#9C749A,1
13196,54.0,22.0,-10.0,#9F7493,1
13197,54.0,22.0,-6.0,#A2748C,1
13198,54.0,22.0,16.0,#AD7267,1
13199,54.0,22.0,28.0,#B27252,1
13200,54.0,22.0,36.0,#B47143,1
13201,54.0,24.0,-50.0,#7577D8,1
13202,54.0,24.0,-44.0,#7F76CD,1
13203,54.0,24.0,-28.0,#9374B2,1
13204,54.0,24.0,-24.0,#9774AB,1
13205,54.0,24.0,-2.0,#A77285,1
13206,54.0,24.0,34.0,#B67047,1
13207,54.0,26.0,-78.0,#007BFF,0
13208,54.0,26.0,-42.0,#8675CA,1
13209,54.0,26.0,-36.0,#8E74BF,1
13210,54.0,26.0,-18.0,#9F72A0,1
13211,54.0,26.0,-14.0,#A2719A,1
13212,54.0,26.0,-10.0,#A57193,1
13213,54.0,26.0,-6.0,#A8718C,1
13214,54.0,26.0,2.0,#AD707F,1
13215,54.0,26.0,6.0,#AF7078,1
13216,54.0,26.0,18.0,#B46F63,1
13217,54.0,26.0,30.0,#B86E4F,1
13218,54.0,28.0,-58.0,#6F76E6,1
13219,54.0,28.0,-50.0,#7E74D8,1
13220,54.0,28.0,-34.0,#9472BC,1
13221,54.0,28.0,-28.0,#9A71B2,1
13222,54.0,28.0,-24.0,#9E71AB,1
13223,54.0,28.0,10.0,#B36E71,1
13224,54.0,28.0,14.0,#B56E6A,1
13225,54.0,28.0,28.0,#BA6D52,1
13226,54.0,28.0,66.0,#C16C00,0
13227,54.0,30.0,-56.0,#7874E3,1
13228,54.0,30.0,-48.0,#8573D4,1
13229,54.0,30.0,-42.0,#8E72CA,1
13230,54.0,30.0,-8.0,#AD6E90,1
13231,54.0,30.0,-4.0,#AF6D89,1
13232,54.0,30.0,0.0,#B16D82,1
13233,54.0,30.0,4.0,#B46D7B,1
13234,54.0,30.0,18.0,#BA6C64,1
13235,54.0,30.0,22.0,#BB6C5D,1
13236,54.0,32.0,-64.0,#6C74F1,1
13237,54.0,32.0,-34.0,#9B6FBC,1
13238,54.0,32.0,-22.0,#A66EA7,1
13239,54.0,32.0,-18.0,#A96DA1,1
13240,54.0,32.0,-14.0,#AC6D9A,1
13241,54.0,32.0,8.0,#B86B75,1
13242,54.0,32.0,28.0,#BF6A53,1
13243,54.0,34.0,-70.0,#6373FB,1
13244,54.0,34.0,-56.0,#8171E3,1
13245,54.0,34.0,-42.0,#956FCA,1
13246,54.0,34.0,-30.0,#A26DB5,1
13247,54.0,34.0,-2.0,#B66A86,1
13248,54.0,34.0,2.0,#B86A7F,1
13249,54.0,34.0,12.0,#BD696E,1
13250,54.0,34.0,16.0,#BE6967,1
13251,54.0,34.0,34.0,#C46848,1
13252,54.0,36.0,-64.0,#7771F1,1
13253,54.0,36.0,-26.0,#A96BAE,1
13254,54.0,36.0,-12.0,#B36997,1
13255,54.0,36.0,6.0,#BD6778,1
13256,54.0,36.0,20.0,#C26661,1
13257,54.0,36.0,28.0,#C56653,1
13258,54.0,38.0,-70.0,#6F70FC,1
13259,54.0,38.0,-56.0,#8A6EE3,1
13260,54.0,38.0,-40.0,#9F6BC7,1
13261,54.0,38.0,-22.0,#AF68A8,1
13262,54.0,38.0,-18.0,#B268A1,1
13263,54.0,38.0,10.0,#C16572,1
13264,54.0,38.0,34.0,#C96448,1
13265,54.0,38.0,40.0,#CA643D,1
13266,54.0,38.0,86.0,#CF6300,0
13267,54.0,40.0,-64.0,#816DF1,1
13268,54.0,40.0,-4.0,#BE6589,1
13269,54.0,40.0,4.0,#C2647C,1
13270,54.0,40.0,14.0,#C6636B,1
13271,54.0,40.0,18.0,#C76364,1
13272,54.0,40.0,72.0,#D16100,0
13273,54.0,40.0,92.0,#D26000,0
13274,54.0,42.0,-70.0,#796DFC,1
13275,54.0,42.0,-16.0,#BA649E,1
13276,54.0,42.0,-10.0,#BD6393,1
13277,54.0,42.0,8.0,#C66275,1
13278,54.0,42.0,22.0,#CB615D,1
13279,54.0,42.0,26.0,#CC6057,1
13280,54.0,42.0,30.0,#CD6050,1
13281,54.0,44.0,-64.0,#8A6AF1,1
13282,54.0,44.0,-22.0,#B963A8,1
13283,54.0,44.0,12.0,#CA5F6E,1
13284,54.0,44.0,36.0,#D15E45,1
13285,54.0,44.0,70.0,#D65D00,0
13286,54.0,44.0,78.0,#D65C00,0
13287,54.0,44.0,86.0,#D75C00,0
13288,54.0,46.0,-70.0,#8369FC,1
13289,54.0,46.0,-38.0,#AF63C3,1
13290,54.0,46.0,-6.0,#C55F8D,1
13291,54.0,46.0,-2.0,#C75E86,1
13292,54.0,46.0,2.0,#C95E7F,1
13293,54.0,46.0,16.0,#CE5D68,1
13294,54.0,46.0,20.0,#D05C61,1
13295,54.0,46.0,92.0,#DA5A00,0
13296,54.0,48.0,-18.0,#C15EA1,1
13297,54.0,48.0,-12.0,#C55D97,1
13298,54.0,48.0,26.0,#D45A57,1
13299,54.0,48.0,30.0,#D55A50,1
13300,54.0,48.0,34.0,#D65949,1
13301,54.0,48.0,76.0,#DB5800,0
13302,54.0,48.0,84.0,#DC5800,0
13303,54.0,50.0,-76.0,#8167FF,0
13304,54.0,50.0,-68.0,#9065F8,1
13305,54.0,50.0,-58.0,#9F63E6,1
13306,54.0,50.0,-44.0,#AF60CE,1
13307,54.0,50.0,-24.0,#C05DAB,1
13308,54.0,50.0,10.0,#D25972,1
13309,54.0,50.0,14.0,#D3586B,1
13310,54.0,50.0,40.0,#DA573F,1
13311,54.0,50.0,72.0,#DD5600,0
13312,54.0,50.0,90.0,#DE5500,0
13313,54.0,52.0,-40.0,#B75DC7,1
13314,54.0,52.0,-8.0,#CD5890,1
13315,54.0,52.0,18.0,#D75665,1
13316,54.0,52.0,22.0,#D8555E,1
13317,54.0,52.0,82.0,#E05300,0
13318,54.0,54.0,-74.0,#8E62FF,0
13319,54.0,54.0,-50.0,#B05DD8,1
13320,54.0,54.0,-36.0,#BD5AC0,1
13321,54.0,54.0,-20.0,#C957A5,1
13322,54.0,54.0,4.0,#D5547C,1
13323,54.0,54.0,28.0,#DC5254,1
13324,54.0,54.0,32.0,#DD524D,1
13325,54.0,54.0,52.0,#E15128,1
13326,54.0,54.0,78.0,#E35000,0
13327,54.0,54.0,88.0,#E35000,0
13328,54.0,56.0,-46.0,#B759D1,1
13329,54.0,56.0,-32.0,#C357B9,1
13330,54.0,56.0,-26.0,#C856AF,1
13331,54.0,56.0,-4.0,#D4538A,1
13332,54.0,56.0,12.0,#DA516F,1
13333,54.0,56.0,42.0,#E24F3C,1
13334,54.0,58.0,-42.0,#BE56CB,1
13335,54.0,58.0,-10.0,#D45194,1
13336,54.0,58.0,8.0,#DC4F76,1
13337,54.0,58.0,20.0,#DF4D62,1
13338,54.0,58.0,24.0,#E04D5B,1
13339,54.0,58.0,84.0,#E84B00,0
13340,54.0,60.0,-76.0,#985CFF,0
13341,54.0,60.0,-22.0,#D050A8,1
13342,54.0,60.0,-16.0,#D44F9E,1
13343,54.0,60.0,0.0,#DB4D83,1
13344,54.0,60.0,30.0,#E44A51,1
13345,54.0,60.0,36.0,#E54947,1
13346,54.0,60.0,90.0,#EB4700,0
13347,54.0,62.0,-38.0,#C850C4,1
13348,54.0,62.0,-6.0,#DB4A8D,1
13349,54.0,62.0,14.0,#E3486C,1
13350,54.0,62.0,42.0,#E9453C,1
13351,54.0,64.0,-44.0,#C64ECE,1
13352,54.0,64.0,4.0,#E2467D,1
13353,54.0,64.0,22.0,#E7445F,1
13354,54.0,64.0,48.0,#EC4231,1
13355,54.0,66.0,-26.0,#D647AF,1
13356,54.0,66.0,28.0,#EB3F55,1
13357,54.0,66.0,34.0,#ED3F4B,1
13358,54.0,66.0,40.0,#EE3E40,1
13359,54.0,66.0,54.0,#F03E25,1
13360,54.0,68.0,-40.0,#CF47C7,1
13361,54.0,68.0,-8.0,#E24091,1
13362,54.0,68.0,16.0,#EB3D69,1
13363,54.0,68.0,46.0,#F13A36,1
13364,54.0,68.0,82.0,#F43800,0
13365,54.0,70.0,-50.0,#CA46D9,1
13366,54.0,70.0,24.0,#EF375C,1
13367,54.0,70.0,76.0,#F63400,0
13368,54.0,72.0,6.0,#ED357A,1
13369,54.0,72.0,12.0,#EF3470,1
13370,54.0,72.0,30.0,#F33252,1
13371,54.0,72.0,36.0,#F43148,1
13372,54.0,72.0,42.0,#F5313D,1
13373,54.0,72.0,72.0,#F82F00,0
13374,54.0,74.0,-72.0,#B946FF,0
13375,54.0,74.0,-38.0,#DA3BC4,1
13376,54.0,74.0,-4.0,#EC328B,1
13377,54.0,74.0,20.0,#F32E63,1
13378,54.0,74.0,48.0,#F92A33,1
13379,54.0,74.0,66.0,#FA2904,1
13380,54.0,76.0,-10.0,#EC2E95,1
13381,54.0,76.0,26.0,#F72759,1
13382,54.0,76.0,54.0,#FC2327,1
13383,54.0,78.0,-68.0,#C53DF9,1
13384,54.0,78.0,2.0,#F32581,1
13385,54.0,78.0,32.0,#FB1E4F,1
13386,54.0,78.0,38.0,#FC1C45,1
13387,54.0,78.0,44.0,#FD1B3B,1
13388,54.0,80.0,-42.0,#DF2DCB,1
13389,54.0,80.0,8.0,#F81A77,1
13390,54.0,82.0,-4.0,#F6148B,1
13391,54.0,82.0,20.0,#FD0563,1
13392,54.0,82.0,28.0,#FF0156,0
13393,54.0,82.0,56.0,#FF0024,0
13394,54.0,84.0,-16.0,#F40C9F,1
13395,54.0,84.0,34.0,#FF004C,0
13396,54.0,84.0,46.0,#FF0038,0
13397,54.0,86.0,-36.0,#EC0EC1,1
13398,54.0,86.0,2.0,#FD0081,0
13399,54.0,86.0,14.0,#FF006E,0
13400,54.0,86.0,72.0,#FF0000,0
13401,54.0,88.0,-66.0,#D71EF5,1
13402,54.0,88.0,8.0,#FF0077,0
13403,54.0,88.0,24.0,#FF005D,0
13404,54.0,88.0,30.0,#FF0053,0
13405,54.0,88.0,58.0,#FF0022,0
13406,54.0,90.0,-60.0,#E009EB,1
13407,54.0,90.0,-18.0,#FB00A3,0
13408,54.0,90.0,44.0,#FF003C,0
13409,54.0,92.0,-12.0,#FF0099,0
13410,54.0,92.0,18.0,#FF0067,0
13411,54.0,92.0,50.0,#FF0032,0
13412,54.0,94.0,-36.0,#F700C1,0
13413,54.0,94.0,2.0,#FF0082,0
13414,54.0,94.0,32.0,#FF0051,0
13415,54.0,96.0,-70.0,#E000FD,0
13416,54.0,96.0,8.0,#FF0078,0
13417,54.0,98.0,-64.0,#E800F2,0
13418,54.0,98.0,-18.0,#FF00A3,0
13419,54.0,98.0,14.0,#FF006E,0
13420,54.0,98.0,20.0,#FF0065,0
13421,54.0,100.0,-38.0,#FE00C5,0
13422,54.0,100.0,-12.0,#FF0099,0
13423,54.0,102.0,-32.0,#FF00BB,0
13424,54.0,102.0,4.0,#FF007F,0
13425,54.0,104.0,-74.0,#E800FF,0
13426,54.0,106.0,-68.0,#F100F9,0
13427,54.0,106.0,-18.0,#FF00A3,0
13428,54.0,110.0,-56.0,#FF00E4,0
13429,54.0,114.0,-44.0,#FF00D0,0
13430,54.0,118.0,-60.0,#FF00EC,0
13431,55.0,-128.0,0.0,#00A981,0
13432,55.0,-112.0,46.0,#00A627,0
13433,55.0,-112.0,54.0,#00A508,0
13434,55.0,-110.0,62.0,#00A500,0
13435,55.0,-110.0,80.0,#00A500,0
13436,55.0,-106.0,72.0,#00A400,0
13437,55.0,-104.0,2.0,#00A67E,0
13438,55.0,-104.0,8.0,#00A573,0
13439,55.0,-104.0,14.0,#00A569,0
13440,55.0,-104.0,20.0,#00A55E,0
13441,55.0,-104.0,26.0,#00A553,0
13442,55.0,-104.0,34.0,#00A443,0
13443,55.0,-104.0,64.0,#00A400,0
13444,55.0,-104.0,78.0,#00A400,0
13445,55.0,-102.0,58.0,#00A400,0
13446,55.0,-98.0,84.0,#00A300,0
13447,55.0,-96.0,-14.0,#00A59A,0
13448,55.0,-96.0,-8.0,#00A58F,0
13449,55.0,-96.0,72.0,#00A200,0
13450,55.0,-92.0,-30.0,#00A5B6,0
13451,55.0,-90.0,-2.0,#00A385,0
13452,55.0,-90.0,66.0,#00A100,0
13453,55.0,-88.0,4.0,#00A27B,0
13454,55.0,-88.0,10.0,#00A270,0
13455,55.0,-88.0,16.0,#00A265,0
13456,55.0,-88.0,22.0,#00A25A,0
13457,55.0,-88.0,28.0,#00A14F,0
13458,55.0,-88.0,34.0,#00A144,0
13459,55.0,-88.0,42.0,#00A132,0
13460,55.0,-88.0,72.0,#00A100,0
13461,55.0,-88.0,84.0,#00A100,0
13462,55.0,-86.0,-34.0,#00A4BD,0
13463,55.0,-86.0,-24.0,#00A4AB,0
13464,55.0,-82.0,74.0,#009F00,0
13465,55.0,-80.0,-38.0,#00A3C4,0
13466,55.0,-80.0,86.0,#009F00,0
13467,55.0,-78.0,80.0,#009E00,0
13468,55.0,-76.0,0.0,#00A082,0
13469,55.0,-74.0,-42.0,#00A2CB,0
13470,55.0,-74.0,-16.0,#00A09E,0
13471,55.0,-74.0,-10.0,#00A093,0
13472,55.0,-74.0,88.0,#009D00,0
13473,55.0,-72.0,-22.0,#00A0A8,0
13474,55.0,-72.0,4.0,#009F7B,0
13475,55.0,-72.0,10.0,#009E70,0
13476,55.0,-72.0,16.0,#009E66,0
13477,55.0,-68.0,-44.0,#00A1CF,0
13478,55.0,-68.0,84.0,#009C00,0
13479,55.0,-66.0,-20.0,#009FA5,0
13480,55.0,-66.0,6.0,#009D77,0
13481,55.0,-66.0,46.0,#009C2A,0
13482,55.0,-64.0,52.0,#009B19,0
13483,55.0,-62.0,-48.0,#00A0D6,0
13484,55.0,-62.0,-12.0,#009D97,0
13485,55.0,-62.0,88.0,#0B9A00,0
13486,55.0,-60.0,-18.0,#009DA1,0
13487,55.0,-60.0,-8.0,#009C90,0
13488,55.0,-60.0,8.0,#009B74,0
13489,55.0,-60.0,80.0,#189900,0
13490,55.0,-56.0,-50.0,#009ED9,0
13491,55.0,-56.0,52.0,#18991A,1
13492,55.0,-56.0,84.0,#2F9800,0
13493,55.0,-54.0,-20.0,#009BA5,0
13494,55.0,-54.0,-16.0,#009B9E,0
13495,55.0,-54.0,-12.0,#009B97,0
13496,55.0,-54.0,-6.0,#009A8D,0
13497,55.0,-54.0,10.0,#009971,0
13498,55.0,-54.0,74.0,#349800,0
13499,55.0,-54.0,92.0,#399800,0
13500,55.0,-52.0,0.0,#009982,0
13501,55.0,-50.0,-24.0,#009AAC,0
13502,55.0,-48.0,-18.0,#0099A1,0
13503,55.0,-48.0,-14.0,#00999B,0
13504,55.0,-48.0,-10.0,#009994,0
13505,55.0,-48.0,-4.0,#009889,0
13506,55.0,-48.0,84.0,#499600,0
13507,55.0,-48.0,92.0,#4B9600,0
13508,55.0,-46.0,2.0,#00977F,0
13509,55.0,-44.0,46.0,#46952C,1
13510,55.0,-42.0,-16.0,#00979E,0
13511,55.0,-42.0,-12.0,#009797,0
13512,55.0,-42.0,-8.0,#009690,0
13513,55.0,-42.0,80.0,#579400,0
13514,55.0,-42.0,88.0,#589400,0
13515,55.0,-38.0,-30.0,#0097B7,0
13516,55.0,-38.0,-24.0,#0096AC,0
13517,55.0,-38.0,-20.0,#0096A5,0
13518,55.0,-38.0,6.0,#219478,1
13519,55.0,-38.0,92.0,#629200,0
13520,55.0,-36.0,-12.0,#009597,0
13521,55.0,-36.0,-8.0,#009490,0
13522,55.0,-36.0,60.0,#609200,0
13523,55.0,-36.0,78.0,#649200,0
13524,55.0,-34.0,0.0,#269383,1
13525,55.0,-34.0,66.0,#659100,0
13526,55.0,-34.0,86.0,#699100,0
13527,55.0,-32.0,-44.0,#0096CF,0
13528,55.0,-32.0,-26.0,#0094B0,0
13529,55.0,-32.0,-20.0,#0094A5,0
13530,55.0,-32.0,-4.0,#24938A,1
13531,55.0,-32.0,4.0,#3A927C,1
13532,55.0,-32.0,12.0,#47926E,1
13533,55.0,-32.0,54.0,#669016,1
13534,55.0,-32.0,72.0,#6B9000,0
13535,55.0,-32.0,80.0,#6C9000,0
13536,55.0,-30.0,-16.0,#00939E,0
13537,55.0,-30.0,-12.0,#039297,1
13538,55.0,-30.0,-8.0,#219291,1
13539,55.0,-30.0,8.0,#489175,1
13540,55.0,-30.0,60.0,#6C8F00,0
13541,55.0,-30.0,90.0,#718F00,0
13542,55.0,-28.0,-22.0,#0092A9,0
13543,55.0,-28.0,-2.0,#3D9186,1
13544,55.0,-28.0,2.0,#44917F,1
13545,55.0,-28.0,66.0,#718F00,0
13546,55.0,-28.0,74.0,#728E00,0
13547,55.0,-28.0,84.0,#748E00,0
13548,55.0,-26.0,-60.0,#0095EC,0
13549,55.0,-26.0,-38.0,#0093C5,0
13550,55.0,-26.0,6.0,#519079,1
13551,55.0,-26.0,40.0,#6C8E3B,1
13552,55.0,-26.0,48.0,#708E29,1
13553,55.0,-26.0,54.0,#728E17,1
13554,55.0,-24.0,-18.0,#1D90A2,1
13555,55.0,-24.0,18.0,#628E64,1
13556,55.0,-24.0,60.0,#778D00,0
13557,55.0,-24.0,68.0,#788D00,0
13558,55.0,-24.0,76.0,#7A8D00,0
13559,55.0,-22.0,4.0,#598E7C,1
13560,55.0,-22.0,48.0,#778C29,1
13561,55.0,-22.0,54.0,#798C18,1
13562,55.0,-20.0,-62.0,#0093EF,0
13563,55.0,-20.0,-48.0,#0092D6,0
13564,55.0,-20.0,-10.0,#498E94,1
13565,55.0,-20.0,60.0,#7E8B00,0
13566,55.0,-20.0,80.0,#818B00,0
13567,55.0,-18.0,-42.0,#0090CC,0
13568,55.0,-18.0,6.0,#658C79,1
13569,55.0,-18.0,10.0,#698C72,1
13570,55.0,-18.0,48.0,#7E8B29,1
13571,55.0,-18.0,54.0,#808A18,1
13572,55.0,-18.0,74.0,#838A00,0
13573,55.0,-18.0,94.0,#858A00,0
13574,55.0,-16.0,-2.0,#608C87,1
13575,55.0,-16.0,20.0,#748B60,1
13576,55.0,-16.0,28.0,#798A52,1
13577,55.0,-16.0,60.0,#848900,0
13578,55.0,-14.0,-64.0,#0091F3,0
13579,55.0,-14.0,-22.0,#438CA9,1
13580,55.0,-14.0,0.0,#678B83,1
13581,55.0,-14.0,4.0,#6C8A7C,1
13582,55.0,-14.0,8.0,#6F8A75,1
13583,55.0,-14.0,76.0,#8A8800,0
13584,55.0,-12.0,-2.0,#6A8A87,1
13585,55.0,-12.0,2.0,#6E8A80,1
13586,55.0,-12.0,26.0,#7F8856,1
13587,55.0,-12.0,62.0,#8B8700,0
13588,55.0,-12.0,70.0,#8C8700,0
13589,55.0,-10.0,-30.0,#3D8BB7,1
13590,55.0,-10.0,-6.0,#6A898E,1
13591,55.0,-10.0,0.0,#708983,1
13592,55.0,-10.0,4.0,#74897C,1
13593,55.0,-8.0,-16.0,#61899F,1
13594,55.0,-8.0,-12.0,#678998,1
13595,55.0,-8.0,-8.0,#6C8891,1
13596,55.0,-8.0,-4.0,#70888A,1
13597,55.0,-8.0,10.0,#7D8772,1
13598,55.0,-8.0,14.0,#7F876B,1
13599,55.0,-8.0,18.0,#828764,1
13600,55.0,-8.0,22.0,#84875D,1
13601,55.0,-8.0,26.0,#868656,1
13602,55.0,-6.0,-26.0,#5589B0,1
13603,55.0,-6.0,28.0,#8A8553,1
13604,55.0,-6.0,46.0,#91852F,1
13605,55.0,-4.0,-24.0,#5F88AD,1
13606,55.0,-4.0,-18.0,#6887A2,1
13607,55.0,-4.0,-14.0,#6D879C,1
13608,55.0,-4.0,-10.0,#728695,1
13609,55.0,-4.0,-6.0,#76868E,1
13610,55.0,-4.0,-2.0,#7A8687,1
13611,55.0,-4.0,2.0,#7E8680,1
13612,55.0,-4.0,6.0,#818579,1
13613,55.0,-4.0,10.0,#848572,1
13614,55.0,-4.0,14.0,#86856B,1
13615,55.0,-4.0,18.0,#898564,1
13616,55.0,-4.0,22.0,#8B855D,1
13617,55.0,-4.0,50.0,#958426,1
13618,55.0,-2.0,24.0,#8F835A,1
13619,55.0,-2.0,30.0,#92834F,1
13620,55.0,-2.0,36.0,#948344,1
13621,55.0,-2.0,42.0,#968338,1
13622,55.0,-2.0,74.0,#9C8200,0
13623,55.0,-2.0,90.0,#9D8200,0
13624,55.0,0.0,-20.0,#6F85A6,1
13625,55.0,0.0,-16.0,#74859F,1
13626,55.0,0.0,-12.0,#788598,1
13627,55.0,0.0,-8.0,#7C8491,1
13628,55.0,0.0,-4.0,#80848A,1
13629,55.0,0.0,4.0,#87837D,1
13630,55.0,0.0,8.0,#898376,1
13631,55.0,0.0,12.0,#8C836F,1
13632,55.0,0.0,48.0,#9B812B,1
13633,55.0,0.0,56.0,#9C8115,1
13634,55.0,2.0,-52.0,#1588DE,1
13635,55.0,2.0,-20.0,#7384A6,1
13636,55.0,2.0,-16.0,#78849F,1
13637,55.0,2.0,-12.0,#7C8398,1
13638,55.0,2.0,-8.0,#808391,1
13639,55.0,2.0,-4.0,#84838B,1
13640,55.0,2.0,4.0,#8A827D,1
13641,55.0,2.0,8.0,#8D8276,1
13642,55.0,2.0,12.0,#8F826F,1
13643,55.0,2.0,42.0,#9C8139,1
13644,55.0,4.0,-20.0,#7783A6,1
13645,55.0,4.0,-16.0,#7C839F,1
13646,55.0,4.0,-12.0,#808298,1
13647,55.0,4.0,-8.0,#848291,1
13648,55.0,4.0,-4.0,#88828B,1
13649,55.0,4.0,0.0,#8B8184,1
13650,55.0,4.0,4.0,#8E817D,1
13651,55.0,4.0,8.0,#908176,1
13652,55.0,4.0,12.0,#93816F,1
13653,55.0,4.0,48.0,#A07F2C,1
13654,55.0,4.0,56.0,#A27F16,1
13655,55.0,6.0,-20.0,#7C82A6,1
13656,55.0,6.0,-16.0,#80819F,1
13657,55.0,6.0,-12.0,#848198,1
13658,55.0,6.0,-8.0,#888191,1
13659,55.0,6.0,-4.0,#8B808B,1
13660,55.0,6.0,0.0,#8E8084,1
13661,55.0,6.0,4.0,#91807D,1
13662,55.0,6.0,8.0,#948076,1
13663,55.0,6.0,12.0,#967F6F,1
13664,55.0,6.0,24.0,#9C7F5A,1
13665,55.0,8.0,-72.0,#0087FF,0
13666,55.0,8.0,-16.0,#84809F,1
13667,55.0,8.0,-12.0,#888098,1
13668,55.0,8.0,-8.0,#8B8092,1
13669,55.0,8.0,-4.0,#8F7F8B,1
13670,55.0,8.0,0.0,#927F84,1
13671,55.0,8.0,4.0,#947F7D,1
13672,55.0,8.0,8.0,#977E76,1
13673,55.0,8.0,12.0,#997E6F,1
13674,55.0,8.0,16.0,#9B7E68,1
13675,55.0,8.0,58.0,#A87D0F,1
13676,55.0,8.0,66.0,#A97C00,0
13677,55.0,8.0,94.0,#AC7C00,0
13678,55.0,10.0,-68.0,#0086FA,0
13679,55.0,10.0,-60.0,#1F84EC,1
13680,55.0,10.0,-42.0,#6382CC,1
13681,55.0,10.0,-36.0,#6E81C2,1
13682,55.0,10.0,-10.0,#8D7F95,1
13683,55.0,10.0,-6.0,#917E8E,1
13684,55.0,10.0,-2.0,#947E87,1
13685,55.0,10.0,2.0,#967E81,1
13686,55.0,10.0,6.0,#997D7A,1
13687,55.0,10.0,10.0,#9B7D73,1
13688,55.0,12.0,-4.0,#967D8B,1
13689,55.0,12.0,0.0,#987D84,1
13690,55.0,12.0,4.0,#9B7C7D,1
13691,55.0,12.0,8.0,#9D7C76,1
13692,55.0,12.0,14.0,#A07C6C,1
13693,55.0,12.0,68.0,#AF7A00,0
13694,55.0,14.0,-74.0,#0084FF,0
13695,55.0,14.0,-68.0,#0083FB,0
13696,55.0,14.0,-50.0,#5C80DA,1
13697,55.0,14.0,-38.0,#747FC5,1
13698,55.0,14.0,-2.0,#9A7B87,1
13699,55.0,14.0,2.0,#9D7B81,1
13700,55.0,14.0,12.0,#A37A70,1
13701,55.0,14.0,48.0,#AF792D,1
13702,55.0,16.0,-48.0,#677FD7,1
13703,55.0,16.0,-36.0,#7C7DC2,1
13704,55.0,16.0,0.0,#9F7A84,1
13705,55.0,16.0,6.0,#A27A7A,1
13706,55.0,16.0,10.0,#A57973,1
13707,55.0,16.0,16.0,#A77969,1
13708,55.0,16.0,20.0,#A97962,1
13709,55.0,18.0,-74.0,#0082FF,0
13710,55.0,18.0,-56.0,#597FE5,1
13711,55.0,18.0,4.0,#A4787D,1
13712,55.0,18.0,14.0,#AA786C,1
13713,55.0,18.0,44.0,#B37636,1
13714,55.0,18.0,50.0,#B57629,1
13715,55.0,18.0,94.0,#B97500,0
13716,55.0,20.0,-54.0,#657DE2,1
13717,55.0,20.0,-44.0,#787CD0,1
13718,55.0,20.0,-2.0,#A47788,1
13719,55.0,20.0,8.0,#AA7777,1
13720,55.0,20.0,12.0,#AC7670,1
13721,55.0,20.0,18.0,#AE7666,1
13722,55.0,20.0,22.0,#B0765F,1
13723,55.0,20.0,56.0,#B8751A,1
13724,55.0,20.0,64.0,#B97400,0
13725,55.0,20.0,84.0,#BB7400,0
13726,55.0,22.0,-62.0,#557DF0,1
13727,55.0,22.0,2.0,#A97681,1
13728,55.0,22.0,6.0,#AC757A,1
13729,55.0,22.0,40.0,#B8743E,1
13730,55.0,22.0,46.0,#B97332,1
13731,55.0,22.0,52.0,#BA7325,1
13732,55.0,22.0,70.0,#BD7300,0
13733,55.0,22.0,78.0,#BD7300,0
13734,55.0,22.0,90.0,#BE7300,0
13735,55.0,24.0,-60.0,#627BEC,1
13736,55.0,24.0,10.0,#B17473,1
13737,55.0,24.0,14.0,#B2736D,1
13738,55.0,24.0,20.0,#B57362,1
13739,55.0,24.0,24.0,#B6735B,1
13740,55.0,24.0,58.0,#BE7214,1
13741,55.0,24.0,66.0,#BF7100,0
13742,55.0,24.0,84.0,#C07100,0
13743,55.0,26.0,-68.0,#507BFB,1
13744,55.0,26.0,46.0,#BF7033,1
13745,55.0,26.0,52.0,#C07026,1
13746,55.0,26.0,72.0,#C27000,0
13747,55.0,26.0,90.0,#C37000,0
13748,55.0,28.0,-76.0,#357BFF,0
13749,55.0,28.0,-66.0,#5E7AF7,1
13750,55.0,28.0,24.0,#BC705C,1
13751,55.0,28.0,58.0,#C36E15,1
13752,55.0,28.0,78.0,#C56E00,0
13753,55.0,30.0,40.0,#C36D3F,1
13754,55.0,30.0,46.0,#C46D33,1
13755,55.0,30.0,52.0,#C56D26,1
13756,55.0,32.0,-76.0,#4A79FF,0
13757,55.0,32.0,58.0,#C96B16,1
13758,55.0,32.0,64.0,#C96B00,0
13759,55.0,32.0,76.0,#CA6B00,0
13760,55.0,34.0,40.0,#C86A3F,1
13761,55.0,34.0,46.0,#C96A34,1
13762,55.0,34.0,52.0,#CA6927,1
13763,55.0,34.0,70.0,#CC6900,0
13764,55.0,36.0,-48.0,#9470D7,1
13765,55.0,36.0,24.0,#C7695C,1
13766,55.0,36.0,58.0,#CE6717,1
13767,55.0,36.0,64.0,#CE6700,0
13768,55.0,36.0,76.0,#CF6700,0
13769,55.0,38.0,52.0,#CF6627,1
13770,55.0,40.0,-34.0,#AB6BBF,1
13771,55.0,40.0,58.0,#D36418,1
13772,55.0,40.0,64.0,#D46300,0
13773,55.0,42.0,-54.0,#986CE2,1
13774,55.0,42.0,-30.0,#B268B8,1
13775,55.0,42.0,52.0,#D56228,1
13776,55.0,44.0,-50.0,#A16ADB,1
13777,55.0,44.0,-26.0,#B966B1,1
13778,55.0,44.0,58.0,#D85F19,1
13779,55.0,44.0,64.0,#D95F00,1
13780,55.0,46.0,-46.0,#A967D4,1
13781,55.0,46.0,44.0,#D85E39,1
13782,55.0,48.0,50.0,#DC5B2D,1
13783,55.0,48.0,56.0,#DD5B20,1
13784,55.0,50.0,62.0,#E0590D,1
13785,55.0,52.0,68.0,#E35600,0
13786,55.0,54.0,-64.0,#A162F4,1
13787,55.0,56.0,-60.0,#AB5FED,1
13788,55.0,56.0,62.0,#E75110,1
13789,55.0,56.0,74.0,#E85000,0
13790,55.0,56.0,94.0,#E95000,0
13791,55.0,58.0,-56.0,#B35CE6,1
13792,55.0,58.0,68.0,#EA4E00,0
13793,55.0,60.0,-68.0,#A75CFB,1
13794,55.0,60.0,54.0,#EB4B27,1
13795,55.0,60.0,60.0,#EC4B18,1
13796,55.0,62.0,-64.0,#B059F4,1
13797,55.0,62.0,66.0,#EF4700,1
13798,55.0,62.0,74.0,#F04700,0
13799,55.0,64.0,-60.0,#B955ED,1
13800,55.0,64.0,-54.0,#BF54E3,1
13801,55.0,64.0,10.0,#E74875,1
13802,55.0,66.0,-72.0,#AD56FF,0
13803,55.0,66.0,60.0,#F34019,1
13804,55.0,66.0,92.0,#F54000,0
13805,55.0,68.0,-66.0,#B951F8,1
13806,55.0,68.0,-14.0,#E3459E,1
13807,55.0,68.0,66.0,#F63C04,1
13808,55.0,70.0,-58.0,#C54CEA,1
13809,55.0,70.0,-20.0,#E242A8,1
13810,55.0,72.0,-32.0,#DE41BC,1
13811,55.0,72.0,-26.0,#E240B2,1
13812,55.0,72.0,92.0,#FC3200,0
13813,55.0,74.0,-46.0,#D641D5,1
13814,55.0,76.0,-62.0,#CB42F1,1
13815,55.0,76.0,-16.0,#EC34A1,1
13816,55.0,76.0,90.0,#FF2600,0
13817,55.0,78.0,-56.0,#D43CE6,1
13818,55.0,78.0,-24.0,#EB31AF,1
13819,55.0,78.0,76.0,#FF1E00,0
13820,55.0,80.0,-50.0,#DC35DC,1
13821,55.0,80.0,82.0,#FF1300,0
13822,55.0,82.0,-64.0,#D235F5,1
13823,55.0,82.0,88.0,#FF0000,0
13824,55.0,86.0,-72.0,#D02EFF,0
13825,55.0,86.0,-52.0,#E422E0,1
13826,55.0,86.0,-44.0,#EA1DD2,1
13827,55.0,86.0,-24.0,#F60DAF,1
13828,55.0,92.0,-76.0,#D619FF,0
13829,55.0,92.0,-42.0,#F300CE,0
13830,55.0,94.0,-24.0,#FF00B0,0
13831,55.0,94.0,-4.0,#FF008E,0
13832,55.0,96.0,-58.0,#ED00EA,0
13833,55.0,98.0,-52.0,#F500E0,0
13834,55.0,98.0,-44.0,#FA00D2,0
13835,55.0,102.0,-24.0,#FF00B0,0
13836,55.0,102.0,-4.0,#FF008F,0
13837,55.0,104.0,-50.0,#FF00DD,0
13838,55.0,106.0,-44.0,#FF00D2,0
13839,55.0,108.0,-38.0,#FF00C8,0
13840,55.0,108.0,-30.0,#FF00BA,0
13841,56.0,-128.0,6.0,#00AC79,0
13842,56.0,-128.0,12.0,#00AC6E,0
13843,56.0,-128.0,44.0,#00AB2E,0
13844,56.0,-128.0,52.0,#00AB16,0
13845,56.0,-128.0,60.0,#00AB00,0
13846,56.0,-128.0,76.0,#00AA00,0
13847,56.0,-122.0,4.0,#00AB7D,0
13848,56.0,-120.0,10.0,#00AB72,0
13849,56.0,-120.0,16.0,#00AB67,0
13850,56.0,-120.0,24.0,#00AA58,0
13851,56.0,-120.0,32.0,#00AA49,0
13852,56.0,-120.0,40.0,#00AA38,0
13853,56.0,-120.0,48.0,#00AA24,0
13854,56.0,-120.0,56.0,#00AA00,0
13855,56.0,-120.0,64.0,#00A900,0
13856,56.0,-120.0,72.0,#00A900,0
13857,56.0,-118.0,-2.0,#00AB87,0
13858,56.0,-116.0,80.0,#00A900,0
13859,56.0,-114.0,4.0,#00AA7D,0
13860,56.0,-112.0,10.0,#00AA72,0
13861,56.0,-112.0,16.0,#00A967,0
13862,56.0,-112.0,22.0,#00A95C,0
13863,56.0,-112.0,30.0,#00A94D,0
13864,56.0,-112.0,38.0,#00A93D,0
13865,56.0,-112.0,74.0,#00A800,0
13866,56.0,-108.0,-10.0,#00AA95,0
13867,56.0,-104.0,-4.0,#00A98B,0
13868,56.0,-102.0,-12.0,#00A999,0
13869,56.0,-96.0,8.0,#00A776,0
13870,56.0,-96.0,14.0,#00A66B,0
13871,56.0,-96.0,20.0,#00A660,0
13872,56.0,-96.0,26.0,#00A655,0
13873,56.0,-96.0,32.0,#00A64A,0
13874,56.0,-96.0,56.0,#00A503,0
13875,56.0,-90.0,78.0,#00A400,0
13876,56.0,-88.0,-14.0,#00A69D,0
13877,56.0,-88.0,54.0,#00A411,0
13878,56.0,-86.0,-8.0,#00A592,0
13879,56.0,-86.0,90.0,#00A300,0
13880,56.0,-84.0,60.0,#00A300,0
13881,56.0,-82.0,4.0,#00A47D,0
13882,56.0,-80.0,-4.0,#00A48B,0
13883,56.0,-80.0,10.0,#00A373,0
13884,56.0,-80.0,16.0,#00A368,0
13885,56.0,-80.0,22.0,#00A35D,0
13886,56.0,-80.0,28.0,#00A252,0
13887,56.0,-80.0,34.0,#00A246,0
13888,56.0,-80.0,40.0,#00A23A,0
13889,56.0,-80.0,48.0,#00A227,0
13890,56.0,-78.0,-28.0,#00A5B5,0
13891,56.0,-78.0,64.0,#00A100,0
13892,56.0,-76.0,54.0,#00A113,0
13893,56.0,-74.0,44.0,#00A131,0
13894,56.0,-74.0,70.0,#00A000,0
13895,56.0,-72.0,-32.0,#00A4BC,0
13896,56.0,-72.0,-26.0,#00A3B2,0
13897,56.0,-72.0,24.0,#00A15A,0
13898,56.0,-72.0,30.0,#00A04E,0
13899,56.0,-72.0,60.0,#00A000,0
13900,56.0,-70.0,-2.0,#00A188,0
13901,56.0,-68.0,34.0,#009F47,0
13902,56.0,-68.0,40.0,#009F3A,0
13903,56.0,-68.0,66.0,#009F00,0
13904,56.0,-68.0,74.0,#009F00,0
13905,56.0,-66.0,-30.0,#00A2B9,0
13906,56.0,-66.0,-24.0,#00A2AE,0
13907,56.0,-66.0,-8.0,#00A192,0
13908,56.0,-66.0,14.0,#009F6C,0
13909,56.0,-66.0,20.0,#009F61,0
13910,56.0,-66.0,26.0,#009F56,0
13911,56.0,-62.0,-40.0,#00A2CB,0
13912,56.0,-62.0,-34.0,#00A1C0,0
13913,56.0,-62.0,30.0,#009E4F,0
13914,56.0,-62.0,36.0,#009E43,0
13915,56.0,-62.0,72.0,#019D00,0
13916,56.0,-60.0,-28.0,#00A0B5,0
13917,56.0,-60.0,-22.0,#00A0AB,0
13918,56.0,-60.0,16.0,#009E68,0
13919,56.0,-60.0,22.0,#009D5E,0
13920,56.0,-58.0,40.0,#009C3B,0
13921,56.0,-56.0,-38.0,#00A0C7,0
13922,56.0,-56.0,-32.0,#009FBD,0
13923,56.0,-56.0,26.0,#009C56,0
13924,56.0,-56.0,32.0,#009C4B,0
13925,56.0,-56.0,68.0,#2D9B00,0
13926,56.0,-54.0,18.0,#009C65,0
13927,56.0,-52.0,-42.0,#009FCE,0
13928,56.0,-52.0,36.0,#1B9A44,1
13929,56.0,-50.0,-36.0,#009EC4,0
13930,56.0,-50.0,-30.0,#009DB9,0
13931,56.0,-50.0,22.0,#009A5E,0
13932,56.0,-50.0,28.0,#149A53,1
13933,56.0,-50.0,42.0,#309A37,1
13934,56.0,-50.0,56.0,#3C990D,1
13935,56.0,-48.0,-56.0,#009FE7,0
13936,56.0,-48.0,14.0,#009A6C,0
13937,56.0,-46.0,32.0,#34994C,1
13938,56.0,-46.0,68.0,#4E9800,0
13939,56.0,-46.0,76.0,#509800,0
13940,56.0,-44.0,-36.0,#009CC4,0
13941,56.0,-44.0,-30.0,#009BB9,0
13942,56.0,-44.0,6.0,#00997B,0
13943,56.0,-44.0,10.0,#009974,0
13944,56.0,-44.0,18.0,#239865,1
13945,56.0,-44.0,24.0,#30985B,1
13946,56.0,-44.0,36.0,#409844,1
13947,56.0,-44.0,52.0,#4C971E,1
13948,56.0,-44.0,60.0,#509700,0
13949,56.0,-42.0,-60.0,#009EEE,0
13950,56.0,-42.0,40.0,#4A973C,1
13951,56.0,-40.0,-54.0,#009DE4,0
13952,56.0,-40.0,-46.0,#009CD5,0
13953,56.0,-40.0,-40.0,#009BCB,0
13954,56.0,-40.0,12.0,#2A9770,1
13955,56.0,-40.0,26.0,#429757,1
13956,56.0,-40.0,72.0,#5D9600,0
13957,56.0,-38.0,-4.0,#00978C,0
13958,56.0,-38.0,20.0,#419662,1
13959,56.0,-38.0,30.0,#4D9650,1
13960,56.0,-38.0,52.0,#5B951F,1
13961,56.0,-36.0,-64.0,#009CF6,0
13962,56.0,-36.0,34.0,#559548,1
13963,56.0,-36.0,40.0,#59953C,1
13964,56.0,-34.0,-58.0,#009BEB,0
13965,56.0,-34.0,-50.0,#009ADD,0
13966,56.0,-34.0,-36.0,#0099C4,0
13967,56.0,-34.0,44.0,#609434,1
13968,56.0,-32.0,-30.0,#0097B9,0
13969,56.0,-32.0,48.0,#66932B,1
13970,56.0,-30.0,-68.0,#009BFD,0
13971,56.0,-30.0,18.0,#579366,1
13972,56.0,-30.0,36.0,#659345,1
13973,56.0,-28.0,-52.0,#0098E0,0
13974,56.0,-28.0,-32.0,#0096BD,0
13975,56.0,-26.0,-26.0,#0094B2,0
13976,56.0,-26.0,12.0,#5A9271,1
13977,56.0,-24.0,-70.0,#0099FF,0
13978,56.0,-24.0,-46.0,#0096D6,0
13979,56.0,-24.0,-12.0,#38939A,1
13980,56.0,-24.0,-8.0,#429293,1
13981,56.0,-24.0,2.0,#539282,1
13982,56.0,-24.0,94.0,#7E8F00,0
13983,56.0,-22.0,-56.0,#0096E7,0
13984,56.0,-22.0,-40.0,#0094CB,0
13985,56.0,-22.0,-34.0,#0094C1,0
13986,56.0,-22.0,-28.0,#0093B6,0
13987,56.0,-22.0,-22.0,#1C92AC,1
13988,56.0,-22.0,34.0,#748F49,1
13989,56.0,-20.0,-18.0,#3991A5,1
13990,56.0,-20.0,-14.0,#43919E,1
13991,56.0,-20.0,-6.0,#539090,1
13992,56.0,-20.0,14.0,#6A8F6D,1
13993,56.0,-20.0,24.0,#728F5C,1
13994,56.0,-20.0,68.0,#828E00,0
13995,56.0,-18.0,-74.0,#0097FF,0
13996,56.0,-18.0,-36.0,#0092C4,0
13997,56.0,-18.0,-30.0,#0091BA,0
13998,56.0,-18.0,-24.0,#2E91AF,1
13999,56.0,-18.0,18.0,#728E66,1
14000,56.0,-16.0,-58.0,#0094EB,0
14001,56.0,-16.0,-20.0,#4490A8,1
14002,56.0,-16.0,-16.0,#4D8FA1,1
14003,56.0,-16.0,-12.0,#548F9A,1
14004,56.0,-16.0,-8.0,#5B8F94,1
14005,56.0,-16.0,14.0,#738D6D,1
14006,56.0,-16.0,68.0,#898C00,0
14007,56.0,-14.0,-50.0,#0092DD,0
14008,56.0,-14.0,-34.0,#1090C1,1
14009,56.0,-14.0,-28.0,#348FB6,1
14010,56.0,-14.0,50.0,#888B28,1
14011,56.0,-14.0,84.0,#8E8B00,0
14012,56.0,-14.0,92.0,#8E8B00,0
14013,56.0,-12.0,-74.0,#0094FF,0
14014,56.0,-12.0,-58.0,#0092EB,0
14015,56.0,-12.0,-18.0,#558EA5,1
14016,56.0,-12.0,-14.0,#5C8D9E,1
14017,56.0,-12.0,-10.0,#628D97,1
14018,56.0,-12.0,12.0,#798C71,1
14019,56.0,-12.0,30.0,#848B51,1
14020,56.0,-12.0,54.0,#8C8A1D,1
14021,56.0,-10.0,-66.0,#0092FA,0
14022,56.0,-10.0,-50.0,#0090DD,0
14023,56.0,-10.0,14.0,#7E8B6E,1
14024,56.0,-10.0,34.0,#898A4A,1
14025,56.0,-10.0,44.0,#8D8936,1
14026,56.0,-10.0,82.0,#948900,0
14027,56.0,-10.0,94.0,#958900,0
14028,56.0,-8.0,-58.0,#0090EB,0
14029,56.0,-8.0,38.0,#8E8942,1
14030,56.0,-8.0,66.0,#958800,0
14031,56.0,-6.0,-74.0,#0091FF,0
14032,56.0,-6.0,-50.0,#008EDD,0
14033,56.0,-6.0,-34.0,#458CC1,1
14034,56.0,-6.0,-20.0,#638BA8,1
14035,56.0,-6.0,-12.0,#6E8A9B,1
14036,56.0,-6.0,-8.0,#738A94,1
14037,56.0,-6.0,-4.0,#778A8D,1
14038,56.0,-6.0,0.0,#7B8986,1
14039,56.0,-6.0,4.0,#7E897F,1
14040,56.0,-6.0,8.0,#818978,1
14041,56.0,-6.0,12.0,#848971,1
14042,56.0,-6.0,60.0,#978704,1
14043,56.0,-6.0,80.0,#9A8700,0
14044,56.0,-6.0,88.0,#9A8700,0
14045,56.0,-4.0,-58.0,#008EEB,0
14046,56.0,-4.0,66.0,#9B8600,0
14047,56.0,-2.0,-74.0,#008FFF,0
14048,56.0,-2.0,-66.0,#008EFA,0
14049,56.0,-2.0,-52.0,#008CE1,0
14050,56.0,-2.0,-36.0,#4E8AC4,1
14051,56.0,-2.0,-22.0,#6A89AC,1
14052,56.0,-2.0,82.0,#A08500,0
14053,56.0,0.0,-28.0,#6589B6,1
14054,56.0,0.0,66.0,#A18400,0
14055,56.0,2.0,-74.0,#008DFF,0
14056,56.0,2.0,-66.0,#008CFA,0
14057,56.0,2.0,-46.0,#3F89D6,1
14058,56.0,2.0,-38.0,#5688C8,1
14059,56.0,2.0,-26.0,#6D87B3,1
14060,56.0,2.0,34.0,#9C834B,1
14061,56.0,2.0,74.0,#A58200,0
14062,56.0,2.0,82.0,#A58200,0
14063,56.0,2.0,90.0,#A68200,0
14064,56.0,4.0,-60.0,#008AEF,0
14065,56.0,4.0,-36.0,#6187C5,1
14066,56.0,4.0,24.0,#9B835D,1
14067,56.0,4.0,38.0,#A18243,1
14068,56.0,4.0,66.0,#A78100,0
14069,56.0,6.0,-66.0,#008AFA,0
14070,56.0,6.0,-34.0,#6A86C1,1
14071,56.0,6.0,-26.0,#7785B3,1
14072,56.0,6.0,34.0,#A2814B,1
14073,56.0,6.0,80.0,#AB8000,0
14074,56.0,6.0,88.0,#AB8000,0
14075,56.0,8.0,-54.0,#3B87E4,1
14076,56.0,8.0,-46.0,#5686D6,1
14077,56.0,8.0,-24.0,#7D84B0,1
14078,56.0,8.0,24.0,#A2805D,1
14079,56.0,8.0,40.0,#A78040,1
14080,56.0,8.0,46.0,#A97F33,1
14081,56.0,10.0,-52.0,#4C86E1,1
14082,56.0,10.0,-32.0,#7783BE,1
14083,56.0,10.0,-22.0,#8482AC,1
14084,56.0,10.0,34.0,#A87F4B,1
14085,56.0,10.0,52.0,#AD7E26,1
14086,56.0,10.0,78.0,#B07E00,0
14087,56.0,10.0,86.0,#B17D00,0
14088,56.0,12.0,-20.0,#8A81A9,1
14089,56.0,12.0,-16.0,#8E80A2,1
14090,56.0,12.0,40.0,#AD7D40,1
14091,56.0,12.0,58.0,#B17D14,1
14092,56.0,14.0,-60.0,#3F84EF,1
14093,56.0,14.0,-14.0,#947F9F,1
14094,56.0,14.0,-10.0,#977F98,1
14095,56.0,14.0,36.0,#AF7C48,1
14096,56.0,14.0,64.0,#B47B00,0
14097,56.0,14.0,82.0,#B67B00,0
14098,56.0,16.0,-58.0,#4F83EC,1
14099,56.0,16.0,-8.0,#9C7D94,1
14100,56.0,16.0,58.0,#B67A15,1
14101,56.0,18.0,-66.0,#3783FA,1
14102,56.0,18.0,-6.0,#A17C91,1
14103,56.0,18.0,72.0,#BB7800,0
14104,56.0,20.0,-64.0,#4A81F6,1
14105,56.0,22.0,-74.0,#1882FF,0
14106,56.0,22.0,-40.0,#867CCC,1
14107,56.0,24.0,-70.0,#4380FF,0
14108,56.0,24.0,-54.0,#727DE5,1
14109,56.0,26.0,-46.0,#857AD6,1
14110,56.0,28.0,-60.0,#707BEF,1
14111,56.0,28.0,-54.0,#7C7AE5,1
14112,56.0,28.0,-44.0,#8C79D3,1
14113,56.0,28.0,86.0,#C97000,0
14114,56.0,30.0,-52.0,#8578E1,1
14115,56.0,30.0,36.0,#C57049,1
14116,56.0,30.0,70.0,#CA6F00,0
14117,56.0,32.0,-60.0,#7B78EF,1
14118,56.0,32.0,84.0,#CE6D00,0
14119,56.0,34.0,-74.0,#5D79FF,0
14120,56.0,34.0,-68.0,#6E78FE,1
14121,56.0,34.0,-52.0,#8D75E1,1
14122,56.0,34.0,90.0,#D16B00,0
14123,56.0,36.0,-60.0,#8475EF,1
14124,56.0,36.0,-8.0,#BB6E95,1
14125,56.0,36.0,82.0,#D36A00,0
14126,56.0,36.0,96.0,#D46900,0
14127,56.0,38.0,-74.0,#6B76FF,0
14128,56.0,38.0,-68.0,#7975FE,1
14129,56.0,40.0,-60.0,#8D72F0,1
14130,56.0,40.0,0.0,#C66988,1
14131,56.0,42.0,-74.0,#7673FF,0
14132,56.0,42.0,-68.0,#8471FE,1
14133,56.0,42.0,46.0,#D76537,1
14134,56.0,42.0,86.0,#DB6400,0
14135,56.0,44.0,92.0,#DE6100,0
14136,56.0,46.0,-74.0,#816FFF,0
14137,56.0,46.0,-60.0,#9A6CF0,1
14138,56.0,46.0,-40.0,#B269CC,1
14139,56.0,46.0,84.0,#E05F00,0
14140,56.0,48.0,-36.0,#B966C6,1
14141,56.0,48.0,6.0,#D3617E,1
14142,56.0,48.0,90.0,#E25D00,0
14143,56.0,50.0,-72.0,#8F6BFF,0
14144,56.0,50.0,-32.0,#C063BF,1
14145,56.0,50.0,-26.0,#C562B4,1
14146,56.0,50.0,82.0,#E55B00,0
14147,56.0,50.0,96.0,#E55B00,0
14148,56.0,52.0,-68.0,#9A68FE,1
14149,56.0,52.0,-42.0,#BA63D0,1
14150,56.0,52.0,0.0,#D65D88,1
14151,56.0,52.0,88.0,#E75800,0
14152,56.0,54.0,-38.0,#C160C9,1
14153,56.0,54.0,-22.0,#CD5DAE,1
14154,56.0,54.0,-16.0,#D15CA3,1
14155,56.0,54.0,36.0,#E4574B,1
14156,56.0,54.0,46.0,#E65739,1
14157,56.0,56.0,-74.0,#9865FF,0
14158,56.0,56.0,-34.0,#C85DC2,1
14159,56.0,56.0,-28.0,#CC5CB8,1
14160,56.0,56.0,84.0,#EC5300,0
14161,56.0,58.0,-48.0,#BE5DDB,1
14162,56.0,58.0,-12.0,#D9579D,1
14163,56.0,58.0,90.0,#EF5000,0
14164,56.0,60.0,-44.0,#C55AD4,1
14165,56.0,60.0,-24.0,#D556B1,1
14166,56.0,60.0,-18.0,#D855A7,1
14167,56.0,60.0,48.0,#EE4E35,1
14168,56.0,60.0,82.0,#F14D00,0
14169,56.0,62.0,-32.0,#D254BF,1
14170,56.0,62.0,-8.0,#E05096,1
14171,56.0,66.0,-50.0,#CA53DE,1
14172,56.0,66.0,-28.0,#DB4EB8,1
14173,56.0,66.0,-4.0,#E84A8F,1
14174,56.0,66.0,48.0,#F54436,1
14175,56.0,66.0,82.0,#F84300,0
14176,56.0,68.0,-44.0,#D24ED4,1
14177,56.0,68.0,-36.0,#D84CC6,1
14178,56.0,68.0,54.0,#F9402B,1
14179,56.0,70.0,2.0,#EF4186,1
14180,56.0,70.0,46.0,#FA3C3B,1
14181,56.0,72.0,8.0,#F43C7C,1
14182,56.0,72.0,52.0,#FD372F,1
14183,56.0,72.0,84.0,#FF3600,0
14184,56.0,74.0,-74.0,#BC4DFF,0
14185,56.0,74.0,14.0,#F83772,1
14186,56.0,74.0,58.0,#FF3223,0
14187,56.0,78.0,-36.0,#E738C6,1
14188,56.0,78.0,64.0,#FF2515,0
14189,56.0,80.0,-30.0,#ED31BC,1
14190,56.0,80.0,18.0,#FF236B,0
14191,56.0,80.0,60.0,#FF1C20,0
14192,56.0,80.0,70.0,#FF1B00,0
14193,56.0,82.0,-18.0,#F626A8,1
14194,56.0,82.0,50.0,#FF1135,0
14195,56.0,84.0,-12.0,#FC1B9E,1
14196,56.0,84.0,40.0,#FF0047,0
14197,56.0,86.0,-34.0,#F31DC3,1
14198,56.0,86.0,20.0,#FF0069,0
14199,56.0,88.0,-6.0,#FF0094,0
14200,56.0,92.0,-30.0,#FE00BC,0
14201,56.0,92.0,24.0,#FF0062,0
14202,56.0,94.0,-64.0,#E800F8,0
14203,56.0,102.0,-68.0,#F100FF,0
14204,56.0,108.0,-62.0,#FF00F5,0
14205,56.0,110.0,-70.0,#FB00FF,0
14206,56.0,112.0,-50.0,#FF00E0,0
14207,57.0,-128.0,24.0,#00AE5B,0
14208,57.0,-128.0,32.0,#00AE4B,0
14209,57.0,-104.0,42.0,#00AA37,0
14210,57.0,-100.0,48.0,#00A928,0
14211,57.0,-98.0,-18.0,#00ABA6,0
14212,57.0,-98.0,0.0,#00AA87,0
14213,57.0,-96.0,-12.0,#00AB9C,0
14214,57.0,-96.0,-6.0,#00AA91,0
14215,57.0,-96.0,38.0,#00A940,0
14216,57.0,-94.0,46.0,#00A82E,0
14217,57.0,-92.0,-22.0,#00AAAD,0
14218,57.0,-90.0,0.0,#00A987,0
14219,57.0,-88.0,6.0,#00A87C,0
14220,57.0,-88.0,12.0,#00A871,0
14221,57.0,-88.0,18.0,#00A767,0
14222,57.0,-88.0,24.0,#00A75C,0
14223,57.0,-86.0,-26.0,#00A9B4,0
14224,57.0,-86.0,-20.0,#00A9AA,0
14225,57.0,-82.0,0.0,#00A787,0
14226,57.0,-80.0,-24.0,#00A8B1,0
14227,57.0,-78.0,-18.0,#00A7A6,0
14228,57.0,-78.0,-10.0,#00A798,0
14229,57.0,-74.0,38.0,#00A341,0
14230,57.0,-72.0,2.0,#00A483,0
14231,57.0,-72.0,8.0,#00A479,0
14232,57.0,-72.0,14.0,#00A46E,0
14233,57.0,-66.0,-14.0,#00A4A0,0
14234,57.0,-66.0,4.0,#00A380,0
14235,57.0,-66.0,10.0,#00A275,0
14236,57.0,-62.0,46.0,#00A030,0
14237,57.0,-62.0,58.0,#00A003,0
14238,57.0,-60.0,-4.0,#00A18E,0
14239,57.0,-60.0,2.0,#00A184,0
14240,57.0,-60.0,6.0,#00A17D,0
14241,57.0,-60.0,12.0,#00A172,0
14242,57.0,-60.0,64.0,#159F00,0
14243,57.0,-58.0,50.0,#0C9F26,1
14244,57.0,-56.0,-8.0,#00A095,0
14245,57.0,-56.0,56.0,#279E11,1
14246,57.0,-54.0,-22.0,#00A1AE,0
14247,57.0,-54.0,-2.0,#009F8B,0
14248,57.0,-54.0,4.0,#009F80,0
14249,57.0,-54.0,8.0,#009F79,0
14250,57.0,-54.0,14.0,#009F6F,0
14251,57.0,-54.0,62.0,#359D00,0
14252,57.0,-50.0,-6.0,#009E92,0
14253,57.0,-48.0,-48.0,#00A1DC,0
14254,57.0,-48.0,0.0,#009D87,0
14255,57.0,-44.0,-4.0,#009C8F,0
14256,57.0,-42.0,-22.0,#009DAE,0
14257,57.0,-42.0,-18.0,#009DA7,0
14258,57.0,-42.0,2.0,#009B84,0
14259,57.0,-40.0,-14.0,#009CA0,0
14260,57.0,-40.0,-10.0,#009B99,0
14261,57.0,-40.0,82.0,#629800,0
14262,57.0,-38.0,16.0,#3E996C,1
14263,57.0,-38.0,66.0,#639800,0
14264,57.0,-36.0,-24.0,#009BB2,0
14265,57.0,-36.0,-20.0,#009BAB,0
14266,57.0,-36.0,-16.0,#009AA4,0
14267,57.0,-36.0,2.0,#289984,1
14268,57.0,-36.0,6.0,#33997D,1
14269,57.0,-34.0,-12.0,#00999D,0
14270,57.0,-34.0,-8.0,#009996,0
14271,57.0,-34.0,56.0,#689615,1
14272,57.0,-34.0,78.0,#6D9600,0
14273,57.0,-32.0,0.0,#379888,1
14274,57.0,-32.0,22.0,#589761,1
14275,57.0,-32.0,62.0,#6E9500,0
14276,57.0,-30.0,-40.0,#009ACE,0
14277,57.0,-30.0,-22.0,#0098AE,0
14278,57.0,-30.0,-18.0,#0098A7,0
14279,57.0,-30.0,-14.0,#0098A0,0
14280,57.0,-30.0,4.0,#479781,1
14281,57.0,-30.0,26.0,#60965A,1
14282,57.0,-30.0,68.0,#739500,0
14283,57.0,-30.0,80.0,#759400,0
14284,57.0,-28.0,-10.0,#2E9799,1
14285,57.0,-28.0,-6.0,#3A9692,1
14286,57.0,-28.0,30.0,#689553,1
14287,57.0,-28.0,52.0,#739423,1
14288,57.0,-28.0,88.0,#7A9400,0
14289,57.0,-26.0,22.0,#669461,1
14290,57.0,-26.0,58.0,#78930E,1
14291,57.0,-24.0,-4.0,#4D958F,1
14292,57.0,-24.0,26.0,#6D935A,1
14293,57.0,-24.0,44.0,#779337,1
14294,57.0,-24.0,64.0,#7D9200,0
14295,57.0,-22.0,8.0,#62937A,1
14296,57.0,-22.0,12.0,#679373,1
14297,57.0,-22.0,30.0,#749253,1
14298,57.0,-22.0,58.0,#7F910F,1
14299,57.0,-22.0,82.0,#839100,0
14300,57.0,-20.0,-66.0,#0099FC,0
14301,57.0,-20.0,52.0,#819124,1
14302,57.0,-18.0,0.0,#639288,1
14303,57.0,-18.0,4.0,#689281,1
14304,57.0,-18.0,8.0,#6C917A,1
14305,57.0,-18.0,38.0,#809044,1
14306,57.0,-18.0,44.0,#829038,1
14307,57.0,-18.0,58.0,#869010,1
14308,57.0,-18.0,86.0,#8A8F00,0
14309,57.0,-16.0,-4.0,#63918F,1
14310,57.0,-16.0,78.0,#8D8E00,0
14311,57.0,-14.0,16.0,#7B8F6D,1
14312,57.0,-14.0,38.0,#878E44,1
14313,57.0,-12.0,-40.0,#0092CE,0
14314,57.0,-12.0,-4.0,#6C8F8F,1
14315,57.0,-12.0,18.0,#808E69,1
14316,57.0,-12.0,22.0,#828E62,1
14317,57.0,-12.0,76.0,#938C00,0
14318,57.0,-10.0,-2.0,#738E8C,1
14319,57.0,-10.0,8.0,#7C8D7B,1
14320,57.0,-8.0,-38.0,#2F90CB,1
14321,57.0,-8.0,-24.0,#598FB2,1
14322,57.0,-8.0,-18.0,#638EA8,1
14323,57.0,-8.0,-14.0,#698EA1,1
14324,57.0,-8.0,-10.0,#6E8E9A,1
14325,57.0,-8.0,0.0,#798D89,1
14326,57.0,-8.0,6.0,#7F8D7E,1
14327,57.0,-8.0,50.0,#948B2B,1
14328,57.0,-6.0,24.0,#8E8B5F,1
14329,57.0,-6.0,30.0,#918A54,1
14330,57.0,-6.0,72.0,#9C8900,0
14331,57.0,-6.0,96.0,#9E8900,0
14332,57.0,-4.0,-46.0,#1B8FD9,1
14333,57.0,-4.0,-30.0,#588DBD,1
14334,57.0,-4.0,26.0,#928A5B,1
14335,57.0,-4.0,34.0,#96894D,1
14336,57.0,-2.0,-16.0,#748BA4,1
14337,57.0,-2.0,-12.0,#798B9D,1
14338,57.0,-2.0,-8.0,#7E8A97,1
14339,57.0,-2.0,-4.0,#818A90,1
14340,57.0,-2.0,0.0,#858A89,1
14341,57.0,-2.0,4.0,#888A82,1
14342,57.0,-2.0,8.0,#8B897B,1
14343,57.0,-2.0,12.0,#8E8974,1
14344,57.0,-2.0,16.0,#90896D,1
14345,57.0,-2.0,20.0,#928966,1
14346,57.0,-2.0,28.0,#968858,1
14347,57.0,-2.0,38.0,#9A8845,1
14348,57.0,-2.0,94.0,#A38700,0
14349,57.0,0.0,0.0,#898989,1
14350,57.0,0.0,16.0,#94886D,1
14351,57.0,0.0,20.0,#968866,1
14352,57.0,0.0,24.0,#98875F,1
14353,57.0,0.0,42.0,#9F873D,1
14354,57.0,2.0,0.0,#8C8889,1
14355,57.0,2.0,16.0,#97876D,1
14356,57.0,2.0,20.0,#998666,1
14357,57.0,2.0,26.0,#9C865C,1
14358,57.0,2.0,56.0,#A5851C,1
14359,57.0,4.0,-54.0,#268CE7,1
14360,57.0,4.0,16.0,#9A866D,1
14361,57.0,4.0,20.0,#9C8566,1
14362,57.0,4.0,30.0,#A18554,1
14363,57.0,4.0,96.0,#AC8400,0
14364,57.0,6.0,-30.0,#7388BD,1
14365,57.0,6.0,16.0,#9D846D,1
14366,57.0,6.0,20.0,#9F8466,1
14367,57.0,6.0,28.0,#A38458,1
14368,57.0,6.0,54.0,#AA8323,1
14369,57.0,6.0,72.0,#AD8300,0
14370,57.0,8.0,-62.0,#008BF6,0
14371,57.0,10.0,20.0,#A68267,1
14372,57.0,10.0,28.0,#A98158,1
14373,57.0,10.0,68.0,#B28000,0
14374,57.0,12.0,-30.0,#8184BD,1
14375,57.0,12.0,-26.0,#8684B6,1
14376,57.0,12.0,18.0,#A8816A,1
14377,57.0,12.0,24.0,#AA8060,1
14378,57.0,12.0,46.0,#B17F36,1
14379,57.0,12.0,92.0,#B77F00,0
14380,57.0,14.0,-48.0,#6785DD,1
14381,57.0,14.0,-42.0,#7385D2,1
14382,57.0,14.0,-24.0,#8C82B3,1
14383,57.0,14.0,22.0,#AD7F63,1
14384,57.0,14.0,30.0,#B07F55,1
14385,57.0,14.0,52.0,#B57E29,1
14386,57.0,16.0,-32.0,#8782C1,1
14387,57.0,16.0,-22.0,#9281AF,1
14388,57.0,16.0,-18.0,#9681A8,1
14389,57.0,16.0,28.0,#B27D59,1
14390,57.0,16.0,42.0,#B67D3F,1
14391,57.0,16.0,48.0,#B77D32,1
14392,57.0,16.0,92.0,#BC7C00,0
14393,57.0,18.0,-54.0,#6584E7,1
14394,57.0,18.0,-48.0,#7283DD,1
14395,57.0,18.0,-30.0,#8D80BD,1
14396,57.0,18.0,-26.0,#9280B6,1
14397,57.0,18.0,-16.0,#9C7FA5,1
14398,57.0,18.0,-12.0,#9F7F9E,1
14399,57.0,18.0,24.0,#B37C60,1
14400,57.0,18.0,34.0,#B77C4E,1
14401,57.0,18.0,54.0,#BB7B25,1
14402,57.0,18.0,78.0,#BE7B00,0
14403,57.0,18.0,86.0,#BF7B00,0
14404,57.0,20.0,-46.0,#7A81D9,1
14405,57.0,20.0,-42.0,#8181D2,1
14406,57.0,20.0,-24.0,#987EB3,1
14407,57.0,20.0,-20.0,#9B7EAC,1
14408,57.0,20.0,30.0,#B87A55,1
14409,57.0,20.0,40.0,#BB7A43,1
14410,57.0,20.0,46.0,#BC7A37,1
14411,57.0,20.0,92.0,#C27900,0
14412,57.0,22.0,-60.0,#6282F2,1
14413,57.0,22.0,-36.0,#8E7EC8,1
14414,57.0,22.0,-30.0,#957EBD,1
14415,57.0,22.0,-18.0,#A17CA8,1
14416,57.0,22.0,-14.0,#A47CA2,1
14417,57.0,22.0,-10.0,#A77C9B,1
14418,57.0,22.0,-6.0,#AA7B94,1
14419,57.0,22.0,16.0,#B67A6E,1
14420,57.0,22.0,28.0,#BA7959,1
14421,57.0,22.0,36.0,#BD794B,1
14422,57.0,22.0,58.0,#C1781A,1
14423,57.0,22.0,66.0,#C27800,0
14424,57.0,22.0,74.0,#C37800,0
14425,57.0,22.0,86.0,#C47800,0
14426,57.0,24.0,-28.0,#9B7CBA,1
14427,57.0,24.0,-24.0,#9F7CB3,1
14428,57.0,24.0,-2.0,#B07A8D,1
14429,57.0,24.0,34.0,#BF774E,1
14430,57.0,24.0,42.0,#C1773F,1
14431,57.0,24.0,48.0,#C27733,1
14432,57.0,24.0,80.0,#C67600,0
14433,57.0,24.0,92.0,#C77600,0
14434,57.0,26.0,-66.0,#5E80FD,1
14435,57.0,26.0,-36.0,#967CC8,1
14436,57.0,26.0,-18.0,#A77AA9,1
14437,57.0,26.0,-14.0,#AB79A2,1
14438,57.0,26.0,-10.0,#AE799B,1
14439,57.0,26.0,-6.0,#B07894,1
14440,57.0,26.0,2.0,#B57886,1
14441,57.0,26.0,6.0,#B7777F,1
14442,57.0,26.0,18.0,#BC776B,1
14443,57.0,26.0,30.0,#C17656,1
14444,57.0,26.0,54.0,#C67526,1
14445,57.0,26.0,60.0,#C77514,1
14446,57.0,26.0,68.0,#C87500,0
14447,57.0,28.0,-34.0,#9C7AC4,1
14448,57.0,28.0,-28.0,#A279BA,1
14449,57.0,28.0,-24.0,#A679B3,1
14450,57.0,28.0,10.0,#BC7679,1
14451,57.0,28.0,14.0,#BE7572,1
14452,57.0,28.0,28.0,#C37559,1
14453,57.0,28.0,40.0,#C67444,1
14454,57.0,28.0,48.0,#C87434,1
14455,57.0,28.0,74.0,#CB7300,0
14456,57.0,28.0,92.0,#CC7300,0
14457,57.0,30.0,-42.0,#9679D2,1
14458,57.0,30.0,-8.0,#B57597,1
14459,57.0,30.0,-4.0,#B87591,1
14460,57.0,30.0,0.0,#BA758A,1
14461,57.0,30.0,4.0,#BC7483,1
14462,57.0,30.0,18.0,#C2736B,1
14463,57.0,30.0,22.0,#C47364,1
14464,57.0,30.0,54.0,#CB7227,1
14465,57.0,30.0,60.0,#CC7215,1
14466,57.0,32.0,-34.0,#A377C4,1
14467,57.0,32.0,-22.0,#AE75B0,1
14468,57.0,32.0,-18.0,#B175A9,1
14469,57.0,32.0,-14.0,#B474A2,1
14470,57.0,32.0,8.0,#C1727C,1
14471,57.0,32.0,28.0,#C8715A,1
14472,57.0,32.0,46.0,#CD7038,1
14473,57.0,34.0,-42.0,#9E76D2,1
14474,57.0,34.0,-30.0,#AA75BE,1
14475,57.0,34.0,-2.0,#BF728D,1
14476,57.0,34.0,2.0,#C17187,1
14477,57.0,34.0,12.0,#C57075,1
14478,57.0,34.0,16.0,#C7706F,1
14479,57.0,34.0,34.0,#CD6F4F,1
14480,57.0,34.0,42.0,#CF6F40,1
14481,57.0,34.0,60.0,#D26E16,1
14482,57.0,34.0,66.0,#D26E00,0
14483,57.0,36.0,-26.0,#B172B7,1
14484,57.0,36.0,-12.0,#BC719F,1
14485,57.0,36.0,6.0,#C66F80,1
14486,57.0,36.0,20.0,#CB6E68,1
14487,57.0,36.0,28.0,#CE6E5A,1
14488,57.0,36.0,72.0,#D56C00,0
14489,57.0,38.0,-50.0,#9B74E1,1
14490,57.0,38.0,-40.0,#A773CF,1
14491,57.0,38.0,-22.0,#B870B0,1
14492,57.0,38.0,-18.0,#BB70A9,1
14493,57.0,38.0,10.0,#CA6D79,1
14494,57.0,38.0,34.0,#D26C50,1
14495,57.0,38.0,40.0,#D36B45,1
14496,57.0,38.0,48.0,#D56B35,1
14497,57.0,38.0,58.0,#D76B1E,1
14498,57.0,38.0,66.0,#D76A00,0
14499,57.0,38.0,78.0,#D86A00,0
14500,57.0,38.0,90.0,#D96A00,0
14501,57.0,40.0,-46.0,#A472DA,1
14502,57.0,40.0,-36.0,#AF70C8,1
14503,57.0,40.0,-4.0,#C66C91,1
14504,57.0,40.0,4.0,#CA6C83,1
14505,57.0,40.0,14.0,#CF6B72,1
14506,57.0,40.0,18.0,#D06B6C,1
14507,57.0,40.0,54.0,#D96928,1
14508,57.0,40.0,72.0,#DB6800,0
14509,57.0,40.0,96.0,#DC6800,0
14510,57.0,42.0,-32.0,#B66EC1,1
14511,57.0,42.0,-16.0,#C26CA6,1
14512,57.0,42.0,-10.0,#C66B9B,1
14513,57.0,42.0,8.0,#CF697D,1
14514,57.0,42.0,22.0,#D46865,1
14515,57.0,42.0,26.0,#D5685E,1
14516,57.0,42.0,30.0,#D66857,1
14517,57.0,42.0,64.0,#DC6708,1
14518,57.0,42.0,78.0,#DE6600,0
14519,57.0,44.0,-54.0,#A26FE8,1
14520,57.0,44.0,-44.0,#AE6ED6,1
14521,57.0,44.0,-28.0,#BD6BBA,1
14522,57.0,44.0,-22.0,#C16BB0,1
14523,57.0,44.0,12.0,#D36776,1
14524,57.0,44.0,36.0,#DA664C,1
14525,57.0,44.0,40.0,#DB6545,1
14526,57.0,44.0,52.0,#DD652D,1
14527,57.0,44.0,60.0,#DF6519,1
14528,57.0,44.0,70.0,#E06400,0
14529,57.0,46.0,-50.0,#AA6DE1,1
14530,57.0,46.0,-6.0,#CE6795,1
14531,57.0,46.0,-2.0,#D0668E,1
14532,57.0,46.0,2.0,#D26687,1
14533,57.0,46.0,16.0,#D7656F,1
14534,57.0,46.0,20.0,#D96468,1
14535,57.0,46.0,76.0,#E36200,0
14536,57.0,48.0,-18.0,#CA66A9,1
14537,57.0,48.0,-12.0,#CE659F,1
14538,57.0,48.0,26.0,#DD625E,1
14539,57.0,48.0,30.0,#DE6257,1
14540,57.0,48.0,34.0,#DF6150,1
14541,57.0,48.0,58.0,#E36020,1
14542,57.0,48.0,66.0,#E46001,1
14543,57.0,50.0,-56.0,#AA6AEC,1
14544,57.0,50.0,-48.0,#B469DD,1
14545,57.0,50.0,10.0,#DB617A,1
14546,57.0,50.0,14.0,#DC6073,1
14547,57.0,50.0,40.0,#E35F46,1
14548,57.0,50.0,72.0,#E75E00,0
14549,57.0,52.0,-8.0,#D56098,1
14550,57.0,52.0,18.0,#E05E6C,1
14551,57.0,52.0,22.0,#E15D65,1
14552,57.0,52.0,78.0,#EA5B00,0
14553,57.0,54.0,-62.0,#AA67F6,1
14554,57.0,54.0,-54.0,#B465E8,1
14555,57.0,54.0,4.0,#DE5D84,1
14556,57.0,54.0,28.0,#E65B5B,1
14557,57.0,54.0,32.0,#E75A54,1
14558,57.0,54.0,58.0,#EB5921,1
14559,57.0,56.0,-4.0,#DD5B92,1
14560,57.0,56.0,12.0,#E35977,1
14561,57.0,56.0,42.0,#EB5743,1
14562,57.0,56.0,52.0,#ED572F,1
14563,57.0,58.0,-60.0,#B462F3,1
14564,57.0,58.0,8.0,#E5577D,1
14565,57.0,58.0,20.0,#E95669,1
14566,57.0,58.0,24.0,#EA5662,1
14567,57.0,60.0,-72.0,#A763FF,0
14568,57.0,60.0,-66.0,#B061FE,1
14569,57.0,60.0,0.0,#E4558B,1
14570,57.0,60.0,30.0,#EE5258,1
14571,57.0,60.0,36.0,#EF524E,1
14572,57.0,60.0,58.0,#F25122,1
14573,57.0,62.0,14.0,#EC5174,1
14574,57.0,62.0,42.0,#F34E43,1
14575,57.0,62.0,54.0,#F44E2C,1
14576,57.0,62.0,96.0,#F74D00,0
14577,57.0,64.0,4.0,#EB4F84,1
14578,57.0,64.0,22.0,#F14D66,1
14579,57.0,64.0,64.0,#F84A12,1
14580,57.0,64.0,88.0,#F94A00,0
14581,57.0,66.0,-58.0,#C457EF,1
14582,57.0,66.0,28.0,#F5495C,1
14583,57.0,66.0,34.0,#F64852,1
14584,57.0,66.0,40.0,#F74847,1
14585,57.0,66.0,70.0,#FB4600,0
14586,57.0,68.0,-12.0,#EA4BA0,1
14587,57.0,68.0,16.0,#F44671,1
14588,57.0,68.0,76.0,#FE4300,0
14589,57.0,70.0,24.0,#F94263,1
14590,57.0,70.0,66.0,#FF3F0D,0
14591,57.0,72.0,-62.0,#CA4FF7,1
14592,57.0,72.0,-28.0,#E646BB,1
14593,57.0,72.0,-6.0,#F24296,1
14594,57.0,72.0,30.0,#FD3D59,1
14595,57.0,72.0,36.0,#FE3C4F,1
14596,57.0,72.0,42.0,#FF3C44,0
14597,57.0,72.0,72.0,#FF3A00,0
14598,57.0,74.0,20.0,#FD396A,1
14599,57.0,74.0,80.0,#FF3500,0
14600,57.0,76.0,-58.0,#D547F0,1
14601,57.0,76.0,-52.0,#DA45E5,1
14602,57.0,76.0,-42.0,#E342D4,1
14603,57.0,76.0,26.0,#FF3460,0
14604,57.0,76.0,48.0,#FF313A,0
14605,57.0,78.0,-66.0,#D046FE,1
14606,57.0,78.0,-4.0,#FA3493,1
14607,57.0,78.0,2.0,#FD3289,1
14608,57.0,78.0,32.0,#FF2D56,0
14609,57.0,78.0,38.0,#FF2C4C,0
14610,57.0,78.0,44.0,#FF2B42,0
14611,57.0,78.0,54.0,#FF2A2F,0
14612,57.0,80.0,8.0,#FF2B7F,0
14613,57.0,82.0,-54.0,#E239E9,1
14614,57.0,82.0,28.0,#FF1E5D,0
14615,57.0,84.0,34.0,#FF1053,0
14616,57.0,84.0,46.0,#FF0B3F,0
14617,57.0,84.0,56.0,#FF082C,0
14618,57.0,86.0,2.0,#FF0E89,0
14619,57.0,86.0,14.0,#FF0575,0
14620,57.0,88.0,-66.0,#E02DFE,1
14621,57.0,88.0,-58.0,#E828F0,1
14622,57.0,88.0,-50.0,#EE23E2,1
14623,57.0,88.0,8.0,#FF007F,0
14624,57.0,88.0,30.0,#FF005B,0
14625,57.0,90.0,-44.0,#F514D7,1
14626,57.0,90.0,38.0,#FF004D,0
14627,57.0,92.0,-38.0,#FC00CD,0
14628,57.0,92.0,18.0,#FF006F,0
14629,57.0,94.0,-72.0,#E417FF,0
14630,57.0,94.0,-54.0,#F400E9,0
14631,57.0,94.0,2.0,#FF0089,0
14632,57.0,96.0,-48.0,#FB00DF,0
14633,57.0,96.0,-16.0,#FF00A8,0
14634,57.0,96.0,8.0,#FF0080,0
14635,57.0,100.0,-58.0,#FA00F0,0
14636,57.0,100.0,-42.0,#FF00D4,0
14637,57.0,100.0,-30.0,#FF00C0,0
14638,57.0,100.0,-10.0,#FF009E,0
14639,57.0,102.0,-52.0,#FF00E6,0
14640,57.0,102.0,-36.0,#FF00CA,0
14641,57.0,104.0,-16.0,#FF00A8,0
14642,57.0,110.0,-56.0,#FF00ED,0
14643,58.0,-128.0,-4.0,#00B390,0
14644,58.0,-128.0,2.0,#00B285,0
14645,58.0,-128.0,16.0,#00B26C,0
14646,58.0,-128.0,40.0,#00B13D,0
14647,58.0,-128.0,48.0,#00B129,0
14648,58.0,-128.0,56.0,#00B109,0
14649,58.0,-128.0,64.0,#00B100,0
14650,58.0,-128.0,72.0,#00B000,0
14651,58.0,-120.0,-8.0,#00B297,0
14652,58.0,-114.0,-12.0,#00B19E,0
14653,58.0,-112.0,-6.0,#00B093,0
14654,58.0,-112.0,0.0,#00B089,0
14655,58.0,-112.0,6.0,#00B07E,0
14656,58.0,-112.0,48.0,#00AE2A,0
14657,58.0,-112.0,56.0,#00AE0C,0
14658,58.0,-112.0,64.0,#00AE00,0
14659,58.0,-110.0,80.0,#00AD00,0
14660,58.0,-106.0,-16.0,#00B0A5,0
14661,58.0,-106.0,66.0,#00AD00,0
14662,58.0,-104.0,2.0,#00AE85,0
14663,58.0,-104.0,8.0,#00AE7B,0
14664,58.0,-104.0,14.0,#00AE70,0
14665,58.0,-104.0,20.0,#00AE65,0
14666,58.0,-104.0,26.0,#00AD5A,0
14667,58.0,-104.0,34.0,#00AD4A,0
14668,58.0,-104.0,58.0,#00AD00,0
14669,58.0,-104.0,72.0,#00AC00,0
14670,58.0,-102.0,82.0,#00AC00,0
14671,58.0,-98.0,62.0,#00AB00,0
14672,58.0,-98.0,70.0,#00AB00,0
14673,58.0,-96.0,10.0,#00AC77,0
14674,58.0,-96.0,80.0,#00AB00,0
14675,58.0,-92.0,64.0,#00AA00,0
14676,58.0,-90.0,-12.0,#00AC9E,0
14677,58.0,-90.0,72.0,#00AA00,0
14678,58.0,-88.0,-6.0,#00AB94,0
14679,58.0,-88.0,30.0,#00AA53,0
14680,58.0,-88.0,36.0,#00AA47,0
14681,58.0,-88.0,44.0,#00AA36,0
14682,58.0,-86.0,84.0,#00A900,0
14683,58.0,-84.0,50.0,#00A826,0
14684,58.0,-84.0,66.0,#00A800,0
14685,58.0,-80.0,8.0,#00A97B,0
14686,58.0,-80.0,14.0,#00A971,0
14687,58.0,-80.0,20.0,#00A866,0
14688,58.0,-80.0,72.0,#00A700,0
14689,58.0,-78.0,80.0,#00A700,0
14690,58.0,-76.0,-32.0,#00AAC2,0
14691,58.0,-76.0,86.0,#00A600,0
14692,58.0,-74.0,-14.0,#00A9A2,0
14693,58.0,-74.0,58.0,#00A606,0
14694,58.0,-72.0,-4.0,#00A791,0
14695,58.0,-72.0,20.0,#00A666,0
14696,58.0,-72.0,26.0,#00A65B,0
14697,58.0,-72.0,76.0,#00A500,0
14698,58.0,-70.0,-34.0,#00A9C5,0
14699,58.0,-70.0,46.0,#00A532,0
14700,58.0,-70.0,64.0,#00A500,0
14701,58.0,-70.0,82.0,#00A500,0
14702,58.0,-68.0,-28.0,#00A8BB,0
14703,58.0,-68.0,-22.0,#00A8B0,0
14704,58.0,-68.0,52.0,#00A422,0
14705,58.0,-66.0,16.0,#00A56D,0
14706,58.0,-66.0,22.0,#00A562,0
14707,58.0,-66.0,28.0,#00A457,0
14708,58.0,-66.0,70.0,#00A400,0
14709,58.0,-64.0,-38.0,#00A8CD,0
14710,58.0,-64.0,-32.0,#00A7C2,0
14711,58.0,-64.0,76.0,#00A300,0
14712,58.0,-64.0,86.0,#0EA300,0
14713,58.0,-62.0,-26.0,#00A6B7,0
14714,58.0,-62.0,-20.0,#00A6AD,0
14715,58.0,-62.0,-10.0,#00A59B,0
14716,58.0,-60.0,18.0,#00A36A,0
14717,58.0,-60.0,24.0,#00A35F,0
14718,58.0,-58.0,74.0,#2FA100,0
14719,58.0,-58.0,82.0,#32A100,0
14720,58.0,-56.0,-28.0,#00A5BB,0
14721,58.0,-56.0,-18.0,#00A4A9,0
14722,58.0,-56.0,-12.0,#00A39F,0
14723,58.0,-56.0,88.0,#3CA000,0
14724,58.0,-54.0,20.0,#00A166,0
14725,58.0,-52.0,-32.0,#00A4C2,0
14726,58.0,-52.0,76.0,#469F00,0
14727,58.0,-50.0,-26.0,#00A3B8,0
14728,58.0,-50.0,-16.0,#00A2A6,0
14729,58.0,-50.0,82.0,#4D9E00,0
14730,58.0,-48.0,-12.0,#00A19F,0
14731,58.0,-48.0,10.0,#00A078,0
14732,58.0,-48.0,16.0,#009F6E,0
14733,58.0,-48.0,88.0,#539E00,0
14734,58.0,-46.0,-40.0,#00A2D0,0
14735,58.0,-46.0,-34.0,#00A2C6,0
14736,58.0,-46.0,48.0,#4A9E2F,1
14737,58.0,-44.0,-28.0,#00A1BB,0
14738,58.0,-42.0,-50.0,#00A2E2,0
14739,58.0,-42.0,14.0,#2C9D72,1
14740,58.0,-42.0,88.0,#619C00,0
14741,58.0,-40.0,-32.0,#00A0C2,0
14742,58.0,-40.0,-6.0,#009E95,0
14743,58.0,-40.0,-2.0,#009D8E,0
14744,58.0,-40.0,58.0,#5E9B0F,1
14745,58.0,-38.0,44.0,#5C9B39,1
14746,58.0,-36.0,12.0,#429B75,1
14747,58.0,-36.0,20.0,#4D9B67,1
14748,58.0,-36.0,30.0,#579A55,1
14749,58.0,-36.0,36.0,#5C9A49,1
14750,58.0,-36.0,84.0,#6D9900,0
14751,58.0,-34.0,-46.0,#009FDB,0
14752,58.0,-34.0,-34.0,#009EC6,0
14753,58.0,-34.0,-28.0,#009DBB,0
14754,58.0,-34.0,-4.0,#239B91,1
14755,58.0,-34.0,90.0,#729900,0
14756,58.0,-32.0,38.0,#679946,1
14757,58.0,-32.0,44.0,#6A9839,1
14758,58.0,-30.0,-56.0,#009EED,0
14759,58.0,-30.0,10.0,#529979,1
14760,58.0,-30.0,14.0,#579972,1
14761,58.0,-28.0,-30.0,#009BBF,0
14762,58.0,-28.0,18.0,#61986B,1
14763,58.0,-26.0,-18.0,#1B99AA,1
14764,58.0,-26.0,-14.0,#2F99A3,1
14765,58.0,-26.0,0.0,#50988B,1
14766,58.0,-26.0,4.0,#569884,1
14767,58.0,-26.0,34.0,#71964E,1
14768,58.0,-26.0,40.0,#749642,1
14769,58.0,-26.0,70.0,#7E9600,0
14770,58.0,-24.0,-58.0,#009CF1,0
14771,58.0,-24.0,-26.0,#0099B8,0
14772,58.0,-24.0,76.0,#829500,0
14773,58.0,-22.0,-52.0,#009BE6,0
14774,58.0,-22.0,-32.0,#0099C3,0
14775,58.0,-22.0,-20.0,#2F98AE,1
14776,58.0,-22.0,-16.0,#3C97A7,1
14777,58.0,-22.0,-12.0,#4697A0,1
14778,58.0,-22.0,-8.0,#4E9799,1
14779,58.0,-22.0,0.0,#5B968B,1
14780,58.0,-22.0,4.0,#609684,1
14781,58.0,-22.0,16.0,#6D956F,1
14782,58.0,-20.0,-46.0,#0099DB,0
14783,58.0,-20.0,-26.0,#1F97B8,1
14784,58.0,-20.0,20.0,#749468,1
14785,58.0,-20.0,34.0,#7D944E,1
14786,58.0,-18.0,-54.0,#0099EA,0
14787,58.0,-18.0,-40.0,#0098D1,0
14788,58.0,-18.0,-20.0,#4296AE,1
14789,58.0,-18.0,-16.0,#4C96A7,1
14790,58.0,-18.0,-12.0,#5495A0,1
14791,58.0,-18.0,-8.0,#5B9599,1
14792,58.0,-18.0,16.0,#75946F,1
14793,58.0,-18.0,24.0,#7B9361,1
14794,58.0,-18.0,72.0,#8C9200,0
14795,58.0,-16.0,-48.0,#0098DF,0
14796,58.0,-16.0,-28.0,#3196BC,1
14797,58.0,-16.0,10.0,#749379,1
14798,58.0,-16.0,20.0,#7C9268,1
14799,58.0,-16.0,28.0,#819259,1
14800,58.0,-16.0,52.0,#8B9128,1
14801,58.0,-14.0,-60.0,#0098F4,0
14802,58.0,-14.0,-22.0,#4C94B1,1
14803,58.0,-14.0,-18.0,#5594AA,1
14804,58.0,-14.0,-14.0,#5C94A3,1
14805,58.0,-14.0,-10.0,#62939C,1
14806,58.0,-14.0,-6.0,#689395,1
14807,58.0,-14.0,-2.0,#6D938E,1
14808,58.0,-14.0,2.0,#719287,1
14809,58.0,-14.0,12.0,#7A9276,1
14810,58.0,-14.0,44.0,#8B913B,1
14811,58.0,-14.0,56.0,#8F901C,1
14812,58.0,-12.0,-52.0,#0096E6,0
14813,58.0,-12.0,-28.0,#4494BC,1
14814,58.0,-12.0,0.0,#73928B,1
14815,58.0,-12.0,4.0,#779184,1
14816,58.0,-12.0,26.0,#87905D,1
14817,58.0,-12.0,32.0,#8A9052,1
14818,58.0,-12.0,48.0,#908F32,1
14819,58.0,-12.0,62.0,#948F00,0
14820,58.0,-12.0,84.0,#978F00,0
14821,58.0,-12.0,92.0,#978F00,0
14822,58.0,-10.0,-58.0,#0096F1,0
14823,58.0,-10.0,-46.0,#0095DC,0
14824,58.0,-10.0,-10.0,#6C919C,1
14825,58.0,-10.0,-6.0,#719195,1
14826,58.0,-10.0,2.0,#7A9088,1
14827,58.0,-10.0,68.0,#988E00,0
14828,58.0,-8.0,-4.0,#789092,1
14829,58.0,-8.0,16.0,#888F6F,1
14830,58.0,-8.0,20.0,#8B8E68,1
14831,58.0,-8.0,58.0,#998D16,1
14832,58.0,-8.0,86.0,#9D8D00,0
14833,58.0,-6.0,-64.0,#0095FC,0
14834,58.0,-6.0,-56.0,#0094ED,0
14835,58.0,-6.0,-16.0,#6E90A7,1
14836,58.0,-6.0,40.0,#978D43,1
14837,58.0,-6.0,64.0,#9D8C00,0
14838,58.0,-4.0,-36.0,#4D91CA,1
14839,58.0,-4.0,-22.0,#6A8FB1,1
14840,58.0,-4.0,-14.0,#758FA3,1
14841,58.0,-4.0,-10.0,#7A8E9D,1
14842,58.0,-4.0,-6.0,#7E8E96,1
14843,58.0,-4.0,-2.0,#828E8F,1
14844,58.0,-4.0,2.0,#858D88,1
14845,58.0,-4.0,6.0,#898D81,1
14846,58.0,-4.0,10.0,#8C8D7A,1
14847,58.0,-4.0,14.0,#8E8D73,1
14848,58.0,-4.0,18.0,#918C6C,1
14849,58.0,-4.0,22.0,#938C65,1
14850,58.0,-4.0,44.0,#9C8B3B,1
14851,58.0,-4.0,56.0,#9F8B1E,1
14852,58.0,-2.0,-70.0,#0094FF,0
14853,58.0,-2.0,-28.0,#658FBC,1
14854,58.0,-2.0,-20.0,#728EAE,1
14855,58.0,-2.0,24.0,#978B61,1
14856,58.0,-2.0,48.0,#A08A33,1
14857,58.0,-2.0,62.0,#A38A04,1
14858,58.0,-2.0,70.0,#A48A00,0
14859,58.0,-2.0,78.0,#A58A00,0
14860,58.0,-2.0,86.0,#A68A00,0
14861,58.0,0.0,-36.0,#5B8FCA,1
14862,58.0,0.0,-26.0,#6E8DB8,1
14863,58.0,0.0,-20.0,#768DAE,1
14864,58.0,0.0,-16.0,#7B8DA7,1
14865,58.0,0.0,-12.0,#808CA0,1
14866,58.0,0.0,-8.0,#848C99,1
14867,58.0,0.0,-4.0,#888C92,1
14868,58.0,0.0,4.0,#8E8B84,1
14869,58.0,0.0,8.0,#918B7D,1
14870,58.0,0.0,12.0,#948B77,1
14871,58.0,0.0,32.0,#9E8A53,1
14872,58.0,2.0,-70.0,#0092FF,0
14873,58.0,2.0,-62.0,#0091F8,0
14874,58.0,2.0,-34.0,#658DC7,1
14875,58.0,2.0,-24.0,#758CB5,1
14876,58.0,2.0,-20.0,#7B8CAE,1
14877,58.0,2.0,-16.0,#808BA7,1
14878,58.0,2.0,-12.0,#848BA0,1
14879,58.0,2.0,-8.0,#888B99,1
14880,58.0,2.0,-4.0,#8C8B92,1
14881,58.0,2.0,4.0,#928A84,1
14882,58.0,2.0,8.0,#958A7E,1
14883,58.0,2.0,12.0,#978977,1
14884,58.0,2.0,48.0,#A68833,1
14885,58.0,2.0,70.0,#AA8800,0
14886,58.0,2.0,78.0,#AB8700,0
14887,58.0,2.0,86.0,#AC8700,0
14888,58.0,4.0,-44.0,#548DD8,1
14889,58.0,4.0,-32.0,#6E8CC3,1
14890,58.0,4.0,-20.0,#7F8BAE,1
14891,58.0,4.0,-16.0,#848AA7,1
14892,58.0,4.0,-12.0,#888AA0,1
14893,58.0,4.0,-8.0,#8C8A99,1
14894,58.0,4.0,-4.0,#8F8992,1
14895,58.0,4.0,0.0,#93898B,1
14896,58.0,4.0,4.0,#968985,1
14897,58.0,4.0,8.0,#98897E,1
14898,58.0,4.0,12.0,#9B8877,1
14899,58.0,4.0,42.0,#A78740,1
14900,58.0,6.0,-70.0,#0090FF,0
14901,58.0,6.0,-20.0,#838AAE,1
14902,58.0,6.0,-16.0,#8889A7,1
14903,58.0,6.0,-12.0,#8C89A0,1
14904,58.0,6.0,-8.0,#908999,1
14905,58.0,6.0,-4.0,#938892,1
14906,58.0,6.0,0.0,#96888C,1
14907,58.0,6.0,4.0,#998885,1
14908,58.0,6.0,8.0,#9C877E,1
14909,58.0,6.0,12.0,#9E8777,1
14910,58.0,6.0,24.0,#A48762,1
14911,58.0,6.0,38.0,#A98648,1
14912,58.0,6.0,48.0,#AC8634,1
14913,58.0,6.0,60.0,#AE8512,1
14914,58.0,6.0,84.0,#B18500,0
14915,58.0,8.0,-40.0,#6A8AD1,1
14916,58.0,8.0,-16.0,#8C88A7,1
14917,58.0,8.0,-12.0,#9088A0,1
14918,58.0,8.0,-8.0,#938799,1
14919,58.0,8.0,-4.0,#978793,1
14920,58.0,8.0,0.0,#9A878C,1
14921,58.0,8.0,4.0,#9C8685,1
14922,58.0,8.0,8.0,#9F867E,1
14923,58.0,8.0,12.0,#A18677,1
14924,58.0,8.0,16.0,#A38670,1
14925,58.0,8.0,90.0,#B48400,0
14926,58.0,10.0,-70.0,#008DFF,0
14927,58.0,10.0,-10.0,#95869D,1
14928,58.0,10.0,-6.0,#998696,1
14929,58.0,10.0,-2.0,#9C868F,1
14930,58.0,10.0,2.0,#9E8588,1
14931,58.0,10.0,6.0,#A18581,1
14932,58.0,10.0,10.0,#A3857A,1
14933,58.0,10.0,40.0,#B08345,1
14934,58.0,10.0,60.0,#B48313,1
14935,58.0,12.0,-4.0,#9E8593,1
14936,58.0,12.0,0.0,#A0848C,1
14937,58.0,12.0,4.0,#A38485,1
14938,58.0,12.0,8.0,#A5847E,1
14939,58.0,12.0,14.0,#A98374,1
14940,58.0,12.0,84.0,#BA8100,0
14941,58.0,14.0,-2.0,#A2838F,1
14942,58.0,14.0,2.0,#A58388,1
14943,58.0,14.0,12.0,#AB8277,1
14944,58.0,14.0,70.0,#BB8000,0
14945,58.0,14.0,78.0,#BC8000,0
14946,58.0,16.0,-72.0,#008AFF,0
14947,58.0,16.0,-66.0,#3489FF,0
14948,58.0,16.0,0.0,#A7828C,1
14949,58.0,16.0,6.0,#AB8182,1
14950,58.0,16.0,10.0,#AD817B,1
14951,58.0,16.0,16.0,#B08170,1
14952,58.0,16.0,20.0,#B28069,1
14953,58.0,18.0,-64.0,#4988FC,1
14954,58.0,18.0,4.0,#AD8085,1
14955,58.0,18.0,14.0,#B27F74,1
14956,58.0,18.0,64.0,#C07D01,1
14957,58.0,20.0,-62.0,#5886F9,1
14958,58.0,20.0,-38.0,#8A83CE,1
14959,58.0,20.0,-2.0,#AC7F8F,1
14960,58.0,20.0,8.0,#B27E7E,1
14961,58.0,20.0,12.0,#B47E77,1
14962,58.0,20.0,18.0,#B77E6D,1
14963,58.0,20.0,22.0,#B87D66,1
14964,58.0,22.0,2.0,#B27D89,1
14965,58.0,22.0,6.0,#B47D82,1
14966,58.0,24.0,-72.0,#4385FF,0
14967,58.0,24.0,-58.0,#7083F2,1
14968,58.0,24.0,-44.0,#8A81D9,1
14969,58.0,24.0,10.0,#B97B7B,1
14970,58.0,24.0,14.0,#BB7B74,1
14971,58.0,24.0,20.0,#BD7B6A,1
14972,58.0,24.0,24.0,#BF7A63,1
14973,58.0,26.0,-42.0,#917FD5,1
14974,58.0,26.0,86.0,#CD7700,0
14975,58.0,28.0,-58.0,#7B80F2,1
14976,58.0,28.0,24.0,#C47763,1
14977,58.0,30.0,-66.0,#6E80FF,0
14978,58.0,30.0,-48.0,#907DE0,1
14979,58.0,30.0,84.0,#D27400,0
14980,58.0,32.0,90.0,#D57200,0
14981,58.0,34.0,-72.0,#6A7EFF,0
14982,58.0,34.0,-66.0,#797DFF,0
14983,58.0,34.0,-56.0,#8D7BEE,1
14984,58.0,36.0,-62.0,#877AF9,1
14985,58.0,36.0,24.0,#D07163,1
14986,58.0,38.0,-72.0,#767BFF,0
14987,58.0,38.0,-56.0,#9578EE,1
14988,58.0,40.0,-68.0,#8578FF,0
14989,58.0,40.0,-62.0,#9077F9,1
14990,58.0,44.0,-68.0,#8E75FF,0
14991,58.0,44.0,-60.0,#9C73F5,1
14992,58.0,46.0,-38.0,#BA6ECF,1
14993,58.0,48.0,-66.0,#9B71FF,0
14994,58.0,48.0,-34.0,#C16BC8,1
14995,58.0,50.0,-30.0,#C768C1,1
14996,58.0,50.0,-24.0,#CC67B6,1
14997,58.0,50.0,50.0,#E86135,1
14998,58.0,52.0,-40.0,#C268D2,1
14999,58.0,54.0,-36.0,#C965CB,1
15000,58.0,54.0,-20.0,#D462B0,1
15001,58.0,54.0,-14.0,#D861A5,1
15002,58.0,54.0,70.0,#EF5B00,0
15003,58.0,54.0,88.0,#F05B00,0
15004,58.0,56.0,-32.0,#CF62C4,1
15005,58.0,56.0,-26.0,#D361BA,1
15006,58.0,56.0,94.0,#F35800,0
15007,58.0,58.0,-10.0,#E05C9F,1
15008,58.0,58.0,68.0,#F45600,1
15009,58.0,58.0,76.0,#F55600,0
15010,58.0,60.0,-54.0,#C161EB,1
15011,58.0,60.0,-38.0,#D05ECF,1
15012,58.0,60.0,-22.0,#DC5BB3,1
15013,58.0,60.0,-16.0,#DF5AA9,1
15014,58.0,62.0,-50.0,#C95EE4,1
15015,58.0,62.0,-6.0,#E75698,1
15016,58.0,62.0,74.0,#FA5000,0
15017,58.0,62.0,82.0,#FA5000,0
15018,58.0,64.0,-62.0,#BF5EF9,1
15019,58.0,64.0,10.0,#F0517D,1
15020,58.0,66.0,-46.0,#D357DD,1
15021,58.0,66.0,-40.0,#D856D3,1
15022,58.0,66.0,-20.0,#E652B0,1
15023,58.0,66.0,-2.0,#EE4F91,1
15024,58.0,68.0,-70.0,#BC5BFF,0
15025,58.0,68.0,94.0,#FF4500,0
15026,58.0,70.0,-52.0,#D453E8,1
15027,58.0,70.0,60.0,#FF4222,0
15028,58.0,72.0,6.0,#F94384,1
15029,58.0,72.0,12.0,#FB437A,1
15030,58.0,72.0,92.0,#FF3D00,0
15031,58.0,76.0,90.0,#FF3300,0
15032,58.0,76.0,98.0,#FF3300,0
15033,58.0,78.0,-18.0,#F73BAD,1
15034,58.0,78.0,14.0,#FF3477,0
15035,58.0,78.0,76.0,#FF2D00,0
15036,58.0,80.0,82.0,#FF2600,0
15037,58.0,82.0,-60.0,#DF3FF6,1
15038,58.0,82.0,20.0,#FF266D,0
15039,58.0,82.0,88.0,#FF1D00,0
15040,58.0,84.0,-16.0,#FF28AA,0
15041,58.0,84.0,66.0,#FF1217,0
15042,58.0,84.0,78.0,#FF1100,0
15043,58.0,86.0,-24.0,#FF24B7,0
15044,58.0,86.0,62.0,#FF0022,0
15045,58.0,86.0,72.0,#FF0000,0
15046,58.0,88.0,-30.0,#FF1DC2,1
15047,58.0,88.0,24.0,#FF0067,0
15048,58.0,88.0,52.0,#FF0037,0
15049,58.0,90.0,-18.0,#FF01AD,0
15050,58.0,90.0,-4.0,#FF0096,0
15051,58.0,90.0,44.0,#FF0045,0
15052,58.0,94.0,-24.0,#FF00B8,0
15053,58.0,94.0,32.0,#FF005A,0
15054,58.0,98.0,14.0,#FF0078,0
15055,58.0,102.0,-24.0,#FF00B8,0
15056,58.0,102.0,-4.0,#FF0096,0
15057,58.0,108.0,-42.0,#FF00D7,0
15058,58.0,108.0,-30.0,#FF00C3,0
15059,59.0,-128.0,28.0,#00B458,0
15060,59.0,-122.0,82.0,#00B200,0
15061,59.0,-120.0,0.0,#00B48B,0
15062,59.0,-120.0,6.0,#00B481,0
15063,59.0,-120.0,12.0,#00B476,0
15064,59.0,-120.0,18.0,#00B36B,0
15065,59.0,-120.0,26.0,#00B35C,0
15066,59.0,-120.0,34.0,#00B34C,0
15067,59.0,-120.0,42.0,#00B33B,0
15068,59.0,-120.0,50.0,#00B227,0
15069,59.0,-120.0,58.0,#00B202,0
15070,59.0,-120.0,68.0,#00B200,0
15071,59.0,-118.0,74.0,#00B200,0
15072,59.0,-112.0,12.0,#00B276,0
15073,59.0,-112.0,18.0,#00B26B,0
15074,59.0,-112.0,24.0,#00B260,0
15075,59.0,-112.0,32.0,#00B251,0
15076,59.0,-112.0,40.0,#00B140,0
15077,59.0,-110.0,88.0,#00B000,0
15078,59.0,-106.0,-4.0,#00B293,0
15079,59.0,-102.0,-24.0,#00B2B6,0
15080,59.0,-96.0,-28.0,#00B2BD,0
15081,59.0,-96.0,18.0,#00AF6B,0
15082,59.0,-96.0,24.0,#00AF60,0
15083,59.0,-96.0,30.0,#00AF55,0
15084,59.0,-96.0,54.0,#00AE1C,0
15085,59.0,-94.0,92.0,#00AD00,0
15086,59.0,-88.0,-32.0,#00B0C4,0
15087,59.0,-86.0,78.0,#00AB00,0
15088,59.0,-84.0,58.0,#00AB09,0
15089,59.0,-84.0,92.0,#00AB00,0
15090,59.0,-82.0,-4.0,#00AD93,0
15091,59.0,-80.0,-28.0,#00AEBD,0
15092,59.0,-80.0,-14.0,#00ADA5,0
15093,59.0,-80.0,2.0,#00AC88,0
15094,59.0,-80.0,26.0,#00AB5D,0
15095,59.0,-80.0,32.0,#00AB52,0
15096,59.0,-80.0,38.0,#00AB46,0
15097,59.0,-78.0,-8.0,#00AC9A,0
15098,59.0,-76.0,-22.0,#00ACB3,0
15099,59.0,-76.0,52.0,#00A924,0
15100,59.0,-76.0,94.0,#00A900,0
15101,59.0,-74.0,-26.0,#00ACBA,0
15102,59.0,-72.0,32.0,#00A952,0
15103,59.0,-70.0,-8.0,#00AA9A,0
15104,59.0,-70.0,90.0,#00A700,0
15105,59.0,-68.0,36.0,#00A84A,0
15106,59.0,-66.0,-4.0,#00A993,0
15107,59.0,-64.0,-16.0,#00A9A8,0
15108,59.0,-64.0,0.0,#00A88C,0
15109,59.0,-64.0,56.0,#00A618,0
15110,59.0,-64.0,94.0,#1CA600,0
15111,59.0,-62.0,-42.0,#00AAD6,0
15112,59.0,-62.0,32.0,#00A652,0
15113,59.0,-62.0,62.0,#0BA500,0
15114,59.0,-60.0,38.0,#00A546,0
15115,59.0,-58.0,96.0,#3AA400,0
15116,59.0,-56.0,-44.0,#00A9DA,0
15117,59.0,-56.0,-38.0,#00A8CF,0
15118,59.0,-56.0,28.0,#00A45A,0
15119,59.0,-54.0,34.0,#14A34F,1
15120,59.0,-54.0,40.0,#24A343,1
15121,59.0,-54.0,46.0,#2DA336,1
15122,59.0,-52.0,-20.0,#00A5B0,0
15123,59.0,-52.0,58.0,#40A211,1
15124,59.0,-52.0,68.0,#46A200,0
15125,59.0,-50.0,24.0,#16A262,1
15126,59.0,-48.0,28.0,#2FA25A,1
15127,59.0,-48.0,36.0,#3BA14B,1
15128,59.0,-48.0,42.0,#41A13F,1
15129,59.0,-48.0,62.0,#4FA100,0
15130,59.0,-48.0,96.0,#58A000,0
15131,59.0,-46.0,-20.0,#00A4B0,0
15132,59.0,-46.0,-8.0,#00A39B,0
15133,59.0,-46.0,6.0,#00A282,0
15134,59.0,-46.0,54.0,#50A021,1
15135,59.0,-46.0,68.0,#56A000,0
15136,59.0,-44.0,20.0,#33A069,1
15137,59.0,-42.0,10.0,#24A07B,1
15138,59.0,-42.0,24.0,#41A062,1
15139,59.0,-42.0,30.0,#499F57,1
15140,59.0,-42.0,36.0,#4F9F4B,1
15141,59.0,-42.0,72.0,#619E00,0
15142,59.0,-42.0,100.0,#669E00,0
15143,59.0,-40.0,-24.0,#00A2B7,0
15144,59.0,-40.0,-20.0,#00A1B0,0
15145,59.0,-40.0,-16.0,#00A1A9,0
15146,59.0,-40.0,4.0,#1BA086,1
15147,59.0,-40.0,50.0,#5E9E2D,1
15148,59.0,-40.0,64.0,#639E00,0
15149,59.0,-38.0,-44.0,#00A3DA,0
15150,59.0,-38.0,-12.0,#00A0A2,0
15151,59.0,-38.0,76.0,#6B9D00,0
15152,59.0,-36.0,26.0,#569D5F,1
15153,59.0,-36.0,52.0,#689D28,1
15154,59.0,-36.0,68.0,#6D9C00,0
15155,59.0,-36.0,100.0,#729C00,0
15156,59.0,-32.0,-12.0,#079EA2,1
15157,59.0,-30.0,-2.0,#419C91,1
15158,59.0,-30.0,2.0,#499C8A,1
15159,59.0,-30.0,6.0,#4F9C83,1
15160,59.0,-30.0,48.0,#729A33,1
15161,59.0,-30.0,76.0,#7A9A00,0
15162,59.0,-30.0,94.0,#7D9A00,0
15163,59.0,-28.0,-8.0,#3B9C9B,1
15164,59.0,-28.0,100.0,#819900,0
15165,59.0,-26.0,-50.0,#009FE5,0
15166,59.0,-26.0,-42.0,#009ED7,0
15167,59.0,-26.0,-36.0,#009DCC,0
15168,59.0,-26.0,-4.0,#4B9B94,1
15169,59.0,-26.0,8.0,#5E9A7F,1
15170,59.0,-26.0,12.0,#629A78,1
15171,59.0,-26.0,62.0,#7F9800,0
15172,59.0,-24.0,54.0,#809824,1
15173,59.0,-24.0,90.0,#879700,0
15174,59.0,-22.0,10.0,#6A987C,1
15175,59.0,-22.0,48.0,#829734,1
15176,59.0,-22.0,64.0,#869600,0
15177,59.0,-22.0,98.0,#8B9600,0
15178,59.0,-20.0,-60.0,#009EF7,0
15179,59.0,-20.0,92.0,#8E9500,0
15180,59.0,-18.0,-4.0,#639794,1
15181,59.0,-18.0,64.0,#8D9500,0
15182,59.0,-16.0,94.0,#949300,0
15183,59.0,-14.0,-34.0,#2498C9,1
15184,59.0,-14.0,24.0,#859463,1
15185,59.0,-14.0,30.0,#889458,1
15186,59.0,-14.0,70.0,#959300,0
15187,59.0,-14.0,100.0,#989200,0
15188,59.0,-10.0,-36.0,#3596CD,1
15189,59.0,-10.0,-14.0,#6994A6,1
15190,59.0,-10.0,12.0,#849279,1
15191,59.0,-10.0,36.0,#92914D,1
15192,59.0,-8.0,-42.0,#2196D7,1
15193,59.0,-8.0,-20.0,#6594B1,1
15194,59.0,-8.0,-16.0,#6C93AA,1
15195,59.0,-8.0,-8.0,#76939C,1
15196,59.0,-8.0,2.0,#80928A,1
15197,59.0,-8.0,46.0,#999039,1
15198,59.0,-8.0,74.0,#9F9000,0
15199,59.0,-8.0,98.0,#A18F00,0
15200,59.0,-6.0,-50.0,#0096E6,0
15201,59.0,-6.0,-38.0,#4294D0,1
15202,59.0,-6.0,-12.0,#7692A3,1
15203,59.0,-6.0,-8.0,#7A929C,1
15204,59.0,-6.0,-4.0,#7F9195,1
15205,59.0,-6.0,0.0,#82918E,1
15206,59.0,-6.0,4.0,#869187,1
15207,59.0,-6.0,8.0,#899180,1
15208,59.0,-6.0,12.0,#8C9079,1
15209,59.0,-6.0,16.0,#8F9072,1
15210,59.0,-6.0,20.0,#91906B,1
15211,59.0,-6.0,80.0,#A28E00,0
15212,59.0,-4.0,0.0,#86908E,1
15213,59.0,-4.0,96.0,#A78D00,0
15214,59.0,-2.0,-42.0,#4693D7,1
15215,59.0,-2.0,-14.0,#7C90A6,1
15216,59.0,-2.0,-10.0,#81909F,1
15217,59.0,-2.0,-6.0,#858F98,1
15218,59.0,-2.0,-2.0,#888F91,1
15219,59.0,-2.0,2.0,#8C8F8A,1
15220,59.0,-2.0,6.0,#8F8F83,1
15221,59.0,-2.0,10.0,#928E7C,1
15222,59.0,-2.0,14.0,#948E75,1
15223,59.0,-2.0,18.0,#978E6E,1
15224,59.0,0.0,-54.0,#0093ED,0
15225,59.0,0.0,38.0,#A38C4A,1
15226,59.0,0.0,52.0,#A78C2C,1
15227,59.0,0.0,94.0,#AC8B00,0
15228,59.0,4.0,24.0,#A48A64,1
15229,59.0,6.0,-52.0,#4590E9,1
15230,59.0,6.0,-26.0,#7E8DBB,1
15231,59.0,8.0,-58.0,#348FF4,1
15232,59.0,8.0,-24.0,#858BB8,1
15233,59.0,8.0,24.0,#AA8864,1
15234,59.0,8.0,32.0,#AD8856,1
15235,59.0,8.0,44.0,#B1873F,1
15236,59.0,10.0,-54.0,#4F8EED,1
15237,59.0,10.0,-48.0,#618DE2,1
15238,59.0,10.0,-34.0,#7C8BC9,1
15239,59.0,10.0,-22.0,#8C8AB4,1
15240,59.0,10.0,74.0,#B98500,0
15241,59.0,12.0,-64.0,#2A8EFF,0
15242,59.0,12.0,-32.0,#838AC6,1
15243,59.0,12.0,-28.0,#8989BF,1
15244,59.0,12.0,-20.0,#9288B1,1
15245,59.0,12.0,-16.0,#9688AA,1
15246,59.0,12.0,34.0,#B48552,1
15247,59.0,12.0,52.0,#B8842E,1
15248,59.0,14.0,-54.0,#5E8BED,1
15249,59.0,14.0,-44.0,#758ADB,1
15250,59.0,14.0,-40.0,#7C89D4,1
15251,59.0,14.0,-26.0,#8F88BC,1
15252,59.0,14.0,-14.0,#9C87A7,1
15253,59.0,14.0,-10.0,#9F86A0,1
15254,59.0,14.0,58.0,#BC831E,1
15255,59.0,16.0,-38.0,#8488D1,1
15256,59.0,16.0,-24.0,#9586B8,1
15257,59.0,16.0,-20.0,#9A86B1,1
15258,59.0,16.0,-8.0,#A4859C,1
15259,59.0,16.0,36.0,#BA824F,1
15260,59.0,16.0,54.0,#BE822A,1
15261,59.0,16.0,88.0,#C28100,0
15262,59.0,18.0,-50.0,#7388E6,1
15263,59.0,18.0,-32.0,#9086C6,1
15264,59.0,18.0,-18.0,#9F84AE,1
15265,59.0,18.0,-14.0,#A384A7,1
15266,59.0,18.0,-6.0,#A98399,1
15267,59.0,20.0,-48.0,#7C87E2,1
15268,59.0,20.0,-44.0,#8386DB,1
15269,59.0,20.0,-30.0,#9684C3,1
15270,59.0,20.0,-26.0,#9B84BC,1
15271,59.0,20.0,-22.0,#9F83B5,1
15272,59.0,20.0,-12.0,#A882A3,1
15273,59.0,20.0,52.0,#C47F2F,1
15274,59.0,20.0,74.0,#C77E00,0
15275,59.0,20.0,84.0,#C87E00,0
15276,59.0,20.0,96.0,#C87E00,0
15277,59.0,22.0,-20.0,#A482B1,1
15278,59.0,22.0,-16.0,#A881AA,1
15279,59.0,22.0,-8.0,#AE819C,1
15280,59.0,22.0,90.0,#CB7D00,0
15281,59.0,24.0,-36.0,#9782CD,1
15282,59.0,24.0,-30.0,#9E81C3,1
15283,59.0,24.0,-26.0,#A281BC,1
15284,59.0,24.0,-12.0,#AE80A3,1
15285,59.0,24.0,-4.0,#B47F96,1
15286,59.0,24.0,54.0,#CA7C2B,1
15287,59.0,24.0,72.0,#CC7B00,0
15288,59.0,24.0,96.0,#CE7B00,0
15289,59.0,26.0,-20.0,#AB7FB1,1
15290,59.0,26.0,-16.0,#AF7EAA,1
15291,59.0,26.0,-8.0,#B47E9D,1
15292,59.0,26.0,0.0,#B97D8F,1
15293,59.0,26.0,4.0,#BC7D88,1
15294,59.0,28.0,-36.0,#9F7FCD,1
15295,59.0,28.0,-30.0,#A57FC3,1
15296,59.0,28.0,-26.0,#A97EBC,1
15297,59.0,28.0,8.0,#C17B81,1
15298,59.0,28.0,12.0,#C37B7A,1
15299,59.0,28.0,54.0,#CF792B,1
15300,59.0,28.0,78.0,#D27800,0
15301,59.0,30.0,-14.0,#B77BA7,1
15302,59.0,30.0,-6.0,#BC7A99,1
15303,59.0,30.0,-2.0,#BE7A92,1
15304,59.0,30.0,2.0,#C17A8C,1
15305,59.0,30.0,16.0,#C77973,1
15306,59.0,30.0,36.0,#CE7850,1
15307,59.0,30.0,66.0,#D37700,1
15308,59.0,30.0,74.0,#D47700,0
15309,59.0,30.0,98.0,#D67600,0
15310,59.0,32.0,-42.0,#9F7DD8,1
15311,59.0,32.0,-36.0,#A67CCE,1
15312,59.0,32.0,-24.0,#B27BB9,1
15313,59.0,32.0,-20.0,#B57AB2,1
15314,59.0,32.0,-10.0,#BD79A0,1
15315,59.0,32.0,6.0,#C67885,1
15316,59.0,32.0,54.0,#D4752C,1
15317,59.0,34.0,-48.0,#9B7CE3,1
15318,59.0,34.0,-32.0,#AE7AC7,1
15319,59.0,34.0,0.0,#C6778F,1
15320,59.0,34.0,10.0,#CA767E,1
15321,59.0,34.0,14.0,#CC7677,1
15322,59.0,34.0,20.0,#CE756D,1
15323,59.0,34.0,74.0,#D97300,0
15324,59.0,34.0,82.0,#DA7300,0
15325,59.0,34.0,98.0,#DB7300,0
15326,59.0,36.0,-42.0,#A77AD8,1
15327,59.0,36.0,-14.0,#C076A7,1
15328,59.0,36.0,-8.0,#C4769D,1
15329,59.0,36.0,-4.0,#C67596,1
15330,59.0,36.0,4.0,#CA7588,1
15331,59.0,36.0,52.0,#D97231,1
15332,59.0,38.0,-48.0,#A379E3,1
15333,59.0,38.0,-38.0,#AF77D1,1
15334,59.0,38.0,-30.0,#B776C3,1
15335,59.0,38.0,-24.0,#BC76B9,1
15336,59.0,38.0,8.0,#CF7282,1
15337,59.0,38.0,72.0,#DE7000,0
15338,59.0,40.0,-12.0,#C772A4,1
15339,59.0,40.0,0.0,#CE718F,1
15340,59.0,40.0,12.0,#D4707B,1
15341,59.0,40.0,86.0,#E26D00,0
15342,59.0,40.0,100.0,#E36D00,0
15343,59.0,42.0,-46.0,#AD75DF,1
15344,59.0,42.0,-8.0,#CD709D,1
15345,59.0,42.0,16.0,#D86E74,1
15346,59.0,42.0,28.0,#DC6D5F,1
15347,59.0,42.0,32.0,#DD6D58,1
15348,59.0,42.0,46.0,#E06C3E,1
15349,59.0,42.0,54.0,#E16C2E,1
15350,59.0,42.0,72.0,#E46C00,0
15351,59.0,42.0,92.0,#E56B00,0
15352,59.0,44.0,-42.0,#B573D8,1
15353,59.0,44.0,-18.0,#CA6FAE,1
15354,59.0,44.0,38.0,#E16B4E,1
15355,59.0,44.0,98.0,#E86900,0
15356,59.0,46.0,-52.0,#AE72EA,1
15357,59.0,46.0,-14.0,#CF6DA8,1
15358,59.0,46.0,0.0,#D76B90,1
15359,59.0,46.0,44.0,#E56843,1
15360,59.0,46.0,52.0,#E66833,1
15361,59.0,46.0,70.0,#E96800,0
15362,59.0,46.0,86.0,#EA6700,0
15363,59.0,48.0,-10.0,#D56AA1,1
15364,59.0,48.0,32.0,#E56759,1
15365,59.0,48.0,36.0,#E66752,1
15366,59.0,48.0,92.0,#EC6500,0
15367,59.0,50.0,-60.0,#AB70F9,1
15368,59.0,50.0,-6.0,#DA689A,1
15369,59.0,50.0,4.0,#DE6789,1
15370,59.0,50.0,20.0,#E4656E,1
15371,59.0,50.0,24.0,#E56567,1
15372,59.0,50.0,42.0,#EA6447,1
15373,59.0,50.0,98.0,#EF6300,0
15374,59.0,52.0,-46.0,#BF6BE0,1
15375,59.0,52.0,-2.0,#DE6593,1
15376,59.0,52.0,8.0,#E36482,1
15377,59.0,52.0,64.0,#F06115,1
15378,59.0,54.0,-68.0,#A76EFF,0
15379,59.0,54.0,36.0,#EE6052,1
15380,59.0,54.0,48.0,#F05F3C,1
15381,59.0,54.0,82.0,#F45E00,0
15382,59.0,56.0,2.0,#E6608D,1
15383,59.0,56.0,54.0,#F35C30,1
15384,59.0,56.0,62.0,#F45C1C,1
15385,59.0,60.0,-2.0,#E95B94,1
15386,59.0,60.0,6.0,#ED5A86,1
15387,59.0,60.0,48.0,#F8573D,1
15388,59.0,60.0,100.0,#FC5600,0
15389,59.0,62.0,-30.0,#DC5DC4,1
15390,59.0,62.0,26.0,#F65564,1
15391,59.0,62.0,90.0,#FE5300,0
15392,59.0,64.0,2.0,#F1558D,1
15393,59.0,64.0,46.0,#FC5141,1
15394,59.0,66.0,52.0,#FF4D36,0
15395,59.0,68.0,-28.0,#E753C1,1
15396,59.0,68.0,44.0,#FF4A45,0
15397,59.0,68.0,80.0,#FF4900,0
15398,59.0,70.0,50.0,#FF463A,0
15399,59.0,72.0,-38.0,#E64FD2,1
15400,59.0,72.0,-16.0,#F34AAC,1
15401,59.0,72.0,-10.0,#F649A2,1
15402,59.0,72.0,18.0,#FF4572,0
15403,59.0,74.0,-44.0,#E44DDD,1
15404,59.0,74.0,-32.0,#ED4AC8,1
15405,59.0,74.0,-24.0,#F248BA,1
15406,59.0,74.0,56.0,#FF3D2F,0
15407,59.0,78.0,62.0,#FF3322,0
15408,59.0,80.0,-42.0,#EF41D9,1
15409,59.0,80.0,-30.0,#F73DC4,1
15410,59.0,80.0,48.0,#FF2D3F,0
15411,59.0,82.0,-36.0,#F63ACF,1
15412,59.0,84.0,-50.0,#EE3AE7,1
15413,59.0,84.0,-6.0,#FF2A9B,0
15414,59.0,86.0,-44.0,#F631DD,1
15415,59.0,88.0,-38.0,#FD28D3,1
15416,59.0,90.0,-54.0,#F428EF,1
15417,59.0,92.0,-48.0,#FC1BE4,1
15418,59.0,94.0,-64.0,#F21DFF,0
15419,59.0,94.0,-36.0,#FF00CF,0
15420,59.0,96.0,-58.0,#FA03F6,1
15421,59.0,96.0,-12.0,#FF00A6,0
15422,59.0,102.0,-66.0,#FC00FF,0
15423,59.0,102.0,-46.0,#FF00E1,0
15424,59.0,108.0,-48.0,#FF00E5,0
15425,60.0,-128.0,10.0,#00B87C,0
15426,60.0,-128.0,34.0,#00B74F,0
15427,60.0,-128.0,60.0,#00B700,0
15428,60.0,-128.0,68.0,#00B600,0
15429,60.0,-104.0,44.0,#00B33A,0
15430,60.0,-104.0,52.0,#00B325,0
15431,60.0,-102.0,-8.0,#00B49C,0
15432,60.0,-102.0,78.0,#00B200,0
15433,60.0,-102.0,88.0,#00B200,0
15434,60.0,-100.0,-2.0,#00B492,0
15435,60.0,-98.0,4.0,#00B387,0
15436,60.0,-96.0,-14.0,#00B3A7,0
15437,60.0,-96.0,42.0,#00B13F,0
15438,60.0,-96.0,76.0,#00B100,0
15439,60.0,-94.0,-8.0,#00B39C,0
15440,60.0,-92.0,-18.0,#00B3AE,0
15441,60.0,-92.0,-2.0,#00B292,0
15442,60.0,-90.0,-28.0,#00B3C0,0
15443,60.0,-90.0,4.0,#00B187,0
15444,60.0,-88.0,-22.0,#00B2B5,0
15445,60.0,-88.0,10.0,#00B07D,0
15446,60.0,-88.0,16.0,#00B072,0
15447,60.0,-88.0,22.0,#00B067,0
15448,60.0,-88.0,50.0,#00AF2C,0
15449,60.0,-86.0,-16.0,#00B1AB,0
15450,60.0,-84.0,-10.0,#00B1A0,0
15451,60.0,-82.0,-36.0,#00B2CE,0
15452,60.0,-82.0,-20.0,#00B1B2,0
15453,60.0,-80.0,46.0,#00AD36,0
15454,60.0,-76.0,-40.0,#00B1D6,0
15455,60.0,-76.0,-18.0,#00AFAE,0
15456,60.0,-74.0,-12.0,#00AEA4,0
15457,60.0,-74.0,8.0,#00AD80,0
15458,60.0,-74.0,40.0,#00AC44,0
15459,60.0,-72.0,14.0,#00AC76,0
15460,60.0,-70.0,-44.0,#00B0DD,0
15461,60.0,-70.0,-38.0,#00AFD2,0
15462,60.0,-70.0,-16.0,#00ADAB,0
15463,60.0,-70.0,0.0,#00AC8F,0
15464,60.0,-68.0,6.0,#00AB84,0
15465,60.0,-66.0,10.0,#00AB7D,0
15466,60.0,-66.0,42.0,#00AA40,0
15467,60.0,-66.0,48.0,#00A933,0
15468,60.0,-64.0,-48.0,#00AEE4,0
15469,60.0,-64.0,82.0,#1BA800,0
15470,60.0,-62.0,-24.0,#00ACB9,0
15471,60.0,-62.0,-8.0,#00AB9D,0
15472,60.0,-62.0,88.0,#2BA800,0
15473,60.0,-60.0,6.0,#00A984,0
15474,60.0,-60.0,12.0,#00A97A,0
15475,60.0,-60.0,44.0,#00A83C,0
15476,60.0,-58.0,-52.0,#00ADEB,0
15477,60.0,-58.0,-32.0,#00ABC8,0
15478,60.0,-58.0,-4.0,#00A996,0
15479,60.0,-58.0,0.0,#00A98F,0
15480,60.0,-56.0,-26.0,#00AABD,0
15481,60.0,-54.0,-16.0,#00A9AB,0
15482,60.0,-54.0,-8.0,#00A89D,0
15483,60.0,-54.0,4.0,#00A788,0
15484,60.0,-54.0,8.0,#00A781,0
15485,60.0,-54.0,14.0,#00A776,0
15486,60.0,-54.0,100.0,#4BA500,0
15487,60.0,-52.0,-54.0,#00ABEF,0
15488,60.0,-52.0,-2.0,#00A793,0
15489,60.0,-50.0,-28.0,#00A8C1,0
15490,60.0,-48.0,-58.0,#00ABF6,0
15491,60.0,-48.0,2.0,#00A58C,0
15492,60.0,-46.0,-52.0,#00A9EB,0
15493,60.0,-46.0,-44.0,#00A8DD,0
15494,60.0,-46.0,-14.0,#00A6A8,0
15495,60.0,-44.0,-2.0,#00A493,0
15496,60.0,-44.0,84.0,#62A200,0
15497,60.0,-42.0,-60.0,#00A9FA,0
15498,60.0,-42.0,46.0,#59A239,1
15499,60.0,-42.0,92.0,#68A100,0
15500,60.0,-40.0,-54.0,#00A7EF,0
15501,60.0,-40.0,-40.0,#00A6D6,0
15502,60.0,-40.0,-28.0,#00A5C1,0
15503,60.0,-40.0,16.0,#3FA273,1
15504,60.0,-38.0,-64.0,#00A8FF,0
15505,60.0,-38.0,-8.0,#00A39E,0
15506,60.0,-36.0,-58.0,#00A6F6,0
15507,60.0,-36.0,2.0,#33A18C,1
15508,60.0,-36.0,6.0,#3DA185,1
15509,60.0,-36.0,10.0,#44A17E,1
15510,60.0,-36.0,18.0,#50A070,1
15511,60.0,-36.0,22.0,#55A068,1
15512,60.0,-36.0,88.0,#749F00,0
15513,60.0,-34.0,-52.0,#00A5EC,0
15514,60.0,-34.0,-38.0,#00A3D3,0
15515,60.0,-34.0,-26.0,#00A2BD,0
15516,60.0,-34.0,14.0,#51A077,1
15517,60.0,-34.0,32.0,#639F56,1
15518,60.0,-32.0,-66.0,#00A6FF,0
15519,60.0,-32.0,-20.0,#00A1B3,0
15520,60.0,-32.0,-8.0,#28A09E,1
15521,60.0,-32.0,56.0,#749E20,1
15522,60.0,-32.0,82.0,#7A9D00,0
15523,60.0,-30.0,-60.0,#00A4FA,0
15524,60.0,-30.0,-16.0,#04A0AC,1
15525,60.0,-30.0,16.0,#5F9E73,1
15526,60.0,-30.0,20.0,#639E6C,1
15527,60.0,-30.0,24.0,#669E65,1
15528,60.0,-30.0,40.0,#719D47,1
15529,60.0,-28.0,-22.0,#00A0B6,0
15530,60.0,-28.0,-12.0,#329FA5,1
15531,60.0,-28.0,28.0,#6E9D5E,1
15532,60.0,-28.0,84.0,#829B00,0
15533,60.0,-26.0,-68.0,#00A4FF,0
15534,60.0,-26.0,50.0,#7E9B31,1
15535,60.0,-24.0,-30.0,#009FC5,0
15536,60.0,-24.0,-24.0,#0E9EBA,1
15537,60.0,-24.0,-18.0,#339EAF,1
15538,60.0,-24.0,-14.0,#3F9DA8,1
15539,60.0,-24.0,18.0,#6F9B70,1
15540,60.0,-24.0,22.0,#729B69,1
15541,60.0,-24.0,36.0,#7B9B4F,1
15542,60.0,-22.0,-42.0,#009FDA,0
15543,60.0,-22.0,-36.0,#009ECF,0
15544,60.0,-22.0,-10.0,#509CA1,1
15545,60.0,-22.0,-6.0,#579C9A,1
15546,60.0,-22.0,-2.0,#5E9C93,1
15547,60.0,-22.0,2.0,#639B8C,1
15548,60.0,-22.0,6.0,#689B85,1
15549,60.0,-22.0,26.0,#799A62,1
15550,60.0,-22.0,42.0,#829A43,1
15551,60.0,-20.0,-68.0,#00A1FF,0
15552,60.0,-20.0,-30.0,#059DC5,1
15553,60.0,-20.0,-24.0,#329CBA,1
15554,60.0,-20.0,-20.0,#409CB3,1
15555,60.0,-20.0,-16.0,#4A9CAC,1
15556,60.0,-20.0,-12.0,#539BA5,1
15557,60.0,-20.0,14.0,#749A77,1
15558,60.0,-20.0,18.0,#789A70,1
15559,60.0,-20.0,30.0,#80995A,1
15560,60.0,-20.0,54.0,#8A9827,1
15561,60.0,-20.0,70.0,#8E9800,0
15562,60.0,-20.0,80.0,#8F9800,0
15563,60.0,-18.0,-50.0,#009EE8,0
15564,60.0,-18.0,0.0,#6B9A90,1
15565,60.0,-18.0,4.0,#6F9989,1
15566,60.0,-18.0,22.0,#7F9869,1
15567,60.0,-18.0,42.0,#899843,1
15568,60.0,-16.0,-44.0,#009DDE,0
15569,60.0,-16.0,-20.0,#509AB3,1
15570,60.0,-16.0,-16.0,#589AAC,1
15571,60.0,-16.0,-12.0,#5F9AA5,1
15572,60.0,-16.0,6.0,#769886,1
15573,60.0,-16.0,14.0,#7D9877,1
15574,60.0,-16.0,18.0,#809870,1
15575,60.0,-16.0,46.0,#8E973B,1
15576,60.0,-16.0,82.0,#969600,0
15577,60.0,-14.0,-68.0,#009FFF,0
15578,60.0,-14.0,-8.0,#6A989E,1
15579,60.0,-14.0,-4.0,#6F9897,1
15580,60.0,-14.0,0.0,#749890,1
15581,60.0,-14.0,20.0,#85976D,1
15582,60.0,-14.0,36.0,#8E964F,1
15583,60.0,-14.0,76.0,#989500,0
15584,60.0,-12.0,-48.0,#009BE5,0
15585,60.0,-12.0,-20.0,#5D98B3,1
15586,60.0,-12.0,-12.0,#6A98A5,1
15587,60.0,-12.0,-2.0,#769794,1
15588,60.0,-12.0,2.0,#7B978D,1
15589,60.0,-12.0,6.0,#7E9686,1
15590,60.0,-12.0,10.0,#82967F,1
15591,60.0,-12.0,14.0,#859678,1
15592,60.0,-10.0,-64.0,#009CFF,0
15593,60.0,-10.0,-8.0,#74969E,1
15594,60.0,-10.0,-4.0,#799697,1
15595,60.0,-10.0,0.0,#7D9690,1
15596,60.0,-10.0,4.0,#819689,1
15597,60.0,-10.0,16.0,#8A9574,1
15598,60.0,-10.0,30.0,#92945B,1
15599,60.0,-8.0,-28.0,#5997C1,1
15600,60.0,-8.0,-2.0,#7F9594,1
15601,60.0,-8.0,6.0,#869486,1
15602,60.0,-8.0,10.0,#89947F,1
15603,60.0,-8.0,18.0,#8F9471,1
15604,60.0,-8.0,40.0,#999348,1
15605,60.0,-8.0,54.0,#9E9329,1
15606,60.0,-8.0,62.0,#A0920C,1
15607,60.0,-6.0,24.0,#969266,1
15608,60.0,-4.0,-32.0,#5D95C8,1
15609,60.0,-4.0,-26.0,#6895BE,1
15610,60.0,-4.0,-20.0,#7294B3,1
15611,60.0,-4.0,-16.0,#7894AC,1
15612,60.0,-4.0,-12.0,#7D94A5,1
15613,60.0,-4.0,-8.0,#81939E,1
15614,60.0,-4.0,-4.0,#859397,1
15615,60.0,-4.0,4.0,#8C9289,1
15616,60.0,-4.0,8.0,#8F9282,1
15617,60.0,-4.0,12.0,#92927B,1
15618,60.0,-4.0,16.0,#959274,1
15619,60.0,-4.0,20.0,#97926D,1
15620,60.0,-4.0,26.0,#9A9163,1
15621,60.0,-4.0,32.0,#9D9158,1
15622,60.0,-4.0,38.0,#9F914C,1
15623,60.0,-4.0,48.0,#A29138,1
15624,60.0,-4.0,64.0,#A69001,1
15625,60.0,-2.0,-64.0,#0098FF,0
15626,60.0,-2.0,-24.0,#7194BA,1
15627,60.0,-2.0,-18.0,#7A93B0,1
15628,60.0,-2.0,22.0,#9C906A,1
15629,60.0,-2.0,28.0,#9E905F,1
15630,60.0,-2.0,42.0,#A49045,1
15631,60.0,0.0,-30.0,#6C93C5,1
15632,60.0,0.0,-22.0,#7992B7,1
15633,60.0,0.0,-18.0,#7E92B0,1
15634,60.0,0.0,-14.0,#8392A9,1
15635,60.0,0.0,-10.0,#8791A2,1
15636,60.0,0.0,-6.0,#8B919B,1
15637,60.0,0.0,-2.0,#8F9194,1
15638,60.0,0.0,2.0,#92908D,1
15639,60.0,0.0,6.0,#959086,1
15640,60.0,0.0,10.0,#98907F,1
15641,60.0,0.0,14.0,#9A9078,1
15642,60.0,0.0,18.0,#9D8F71,1
15643,60.0,0.0,22.0,#9F8F6A,1
15644,60.0,0.0,64.0,#AC8E03,1
15645,60.0,0.0,86.0,#AF8E00,0
15646,60.0,2.0,-28.0,#7592C2,1
15647,60.0,2.0,-22.0,#7D91B7,1
15648,60.0,2.0,-18.0,#8391B0,1
15649,60.0,2.0,-14.0,#8790A9,1
15650,60.0,2.0,-10.0,#8B90A2,1
15651,60.0,2.0,-6.0,#8F909B,1
15652,60.0,2.0,-2.0,#939094,1
15653,60.0,2.0,2.0,#968F8D,1
15654,60.0,2.0,6.0,#998F86,1
15655,60.0,2.0,10.0,#9B8F7F,1
15656,60.0,2.0,14.0,#9E8F78,1
15657,60.0,2.0,18.0,#A08E71,1
15658,60.0,2.0,22.0,#A28E6A,1
15659,60.0,2.0,28.0,#A58E5F,1
15660,60.0,2.0,42.0,#AA8D45,1
15661,60.0,2.0,102.0,#B38C00,0
15662,60.0,4.0,-60.0,#0094FB,0
15663,60.0,4.0,-18.0,#8790B0,1
15664,60.0,4.0,-14.0,#8B8FA9,1
15665,60.0,4.0,-10.0,#8F8FA2,1
15666,60.0,4.0,-6.0,#938F9B,1
15667,60.0,4.0,-2.0,#968E94,1
15668,60.0,4.0,2.0,#998E8D,1
15669,60.0,4.0,6.0,#9C8E86,1
15670,60.0,4.0,10.0,#9F8E7F,1
15671,60.0,4.0,14.0,#A18D78,1
15672,60.0,4.0,18.0,#A38D71,1
15673,60.0,4.0,32.0,#AA8D58,1
15674,60.0,4.0,38.0,#AC8C4D,1
15675,60.0,4.0,48.0,#AF8C39,1
15676,60.0,4.0,56.0,#B18C25,1
15677,60.0,4.0,64.0,#B28C05,1
15678,60.0,4.0,84.0,#B48B00,0
15679,60.0,6.0,-36.0,#7190D0,1
15680,60.0,6.0,-18.0,#8B8FB0,1
15681,60.0,6.0,-14.0,#8F8EA9,1
15682,60.0,6.0,-10.0,#938EA2,1
15683,60.0,6.0,-6.0,#978E9B,1
15684,60.0,6.0,-2.0,#9A8D94,1
15685,60.0,6.0,2.0,#9D8D8D,1
15686,60.0,6.0,6.0,#A08D86,1
15687,60.0,6.0,10.0,#A28C7F,1
15688,60.0,6.0,14.0,#A48C78,1
15689,60.0,6.0,18.0,#A78C71,1
15690,60.0,6.0,26.0,#AA8C63,1
15691,60.0,6.0,72.0,#B68A00,0
15692,60.0,6.0,92.0,#B88A00,0
15693,60.0,6.0,100.0,#B88A00,0
15694,60.0,8.0,-18.0,#8F8DB0,1
15695,60.0,8.0,-14.0,#938DA9,1
15696,60.0,8.0,-10.0,#978DA2,1
15697,60.0,8.0,-6.0,#9A8C9B,1
15698,60.0,8.0,-2.0,#9D8C94,1
15699,60.0,8.0,2.0,#A08C8D,1
15700,60.0,8.0,6.0,#A38B86,1
15701,60.0,8.0,10.0,#A58B7F,1
15702,60.0,8.0,14.0,#A88B78,1
15703,60.0,8.0,18.0,#AA8B71,1
15704,60.0,8.0,50.0,#B58935,1
15705,60.0,8.0,58.0,#B78920,1
15706,60.0,8.0,66.0,#B88900,0
15707,60.0,10.0,-44.0,#6D8FDE,1
15708,60.0,10.0,-38.0,#788ED3,1
15709,60.0,10.0,-8.0,#9C8B9F,1
15710,60.0,10.0,-4.0,#9F8B98,1
15711,60.0,10.0,0.0,#A28B91,1
15712,60.0,10.0,4.0,#A58A8A,1
15713,60.0,10.0,8.0,#A88A83,1
15714,60.0,10.0,14.0,#AB8A79,1
15715,60.0,10.0,94.0,#BE8800,0
15716,60.0,10.0,102.0,#BE8700,0
15717,60.0,12.0,-6.0,#A18A9B,1
15718,60.0,12.0,-2.0,#A48A94,1
15719,60.0,12.0,2.0,#A7898D,1
15720,60.0,12.0,6.0,#AA8987,1
15721,60.0,12.0,12.0,#AD897C,1
15722,60.0,12.0,18.0,#B08872,1
15723,60.0,12.0,22.0,#B2886B,1
15724,60.0,12.0,64.0,#BE8708,1
15725,60.0,14.0,-4.0,#A68898,1
15726,60.0,14.0,0.0,#A98891,1
15727,60.0,14.0,4.0,#AC888A,1
15728,60.0,14.0,10.0,#AF8780,1
15729,60.0,14.0,16.0,#B28775,1
15730,60.0,14.0,26.0,#B78764,1
15731,60.0,14.0,30.0,#B8865C,1
15732,60.0,14.0,44.0,#BC8642,1
15733,60.0,14.0,94.0,#C38500,0
15734,60.0,14.0,102.0,#C48500,0
15735,60.0,16.0,8.0,#B18683,1
15736,60.0,16.0,14.0,#B48679,1
15737,60.0,16.0,24.0,#B98567,1
15738,60.0,16.0,64.0,#C3840A,1
15739,60.0,16.0,72.0,#C48400,0
15740,60.0,16.0,80.0,#C58400,0
15741,60.0,18.0,0.0,#B08591,1
15742,60.0,18.0,12.0,#B6857C,1
15743,60.0,18.0,18.0,#B98472,1
15744,60.0,18.0,30.0,#BE845D,1
15745,60.0,18.0,42.0,#C28346,1
15746,60.0,18.0,102.0,#C98200,0
15747,60.0,20.0,-58.0,#6A8BF7,1
15748,60.0,20.0,16.0,#BB8375,1
15749,60.0,20.0,26.0,#BF8264,1
15750,60.0,20.0,36.0,#C38252,1
15751,60.0,20.0,60.0,#C8811D,1
15752,60.0,20.0,68.0,#C98100,0
15753,60.0,22.0,0.0,#B68391,1
15754,60.0,22.0,4.0,#B8828A,1
15755,60.0,22.0,12.0,#BD827D,1
15756,60.0,22.0,20.0,#C0816F,1
15757,60.0,22.0,32.0,#C48159,1
15758,60.0,22.0,42.0,#C78047,1
15759,60.0,22.0,102.0,#CE7F00,0
15760,60.0,24.0,-64.0,#6789FF,0
15761,60.0,24.0,-46.0,#8C86E2,1
15762,60.0,24.0,8.0,#BE8184,1
15763,60.0,24.0,16.0,#C18076,1
15764,60.0,24.0,28.0,#C67F61,1
15765,60.0,24.0,38.0,#C97F4E,1
15766,60.0,24.0,48.0,#CB7F3B,1
15767,60.0,24.0,60.0,#CE7E1D,1
15768,60.0,24.0,84.0,#D07E00,0
15769,60.0,26.0,-62.0,#7287FF,1
15770,60.0,26.0,-44.0,#9384DE,1
15771,60.0,26.0,20.0,#C67E6F,1
15772,60.0,26.0,34.0,#CB7E56,1
15773,60.0,26.0,44.0,#CD7D43,1
15774,60.0,26.0,90.0,#D37C00,0
15775,60.0,26.0,102.0,#D47C00,0
15776,60.0,28.0,-54.0,#8884F0,1
15777,60.0,28.0,28.0,#CC7C61,1
15778,60.0,30.0,-62.0,#7D84FF,1
15779,60.0,30.0,-52.0,#9083ED,1
15780,60.0,30.0,20.0,#CC7B6F,1
15781,60.0,30.0,40.0,#D27A4B,1
15782,60.0,32.0,-60.0,#8682FB,1
15783,60.0,32.0,24.0,#D07968,1
15784,60.0,32.0,28.0,#D17961,1
15785,60.0,32.0,46.0,#D67840,1
15786,60.0,32.0,62.0,#D97819,1
15787,60.0,34.0,-52.0,#997FED,1
15788,60.0,34.0,34.0,#D67756,1
15789,60.0,34.0,88.0,#DE7600,0
15790,60.0,36.0,-60.0,#907FFB,1
15791,60.0,36.0,46.0,#DB7540,1
15792,60.0,36.0,62.0,#DE741A,1
15793,60.0,36.0,94.0,#E07400,0
15794,60.0,38.0,-68.0,#867FFF,0
15795,60.0,38.0,28.0,#D97461,1
15796,60.0,38.0,32.0,#DB735A,1
15797,60.0,38.0,40.0,#DD734C,1
15798,60.0,38.0,58.0,#E07226,1
15799,60.0,40.0,-20.0,#C576B5,1
15800,60.0,40.0,20.0,#DA7270,1
15801,60.0,42.0,-68.0,#8F7CFF,0
15802,60.0,42.0,24.0,#DE7069,1
15803,60.0,42.0,64.0,#E66E15,1
15804,60.0,44.0,4.0,#D9708B,1
15805,60.0,44.0,8.0,#DB6F84,1
15806,60.0,44.0,80.0,#EA6C00,0
15807,60.0,46.0,-66.0,#9C78FF,0
15808,60.0,46.0,-30.0,#C772C6,1
15809,60.0,46.0,-24.0,#CB71BC,1
15810,60.0,46.0,12.0,#DF6D7E,1
15811,60.0,48.0,16.0,#E36B77,1
15812,60.0,48.0,28.0,#E76A62,1
15813,60.0,50.0,-20.0,#D46CB5,1
15814,60.0,50.0,82.0,#F26600,0
15815,60.0,52.0,-16.0,#DA69AE,1
15816,60.0,52.0,92.0,#F56300,0
15817,60.0,54.0,14.0,#EB647B,1
15818,60.0,54.0,18.0,#EC6474,1
15819,60.0,54.0,32.0,#F0635C,1
15820,60.0,54.0,40.0,#F2624D,1
15821,60.0,56.0,-58.0,#BC6CF8,1
15822,60.0,56.0,-12.0,#E264A7,1
15823,60.0,56.0,24.0,#F0616A,1
15824,60.0,58.0,-64.0,#B86BFF,0
15825,60.0,58.0,-48.0,#CA68E6,1
15826,60.0,58.0,-42.0,#D067DC,1
15827,60.0,58.0,30.0,#F55E5F,1
15828,60.0,58.0,92.0,#FC5B00,0
15829,60.0,60.0,-8.0,#EA5FA1,1
15830,60.0,60.0,12.0,#F25C7E,1
15831,60.0,60.0,20.0,#F55C71,1
15832,60.0,62.0,36.0,#FB5855,1
15833,60.0,64.0,-68.0,#BE65FF,0
15834,60.0,64.0,-58.0,#CA62F8,1
15835,60.0,64.0,32.0,#FD555C,1
15836,60.0,64.0,56.0,#FF532F,0
15837,60.0,66.0,-14.0,#EF57AB,1
15838,60.0,66.0,16.0,#FB5378,1
15839,60.0,66.0,22.0,#FD536E,1
15840,60.0,66.0,62.0,#FF5022,0
15841,60.0,66.0,68.0,#FF500E,0
15842,60.0,66.0,74.0,#FF5000,0
15843,60.0,66.0,100.0,#FF4F00,0
15844,60.0,68.0,-64.0,#CA5FFF,0
15845,60.0,68.0,28.0,#FF4F64,0
15846,60.0,68.0,38.0,#FF4E52,0
15847,60.0,68.0,88.0,#FF4C00,0
15848,60.0,70.0,-56.0,#D65AF5,1
15849,60.0,70.0,-2.0,#FA4F97,1
15850,60.0,70.0,34.0,#FF4B59,0
15851,60.0,72.0,24.0,#FF486B,0
15852,60.0,72.0,66.0,#FF4518,0
15853,60.0,72.0,72.0,#FF4400,0
15854,60.0,72.0,86.0,#FF4400,0
15855,60.0,74.0,-68.0,#D057FF,0
15856,60.0,74.0,-62.0,#D655FF,0
15857,60.0,74.0,30.0,#FF4361,0
15858,60.0,74.0,40.0,#FF424F,0
15859,60.0,76.0,-54.0,#E24FF1,1
15860,60.0,76.0,36.0,#FF3E56,0
15861,60.0,78.0,-4.0,#FF3F9A,0
15862,60.0,78.0,2.0,#FF3E90,0
15863,60.0,78.0,20.0,#FF3B72,0
15864,60.0,78.0,26.0,#FF3A68,0
15865,60.0,78.0,52.0,#FF373A,0
15866,60.0,78.0,68.0,#FF3614,0
15867,60.0,80.0,-66.0,#DC4CFF,0
15868,60.0,80.0,8.0,#FF3886,0
15869,60.0,80.0,32.0,#FF345E,0
15870,60.0,80.0,42.0,#FF334C,0
15871,60.0,80.0,58.0,#FF312E,0
15872,60.0,82.0,38.0,#FF2D53,0
15873,60.0,84.0,18.0,#FF2976,0
15874,60.0,86.0,2.0,#FF2591,0
15875,60.0,88.0,-66.0,#E93AFF,0
15876,60.0,88.0,8.0,#FF1887,0
15877,60.0,88.0,30.0,#FF0E62,0
15878,60.0,90.0,14.0,#FF007D,0
15879,60.0,90.0,20.0,#FF0073,0
15880,60.0,94.0,2.0,#FF0091,0
15881,60.0,96.0,-30.0,#FF00C8,0
15882,60.0,100.0,-38.0,#FF00D6,0
15883,60.0,102.0,-54.0,#FF00F2,0
15884,60.0,102.0,-32.0,#FF00CB,0
15885,60.0,108.0,-60.0,#FF00FD,0
15886,60.0,110.0,-54.0,#FF00F2,0
15887,61.0,-128.0,18.0,#00BB70,0
15888,61.0,-128.0,42.0,#00BA40,0
15889,61.0,-128.0,50.0,#00BA2C,0
15890,61.0,-128.0,76.0,#00B900,0
15891,61.0,-116.0,84.0,#00B700,0
15892,61.0,-112.0,-2.0,#00B994,0
15893,61.0,-112.0,46.0,#00B737,0
15894,61.0,-112.0,54.0,#00B721,0
15895,61.0,-112.0,62.0,#00B700,0
15896,61.0,-112.0,72.0,#00B700,0
15897,61.0,-108.0,4.0,#00B88A,0
15898,61.0,-108.0,80.0,#00B600,0
15899,61.0,-106.0,70.0,#00B600,0
15900,61.0,-104.0,10.0,#00B77F,0
15901,61.0,-104.0,16.0,#00B674,0
15902,61.0,-104.0,22.0,#00B669,0
15903,61.0,-104.0,28.0,#00B65E,0
15904,61.0,-104.0,36.0,#00B64E,0
15905,61.0,-104.0,60.0,#00B502,0
15906,61.0,-98.0,66.0,#00B400,0
15907,61.0,-96.0,12.0,#00B57B,0
15908,61.0,-92.0,60.0,#00B305,0
15909,61.0,-92.0,86.0,#00B200,0
15910,61.0,-88.0,28.0,#00B35E,0
15911,61.0,-88.0,34.0,#00B252,0
15912,61.0,-88.0,42.0,#00B242,0
15913,61.0,-88.0,66.0,#00B200,0
15914,61.0,-86.0,74.0,#00B100,0
15915,61.0,-86.0,84.0,#00B100,0
15916,61.0,-84.0,4.0,#00B38A,0
15917,61.0,-80.0,10.0,#00B17F,0
15918,61.0,-80.0,16.0,#00B174,0
15919,61.0,-80.0,22.0,#00B169,0
15920,61.0,-80.0,62.0,#00B000,0
15921,61.0,-80.0,78.0,#00B000,0
15922,61.0,-78.0,0.0,#00B191,0
15923,61.0,-78.0,70.0,#00AF00,0
15924,61.0,-74.0,-30.0,#00B2C7,0
15925,61.0,-74.0,-4.0,#00B098,0
15926,61.0,-74.0,60.0,#00AE0A,0
15927,61.0,-74.0,76.0,#00AE00,0
15928,61.0,-74.0,84.0,#00AE00,0
15929,61.0,-72.0,24.0,#00AF66,0
15930,61.0,-72.0,66.0,#00AE00,0
15931,61.0,-68.0,-28.0,#00B0C3,0
15932,61.0,-68.0,-22.0,#00B0B8,0
15933,61.0,-68.0,54.0,#00AD25,0
15934,61.0,-68.0,72.0,#00AC00,0
15935,61.0,-66.0,14.0,#00AD78,0
15936,61.0,-66.0,20.0,#00AD6E,0
15937,61.0,-66.0,26.0,#00AD62,0
15938,61.0,-66.0,60.0,#00AC0C,0
15939,61.0,-64.0,-38.0,#00B0D5,0
15940,61.0,-64.0,-32.0,#00B0CA,0
15941,61.0,-64.0,-2.0,#00AE95,0
15942,61.0,-64.0,66.0,#0DAB00,0
15943,61.0,-62.0,-20.0,#00AEB5,0
15944,61.0,-62.0,36.0,#00AB4F,0
15945,61.0,-62.0,74.0,#28AB00,0
15946,61.0,-60.0,16.0,#00AB75,0
15947,61.0,-60.0,22.0,#00AB6A,0
15948,61.0,-60.0,56.0,#21AA1F,1
15949,61.0,-58.0,-42.0,#00AFDC,0
15950,61.0,-58.0,-14.0,#00ACAA,0
15951,61.0,-58.0,62.0,#33A900,0
15952,61.0,-56.0,32.0,#00AA57,0
15953,61.0,-56.0,68.0,#3FA900,0
15954,61.0,-56.0,76.0,#43A900,0
15955,61.0,-56.0,84.0,#45A900,0
15956,61.0,-54.0,-46.0,#00AEE3,0
15957,61.0,-54.0,18.0,#00A972,0
15958,61.0,-54.0,52.0,#3BA82C,1
15959,61.0,-54.0,92.0,#4DA800,0
15960,61.0,-52.0,-40.0,#00ADD9,0
15961,61.0,-52.0,-34.0,#00ACCE,0
15962,61.0,-52.0,-12.0,#00AAA7,0
15963,61.0,-52.0,36.0,#30A850,1
15964,61.0,-50.0,-22.0,#00AAB9,0
15965,61.0,-50.0,72.0,#53A700,0
15966,61.0,-50.0,80.0,#56A700,0
15967,61.0,-48.0,10.0,#00A880,0
15968,61.0,-48.0,14.0,#02A879,1
15969,61.0,-48.0,48.0,#4CA637,1
15970,61.0,-46.0,-38.0,#00ABD5,0
15971,61.0,-46.0,-32.0,#00AACA,0
15972,61.0,-46.0,-10.0,#00A8A4,0
15973,61.0,-46.0,32.0,#43A658,1
15974,61.0,-44.0,-6.0,#00A79D,0
15975,61.0,-44.0,42.0,#54A544,1
15976,61.0,-44.0,60.0,#5EA512,1
15977,61.0,-42.0,8.0,#26A684,1
15978,61.0,-42.0,12.0,#31A67D,1
15979,61.0,-40.0,-48.0,#00A9E7,0
15980,61.0,-40.0,26.0,#50A463,1
15981,61.0,-40.0,54.0,#65A328,1
15982,61.0,-38.0,-18.0,#00A6B2,0
15983,61.0,-38.0,-14.0,#00A6AB,0
15984,61.0,-38.0,-4.0,#08A599,1
15985,61.0,-38.0,30.0,#5AA35C,1
15986,61.0,-38.0,60.0,#6CA313,1
15987,61.0,-38.0,96.0,#73A200,0
15988,61.0,-36.0,46.0,#6AA23C,1
15989,61.0,-34.0,-46.0,#00A7E4,0
15990,61.0,-34.0,62.0,#75A108,1
15991,61.0,-34.0,70.0,#77A100,0
15992,61.0,-32.0,36.0,#6DA151,1
15993,61.0,-30.0,64.0,#7D9F00,0
15994,61.0,-28.0,-30.0,#00A3C7,0
15995,61.0,-28.0,70.0,#839E00,0
15996,61.0,-26.0,0.0,#58A092,1
15997,61.0,-26.0,4.0,#5EA08B,1
15998,61.0,-24.0,-58.0,#00A4F9,0
15999,61.0,-24.0,62.0,#889D0C,1
16000,61.0,-24.0,72.0,#8A9D00,0
16001,61.0,-22.0,-52.0,#00A3EF,0
16002,61.0,-22.0,12.0,#719D7D,1
16003,61.0,-20.0,34.0,#859C55,1
16004,61.0,-18.0,-58.0,#00A2FA,0
16005,61.0,-18.0,-34.0,#009FCF,0
16006,61.0,-16.0,-28.0,#3C9EC4,1
16007,61.0,-16.0,24.0,#869A68,1
16008,61.0,-16.0,30.0,#8A9A5D,1
16009,61.0,-16.0,54.0,#94992B,1
16010,61.0,-16.0,62.0,#96990F,1
16011,61.0,-14.0,4.0,#7B9A8C,1
16012,61.0,-14.0,8.0,#7E9A85,1
16013,61.0,-12.0,-58.0,#009FFA,0
16014,61.0,-12.0,-30.0,#489CC8,1
16015,61.0,-12.0,-6.0,#749A9D,1
16016,61.0,-12.0,22.0,#8D986C,1
16017,61.0,-12.0,26.0,#8F9865,1
16018,61.0,-12.0,50.0,#999735,1
16019,61.0,-12.0,58.0,#9B9720,1
16020,61.0,-12.0,88.0,#A09700,0
16021,61.0,-12.0,96.0,#A09700,0
16022,61.0,-10.0,-24.0,#5E9ABD,1
16023,61.0,-10.0,8.0,#879885,1
16024,61.0,-10.0,74.0,#A19600,0
16025,61.0,-10.0,82.0,#A29600,0
16026,61.0,-8.0,-58.0,#009DFA,0
16027,61.0,-8.0,-50.0,#009CEB,0
16028,61.0,-8.0,22.0,#94966C,1
16029,61.0,-8.0,90.0,#A69500,0
16030,61.0,-6.0,-66.0,#009DFF,0
16031,61.0,-6.0,-44.0,#2F9AE1,1
16032,61.0,-6.0,-22.0,#6D98BA,1
16033,61.0,-6.0,-16.0,#7698AF,1
16034,61.0,-4.0,-58.0,#009BFA,0
16035,61.0,-4.0,-50.0,#0F9AEB,1
16036,61.0,-4.0,-40.0,#4A99D9,1
16037,61.0,-2.0,-46.0,#3E99E4,1
16038,61.0,-2.0,58.0,#AB9222,1
16039,61.0,-2.0,74.0,#AE9100,0
16040,61.0,0.0,-60.0,#0099FD,0
16041,61.0,0.0,-42.0,#5497DD,1
16042,61.0,0.0,46.0,#AB913F,1
16043,61.0,2.0,-66.0,#0099FF,0
16044,61.0,2.0,-48.0,#4997E8,1
16045,61.0,2.0,-38.0,#6595D6,1
16046,61.0,2.0,34.0,#AA9057,1
16047,61.0,2.0,70.0,#B38F00,0
16048,61.0,2.0,78.0,#B48F00,0
16049,61.0,4.0,-44.0,#5D95E1,1
16050,61.0,4.0,22.0,#A8906D,1
16051,61.0,6.0,-66.0,#0097FF,0
16052,61.0,6.0,-28.0,#8192C4,1
16053,61.0,6.0,-24.0,#8692BD,1
16054,61.0,8.0,-22.0,#8D90BA,1
16055,61.0,8.0,22.0,#AE8D6D,1
16056,61.0,8.0,38.0,#B58C50,1
16057,61.0,8.0,82.0,#BD8B00,0
16058,61.0,10.0,-66.0,#0895FF,0
16059,61.0,10.0,26.0,#B38C66,1
16060,61.0,12.0,-54.0,#5D92F3,1
16061,61.0,12.0,-24.0,#938EBD,1
16062,61.0,12.0,-12.0,#9F8DA8,1
16063,61.0,12.0,38.0,#BB8A50,1
16064,61.0,12.0,80.0,#C28900,0
16065,61.0,12.0,88.0,#C38900,0
16066,61.0,14.0,-46.0,#768FE5,1
16067,61.0,14.0,-38.0,#848ED6,1
16068,61.0,14.0,50.0,#C18838,1
16069,61.0,16.0,-62.0,#5390FF,0
16070,61.0,16.0,-36.0,#8C8DD3,1
16071,61.0,16.0,-32.0,#918CCC,1
16072,61.0,16.0,-28.0,#968CC5,1
16073,61.0,16.0,-16.0,#A38BB0,1
16074,61.0,16.0,20.0,#BA8871,1
16075,61.0,18.0,-60.0,#618FFE,1
16076,61.0,18.0,-52.0,#758EEF,1
16077,61.0,18.0,6.0,#B68889,1
16078,61.0,18.0,48.0,#C6853D,1
16079,61.0,18.0,54.0,#C7852F,1
16080,61.0,20.0,-50.0,#7E8CEC,1
16081,61.0,20.0,-46.0,#868BE5,1
16082,61.0,20.0,-32.0,#998ACC,1
16083,61.0,20.0,-28.0,#9E89C5,1
16084,61.0,20.0,-24.0,#A289BE,1
16085,61.0,20.0,-20.0,#A688B7,1
16086,61.0,20.0,22.0,#C1856D,1
16087,61.0,22.0,-66.0,#5D8DFF,0
16088,61.0,22.0,-18.0,#AC87B3,1
16089,61.0,22.0,-4.0,#B6869B,1
16090,61.0,22.0,54.0,#CD8230,1
16091,61.0,24.0,-38.0,#9A88D6,1
16092,61.0,24.0,-32.0,#A187CC,1
16093,61.0,24.0,-28.0,#A686C5,1
16094,61.0,24.0,-24.0,#AA86BE,1
16095,61.0,24.0,-14.0,#B285AC,1
16096,61.0,24.0,24.0,#C7826A,1
16097,61.0,26.0,-56.0,#8289F7,1
16098,61.0,26.0,-18.0,#B284B3,1
16099,61.0,26.0,-10.0,#B983A5,1
16100,61.0,26.0,-6.0,#BB839E,1
16101,61.0,26.0,-2.0,#BE8298,1
16102,61.0,26.0,2.0,#C08291,1
16103,61.0,26.0,6.0,#C2828A,1
16104,61.0,26.0,56.0,#D37F2C,1
16105,61.0,26.0,70.0,#D57F00,0
16106,61.0,28.0,-38.0,#A285D7,1
16107,61.0,28.0,-32.0,#A984CC,1
16108,61.0,28.0,-28.0,#AD83C5,1
16109,61.0,28.0,-24.0,#B183BE,1
16110,61.0,28.0,10.0,#C78083,1
16111,61.0,30.0,-16.0,#BB81B0,1
16112,61.0,30.0,-8.0,#C080A2,1
16113,61.0,30.0,-4.0,#C37F9B,1
16114,61.0,30.0,0.0,#C57F94,1
16115,61.0,30.0,4.0,#C77F8D,1
16116,61.0,30.0,14.0,#CC7E7C,1
16117,61.0,30.0,34.0,#D37D59,1
16118,61.0,30.0,50.0,#D77C3A,1
16119,61.0,30.0,86.0,#DB7C00,0
16120,61.0,32.0,-44.0,#A282E1,1
16121,61.0,32.0,-38.0,#AA82D7,1
16122,61.0,32.0,-22.0,#B980BB,1
16123,61.0,32.0,-12.0,#C17FA9,1
16124,61.0,32.0,8.0,#CC7D86,1
16125,61.0,32.0,74.0,#DD7A00,0
16126,61.0,34.0,-34.0,#B27FD0,1
16127,61.0,34.0,-30.0,#B57FC9,1
16128,61.0,34.0,-2.0,#CA7C98,1
16129,61.0,34.0,2.0,#CC7C91,1
16130,61.0,34.0,12.0,#D17B80,1
16131,61.0,34.0,18.0,#D37A75,1
16132,61.0,34.0,40.0,#DA794E,1
16133,61.0,34.0,68.0,#DF7800,1
16134,61.0,36.0,-44.0,#AA7FE1,1
16135,61.0,36.0,-26.0,#BC7DC2,1
16136,61.0,36.0,-16.0,#C47CB0,1
16137,61.0,36.0,-10.0,#C87BA6,1
16138,61.0,36.0,-6.0,#CB7B9F,1
16139,61.0,36.0,6.0,#D17A8A,1
16140,61.0,36.0,74.0,#E27700,0
16141,61.0,36.0,104.0,#E47600,0
16142,61.0,38.0,-40.0,#B27DDA,1
16143,61.0,38.0,10.0,#D67883,1
16144,61.0,38.0,16.0,#D87779,1
16145,61.0,38.0,68.0,#E47503,1
16146,61.0,38.0,80.0,#E67500,0
16147,61.0,40.0,-36.0,#BA7BD3,1
16148,61.0,40.0,-14.0,#CC78AD,1
16149,61.0,40.0,-2.0,#D37798,1
16150,61.0,42.0,-32.0,#C178CC,1
16151,61.0,42.0,-10.0,#D176A6,1
16152,61.0,42.0,-6.0,#D4759F,1
16153,61.0,42.0,14.0,#DD737D,1
16154,61.0,44.0,-58.0,#A77BFB,1
16155,61.0,44.0,58.0,#EB6F2A,1
16156,61.0,44.0,92.0,#EE6F00,0
16157,61.0,46.0,-40.0,#C176DB,1
16158,61.0,46.0,-2.0,#DC7198,1
16159,61.0,46.0,42.0,#EB6E4B,1
16160,61.0,46.0,74.0,#EF6D00,0
16161,61.0,48.0,-50.0,#B975EC,1
16162,61.0,48.0,-36.0,#C873D4,1
16163,61.0,48.0,-12.0,#D970AA,1
16164,61.0,48.0,48.0,#EF6B40,1
16165,61.0,48.0,56.0,#F06B2F,1
16166,61.0,48.0,70.0,#F26B00,0
16167,61.0,48.0,104.0,#F46A00,0
16168,61.0,50.0,-8.0,#DE6DA3,1
16169,61.0,50.0,22.0,#EB6B6F,1
16170,61.0,52.0,-42.0,#C970DE,1
16171,61.0,52.0,-32.0,#D16ECD,1
16172,61.0,52.0,-4.0,#E36B9C,1
16173,61.0,52.0,10.0,#EA6984,1
16174,61.0,52.0,54.0,#F56734,1
16175,61.0,52.0,68.0,#F7660B,1
16176,61.0,52.0,76.0,#F76600,0
16177,61.0,54.0,-28.0,#D86CC6,1
16178,61.0,54.0,0.0,#E86895,1
16179,61.0,54.0,104.0,#FB6300,0
16180,61.0,56.0,6.0,#ED658B,1
16181,61.0,56.0,66.0,#FB6116,1
16182,61.0,56.0,74.0,#FC6100,0
16183,61.0,58.0,-34.0,#D968D0,1
16184,61.0,58.0,-24.0,#E166BF,1
16185,61.0,58.0,58.0,#FD5F2C,1
16186,61.0,58.0,80.0,#FF5E00,0
16187,61.0,60.0,-18.0,#E763B4,1
16188,61.0,60.0,2.0,#F16092,1
16189,61.0,60.0,40.0,#FD5D50,1
16190,61.0,60.0,64.0,#FF5C1D,0
16191,61.0,60.0,72.0,#FF5C00,0
16192,61.0,60.0,104.0,#FF5B00,0
16193,61.0,62.0,78.0,#FF5900,0
16194,61.0,64.0,-48.0,#D763E9,1
16195,61.0,64.0,-38.0,#DF61D7,1
16196,61.0,64.0,6.0,#F85A8B,1
16197,61.0,66.0,-20.0,#EF5BB8,1
16198,61.0,66.0,-8.0,#F559A3,1
16199,61.0,66.0,12.0,#FD5781,1
16200,61.0,68.0,-44.0,#E15DE2,1
16201,61.0,68.0,-34.0,#E95BD1,1
16202,61.0,68.0,96.0,#FF4F00,0
16203,61.0,70.0,4.0,#FF518F,0
16204,61.0,72.0,10.0,#FF4D85,0
16205,61.0,72.0,44.0,#FF494A,0
16206,61.0,72.0,102.0,#FF4700,0
16207,61.0,74.0,80.0,#FF4300,0
16208,61.0,76.0,94.0,#FF3E00,0
16209,61.0,78.0,-18.0,#FF46B5,0
16210,61.0,78.0,76.0,#FF3A00,0
16211,61.0,78.0,86.0,#FF3A00,0
16212,61.0,80.0,-12.0,#FF40AB,0
16213,61.0,82.0,-24.0,#FF3EC0,0
16214,61.0,84.0,24.0,#FF2D6E,0
16215,61.0,84.0,48.0,#FF2944,0
16216,61.0,86.0,-60.0,#EF40FF,0
16217,61.0,86.0,-18.0,#FF31B5,0
16218,61.0,86.0,44.0,#FF204C,0
16219,61.0,88.0,-30.0,#FF2ECA,0
16220,61.0,88.0,-12.0,#FF27AB,0
16221,61.0,88.0,36.0,#FF165A,0
16222,61.0,90.0,-24.0,#FF23C0,0
16223,61.0,94.0,-18.0,#FF00B6,0
16224,61.0,98.0,-4.0,#FF009E,0
16225,61.0,102.0,-62.0,#FF00FF,0
16226,61.0,102.0,-24.0,#FF00C0,0
16227,62.0,-128.0,4.0,#00BE8C,0
16228,62.0,-128.0,26.0,#00BD63,0
16229,62.0,-126.0,82.0,#00BC00,0
16230,62.0,-122.0,0.0,#00BD93,0
16231,62.0,-120.0,6.0,#00BD88,0
16232,62.0,-120.0,12.0,#00BD7D,0
16233,62.0,-120.0,18.0,#00BC72,0
16234,62.0,-120.0,26.0,#00BC63,0
16235,62.0,-120.0,34.0,#00BC54,0
16236,62.0,-120.0,42.0,#00BC43,0
16237,62.0,-120.0,50.0,#00BB30,0
16238,62.0,-120.0,58.0,#00BB13,0
16239,62.0,-120.0,68.0,#00BB00,0
16240,62.0,-120.0,76.0,#00BB00,0
16241,62.0,-112.0,14.0,#00BB7A,0
16242,62.0,-112.0,20.0,#00BB6F,0
16243,62.0,-112.0,26.0,#00BB64,0
16244,62.0,-112.0,34.0,#00BA54,0
16245,62.0,-108.0,-8.0,#00BBA2,0
16246,62.0,-106.0,-2.0,#00BB97,0
16247,62.0,-102.0,-12.0,#00BAA9,0
16248,62.0,-98.0,82.0,#00B700,0
16249,62.0,-96.0,18.0,#00B873,0
16250,62.0,-96.0,24.0,#00B768,0
16251,62.0,-96.0,30.0,#00B75C,0
16252,62.0,-96.0,38.0,#00B74C,0
16253,62.0,-96.0,46.0,#00B73B,0
16254,62.0,-96.0,54.0,#00B725,0
16255,62.0,-96.0,92.0,#00B600,0
16256,62.0,-90.0,-14.0,#00B8AD,0
16257,62.0,-90.0,94.0,#00B500,0
16258,62.0,-88.0,-8.0,#00B7A2,0
16259,62.0,-88.0,54.0,#00B526,0
16260,62.0,-82.0,-24.0,#00B7BE,0
16261,62.0,-82.0,-14.0,#00B6AD,0
16262,62.0,-82.0,90.0,#00B300,0
16263,62.0,-80.0,-8.0,#00B5A2,0
16264,62.0,-80.0,28.0,#00B361,0
16265,62.0,-80.0,34.0,#00B355,0
16266,62.0,-80.0,40.0,#00B349,0
16267,62.0,-76.0,54.0,#00B227,0
16268,62.0,-74.0,-22.0,#00B4BB,0
16269,62.0,-74.0,44.0,#00B141,0
16270,62.0,-74.0,94.0,#00B100,0
16271,62.0,-72.0,-8.0,#00B3A2,0
16272,62.0,-72.0,4.0,#00B28D,0
16273,62.0,-72.0,10.0,#00B282,0
16274,62.0,-70.0,48.0,#00B038,0
16275,62.0,-68.0,-18.0,#00B3B4,0
16276,62.0,-68.0,-12.0,#00B2A9,0
16277,62.0,-68.0,32.0,#00B059,0
16278,62.0,-68.0,40.0,#00B049,0
16279,62.0,-68.0,88.0,#04AF00,0
16280,62.0,-66.0,94.0,#20AE00,0
16281,62.0,-64.0,44.0,#00AE41,0
16282,62.0,-62.0,50.0,#00AE33,0
16283,62.0,-60.0,2.0,#00AF91,0
16284,62.0,-60.0,8.0,#00AF86,0
16285,62.0,-60.0,98.0,#3EAD00,0
16286,62.0,-56.0,-18.0,#00AFB4,0
16287,62.0,-56.0,44.0,#2BAC42,1
16288,62.0,-54.0,10.0,#00AD82,0
16289,62.0,-50.0,-6.0,#00AC9F,0
16290,62.0,-50.0,20.0,#17AB71,1
16291,62.0,-50.0,26.0,#2BAB66,1
16292,62.0,-50.0,40.0,#41AA4A,1
16293,62.0,-48.0,0.0,#00AB94,0
16294,62.0,-48.0,6.0,#00AB8A,0
16295,62.0,-48.0,92.0,#60A900,0
16296,62.0,-46.0,-26.0,#00ACC3,0
16297,62.0,-46.0,-16.0,#00ABB1,0
16298,62.0,-46.0,52.0,#58A830,1
16299,62.0,-46.0,100.0,#66A800,0
16300,62.0,-44.0,-20.0,#00ABB8,0
16301,62.0,-44.0,16.0,#34A978,1
16302,62.0,-44.0,22.0,#40A96D,1
16303,62.0,-44.0,66.0,#63A700,0
16304,62.0,-42.0,2.0,#08A991,1
16305,62.0,-42.0,72.0,#6AA700,0
16306,62.0,-40.0,-24.0,#00AABF,0
16307,62.0,-38.0,40.0,#65A64B,1
16308,62.0,-36.0,-36.0,#00A9D5,0
16309,62.0,-36.0,-30.0,#00A9CA,0
16310,62.0,-36.0,0.0,#34A795,1
16311,62.0,-36.0,4.0,#3EA68E,1
16312,62.0,-36.0,8.0,#46A687,1
16313,62.0,-36.0,80.0,#78A400,0
16314,62.0,-32.0,-54.0,#00AAF5,0
16315,62.0,-32.0,-12.0,#1EA6AA,1
16316,62.0,-32.0,-4.0,#3DA59C,1
16317,62.0,-32.0,10.0,#57A583,1
16318,62.0,-32.0,26.0,#68A466,1
16319,62.0,-30.0,-48.0,#00A8EA,0
16320,62.0,-30.0,-40.0,#00A7DC,0
16321,62.0,-30.0,0.0,#4DA495,1
16322,62.0,-30.0,4.0,#54A48E,1
16323,62.0,-30.0,50.0,#7BA236,1
16324,62.0,-30.0,98.0,#86A200,0
16325,62.0,-28.0,54.0,#81A12C,1
16326,62.0,-26.0,-42.0,#00A6DF,0
16327,62.0,-26.0,-8.0,#4CA3A3,1
16328,62.0,-26.0,-4.0,#54A39C,1
16329,62.0,-26.0,10.0,#68A283,1
16330,62.0,-26.0,24.0,#75A16A,1
16331,62.0,-26.0,30.0,#79A15F,1
16332,62.0,-26.0,36.0,#7DA154,1
16333,62.0,-26.0,44.0,#81A144,1
16334,62.0,-24.0,82.0,#8F9F00,0
16335,62.0,-24.0,90.0,#8F9F00,0
16336,62.0,-24.0,98.0,#909F00,0
16337,62.0,-22.0,-24.0,#2EA3BF,1
16338,62.0,-22.0,-14.0,#4DA2AE,1
16339,62.0,-22.0,18.0,#79A075,1
16340,62.0,-22.0,24.0,#7DA06A,1
16341,62.0,-22.0,30.0,#819F5F,1
16342,62.0,-22.0,52.0,#8B9F32,1
16343,62.0,-20.0,-18.0,#4BA1B5,1
16344,62.0,-20.0,40.0,#8A9E4C,1
16345,62.0,-20.0,92.0,#969D00,0
16346,62.0,-20.0,100.0,#979D00,0
16347,62.0,-18.0,-46.0,#00A3E7,0
16348,62.0,-18.0,-14.0,#5BA0AE,1
16349,62.0,-18.0,-10.0,#62A0A7,1
16350,62.0,-18.0,-6.0,#689FA0,1
16351,62.0,-18.0,-2.0,#6D9F99,1
16352,62.0,-18.0,2.0,#729F92,1
16353,62.0,-18.0,6.0,#769F8B,1
16354,62.0,-18.0,10.0,#7A9E84,1
16355,62.0,-18.0,14.0,#7E9E7C,1
16356,62.0,-18.0,18.0,#819E75,1
16357,62.0,-16.0,-40.0,#00A1DC,0
16358,62.0,-16.0,36.0,#909C54,1
16359,62.0,-16.0,68.0,#9A9B00,0
16360,62.0,-16.0,94.0,#9D9B00,0
16361,62.0,-16.0,102.0,#9E9B00,0
16362,62.0,-14.0,-48.0,#00A1EA,0
16363,62.0,-14.0,-12.0,#6A9EAA,1
16364,62.0,-14.0,12.0,#849C80,1
16365,62.0,-14.0,16.0,#879C79,1
16366,62.0,-14.0,40.0,#959B4D,1
16367,62.0,-12.0,-42.0,#00A0E0,0
16368,62.0,-12.0,-22.0,#5E9EBC,1
16369,62.0,-12.0,-18.0,#669DB5,1
16370,62.0,-12.0,-14.0,#6C9DAE,1
16371,62.0,-12.0,34.0,#969A58,1
16372,62.0,-12.0,44.0,#9A9A45,1
16373,62.0,-12.0,68.0,#A09A00,0
16374,62.0,-12.0,104.0,#A49900,0
16375,62.0,-10.0,-10.0,#779CA7,1
16376,62.0,-10.0,12.0,#8C9A80,1
16377,62.0,-10.0,38.0,#9B9951,1
16378,62.0,-10.0,62.0,#A29915,1
16379,62.0,-8.0,-38.0,#439DD9,1
16380,62.0,-8.0,-18.0,#709BB5,1
16381,62.0,-8.0,-14.0,#769BAE,1
16382,62.0,-8.0,-8.0,#7E9BA4,1
16383,62.0,-8.0,-4.0,#829A9D,1
16384,62.0,-8.0,2.0,#889A92,1
16385,62.0,-8.0,26.0,#999967,1
16386,62.0,-8.0,32.0,#9C985C,1
16387,62.0,-8.0,48.0,#A2983D,1
16388,62.0,-8.0,68.0,#A69700,0
16389,62.0,-8.0,98.0,#AA9700,0
16390,62.0,-6.0,-34.0,#579CD2,1
16391,62.0,-6.0,-28.0,#649BC7,1
16392,62.0,-6.0,-12.0,#7D9AAB,1
16393,62.0,-6.0,-8.0,#829AA4,1
16394,62.0,-6.0,-4.0,#86999D,1
16395,62.0,-6.0,0.0,#8A9996,1
16396,62.0,-6.0,4.0,#8E998F,1
16397,62.0,-6.0,8.0,#919988,1
16398,62.0,-6.0,12.0,#949880,1
16399,62.0,-6.0,16.0,#969879,1
16400,62.0,-6.0,28.0,#9D9864,1
16401,62.0,-6.0,36.0,#A19755,1
16402,62.0,-6.0,52.0,#A69734,1
16403,62.0,-6.0,60.0,#A8971E,1
16404,62.0,-6.0,76.0,#AB9600,0
16405,62.0,-6.0,84.0,#AC9600,0
16406,62.0,-6.0,104.0,#AD9600,0
16407,62.0,-4.0,-18.0,#7A99B5,1
16408,62.0,-4.0,-14.0,#7F99AE,1
16409,62.0,-4.0,-10.0,#8499A7,1
16410,62.0,-4.0,-6.0,#8898A0,1
16411,62.0,-4.0,-2.0,#8C9899,1
16412,62.0,-4.0,2.0,#909892,1
16413,62.0,-4.0,6.0,#93988B,1
16414,62.0,-4.0,10.0,#969784,1
16415,62.0,-4.0,14.0,#99977D,1
16416,62.0,-4.0,18.0,#9B9776,1
16417,62.0,-4.0,22.0,#9D976F,1
16418,62.0,-4.0,92.0,#AF9500,0
16419,62.0,-2.0,-36.0,#609AD5,1
16420,62.0,-2.0,-30.0,#6C99CB,1
16421,62.0,-2.0,-16.0,#8198B2,1
16422,62.0,-2.0,-12.0,#8698AB,1
16423,62.0,-2.0,-8.0,#8B97A4,1
16424,62.0,-2.0,-4.0,#8E979D,1
16425,62.0,-2.0,0.0,#929796,1
16426,62.0,-2.0,4.0,#95978F,1
16427,62.0,-2.0,8.0,#989688,1
16428,62.0,-2.0,12.0,#9B9681,1
16429,62.0,-2.0,16.0,#9E967A,1
16430,62.0,-2.0,20.0,#A09672,1
16431,62.0,-2.0,52.0,#AC9534,1
16432,62.0,-2.0,82.0,#B29400,0
16433,62.0,-2.0,98.0,#B39400,0
16434,62.0,0.0,-20.0,#8197B9,1
16435,62.0,0.0,-16.0,#8697B2,1
16436,62.0,0.0,-12.0,#8A97AB,1
16437,62.0,0.0,-8.0,#8F96A4,1
16438,62.0,0.0,-4.0,#92969D,1
16439,62.0,0.0,0.0,#969696,1
16440,62.0,0.0,4.0,#99968F,1
16441,62.0,0.0,8.0,#9C9588,1
16442,62.0,0.0,12.0,#9F9581,1
16443,62.0,0.0,16.0,#A1957A,1
16444,62.0,0.0,20.0,#A39573,1
16445,62.0,0.0,26.0,#A69468,1
16446,62.0,0.0,40.0,#AC944E,1
16447,62.0,2.0,-20.0,#8596B9,1
16448,62.0,2.0,-16.0,#8A96B2,1
16449,62.0,2.0,-12.0,#8F96AB,1
16450,62.0,2.0,-8.0,#9295A4,1
16451,62.0,2.0,-4.0,#96959D,1
16452,62.0,2.0,0.0,#999596,1
16453,62.0,2.0,4.0,#9D948F,1
16454,62.0,2.0,8.0,#9F9488,1
16455,62.0,2.0,12.0,#A29481,1
16456,62.0,2.0,16.0,#A4947A,1
16457,62.0,2.0,20.0,#A79373,1
16458,62.0,2.0,52.0,#B29235,1
16459,62.0,2.0,60.0,#B4921F,1
16460,62.0,4.0,-36.0,#7197D5,1
16461,62.0,4.0,-20.0,#8A95B9,1
16462,62.0,4.0,-16.0,#8E95B2,1
16463,62.0,4.0,-12.0,#9394AB,1
16464,62.0,4.0,-8.0,#9694A4,1
16465,62.0,4.0,-4.0,#9A949D,1
16466,62.0,4.0,0.0,#9D9396,1
16467,62.0,4.0,4.0,#A0938F,1
16468,62.0,4.0,8.0,#A39388,1
16469,62.0,4.0,12.0,#A59381,1
16470,62.0,4.0,16.0,#A8927A,1
16471,62.0,4.0,28.0,#AE9264,1
16472,62.0,4.0,104.0,#BC9000,0
16473,62.0,6.0,-50.0,#5697EE,1
16474,62.0,6.0,-34.0,#7A95D2,1
16475,62.0,6.0,-16.0,#9294B2,1
16476,62.0,6.0,-12.0,#9693AB,1
16477,62.0,6.0,-8.0,#9A93A4,1
16478,62.0,6.0,-4.0,#9E939D,1
16479,62.0,6.0,0.0,#A19296,1
16480,62.0,6.0,4.0,#A4928F,1
16481,62.0,6.0,8.0,#A69288,1
16482,62.0,6.0,12.0,#A99281,1
16483,62.0,6.0,16.0,#AB917A,1
16484,62.0,6.0,20.0,#AD9173,1
16485,62.0,6.0,52.0,#B89035,1
16486,62.0,6.0,60.0,#BA9020,1
16487,62.0,8.0,-60.0,#3797FF,0
16488,62.0,8.0,-46.0,#6896E7,1
16489,62.0,8.0,-16.0,#9692B2,1
16490,62.0,8.0,-12.0,#9A92AB,1
16491,62.0,8.0,-8.0,#9E92A4,1
16492,62.0,8.0,-4.0,#A1919D,1
16493,62.0,8.0,0.0,#A49196,1
16494,62.0,8.0,4.0,#A7918F,1
16495,62.0,8.0,8.0,#AA9188,1
16496,62.0,8.0,12.0,#AC9081,1
16497,62.0,8.0,16.0,#AE907A,1
16498,62.0,8.0,28.0,#B48F65,1
16499,62.0,8.0,46.0,#BA8F42,1
16500,62.0,8.0,102.0,#C18E00,0
16501,62.0,10.0,-56.0,#5396F9,1
16502,62.0,10.0,-36.0,#8193D5,1
16503,62.0,10.0,-32.0,#8793CE,1
16504,62.0,10.0,-10.0,#A091A8,1
16505,62.0,10.0,-6.0,#A390A1,1
16506,62.0,10.0,-2.0,#A6909A,1
16507,62.0,10.0,2.0,#A99093,1
16508,62.0,10.0,6.0,#AC8F8C,1
16509,62.0,10.0,10.0,#AE8F85,1
16510,62.0,10.0,20.0,#B38F73,1
16511,62.0,10.0,52.0,#BE8D36,1
16512,62.0,10.0,60.0,#C08D21,1
16513,62.0,10.0,74.0,#C28D00,0
16514,62.0,12.0,-30.0,#8E91CB,1
16515,62.0,12.0,-20.0,#9A90B9,1
16516,62.0,12.0,-16.0,#9E90B2,1
16517,62.0,12.0,-4.0,#A88F9D,1
16518,62.0,12.0,0.0,#AB8F96,1
16519,62.0,12.0,4.0,#AE8E8F,1
16520,62.0,12.0,8.0,#B08E88,1
16521,62.0,12.0,14.0,#B48E7E,1
16522,62.0,12.0,30.0,#BB8D61,1
16523,62.0,12.0,100.0,#C78B00,0
16524,62.0,14.0,-64.0,#4694FF,0
16525,62.0,14.0,-52.0,#6C93F2,1
16526,62.0,14.0,-10.0,#A78EA8,1
16527,62.0,14.0,-2.0,#AD8D9A,1
16528,62.0,14.0,2.0,#B08D93,1
16529,62.0,14.0,12.0,#B68C81,1
16530,62.0,14.0,22.0,#BB8C70,1
16531,62.0,14.0,72.0,#C88A00,0
16532,62.0,16.0,-22.0,#A08EBD,1
16533,62.0,16.0,-8.0,#AC8DA4,1
16534,62.0,16.0,0.0,#B28C96,1
16535,62.0,16.0,10.0,#B88B85,1
16536,62.0,16.0,16.0,#BB8B7A,1
16537,62.0,16.0,32.0,#C18A5E,1
16538,62.0,16.0,38.0,#C38A53,1
16539,62.0,16.0,60.0,#C98922,1
16540,62.0,16.0,88.0,#CC8900,0
16541,62.0,18.0,-12.0,#AC8CAB,1
16542,62.0,18.0,-6.0,#B18BA1,1
16543,62.0,18.0,14.0,#BD8A7E,1
16544,62.0,18.0,24.0,#C1896C,1
16545,62.0,18.0,28.0,#C38965,1
16546,62.0,18.0,66.0,#CC880A,1
16547,62.0,18.0,74.0,#CD8700,0
16548,62.0,18.0,94.0,#CF8700,0
16549,62.0,20.0,-42.0,#8F8DE0,1
16550,62.0,20.0,12.0,#BF8882,1
16551,62.0,20.0,18.0,#C28877,1
16552,62.0,20.0,40.0,#CA874F,1
16553,62.0,20.0,46.0,#CB8743,1
16554,62.0,20.0,80.0,#D18600,0
16555,62.0,20.0,88.0,#D18600,0
16556,62.0,22.0,-40.0,#968CDD,1
16557,62.0,22.0,-10.0,#B589A8,1
16558,62.0,22.0,2.0,#BD8893,1
16559,62.0,22.0,6.0,#BF878C,1
16560,62.0,22.0,16.0,#C4877B,1
16561,62.0,22.0,28.0,#C98665,1
16562,62.0,22.0,68.0,#D28500,0
16563,62.0,22.0,94.0,#D48400,0
16564,62.0,24.0,-48.0,#8E8CEB,1
16565,62.0,24.0,10.0,#C48685,1
16566,62.0,24.0,14.0,#C6857E,1
16567,62.0,24.0,20.0,#C98574,1
16568,62.0,24.0,44.0,#D08448,1
16569,62.0,24.0,64.0,#D48316,1
16570,62.0,24.0,74.0,#D68300,0
16571,62.0,26.0,-46.0,#968AE8,1
16572,62.0,26.0,18.0,#CB8477,1
16573,62.0,26.0,30.0,#CF8362,1
16574,62.0,28.0,-44.0,#9D88E4,1
16575,62.0,28.0,24.0,#D0826D,1
16576,62.0,28.0,44.0,#D68148,1
16577,62.0,28.0,62.0,#D9801E,1
16578,62.0,28.0,80.0,#DC8000,0
16579,62.0,28.0,96.0,#DC8000,0
16580,62.0,30.0,18.0,#D18078,1
16581,62.0,30.0,22.0,#D28070,1
16582,62.0,30.0,56.0,#DB7F2F,1
16583,62.0,30.0,68.0,#DD7E03,1
16584,62.0,30.0,102.0,#DF7E00,0
16585,62.0,32.0,92.0,#E27C00,0
16586,62.0,34.0,46.0,#DF7C45,1
16587,62.0,34.0,56.0,#E17B30,1
16588,62.0,34.0,80.0,#E37B00,0
16589,62.0,34.0,98.0,#E57B00,0
16590,62.0,36.0,24.0,#DB7B6D,1
16591,62.0,36.0,34.0,#DF7A5B,1
16592,62.0,36.0,86.0,#E77900,0
16593,62.0,38.0,-22.0,#C67DBD,1
16594,62.0,38.0,46.0,#E47845,1
16595,62.0,38.0,52.0,#E57839,1
16596,62.0,38.0,92.0,#E97700,0
16597,62.0,40.0,-60.0,#9F81FF,0
16598,62.0,40.0,4.0,#D97990,1
16599,62.0,40.0,58.0,#E9762C,1
16600,62.0,40.0,74.0,#EB7500,0
16601,62.0,40.0,86.0,#EC7500,0
16602,62.0,40.0,98.0,#EC7500,0
16603,62.0,42.0,22.0,#E37671,1
16604,62.0,42.0,26.0,#E4756A,1
16605,62.0,42.0,30.0,#E67563,1
16606,62.0,42.0,34.0,#E7755C,1
16607,62.0,42.0,46.0,#E97446,1
16608,62.0,42.0,52.0,#EB7439,1
16609,62.0,42.0,104.0,#EF7300,0
16610,62.0,44.0,-52.0,#B27CF3,1
16611,62.0,44.0,-44.0,#BC7BE4,1
16612,62.0,46.0,2.0,#E17394,1
16613,62.0,46.0,86.0,#F46F00,0
16614,62.0,46.0,98.0,#F46F00,0
16615,62.0,48.0,6.0,#E5718D,1
16616,62.0,48.0,26.0,#ED6F6B,1
16617,62.0,48.0,30.0,#EE6F63,1
16618,62.0,48.0,34.0,#EF6F5C,1
16619,62.0,48.0,38.0,#F06F55,1
16620,62.0,50.0,-56.0,#B977FA,1
16621,62.0,50.0,-46.0,#C475E8,1
16622,62.0,50.0,14.0,#EB6E7F,1
16623,62.0,52.0,-64.0,#B277FF,0
16624,62.0,52.0,44.0,#F66A4A,1
16625,62.0,52.0,98.0,#FC6800,0
16626,62.0,54.0,-54.0,#C273F7,1
16627,62.0,54.0,-38.0,#D370DA,1
16628,62.0,54.0,28.0,#F56867,1
16629,62.0,54.0,36.0,#F76859,1
16630,62.0,54.0,50.0,#FA673F,1
16631,62.0,54.0,82.0,#FE6600,0
16632,62.0,54.0,90.0,#FE6600,0
16633,62.0,56.0,-50.0,#CA70EF,1
16634,62.0,56.0,96.0,#FF6300,0
16635,62.0,58.0,48.0,#FF6243,1
16636,62.0,58.0,88.0,#FF6100,0
16637,62.0,60.0,-60.0,#C66DFF,0
16638,62.0,60.0,54.0,#FF5F38,0
16639,62.0,62.0,-30.0,#E565CC,1
16640,62.0,62.0,86.0,#FF5B00,0
16641,62.0,62.0,100.0,#FF5B00,0
16642,62.0,64.0,48.0,#FF5A44,0
16643,62.0,66.0,-26.0,#EE5FC5,1
16644,62.0,66.0,40.0,#FF5753,0
16645,62.0,66.0,54.0,#FF5639,0
16646,62.0,68.0,-58.0,#D763FE,1
16647,62.0,68.0,46.0,#FF5348,0
16648,62.0,68.0,60.0,#FF532C,0
16649,62.0,70.0,-52.0,#E05EF3,1
16650,62.0,70.0,52.0,#FF503D,0
16651,62.0,72.0,-28.0,#F656C9,1
16652,62.0,72.0,-16.0,#FC54B4,1
16653,62.0,72.0,58.0,#FF4C31,0
16654,62.0,74.0,-40.0,#F055DE,1
16655,62.0,74.0,-34.0,#F554D4,1
16656,62.0,74.0,-22.0,#FC51BF,1
16657,62.0,74.0,64.0,#FF4724,0
16658,62.0,76.0,-58.0,#E457FE,1
16659,62.0,76.0,54.0,#FF443A,0
16660,62.0,76.0,70.0,#FF4312,0
16661,62.0,78.0,-52.0,#ED51F4,1
16662,62.0,78.0,44.0,#FF404D,0
16663,62.0,78.0,60.0,#FF3F2E,0
16664,62.0,80.0,-42.0,#F84BE2,1
16665,62.0,80.0,-30.0,#FF48CD,0
16666,62.0,80.0,50.0,#FF3A42,0
16667,62.0,80.0,66.0,#FF3920,0
16668,62.0,80.0,82.0,#FF3800,0
16669,62.0,82.0,-64.0,#E84EFF,0
16670,62.0,82.0,-36.0,#FF45D7,1
16671,62.0,82.0,56.0,#FF3437,0
16672,62.0,84.0,-50.0,#F845F0,1
16673,62.0,84.0,62.0,#FF2C2B,0
16674,62.0,86.0,-44.0,#FF3EE6,0
16675,62.0,88.0,-38.0,#FF36DB,0
16676,62.0,90.0,-54.0,#FD37F7,1
16677,62.0,90.0,-4.0,#FF20A0,0
16678,62.0,92.0,-48.0,#FF2DED,0
16679,62.0,92.0,24.0,#FF0071,0
16680,62.0,94.0,-36.0,#FF1CD8,0
16681,62.0,96.0,-58.0,#FF22FF,0
16682,62.0,96.0,-42.0,#FF13E2,0
16683,62.0,100.0,-16.0,#FF00B5,0
16684,62.0,102.0,-46.0,#FF00EA,0
16685,63.0,-128.0,-2.0,#00C299,0
16686,63.0,-128.0,10.0,#00C184,0
16687,63.0,-128.0,34.0,#00C056,0
16688,63.0,-128.0,60.0,#00C00B,0
16689,63.0,-128.0,68.0,#00BF00,0
16690,63.0,-122.0,-8.0,#00C1A4,0
16691,63.0,-116.0,-12.0,#00C0AB,0
16692,63.0,-112.0,2.0,#00BF92,0
16693,63.0,-112.0,8.0,#00BE87,0
16694,63.0,-112.0,42.0,#00BD46,0
16695,63.0,-112.0,50.0,#00BD33,0
16696,63.0,-110.0,-16.0,#00BFB3,0
16697,63.0,-104.0,-18.0,#00BEB6,0
16698,63.0,-104.0,42.0,#00BB46,0
16699,63.0,-104.0,50.0,#00BB33,0
16700,63.0,-102.0,74.0,#00BA00,0
16701,63.0,-102.0,88.0,#00BA00,0
16702,63.0,-100.0,-24.0,#00BEC1,0
16703,63.0,-100.0,-6.0,#00BDA1,0
16704,63.0,-98.0,-16.0,#00BDB3,0
16705,63.0,-96.0,0.0,#00BB96,0
16706,63.0,-96.0,6.0,#00BB8B,0
16707,63.0,-94.0,-22.0,#00BCBD,0
16708,63.0,-94.0,-10.0,#00BBA8,0
16709,63.0,-94.0,70.0,#00B900,0
16710,63.0,-90.0,-28.0,#00BCC8,0
16711,63.0,-90.0,-4.0,#00BA9D,0
16712,63.0,-88.0,2.0,#00B993,0
16713,63.0,-88.0,8.0,#00B988,0
16714,63.0,-88.0,14.0,#00B97D,0
16715,63.0,-88.0,20.0,#00B972,0
16716,63.0,-88.0,38.0,#00B84F,0
16717,63.0,-88.0,46.0,#00B83E,0
16718,63.0,-82.0,-30.0,#00BACC,0
16719,63.0,-82.0,-4.0,#00B89D,0
16720,63.0,-80.0,46.0,#00B63E,0
16721,63.0,-76.0,-34.0,#00B9D3,0
16722,63.0,-76.0,-28.0,#00B8C8,0
16723,63.0,-76.0,-18.0,#00B8B7,0
16724,63.0,-76.0,-2.0,#00B79A,0
16725,63.0,-72.0,20.0,#00B472,0
16726,63.0,-70.0,-36.0,#00B7D7,0
16727,63.0,-68.0,80.0,#04B200,0
16728,63.0,-66.0,4.0,#00B390,0
16729,63.0,-66.0,10.0,#00B385,0
16730,63.0,-64.0,-6.0,#00B3A1,0
16731,63.0,-62.0,-26.0,#00B4C5,0
16732,63.0,-62.0,32.0,#00B15C,0
16733,63.0,-62.0,78.0,#33B000,0
16734,63.0,-60.0,12.0,#00B181,0
16735,63.0,-58.0,-34.0,#00B4D3,0
16736,63.0,-58.0,-12.0,#00B2AC,0
16737,63.0,-58.0,-8.0,#00B2A5,0
16738,63.0,-58.0,-4.0,#00B19E,0
16739,63.0,-58.0,92.0,#48AF00,0
16740,63.0,-56.0,-28.0,#00B2C9,0
16741,63.0,-56.0,28.0,#00AF64,0
16742,63.0,-54.0,14.0,#00AF7E,0
16743,63.0,-54.0,60.0,#48AE18,1
16744,63.0,-52.0,-14.0,#00B0B0,0
16745,63.0,-52.0,-10.0,#00B0A9,0
16746,63.0,-50.0,64.0,#56AC00,1
16747,63.0,-46.0,-46.0,#00B1E9,0
16748,63.0,-46.0,-12.0,#00AEAC,0
16749,63.0,-46.0,-8.0,#00AEA5,0
16750,63.0,-44.0,26.0,#49AB68,1
16751,63.0,-44.0,82.0,#6BAA00,0
16752,63.0,-42.0,10.0,#33AB85,1
16753,63.0,-42.0,36.0,#5AAA55,1
16754,63.0,-42.0,104.0,#72A900,0
16755,63.0,-40.0,-42.0,#00AEE2,0
16756,63.0,-40.0,-10.0,#00ACA9,0
16757,63.0,-40.0,-6.0,#00ABA2,0
16758,63.0,-40.0,-2.0,#0DAB9B,1
16759,63.0,-40.0,88.0,#74A800,0
16760,63.0,-38.0,16.0,#4FA97B,1
16761,63.0,-38.0,20.0,#55A974,1
16762,63.0,-38.0,50.0,#6DA838,1
16763,63.0,-38.0,56.0,#70A828,1
16764,63.0,-36.0,100.0,#7EA700,0
16765,63.0,-34.0,-18.0,#00AAB7,0
16766,63.0,-34.0,106.0,#82A600,0
16767,63.0,-32.0,16.0,#61A77B,1
16768,63.0,-32.0,20.0,#66A774,1
16769,63.0,-32.0,44.0,#77A646,1
16770,63.0,-32.0,74.0,#82A500,0
16771,63.0,-32.0,86.0,#84A500,0
16772,63.0,-30.0,-24.0,#00A9C2,0
16773,63.0,-30.0,-20.0,#00A8BB,0
16774,63.0,-30.0,30.0,#73A561,1
16775,63.0,-30.0,80.0,#86A400,0
16776,63.0,-28.0,-16.0,#2EA7B4,1
16777,63.0,-28.0,-12.0,#3CA7AD,1
16778,63.0,-28.0,88.0,#8BA300,0
16779,63.0,-26.0,-26.0,#00A7C6,0
16780,63.0,-26.0,16.0,#70A47B,1
16781,63.0,-26.0,20.0,#74A474,1
16782,63.0,-24.0,-20.0,#36A6BB,1
16783,63.0,-24.0,-12.0,#4DA5AD,1
16784,63.0,-24.0,2.0,#66A494,1
16785,63.0,-24.0,6.0,#6BA48D,1
16786,63.0,-24.0,106.0,#94A200,0
16787,63.0,-22.0,-34.0,#00A6D4,0
16788,63.0,-22.0,-28.0,#1AA6C9,1
16789,63.0,-22.0,10.0,#74A386,1
16790,63.0,-22.0,14.0,#78A37F,1
16791,63.0,-22.0,68.0,#92A100,0
16792,63.0,-22.0,76.0,#94A100,0
16793,63.0,-20.0,62.0,#94A016,1
16794,63.0,-20.0,84.0,#98A000,0
16795,63.0,-18.0,-28.0,#39A4C9,1
16796,63.0,-18.0,46.0,#93A043,1
16797,63.0,-18.0,56.0,#969F2B,1
16798,63.0,-18.0,78.0,#9B9F00,0
16799,63.0,-16.0,-22.0,#54A2BF,1
16800,63.0,-16.0,-18.0,#5CA2B8,1
16801,63.0,-16.0,50.0,#989F3A,1
16802,63.0,-16.0,86.0,#9F9E00,0
16803,63.0,-14.0,-30.0,#46A2CD,1
16804,63.0,-14.0,0.0,#7CA098,1
16805,63.0,-14.0,20.0,#8D9F74,1
16806,63.0,-14.0,28.0,#929E66,1
16807,63.0,-14.0,54.0,#9C9D31,1
16808,63.0,-14.0,80.0,#A29D00,0
16809,63.0,-12.0,-2.0,#7E9F9C,1
16810,63.0,-12.0,2.0,#829F95,1
16811,63.0,-10.0,-30.0,#56A0CD,1
16812,63.0,-10.0,-4.0,#809E9F,1
16813,63.0,-10.0,0.0,#859E98,1
16814,63.0,-10.0,4.0,#889E91,1
16815,63.0,-10.0,16.0,#929D7C,1
16816,63.0,-10.0,24.0,#979C6D,1
16817,63.0,-10.0,30.0,#9A9C62,1
16818,63.0,-8.0,6.0,#8E9C8E,1
16819,63.0,-8.0,18.0,#979C78,1
16820,63.0,-6.0,-50.0,#00A0F1,0
16821,63.0,-6.0,20.0,#9C9B75,1
16822,63.0,-2.0,28.0,#A79867,1
16823,63.0,-2.0,62.0,#B2971B,1
16824,63.0,-2.0,106.0,#B69600,0
16825,63.0,0.0,-26.0,#7B9BC6,1
16826,63.0,0.0,32.0,#AC975F,1
16827,63.0,2.0,-54.0,#379DF8,1
16828,63.0,2.0,-24.0,#8399C3,1
16829,63.0,2.0,26.0,#AC966A,1
16830,63.0,4.0,-60.0,#199CFF,0
16831,63.0,4.0,20.0,#AD9575,1
16832,63.0,4.0,42.0,#B6944C,1
16833,63.0,4.0,88.0,#BE9300,0
16834,63.0,4.0,96.0,#BE9300,0
16835,63.0,6.0,-20.0,#9197BC,1
16836,63.0,6.0,34.0,#B6935C,1
16837,63.0,6.0,72.0,#BF9200,0
16838,63.0,6.0,80.0,#C09200,0
16839,63.0,8.0,-26.0,#8D96C6,1
16840,63.0,8.0,24.0,#B5926E,1
16841,63.0,8.0,94.0,#C49000,0
16842,63.0,10.0,-24.0,#9495C3,1
16843,63.0,10.0,34.0,#BC915C,1
16844,63.0,10.0,68.0,#C49000,0
16845,63.0,12.0,-42.0,#7E95E3,1
16846,63.0,12.0,18.0,#B89079,1
16847,63.0,12.0,24.0,#BB906E,1
16848,63.0,12.0,46.0,#C38F45,1
16849,63.0,14.0,-26.0,#9A92C7,1
16850,63.0,14.0,78.0,#CB8D00,0
16851,63.0,16.0,6.0,#B88E8E,1
16852,63.0,16.0,48.0,#C98C41,1
16853,63.0,16.0,104.0,#D08B00,0
16854,63.0,18.0,-32.0,#9B90D1,1
16855,63.0,18.0,-28.0,#A090CA,1
16856,63.0,18.0,4.0,#BA8D92,1
16857,63.0,20.0,-22.0,#AA8EC0,1
16858,63.0,20.0,-18.0,#AD8DB9,1
16859,63.0,20.0,-2.0,#BA8C9D,1
16860,63.0,20.0,8.0,#C08B8B,1
16861,63.0,20.0,104.0,#D58800,0
16862,63.0,22.0,-60.0,#7491FF,0
16863,63.0,22.0,-54.0,#8290F9,1
16864,63.0,22.0,-32.0,#A38DD1,1
16865,63.0,22.0,-28.0,#A78DCA,1
16866,63.0,22.0,-14.0,#B48CB2,1
16867,63.0,22.0,36.0,#CE8859,1
16868,63.0,22.0,58.0,#D4872B,1
16869,63.0,24.0,-52.0,#8A8FF5,1
16870,63.0,24.0,-26.0,#AD8BC7,1
16871,63.0,24.0,-22.0,#B18BC0,1
16872,63.0,24.0,-18.0,#B48BB9,1
16873,63.0,24.0,34.0,#D1875D,1
16874,63.0,24.0,80.0,#D98600,0
16875,63.0,24.0,104.0,#DB8500,0
16876,63.0,26.0,-60.0,#808EFF,0
16877,63.0,26.0,-32.0,#AB8BD2,1
16878,63.0,26.0,86.0,#DC8400,0
16879,63.0,28.0,-26.0,#B488C7,1
16880,63.0,28.0,-22.0,#B888C0,1
16881,63.0,28.0,28.0,#D48468,1
16882,63.0,28.0,40.0,#D88352,1
16883,63.0,28.0,74.0,#DE8200,0
16884,63.0,30.0,-56.0,#928BFD,1
16885,63.0,30.0,-32.0,#B288D2,1
16886,63.0,32.0,-54.0,#9A89F9,1
16887,63.0,32.0,28.0,#DA8168,1
16888,63.0,32.0,86.0,#E47F00,0
16889,63.0,34.0,-62.0,#9089FF,0
16890,63.0,34.0,16.0,#D9807E,1
16891,63.0,36.0,-54.0,#A286F9,1
16892,63.0,36.0,20.0,#DD7E77,1
16893,63.0,36.0,28.0,#E07D69,1
16894,63.0,38.0,-62.0,#9A86FF,0
16895,63.0,38.0,40.0,#E67B53,1
16896,63.0,40.0,-54.0,#AB83F9,1
16897,63.0,40.0,-28.0,#C77FCB,1
16898,63.0,40.0,18.0,#E27A7B,1
16899,63.0,42.0,64.0,#F0761F,1
16900,63.0,44.0,-26.0,#CF7BC7,1
16901,63.0,44.0,-20.0,#D47ABD,1
16902,63.0,44.0,10.0,#E47789,1
16903,63.0,46.0,-6.0,#E077A5,1
16904,63.0,46.0,18.0,#EA757B,1
16905,63.0,48.0,-32.0,#D178D2,1
16906,63.0,48.0,-16.0,#DD76B6,1
16907,63.0,48.0,66.0,#F8701A,1
16908,63.0,50.0,-28.0,#D775CB,1
16909,63.0,50.0,-22.0,#DC74C1,1
16910,63.0,50.0,82.0,#FC6E00,0
16911,63.0,52.0,20.0,#F36E78,1
16912,63.0,52.0,64.0,#FD6C21,1
16913,63.0,54.0,-18.0,#E470BA,1
16914,63.0,54.0,4.0,#F06D94,1
16915,63.0,54.0,58.0,#FE6A31,1
16916,63.0,56.0,-62.0,#BF75FF,0
16917,63.0,56.0,-26.0,#E26EC8,1
16918,63.0,56.0,-4.0,#EF6CA1,1
16919,63.0,58.0,-14.0,#ED6AB3,1
16920,63.0,58.0,8.0,#F7688D,1
16921,63.0,58.0,14.0,#F96782,1
16922,63.0,58.0,18.0,#FB677C,1
16923,63.0,58.0,22.0,#FC6775,1
16924,63.0,60.0,-44.0,#DA6DE8,1
16925,63.0,60.0,-22.0,#EB69C1,1
16926,63.0,60.0,-8.0,#F367A9,1
16927,63.0,60.0,28.0,#FF646A,0
16928,63.0,60.0,34.0,#FF6360,0
16929,63.0,62.0,-56.0,#D16DFD,1
16930,63.0,62.0,62.0,#FF5F29,0
16931,63.0,64.0,-4.0,#FA61A2,1
16932,63.0,64.0,16.0,#FF5F7F,0
16933,63.0,64.0,24.0,#FF5E72,0
16934,63.0,64.0,68.0,#FF5C18,0
16935,63.0,66.0,-12.0,#F960B0,1
16936,63.0,66.0,30.0,#FF5B67,0
16937,63.0,66.0,36.0,#FF5A5D,0
16938,63.0,66.0,74.0,#FF5900,0
16939,63.0,66.0,82.0,#FF5800,0
16940,63.0,70.0,-2.0,#FF589F,0
16941,63.0,70.0,14.0,#FF5683,0
16942,63.0,70.0,20.0,#FF5579,0
16943,63.0,70.0,26.0,#FF556E,0
16944,63.0,70.0,70.0,#FF5213,0
16945,63.0,72.0,-10.0,#FF56AC,0
16946,63.0,72.0,32.0,#FF5164,0
16947,63.0,72.0,38.0,#FF505A,0
16948,63.0,76.0,12.0,#FF4B87,0
16949,63.0,76.0,18.0,#FF4A7D,0
16950,63.0,76.0,24.0,#FF4A72,0
16951,63.0,78.0,-4.0,#FF4AA2,0
16952,63.0,78.0,2.0,#FF4998,0
16953,63.0,78.0,30.0,#FF4568,0
16954,63.0,78.0,36.0,#FF445E,0
16955,63.0,80.0,8.0,#FF438E,0
16956,63.0,82.0,14.0,#FF3D84,0
16957,63.0,82.0,20.0,#FF3C7A,0
16958,63.0,82.0,26.0,#FF3B6F,0
16959,63.0,84.0,-6.0,#FF3CA6,0
16960,63.0,88.0,6.0,#FF2C92,0
16961,63.0,88.0,12.0,#FF2A88,0
16962,63.0,96.0,-30.0,#FF11D0,0
16963,63.0,102.0,-54.0,#FF00FB,0
16964,63.0,102.0,-32.0,#FF00D4,0
16965,64.0,-128.0,22.0,#00C470,0
16966,64.0,-128.0,46.0,#00C33F,0
16967,64.0,-128.0,54.0,#00C329,0
16968,64.0,-118.0,84.0,#00C100,0
16969,64.0,-112.0,30.0,#00C061,0
16970,64.0,-112.0,62.0,#00C005,0
16971,64.0,-112.0,90.0,#00BF00,0
16972,64.0,-110.0,70.0,#00BF00,0
16973,64.0,-110.0,80.0,#00BF00,0
16974,64.0,-106.0,94.0,#00BE00,0
16975,64.0,-104.0,4.0,#00C091,0
16976,64.0,-104.0,10.0,#00C086,0
16977,64.0,-104.0,16.0,#00BF7C,0
16978,64.0,-104.0,22.0,#00BF70,0
16979,64.0,-104.0,28.0,#00BF65,0
16980,64.0,-104.0,36.0,#00BF55,0
16981,64.0,-104.0,60.0,#00BE14,0
16982,64.0,-104.0,68.0,#00BE00,0
16983,64.0,-100.0,98.0,#00BD00,0
16984,64.0,-98.0,62.0,#00BD08,0
16985,64.0,-96.0,14.0,#00BE7F,0
16986,64.0,-92.0,100.0,#00BB00,0
16987,64.0,-90.0,64.0,#00BB00,0
16988,64.0,-90.0,78.0,#00BB00,0
16989,64.0,-88.0,-32.0,#00BFD2,0
16990,64.0,-88.0,30.0,#00BB62,0
16991,64.0,-86.0,70.0,#00BA00,0
16992,64.0,-86.0,102.0,#00B900,0
16993,64.0,-84.0,-18.0,#00BDB9,0
16994,64.0,-84.0,58.0,#00B91F,0
16995,64.0,-84.0,82.0,#00B900,0
16996,64.0,-82.0,-36.0,#00BDDA,0
16997,64.0,-82.0,64.0,#00B900,0
16998,64.0,-82.0,76.0,#00B900,0
16999,64.0,-80.0,4.0,#00BA92,0
17000,64.0,-80.0,14.0,#00BA80,0
17001,64.0,-80.0,20.0,#00B975,0
17002,64.0,-78.0,84.0,#00B700,0
17003,64.0,-78.0,104.0,#00B700,0
17004,64.0,-76.0,-40.0,#00BCE1,0
17005,64.0,-76.0,60.0,#00B718,0
17006,64.0,-76.0,68.0,#00B700,0
17007,64.0,-76.0,78.0,#00B700,0
17008,64.0,-74.0,40.0,#00B74E,0
17009,64.0,-72.0,-14.0,#00B9B2,0
17010,64.0,-72.0,30.0,#00B762,0
17011,64.0,-72.0,88.0,#00B600,0
17012,64.0,-72.0,100.0,#00B600,0
17013,64.0,-70.0,-44.0,#00BBE8,0
17014,64.0,-70.0,-26.0,#00B9C8,0
17015,64.0,-70.0,54.0,#00B62E,0
17016,64.0,-70.0,62.0,#00B50F,0
17017,64.0,-70.0,70.0,#00B500,0
17018,64.0,-66.0,-2.0,#00B79D,0
17019,64.0,-66.0,14.0,#00B680,0
17020,64.0,-66.0,20.0,#00B575,0
17021,64.0,-66.0,26.0,#00B56A,0
17022,64.0,-66.0,48.0,#00B53D,0
17023,64.0,-66.0,104.0,#2EB400,0
17024,64.0,-64.0,-48.0,#00BAF0,0
17025,64.0,-64.0,-42.0,#00B9E5,0
17026,64.0,-64.0,-36.0,#00B8DA,0
17027,64.0,-64.0,56.0,#0DB428,1
17028,64.0,-64.0,64.0,#20B402,1
17029,64.0,-64.0,72.0,#29B400,0
17030,64.0,-62.0,-16.0,#00B6B6,0
17031,64.0,-60.0,18.0,#00B479,0
17032,64.0,-60.0,24.0,#00B36E,0
17033,64.0,-60.0,36.0,#00B357,0
17034,64.0,-58.0,-52.0,#00B8F7,0
17035,64.0,-58.0,-44.0,#00B7E8,0
17036,64.0,-58.0,66.0,#40B200,0
17037,64.0,-58.0,104.0,#4DB100,0
17038,64.0,-56.0,4.0,#00B392,0
17039,64.0,-56.0,80.0,#4EB100,0
17040,64.0,-54.0,20.0,#00B275,0
17041,64.0,-54.0,34.0,#2DB15B,1
17042,64.0,-54.0,40.0,#37B14F,1
17043,64.0,-54.0,46.0,#3FB142,1
17044,64.0,-54.0,52.0,#45B134,1
17045,64.0,-52.0,-54.0,#00B6FB,0
17046,64.0,-52.0,-46.0,#00B6EC,0
17047,64.0,-52.0,-40.0,#00B5E1,0
17048,64.0,-52.0,-34.0,#00B4D6,0
17049,64.0,-52.0,-22.0,#00B3C1,0
17050,64.0,-52.0,-18.0,#00B3BA,0
17051,64.0,-52.0,0.0,#00B29A,0
17052,64.0,-52.0,84.0,#5BAF00,0
17053,64.0,-52.0,100.0,#5EAF00,0
17054,64.0,-50.0,74.0,#5DAF00,0
17055,64.0,-48.0,-58.0,#00B6FF,0
17056,64.0,-48.0,4.0,#00B093,0
17057,64.0,-48.0,10.0,#00B088,0
17058,64.0,-48.0,16.0,#23B07D,1
17059,64.0,-48.0,36.0,#4AAF58,1
17060,64.0,-48.0,42.0,#50AF4B,1
17061,64.0,-48.0,48.0,#55AF3E,1
17062,64.0,-46.0,-52.0,#00B4F7,0
17063,64.0,-46.0,-38.0,#00B3DE,0
17064,64.0,-46.0,-32.0,#00B2D3,0
17065,64.0,-46.0,-2.0,#00B09D,0
17066,64.0,-42.0,-60.0,#00B4FF,0
17067,64.0,-42.0,6.0,#2BAE8F,1
17068,64.0,-42.0,30.0,#57AD63,1
17069,64.0,-42.0,42.0,#61AD4C,1
17070,64.0,-42.0,48.0,#65AC3F,1
17071,64.0,-40.0,-54.0,#00B2FB,0
17072,64.0,-40.0,-34.0,#00B0D7,0
17073,64.0,-40.0,-28.0,#00B0CC,0
17074,64.0,-40.0,-18.0,#00AFBA,0
17075,64.0,-40.0,-14.0,#00AFB3,0
17076,64.0,-40.0,96.0,#78AB00,0
17077,64.0,-38.0,66.0,#76AA00,0
17078,64.0,-38.0,76.0,#79AA00,0
17079,64.0,-36.0,-60.0,#00B1FF,0
17080,64.0,-36.0,12.0,#53AB85,1
17081,64.0,-36.0,26.0,#64AB6B,1
17082,64.0,-36.0,32.0,#69AB60,1
17083,64.0,-34.0,-46.0,#00AFEC,0
17084,64.0,-34.0,-40.0,#00AEE1,0
17085,64.0,-34.0,-14.0,#00ACB3,0
17086,64.0,-34.0,68.0,#7FA900,0
17087,64.0,-32.0,-10.0,#31ABAC,1
17088,64.0,-32.0,-2.0,#48AB9E,1
17089,64.0,-32.0,62.0,#81A818,1
17090,64.0,-30.0,-60.0,#00AFFF,0
17091,64.0,-30.0,-6.0,#47AAA5,1
17092,64.0,-30.0,2.0,#57AA97,1
17093,64.0,-30.0,6.0,#5DA98F,1
17094,64.0,-30.0,38.0,#7BA855,1
17095,64.0,-28.0,-54.0,#00AEFB,0
17096,64.0,-28.0,-34.0,#00ABD7,0
17097,64.0,-28.0,64.0,#89A60F,1
17098,64.0,-26.0,12.0,#6FA785,1
17099,64.0,-24.0,-60.0,#00ADFF,0
17100,64.0,-24.0,-48.0,#00ABF0,0
17101,64.0,-24.0,48.0,#8BA540,1
17102,64.0,-24.0,56.0,#8EA52D,1
17103,64.0,-22.0,-54.0,#00ABFB,0
17104,64.0,-22.0,-42.0,#00AAE5,0
17105,64.0,-22.0,-6.0,#62A7A5,1
17106,64.0,-22.0,-2.0,#68A69E,1
17107,64.0,-20.0,-14.0,#5AA6B3,1
17108,64.0,-20.0,6.0,#77A590,1
17109,64.0,-20.0,20.0,#84A477,1
17110,64.0,-20.0,24.0,#86A46F,1
17111,64.0,-20.0,30.0,#8AA464,1
17112,64.0,-20.0,36.0,#8DA459,1
17113,64.0,-20.0,108.0,#9DA200,0
17114,64.0,-18.0,-60.0,#00AAFF,0
17115,64.0,-18.0,-50.0,#00A9F4,0
17116,64.0,-18.0,-38.0,#00A7DE,0
17117,64.0,-18.0,8.0,#7EA48C,1
17118,64.0,-18.0,12.0,#81A485,1
17119,64.0,-18.0,16.0,#85A37E,1
17120,64.0,-16.0,-44.0,#00A7E9,0
17121,64.0,-16.0,-14.0,#66A4B3,1
17122,64.0,-16.0,4.0,#7EA393,1
17123,64.0,-16.0,24.0,#8EA270,1
17124,64.0,-14.0,-56.0,#00A8FF,0
17125,64.0,-14.0,-38.0,#25A6DE,1
17126,64.0,-14.0,-10.0,#72A3AC,1
17127,64.0,-14.0,-6.0,#77A3A5,1
17128,64.0,-14.0,6.0,#84A290,1
17129,64.0,-14.0,10.0,#88A289,1
17130,64.0,-14.0,14.0,#8BA282,1
17131,64.0,-14.0,62.0,#A1A01C,1
17132,64.0,-12.0,-48.0,#00A6F0,0
17133,64.0,-12.0,-26.0,#5BA3C9,1
17134,64.0,-12.0,-12.0,#74A2B0,1
17135,64.0,-12.0,48.0,#A19F41,1
17136,64.0,-10.0,-56.0,#00A6FF,0
17137,64.0,-10.0,-42.0,#2CA4E5,1
17138,64.0,-10.0,-22.0,#6AA2C2,1
17139,64.0,-10.0,-18.0,#70A2BB,1
17140,64.0,-10.0,-14.0,#76A1B3,1
17141,64.0,-10.0,-8.0,#7EA1A9,1
17142,64.0,-10.0,10.0,#90A089,1
17143,64.0,-10.0,74.0,#AA9E00,0
17144,64.0,-10.0,82.0,#AB9E00,0
17145,64.0,-10.0,90.0,#AC9D00,0
17146,64.0,-8.0,-10.0,#81A0AC,1
17147,64.0,-8.0,-6.0,#85A0A5,1
17148,64.0,-8.0,-2.0,#89A09E,1
17149,64.0,-8.0,12.0,#959F86,1
17150,64.0,-8.0,36.0,#A39E5A,1
17151,64.0,-8.0,42.0,#A59D4E,1
17152,64.0,-8.0,56.0,#AA9D2F,1
17153,64.0,-6.0,-56.0,#00A4FF,0
17154,64.0,-6.0,-44.0,#3CA2E9,1
17155,64.0,-6.0,-24.0,#71A0C5,1
17156,64.0,-6.0,-18.0,#7BA0BB,1
17157,64.0,-6.0,-14.0,#809FB4,1
17158,64.0,-6.0,-10.0,#859FAD,1
17159,64.0,-6.0,-6.0,#899FA5,1
17160,64.0,-6.0,-2.0,#8D9E9E,1
17161,64.0,-6.0,2.0,#919E97,1
17162,64.0,-6.0,6.0,#959E90,1
17163,64.0,-6.0,10.0,#989E89,1
17164,64.0,-6.0,14.0,#9A9D82,1
17165,64.0,-4.0,-40.0,#54A1E2,1
17166,64.0,-4.0,-32.0,#68A0D4,1
17167,64.0,-4.0,-22.0,#7A9FC2,1
17168,64.0,-4.0,-16.0,#829EB7,1
17169,64.0,-4.0,-12.0,#879EB0,1
17170,64.0,-4.0,-8.0,#8C9EA9,1
17171,64.0,-4.0,-4.0,#909EA2,1
17172,64.0,-4.0,0.0,#939D9B,1
17173,64.0,-4.0,4.0,#979D94,1
17174,64.0,-4.0,8.0,#9A9D8D,1
17175,64.0,-4.0,12.0,#9D9D86,1
17176,64.0,-4.0,16.0,#9F9C7F,1
17177,64.0,-4.0,34.0,#A99B5E,1
17178,64.0,-4.0,40.0,#AB9B52,1
17179,64.0,-4.0,46.0,#AD9B46,1
17180,64.0,-4.0,54.0,#AF9B34,1
17181,64.0,-4.0,68.0,#B39B00,0
17182,64.0,-2.0,-58.0,#00A2FF,0
17183,64.0,-2.0,-46.0,#49A0ED,1
17184,64.0,-2.0,-20.0,#819EBE,1
17185,64.0,-2.0,24.0,#A79B70,1
17186,64.0,-2.0,74.0,#B79900,0
17187,64.0,-2.0,90.0,#B89900,0
17188,64.0,0.0,-42.0,#5E9FE6,1
17189,64.0,0.0,-36.0,#6C9EDB,1
17190,64.0,0.0,44.0,#B3994B,1
17191,64.0,0.0,52.0,#B5993A,1
17192,64.0,2.0,-48.0,#549EF1,1
17193,64.0,2.0,74.0,#BD9700,0
17194,64.0,2.0,82.0,#BD9700,0
17195,64.0,2.0,106.0,#BF9700,0
17196,64.0,4.0,-44.0,#669DE9,1
17197,64.0,4.0,64.0,#BE9618,1
17198,64.0,6.0,-30.0,#869AD0,1
17199,64.0,8.0,-56.0,#519CFF,0
17200,64.0,8.0,-40.0,#7A9AE2,1
17201,64.0,8.0,40.0,#BE9453,1
17202,64.0,8.0,58.0,#C3942C,1
17203,64.0,10.0,-52.0,#669AF8,1
17204,64.0,10.0,82.0,#C99200,0
17205,64.0,10.0,106.0,#CB9200,0
17206,64.0,12.0,58.0,#C8912D,1
17207,64.0,14.0,-60.0,#5C99FF,0
17208,64.0,14.0,-48.0,#7B97F1,1
17209,64.0,14.0,-40.0,#8996E2,1
17210,64.0,14.0,-14.0,#A994B4,1
17211,64.0,14.0,54.0,#CB9037,1
17212,64.0,14.0,90.0,#CF8F00,0
17213,64.0,14.0,98.0,#D08F00,0
17214,64.0,16.0,-58.0,#6A97FF,0
17215,64.0,16.0,-38.0,#9195DF,1
17216,64.0,16.0,-18.0,#A993BB,1
17217,64.0,16.0,20.0,#C29078,1
17218,64.0,18.0,56.0,#D18D32,1
17219,64.0,18.0,82.0,#D48D00,0
17220,64.0,20.0,-46.0,#8E93ED,1
17221,64.0,20.0,22.0,#C98D75,1
17222,64.0,20.0,52.0,#D38C3C,1
17223,64.0,20.0,62.0,#D58B23,1
17224,64.0,22.0,-36.0,#A191DB,1
17225,64.0,22.0,-6.0,#BD8EA6,1
17226,64.0,24.0,-2.0,#C38C9F,1
17227,64.0,24.0,24.0,#D08A72,1
17228,64.0,24.0,50.0,#D88941,1
17229,64.0,26.0,-36.0,#A98EDB,1
17230,64.0,26.0,-14.0,#BE8BB5,1
17231,64.0,26.0,-10.0,#C18BAD,1
17232,64.0,26.0,-6.0,#C48BA6,1
17233,64.0,26.0,2.0,#C98A98,1
17234,64.0,26.0,6.0,#CB8A91,1
17235,64.0,26.0,56.0,#DC8734,1
17236,64.0,26.0,98.0,#E08600,0
17237,64.0,28.0,10.0,#D0888B,1
17238,64.0,28.0,14.0,#D28784,1
17239,64.0,28.0,50.0,#DD8641,1
17240,64.0,30.0,-8.0,#C988AA,1
17241,64.0,30.0,-4.0,#CB87A3,1
17242,64.0,30.0,0.0,#CE879C,1
17243,64.0,30.0,4.0,#D08795,1
17244,64.0,32.0,-42.0,#AD8AE6,1
17245,64.0,32.0,-22.0,#C287C3,1
17246,64.0,32.0,-18.0,#C587BC,1
17247,64.0,32.0,-14.0,#C887B5,1
17248,64.0,32.0,8.0,#D5858E,1
17249,64.0,32.0,34.0,#DF8360,1
17250,64.0,32.0,50.0,#E38241,1
17251,64.0,32.0,62.0,#E58225,1
17252,64.0,32.0,74.0,#E78200,0
17253,64.0,34.0,-30.0,#BE87D1,1
17254,64.0,34.0,-2.0,#D384A0,1
17255,64.0,34.0,2.0,#D58499,1
17256,64.0,34.0,12.0,#DA8387,1
17257,64.0,34.0,40.0,#E38155,1
17258,64.0,34.0,68.0,#E98010,1
17259,64.0,36.0,-42.0,#B587E6,1
17260,64.0,36.0,-12.0,#D083B1,1
17261,64.0,36.0,-8.0,#D283AA,1
17262,64.0,36.0,6.0,#DA8192,1
17263,64.0,36.0,62.0,#EB7F26,1
17264,64.0,36.0,74.0,#EC7E00,0
17265,64.0,38.0,-38.0,#BD85DF,1
17266,64.0,38.0,-18.0,#CF82BC,1
17267,64.0,38.0,10.0,#DF7F8B,1
17268,64.0,38.0,68.0,#EE7D12,1
17269,64.0,38.0,80.0,#EF7C00,0
17270,64.0,38.0,106.0,#F17C00,0
17271,64.0,40.0,-48.0,#B584F1,1
17272,64.0,40.0,-34.0,#C482D8,1
17273,64.0,40.0,-4.0,#DB7FA3,1
17274,64.0,40.0,0.0,#DD7E9C,1
17275,64.0,40.0,14.0,#E37D84,1
17276,64.0,42.0,-16.0,#D67EB9,1
17277,64.0,42.0,-10.0,#DA7EAE,1
17278,64.0,42.0,38.0,#EE7A5A,1
17279,64.0,42.0,80.0,#F47900,0
17280,64.0,42.0,94.0,#F57800,0
17281,64.0,44.0,-40.0,#C67FE3,1
17282,64.0,44.0,58.0,#F57732,1
17283,64.0,44.0,70.0,#F6770A,1
17284,64.0,46.0,-60.0,#B181FF,0
17285,64.0,46.0,-50.0,#BE7FF5,1
17286,64.0,46.0,-36.0,#CD7DDC,1
17287,64.0,46.0,-2.0,#E579A0,1
17288,64.0,46.0,44.0,#F5764F,1
17289,64.0,46.0,76.0,#F97500,0
17290,64.0,46.0,92.0,#FA7400,0
17291,64.0,48.0,-12.0,#E278B2,1
17292,64.0,48.0,50.0,#F97343,1
17293,64.0,48.0,56.0,#FA7337,1
17294,64.0,48.0,106.0,#FE7200,0
17295,64.0,50.0,-42.0,#CE7AE7,1
17296,64.0,50.0,10.0,#F0748C,1
17297,64.0,50.0,88.0,#FF7000,0
17298,64.0,52.0,-8.0,#EA73AB,1
17299,64.0,52.0,0.0,#EE729D,1
17300,64.0,52.0,76.0,#FF6E00,0
17301,64.0,52.0,104.0,#FF6E00,0
17302,64.0,54.0,-34.0,#DC75D9,1
17303,64.0,54.0,32.0,#FD6E65,1
17304,64.0,56.0,-46.0,#D474EE,1
17305,64.0,56.0,42.0,#FF6B53,0
17306,64.0,56.0,74.0,#FF6900,0
17307,64.0,56.0,100.0,#FF6900,0
17308,64.0,58.0,80.0,#FF6700,0
17309,64.0,58.0,106.0,#FF6600,0
17310,64.0,60.0,-36.0,#E46EDC,1
17311,64.0,60.0,0.0,#FA699D,1
17312,64.0,60.0,94.0,#FF6400,0
17313,64.0,62.0,42.0,#FF6354,0
17314,64.0,64.0,4.0,#FF6397,0
17315,64.0,64.0,10.0,#FF638C,0
17316,64.0,64.0,92.0,#FF5E00,0
17317,64.0,64.0,106.0,#FF5E00,0
17318,64.0,66.0,-54.0,#DD6AFD,1
17319,64.0,66.0,-42.0,#E868E7,1
17320,64.0,66.0,98.0,#FF5B00,0
17321,64.0,68.0,104.0,#FF5800,0
17322,64.0,72.0,-44.0,#F05FEB,1
17323,64.0,72.0,6.0,#FF5794,0
17324,64.0,72.0,84.0,#FF5100,0
17325,64.0,74.0,48.0,#FF4F4A,0
17326,64.0,74.0,80.0,#FF4D00,0
17327,64.0,82.0,-60.0,#F253FF,0
17328,64.0,82.0,-46.0,#FE4FEF,1
17329,64.0,84.0,-40.0,#FF49E4,0
17330,64.0,84.0,-16.0,#FF42BA,0
17331,64.0,84.0,34.0,#FF3964,0
17332,64.0,84.0,40.0,#FF385A,0
17333,64.0,86.0,-24.0,#FF3FC8,0
17334,64.0,90.0,-18.0,#FF31BE,0
17335,64.0,92.0,-12.0,#FF27B3,0
17336,64.0,94.0,-24.0,#FF23C8,0
17337,64.0,104.0,-42.0,#FF00E8,0
17338,65.0,-128.0,28.0,#00C667,0
17339,65.0,-128.0,76.0,#00C500,0
17340,65.0,-128.0,84.0,#00C500,0
17341,65.0,-122.0,10.0,#00C689,0
17342,65.0,-120.0,16.0,#00C57E,0
17343,65.0,-120.0,24.0,#00C56F,0
17344,65.0,-120.0,32.0,#00C55F,0
17345,65.0,-120.0,40.0,#00C54F,0
17346,65.0,-120.0,48.0,#00C43D,0
17347,65.0,-120.0,56.0,#00C427,0
17348,65.0,-120.0,64.0,#00C400,0
17349,65.0,-120.0,72.0,#00C400,0
17350,65.0,-118.0,4.0,#00C694,0
17351,65.0,-112.0,16.0,#00C47E,0
17352,65.0,-112.0,22.0,#00C473,0
17353,65.0,-112.0,38.0,#00C353,0
17354,65.0,-112.0,46.0,#00C342,0
17355,65.0,-106.0,-6.0,#00C4A6,0
17356,65.0,-104.0,46.0,#00C142,0
17357,65.0,-104.0,54.0,#00C12E,0
17358,65.0,-104.0,84.0,#00C100,0
17359,65.0,-100.0,-10.0,#00C3AD,0
17360,65.0,-98.0,76.0,#00BF00,0
17361,65.0,-96.0,24.0,#00C06F,0
17362,65.0,-96.0,30.0,#00C064,0
17363,65.0,-96.0,38.0,#00C054,0
17364,65.0,-96.0,46.0,#00BF43,0
17365,65.0,-96.0,54.0,#00BF2E,0
17366,65.0,-96.0,84.0,#00BF00,0
17367,65.0,-92.0,92.0,#00BE00,0
17368,65.0,-90.0,-18.0,#00C1BC,0
17369,65.0,-88.0,-10.0,#00C0AD,0
17370,65.0,-88.0,42.0,#00BE4C,0
17371,65.0,-88.0,50.0,#00BD3A,0
17372,65.0,-84.0,94.0,#00BC00,0
17373,65.0,-82.0,10.0,#00BD8A,0
17374,65.0,-80.0,-26.0,#00BFCA,0
17375,65.0,-80.0,-10.0,#00BEAE,0
17376,65.0,-80.0,28.0,#00BC68,0
17377,65.0,-80.0,34.0,#00BC5D,0
17378,65.0,-80.0,40.0,#00BC50,0
17379,65.0,-78.0,-14.0,#00BEB5,0
17380,65.0,-74.0,-8.0,#00BCAA,0
17381,65.0,-72.0,0.0,#00BB9C,0
17382,65.0,-72.0,12.0,#00BA86,0
17383,65.0,-72.0,24.0,#00BA70,0
17384,65.0,-68.0,-10.0,#00BAAE,0
17385,65.0,-68.0,34.0,#00B85D,0
17386,65.0,-68.0,40.0,#00B851,0
17387,65.0,-64.0,92.0,#39B600,0
17388,65.0,-62.0,-20.0,#00B9C0,0
17389,65.0,-62.0,42.0,#00B64D,0
17390,65.0,-62.0,84.0,#3EB600,0
17391,65.0,-60.0,48.0,#27B640,1
17392,65.0,-54.0,-6.0,#00B6A7,0
17393,65.0,-52.0,92.0,#60B200,0
17394,65.0,-50.0,-28.0,#00B6CE,0
17395,65.0,-50.0,28.0,#3AB369,1
17396,65.0,-46.0,-16.0,#00B4B9,0
17397,65.0,-46.0,66.0,#67B000,0
17398,65.0,-46.0,92.0,#6EB000,0
17399,65.0,-46.0,100.0,#6FB000,0
17400,65.0,-44.0,-26.0,#00B4CB,0
17401,65.0,-44.0,18.0,#42B17C,1
17402,65.0,-44.0,58.0,#68B028,1
17403,65.0,-42.0,-8.0,#00B2AB,0
17404,65.0,-40.0,-48.0,#00B4F3,0
17405,65.0,-38.0,-4.0,#24B0A4,1
17406,65.0,-38.0,0.0,#34B09D,1
17407,65.0,-38.0,8.0,#48AF8E,1
17408,65.0,-36.0,-8.0,#20AFAB,1
17409,65.0,-36.0,42.0,#73AD4F,1
17410,65.0,-34.0,-34.0,#00B1D9,0
17411,65.0,-34.0,-28.0,#00B0CF,0
17412,65.0,-34.0,94.0,#87AB00,0
17413,65.0,-32.0,14.0,#64AC84,1
17414,65.0,-32.0,56.0,#82AB2F,1
17415,65.0,-30.0,26.0,#75AB6E,1
17416,65.0,-30.0,48.0,#83AA42,1
17417,65.0,-28.0,-40.0,#00AFE4,0
17418,65.0,-28.0,-18.0,#2EADBD,1
17419,65.0,-28.0,-14.0,#3DACB6,1
17420,65.0,-28.0,42.0,#84AA4F,1
17421,65.0,-28.0,96.0,#92A900,0
17422,65.0,-28.0,104.0,#93A900,0
17423,65.0,-26.0,-22.0,#28ACC4,1
17424,65.0,-26.0,-10.0,#50ABAF,1
17425,65.0,-26.0,-6.0,#58ABA8,1
17426,65.0,-26.0,74.0,#92A800,0
17427,65.0,-24.0,-14.0,#4FABB6,1
17428,65.0,-24.0,4.0,#6DAA96,1
17429,65.0,-24.0,8.0,#72A98F,1
17430,65.0,-24.0,26.0,#82A86E,1
17431,65.0,-24.0,32.0,#86A863,1
17432,65.0,-24.0,82.0,#97A700,0
17433,65.0,-24.0,90.0,#98A700,0
17434,65.0,-22.0,-24.0,#3AABC8,1
17435,65.0,-22.0,-18.0,#4DAABD,1
17436,65.0,-22.0,-10.0,#5EAAAF,1
17437,65.0,-22.0,12.0,#7BA888,1
17438,65.0,-22.0,98.0,#9CA600,0
17439,65.0,-20.0,-30.0,#2BAAD3,1
17440,65.0,-20.0,2.0,#75A89A,1
17441,65.0,-20.0,44.0,#94A64C,1
17442,65.0,-20.0,92.0,#9FA500,0
17443,65.0,-18.0,-24.0,#4DA9C8,1
17444,65.0,-18.0,-20.0,#57A8C1,1
17445,65.0,-18.0,-10.0,#6AA8AF,1
17446,65.0,-18.0,-6.0,#70A7A8,1
17447,65.0,-18.0,50.0,#9AA53F,1
17448,65.0,-18.0,66.0,#9EA40B,1
17449,65.0,-16.0,-30.0,#43A8D3,1
17450,65.0,-16.0,-2.0,#7AA6A1,1
17451,65.0,-16.0,20.0,#8EA579,1
17452,65.0,-16.0,40.0,#99A454,1
17453,65.0,-16.0,72.0,#A3A300,0
17454,65.0,-16.0,94.0,#A6A300,0
17455,65.0,-14.0,-18.0,#68A6BD,1
17456,65.0,-14.0,34.0,#9AA360,1
17457,65.0,-14.0,44.0,#9FA34C,1
17458,65.0,-14.0,100.0,#AAA200,0
17459,65.0,-12.0,18.0,#95A37D,1
17460,65.0,-12.0,22.0,#97A376,1
17461,65.0,-12.0,38.0,#A0A258,1
17462,65.0,-10.0,-36.0,#4BA6DE,1
17463,65.0,-10.0,64.0,#ABA018,1
17464,65.0,-10.0,102.0,#B0A000,0
17465,65.0,-8.0,-32.0,#5EA5D6,1
17466,65.0,-8.0,2.0,#90A29A,1
17467,65.0,-6.0,24.0,#A3A073,1
17468,65.0,-6.0,60.0,#B19E27,1
17469,65.0,-6.0,76.0,#B49E00,0
17470,65.0,-6.0,92.0,#B59E00,0
17471,65.0,-6.0,104.0,#B69E00,0
17472,65.0,-4.0,26.0,#A89E6F,1
17473,65.0,-4.0,84.0,#B89D00,0
17474,65.0,-2.0,-52.0,#30A4FB,1
17475,65.0,-2.0,-30.0,#74A1D3,1
17476,65.0,-2.0,-14.0,#8CA0B6,1
17477,65.0,-2.0,-10.0,#90A0AF,1
17478,65.0,-2.0,-6.0,#949FA8,1
17479,65.0,-2.0,-2.0,#989FA1,1
17480,65.0,-2.0,2.0,#9C9F9A,1
17481,65.0,-2.0,6.0,#9F9E93,1
17482,65.0,-2.0,10.0,#A29E8C,1
17483,65.0,-2.0,14.0,#A49E85,1
17484,65.0,-2.0,18.0,#A79E7E,1
17485,65.0,-2.0,98.0,#BC9C00,0
17486,65.0,0.0,-22.0,#869FC5,1
17487,65.0,0.0,-18.0,#8B9FBE,1
17488,65.0,0.0,-14.0,#909FB6,1
17489,65.0,0.0,-10.0,#949EAF,1
17490,65.0,0.0,-6.0,#989EA8,1
17491,65.0,0.0,-2.0,#9C9EA1,1
17492,65.0,0.0,2.0,#9F9E9A,1
17493,65.0,0.0,6.0,#A29D93,1
17494,65.0,0.0,10.0,#A59D8C,1
17495,65.0,0.0,14.0,#A89D85,1
17496,65.0,0.0,18.0,#AA9D7E,1
17497,65.0,0.0,22.0,#AC9C77,1
17498,65.0,0.0,64.0,#BB9B1B,1
17499,65.0,2.0,-60.0,#0BA3FF,0
17500,65.0,2.0,-32.0,#7C9FD7,1
17501,65.0,2.0,-18.0,#909EBE,1
17502,65.0,2.0,-14.0,#949EB7,1
17503,65.0,2.0,-10.0,#989DAF,1
17504,65.0,2.0,-6.0,#9C9DA8,1
17505,65.0,2.0,-2.0,#A09DA1,1
17506,65.0,2.0,2.0,#A39C9A,1
17507,65.0,2.0,6.0,#A69C93,1
17508,65.0,2.0,10.0,#A99C8C,1
17509,65.0,2.0,14.0,#AB9C85,1
17510,65.0,2.0,18.0,#AE9B7E,1
17511,65.0,2.0,22.0,#B09B77,1
17512,65.0,2.0,36.0,#B69B5D,1
17513,65.0,2.0,58.0,#BD9A2E,1
17514,65.0,2.0,90.0,#C19900,0
17515,65.0,2.0,98.0,#C29900,0
17516,65.0,4.0,-18.0,#949DBE,1
17517,65.0,4.0,-14.0,#989CB7,1
17518,65.0,4.0,-10.0,#9C9CB0,1
17519,65.0,4.0,-6.0,#A09CA8,1
17520,65.0,4.0,-2.0,#A49CA1,1
17521,65.0,4.0,2.0,#A79B9A,1
17522,65.0,4.0,6.0,#AA9B93,1
17523,65.0,4.0,10.0,#AC9B8C,1
17524,65.0,4.0,14.0,#AF9A85,1
17525,65.0,4.0,18.0,#B19A7E,1
17526,65.0,4.0,32.0,#B89A64,1
17527,65.0,6.0,-24.0,#919CC8,1
17528,65.0,6.0,-18.0,#989CBE,1
17529,65.0,6.0,-14.0,#9C9BB7,1
17530,65.0,6.0,-10.0,#A09BB0,1
17531,65.0,6.0,-6.0,#A49BA8,1
17532,65.0,6.0,-2.0,#A79AA1,1
17533,65.0,6.0,2.0,#AA9A9A,1
17534,65.0,6.0,6.0,#AD9A93,1
17535,65.0,6.0,10.0,#B09A8C,1
17536,65.0,6.0,14.0,#B29985,1
17537,65.0,6.0,18.0,#B4997E,1
17538,65.0,6.0,26.0,#B89970,1
17539,65.0,6.0,48.0,#C09845,1
17540,65.0,6.0,100.0,#C89700,0
17541,65.0,6.0,108.0,#C89700,0
17542,65.0,8.0,-22.0,#989BC5,1
17543,65.0,8.0,-18.0,#9C9ABE,1
17544,65.0,8.0,-14.0,#A09AB7,1
17545,65.0,8.0,-10.0,#A49AB0,1
17546,65.0,8.0,-6.0,#A899A9,1
17547,65.0,8.0,-2.0,#AB99A1,1
17548,65.0,8.0,2.0,#AE999A,1
17549,65.0,8.0,6.0,#B19993,1
17550,65.0,8.0,10.0,#B3988C,1
17551,65.0,8.0,14.0,#B59885,1
17552,65.0,8.0,18.0,#B8987E,1
17553,65.0,8.0,30.0,#BD9768,1
17554,65.0,8.0,70.0,#C89600,0
17555,65.0,10.0,-30.0,#929AD3,1
17556,65.0,10.0,-8.0,#AA98AC,1
17557,65.0,10.0,-4.0,#AD98A5,1
17558,65.0,10.0,0.0,#B0989E,1
17559,65.0,10.0,4.0,#B39797,1
17560,65.0,10.0,8.0,#B59790,1
17561,65.0,10.0,14.0,#B99785,1
17562,65.0,10.0,26.0,#BF9670,1
17563,65.0,10.0,48.0,#C69546,1
17564,65.0,12.0,-28.0,#9999D0,1
17565,65.0,12.0,-24.0,#9E99C9,1
17566,65.0,12.0,-20.0,#A298C1,1
17567,65.0,12.0,-16.0,#A698BA,1
17568,65.0,12.0,-6.0,#AF97A9,1
17569,65.0,12.0,-2.0,#B297A2,1
17570,65.0,12.0,2.0,#B5969B,1
17571,65.0,12.0,6.0,#B79694,1
17572,65.0,12.0,12.0,#BB9689,1
17573,65.0,12.0,22.0,#C09577,1
17574,65.0,12.0,32.0,#C49565,1
17575,65.0,12.0,70.0,#CE9300,0
17576,65.0,14.0,-10.0,#AF96B0,1
17577,65.0,14.0,-4.0,#B495A5,1
17578,65.0,14.0,0.0,#B7959E,1
17579,65.0,14.0,4.0,#B99597,1
17580,65.0,14.0,10.0,#BD948D,1
17581,65.0,14.0,16.0,#C09482,1
17582,65.0,14.0,26.0,#C59470,1
17583,65.0,14.0,30.0,#C69369,1
17584,65.0,14.0,38.0,#C9935A,1
17585,65.0,14.0,44.0,#CB934E,1
17586,65.0,16.0,-32.0,#9C97D7,1
17587,65.0,16.0,-28.0,#A196D0,1
17588,65.0,16.0,-24.0,#A596C9,1
17589,65.0,16.0,-8.0,#B494AC,1
17590,65.0,16.0,8.0,#BF9390,1
17591,65.0,16.0,14.0,#C29386,1
17592,65.0,16.0,24.0,#C79274,1
17593,65.0,16.0,64.0,#D2911F,1
17594,65.0,16.0,72.0,#D49100,0
17595,65.0,18.0,-14.0,#B394B7,1
17596,65.0,18.0,-6.0,#B993A9,1
17597,65.0,18.0,-2.0,#BC93A2,1
17598,65.0,18.0,2.0,#BF929B,1
17599,65.0,18.0,6.0,#C19294,1
17600,65.0,18.0,12.0,#C49289,1
17601,65.0,18.0,18.0,#C7917F,1
17602,65.0,18.0,30.0,#CC9169,1
17603,65.0,18.0,36.0,#CE905E,1
17604,65.0,18.0,42.0,#D09053,1
17605,65.0,18.0,94.0,#D88F00,0
17606,65.0,20.0,-60.0,#7498FF,0
17607,65.0,20.0,-50.0,#8A96F7,1
17608,65.0,20.0,-28.0,#A994D0,1
17609,65.0,20.0,-24.0,#AD93C9,1
17610,65.0,20.0,-20.0,#B193C2,1
17611,65.0,20.0,-12.0,#B892B4,1
17612,65.0,20.0,10.0,#C7908D,1
17613,65.0,20.0,16.0,#CA9082,1
17614,65.0,20.0,26.0,#CE8F70,1
17615,65.0,20.0,68.0,#D98E0F,1
17616,65.0,20.0,76.0,#DA8E00,0
17617,65.0,22.0,-40.0,#9E94E5,1
17618,65.0,22.0,4.0,#C68F97,1
17619,65.0,22.0,8.0,#C98F90,1
17620,65.0,22.0,14.0,#CC8F86,1
17621,65.0,22.0,20.0,#CE8E7B,1
17622,65.0,22.0,44.0,#D78D4F,1
17623,65.0,22.0,90.0,#DE8C00,0
17624,65.0,24.0,-28.0,#B191D0,1
17625,65.0,24.0,-24.0,#B590C9,1
17626,65.0,24.0,12.0,#CE8D89,1
17627,65.0,24.0,18.0,#D18D7F,1
17628,65.0,24.0,28.0,#D58C6D,1
17629,65.0,24.0,62.0,#DD8B27,1
17630,65.0,24.0,70.0,#DE8B04,1
17631,65.0,26.0,-48.0,#9B92F4,1
17632,65.0,26.0,16.0,#D38C82,1
17633,65.0,26.0,22.0,#D58B78,1
17634,65.0,26.0,34.0,#D98B62,1
17635,65.0,26.0,40.0,#DB8A57,1
17636,65.0,28.0,-56.0,#9392FF,0
17637,65.0,28.0,-46.0,#A390F0,1
17638,65.0,28.0,-24.0,#BC8DC9,1
17639,65.0,28.0,64.0,#E38821,1
17640,65.0,28.0,92.0,#E68700,0
17641,65.0,30.0,-44.0,#A98EED,1
17642,65.0,30.0,20.0,#DA887C,1
17643,65.0,30.0,40.0,#E18757,1
17644,65.0,30.0,98.0,#E98600,0
17645,65.0,30.0,110.0,#E98600,0
17646,65.0,32.0,104.0,#EC8400,0
17647,65.0,34.0,18.0,#DF857F,1
17648,65.0,34.0,24.0,#E28575,1
17649,65.0,34.0,32.0,#E48466,1
17650,65.0,34.0,46.0,#E8844C,1
17651,65.0,34.0,82.0,#ED8300,0
17652,65.0,34.0,94.0,#EE8200,0
17653,65.0,36.0,-26.0,#C887CD,1
17654,65.0,36.0,88.0,#F08100,0
17655,65.0,36.0,100.0,#F18100,0
17656,65.0,38.0,46.0,#ED804D,1
17657,65.0,38.0,52.0,#EF8040,1
17658,65.0,38.0,58.0,#F08033,1
17659,65.0,40.0,-24.0,#D084C9,1
17660,65.0,40.0,88.0,#F67D00,0
17661,65.0,42.0,-60.0,#AC87FF,0
17662,65.0,42.0,6.0,#E67F95,1
17663,65.0,42.0,28.0,#EE7D6E,1
17664,65.0,42.0,44.0,#F27C51,1
17665,65.0,42.0,52.0,#F47C41,1
17666,65.0,42.0,104.0,#F97B00,0
17667,65.0,44.0,-30.0,#D281D4,1
17668,65.0,44.0,110.0,#FC7900,0
17669,65.0,46.0,2.0,#EA7B9C,1
17670,65.0,46.0,26.0,#F37972,1
17671,65.0,46.0,34.0,#F57964,1
17672,65.0,46.0,100.0,#FE7700,0
17673,65.0,48.0,6.0,#EE7995,1
17674,65.0,48.0,14.0,#F27887,1
17675,65.0,48.0,70.0,#FF7511,1
17676,65.0,50.0,22.0,#F77579,1
17677,65.0,50.0,40.0,#FC7459,1
17678,65.0,52.0,-60.0,#C07EFF,0
17679,65.0,52.0,-4.0,#EF76A7,1
17680,65.0,52.0,68.0,#FF711B,0
17681,65.0,54.0,-56.0,#C97BFF,0
17682,65.0,54.0,-14.0,#ED75B8,1
17683,65.0,54.0,46.0,#FF704E,0
17684,65.0,54.0,82.0,#FF6E00,0
17685,65.0,56.0,-52.0,#D178FC,1
17686,65.0,56.0,24.0,#FF6E76,0
17687,65.0,56.0,52.0,#FF6D43,0
17688,65.0,56.0,66.0,#FF6C22,0
17689,65.0,58.0,30.0,#FF6C6C,0
17690,65.0,58.0,58.0,#FF6A36,0
17691,65.0,58.0,88.0,#FF6900,0
17692,65.0,60.0,-58.0,#D175FF,0
17693,65.0,60.0,-28.0,#ED70D1,1
17694,65.0,60.0,50.0,#FF6847,0
17695,65.0,60.0,64.0,#FF6729,0
17696,65.0,60.0,72.0,#FF670D,0
17697,65.0,62.0,-16.0,#F76BBC,1
17698,65.0,62.0,26.0,#FF6773,0
17699,65.0,62.0,56.0,#FF653B,0
17700,65.0,62.0,86.0,#FF6400,0
17701,65.0,64.0,-24.0,#F56ACA,1
17702,65.0,64.0,32.0,#FF6369,0
17703,65.0,66.0,-34.0,#F269DC,1
17704,65.0,66.0,0.0,#FF64A0,0
17705,65.0,66.0,52.0,#FF5F44,0
17706,65.0,68.0,-20.0,#FE64C3,1
17707,65.0,68.0,28.0,#FF5E70,0
17708,65.0,68.0,58.0,#FF5C38,0
17709,65.0,70.0,-30.0,#FA63D5,1
17710,65.0,70.0,34.0,#FF5A65,0
17711,65.0,70.0,64.0,#FF582B,0
17712,65.0,70.0,74.0,#FF5808,0
17713,65.0,72.0,-54.0,#EA65FF,0
17714,65.0,72.0,-16.0,#FF5DBC,0
17715,65.0,72.0,54.0,#FF5541,0
17716,65.0,72.0,92.0,#FF5400,0
17717,65.0,74.0,-24.0,#FF5BCA,0
17718,65.0,74.0,60.0,#FF5135,0
17719,65.0,74.0,70.0,#FF511B,0
17720,65.0,76.0,-50.0,#F45EF9,1
17721,65.0,76.0,66.0,#FF4D27,0
17722,65.0,78.0,-36.0,#FF57E0,0
17723,65.0,78.0,-18.0,#FF53C0,0
17724,65.0,78.0,46.0,#FF4A51,0
17725,65.0,78.0,56.0,#FF4A3E,0
17726,65.0,80.0,-30.0,#FF52D5,0
17727,65.0,80.0,62.0,#FF4532,0
17728,65.0,82.0,-52.0,#FC54FC,1
17729,65.0,82.0,52.0,#FF4046,0
17730,65.0,84.0,24.0,#FF3E78,0
17731,65.0,86.0,2.0,#FF3D9E,0
17732,65.0,88.0,-50.0,#FF46F9,0
17733,65.0,88.0,-30.0,#FF40D5,0
17734,65.0,90.0,-44.0,#FF3FEE,0
17735,65.0,92.0,-38.0,#FF37E4,0
17736,65.0,92.0,-6.0,#FF2AAC,0
17737,65.0,94.0,-54.0,#FF37FF,0
17738,65.0,96.0,-48.0,#FF2DF6,0
17739,66.0,-128.0,6.0,#00CA93,0
17740,66.0,-128.0,12.0,#00CA88,0
17741,66.0,-128.0,36.0,#00C95A,0
17742,66.0,-128.0,60.0,#00C91A,0
17743,66.0,-128.0,68.0,#00C800,0
17744,66.0,-122.0,90.0,#00C700,0
17745,66.0,-116.0,-2.0,#00C8A1,0
17746,66.0,-112.0,10.0,#00C78B,0
17747,66.0,-112.0,54.0,#00C630,0
17748,66.0,-108.0,0.0,#00C79E,0
17749,66.0,-100.0,92.0,#00C300,0
17750,66.0,-98.0,4.0,#00C497,0
17751,66.0,-96.0,-2.0,#00C4A2,0
17752,66.0,-96.0,10.0,#00C48C,0
17753,66.0,-96.0,66.0,#00C200,0
17754,66.0,-90.0,-6.0,#00C3A9,0
17755,66.0,-90.0,4.0,#00C297,0
17756,66.0,-88.0,10.0,#00C28C,0
17757,66.0,-88.0,16.0,#00C181,0
17758,66.0,-88.0,22.0,#00C176,0
17759,66.0,-88.0,34.0,#00C15F,0
17760,66.0,-84.0,-22.0,#00C3C6,0
17761,66.0,-84.0,-2.0,#00C1A2,0
17762,66.0,-80.0,48.0,#00BE42,0
17763,66.0,-80.0,100.0,#00BE00,0
17764,66.0,-78.0,-18.0,#00C1BF,0
17765,66.0,-74.0,44.0,#00BD4B,0
17766,66.0,-74.0,52.0,#00BD38,0
17767,66.0,-74.0,96.0,#00BC00,0
17768,66.0,-72.0,-30.0,#00C0D4,0
17769,66.0,-72.0,-24.0,#00BFCA,0
17770,66.0,-72.0,6.0,#00BE94,0
17771,66.0,-72.0,18.0,#00BD7E,0
17772,66.0,-70.0,-18.0,#00BEBF,0
17773,66.0,-70.0,58.0,#00BB28,0
17774,66.0,-66.0,-32.0,#00BED8,0
17775,66.0,-66.0,8.0,#00BC90,0
17776,66.0,-64.0,60.0,#24B922,1
17777,66.0,-62.0,-4.0,#00BBA6,0
17778,66.0,-62.0,0.0,#00BB9F,0
17779,66.0,-62.0,4.0,#00BB97,0
17780,66.0,-62.0,30.0,#00B968,0
17781,66.0,-60.0,-30.0,#00BCD5,0
17782,66.0,-60.0,-24.0,#00BCCA,0
17783,66.0,-60.0,10.0,#00BA8D,0
17784,66.0,-58.0,-10.0,#00BAB1,0
17785,66.0,-58.0,88.0,#51B700,0
17786,66.0,-58.0,96.0,#53B700,0
17787,66.0,-56.0,-38.0,#00BCE3,0
17788,66.0,-56.0,-2.0,#00B9A2,0
17789,66.0,-56.0,26.0,#04B86F,1
17790,66.0,-56.0,32.0,#23B764,1
17791,66.0,-56.0,38.0,#31B758,1
17792,66.0,-56.0,60.0,#4AB723,1
17793,66.0,-54.0,-26.0,#00BACE,0
17794,66.0,-54.0,-14.0,#00B9B8,0
17795,66.0,-54.0,12.0,#00B889,0
17796,66.0,-54.0,74.0,#58B600,0
17797,66.0,-50.0,-36.0,#00BAE0,0
17798,66.0,-50.0,-10.0,#00B7B1,0
17799,66.0,-50.0,8.0,#00B691,0
17800,66.0,-50.0,22.0,#30B677,1
17801,66.0,-50.0,34.0,#46B560,1
17802,66.0,-50.0,56.0,#5AB530,1
17803,66.0,-48.0,78.0,#69B400,0
17804,66.0,-46.0,-46.0,#00B9F2,0
17805,66.0,-46.0,84.0,#6FB300,0
17806,66.0,-46.0,108.0,#73B300,0
17807,66.0,-44.0,-34.0,#00B7DC,0
17808,66.0,-44.0,-12.0,#00B5B5,0
17809,66.0,-44.0,2.0,#0BB59B,1
17810,66.0,-44.0,10.0,#33B48D,1
17811,66.0,-44.0,24.0,#4FB374,1
17812,66.0,-44.0,52.0,#68B33B,1
17813,66.0,-42.0,34.0,#60B261,1
17814,66.0,-42.0,74.0,#76B100,0
17815,66.0,-40.0,-42.0,#00B6EB,0
17816,66.0,-40.0,12.0,#4AB28A,1
17817,66.0,-40.0,88.0,#7DB000,0
17818,66.0,-40.0,104.0,#7FB000,0
17819,66.0,-38.0,16.0,#58B282,1
17820,66.0,-38.0,20.0,#5DB17B,1
17821,66.0,-38.0,52.0,#76B03B,1
17822,66.0,-38.0,60.0,#7AB025,1
17823,66.0,-36.0,-52.0,#00B6FD,0
17824,66.0,-36.0,-24.0,#00B3CA,0
17825,66.0,-36.0,36.0,#71B05D,1
17826,66.0,-36.0,108.0,#87AF00,0
17827,66.0,-34.0,46.0,#7CAF49,1
17828,66.0,-34.0,80.0,#88AE00,0
17829,66.0,-32.0,20.0,#6DAF7B,1
17830,66.0,-30.0,30.0,#7BAE69,1
17831,66.0,-30.0,74.0,#8EAC00,0
17832,66.0,-30.0,82.0,#8FAC00,0
17833,66.0,-30.0,110.0,#92AC00,0
17834,66.0,-28.0,-48.0,#00B2F6,0
17835,66.0,-28.0,0.0,#5FAEA0,1
17836,66.0,-28.0,4.0,#65AE98,1
17837,66.0,-28.0,8.0,#6AAE91,1
17838,66.0,-28.0,88.0,#94AB00,0
17839,66.0,-26.0,-28.0,#00AFD2,0
17840,66.0,-26.0,16.0,#78AC83,1
17841,66.0,-26.0,20.0,#7CAC7C,1
17842,66.0,-26.0,68.0,#94AB00,0
17843,66.0,-24.0,42.0,#8EAB52,1
17844,66.0,-24.0,110.0,#9DA900,0
17845,66.0,-22.0,-36.0,#00AEE0,0
17846,66.0,-22.0,60.0,#99A928,1
17847,66.0,-20.0,-46.0,#00AFF2,0
17848,66.0,-20.0,-2.0,#73ABA3,1
17849,66.0,-20.0,76.0,#A0A800,0
17850,66.0,-20.0,84.0,#A1A800,0
17851,66.0,-18.0,14.0,#88A987,1
17852,66.0,-18.0,18.0,#8BA980,1
17853,66.0,-18.0,28.0,#92A86D,1
17854,66.0,-18.0,60.0,#A0A728,1
17855,66.0,-16.0,-16.0,#68AABC,1
17856,66.0,-16.0,-12.0,#6FAAB5,1
17857,66.0,-16.0,8.0,#87A892,1
17858,66.0,-16.0,78.0,#A7A600,0
17859,66.0,-16.0,86.0,#A8A600,0
17860,66.0,-14.0,-26.0,#5AAACE,1
17861,66.0,-14.0,-8.0,#7AA8AE,1
17862,66.0,-14.0,-4.0,#7FA8A7,1
17863,66.0,-14.0,26.0,#99A671,1
17864,66.0,-14.0,56.0,#A5A534,1
17865,66.0,-14.0,108.0,#ADA500,0
17866,66.0,-12.0,-2.0,#86A7A4,1
17867,66.0,-12.0,2.0,#8AA79C,1
17868,66.0,-12.0,6.0,#8EA695,1
17869,66.0,-12.0,80.0,#AEA400,0
17870,66.0,-10.0,-4.0,#88A6A7,1
17871,66.0,-10.0,0.0,#8CA6A0,1
17872,66.0,-10.0,4.0,#90A599,1
17873,66.0,-10.0,8.0,#94A592,1
17874,66.0,-10.0,12.0,#97A58B,1
17875,66.0,-10.0,50.0,#AAA342,1
17876,66.0,-10.0,58.0,#ADA32F,1
17877,66.0,-10.0,110.0,#B4A300,0
17878,66.0,-8.0,-50.0,#00A9FA,0
17879,66.0,-8.0,-20.0,#78A6C4,1
17880,66.0,-8.0,-14.0,#81A6B9,1
17881,66.0,-8.0,6.0,#96A495,1
17882,66.0,-8.0,18.0,#9FA480,1
17883,66.0,-6.0,-28.0,#70A6D2,1
17884,66.0,-6.0,-12.0,#88A5B5,1
17885,66.0,-6.0,-8.0,#8DA4AE,1
17886,66.0,-6.0,-4.0,#91A4A7,1
17887,66.0,-6.0,0.0,#95A4A0,1
17888,66.0,-6.0,4.0,#98A399,1
17889,66.0,-6.0,8.0,#9BA392,1
17890,66.0,-6.0,12.0,#9EA38B,1
17891,66.0,-6.0,20.0,#A4A27C,1
17892,66.0,-6.0,32.0,#AAA266,1
17893,66.0,-6.0,38.0,#ADA25B,1
17894,66.0,-6.0,48.0,#B0A147,1
17895,66.0,-6.0,112.0,#BAA000,0
17896,66.0,-4.0,-14.0,#8AA4B9,1
17897,66.0,-4.0,-10.0,#8FA3B2,1
17898,66.0,-4.0,-6.0,#93A3AB,1
17899,66.0,-4.0,-2.0,#97A3A4,1
17900,66.0,-4.0,2.0,#9AA29D,1
17901,66.0,-4.0,6.0,#9EA296,1
17902,66.0,-4.0,10.0,#A1A28E,1
17903,66.0,-4.0,14.0,#A3A287,1
17904,66.0,-4.0,18.0,#A6A180,1
17905,66.0,-4.0,22.0,#A8A179,1
17906,66.0,-2.0,32.0,#B1A067,1
17907,66.0,-2.0,46.0,#B69F4B,1
17908,66.0,-2.0,54.0,#B89F3A,1
17909,66.0,0.0,0.0,#A0A0A0,1
17910,66.0,0.0,26.0,#B19F72,1
17911,66.0,0.0,110.0,#C39D00,0
17912,66.0,2.0,-54.0,#44A5FF,0
17913,66.0,2.0,0.0,#A49FA0,1
17914,66.0,2.0,46.0,#BC9D4C,1
17915,66.0,6.0,-56.0,#50A3FF,0
17916,66.0,6.0,-42.0,#77A1EC,1
17917,66.0,6.0,40.0,#C19B58,1
17918,66.0,6.0,54.0,#C59A3B,1
17919,66.0,6.0,62.0,#C69A26,1
17920,66.0,6.0,80.0,#C99A00,0
17921,66.0,6.0,88.0,#CA9A00,0
17922,66.0,8.0,-34.0,#8A9FDD,1
17923,66.0,10.0,40.0,#C79858,1
17924,66.0,10.0,54.0,#CB983B,1
17925,66.0,10.0,62.0,#CC9727,1
17926,66.0,10.0,94.0,#D09700,0
17927,66.0,12.0,-48.0,#7B9EF7,1
17928,66.0,12.0,-42.0,#879DEC,1
17929,66.0,12.0,18.0,#C19881,1
17930,66.0,12.0,100.0,#D39600,0
17931,66.0,14.0,78.0,#D59500,0
17932,66.0,14.0,106.0,#D79400,0
17933,66.0,16.0,-48.0,#869BF7,1
17934,66.0,16.0,112.0,#DA9300,0
17935,66.0,18.0,-54.0,#7F9BFF,0
17936,66.0,18.0,106.0,#DC9100,0
17937,66.0,22.0,-18.0,#B994C1,1
17938,66.0,22.0,-10.0,#C093B3,1
17939,66.0,22.0,32.0,#D69068,1
17940,66.0,22.0,52.0,#DC8F41,1
17941,66.0,22.0,82.0,#E08F00,0
17942,66.0,22.0,102.0,#E28F00,0
17943,66.0,24.0,108.0,#E58D00,0
17944,66.0,26.0,-18.0,#C091C1,1
17945,66.0,26.0,80.0,#E68C00,0
17946,66.0,28.0,-34.0,#B491DE,1
17947,66.0,28.0,-28.0,#BB91D3,1
17948,66.0,28.0,28.0,#DD8C70,1
17949,66.0,32.0,-34.0,#BC8EDE,1
17950,66.0,34.0,-56.0,#A390FF,0
17951,66.0,34.0,-50.0,#AC8FFB,1
17952,66.0,36.0,28.0,#E98570,1
17953,66.0,36.0,112.0,#F58300,0
17954,66.0,38.0,-50.0,#B58CFB,1
17955,66.0,40.0,18.0,#EB8282,1
17956,66.0,42.0,22.0,#EF807B,1
17957,66.0,42.0,76.0,#FB7E00,0
17958,66.0,42.0,84.0,#FB7E00,0
17959,66.0,44.0,-52.0,#BE87FE,1
17960,66.0,44.0,-44.0,#C785F0,1
17961,66.0,44.0,-22.0,#DB82C9,1
17962,66.0,44.0,64.0,#FC7C28,1
17963,66.0,46.0,-6.0,#E87FAD,1
17964,66.0,46.0,82.0,#FF7A00,0
17965,66.0,48.0,-18.0,#E47EC2,1
17966,66.0,50.0,-46.0,#D080F4,1
17967,66.0,50.0,-32.0,#DD7EDB,1
17968,66.0,50.0,-26.0,#E27DD0,1
17969,66.0,50.0,62.0,#FF762E,0
17970,66.0,50.0,112.0,#FF7500,0
17971,66.0,52.0,18.0,#FC7683,1
17972,66.0,52.0,94.0,#FF7300,0
17973,66.0,54.0,-38.0,#DE7BE5,1
17974,66.0,54.0,-22.0,#EB78C9,1
17975,66.0,54.0,4.0,#F9759B,1
17976,66.0,54.0,36.0,#FF7363,0
17977,66.0,56.0,12.0,#FF728E,0
17978,66.0,56.0,92.0,#FF6F00,0
17979,66.0,58.0,8.0,#FF7095,0
17980,66.0,58.0,20.0,#FF6F80,0
17981,66.0,60.0,-42.0,#E575ED,1
17982,66.0,60.0,36.0,#FF6B64,0
17983,66.0,62.0,-8.0,#FF6DB1,1
17984,66.0,62.0,14.0,#FF6B8A,0
17985,66.0,64.0,22.0,#FF677D,0
17986,66.0,66.0,-48.0,#E96EF8,1
17987,66.0,66.0,40.0,#FF635D,0
17988,66.0,66.0,46.0,#FF6352,0
17989,66.0,68.0,-10.0,#FF65B4,0
17990,66.0,68.0,16.0,#FF6287,0
17991,66.0,70.0,24.0,#FF5E79,0
17992,66.0,72.0,42.0,#FF595A,0
17993,66.0,74.0,-40.0,#FC61EA,1
17994,66.0,74.0,-4.0,#FF5BAA,0
17995,66.0,74.0,14.0,#FF598B,0
17996,66.0,74.0,20.0,#FF5881,0
17997,66.0,76.0,-10.0,#FF58B5,0
17998,66.0,76.0,26.0,#FF5476,0
17999,66.0,78.0,2.0,#FF53A0,0
18000,66.0,78.0,32.0,#FF4F6C,0
18001,66.0,80.0,-42.0,#FF58ED,0
18002,66.0,80.0,8.0,#FF4E96,0
18003,66.0,80.0,18.0,#FF4C84,0
18004,66.0,82.0,-4.0,#FF4CAB,0
18005,66.0,84.0,-10.0,#FF48B5,0
18006,66.0,86.0,-36.0,#FF4AE3,0
18007,66.0,96.0,-28.0,#FF28D5,0
18008,67.0,-128.0,0.0,#00CEA0,0
18009,67.0,-128.0,20.0,#00CD7B,0
18010,67.0,-128.0,44.0,#00CC4B,0
18011,67.0,-128.0,52.0,#00CC38,0
18012,67.0,-122.0,-4.0,#00CDA7,0
18013,67.0,-120.0,20.0,#00CB7B,0
18014,67.0,-120.0,28.0,#00CB6C,0
18015,67.0,-120.0,84.0,#00CA00,0
18016,67.0,-116.0,-10.0,#00CCB2,0
18017,67.0,-116.0,90.0,#00C900,0
18018,67.0,-112.0,26.0,#00C970,0
18019,67.0,-112.0,34.0,#00C961,0
18020,67.0,-112.0,68.0,#00C800,0
18021,67.0,-112.0,76.0,#00C800,0
18022,67.0,-112.0,84.0,#00C800,0
18023,67.0,-112.0,96.0,#00C800,0
18024,67.0,-110.0,-14.0,#00CBBA,0
18025,67.0,-106.0,98.0,#00C700,0
18026,67.0,-104.0,-18.0,#00CAC1,0
18027,67.0,-104.0,6.0,#00C996,0
18028,67.0,-104.0,12.0,#00C88B,0
18029,67.0,-104.0,18.0,#00C87F,0
18030,67.0,-104.0,24.0,#00C874,0
18031,67.0,-104.0,30.0,#00C869,0
18032,67.0,-104.0,38.0,#00C759,0
18033,67.0,-104.0,62.0,#00C718,0
18034,67.0,-104.0,70.0,#00C700,0
18035,67.0,-104.0,78.0,#00C700,0
18036,67.0,-98.0,-20.0,#00C9C5,0
18037,67.0,-98.0,-14.0,#00C8BA,0
18038,67.0,-98.0,100.0,#00C500,0
18039,67.0,-96.0,18.0,#00C680,0
18040,67.0,-94.0,-26.0,#00C8D0,0
18041,67.0,-90.0,102.0,#00C300,0
18042,67.0,-88.0,-30.0,#00C7D7,0
18043,67.0,-88.0,60.0,#00C322,0
18044,67.0,-88.0,68.0,#00C300,0
18045,67.0,-88.0,78.0,#00C300,0
18046,67.0,-88.0,86.0,#00C300,0
18047,67.0,-84.0,106.0,#00C100,0
18048,67.0,-82.0,-34.0,#00C6DE,0
18049,67.0,-80.0,4.0,#00C39A,0
18050,67.0,-80.0,16.0,#00C284,0
18051,67.0,-80.0,22.0,#00C279,0
18052,67.0,-80.0,56.0,#00C130,0
18053,67.0,-80.0,64.0,#00C111,0
18054,67.0,-80.0,72.0,#00C100,0
18055,67.0,-80.0,82.0,#00C100,0
18056,67.0,-78.0,90.0,#00C000,0
18057,67.0,-76.0,-38.0,#00C5E6,0
18058,67.0,-74.0,38.0,#00C05A,0
18059,67.0,-74.0,68.0,#00BF00,0
18060,67.0,-74.0,78.0,#00BF00,0
18061,67.0,-72.0,-12.0,#00C1B7,0
18062,67.0,-72.0,28.0,#00BF6E,0
18063,67.0,-72.0,84.0,#00BE00,0
18064,67.0,-72.0,108.0,#18BE00,0
18065,67.0,-70.0,-40.0,#00C3E9,0
18066,67.0,-70.0,90.0,#1FBE00,0
18067,67.0,-68.0,-6.0,#00C0AC,0
18068,67.0,-68.0,46.0,#00BE49,0
18069,67.0,-68.0,70.0,#19BD00,0
18070,67.0,-66.0,12.0,#00BE8B,0
18071,67.0,-66.0,18.0,#00BE80,0
18072,67.0,-66.0,24.0,#00BE75,0
18073,67.0,-66.0,76.0,#2FBD00,0
18074,67.0,-64.0,-42.0,#00C1ED,0
18075,67.0,-64.0,-36.0,#00C1E2,0
18076,67.0,-64.0,104.0,#44BC00,0
18077,67.0,-60.0,-14.0,#00BEBB,0
18078,67.0,-60.0,14.0,#00BC88,0
18079,67.0,-60.0,20.0,#00BC7D,0
18080,67.0,-60.0,70.0,#46BB00,0
18081,67.0,-58.0,-44.0,#00C0F1,0
18082,67.0,-58.0,108.0,#58BA00,0
18083,67.0,-56.0,44.0,#3EBA4E,1
18084,67.0,-56.0,50.0,#45BA41,1
18085,67.0,-54.0,-20.0,#00BCC5,0
18086,67.0,-54.0,16.0,#00BA84,0
18087,67.0,-52.0,-46.0,#00BEF5,0
18088,67.0,-52.0,2.0,#00BA9E,0
18089,67.0,-52.0,104.0,#68B800,0
18090,67.0,-52.0,112.0,#69B800,0
18091,67.0,-50.0,46.0,#56B84A,1
18092,67.0,-48.0,-22.0,#00BAC9,0
18093,67.0,-46.0,-30.0,#00BAD8,0
18094,67.0,-46.0,-6.0,#00B9AC,0
18095,67.0,-46.0,72.0,#6FB600,0
18096,67.0,-44.0,40.0,#63B657,1
18097,67.0,-44.0,46.0,#67B54B,1
18098,67.0,-42.0,-18.0,#00B8C2,0
18099,67.0,-42.0,112.0,#7FB400,0
18100,67.0,-40.0,-36.0,#00B9E3,0
18101,67.0,-40.0,-6.0,#08B6AD,1
18102,67.0,-40.0,-2.0,#27B6A5,1
18103,67.0,-40.0,6.0,#41B697,1
18104,67.0,-40.0,82.0,#7FB300,0
18105,67.0,-38.0,-20.0,#00B7C6,0
18106,67.0,-38.0,24.0,#64B476,1
18107,67.0,-36.0,-16.0,#00B5BF,0
18108,67.0,-36.0,-12.0,#0EB5B7,1
18109,67.0,-34.0,-42.0,#00B7EE,0
18110,67.0,-34.0,-4.0,#44B4A9,1
18111,67.0,-34.0,0.0,#4DB4A2,1
18112,67.0,-34.0,4.0,#55B39B,1
18113,67.0,-34.0,68.0,#88B102,1
18114,67.0,-32.0,-20.0,#00B4C6,0
18115,67.0,-32.0,10.0,#64B290,1
18116,67.0,-32.0,24.0,#74B177,1
18117,67.0,-30.0,-16.0,#31B3BF,1
18118,67.0,-30.0,-12.0,#40B3B8,1
18119,67.0,-30.0,52.0,#8AB03F,1
18120,67.0,-30.0,62.0,#8DAF23,1
18121,67.0,-28.0,-8.0,#53B2B0,1
18122,67.0,-26.0,-4.0,#61B0A9,1
18123,67.0,-26.0,12.0,#77AF8D,1
18124,67.0,-26.0,24.0,#82AF77,1
18125,67.0,-26.0,30.0,#86AF6C,1
18126,67.0,-26.0,36.0,#8AAE60,1
18127,67.0,-26.0,54.0,#92AE3A,1
18128,67.0,-24.0,-16.0,#50B0BF,1
18129,67.0,-24.0,-12.0,#59B0B8,1
18130,67.0,-22.0,-54.0,#00B3FF,0
18131,67.0,-22.0,-8.0,#67AFB1,1
18132,67.0,-22.0,0.0,#73AEA2,1
18133,67.0,-22.0,16.0,#84AD86,1
18134,67.0,-22.0,20.0,#87AD7E,1
18135,67.0,-22.0,36.0,#92AC60,1
18136,67.0,-22.0,54.0,#9AAC3B,1
18137,67.0,-20.0,-14.0,#62AEBB,1
18138,67.0,-20.0,-10.0,#6AAEB4,1
18139,67.0,-20.0,40.0,#98AB59,1
18140,67.0,-18.0,-34.0,#2DAFDF,1
18141,67.0,-18.0,2.0,#7FAC9F,1
18142,67.0,-18.0,6.0,#83AC98,1
18143,67.0,-18.0,22.0,#91AB7B,1
18144,67.0,-18.0,32.0,#97AB68,1
18145,67.0,-18.0,54.0,#A1AA3B,1
18146,67.0,-18.0,102.0,#A9A900,0
18147,67.0,-16.0,-56.0,#00B1FF,0
18148,67.0,-16.0,-48.0,#00B0F9,0
18149,67.0,-16.0,36.0,#9DAA61,1
18150,67.0,-14.0,-42.0,#15AEEE,1
18151,67.0,-14.0,-34.0,#46ADE0,1
18152,67.0,-14.0,-22.0,#66ACCA,1
18153,67.0,-14.0,10.0,#90AA91,1
18154,67.0,-14.0,14.0,#93AA89,1
18155,67.0,-14.0,18.0,#96A982,1
18156,67.0,-14.0,22.0,#99A97B,1
18157,67.0,-12.0,-56.0,#00AFFF,0
18158,67.0,-12.0,-48.0,#00AEF9,0
18159,67.0,-12.0,-18.0,#73ABC3,1
18160,67.0,-12.0,-14.0,#79AABC,1
18161,67.0,-12.0,-10.0,#7FAAB4,1
18162,67.0,-12.0,30.0,#A1A86C,1
18163,67.0,-12.0,42.0,#A7A755,1
18164,67.0,-10.0,-42.0,#3AACEE,1
18165,67.0,-10.0,-24.0,#6EAACE,1
18166,67.0,-10.0,22.0,#A0A77B,1
18167,67.0,-10.0,70.0,#B2A600,0
18168,67.0,-10.0,90.0,#B5A500,0
18169,67.0,-8.0,-56.0,#00ADFF,0
18170,67.0,-8.0,-8.0,#8BA8B1,1
18171,67.0,-8.0,-4.0,#8FA8AA,1
18172,67.0,-8.0,0.0,#93A7A3,1
18173,67.0,-8.0,24.0,#A5A678,1
18174,67.0,-8.0,30.0,#A8A66D,1
18175,67.0,-6.0,-44.0,#48AAF2,1
18176,67.0,-6.0,-36.0,#61A9E3,1
18177,67.0,-4.0,-56.0,#00ABFF,0
18178,67.0,-4.0,-24.0,#7FA7CE,1
18179,67.0,-4.0,-18.0,#87A7C3,1
18180,67.0,-2.0,-44.0,#5AA8F2,1
18181,67.0,-2.0,-22.0,#87A6CA,1
18182,67.0,-2.0,-16.0,#8FA5BF,1
18183,67.0,-2.0,-12.0,#93A5B8,1
18184,67.0,-2.0,-8.0,#98A5B1,1
18185,67.0,-2.0,-4.0,#9CA4AA,1
18186,67.0,-2.0,0.0,#9FA4A3,1
18187,67.0,-2.0,4.0,#A2A49C,1
18188,67.0,-2.0,8.0,#A6A495,1
18189,67.0,-2.0,12.0,#A8A38E,1
18190,67.0,-2.0,24.0,#B0A378,1
18191,67.0,-2.0,38.0,#B6A25E,1
18192,67.0,-2.0,66.0,#BEA11A,1
18193,67.0,-2.0,74.0,#BFA100,0
18194,67.0,-2.0,90.0,#C1A100,0
18195,67.0,0.0,-40.0,#6CA7EB,1
18196,67.0,0.0,-12.0,#98A4B8,1
18197,67.0,0.0,-8.0,#9CA4B1,1
18198,67.0,0.0,-4.0,#A0A3AA,1
18199,67.0,0.0,4.0,#A6A39C,1
18200,67.0,0.0,8.0,#A9A295,1
18201,67.0,0.0,12.0,#ACA28E,1
18202,67.0,0.0,42.0,#BBA156,1
18203,67.0,2.0,-46.0,#63A6F6,1
18204,67.0,2.0,-26.0,#8AA4D1,1
18205,67.0,2.0,-16.0,#97A3C0,1
18206,67.0,2.0,-12.0,#9CA3B8,1
18207,67.0,2.0,-8.0,#A0A2B1,1
18208,67.0,2.0,-4.0,#A3A2AA,1
18209,67.0,2.0,4.0,#AAA29C,1
18210,67.0,2.0,8.0,#ADA195,1
18211,67.0,2.0,12.0,#AFA18E,1
18212,67.0,2.0,64.0,#C49F22,1
18213,67.0,2.0,74.0,#C69F00,0
18214,67.0,2.0,82.0,#C79F00,0
18215,67.0,4.0,-20.0,#97A2C7,1
18216,67.0,4.0,-16.0,#9CA2C0,1
18217,67.0,4.0,-12.0,#A0A2B8,1
18218,67.0,4.0,-8.0,#A4A1B1,1
18219,67.0,4.0,-4.0,#A7A1AA,1
18220,67.0,4.0,0.0,#AAA1A3,1
18221,67.0,4.0,4.0,#AEA09C,1
18222,67.0,4.0,8.0,#B0A095,1
18223,67.0,4.0,12.0,#B3A08E,1
18224,67.0,4.0,16.0,#B5A087,1
18225,67.0,4.0,28.0,#BC9F71,1
18226,67.0,4.0,112.0,#CC9D00,0
18227,67.0,6.0,-48.0,#6CA4F9,1
18228,67.0,6.0,-26.0,#94A2D2,1
18229,67.0,6.0,-20.0,#9BA1C7,1
18230,67.0,6.0,-16.0,#A0A1C0,1
18231,67.0,6.0,-12.0,#A4A0B9,1
18232,67.0,6.0,-8.0,#A7A0B1,1
18233,67.0,6.0,-4.0,#ABA0AA,1
18234,67.0,6.0,0.0,#AE9FA3,1
18235,67.0,6.0,4.0,#B19F9C,1
18236,67.0,6.0,8.0,#B49F95,1
18237,67.0,6.0,12.0,#B69F8E,1
18238,67.0,6.0,16.0,#B99E87,1
18239,67.0,6.0,32.0,#C09E6A,1
18240,67.0,6.0,72.0,#CB9C00,0
18241,67.0,8.0,-54.0,#62A4FF,0
18242,67.0,8.0,-24.0,#9BA0CE,1
18243,67.0,8.0,-16.0,#A4A0C0,1
18244,67.0,8.0,-12.0,#A89FB9,1
18245,67.0,8.0,-8.0,#AB9FB1,1
18246,67.0,8.0,-4.0,#AF9FAA,1
18247,67.0,8.0,0.0,#B29EA3,1
18248,67.0,8.0,4.0,#B59E9C,1
18249,67.0,8.0,8.0,#B79E95,1
18250,67.0,8.0,12.0,#BA9D8E,1
18251,67.0,8.0,16.0,#BC9D87,1
18252,67.0,10.0,-32.0,#94A0DC,1
18253,67.0,10.0,-22.0,#A19FCA,1
18254,67.0,10.0,-10.0,#AD9EB5,1
18255,67.0,10.0,-6.0,#B19DAE,1
18256,67.0,10.0,-2.0,#B49DA7,1
18257,67.0,10.0,2.0,#B79DA0,1
18258,67.0,10.0,6.0,#B99D99,1
18259,67.0,10.0,10.0,#BC9C92,1
18260,67.0,10.0,20.0,#C19C80,1
18261,67.0,10.0,34.0,#C79B66,1
18262,67.0,10.0,74.0,#D19A00,0
18263,67.0,10.0,82.0,#D29A00,0
18264,67.0,12.0,-54.0,#70A1FF,0
18265,67.0,12.0,-30.0,#9C9ED9,1
18266,67.0,12.0,-26.0,#A19ED2,1
18267,67.0,12.0,-4.0,#B69CAB,1
18268,67.0,12.0,0.0,#B99CA3,1
18269,67.0,12.0,4.0,#BC9B9C,1
18270,67.0,12.0,8.0,#BE9B95,1
18271,67.0,12.0,14.0,#C29B8B,1
18272,67.0,12.0,46.0,#CE994F,1
18273,67.0,14.0,-38.0,#959EE7,1
18274,67.0,14.0,-24.0,#A79DCE,1
18275,67.0,14.0,-14.0,#B19CBC,1
18276,67.0,14.0,-2.0,#BB9BA7,1
18277,67.0,14.0,2.0,#BE9AA0,1
18278,67.0,14.0,12.0,#C49A8E,1
18279,67.0,14.0,22.0,#C9997C,1
18280,67.0,14.0,58.0,#D49835,1
18281,67.0,14.0,66.0,#D6971E,1
18282,67.0,14.0,90.0,#D99700,0
18283,67.0,16.0,-36.0,#9C9DE4,1
18284,67.0,16.0,-22.0,#AD9BCB,1
18285,67.0,16.0,-18.0,#B19BC4,1
18286,67.0,16.0,0.0,#C099A4,1
18287,67.0,16.0,6.0,#C39999,1
18288,67.0,16.0,10.0,#C69892,1
18289,67.0,16.0,16.0,#C99887,1
18290,67.0,16.0,20.0,#CB9880,1
18291,67.0,16.0,32.0,#D0976A,1
18292,67.0,16.0,48.0,#D5974B,1
18293,67.0,16.0,54.0,#D6963F,1
18294,67.0,18.0,-44.0,#959CF2,1
18295,67.0,18.0,-16.0,#B799C0,1
18296,67.0,18.0,-12.0,#BA99B9,1
18297,67.0,18.0,4.0,#C6979D,1
18298,67.0,18.0,14.0,#CB978B,1
18299,67.0,18.0,24.0,#D09679,1
18300,67.0,18.0,60.0,#DB9531,1
18301,67.0,18.0,68.0,#DC9517,1
18302,67.0,18.0,86.0,#DE9400,0
18303,67.0,20.0,-42.0,#9D9BEF,1
18304,67.0,20.0,-2.0,#C596A7,1
18305,67.0,20.0,8.0,#CB9696,1
18306,67.0,20.0,12.0,#CD958E,1
18307,67.0,20.0,18.0,#D09584,1
18308,67.0,20.0,22.0,#D2957D,1
18309,67.0,20.0,34.0,#D79467,1
18310,67.0,20.0,56.0,#DD933B,1
18311,67.0,22.0,-36.0,#A998E4,1
18312,67.0,22.0,-14.0,#BF96BD,1
18313,67.0,22.0,-6.0,#C595AE,1
18314,67.0,22.0,2.0,#CB95A0,1
18315,67.0,22.0,6.0,#CD9499,1
18316,67.0,22.0,16.0,#D29487,1
18317,67.0,22.0,40.0,#DB935C,1
18318,67.0,22.0,62.0,#E1922C,1
18319,67.0,24.0,-52.0,#9699FF,0
18320,67.0,24.0,-48.0,#9C99FA,1
18321,67.0,24.0,-2.0,#CB94A7,1
18322,67.0,24.0,10.0,#D29392,1
18323,67.0,24.0,24.0,#D99279,1
18324,67.0,24.0,58.0,#E39036,1
18325,67.0,26.0,-36.0,#B196E4,1
18326,67.0,26.0,-14.0,#C693BD,1
18327,67.0,26.0,-10.0,#C993B6,1
18328,67.0,26.0,-6.0,#CC92AF,1
18329,67.0,26.0,2.0,#D192A0,1
18330,67.0,26.0,6.0,#D39199,1
18331,67.0,26.0,46.0,#E38F50,1
18332,67.0,26.0,94.0,#EA8E00,0
18333,67.0,28.0,10.0,#D99092,1
18334,67.0,28.0,14.0,#DB8F8B,1
18335,67.0,28.0,52.0,#E78D44,1
18336,67.0,28.0,58.0,#E88D37,1
18337,67.0,28.0,100.0,#ED8D00,0
18338,67.0,30.0,-56.0,#9D95FF,0
18339,67.0,30.0,-8.0,#D190B2,1
18340,67.0,30.0,-4.0,#D48FAB,1
18341,67.0,30.0,0.0,#D68FA4,1
18342,67.0,30.0,4.0,#D98F9D,1
18343,67.0,30.0,18.0,#DF8E84,1
18344,67.0,30.0,22.0,#E18D7D,1
18345,67.0,30.0,46.0,#E98C51,1
18346,67.0,30.0,72.0,#ED8B05,1
18347,67.0,32.0,-22.0,#CA8FCB,1
18348,67.0,32.0,-18.0,#CD8FC4,1
18349,67.0,32.0,-14.0,#D08FBD,1
18350,67.0,32.0,8.0,#DE8D96,1
18351,67.0,32.0,28.0,#E68B72,1
18352,67.0,32.0,34.0,#E88B68,1
18353,67.0,32.0,52.0,#ED8A45,1
18354,67.0,32.0,58.0,#EE8A38,1
18355,67.0,34.0,-42.0,#B990EF,1
18356,67.0,34.0,-30.0,#C68FD9,1
18357,67.0,34.0,-2.0,#DB8CA8,1
18358,67.0,34.0,2.0,#DE8BA1,1
18359,67.0,34.0,12.0,#E38B8F,1
18360,67.0,34.0,16.0,#E48A88,1
18361,67.0,34.0,40.0,#ED895D,1
18362,67.0,34.0,64.0,#F28829,1
18363,67.0,34.0,70.0,#F28814,1
18364,67.0,36.0,-12.0,#D88BB9,1
18365,67.0,36.0,-8.0,#DB8BB2,1
18366,67.0,36.0,6.0,#E3899A,1
18367,67.0,36.0,76.0,#F68600,0
18368,67.0,38.0,-56.0,#AF8FFF,0
18369,67.0,38.0,-40.0,#C38DEC,1
18370,67.0,38.0,-18.0,#D78AC4,1
18371,67.0,38.0,10.0,#E88793,1
18372,67.0,38.0,40.0,#F2865D,1
18373,67.0,38.0,64.0,#F7852A,1
18374,67.0,38.0,70.0,#F88415,1
18375,67.0,38.0,98.0,#FA8400,0
18376,67.0,38.0,106.0,#FB8400,0
18377,67.0,40.0,-46.0,#C08CF6,1
18378,67.0,40.0,-36.0,#CB8AE4,1
18379,67.0,40.0,-4.0,#E387AC,1
18380,67.0,40.0,0.0,#E686A4,1
18381,67.0,40.0,4.0,#E8869D,1
18382,67.0,40.0,14.0,#EC858C,1
18383,67.0,42.0,-32.0,#D288DD,1
18384,67.0,42.0,-16.0,#DF86C1,1
18385,67.0,42.0,-10.0,#E386B6,1
18386,67.0,42.0,34.0,#F68268,1
18387,67.0,42.0,38.0,#F78261,1
18388,67.0,42.0,70.0,#FD8117,1
18389,67.0,42.0,96.0,#FF8000,0
18390,67.0,42.0,112.0,#FF8000,0
18391,67.0,44.0,12.0,#F18290,1
18392,67.0,44.0,58.0,#FE7F39,1
18393,67.0,46.0,-40.0,#D286EC,1
18394,67.0,46.0,-2.0,#EE81A8,1
18395,67.0,46.0,16.0,#F67F89,1
18396,67.0,46.0,20.0,#F77F82,1
18397,67.0,46.0,44.0,#FE7E56,1
18398,67.0,46.0,52.0,#FF7D46,0
18399,67.0,46.0,76.0,#FF7D00,0
18400,67.0,46.0,94.0,#FF7C00,0
18401,67.0,48.0,-36.0,#D983E5,1
18402,67.0,48.0,-12.0,#EB80BA,1
18403,67.0,48.0,30.0,#FD7C70,1
18404,67.0,50.0,10.0,#F97C93,1
18405,67.0,50.0,50.0,#FF794B,0
18406,67.0,50.0,88.0,#FF7800,0
18407,67.0,50.0,100.0,#FF7800,0
18408,67.0,52.0,-8.0,#F37BB3,1
18409,67.0,52.0,0.0,#F77BA5,1
18410,67.0,52.0,76.0,#FF7600,0
18411,67.0,52.0,106.0,#FF7600,0
18412,67.0,54.0,32.0,#FF766D,0
18413,67.0,54.0,56.0,#FF753F,0
18414,67.0,56.0,-30.0,#EB7ADA,1
18415,67.0,56.0,-4.0,#FB77AC,1
18416,67.0,56.0,42.0,#FF735B,0
18417,67.0,56.0,100.0,#FF7100,0
18418,67.0,58.0,-50.0,#DC7BFE,1
18419,67.0,58.0,-12.0,#FA75BA,1
18420,67.0,58.0,76.0,#FF6F00,0
18421,67.0,58.0,106.0,#FF6F00,0
18422,67.0,60.0,-20.0,#F874C8,1
18423,67.0,60.0,0.0,#FF71A5,0
18424,67.0,60.0,68.0,#FF6D23,0
18425,67.0,60.0,112.0,#FF6C00,0
18426,67.0,62.0,-56.0,#DD78FF,0
18427,67.0,62.0,100.0,#FF6900,0
18428,67.0,64.0,4.0,#FF6C9F,0
18429,67.0,64.0,10.0,#FF6B94,0
18430,67.0,64.0,54.0,#FF6845,0
18431,67.0,64.0,62.0,#FF6834,0
18432,67.0,64.0,80.0,#FF6700,0
18433,67.0,64.0,94.0,#FF6700,0
18434,67.0,66.0,-4.0,#FF6AAD,0
18435,67.0,66.0,68.0,#FF6525,0
18436,67.0,66.0,86.0,#FF6400,0
18437,67.0,68.0,-38.0,#F86DE9,1
18438,67.0,70.0,2.0,#FF64A2,0
18439,67.0,72.0,-34.0,#FF66E2,0
18440,67.0,72.0,8.0,#FF6098,0
18441,67.0,74.0,52.0,#FF584A,0
18442,67.0,76.0,48.0,#FF5552,0
18443,67.0,78.0,38.0,#FF5264,0
18444,67.0,82.0,28.0,#FF4A76,0
18445,67.0,86.0,-24.0,#FF4BD0,0
18446,67.0,86.0,14.0,#FF438E,0
18447,67.0,88.0,-16.0,#FF44C2,0
18448,67.0,98.0,-36.0,#FF29E6,0
18449,68.0,-128.0,80.0,#00CE00,0
18450,68.0,-126.0,86.0,#00CE00,0
18451,68.0,-120.0,40.0,#00CE57,0
18452,68.0,-120.0,48.0,#00CD45,0
18453,68.0,-120.0,56.0,#00CD30,0
18454,68.0,-120.0,64.0,#00CD0E,0
18455,68.0,-120.0,72.0,#00CD00,0
18456,68.0,-114.0,18.0,#00CD82,0
18457,68.0,-112.0,6.0,#00CD98,0
18458,68.0,-112.0,40.0,#00CC57,0
18459,68.0,-112.0,48.0,#00CC45,0
18460,68.0,-104.0,46.0,#00CA4A,0
18461,68.0,-104.0,54.0,#00CA37,0
18462,68.0,-100.0,-6.0,#00CBAE,0
18463,68.0,-98.0,76.0,#00C800,0
18464,68.0,-96.0,24.0,#00C977,0
18465,68.0,-96.0,30.0,#00C96B,0
18466,68.0,-96.0,38.0,#00C85C,0
18467,68.0,-96.0,46.0,#00C84A,0
18468,68.0,-96.0,54.0,#00C837,0
18469,68.0,-94.0,82.0,#00C700,0
18470,68.0,-92.0,-16.0,#00CAC0,0
18471,68.0,-90.0,0.0,#00C9A3,0
18472,68.0,-88.0,-20.0,#00C9C8,0
18473,68.0,-88.0,30.0,#00C76C,0
18474,68.0,-88.0,44.0,#00C64F,0
18475,68.0,-88.0,52.0,#00C63D,0
18476,68.0,-88.0,96.0,#00C500,0
18477,68.0,-86.0,-14.0,#00C8BD,0
18478,68.0,-86.0,-8.0,#00C8B2,0
18479,68.0,-84.0,12.0,#00C68E,0
18480,68.0,-80.0,-12.0,#00C7B9,0
18481,68.0,-80.0,-6.0,#00C6AE,0
18482,68.0,-80.0,30.0,#00C56C,0
18483,68.0,-80.0,36.0,#00C460,0
18484,68.0,-80.0,42.0,#00C454,0
18485,68.0,-78.0,-22.0,#00C7CB,0
18486,68.0,-78.0,8.0,#00C595,0
18487,68.0,-76.0,-2.0,#00C5A7,0
18488,68.0,-74.0,22.0,#00C37B,0
18489,68.0,-72.0,2.0,#00C4A0,0
18490,68.0,-68.0,-26.0,#00C4D3,0
18491,68.0,-68.0,32.0,#00C169,0
18492,68.0,-68.0,40.0,#00C159,0
18493,68.0,-68.0,98.0,#35C000,0
18494,68.0,-66.0,52.0,#05C03E,1
18495,68.0,-62.0,36.0,#00BF61,0
18496,68.0,-62.0,42.0,#16BF55,1
18497,68.0,-62.0,64.0,#3DBE19,1
18498,68.0,-62.0,84.0,#49BE00,0
18499,68.0,-62.0,94.0,#4CBE00,0
18500,68.0,-60.0,6.0,#00C099,0
18501,68.0,-56.0,-52.0,#00C3FF,0
18502,68.0,-56.0,-6.0,#00BFAF,0
18503,68.0,-54.0,-32.0,#00C0DE,0
18504,68.0,-54.0,20.0,#0FBD80,1
18505,68.0,-54.0,66.0,#5BBB10,1
18506,68.0,-54.0,82.0,#61BB00,0
18507,68.0,-50.0,-54.0,#00C1FF,0
18508,68.0,-50.0,-40.0,#00C0ED,0
18509,68.0,-50.0,-4.0,#00BDAB,0
18510,68.0,-50.0,30.0,#47BB6D,1
18511,68.0,-50.0,92.0,#6EBA00,0
18512,68.0,-48.0,12.0,#27BB8F,1
18513,68.0,-48.0,16.0,#34BB87,1
18514,68.0,-48.0,64.0,#6AB91C,1
18515,68.0,-46.0,-16.0,#00BCC1,0
18516,68.0,-46.0,4.0,#0FBB9D,1
18517,68.0,-44.0,-52.0,#00BFFF,0
18518,68.0,-44.0,20.0,#4FB980,1
18519,68.0,-44.0,32.0,#5EB96A,1
18520,68.0,-44.0,88.0,#7BB700,0
18521,68.0,-44.0,96.0,#7CB700,0
18522,68.0,-42.0,60.0,#76B72B,1
18523,68.0,-40.0,-26.0,#00BBD3,0
18524,68.0,-40.0,2.0,#3AB9A1,1
18525,68.0,-40.0,48.0,#75B749,1
18526,68.0,-38.0,64.0,#81B51E,1
18527,68.0,-36.0,-28.0,#00B9D7,0
18528,68.0,-36.0,8.0,#58B796,1
18529,68.0,-36.0,30.0,#72B66E,1
18530,68.0,-36.0,42.0,#7BB556,1
18531,68.0,-34.0,16.0,#69B588,1
18532,68.0,-34.0,94.0,#90B300,0
18533,68.0,-34.0,102.0,#90B300,0
18534,68.0,-34.0,114.0,#91B300,0
18535,68.0,-32.0,-54.0,#00BAFF,0
18536,68.0,-32.0,-34.0,#00B8E2,0
18537,68.0,-30.0,-28.0,#00B7D7,0
18538,68.0,-30.0,36.0,#84B363,1
18539,68.0,-28.0,-22.0,#27B5CC,1
18540,68.0,-28.0,100.0,#9BB100,0
18541,68.0,-26.0,-38.0,#00B6E9,0
18542,68.0,-26.0,-32.0,#00B5DE,0
18543,68.0,-26.0,2.0,#6DB3A1,1
18544,68.0,-26.0,6.0,#73B29A,1
18545,68.0,-26.0,80.0,#9CB000,0
18546,68.0,-24.0,86.0,#A1AF00,0
18547,68.0,-24.0,94.0,#A2AF00,0
18548,68.0,-22.0,-40.0,#00B4ED,0
18549,68.0,-22.0,6.0,#7DB19A,1
18550,68.0,-22.0,72.0,#A2AE00,0
18551,68.0,-22.0,114.0,#A7AE00,0
18552,68.0,-20.0,-28.0,#41B2D7,1
18553,68.0,-20.0,-22.0,#53B2CD,1
18554,68.0,-20.0,-18.0,#5DB1C5,1
18555,68.0,-20.0,10.0,#85AF93,1
18556,68.0,-20.0,66.0,#A4AD19,1
18557,68.0,-20.0,96.0,#A9AD00,0
18558,68.0,-18.0,-6.0,#78B0B0,1
18559,68.0,-18.0,-2.0,#7DAFA9,1
18560,68.0,-18.0,44.0,#A0AD53,1
18561,68.0,-16.0,-14.0,#71AFBE,1
18562,68.0,-16.0,-10.0,#77AFB7,1
18563,68.0,-16.0,66.0,#AAAB1A,1
18564,68.0,-14.0,-6.0,#82AEB0,1
18565,68.0,-14.0,-2.0,#87ADA9,1
18566,68.0,-14.0,2.0,#8BADA2,1
18567,68.0,-14.0,48.0,#A8AB4B,1
18568,68.0,-14.0,72.0,#AFAA00,0
18569,68.0,-14.0,96.0,#B2AA00,0
18570,68.0,-12.0,0.0,#8DACA5,1
18571,68.0,-12.0,4.0,#91AC9E,1
18572,68.0,-12.0,36.0,#A7AA64,1
18573,68.0,-12.0,62.0,#B0AA29,1
18574,68.0,-10.0,-20.0,#78ADC9,1
18575,68.0,-10.0,-6.0,#8BACB0,1
18576,68.0,-10.0,-2.0,#90ABA9,1
18577,68.0,-10.0,2.0,#93ABA2,1
18578,68.0,-10.0,6.0,#97AB9B,1
18579,68.0,-10.0,10.0,#9AAA93,1
18580,68.0,-10.0,14.0,#9EAA8C,1
18581,68.0,-10.0,46.0,#AFA950,1
18582,68.0,-10.0,98.0,#B9A800,0
18583,68.0,-8.0,-28.0,#6FACD8,1
18584,68.0,-8.0,-12.0,#89ABBB,1
18585,68.0,-8.0,4.0,#99AA9E,1
18586,68.0,-8.0,8.0,#9DAA97,1
18587,68.0,-8.0,60.0,#B6A730,1
18588,68.0,-6.0,-18.0,#85AAC6,1
18589,68.0,-6.0,-10.0,#90AAB7,1
18590,68.0,-6.0,-6.0,#94A9B0,1
18591,68.0,-6.0,-2.0,#98A9A9,1
18592,68.0,-6.0,2.0,#9CA9A2,1
18593,68.0,-6.0,6.0,#9FA99B,1
18594,68.0,-6.0,10.0,#A2A894,1
18595,68.0,-6.0,14.0,#A5A88C,1
18596,68.0,-6.0,26.0,#ACA877,1
18597,68.0,-6.0,54.0,#B8A73F,1
18598,68.0,-6.0,66.0,#BBA61D,1
18599,68.0,-6.0,76.0,#BDA600,0
18600,68.0,-6.0,84.0,#BEA600,0
18601,68.0,-6.0,92.0,#BFA600,0
18602,68.0,-6.0,100.0,#BFA600,0
18603,68.0,-4.0,-30.0,#77AADB,1
18604,68.0,-4.0,-12.0,#92A9BB,1
18605,68.0,-4.0,-8.0,#96A9B4,1
18606,68.0,-4.0,-4.0,#9AA8AD,1
18607,68.0,-4.0,0.0,#9EA8A6,1
18608,68.0,-4.0,4.0,#A1A89E,1
18609,68.0,-4.0,8.0,#A4A797,1
18610,68.0,-4.0,12.0,#A7A790,1
18611,68.0,-4.0,28.0,#B1A673,1
18612,68.0,-4.0,60.0,#BDA530,1
18613,68.0,-4.0,116.0,#C3A500,0
18614,68.0,-2.0,-50.0,#48ACFF,0
18615,68.0,-2.0,16.0,#AEA689,1
18616,68.0,-2.0,20.0,#B0A682,1
18617,68.0,-2.0,82.0,#C4A400,0
18618,68.0,-2.0,98.0,#C5A400,0
18619,68.0,0.0,-20.0,#91A7C9,1
18620,68.0,0.0,-16.0,#96A7C2,1
18621,68.0,0.0,16.0,#B1A589,1
18622,68.0,0.0,20.0,#B4A482,1
18623,68.0,0.0,58.0,#C2A336,1
18624,68.0,2.0,-36.0,#7DA8E6,1
18625,68.0,2.0,-20.0,#95A6C9,1
18626,68.0,2.0,16.0,#B5A489,1
18627,68.0,2.0,20.0,#B7A382,1
18628,68.0,2.0,24.0,#B9A37B,1
18629,68.0,2.0,30.0,#BCA370,1
18630,68.0,2.0,36.0,#BEA364,1
18631,68.0,2.0,50.0,#C3A248,1
18632,68.0,2.0,90.0,#CBA100,0
18633,68.0,2.0,98.0,#CBA100,0
18634,68.0,2.0,106.0,#CCA100,0
18635,68.0,4.0,-34.0,#86A6E3,1
18636,68.0,4.0,20.0,#BAA282,1
18637,68.0,4.0,56.0,#C8A13B,1
18638,68.0,6.0,20.0,#BEA182,1
18639,68.0,6.0,24.0,#C0A17B,1
18640,68.0,6.0,44.0,#C8A055,1
18641,68.0,6.0,96.0,#D19F00,0
18642,68.0,6.0,104.0,#D19F00,0
18643,68.0,8.0,28.0,#C59F74,1
18644,68.0,8.0,50.0,#CD9E49,1
18645,68.0,10.0,-42.0,#87A4F1,1
18646,68.0,10.0,24.0,#C69E7B,1
18647,68.0,10.0,106.0,#D79C00,0
18648,68.0,12.0,-18.0,#ACA0C6,1
18649,68.0,12.0,30.0,#CC9D70,1
18650,68.0,12.0,52.0,#D39C45,1
18651,68.0,12.0,112.0,#DA9B00,0
18652,68.0,14.0,-8.0,#B99EB4,1
18653,68.0,14.0,26.0,#CD9B78,1
18654,68.0,14.0,36.0,#D19B65,1
18655,68.0,14.0,42.0,#D39B5A,1
18656,68.0,14.0,98.0,#DD9A00,0
18657,68.0,16.0,-6.0,#BE9CB1,1
18658,68.0,18.0,-48.0,#919FFC,1
18659,68.0,18.0,-32.0,#A89DDF,1
18660,68.0,18.0,-28.0,#AD9DD8,1
18661,68.0,18.0,28.0,#D49974,1
18662,68.0,18.0,38.0,#D89862,1
18663,68.0,18.0,44.0,#DA9856,1
18664,68.0,18.0,76.0,#E09700,0
18665,68.0,18.0,94.0,#E29700,0
18666,68.0,20.0,-22.0,#B79BCE,1
18667,68.0,22.0,-54.0,#909DFF,0
18668,68.0,22.0,-32.0,#B19BE0,1
18669,68.0,22.0,-28.0,#B59AD8,1
18670,68.0,22.0,28.0,#DA9674,1
18671,68.0,22.0,46.0,#E09552,1
18672,68.0,22.0,70.0,#E59414,1
18673,68.0,22.0,94.0,#E89400,0
18674,68.0,24.0,-42.0,#A89AF2,1
18675,68.0,24.0,-26.0,#BB99D5,1
18676,68.0,24.0,-22.0,#BF98CE,1
18677,68.0,24.0,14.0,#D7958E,1
18678,68.0,24.0,20.0,#DA9583,1
18679,68.0,24.0,100.0,#EB9200,0
18680,68.0,26.0,18.0,#DC9387,1
18681,68.0,26.0,30.0,#E19371,1
18682,68.0,26.0,34.0,#E2926A,1
18683,68.0,26.0,40.0,#E4925E,1
18684,68.0,26.0,64.0,#EA912A,1
18685,68.0,26.0,72.0,#EB9109,1
18686,68.0,26.0,106.0,#EE9100,0
18687,68.0,28.0,-48.0,#A898FD,1
18688,68.0,28.0,-22.0,#C695CE,1
18689,68.0,28.0,24.0,#E2917C,1
18690,68.0,28.0,78.0,#EE8F00,0
18691,68.0,30.0,-46.0,#AF97F9,1
18692,68.0,30.0,40.0,#EA8F5F,1
18693,68.0,30.0,64.0,#EF8E2B,1
18694,68.0,30.0,84.0,#F28E00,0
18695,68.0,30.0,94.0,#F38E00,0
18696,68.0,30.0,114.0,#F38D00,0
18697,68.0,32.0,78.0,#F48C00,0
18698,68.0,32.0,100.0,#F68C00,0
18699,68.0,32.0,108.0,#F68C00,0
18700,68.0,34.0,-46.0,#B793F9,1
18701,68.0,34.0,-26.0,#CD91D5,1
18702,68.0,34.0,46.0,#F18B54,1
18703,68.0,34.0,84.0,#F78A00,0
18704,68.0,34.0,92.0,#F88A00,0
18705,68.0,36.0,20.0,#EC8B84,1
18706,68.0,36.0,24.0,#ED8B7C,1
18707,68.0,36.0,34.0,#F18A6A,1
18708,68.0,36.0,58.0,#F7893B,1
18709,68.0,38.0,46.0,#F78854,1
18710,68.0,38.0,52.0,#F88848,1
18711,68.0,38.0,82.0,#FC8700,0
18712,68.0,38.0,90.0,#FD8700,0
18713,68.0,40.0,58.0,#FC863B,1
18714,68.0,42.0,26.0,#F78579,1
18715,68.0,42.0,30.0,#F88572,1
18716,68.0,42.0,46.0,#FC8454,1
18717,68.0,42.0,52.0,#FE8448,1
18718,68.0,42.0,104.0,#FF8300,0
18719,68.0,44.0,-26.0,#DE88D5,1
18720,68.0,46.0,-48.0,#CC89FD,1
18721,68.0,46.0,2.0,#F383A4,1
18722,68.0,46.0,102.0,#FF7F00,0
18723,68.0,48.0,6.0,#F7819D,1
18724,68.0,48.0,24.0,#FF807D,1
18725,68.0,48.0,36.0,#FF7F68,0
18726,68.0,48.0,64.0,#FF7E2E,0
18727,68.0,48.0,70.0,#FF7D1D,0
18728,68.0,50.0,-54.0,#CC87FF,0
18729,68.0,50.0,-22.0,#EA82CE,1
18730,68.0,50.0,42.0,#FF7C5D,0
18731,68.0,52.0,-42.0,#DD83F2,1
18732,68.0,54.0,-52.0,#D682FF,0
18733,68.0,54.0,-18.0,#F37DC7,1
18734,68.0,54.0,26.0,#FF797A,0
18735,68.0,54.0,68.0,#FF7725,0
18736,68.0,54.0,82.0,#FF7700,0
18737,68.0,56.0,46.0,#FF7556,0
18738,68.0,56.0,88.0,#FF7400,0
18739,68.0,58.0,-44.0,#E57DF6,1
18740,68.0,58.0,52.0,#FF734A,0
18741,68.0,60.0,28.0,#FF7277,0
18742,68.0,60.0,40.0,#FF7161,0
18743,68.0,60.0,86.0,#FF6F00,0
18744,68.0,62.0,-40.0,#EF77EF,1
18745,68.0,62.0,-32.0,#F676E1,1
18746,68.0,62.0,46.0,#FF6E56,0
18747,68.0,66.0,-28.0,#FF70DA,1
18748,68.0,66.0,30.0,#FF6A74,0
18749,68.0,66.0,36.0,#FF6969,0
18750,68.0,66.0,76.0,#FF6709,0
18751,68.0,66.0,106.0,#FF6700,0
18752,68.0,70.0,-24.0,#FF6AD3,0
18753,68.0,70.0,54.0,#FF6248,0
18754,68.0,72.0,-16.0,#FF66C5,0
18755,68.0,72.0,32.0,#FF6071,0
18756,68.0,72.0,38.0,#FF6066,0
18757,68.0,72.0,60.0,#FF5E3C,0
18758,68.0,72.0,76.0,#FF5E0D,0
18759,68.0,74.0,-46.0,#FE69FA,1
18760,68.0,74.0,66.0,#FF5B2F,0
18761,68.0,76.0,-28.0,#FF62DA,0
18762,68.0,78.0,-36.0,#FF60E8,0
18763,68.0,78.0,-22.0,#FF5DCF,0
18764,68.0,80.0,-48.0,#FF60FE,0
18765,68.0,80.0,-16.0,#FF59C5,0
18766,68.0,84.0,-30.0,#FF54DE,0
18767,68.0,86.0,2.0,#FF49A6,0
18768,68.0,88.0,-48.0,#FF50FE,0
18769,68.0,92.0,-42.0,#FF45F4,0
18770,68.0,98.0,-46.0,#FF34FB,0
18771,69.0,-128.0,28.0,#00D271,0
18772,69.0,-128.0,36.0,#00D261,0
18773,69.0,-128.0,60.0,#00D225,0
18774,69.0,-128.0,68.0,#00D100,0
18775,69.0,-124.0,92.0,#00D000,0
18776,69.0,-122.0,14.0,#00D28C,0
18777,69.0,-112.0,56.0,#00CF33,0
18778,69.0,-104.0,0.0,#00CFA6,0
18779,69.0,-104.0,88.0,#00CC00,0
18780,69.0,-96.0,6.0,#00CD9B,0
18781,69.0,-96.0,12.0,#00CC90,0
18782,69.0,-94.0,-8.0,#00CDB5,0
18783,69.0,-90.0,8.0,#00CB97,0
18784,69.0,-90.0,14.0,#00CB8C,0
18785,69.0,-88.0,20.0,#00CA81,0
18786,69.0,-88.0,38.0,#00C95E,0
18787,69.0,-80.0,50.0,#00C745,0
18788,69.0,-78.0,98.0,#00C600,0
18789,69.0,-76.0,74.0,#00C500,0
18790,69.0,-76.0,104.0,#00C500,0
18791,69.0,-74.0,-8.0,#00C8B5,0
18792,69.0,-74.0,44.0,#00C553,0
18793,69.0,-72.0,6.0,#00C69B,0
18794,69.0,-72.0,62.0,#00C424,0
18795,69.0,-68.0,-16.0,#00C6C4,0
18796,69.0,-66.0,4.0,#00C49F,0
18797,69.0,-64.0,-32.0,#00C6E1,0
18798,69.0,-64.0,-10.0,#00C5B9,0
18799,69.0,-62.0,-20.0,#00C5CB,0
18800,69.0,-62.0,-4.0,#00C4AE,0
18801,69.0,-60.0,0.0,#00C3A7,0
18802,69.0,-60.0,28.0,#00C173,0
18803,69.0,-58.0,-24.0,#00C4D2,0
18804,69.0,-58.0,56.0,#49C038,1
18805,69.0,-58.0,100.0,#5EBF00,0
18806,69.0,-56.0,-18.0,#00C3C7,0
18807,69.0,-56.0,-12.0,#00C2BD,0
18808,69.0,-56.0,32.0,#30C06C,1
18809,69.0,-56.0,38.0,#3CC060,1
18810,69.0,-54.0,12.0,#00C091,0
18811,69.0,-52.0,-22.0,#00C1CF,0
18812,69.0,-52.0,54.0,#5CBE3D,1
18813,69.0,-50.0,-10.0,#00C0B9,0
18814,69.0,-50.0,72.0,#6BBD00,0
18815,69.0,-48.0,8.0,#19BE98,1
18816,69.0,-48.0,40.0,#5DBD5C,1
18817,69.0,-48.0,78.0,#72BC00,0
18818,69.0,-48.0,112.0,#78BC00,0
18819,69.0,-46.0,-26.0,#00C0D6,0
18820,69.0,-46.0,52.0,#6BBC42,1
18821,69.0,-46.0,104.0,#7CBB00,0
18822,69.0,-44.0,-42.0,#00C0F3,0
18823,69.0,-44.0,-10.0,#00BEB9,0
18824,69.0,-44.0,24.0,#57BC7B,1
18825,69.0,-42.0,10.0,#47BC95,1
18826,69.0,-42.0,14.0,#4FBB8E,1
18827,69.0,-42.0,76.0,#7FBA00,0
18828,69.0,-40.0,38.0,#71BA61,1
18829,69.0,-38.0,-46.0,#00BEFB,0
18830,69.0,-38.0,-40.0,#00BEF0,0
18831,69.0,-38.0,-8.0,#24BBB6,1
18832,69.0,-38.0,20.0,#65BA83,1
18833,69.0,-38.0,54.0,#7FB83E,1
18834,69.0,-38.0,88.0,#8AB800,0
18835,69.0,-38.0,100.0,#8CB800,0
18836,69.0,-36.0,74.0,#8BB700,0
18837,69.0,-34.0,-18.0,#00BAC8,0
18838,69.0,-34.0,34.0,#7CB769,1
18839,69.0,-34.0,56.0,#89B73A,1
18840,69.0,-34.0,80.0,#90B600,0
18841,69.0,-32.0,-46.0,#00BCFB,0
18842,69.0,-32.0,-10.0,#43B9B9,1
18843,69.0,-32.0,-6.0,#4EB9B2,1
18844,69.0,-32.0,20.0,#75B783,1
18845,69.0,-32.0,48.0,#89B64D,1
18846,69.0,-32.0,86.0,#95B500,0
18847,69.0,-30.0,4.0,#67B7A0,1
18848,69.0,-30.0,8.0,#6DB799,1
18849,69.0,-30.0,12.0,#72B792,1
18850,69.0,-30.0,68.0,#95B511,1
18851,69.0,-28.0,-18.0,#3EB8C8,1
18852,69.0,-28.0,-14.0,#4AB7C1,1
18853,69.0,-28.0,28.0,#86B574,1
18854,69.0,-28.0,40.0,#8DB55D,1
18855,69.0,-28.0,74.0,#9AB400,0
18856,69.0,-26.0,-46.0,#00B9FB,0
18857,69.0,-26.0,-10.0,#5CB6BA,1
18858,69.0,-26.0,18.0,#82B587,1
18859,69.0,-26.0,44.0,#93B355,1
18860,69.0,-26.0,62.0,#9BB32A,1
18861,69.0,-26.0,112.0,#A3B200,0
18862,69.0,-24.0,-26.0,#35B7D6,1
18863,69.0,-24.0,-6.0,#6AB5B2,1
18864,69.0,-24.0,10.0,#7FB496,1
18865,69.0,-22.0,-2.0,#75B4AB,1
18866,69.0,-22.0,2.0,#7BB4A4,1
18867,69.0,-22.0,26.0,#91B278,1
18868,69.0,-22.0,32.0,#95B26D,1
18869,69.0,-22.0,44.0,#9BB256,1
18870,69.0,-22.0,50.0,#9EB149,1
18871,69.0,-22.0,106.0,#A9B100,0
18872,69.0,-20.0,-46.0,#00B7FB,0
18873,69.0,-20.0,-12.0,#6CB4BD,1
18874,69.0,-18.0,14.0,#90B18F,1
18875,69.0,-18.0,18.0,#93B187,1
18876,69.0,-18.0,26.0,#99B079,1
18877,69.0,-18.0,50.0,#A5B049,1
18878,69.0,-18.0,86.0,#AEAF00,0
18879,69.0,-16.0,-36.0,#3AB4E9,1
18880,69.0,-16.0,-30.0,#51B3DE,1
18881,69.0,-16.0,-18.0,#6DB2C8,1
18882,69.0,-16.0,8.0,#8FB099,1
18883,69.0,-14.0,26.0,#A1AE79,1
18884,69.0,-14.0,32.0,#A4AE6E,1
18885,69.0,-14.0,80.0,#B3AD00,0
18886,69.0,-14.0,88.0,#B5AD00,0
18887,69.0,-14.0,108.0,#B6AD00,0
18888,69.0,-14.0,116.0,#B7AD00,0
18889,69.0,-12.0,-36.0,#4FB2E9,1
18890,69.0,-12.0,-30.0,#61B1DE,1
18891,69.0,-12.0,-12.0,#81B0BE,1
18892,69.0,-12.0,-8.0,#87AFB6,1
18893,69.0,-12.0,56.0,#B1AC3C,1
18894,69.0,-10.0,30.0,#AAAC72,1
18895,69.0,-10.0,78.0,#BAAB00,0
18896,69.0,-10.0,110.0,#BDAB00,0
18897,69.0,-8.0,-46.0,#3CB1FB,1
18898,69.0,-8.0,-38.0,#5AB0ED,1
18899,69.0,-8.0,-16.0,#86AEC5,1
18900,69.0,-6.0,18.0,#AAAB88,1
18901,69.0,-6.0,22.0,#ADAA80,1
18902,69.0,-6.0,34.0,#B3AA6A,1
18903,69.0,-6.0,40.0,#B6AA5F,1
18904,69.0,-4.0,18.0,#AEAA88,1
18905,69.0,-4.0,44.0,#BBA857,1
18906,69.0,-2.0,32.0,#B9A86E,1
18907,69.0,-2.0,106.0,#C9A600,0
18908,69.0,0.0,0.0,#A8A8A8,1
18909,69.0,0.0,24.0,#B8A77D,1
18910,69.0,0.0,114.0,#CCA500,0
18911,69.0,2.0,0.0,#ACA7A8,1
18912,69.0,4.0,-52.0,#60ABFF,0
18913,69.0,4.0,24.0,#BFA57D,1
18914,69.0,6.0,-32.0,#91A8E2,1
18915,69.0,6.0,66.0,#D0A223,1
18916,69.0,6.0,84.0,#D3A200,0
18917,69.0,8.0,-46.0,#7DA8FC,1
18918,69.0,8.0,-26.0,#9EA6D7,1
18919,69.0,10.0,-38.0,#91A6ED,1
18920,69.0,10.0,-20.0,#A9A4CC,1
18921,69.0,10.0,40.0,#CFA060,1
18922,69.0,10.0,60.0,#D59F35,1
18923,69.0,10.0,68.0,#D79F1D,1
18924,69.0,10.0,94.0,#DA9F00,0
18925,69.0,12.0,-14.0,#B3A2C2,1
18926,69.0,12.0,18.0,#C9A089,1
18927,69.0,14.0,-50.0,#85A5FF,0
18928,69.0,14.0,-30.0,#A5A2DF,1
18929,69.0,14.0,-26.0,#AAA2D7,1
18930,69.0,14.0,-22.0,#AFA2D0,1
18931,69.0,14.0,-12.0,#B8A1BE,1
18932,69.0,14.0,78.0,#DE9C00,0
18933,69.0,14.0,106.0,#E09C00,0
18934,69.0,16.0,-20.0,#B5A0CD,1
18935,69.0,16.0,-16.0,#B8A0C5,1
18936,69.0,16.0,112.0,#E39B00,0
18937,69.0,18.0,-36.0,#A6A0EA,1
18938,69.0,18.0,-24.0,#B49FD4,1
18939,69.0,18.0,-14.0,#BE9EC2,1
18940,69.0,18.0,-10.0,#C19EBB,1
18941,69.0,18.0,106.0,#E69900,0
18942,69.0,20.0,-18.0,#BE9DC9,1
18943,69.0,20.0,100.0,#E89800,0
18944,69.0,22.0,-10.0,#C89BBB,1
18945,69.0,22.0,52.0,#E59749,1
18946,69.0,22.0,86.0,#EA9700,0
18947,69.0,22.0,106.0,#EB9600,0
18948,69.0,22.0,114.0,#EC9600,0
18949,69.0,24.0,-18.0,#C59AC9,1
18950,69.0,24.0,80.0,#EC9500,0
18951,69.0,26.0,-52.0,#A09DFF,0
18952,69.0,26.0,-32.0,#BB9AE3,1
18953,69.0,26.0,86.0,#F09400,0
18954,69.0,28.0,-26.0,#C598D8,1
18955,69.0,28.0,-18.0,#CC97C9,1
18956,69.0,28.0,28.0,#E69477,1
18957,69.0,30.0,-38.0,#BC98ED,1
18958,69.0,30.0,-32.0,#C397E3,1
18959,69.0,30.0,36.0,#EC9269,1
18960,69.0,34.0,-38.0,#C495EE,1
18961,69.0,34.0,-6.0,#DF91B4,1
18962,69.0,34.0,114.0,#FC8D00,0
18963,69.0,36.0,-52.0,#B695FF,0
18964,69.0,36.0,28.0,#F28D78,1
18965,69.0,40.0,-52.0,#BE92FF,0
18966,69.0,40.0,18.0,#F48A8A,1
18967,69.0,42.0,-42.0,#CE8FF5,1
18968,69.0,42.0,6.0,#F2899F,1
18969,69.0,42.0,22.0,#F88883,1
18970,69.0,42.0,76.0,#FF8600,0
18971,69.0,44.0,82.0,#FF8400,0
18972,69.0,44.0,110.0,#FF8400,0
18973,69.0,44.0,118.0,#FF8300,0
18974,69.0,46.0,-6.0,#F187B5,1
18975,69.0,48.0,-16.0,#EE86C6,1
18976,69.0,50.0,58.0,#FF7E3F,0
18977,69.0,50.0,108.0,#FF7D00,0
18978,69.0,50.0,116.0,#FF7D00,0
18979,69.0,52.0,16.0,#FF7F8E,0
18980,69.0,52.0,20.0,#FF7E87,0
18981,69.0,52.0,94.0,#FF7B00,0
18982,69.0,54.0,-36.0,#E982EA,1
18983,69.0,54.0,4.0,#FF7EA3,0
18984,69.0,54.0,114.0,#FF7900,0
18985,69.0,58.0,-26.0,#F77DD9,1
18986,69.0,58.0,8.0,#FF799C,0
18987,69.0,58.0,14.0,#FF7892,0
18988,69.0,58.0,18.0,#FF788B,0
18989,69.0,58.0,22.0,#FF7784,0
18990,69.0,60.0,-8.0,#FF78B9,0
18991,69.0,60.0,34.0,#FF746F,0
18992,69.0,64.0,-46.0,#F079FD,1
18993,69.0,64.0,-16.0,#FF74C7,0
18994,69.0,64.0,16.0,#FF708F,0
18995,69.0,64.0,24.0,#FF7081,0
18996,69.0,64.0,58.0,#FF6E41,0
18997,69.0,64.0,112.0,#FF6C00,0
18998,69.0,66.0,-10.0,#FF71BD,0
18999,69.0,68.0,42.0,#FF6961,0
19000,69.0,68.0,100.0,#FF6700,0
19001,69.0,70.0,-52.0,#F573FF,0
19002,69.0,70.0,-2.0,#FF6AAF,0
19003,69.0,70.0,14.0,#FF6893,0
19004,69.0,70.0,20.0,#FF6888,0
19005,69.0,70.0,26.0,#FF677E,0
19006,69.0,70.0,48.0,#FF6556,0
19007,69.0,72.0,70.0,#FF6127,0
19008,69.0,74.0,44.0,#FF5F5E,0
19009,69.0,76.0,-6.0,#FF61B6,0
19010,69.0,76.0,12.0,#FF5F96,0
19011,69.0,76.0,18.0,#FF5E8C,0
19012,69.0,76.0,24.0,#FF5D81,0
19013,69.0,78.0,0.0,#FF5DAB,0
19014,69.0,78.0,30.0,#FF5977,0
19015,69.0,80.0,6.0,#FF58A1,0
19016,69.0,82.0,20.0,#FF5289,0
19017,69.0,84.0,-40.0,#FF5AF3,0
19018,69.0,84.0,-6.0,#FF52B6,0
19019,69.0,88.0,-12.0,#FF4AC1,0
19020,70.0,-128.0,6.0,#00D69D,0
19021,70.0,-128.0,12.0,#00D692,0
19022,70.0,-128.0,20.0,#00D683,0
19023,70.0,-128.0,44.0,#00D553,0
19024,70.0,-128.0,52.0,#00D540,0
19025,70.0,-122.0,0.0,#00D6A8,0
19026,70.0,-120.0,6.0,#00D59D,0
19027,70.0,-120.0,26.0,#00D478,0
19028,70.0,-120.0,34.0,#00D468,0
19029,70.0,-120.0,84.0,#00D300,0
19030,70.0,-116.0,-4.0,#00D5B0,0
19031,70.0,-116.0,98.0,#00D200,0
19032,70.0,-112.0,10.0,#00D396,0
19033,70.0,-112.0,22.0,#00D37F,0
19034,70.0,-112.0,30.0,#00D270,0
19035,70.0,-112.0,62.0,#00D123,0
19036,70.0,-112.0,72.0,#00D100,0
19037,70.0,-112.0,80.0,#00D100,0
19038,70.0,-112.0,88.0,#00D100,0
19039,70.0,-110.0,-8.0,#00D4B7,0
19040,70.0,-108.0,96.0,#00D000,0
19041,70.0,-106.0,102.0,#00D000,0
19042,70.0,-104.0,10.0,#00D196,0
19043,70.0,-104.0,16.0,#00D18B,0
19044,70.0,-104.0,22.0,#00D180,0
19045,70.0,-104.0,28.0,#00D174,0
19046,70.0,-104.0,36.0,#00D064,0
19047,70.0,-104.0,60.0,#00D02B,0
19048,70.0,-104.0,70.0,#00D000,0
19049,70.0,-104.0,78.0,#00CF00,0
19050,70.0,-102.0,-12.0,#00D2BE,0
19051,70.0,-98.0,98.0,#00CE00,0
19052,70.0,-96.0,20.0,#00CF84,0
19053,70.0,-96.0,64.0,#00CE1C,0
19054,70.0,-96.0,104.0,#00CD00,0
19055,70.0,-92.0,88.0,#00CC00,0
19056,70.0,-88.0,-4.0,#00CEB0,0
19057,70.0,-88.0,26.0,#00CD78,0
19058,70.0,-88.0,62.0,#00CC25,0
19059,70.0,-88.0,70.0,#00CC00,0
19060,70.0,-88.0,78.0,#00CB00,0
19061,70.0,-86.0,106.0,#00CB00,0
19062,70.0,-84.0,2.0,#00CDA5,0
19063,70.0,-84.0,84.0,#00CA00,0
19064,70.0,-82.0,90.0,#00CA00,0
19065,70.0,-80.0,-18.0,#00CDCA,0
19066,70.0,-80.0,18.0,#00CB88,0
19067,70.0,-80.0,24.0,#00CB7D,0
19068,70.0,-80.0,58.0,#00CA33,0
19069,70.0,-80.0,66.0,#00C915,0
19070,70.0,-76.0,82.0,#00C800,0
19071,70.0,-76.0,110.0,#02C800,0
19072,70.0,-74.0,-26.0,#00CCD8,0
19073,70.0,-74.0,-16.0,#00CBC6,0
19074,70.0,-74.0,38.0,#00C862,0
19075,70.0,-74.0,52.0,#00C843,0
19076,70.0,-74.0,68.0,#00C808,0
19077,70.0,-74.0,88.0,#07C700,0
19078,70.0,-72.0,12.0,#00C993,0
19079,70.0,-72.0,18.0,#00C888,0
19080,70.0,-72.0,30.0,#00C871,0
19081,70.0,-72.0,96.0,#27C700,0
19082,70.0,-70.0,-30.0,#00CBE0,0
19083,70.0,-68.0,-4.0,#00C8B0,0
19084,70.0,-68.0,46.0,#00C651,0
19085,70.0,-68.0,82.0,#36C600,0
19086,70.0,-68.0,110.0,#41C500,0
19087,70.0,-66.0,8.0,#00C79B,0
19088,70.0,-66.0,14.0,#00C790,0
19089,70.0,-66.0,20.0,#00C784,0
19090,70.0,-66.0,26.0,#00C679,0
19091,70.0,-66.0,76.0,#3CC500,0
19092,70.0,-60.0,10.0,#00C597,0
19093,70.0,-60.0,16.0,#00C58C,0
19094,70.0,-60.0,22.0,#00C481,0
19095,70.0,-60.0,70.0,#50C300,0
19096,70.0,-60.0,78.0,#54C300,0
19097,70.0,-60.0,110.0,#5DC300,0
19098,70.0,-58.0,-36.0,#00C8EB,0
19099,70.0,-58.0,-30.0,#00C7E0,0
19100,70.0,-56.0,44.0,#48C256,1
19101,70.0,-56.0,50.0,#4EC249,1
19102,70.0,-54.0,108.0,#6DC100,0
19103,70.0,-52.0,88.0,#6EC000,0
19104,70.0,-50.0,2.0,#00C2A6,0
19105,70.0,-50.0,22.0,#3FC181,1
19106,70.0,-50.0,34.0,#52C06A,1
19107,70.0,-50.0,46.0,#5FC052,1
19108,70.0,-46.0,-36.0,#00C3EB,0
19109,70.0,-46.0,-2.0,#00C1AD,0
19110,70.0,-44.0,-6.0,#00C0B5,0
19111,70.0,-42.0,-18.0,#00C0CA,0
19112,70.0,-42.0,-14.0,#00C0C3,0
19113,70.0,-40.0,-32.0,#00C1E4,0
19114,70.0,-40.0,-2.0,#34BEAD,1
19115,70.0,-40.0,112.0,#8CBB00,0
19116,70.0,-38.0,6.0,#53BD9F,1
19117,70.0,-38.0,16.0,#63BD8D,1
19118,70.0,-38.0,26.0,#6EBC7A,1
19119,70.0,-34.0,-30.0,#00BEE0,0
19120,70.0,-34.0,-24.0,#00BED5,0
19121,70.0,-34.0,-2.0,#52BCAE,1
19122,70.0,-32.0,26.0,#7EBA7B,1
19123,70.0,-30.0,110.0,#9EB700,0
19124,70.0,-30.0,118.0,#9FB700,0
19125,70.0,-28.0,-36.0,#00BCEB,0
19126,70.0,-28.0,-30.0,#00BCE1,0
19127,70.0,-28.0,0.0,#6AB9AA,1
19128,70.0,-28.0,22.0,#83B882,1
19129,70.0,-28.0,58.0,#98B738,1
19130,70.0,-28.0,88.0,#A0B600,0
19131,70.0,-26.0,50.0,#99B64B,1
19132,70.0,-24.0,-52.0,#00BCFF,0
19133,70.0,-24.0,-12.0,#62B8C0,1
19134,70.0,-22.0,-32.0,#27B9E4,1
19135,70.0,-22.0,-20.0,#57B8CE,1
19136,70.0,-22.0,-16.0,#60B8C7,1
19137,70.0,-22.0,-8.0,#6FB7B9,1
19138,70.0,-22.0,14.0,#8AB691,1
19139,70.0,-22.0,18.0,#8DB58A,1
19140,70.0,-22.0,22.0,#91B582,1
19141,70.0,-22.0,56.0,#A3B43E,1
19142,70.0,-20.0,-4.0,#7BB6B2,1
19143,70.0,-20.0,4.0,#84B5A3,1
19144,70.0,-20.0,8.0,#89B59C,1
19145,70.0,-20.0,38.0,#9FB464,1
19146,70.0,-20.0,80.0,#ACB300,0
19147,70.0,-18.0,-52.0,#00B9FF,0
19148,70.0,-18.0,-16.0,#6DB6C7,1
19149,70.0,-18.0,-8.0,#7AB5B9,1
19150,70.0,-18.0,58.0,#ABB239,1
19151,70.0,-16.0,-46.0,#00B8FE,0
19152,70.0,-16.0,-12.0,#7AB4C0,1
19153,70.0,-16.0,-4.0,#85B4B2,1
19154,70.0,-16.0,0.0,#89B4AB,1
19155,70.0,-16.0,4.0,#8EB3A3,1
19156,70.0,-16.0,22.0,#9DB283,1
19157,70.0,-16.0,38.0,#A6B264,1
19158,70.0,-14.0,-52.0,#00B7FF,0
19159,70.0,-14.0,-22.0,#6EB4D2,1
19160,70.0,-14.0,10.0,#98B299,1
19161,70.0,-14.0,14.0,#9BB291,1
19162,70.0,-14.0,18.0,#9EB28A,1
19163,70.0,-12.0,-46.0,#1EB6FE,1
19164,70.0,-12.0,-4.0,#8EB2B2,1
19165,70.0,-12.0,20.0,#A3B086,1
19166,70.0,-12.0,42.0,#AFAF5D,1
19167,70.0,-10.0,-52.0,#00B5FF,0
19168,70.0,-10.0,-14.0,#86B2C4,1
19169,70.0,-10.0,90.0,#BEAD00,0
19170,70.0,-10.0,118.0,#C0AD00,0
19171,70.0,-8.0,-10.0,#90B0BD,1
19172,70.0,-8.0,-4.0,#97B0B2,1
19173,70.0,-8.0,0.0,#9BAFAB,1
19174,70.0,-8.0,16.0,#A8AE8E,1
19175,70.0,-8.0,20.0,#ABAE87,1
19176,70.0,-6.0,-52.0,#2BB3FF,0
19177,70.0,-6.0,-34.0,#6FB1E8,1
19178,70.0,-6.0,-24.0,#82B0D6,1
19179,70.0,-6.0,-14.0,#90AFC4,1
19180,70.0,-6.0,108.0,#C6AB00,0
19181,70.0,-4.0,-22.0,#8AAFD3,1
19182,70.0,-4.0,-16.0,#92AFC8,1
19183,70.0,-4.0,68.0,#C4AA1D,1
19184,70.0,-2.0,-44.0,#64B0FB,1
19185,70.0,-2.0,-36.0,#77AFEC,1
19186,70.0,-2.0,-28.0,#86AFDD,1
19187,70.0,-2.0,-20.0,#91AECF,1
19188,70.0,-2.0,-16.0,#97ADC8,1
19189,70.0,-2.0,-12.0,#9BADC1,1
19190,70.0,-2.0,-8.0,#A0ADB9,1
19191,70.0,-2.0,-4.0,#A4ACB2,1
19192,70.0,-2.0,0.0,#A7ACAB,1
19193,70.0,-2.0,4.0,#ABACA4,1
19194,70.0,-2.0,8.0,#AEAC9D,1
19195,70.0,-2.0,12.0,#B0AB95,1
19196,70.0,-2.0,24.0,#B8AB80,1
19197,70.0,-2.0,38.0,#BEAA65,1
19198,70.0,-2.0,52.0,#C3AA49,1
19199,70.0,-2.0,60.0,#C6A936,1
19200,70.0,-2.0,74.0,#C8A900,0
19201,70.0,-2.0,90.0,#CBA900,0
19202,70.0,0.0,-50.0,#59B0FF,0
19203,70.0,0.0,-26.0,#8EADDA,1
19204,70.0,0.0,-12.0,#A0ACC1,1
19205,70.0,0.0,-8.0,#A4ACB9,1
19206,70.0,0.0,-4.0,#A8ABB2,1
19207,70.0,0.0,4.0,#AEABA4,1
19208,70.0,0.0,8.0,#B1AB9D,1
19209,70.0,0.0,12.0,#B4AA95,1
19210,70.0,0.0,66.0,#CAA825,1
19211,70.0,2.0,-46.0,#6DAEFE,1
19212,70.0,2.0,-24.0,#95ACD6,1
19213,70.0,2.0,-16.0,#9FABC8,1
19214,70.0,2.0,-12.0,#A4ABC1,1
19215,70.0,2.0,-8.0,#A8AAB9,1
19216,70.0,2.0,-4.0,#ABAAB2,1
19217,70.0,2.0,4.0,#B2AAA4,1
19218,70.0,2.0,8.0,#B5A99D,1
19219,70.0,2.0,12.0,#B8A996,1
19220,70.0,2.0,42.0,#C6A85E,1
19221,70.0,2.0,58.0,#CBA73C,1
19222,70.0,2.0,74.0,#CFA700,0
19223,70.0,2.0,82.0,#D0A700,0
19224,70.0,4.0,-44.0,#78ADFB,1
19225,70.0,4.0,-20.0,#9FAACF,1
19226,70.0,4.0,-16.0,#A4AAC8,1
19227,70.0,4.0,-12.0,#A8AAC1,1
19228,70.0,4.0,-8.0,#ACA9BA,1
19229,70.0,4.0,-4.0,#AFA9B2,1
19230,70.0,4.0,0.0,#B3A9AB,1
19231,70.0,4.0,4.0,#B6A8A4,1
19232,70.0,4.0,8.0,#B9A89D,1
19233,70.0,4.0,12.0,#BBA896,1
19234,70.0,4.0,16.0,#BEA88E,1
19235,70.0,4.0,28.0,#C4A778,1
19236,70.0,6.0,-28.0,#99AADE,1
19237,70.0,6.0,-20.0,#A3A9CF,1
19238,70.0,6.0,-16.0,#A8A9C8,1
19239,70.0,6.0,-12.0,#ACA8C1,1
19240,70.0,6.0,-8.0,#B0A8BA,1
19241,70.0,6.0,-4.0,#B3A8B2,1
19242,70.0,6.0,0.0,#B6A7AB,1
19243,70.0,6.0,4.0,#B9A7A4,1
19244,70.0,6.0,8.0,#BCA79D,1
19245,70.0,6.0,12.0,#BFA796,1
19246,70.0,6.0,16.0,#C1A68E,1
19247,70.0,6.0,32.0,#C9A671,1
19248,70.0,6.0,38.0,#CBA566,1
19249,70.0,6.0,52.0,#D0A54A,1
19250,70.0,6.0,72.0,#D4A40B,1
19251,70.0,6.0,112.0,#D8A400,0
19252,70.0,8.0,-52.0,#71ABFF,0
19253,70.0,8.0,-16.0,#ACA8C8,1
19254,70.0,8.0,-12.0,#B0A7C1,1
19255,70.0,8.0,-8.0,#B3A7BA,1
19256,70.0,8.0,-4.0,#B7A7B2,1
19257,70.0,8.0,0.0,#BAA6AB,1
19258,70.0,8.0,4.0,#BDA6A4,1
19259,70.0,8.0,8.0,#C0A69D,1
19260,70.0,8.0,12.0,#C2A596,1
19261,70.0,8.0,16.0,#C4A58F,1
19262,70.0,8.0,118.0,#DBA300,0
19263,70.0,10.0,-34.0,#9AA8E9,1
19264,70.0,10.0,-24.0,#A7A7D6,1
19265,70.0,10.0,-10.0,#B5A6BD,1
19266,70.0,10.0,-6.0,#B9A5B6,1
19267,70.0,10.0,-2.0,#BCA5AF,1
19268,70.0,10.0,2.0,#BFA5A8,1
19269,70.0,10.0,6.0,#C2A5A1,1
19270,70.0,10.0,10.0,#C4A499,1
19271,70.0,10.0,20.0,#CAA487,1
19272,70.0,10.0,34.0,#D0A36E,1
19273,70.0,10.0,46.0,#D4A356,1
19274,70.0,10.0,54.0,#D7A246,1
19275,70.0,10.0,74.0,#DBA200,0
19276,70.0,10.0,82.0,#DCA200,0
19277,70.0,12.0,-32.0,#A1A7E5,1
19278,70.0,12.0,-4.0,#BEA4B3,1
19279,70.0,12.0,0.0,#C1A4AB,1
19280,70.0,12.0,4.0,#C4A3A4,1
19281,70.0,12.0,8.0,#C6A39D,1
19282,70.0,12.0,14.0,#CAA392,1
19283,70.0,12.0,88.0,#DFA000,0
19284,70.0,14.0,-40.0,#9AA6F4,1
19285,70.0,14.0,-2.0,#C3A3AF,1
19286,70.0,14.0,2.0,#C6A2A8,1
19287,70.0,14.0,12.0,#CCA296,1
19288,70.0,14.0,22.0,#D1A184,1
19289,70.0,14.0,48.0,#DBA053,1
19290,70.0,16.0,-48.0,#91A6FF,0
19291,70.0,16.0,-38.0,#A2A5F0,1
19292,70.0,16.0,0.0,#C8A1AC,1
19293,70.0,16.0,6.0,#CCA1A1,1
19294,70.0,16.0,10.0,#CEA09A,1
19295,70.0,16.0,16.0,#D2A08F,1
19296,70.0,16.0,20.0,#D4A088,1
19297,70.0,16.0,32.0,#D99F72,1
19298,70.0,16.0,60.0,#E19E39,1
19299,70.0,16.0,68.0,#E29E22,1
19300,70.0,16.0,88.0,#E59E00,0
19301,70.0,16.0,96.0,#E69D00,0
19302,70.0,18.0,4.0,#CE9FA5,1
19303,70.0,18.0,14.0,#D49F93,1
19304,70.0,18.0,24.0,#D99E81,1
19305,70.0,18.0,50.0,#E19D4F,1
19306,70.0,18.0,56.0,#E39D42,1
19307,70.0,18.0,82.0,#E79C00,0
19308,70.0,18.0,118.0,#EA9C00,0
19309,70.0,20.0,-44.0,#A2A3FB,1
19310,70.0,20.0,-6.0,#CA9FB6,1
19311,70.0,20.0,-2.0,#CD9EAF,1
19312,70.0,20.0,8.0,#D49E9D,1
19313,70.0,20.0,12.0,#D69D96,1
19314,70.0,20.0,18.0,#D99D8C,1
19315,70.0,20.0,22.0,#DB9D84,1
19316,70.0,20.0,34.0,#E09C6E,1
19317,70.0,20.0,62.0,#E79B34,1
19318,70.0,22.0,-42.0,#A9A1F7,1
19319,70.0,22.0,-14.0,#C89EC5,1
19320,70.0,22.0,2.0,#D39DA8,1
19321,70.0,22.0,6.0,#D69CA1,1
19322,70.0,22.0,16.0,#DB9C8F,1
19323,70.0,22.0,32.0,#E29B72,1
19324,70.0,22.0,40.0,#E49A63,1
19325,70.0,22.0,58.0,#E99A3E,1
19326,70.0,24.0,-6.0,#D19CB7,1
19327,70.0,24.0,-2.0,#D49CAF,1
19328,70.0,24.0,10.0,#DB9B9A,1
19329,70.0,24.0,24.0,#E29A81,1
19330,70.0,26.0,-38.0,#B79EF0,1
19331,70.0,26.0,-14.0,#CF9BC5,1
19332,70.0,26.0,-10.0,#D29BBE,1
19333,70.0,26.0,2.0,#DA9AA8,1
19334,70.0,26.0,6.0,#DC99A1,1
19335,70.0,26.0,46.0,#EC9758,1
19336,70.0,26.0,52.0,#EE974C,1
19337,70.0,26.0,58.0,#EF973F,1
19338,70.0,28.0,-4.0,#D999B3,1
19339,70.0,28.0,10.0,#E1989A,1
19340,70.0,28.0,14.0,#E39793,1
19341,70.0,28.0,96.0,#F69400,0
19342,70.0,30.0,-8.0,#DA98BA,1
19343,70.0,30.0,0.0,#DF97AC,1
19344,70.0,30.0,4.0,#E197A5,1
19345,70.0,30.0,18.0,#E8968C,1
19346,70.0,30.0,22.0,#EA9585,1
19347,70.0,30.0,46.0,#F29458,1
19348,70.0,30.0,52.0,#F3944C,1
19349,70.0,30.0,58.0,#F4943F,1
19350,70.0,30.0,70.0,#F7931E,1
19351,70.0,30.0,102.0,#FA9300,0
19352,70.0,32.0,-16.0,#D797C9,1
19353,70.0,32.0,-12.0,#DA96C2,1
19354,70.0,32.0,8.0,#E7959E,1
19355,70.0,32.0,28.0,#EF937A,1
19356,70.0,32.0,34.0,#F1936F,1
19357,70.0,34.0,-30.0,#CF97E2,1
19358,70.0,34.0,-22.0,#D696D4,1
19359,70.0,34.0,-2.0,#E494B0,1
19360,70.0,34.0,2.0,#E693A9,1
19361,70.0,34.0,12.0,#EC9397,1
19362,70.0,34.0,16.0,#ED9290,1
19363,70.0,34.0,52.0,#F9914D,1
19364,70.0,34.0,70.0,#FC901F,1
19365,70.0,36.0,-10.0,#E293BE,1
19366,70.0,36.0,6.0,#EC91A2,1
19367,70.0,36.0,64.0,#FE8E32,1
19368,70.0,36.0,76.0,#FF8E00,0
19369,70.0,36.0,104.0,#FF8E00,0
19370,70.0,38.0,-36.0,#D094ED,1
19371,70.0,38.0,-20.0,#DE92D0,1
19372,70.0,38.0,-16.0,#E192C9,1
19373,70.0,38.0,10.0,#F18F9B,1
19374,70.0,38.0,40.0,#FC8E64,1
19375,70.0,38.0,70.0,#FF8C20,0
19376,70.0,40.0,-46.0,#C994FF,0
19377,70.0,40.0,-32.0,#D792E6,1
19378,70.0,40.0,-26.0,#DD91DB,1
19379,70.0,40.0,-6.0,#EB8FB7,1
19380,70.0,40.0,-2.0,#ED8FB0,1
19381,70.0,40.0,2.0,#F08EA9,1
19382,70.0,40.0,14.0,#F58D94,1
19383,70.0,40.0,64.0,#FF8B32,0
19384,70.0,42.0,-14.0,#E98EC5,1
19385,70.0,42.0,-10.0,#EC8EBE,1
19386,70.0,42.0,34.0,#FF8A70,0
19387,70.0,42.0,38.0,#FF8A68,0
19388,70.0,42.0,70.0,#FF8922,0
19389,70.0,42.0,96.0,#FF8800,0
19390,70.0,44.0,-38.0,#D98FF1,1
19391,70.0,44.0,10.0,#F98A9B,1
19392,70.0,44.0,64.0,#FF8733,0
19393,70.0,44.0,88.0,#FF8600,0
19394,70.0,46.0,-34.0,#E08DEA,1
19395,70.0,46.0,-20.0,#EB8BD0,1
19396,70.0,46.0,-2.0,#F789B0,1
19397,70.0,46.0,14.0,#FE8894,1
19398,70.0,46.0,18.0,#FF878D,0
19399,70.0,46.0,44.0,#FF865D,0
19400,70.0,46.0,76.0,#FF8506,0
19401,70.0,46.0,94.0,#FF8400,0
19402,70.0,48.0,-46.0,#D88DFF,0
19403,70.0,48.0,-30.0,#E78AE2,1
19404,70.0,48.0,28.0,#FF857B,0
19405,70.0,48.0,32.0,#FF8474,0
19406,70.0,48.0,50.0,#FF8452,0
19407,70.0,48.0,82.0,#FF8300,0
19408,70.0,50.0,-26.0,#ED88DB,1
19409,70.0,50.0,-12.0,#F786C2,1
19410,70.0,50.0,88.0,#FF8000,0
19411,70.0,50.0,100.0,#FF8000,0
19412,70.0,52.0,-8.0,#FC84BB,1
19413,70.0,52.0,0.0,#FF83AD,0
19414,70.0,52.0,10.0,#FF829B,0
19415,70.0,52.0,48.0,#FF7F56,0
19416,70.0,52.0,76.0,#FF7E0A,0
19417,70.0,54.0,30.0,#FF7E78,0
19418,70.0,54.0,34.0,#FF7E71,0
19419,70.0,54.0,40.0,#FF7E66,0
19420,70.0,54.0,54.0,#FF7D4B,0
19421,70.0,56.0,-46.0,#E685FF,0
19422,70.0,56.0,-30.0,#F482E3,1
19423,70.0,56.0,-4.0,#FF7FB4,0
19424,70.0,56.0,66.0,#FF7A30,0
19425,70.0,56.0,74.0,#FF7A17,0
19426,70.0,56.0,100.0,#FF7900,0
19427,70.0,58.0,-14.0,#FF7EC6,0
19428,70.0,58.0,80.0,#FF7700,0
19429,70.0,58.0,94.0,#FF7700,0
19430,70.0,60.0,-36.0,#F67FEE,1
19431,70.0,60.0,0.0,#FF7AAD,0
19432,70.0,60.0,64.0,#FF7536,0
19433,70.0,60.0,72.0,#FF7520,0
19434,70.0,62.0,-50.0,#EC7FFF,0
19435,70.0,62.0,78.0,#FF7204,0
19436,70.0,64.0,-4.0,#FF75B5,0
19437,70.0,64.0,4.0,#FF74A6,0
19438,70.0,64.0,10.0,#FF749C,0
19439,70.0,64.0,52.0,#FF7150,0
19440,70.0,64.0,70.0,#FF7027,0
19441,70.0,66.0,-38.0,#FE78F1,1
19442,70.0,66.0,64.0,#FF6D37,0
19443,70.0,70.0,-34.0,#FF72EA,0
19444,70.0,72.0,6.0,#FF69A3,0
19445,70.0,76.0,-40.0,#FF6AF5,0
19446,70.0,80.0,-12.0,#FF5EC3,0
19447,70.0,86.0,-18.0,#FF54CE,0
19448,70.0,90.0,-34.0,#FF4FEB,0
19449,70.0,90.0,-24.0,#FF4CD9,0
19450,71.0,-128.0,80.0,#00D700,0
19451,71.0,-126.0,86.0,#00D700,0
19452,71.0,-122.0,20.0,#00D886,0
19453,71.0,-120.0,42.0,#00D75A,0
19454,71.0,-120.0,50.0,#00D648,0
19455,71.0,-120.0,58.0,#00D633,0
19456,71.0,-120.0,68.0,#00D601,0
19457,71.0,-120.0,76.0,#00D600,0
19458,71.0,-112.0,42.0,#00D55A,0
19459,71.0,-112.0,50.0,#00D548,0
19460,71.0,-104.0,-6.0,#00D5B6,0
19461,71.0,-104.0,46.0,#00D352,0
19462,71.0,-104.0,54.0,#00D33F,0
19463,71.0,-98.0,-20.0,#00D5D0,0
19464,71.0,-98.0,74.0,#00D100,0
19465,71.0,-96.0,30.0,#00D273,0
19466,71.0,-96.0,38.0,#00D163,0
19467,71.0,-96.0,46.0,#00D152,0
19468,71.0,-96.0,54.0,#00D13F,0
19469,71.0,-94.0,-24.0,#00D4D7,0
19470,71.0,-94.0,-14.0,#00D3C5,0
19471,71.0,-94.0,-2.0,#00D2AF,0
19472,71.0,-94.0,82.0,#00D000,0
19473,71.0,-92.0,98.0,#00CF00,0
19474,71.0,-90.0,4.0,#00D1A4,0
19475,71.0,-88.0,-28.0,#00D3DF,0
19476,71.0,-88.0,-22.0,#00D2D4,0
19477,71.0,-88.0,-16.0,#00D2C9,0
19478,71.0,-88.0,44.0,#00CF57,0
19479,71.0,-88.0,52.0,#00CF45,0
19480,71.0,-84.0,14.0,#00CF92,0
19481,71.0,-82.0,-32.0,#00D1E6,0
19482,71.0,-82.0,-26.0,#00D1DB,0
19483,71.0,-82.0,-14.0,#00D0C5,0
19484,71.0,-82.0,-8.0,#00D0BA,0
19485,71.0,-82.0,96.0,#00CC00,0
19486,71.0,-80.0,32.0,#00CD70,0
19487,71.0,-80.0,38.0,#00CD64,0
19488,71.0,-78.0,-2.0,#00CEAF,0
19489,71.0,-78.0,12.0,#00CD96,0
19490,71.0,-76.0,-36.0,#00D0EE,0
19491,71.0,-76.0,-22.0,#00CFD4,0
19492,71.0,-72.0,-40.0,#00CFF5,0
19493,71.0,-72.0,24.0,#00CB7F,0
19494,71.0,-70.0,-20.0,#00CDD0,0
19495,71.0,-70.0,72.0,#25C900,0
19496,71.0,-68.0,0.0,#00CBAC,0
19497,71.0,-68.0,34.0,#00C96C,0
19498,71.0,-66.0,-44.0,#00CEFC,0
19499,71.0,-66.0,-38.0,#00CDF1,0
19500,71.0,-66.0,66.0,#37C81C,1
19501,71.0,-64.0,-26.0,#00CCDB,0
19502,71.0,-64.0,-18.0,#00CBCD,0
19503,71.0,-64.0,54.0,#33C842,1
19504,71.0,-62.0,36.0,#13C769,1
19505,71.0,-62.0,88.0,#55C600,0
19506,71.0,-62.0,98.0,#58C600,0
19507,71.0,-60.0,-48.0,#00CCFF,0
19508,71.0,-60.0,-42.0,#00CCF9,0
19509,71.0,-58.0,-16.0,#00C9C9,0
19510,71.0,-58.0,-10.0,#00C8BE,0
19511,71.0,-58.0,-6.0,#00C8B7,0
19512,71.0,-58.0,4.0,#00C7A5,0
19513,71.0,-56.0,62.0,#5BC52D,1
19514,71.0,-56.0,82.0,#65C400,0
19515,71.0,-54.0,-46.0,#00CAFF,0
19516,71.0,-54.0,-40.0,#00C9F5,0
19517,71.0,-54.0,-2.0,#00C6B0,0
19518,71.0,-54.0,18.0,#1AC58B,1
19519,71.0,-54.0,70.0,#66C405,1
19520,71.0,-54.0,116.0,#71C300,0
19521,71.0,-52.0,-28.0,#00C8DF,0
19522,71.0,-52.0,-14.0,#00C7C6,0
19523,71.0,-52.0,-8.0,#00C6BB,0
19524,71.0,-50.0,6.0,#00C5A1,0
19525,71.0,-50.0,28.0,#4DC379,1
19526,71.0,-50.0,64.0,#6DC227,1
19527,71.0,-50.0,96.0,#78C200,0
19528,71.0,-48.0,-48.0,#00C8FF,0
19529,71.0,-48.0,-42.0,#00C7F9,0
19530,71.0,-48.0,14.0,#3AC393,1
19531,71.0,-46.0,-30.0,#00C6E3,0
19532,71.0,-46.0,36.0,#64C269,1
19533,71.0,-46.0,88.0,#7FC100,0
19534,71.0,-46.0,116.0,#83C000,0
19535,71.0,-44.0,4.0,#34C2A5,1
19536,71.0,-44.0,18.0,#54C28C,1
19537,71.0,-44.0,60.0,#7AC034,1
19538,71.0,-42.0,-48.0,#00C6FF,0
19539,71.0,-42.0,46.0,#77C055,1
19540,71.0,-42.0,82.0,#86BF00,0
19541,71.0,-42.0,92.0,#88BF00,0
19542,71.0,-40.0,-24.0,#00C3D8,0
19543,71.0,-40.0,32.0,#71BF71,1
19544,71.0,-40.0,64.0,#85BF28,1
19545,71.0,-38.0,48.0,#82BE51,1
19546,71.0,-36.0,-36.0,#00C2EE,0
19547,71.0,-36.0,40.0,#81BD62,1
19548,71.0,-36.0,68.0,#8FBD19,1
19549,71.0,-36.0,92.0,#94BC00,0
19550,71.0,-34.0,-12.0,#38BFC2,1
19551,71.0,-34.0,98.0,#99BC00,0
19552,71.0,-34.0,106.0,#9ABB00,0
19553,71.0,-32.0,-8.0,#4FBEBB,1
19554,71.0,-32.0,10.0,#6FBD9B,1
19555,71.0,-32.0,42.0,#8CBC5E,1
19556,71.0,-30.0,34.0,#8BBB6E,1
19557,71.0,-28.0,-22.0,#35BED5,1
19558,71.0,-28.0,6.0,#75BCA2,1
19559,71.0,-28.0,96.0,#A4B900,0
19560,71.0,-28.0,104.0,#A5B900,0
19561,71.0,-26.0,-42.0,#00BFF9,0
19562,71.0,-26.0,14.0,#83BA93,1
19563,71.0,-26.0,36.0,#95B96A,1
19564,71.0,-26.0,78.0,#A4B800,0
19565,71.0,-24.0,4.0,#7DBAA6,1
19566,71.0,-24.0,90.0,#AAB700,0
19567,71.0,-22.0,64.0,#A8B72B,1
19568,71.0,-22.0,72.0,#AAB603,1
19569,71.0,-22.0,98.0,#AEB600,0
19570,71.0,-22.0,114.0,#B0B600,0
19571,71.0,-20.0,-26.0,#52BADC,1
19572,71.0,-20.0,92.0,#B1B500,0
19573,71.0,-18.0,-20.0,#68B9D1,1
19574,71.0,-18.0,10.0,#92B79B,1
19575,71.0,-18.0,64.0,#AFB52C,1
19576,71.0,-18.0,72.0,#B1B405,1
19577,71.0,-18.0,118.0,#B7B400,0
19578,71.0,-16.0,-26.0,#62B8DC,1
19579,71.0,-16.0,30.0,#A5B576,1
19580,71.0,-16.0,46.0,#ADB457,1
19581,71.0,-16.0,78.0,#B6B300,0
19582,71.0,-16.0,94.0,#B8B300,0
19583,71.0,-16.0,102.0,#B9B300,0
19584,71.0,-14.0,50.0,#B2B34F,1
19585,71.0,-14.0,66.0,#B6B326,1
19586,71.0,-12.0,2.0,#97B4AA,1
19587,71.0,-12.0,28.0,#ABB37A,1
19588,71.0,-12.0,34.0,#AEB26F,1
19589,71.0,-12.0,72.0,#BBB108,1
19590,71.0,-12.0,96.0,#BFB100,0
19591,71.0,-10.0,-20.0,#80B5D2,1
19592,71.0,-10.0,-6.0,#93B4B8,1
19593,71.0,-10.0,0.0,#99B3AD,1
19594,71.0,-10.0,4.0,#9DB3A6,1
19595,71.0,-10.0,8.0,#A1B39F,1
19596,71.0,-10.0,12.0,#A4B298,1
19597,71.0,-10.0,48.0,#B8B153,1
19598,71.0,-10.0,64.0,#BDB02D,1
19599,71.0,-8.0,-28.0,#78B4E0,1
19600,71.0,-8.0,6.0,#A3B2A3,1
19601,71.0,-8.0,26.0,#B1B17E,1
19602,71.0,-8.0,32.0,#B4B073,1
19603,71.0,-8.0,42.0,#B9B060,1
19604,71.0,-8.0,70.0,#C1AF17,1
19605,71.0,-8.0,98.0,#C5AF00,0
19606,71.0,-6.0,-44.0,#56B5FD,1
19607,71.0,-6.0,-18.0,#8DB2CE,1
19608,71.0,-6.0,-10.0,#97B2C0,1
19609,71.0,-6.0,-6.0,#9CB2B8,1
19610,71.0,-6.0,-2.0,#A0B1B1,1
19611,71.0,-6.0,2.0,#A4B1AA,1
19612,71.0,-6.0,6.0,#A7B1A3,1
19613,71.0,-6.0,10.0,#AAB09B,1
19614,71.0,-6.0,14.0,#ADB094,1
19615,71.0,-6.0,28.0,#B6AF7B,1
19616,71.0,-6.0,46.0,#BEAF58,1
19617,71.0,-6.0,54.0,#C0AF47,1
19618,71.0,-6.0,62.0,#C3AE33,1
19619,71.0,-6.0,84.0,#C7AE00,0
19620,71.0,-6.0,92.0,#C8AE00,0
19621,71.0,-4.0,-12.0,#9AB1C3,1
19622,71.0,-4.0,-8.0,#9EB1BC,1
19623,71.0,-4.0,-4.0,#A2B0B5,1
19624,71.0,-4.0,0.0,#A6B0AE,1
19625,71.0,-4.0,4.0,#A9B0A6,1
19626,71.0,-4.0,8.0,#ADAF9F,1
19627,71.0,-4.0,12.0,#B0AF98,1
19628,71.0,-4.0,24.0,#B7AF82,1
19629,71.0,-2.0,16.0,#B6AE91,1
19630,71.0,-2.0,20.0,#B8AE89,1
19631,71.0,-2.0,44.0,#C4AD5C,1
19632,71.0,-2.0,82.0,#CDAC00,0
19633,71.0,-2.0,98.0,#CFAB00,0
19634,71.0,0.0,-20.0,#99AFD2,1
19635,71.0,0.0,-16.0,#9EAFCB,1
19636,71.0,0.0,16.0,#B9AD91,1
19637,71.0,0.0,20.0,#BCAD8A,1
19638,71.0,2.0,-34.0,#89B0EB,1
19639,71.0,2.0,-20.0,#9DAED2,1
19640,71.0,2.0,16.0,#BDAC91,1
19641,71.0,2.0,20.0,#BFAB8A,1
19642,71.0,2.0,26.0,#C2AB7F,1
19643,71.0,2.0,32.0,#C5AB73,1
19644,71.0,2.0,90.0,#D4A900,0
19645,71.0,2.0,98.0,#D5A900,0
19646,71.0,2.0,106.0,#D5A900,0
19647,71.0,4.0,-32.0,#91AEE8,1
19648,71.0,4.0,20.0,#C3AA8A,1
19649,71.0,6.0,20.0,#C6A98A,1
19650,71.0,6.0,92.0,#DAA700,0
19651,71.0,6.0,100.0,#DBA700,0
19652,71.0,8.0,-40.0,#8EADF6,1
19653,71.0,8.0,24.0,#CBA783,1
19654,71.0,8.0,62.0,#D8A635,1
19655,71.0,10.0,28.0,#D1A67B,1
19656,71.0,10.0,102.0,#E1A400,0
19657,71.0,12.0,-20.0,#B2A8D2,1
19658,71.0,12.0,-16.0,#B6A8CB,1
19659,71.0,12.0,24.0,#D2A583,1
19660,71.0,12.0,40.0,#D8A465,1
19661,71.0,12.0,64.0,#DFA330,1
19662,71.0,14.0,-24.0,#B2A7D9,1
19663,71.0,14.0,-14.0,#BCA6C7,1
19664,71.0,14.0,-10.0,#BFA6C0,1
19665,71.0,16.0,-18.0,#BCA5CF,1
19666,71.0,16.0,-8.0,#C5A4BD,1
19667,71.0,16.0,28.0,#DAA27C,1
19668,71.0,16.0,36.0,#DDA26D,1
19669,71.0,16.0,42.0,#DFA161,1
19670,71.0,16.0,74.0,#E6A008,1
19671,71.0,18.0,-30.0,#B3A5E4,1
19672,71.0,20.0,-48.0,#9EA6FF,0
19673,71.0,20.0,-24.0,#BEA3DA,1
19674,71.0,20.0,68.0,#EB9E26,1
19675,71.0,20.0,76.0,#EC9D00,0
19676,71.0,22.0,-30.0,#BBA2E4,1
19677,71.0,22.0,28.0,#E39E7C,1
19678,71.0,22.0,46.0,#E99D5A,1
19679,71.0,24.0,-28.0,#C1A1E1,1
19680,71.0,24.0,-24.0,#C5A0DA,1
19681,71.0,24.0,14.0,#E09D95,1
19682,71.0,24.0,20.0,#E39D8B,1
19683,71.0,24.0,66.0,#F19B2D,1
19684,71.0,24.0,74.0,#F29B0D,1
19685,71.0,24.0,96.0,#F49A00,0
19686,71.0,26.0,-42.0,#B5A1FA,1
19687,71.0,26.0,18.0,#E59B8E,1
19688,71.0,26.0,30.0,#EA9B79,1
19689,71.0,26.0,102.0,#F79900,0
19690,71.0,26.0,114.0,#F89900,0
19691,71.0,28.0,24.0,#EB9984,1
19692,71.0,28.0,40.0,#F09966,1
19693,71.0,28.0,74.0,#F8970F,1
19694,71.0,28.0,120.0,#FB9700,0
19695,71.0,30.0,-48.0,#B59FFF,0
19696,71.0,30.0,80.0,#FB9600,0
19697,71.0,30.0,88.0,#FC9600,0
19698,71.0,30.0,110.0,#FD9500,0
19699,71.0,32.0,96.0,#FF9400,0
19700,71.0,34.0,-48.0,#BD9CFF,0
19701,71.0,34.0,-42.0,#C59BFB,1
19702,71.0,34.0,42.0,#FA9463,1
19703,71.0,34.0,80.0,#FF9200,0
19704,71.0,34.0,88.0,#FF9200,0
19705,71.0,36.0,20.0,#F5938B,1
19706,71.0,36.0,24.0,#F79384,1
19707,71.0,36.0,48.0,#FE9257,1
19708,71.0,36.0,58.0,#FF9143,0
19709,71.0,36.0,94.0,#FF9000,0
19710,71.0,38.0,-40.0,#CF97F7,1
19711,71.0,38.0,86.0,#FF8F00,0
19712,71.0,38.0,118.0,#FF8E00,0
19713,71.0,40.0,46.0,#FF8E5C,0
19714,71.0,40.0,54.0,#FF8E4C,0
19715,71.0,42.0,26.0,#FF8D81,0
19716,71.0,42.0,30.0,#FF8D7A,0
19717,71.0,44.0,52.0,#FF8A50,0
19718,71.0,46.0,2.0,#FC8BAC,1
19719,71.0,46.0,58.0,#FF8844,0
19720,71.0,46.0,104.0,#FF8700,0
19721,71.0,48.0,6.0,#FF89A5,0
19722,71.0,48.0,110.0,#FF8500,0
19723,71.0,50.0,64.0,#FF8437,0
19724,71.0,52.0,-40.0,#E88BF7,1
19725,71.0,54.0,-20.0,#FB86D3,1
19726,71.0,54.0,84.0,#FF7F00,0
19727,71.0,56.0,106.0,#FF7C00,0
19728,71.0,58.0,48.0,#FF7B59,0
19729,71.0,58.0,112.0,#FF7A00,0
19730,71.0,60.0,-22.0,#FF7FD7,0
19731,71.0,60.0,30.0,#FF7A7B,0
19732,71.0,60.0,88.0,#FF7700,0
19733,71.0,62.0,-30.0,#FF7EE6,0
19734,71.0,62.0,42.0,#FF7765,0
19735,71.0,66.0,-26.0,#FF79DF,0
19736,71.0,66.0,-20.0,#FF78D4,0
19737,71.0,66.0,28.0,#FF727F,0
19738,71.0,66.0,34.0,#FF7274,0
19739,71.0,70.0,60.0,#FF6B43,0
19740,71.0,72.0,-46.0,#FF74FF,0
19741,71.0,72.0,-16.0,#FF6FCD,0
19742,71.0,72.0,30.0,#FF6A7C,0
19743,71.0,72.0,36.0,#FF6971,0
19744,71.0,72.0,52.0,#FF6853,0
19745,71.0,74.0,-24.0,#FF6DDB,0
19746,71.0,76.0,-30.0,#FF6BE6,0
19747,71.0,78.0,-18.0,#FF66D1,0
19748,71.0,82.0,-24.0,#FF60DC,0
19749,71.0,84.0,-30.0,#FF5EE6,0
19750,71.0,92.0,-40.0,#FF50F9,0
19751,72.0,-128.0,26.0,#00DC7D,0
19752,72.0,-128.0,34.0,#00DB6D,0
19753,72.0,-128.0,60.0,#00DB2F,0
19754,72.0,-128.0,68.0,#00DB07,0
19755,72.0,-128.0,92.0,#00DA00,0
19756,72.0,-122.0,96.0,#00D900,0
19757,72.0,-116.0,14.0,#00DA94,0
19758,72.0,-112.0,26.0,#00D87D,0
19759,72.0,-106.0,86.0,#00D600,0
19760,72.0,-104.0,2.0,#00D8AA,0
19761,72.0,-102.0,94.0,#00D500,0
19762,72.0,-92.0,14.0,#00D494,0
19763,72.0,-90.0,20.0,#00D389,0
19764,72.0,-88.0,32.0,#00D272,0
19765,72.0,-88.0,38.0,#00D266,0
19766,72.0,-80.0,6.0,#00D1A3,0
19767,72.0,-80.0,50.0,#00D04D,0
19768,72.0,-74.0,4.0,#00D0A7,0
19769,72.0,-74.0,44.0,#00CE5A,0
19770,72.0,-74.0,60.0,#00CD34,0
19771,72.0,-72.0,-12.0,#00D0C4,0
19772,72.0,-72.0,-6.0,#00CFB9,0
19773,72.0,-70.0,104.0,#40CC00,0
19774,72.0,-68.0,40.0,#00CC63,0
19775,72.0,-66.0,-10.0,#00CEC1,0
19776,72.0,-66.0,4.0,#00CDA7,0
19777,72.0,-66.0,60.0,#34CB35,1
19778,72.0,-62.0,0.0,#00CCAF,0
19779,72.0,-62.0,44.0,#31CA5B,1
19780,72.0,-60.0,58.0,#4EC93B,1
19781,72.0,-58.0,104.0,#68C800,0
19782,72.0,-56.0,26.0,#2DC97F,1
19783,72.0,-56.0,34.0,#40C86F,1
19784,72.0,-56.0,40.0,#49C863,1
19785,72.0,-54.0,-22.0,#00CBD7,0
19786,72.0,-54.0,76.0,#6BC600,0
19787,72.0,-50.0,10.0,#22C79D,1
19788,72.0,-50.0,42.0,#61C660,1
19789,72.0,-48.0,-20.0,#00C8D4,0
19790,72.0,-48.0,54.0,#70C546,1
19791,72.0,-48.0,70.0,#78C40F,1
19792,72.0,-48.0,78.0,#7BC400,0
19793,72.0,-46.0,100.0,#84C300,0
19794,72.0,-46.0,108.0,#85C300,0
19795,72.0,-44.0,24.0,#60C483,1
19796,72.0,-44.0,30.0,#67C478,1
19797,72.0,-44.0,42.0,#72C360,1
19798,72.0,-42.0,-36.0,#00C7F1,0
19799,72.0,-42.0,10.0,#51C49D,1
19800,72.0,-42.0,54.0,#7FC246,1
19801,72.0,-42.0,70.0,#86C211,1
19802,72.0,-40.0,14.0,#5FC396,1
19803,72.0,-40.0,100.0,#91C100,0
19804,72.0,-38.0,-42.0,#00C6FC,0
19805,72.0,-38.0,-8.0,#32C4BE,1
19806,72.0,-38.0,-4.0,#41C3B7,1
19807,72.0,-38.0,36.0,#7DC16C,1
19808,72.0,-36.0,52.0,#8BC04B,1
19809,72.0,-36.0,76.0,#94BF00,0
19810,72.0,-34.0,-20.0,#00C3D4,0
19811,72.0,-34.0,-16.0,#2AC2CD,1
19812,72.0,-34.0,0.0,#5CC1AF,1
19813,72.0,-34.0,14.0,#71C196,1
19814,72.0,-34.0,20.0,#78C08B,1
19815,72.0,-34.0,82.0,#99BE00,0
19816,72.0,-34.0,114.0,#9EBE00,0
19817,72.0,-32.0,-48.0,#00C5FF,0
19818,72.0,-32.0,-40.0,#00C4F8,0
19819,72.0,-32.0,4.0,#69C0A8,1
19820,72.0,-32.0,30.0,#86BF78,1
19821,72.0,-32.0,54.0,#94BE47,1
19822,72.0,-32.0,62.0,#98BE33,1
19823,72.0,-32.0,70.0,#9ABE14,1
19824,72.0,-30.0,-34.0,#00C2ED,0
19825,72.0,-30.0,-2.0,#66C0B3,1
19826,72.0,-30.0,16.0,#7EBF92,1
19827,72.0,-30.0,46.0,#95BD59,1
19828,72.0,-30.0,76.0,#A0BD00,0
19829,72.0,-28.0,-16.0,#4EC0CD,1
19830,72.0,-28.0,2.0,#72BFAC,1
19831,72.0,-28.0,64.0,#A0BC2D,1
19832,72.0,-26.0,-48.0,#00C2FF,0
19833,72.0,-26.0,-4.0,#6FBEB7,1
19834,72.0,-26.0,24.0,#8FBC84,1
19835,72.0,-26.0,30.0,#93BC78,1
19836,72.0,-26.0,70.0,#A5BB16,1
19837,72.0,-24.0,-30.0,#2EBFE6,1
19838,72.0,-24.0,-24.0,#49BFDB,1
19839,72.0,-24.0,0.0,#7BBDB0,1
19840,72.0,-24.0,10.0,#87BC9D,1
19841,72.0,-24.0,40.0,#9DBB65,1
19842,72.0,-22.0,48.0,#A5BA55,1
19843,72.0,-20.0,-48.0,#00BFFF,0
19844,72.0,-20.0,-36.0,#2ABEF1,1
19845,72.0,-20.0,-12.0,#74BCC6,1
19846,72.0,-20.0,0.0,#85BBB0,1
19847,72.0,-20.0,28.0,#9EB97C,1
19848,72.0,-20.0,34.0,#A2B971,1
19849,72.0,-20.0,108.0,#B6B800,0
19850,72.0,-18.0,16.0,#9AB993,1
19851,72.0,-18.0,20.0,#9DB98B,1
19852,72.0,-16.0,-40.0,#32BCF9,1
19853,72.0,-16.0,-34.0,#4EBCEE,1
19854,72.0,-16.0,-10.0,#82BAC2,1
19855,72.0,-16.0,6.0,#95B9A5,1
19856,72.0,-14.0,-6.0,#8CB8BB,1
19857,72.0,-14.0,-2.0,#91B8B4,1
19858,72.0,-14.0,40.0,#B0B666,1
19859,72.0,-14.0,60.0,#B8B53A,1
19860,72.0,-14.0,120.0,#C0B500,0
19861,72.0,-12.0,-40.0,#4CBAF9,1
19862,72.0,-12.0,-32.0,#65BAEA,1
19863,72.0,-12.0,-26.0,#72B9DF,1
19864,72.0,-12.0,-16.0,#84B8CD,1
19865,72.0,-12.0,-12.0,#8AB8C6,1
19866,72.0,-12.0,-8.0,#8FB8BF,1
19867,72.0,-12.0,84.0,#C0B400,0
19868,72.0,-12.0,112.0,#C3B400,0
19869,72.0,-10.0,18.0,#ABB58F,1
19870,72.0,-10.0,56.0,#BDB344,1
19871,72.0,-10.0,106.0,#C6B300,0
19872,72.0,-8.0,-16.0,#8EB6CD,1
19873,72.0,-8.0,-12.0,#93B6C6,1
19874,72.0,-8.0,-8.0,#98B5BF,1
19875,72.0,-6.0,34.0,#BCB272,1
19876,72.0,-6.0,76.0,#C9B100,0
19877,72.0,-4.0,-26.0,#89B5DF,1
19878,72.0,-4.0,16.0,#B5B293,1
19879,72.0,-4.0,20.0,#B7B18C,1
19880,72.0,-4.0,38.0,#C1B16A,1
19881,72.0,-2.0,-24.0,#91B4DC,1
19882,72.0,-2.0,-10.0,#A3B2C2,1
19883,72.0,-2.0,-6.0,#A7B2BB,1
19884,72.0,-2.0,-2.0,#ABB2B4,1
19885,72.0,-2.0,2.0,#AEB1AD,1
19886,72.0,-2.0,6.0,#B2B1A6,1
19887,72.0,-2.0,10.0,#B5B19E,1
19888,72.0,-2.0,32.0,#C1B076,1
19889,72.0,-2.0,110.0,#D2AE00,0
19890,72.0,-2.0,118.0,#D3AE00,0
19891,72.0,0.0,-10.0,#A7B1C3,1
19892,72.0,0.0,-6.0,#ABB1BB,1
19893,72.0,0.0,-2.0,#AFB1B4,1
19894,72.0,0.0,2.0,#B2B0AD,1
19895,72.0,0.0,6.0,#B5B0A6,1
19896,72.0,0.0,10.0,#B8B09E,1
19897,72.0,0.0,28.0,#C3AF7D,1
19898,72.0,0.0,36.0,#C7AE6E,1
19899,72.0,2.0,-10.0,#ABB0C3,1
19900,72.0,2.0,-6.0,#AFB0BB,1
19901,72.0,2.0,-2.0,#B3AFB4,1
19902,72.0,2.0,2.0,#B6AFAD,1
19903,72.0,2.0,6.0,#B9AFA6,1
19904,72.0,2.0,10.0,#BCAF9E,1
19905,72.0,2.0,46.0,#CEAD5B,1
19906,72.0,2.0,114.0,#D9AC00,0
19907,72.0,4.0,-14.0,#ABAFCA,1
19908,72.0,4.0,-10.0,#AFAFC3,1
19909,72.0,4.0,-6.0,#B3AFBB,1
19910,72.0,4.0,-2.0,#B6AEB4,1
19911,72.0,4.0,2.0,#BAAEAD,1
19912,72.0,4.0,6.0,#BDAEA6,1
19913,72.0,4.0,10.0,#BFAD9F,1
19914,72.0,4.0,36.0,#CDAC6F,1
19915,72.0,4.0,120.0,#DCAA00,0
19916,72.0,6.0,-24.0,#A4AFDC,1
19917,72.0,6.0,-18.0,#ABAED1,1
19918,72.0,6.0,-14.0,#AFAECA,1
19919,72.0,6.0,-10.0,#B3AEC3,1
19920,72.0,6.0,-6.0,#B7ADBB,1
19921,72.0,6.0,-2.0,#BAADB4,1
19922,72.0,6.0,2.0,#BDADAD,1
19923,72.0,6.0,6.0,#C0ACA6,1
19924,72.0,6.0,10.0,#C3AC9F,1
19925,72.0,6.0,14.0,#C5AC97,1
19926,72.0,6.0,26.0,#CCAB81,1
19927,72.0,6.0,42.0,#D3AB63,1
19928,72.0,8.0,-48.0,#81B0FF,0
19929,72.0,8.0,-22.0,#ABADD8,1
19930,72.0,8.0,-18.0,#AFADD1,1
19931,72.0,8.0,-14.0,#B3ADCA,1
19932,72.0,8.0,-10.0,#B7ACC3,1
19933,72.0,8.0,-6.0,#BBACBC,1
19934,72.0,8.0,-2.0,#BEACB4,1
19935,72.0,8.0,2.0,#C1ABAD,1
19936,72.0,8.0,6.0,#C4ABA6,1
19937,72.0,8.0,10.0,#C6AB9F,1
19938,72.0,8.0,14.0,#C9AB97,1
19939,72.0,8.0,30.0,#D1AA7A,1
19940,72.0,8.0,38.0,#D4A96B,1
19941,72.0,8.0,70.0,#DDA81F,1
19942,72.0,8.0,86.0,#DFA800,0
19943,72.0,10.0,-46.0,#8BAFFF,0
19944,72.0,10.0,-8.0,#BDABBF,1
19945,72.0,10.0,-4.0,#C0ABB8,1
19946,72.0,10.0,0.0,#C3AAB1,1
19947,72.0,10.0,4.0,#C6AAAA,1
19948,72.0,10.0,8.0,#C9AAA2,1
19949,72.0,10.0,14.0,#CCA998,1
19950,72.0,12.0,-28.0,#ACACE3,1
19951,72.0,12.0,-6.0,#C2AABC,1
19952,72.0,12.0,-2.0,#C5A9B4,1
19953,72.0,12.0,2.0,#C8A9AD,1
19954,72.0,12.0,6.0,#CBA9A6,1
19955,72.0,12.0,12.0,#CEA89B,1
19956,72.0,12.0,18.0,#D2A890,1
19957,72.0,12.0,32.0,#D8A777,1
19958,72.0,12.0,72.0,#E3A618,1
19959,72.0,12.0,80.0,#E5A600,0
19960,72.0,12.0,96.0,#E6A500,0
19961,72.0,12.0,108.0,#E7A500,0
19962,72.0,14.0,-4.0,#C7A8B8,1
19963,72.0,14.0,0.0,#CAA8B1,1
19964,72.0,14.0,4.0,#CDA7AA,1
19965,72.0,14.0,10.0,#D1A79F,1
19966,72.0,14.0,16.0,#D4A794,1
19967,72.0,14.0,102.0,#EAA400,0
19968,72.0,14.0,114.0,#EAA400,0
19969,72.0,16.0,-32.0,#AFA9EB,1
19970,72.0,16.0,8.0,#D3A6A3,1
19971,72.0,16.0,14.0,#D6A598,1
19972,72.0,16.0,24.0,#DBA586,1
19973,72.0,16.0,108.0,#EDA300,0
19974,72.0,18.0,-14.0,#C6A6CA,1
19975,72.0,18.0,2.0,#D2A5AD,1
19976,72.0,18.0,6.0,#D5A5A6,1
19977,72.0,18.0,12.0,#D8A49B,1
19978,72.0,18.0,18.0,#DBA491,1
19979,72.0,18.0,102.0,#EFA100,0
19980,72.0,20.0,-20.0,#C4A5D5,1
19981,72.0,20.0,-12.0,#CBA5C7,1
19982,72.0,20.0,10.0,#DAA39F,1
19983,72.0,20.0,96.0,#F2A000,0
19984,72.0,20.0,108.0,#F2A000,0
19985,72.0,22.0,-18.0,#CAA4D2,1
19986,72.0,22.0,-8.0,#D2A3C0,1
19987,72.0,22.0,-4.0,#D5A3B8,1
19988,72.0,22.0,0.0,#D8A2B1,1
19989,72.0,22.0,4.0,#DAA2AA,1
19990,72.0,22.0,54.0,#EE9F4C,1
19991,72.0,22.0,90.0,#F49E00,0
19992,72.0,22.0,102.0,#F59E00,0
19993,72.0,22.0,122.0,#F69E00,0
19994,72.0,24.0,38.0,#ED9E6C,1
19995,72.0,24.0,84.0,#F69D00,0
19996,72.0,24.0,108.0,#F89D00,0
19997,72.0,26.0,-48.0,#AFA4FF,0
19998,72.0,26.0,-18.0,#D1A1D2,1
19999,72.0,26.0,34.0,#EE9D74,1
20000,72.0,26.0,90.0,#FA9B00,0
20001,72.0,28.0,-32.0,#C7A1EB,1
20002,72.0,28.0,-28.0,#CBA0E4,1
20003,72.0,28.0,-24.0,#CFA0DD,1
20004,72.0,28.0,28.0,#EF9C7F,1
20005,72.0,32.0,116.0,#FF9600,0
20006,72.0,34.0,-34.0,#D09DEF,1
20007,72.0,34.0,32.0,#FA9778,1
20008,72.0,34.0,122.0,#FF9500,0
20009,72.0,36.0,-26.0,#DC9AE0,1
20010,72.0,36.0,-6.0,#EB98BC,1
20011,72.0,36.0,112.0,#FF9300,0
20012,72.0,38.0,16.0,#F99495,1
20013,72.0,40.0,82.0,#FF9000,0
20014,72.0,40.0,100.0,#FF8F00,0
20015,72.0,42.0,-20.0,#EB94D6,1
20016,72.0,42.0,6.0,#FB92A7,1
20017,72.0,42.0,20.0,#FF908E,0
20018,72.0,42.0,108.0,#FF8D00,0
20019,72.0,42.0,116.0,#FF8D00,0
20020,72.0,44.0,-46.0,#D696FF,0
20021,72.0,44.0,-30.0,#E693E8,1
20022,72.0,44.0,80.0,#FF8C00,0
20023,72.0,44.0,122.0,#FF8B00,0
20024,72.0,46.0,-42.0,#DE93FE,1
20025,72.0,46.0,-26.0,#ED91E1,1
20026,72.0,46.0,-16.0,#F490CF,1
20027,72.0,48.0,40.0,#FF896A,0
20028,72.0,50.0,-34.0,#ED8EEF,1
20029,72.0,50.0,22.0,#FF898B,0
20030,72.0,50.0,70.0,#FF862A,0
20031,72.0,50.0,120.0,#FF8500,0
20032,72.0,52.0,18.0,#FF8792,0
20033,72.0,54.0,118.0,#FF8100,0
20034,72.0,56.0,6.0,#FF83A8,0
20035,72.0,56.0,14.0,#FF839A,0
20036,72.0,56.0,24.0,#FF8288,0
20037,72.0,56.0,52.0,#FF8054,0
20038,72.0,58.0,-10.0,#FF83C4,0
20039,72.0,58.0,20.0,#FF808F,0
20040,72.0,60.0,-42.0,#F685FE,1
20041,72.0,60.0,58.0,#FF7B48,0
20042,72.0,62.0,16.0,#FF7B96,0
20043,72.0,62.0,36.0,#FF7A73,0
20044,72.0,62.0,102.0,#FF7800,0
20045,72.0,64.0,-12.0,#FF7CC8,0
20046,72.0,64.0,22.0,#FF788C,0
20047,72.0,64.0,56.0,#FF764D,0
20048,72.0,64.0,86.0,#FF7500,0
20049,72.0,64.0,94.0,#FF7500,0
20050,72.0,66.0,-46.0,#FD7FFF,0
20051,72.0,66.0,0.0,#FF78B3,0
20052,72.0,68.0,18.0,#FF7393,0
20053,72.0,70.0,24.0,#FF7089,0
20054,72.0,70.0,44.0,#FF6F65,0
20055,72.0,74.0,-4.0,#FF6DBA,0
20056,72.0,74.0,14.0,#FF6B9B,0
20057,72.0,74.0,20.0,#FF6A90,0
20058,72.0,76.0,26.0,#FF6786,0
20059,72.0,78.0,2.0,#FF66B0,0
20060,72.0,80.0,-6.0,#FF64BE,0
20061,72.0,80.0,8.0,#FF62A6,0
20062,72.0,86.0,-44.0,#FF61FF,0
20063,73.0,-128.0,12.0,#00DF9A,0
20064,73.0,-128.0,20.0,#00DF8B,0
20065,73.0,-128.0,44.0,#00DE5B,0
20066,73.0,-128.0,52.0,#00DE48,0
20067,73.0,-120.0,8.0,#00DEA1,0
20068,73.0,-120.0,28.0,#00DD7B,0
20069,73.0,-120.0,36.0,#00DD6C,0
20070,73.0,-120.0,84.0,#00DC00,0
20071,73.0,-116.0,98.0,#00DB00,0
20072,73.0,-114.0,4.0,#00DDA9,0
20073,73.0,-112.0,62.0,#00DA2D,0
20074,73.0,-112.0,72.0,#00DA00,0
20075,73.0,-112.0,80.0,#00DA00,0
20076,73.0,-110.0,102.0,#00D900,0
20077,73.0,-108.0,94.0,#00D900,0
20078,73.0,-106.0,78.0,#00D900,0
20079,73.0,-104.0,12.0,#00DA9A,0
20080,73.0,-104.0,18.0,#00DA8F,0
20081,73.0,-104.0,24.0,#00DA84,0
20082,73.0,-104.0,30.0,#00D978,0
20083,73.0,-104.0,38.0,#00D968,0
20084,73.0,-104.0,62.0,#00D92E,0
20085,73.0,-104.0,70.0,#00D802,0
20086,73.0,-104.0,106.0,#00D800,0
20087,73.0,-96.0,-8.0,#00D9BF,0
20088,73.0,-96.0,8.0,#00D8A2,0
20089,73.0,-96.0,20.0,#00D88B,0
20090,73.0,-96.0,26.0,#00D880,0
20091,73.0,-96.0,64.0,#00D628,0
20092,73.0,-96.0,108.0,#00D600,0
20093,73.0,-90.0,70.0,#00D507,0
20094,73.0,-90.0,90.0,#00D500,0
20095,73.0,-88.0,-6.0,#00D7BC,0
20096,73.0,-88.0,58.0,#00D43B,0
20097,73.0,-88.0,108.0,#00D400,0
20098,73.0,-86.0,78.0,#00D400,0
20099,73.0,-86.0,114.0,#00D300,0
20100,73.0,-84.0,0.0,#00D6B1,0
20101,73.0,-84.0,64.0,#00D329,0
20102,73.0,-82.0,72.0,#00D300,0
20103,73.0,-82.0,86.0,#00D200,0
20104,73.0,-82.0,102.0,#00D200,0
20105,73.0,-80.0,18.0,#00D490,0
20106,73.0,-80.0,24.0,#00D384,0
20107,73.0,-80.0,42.0,#00D361,0
20108,73.0,-80.0,58.0,#00D23C,0
20109,73.0,-80.0,108.0,#00D200,0
20110,73.0,-78.0,66.0,#00D122,0
20111,73.0,-78.0,80.0,#00D100,0
20112,73.0,-78.0,114.0,#10D100,0
20113,73.0,-76.0,74.0,#00D100,0
20114,73.0,-76.0,100.0,#1ED000,0
20115,73.0,-74.0,38.0,#00D169,0
20116,73.0,-74.0,52.0,#00D14B,0
20117,73.0,-74.0,88.0,#25D000,0
20118,73.0,-72.0,-24.0,#00D4DD,0
20119,73.0,-72.0,8.0,#00D2A2,0
20120,73.0,-72.0,14.0,#00D197,0
20121,73.0,-72.0,20.0,#00D18C,0
20122,73.0,-72.0,32.0,#00D175,0
20123,73.0,-72.0,68.0,#18D01A,1
20124,73.0,-72.0,94.0,#36CF00,0
20125,73.0,-70.0,114.0,#46CE00,0
20126,73.0,-68.0,50.0,#10CF50,1
20127,73.0,-68.0,84.0,#44CE00,0
20128,73.0,-66.0,10.0,#00D09F,0
20129,73.0,-66.0,16.0,#00CF94,0
20130,73.0,-66.0,22.0,#00CF89,0
20131,73.0,-66.0,28.0,#00CF7D,0
20132,73.0,-64.0,-14.0,#00D0CB,0
20133,73.0,-64.0,70.0,#4BCD10,1
20134,73.0,-64.0,78.0,#50CD00,0
20135,73.0,-64.0,94.0,#57CD00,0
20136,73.0,-64.0,108.0,#5BCD00,0
20137,73.0,-64.0,118.0,#5CCC00,0
20138,73.0,-62.0,-30.0,#00D1E8,0
20139,73.0,-62.0,-4.0,#00CFB9,0
20140,73.0,-62.0,32.0,#0DCD76,1
20141,73.0,-60.0,12.0,#00CD9B,0
20142,73.0,-60.0,18.0,#00CD90,0
20143,73.0,-58.0,114.0,#6DCA00,0
20144,73.0,-56.0,-34.0,#00CFF0,0
20145,73.0,-56.0,46.0,#54CB5A,1
20146,73.0,-56.0,92.0,#6ECA00,0
20147,73.0,-54.0,-12.0,#00CDC8,0
20148,73.0,-54.0,2.0,#00CCAE,0
20149,73.0,-54.0,14.0,#0DCB98,1
20150,73.0,-54.0,52.0,#60CA4D,1
20151,73.0,-50.0,24.0,#4DC985,1
20152,73.0,-50.0,36.0,#5EC96E,1
20153,73.0,-50.0,88.0,#7CC800,0
20154,73.0,-48.0,-4.0,#00CAB9,0
20155,73.0,-48.0,0.0,#00CAB2,0
20156,73.0,-48.0,48.0,#6FC856,1
20157,73.0,-44.0,-42.0,#00CCFF,0
20158,73.0,-44.0,-24.0,#00CADE,0
20159,73.0,-44.0,-16.0,#00C9CF,0
20160,73.0,-44.0,-10.0,#00C9C4,0
20161,73.0,-42.0,-2.0,#33C8B6,1
20162,73.0,-42.0,2.0,#41C7AE,1
20163,73.0,-42.0,6.0,#4BC7A7,1
20164,73.0,-40.0,-18.0,#00C8D3,0
20165,73.0,-40.0,-12.0,#00C7C8,0
20166,73.0,-40.0,112.0,#95C300,0
20167,73.0,-40.0,120.0,#96C300,0
20168,73.0,-38.0,-26.0,#00C8E2,0
20169,73.0,-38.0,26.0,#76C482,1
20170,73.0,-36.0,8.0,#66C4A3,1
20171,73.0,-32.0,-28.0,#00C5E5,0
20172,73.0,-32.0,-6.0,#5AC4BD,1
20173,73.0,-30.0,-12.0,#54C3C8,1
20174,73.0,-30.0,38.0,#93C06B,1
20175,73.0,-28.0,-8.0,#64C2C1,1
20176,73.0,-28.0,84.0,#A8BE00,0
20177,73.0,-28.0,116.0,#ACBE00,0
20178,73.0,-26.0,-38.0,#00C4F8,0
20179,73.0,-26.0,56.0,#A4BE45,1
20180,73.0,-24.0,-20.0,#58C1D7,1
20181,73.0,-24.0,-10.0,#6EC0C5,1
20182,73.0,-24.0,20.0,#93BF8E,1
20183,73.0,-22.0,-16.0,#69C0D0,1
20184,73.0,-22.0,-6.0,#7ABFBD,1
20185,73.0,-22.0,16.0,#94BE95,1
20186,73.0,-22.0,24.0,#9ABD86,1
20187,73.0,-22.0,56.0,#ABBC46,1
20188,73.0,-20.0,-8.0,#7DBEC1,1
20189,73.0,-20.0,6.0,#8FBDA8,1
20190,73.0,-18.0,-14.0,#79BECC,1
20191,73.0,-18.0,-4.0,#88BDBA,1
20192,73.0,-18.0,38.0,#ABBB6C,1
20193,73.0,-18.0,44.0,#AEBB60,1
20194,73.0,-18.0,56.0,#B2BA46,1
20195,73.0,-16.0,-46.0,#00C0FF,0
20196,73.0,-16.0,2.0,#94BCAF,1
20197,73.0,-16.0,24.0,#A6BA87,1
20198,73.0,-16.0,110.0,#C0B800,0
20199,73.0,-14.0,-20.0,#7ABCD7,1
20200,73.0,-14.0,4.0,#9ABBAB,1
20201,73.0,-14.0,8.0,#9EBAA4,1
20202,73.0,-14.0,12.0,#A1BA9D,1
20203,73.0,-14.0,16.0,#A5BA96,1
20204,73.0,-14.0,20.0,#A7BA8E,1
20205,73.0,-12.0,-46.0,#32BEFF,0
20206,73.0,-12.0,-4.0,#96BABA,1
20207,73.0,-12.0,0.0,#9ABAB3,1
20208,73.0,-12.0,22.0,#ADB88B,1
20209,73.0,-12.0,44.0,#B8B860,1
20210,73.0,-10.0,-10.0,#94B9C5,1
20211,73.0,-10.0,-2.0,#9DB9B6,1
20212,73.0,-10.0,2.0,#A1B9AF,1
20213,73.0,-10.0,6.0,#A4B8A8,1
20214,73.0,-10.0,10.0,#A8B8A1,1
20215,73.0,-10.0,24.0,#B2B787,1
20216,73.0,-10.0,30.0,#B5B77C,1
20217,73.0,-10.0,36.0,#B8B770,1
20218,73.0,-10.0,78.0,#C6B600,0
20219,73.0,-10.0,122.0,#CAB500,0
20220,73.0,-8.0,-46.0,#4DBCFF,0
20221,73.0,-8.0,-34.0,#71BAF1,1
20222,73.0,-8.0,-20.0,#8BB9D7,1
20223,73.0,-8.0,-4.0,#9FB8BA,1
20224,73.0,-8.0,0.0,#A3B8B3,1
20225,73.0,-8.0,4.0,#A7B7AC,1
20226,73.0,-8.0,8.0,#AAB7A4,1
20227,73.0,-8.0,20.0,#B3B68E,1
20228,73.0,-8.0,114.0,#CDB400,0
20229,73.0,-6.0,-12.0,#9AB7C9,1
20230,73.0,-6.0,-8.0,#9FB7C1,1
20231,73.0,-6.0,-4.0,#A3B7BA,1
20232,73.0,-6.0,0.0,#A7B7B3,1
20233,73.0,-6.0,4.0,#ABB6AC,1
20234,73.0,-6.0,8.0,#AEB6A4,1
20235,73.0,-6.0,22.0,#B8B58B,1
20236,73.0,-6.0,108.0,#CFB300,0
20237,73.0,-4.0,-38.0,#75B9F8,1
20238,73.0,-4.0,-10.0,#A1B6C5,1
20239,73.0,-4.0,-6.0,#A5B6BE,1
20240,73.0,-4.0,-2.0,#A9B6B7,1
20241,73.0,-4.0,2.0,#ADB5AF,1
20242,73.0,-4.0,6.0,#B0B5A8,1
20243,73.0,-4.0,10.0,#B3B5A1,1
20244,73.0,-4.0,48.0,#C7B359,1
20245,73.0,-2.0,-44.0,#6DB8FF,0
20246,73.0,-2.0,-20.0,#9AB6D7,1
20247,73.0,-2.0,-16.0,#9FB6D0,1
20248,73.0,-2.0,0.0,#AFB4B3,1
20249,73.0,-2.0,26.0,#C1B384,1
20250,73.0,-2.0,54.0,#CDB24C,1
20251,73.0,-2.0,62.0,#CFB139,1
20252,73.0,-2.0,70.0,#D1B121,1
20253,73.0,0.0,-40.0,#7DB7FC,1
20254,73.0,0.0,-34.0,#89B6F1,1
20255,73.0,0.0,0.0,#B3B3B3,1
20256,73.0,2.0,-46.0,#76B6FF,0
20257,73.0,2.0,-24.0,#9EB4DF,1
20258,73.0,2.0,-16.0,#A7B3D0,1
20259,73.0,2.0,0.0,#B7B2B3,1
20260,73.0,2.0,40.0,#CEB069,1
20261,73.0,2.0,54.0,#D3AF4D,1
20262,73.0,2.0,62.0,#D5AF3A,1
20263,73.0,2.0,70.0,#D7AF22,1
20264,73.0,2.0,78.0,#D8AF00,0
20265,73.0,4.0,-42.0,#85B5FF,0
20266,73.0,4.0,-20.0,#A7B2D8,1
20267,73.0,4.0,16.0,#C6B096,1
20268,73.0,6.0,-40.0,#8EB3FC,1
20269,73.0,6.0,-28.0,#A1B2E6,1
20270,73.0,6.0,52.0,#D9AD51,1
20271,73.0,6.0,76.0,#DEAC00,0
20272,73.0,8.0,48.0,#DBAC5A,1
20273,73.0,8.0,106.0,#E4AB00,0
20274,73.0,8.0,114.0,#E5AB00,0
20275,73.0,8.0,122.0,#E5AB00,0
20276,73.0,10.0,-36.0,#9FB0F5,1
20277,73.0,10.0,20.0,#D2AC8F,1
20278,73.0,10.0,44.0,#DDAB62,1
20279,73.0,10.0,54.0,#E0AA4D,1
20280,73.0,12.0,-44.0,#97B0FF,0
20281,73.0,12.0,-34.0,#A7AFF1,1
20282,73.0,12.0,-18.0,#BAADD4,1
20283,73.0,12.0,-14.0,#BEADCD,1
20284,73.0,12.0,50.0,#E1A956,1
20285,73.0,12.0,120.0,#EBA800,0
20286,73.0,14.0,-42.0,#9FAFFF,0
20287,73.0,14.0,-12.0,#C3ABC9,1
20288,73.0,14.0,-8.0,#C7ABC2,1
20289,73.0,14.0,30.0,#DEA97D,1
20290,73.0,14.0,46.0,#E3A85E,1
20291,73.0,14.0,56.0,#E6A84A,1
20292,73.0,14.0,90.0,#ECA700,0
20293,73.0,16.0,-40.0,#A7ADFC,1
20294,73.0,16.0,-36.0,#ADADF5,1
20295,73.0,16.0,-22.0,#BDABDB,1
20296,73.0,16.0,20.0,#DCA890,1
20297,73.0,16.0,52.0,#E8A652,1
20298,73.0,16.0,96.0,#EFA500,0
20299,73.0,18.0,-26.0,#BDAAE3,1
20300,73.0,18.0,34.0,#E5A676,1
20301,73.0,18.0,48.0,#EAA55B,1
20302,73.0,18.0,58.0,#EDA546,1
20303,73.0,18.0,82.0,#F1A400,0
20304,73.0,18.0,90.0,#F2A400,0
20305,73.0,18.0,114.0,#F3A400,0
20306,73.0,18.0,122.0,#F4A400,0
20307,73.0,20.0,22.0,#E3A58C,1
20308,73.0,20.0,30.0,#E7A47D,1
20309,73.0,20.0,40.0,#EBA46B,1
20310,73.0,22.0,-40.0,#B4A9FC,1
20311,73.0,22.0,16.0,#E4A497,1
20312,73.0,22.0,60.0,#F3A241,1
20313,73.0,24.0,-38.0,#BBA7F9,1
20314,73.0,24.0,8.0,#E3A3A6,1
20315,73.0,24.0,12.0,#E5A39E,1
20316,73.0,24.0,24.0,#EBA289,1
20317,73.0,26.0,-36.0,#C2A6F5,1
20318,73.0,26.0,-14.0,#D7A3CD,1
20319,73.0,26.0,2.0,#E2A2B0,1
20320,73.0,26.0,48.0,#F69F5B,1
20321,73.0,26.0,58.0,#F89F46,1
20322,73.0,28.0,-8.0,#DFA1C3,1
20323,73.0,28.0,-4.0,#E2A1BB,1
20324,73.0,28.0,6.0,#E8A0A9,1
20325,73.0,28.0,10.0,#EAA0A2,1
20326,73.0,28.0,54.0,#FA9D4F,1
20327,73.0,28.0,96.0,#FF9C00,0
20328,73.0,30.0,-44.0,#C0A4FF,0
20329,73.0,30.0,-12.0,#E0A0CA,1
20330,73.0,30.0,0.0,#E89FB4,1
20331,73.0,30.0,14.0,#EF9E9B,1
20332,73.0,30.0,36.0,#F89D73,1
20333,73.0,30.0,46.0,#FB9C60,1
20334,73.0,30.0,64.0,#FF9B39,0
20335,73.0,30.0,72.0,#FF9B21,0
20336,73.0,30.0,102.0,#FF9B00,0
20337,73.0,32.0,-22.0,#DB9FDC,1
20338,73.0,32.0,-18.0,#DE9FD5,1
20339,73.0,32.0,4.0,#ED9DAD,1
20340,73.0,32.0,18.0,#F49C94,1
20341,73.0,32.0,24.0,#F79C89,1
20342,73.0,32.0,52.0,#FF9A54,0
20343,73.0,32.0,60.0,#FF9A43,0
20344,73.0,34.0,-30.0,#D79FEB,1
20345,73.0,34.0,-10.0,#E89DC6,1
20346,73.0,34.0,-2.0,#ED9CB8,1
20347,73.0,34.0,8.0,#F29BA6,1
20348,73.0,34.0,12.0,#F49B9F,1
20349,73.0,34.0,70.0,#FF9829,0
20350,73.0,36.0,-46.0,#CA9FFF,0
20351,73.0,36.0,-16.0,#E79CD1,1
20352,73.0,36.0,2.0,#F29AB1,1
20353,73.0,36.0,66.0,#FF9635,0
20354,73.0,36.0,76.0,#FF9612,0
20355,73.0,36.0,104.0,#FF9600,0
20356,73.0,38.0,-22.0,#E59ADC,1
20357,73.0,38.0,28.0,#FF9682,0
20358,73.0,38.0,32.0,#FF967B,0
20359,73.0,38.0,40.0,#FF966C,0
20360,73.0,40.0,-32.0,#E09AEE,1
20361,73.0,40.0,-14.0,#EF98CE,1
20362,73.0,40.0,-10.0,#F197C7,1
20363,73.0,40.0,-2.0,#F697B8,1
20364,73.0,40.0,10.0,#FD96A3,1
20365,73.0,40.0,64.0,#FF933A,0
20366,73.0,40.0,72.0,#FF9324,0
20367,73.0,42.0,2.0,#FC95B1,1
20368,73.0,42.0,38.0,#FF9270,0
20369,73.0,42.0,60.0,#FF9144,0
20370,73.0,42.0,94.0,#FF9000,0
20371,73.0,44.0,34.0,#FF9078,0
20372,73.0,44.0,44.0,#FF9065,0
20373,73.0,44.0,70.0,#FF8F2B,0
20374,73.0,46.0,-10.0,#FB92C7,1
20375,73.0,46.0,-4.0,#FE91BC,1
20376,73.0,46.0,10.0,#FF90A3,0
20377,73.0,46.0,14.0,#FF909C,0
20378,73.0,46.0,50.0,#FF8E59,0
20379,73.0,46.0,76.0,#FF8D16,0
20380,73.0,46.0,90.0,#FF8D00,0
20381,73.0,48.0,-22.0,#F691DC,1
20382,73.0,48.0,28.0,#FF8D83,0
20383,73.0,50.0,34.0,#FF8A78,0
20384,73.0,50.0,46.0,#FF8A62,0
20385,73.0,50.0,56.0,#FF894E,0
20386,73.0,50.0,88.0,#FF8800,0
20387,73.0,50.0,96.0,#FF8800,0
20388,73.0,52.0,-30.0,#F68FEB,1
20389,73.0,52.0,-12.0,#FF8CCB,0
20390,73.0,52.0,-6.0,#FF8CC0,0
20391,73.0,52.0,78.0,#FF870F,0
20392,73.0,54.0,-26.0,#FD8CE4,1
20393,73.0,54.0,-2.0,#FF89B9,0
20394,73.0,54.0,30.0,#FF867F,0
20395,73.0,54.0,40.0,#FF866D,0
20396,73.0,54.0,62.0,#FF8541,0
20397,73.0,56.0,36.0,#FF8475,0
20398,73.0,56.0,76.0,#FF821B,0
20399,73.0,58.0,-34.0,#FD89F2,1
20400,73.0,58.0,-16.0,#FF86D2,0
20401,73.0,58.0,2.0,#FF84B2,0
20402,73.0,58.0,10.0,#FF84A4,0
20403,73.0,58.0,68.0,#FF8034,0
20404,73.0,60.0,-4.0,#FF83BD,0
20405,73.0,60.0,64.0,#FF7E3E,0
20406,73.0,62.0,6.0,#FF7FAB,0
20407,73.0,62.0,48.0,#FF7C5F,0
20408,73.0,64.0,12.0,#FF7CA0,0
20409,73.0,66.0,-36.0,#FF80F6,0
20410,73.0,66.0,-6.0,#FF7CC0,0
20411,73.0,68.0,8.0,#FF77A8,0
20412,73.0,72.0,-40.0,#FF79FE,0
20413,73.0,72.0,-34.0,#FF78F3,0
20414,73.0,78.0,-44.0,#FF71FF,0
20415,73.0,78.0,-36.0,#FF70F7,0
20416,73.0,80.0,-12.0,#FF68CC,0
20417,74.0,-128.0,76.0,#00E100,0
20418,74.0,-128.0,84.0,#00E000,0
20419,74.0,-120.0,42.0,#00E062,0
20420,74.0,-120.0,50.0,#00DF50,0
20421,74.0,-120.0,58.0,#00DF3C,0
20422,74.0,-120.0,68.0,#00DF16,0
20423,74.0,-120.0,76.0,#00DF00,0
20424,74.0,-118.0,20.0,#00E08D,0
20425,74.0,-114.0,88.0,#00DD00,0
20426,74.0,-112.0,-4.0,#00E0BA,0
20427,74.0,-112.0,34.0,#00DE72,0
20428,74.0,-112.0,42.0,#00DE62,0
20429,74.0,-112.0,50.0,#00DE50,0
20430,74.0,-110.0,20.0,#00DE8E,0
20431,74.0,-106.0,-10.0,#00DFC6,0
20432,74.0,-104.0,-4.0,#00DEBB,0
20433,74.0,-104.0,50.0,#00DC51,0
20434,74.0,-98.0,78.0,#00DA00,0
20435,74.0,-98.0,98.0,#00DA00,0
20436,74.0,-96.0,-18.0,#00DDD5,0
20437,74.0,-96.0,0.0,#00DCB3,0
20438,74.0,-96.0,32.0,#00DA77,0
20439,74.0,-96.0,40.0,#00DA67,0
20440,74.0,-96.0,48.0,#00DA56,0
20441,74.0,-96.0,56.0,#00DA43,0
20442,74.0,-96.0,84.0,#00D900,0
20443,74.0,-92.0,-22.0,#00DCDC,0
20444,74.0,-92.0,-12.0,#00DBCA,0
20445,74.0,-88.0,26.0,#00D883,0
20446,74.0,-88.0,46.0,#00D85A,0
20447,74.0,-88.0,96.0,#00D700,0
20448,74.0,-86.0,-26.0,#00DBE4,0
20449,74.0,-86.0,-20.0,#00DAD8,0
20450,74.0,-86.0,-14.0,#00DACD,0
20451,74.0,-86.0,8.0,#00D9A5,0
20452,74.0,-84.0,14.0,#00D89A,0
20453,74.0,-82.0,-30.0,#00DAEB,0
20454,74.0,-80.0,-24.0,#00D9E0,0
20455,74.0,-80.0,-18.0,#00D9D5,0
20456,74.0,-80.0,-12.0,#00D8CA,0
20457,74.0,-80.0,30.0,#00D67B,0
20458,74.0,-80.0,36.0,#00D670,0
20459,74.0,-78.0,-6.0,#00D7BF,0
20460,74.0,-78.0,10.0,#00D6A1,0
20461,74.0,-76.0,-34.0,#00D9F2,0
20462,74.0,-76.0,0.0,#00D6B4,0
20463,74.0,-74.0,-20.0,#00D7D9,0
20464,74.0,-72.0,26.0,#00D483,0
20465,74.0,-70.0,-38.0,#00D7FA,0
20466,74.0,-70.0,-32.0,#00D7EF,0
20467,74.0,-70.0,-2.0,#00D4B8,0
20468,74.0,-70.0,74.0,#37D200,0
20469,74.0,-68.0,-18.0,#00D5D5,0
20470,74.0,-68.0,36.0,#00D270,0
20471,74.0,-66.0,-42.0,#00D6FF,0
20472,74.0,-64.0,-36.0,#00D5F6,0
20473,74.0,-64.0,-24.0,#00D4E0,0
20474,74.0,-62.0,40.0,#32D068,1
20475,74.0,-62.0,84.0,#5ECF00,0
20476,74.0,-60.0,-44.0,#00D4FF,0
20477,74.0,-60.0,52.0,#4ECF4F,1
20478,74.0,-58.0,-20.0,#00D2D9,0
20479,74.0,-58.0,66.0,#61CE29,1
20480,74.0,-56.0,6.0,#00CFA9,0
20481,74.0,-56.0,30.0,#3FCE7C,1
20482,74.0,-56.0,72.0,#6ACD0A,1
20483,74.0,-54.0,-42.0,#00D2FF,0
20484,74.0,-54.0,-2.0,#00CFB8,0
20485,74.0,-54.0,18.0,#2BCE93,1
20486,74.0,-52.0,-24.0,#00D0E0,0
20487,74.0,-52.0,-18.0,#00CFD5,0
20488,74.0,-52.0,62.0,#70CC36,1
20489,74.0,-52.0,120.0,#7FCB00,0
20490,74.0,-48.0,-14.0,#00CECE,0
20491,74.0,-48.0,6.0,#2CCCA9,1
20492,74.0,-48.0,14.0,#45CC9B,1
20493,74.0,-46.0,-32.0,#00CEEF,0
20494,74.0,-46.0,60.0,#7EC93C,1
20495,74.0,-46.0,120.0,#8DC900,0
20496,74.0,-44.0,36.0,#72C971,1
20497,74.0,-44.0,88.0,#8CC800,0
20498,74.0,-42.0,-6.0,#24CBC0,1
20499,74.0,-42.0,18.0,#64C993,1
20500,74.0,-42.0,46.0,#7FC85D,1
20501,74.0,-42.0,80.0,#8FC700,0
20502,74.0,-40.0,-32.0,#00CCEF,0
20503,74.0,-40.0,60.0,#8CC73D,1
20504,74.0,-40.0,92.0,#96C600,0
20505,74.0,-38.0,20.0,#73C790,1
20506,74.0,-38.0,32.0,#7FC779,1
20507,74.0,-38.0,66.0,#93C62C,1
20508,74.0,-38.0,84.0,#98C600,0
20509,74.0,-36.0,2.0,#5EC8B1,1
20510,74.0,-36.0,12.0,#6EC79F,1
20511,74.0,-36.0,42.0,#8BC666,1
20512,74.0,-34.0,46.0,#92C55E,1
20513,74.0,-34.0,90.0,#A1C400,0
20514,74.0,-34.0,122.0,#A4C400,0
20515,74.0,-32.0,26.0,#88C585,1
20516,74.0,-32.0,98.0,#A6C300,0
20517,74.0,-32.0,106.0,#A7C300,0
20518,74.0,-30.0,-22.0,#34C7DD,1
20519,74.0,-30.0,12.0,#7FC49F,1
20520,74.0,-28.0,22.0,#8EC38C,1
20521,74.0,-26.0,-2.0,#78C3B9,1
20522,74.0,-26.0,6.0,#82C3AA,1
20523,74.0,-26.0,96.0,#B0C000,0
20524,74.0,-26.0,104.0,#B1C000,0
20525,74.0,-24.0,-14.0,#69C3CF,1
20526,74.0,-24.0,78.0,#B1BF00,0
20527,74.0,-24.0,90.0,#B3BF00,0
20528,74.0,-22.0,-32.0,#3CC4F0,1
20529,74.0,-22.0,-2.0,#83C2B9,1
20530,74.0,-22.0,2.0,#88C1B2,1
20531,74.0,-22.0,66.0,#B1BF2E,1
20532,74.0,-22.0,98.0,#B8BE00,0
20533,74.0,-22.0,118.0,#B9BE00,0
20534,74.0,-20.0,-24.0,#61C2E1,1
20535,74.0,-20.0,10.0,#95C0A3,1
20536,74.0,-20.0,72.0,#B6BE17,1
20537,74.0,-20.0,80.0,#B8BD00,0
20538,74.0,-20.0,92.0,#BABD00,0
20539,74.0,-18.0,-28.0,#5EC2E8,1
20540,74.0,-18.0,-18.0,#75C1D6,1
20541,74.0,-18.0,-10.0,#82C0C8,1
20542,74.0,-18.0,30.0,#A9BE7E,1
20543,74.0,-18.0,66.0,#B8BD2F,1
20544,74.0,-18.0,86.0,#BDBC00,0
20545,74.0,-18.0,122.0,#C0BC00,0
20546,74.0,-16.0,72.0,#BDBC18,1
20547,74.0,-16.0,94.0,#C1BB00,0
20548,74.0,-14.0,-36.0,#57C1F7,1
20549,74.0,-14.0,-30.0,#68C0EC,1
20550,74.0,-14.0,-10.0,#8DBEC8,1
20551,74.0,-14.0,28.0,#AFBC82,1
20552,74.0,-14.0,50.0,#BABB57,1
20553,74.0,-14.0,66.0,#BFBB2F,1
20554,74.0,-14.0,80.0,#C2BA00,0
20555,74.0,-14.0,100.0,#C5BA00,0
20556,74.0,-12.0,72.0,#C4B919,1
20557,74.0,-10.0,-16.0,#8EBDD3,1
20558,74.0,-10.0,-6.0,#9BBCC0,1
20559,74.0,-10.0,62.0,#C5B93B,1
20560,74.0,-10.0,90.0,#CAB800,0
20561,74.0,-8.0,-26.0,#84BCE5,1
20562,74.0,-8.0,12.0,#B0BAA0,1
20563,74.0,-8.0,16.0,#B3B998,1
20564,74.0,-8.0,40.0,#C0B86B,1
20565,74.0,-8.0,68.0,#CAB72A,1
20566,74.0,-6.0,-22.0,#90BBDE,1
20567,74.0,-6.0,-16.0,#98BAD3,1
20568,74.0,-6.0,14.0,#B5B89C,1
20569,74.0,-6.0,18.0,#B8B895,1
20570,74.0,-6.0,44.0,#C6B763,1
20571,74.0,-6.0,60.0,#CBB641,1
20572,74.0,-6.0,84.0,#D0B600,0
20573,74.0,-6.0,92.0,#D1B600,0
20574,74.0,-4.0,-32.0,#84BBF0,1
20575,74.0,-4.0,-20.0,#98BADA,1
20576,74.0,-4.0,-14.0,#9FB9CF,1
20577,74.0,-4.0,24.0,#BFB78A,1
20578,74.0,-2.0,14.0,#BDB69C,1
20579,74.0,-2.0,18.0,#BFB695,1
20580,74.0,-2.0,22.0,#C2B68E,1
20581,74.0,-2.0,40.0,#CBB56C,1
20582,74.0,-2.0,82.0,#D6B400,0
20583,74.0,-2.0,90.0,#D7B400,0
20584,74.0,-2.0,98.0,#D8B300,0
20585,74.0,0.0,-18.0,#A3B7D7,1
20586,74.0,0.0,-14.0,#A8B7CF,1
20587,74.0,0.0,14.0,#C0B59C,1
20588,74.0,0.0,18.0,#C3B595,1
20589,74.0,0.0,22.0,#C5B58E,1
20590,74.0,0.0,32.0,#CAB47B,1
20591,74.0,2.0,-32.0,#94B7F0,1
20592,74.0,2.0,14.0,#C4B49C,1
20593,74.0,2.0,18.0,#C6B495,1
20594,74.0,2.0,22.0,#C9B38E,1
20595,74.0,2.0,28.0,#CCB383,1
20596,74.0,2.0,90.0,#DDB100,0
20597,74.0,2.0,98.0,#DEB100,0
20598,74.0,2.0,106.0,#DFB100,0
20599,74.0,4.0,-30.0,#9CB6ED,1
20600,74.0,4.0,22.0,#CCB28E,1
20601,74.0,4.0,32.0,#D1B27B,1
20602,74.0,6.0,18.0,#CDB195,1
20603,74.0,6.0,36.0,#D6B074,1
20604,74.0,6.0,62.0,#DEAF3D,1
20605,74.0,6.0,96.0,#E4AF00,0
20606,74.0,8.0,-38.0,#9AB5FB,1
20607,74.0,8.0,22.0,#D3B08E,1
20608,74.0,10.0,26.0,#D8AE87,1
20609,74.0,10.0,36.0,#DDAE74,1
20610,74.0,10.0,60.0,#E4AD43,1
20611,74.0,12.0,-24.0,#B6B1E2,1
20612,74.0,14.0,26.0,#DFAB87,1
20613,74.0,14.0,38.0,#E4AB71,1
20614,74.0,14.0,68.0,#ECAA2E,1
20615,74.0,14.0,78.0,#EDAA00,0
20616,74.0,16.0,-28.0,#BAAEE9,1
20617,74.0,16.0,-16.0,#C6ADD3,1
20618,74.0,18.0,-6.0,#D2ABC1,1
20619,74.0,18.0,-2.0,#D5ABBA,1
20620,74.0,18.0,42.0,#EBA869,1
20621,74.0,18.0,70.0,#F2A729,1
20622,74.0,20.0,-32.0,#BDACF1,1
20623,74.0,20.0,-24.0,#C6ABE2,1
20624,74.0,20.0,26.0,#E8A787,1
20625,74.0,22.0,20.0,#E9A692,1
20626,74.0,22.0,50.0,#F4A55A,1
20627,74.0,22.0,68.0,#F8A430,1
20628,74.0,22.0,76.0,#F9A410,1
20629,74.0,24.0,-28.0,#CAA9E9,1
20630,74.0,24.0,-24.0,#CEA8E2,1
20631,74.0,24.0,28.0,#EFA484,1
20632,74.0,24.0,116.0,#FFA200,0
20633,74.0,26.0,16.0,#EDA39A,1
20634,74.0,26.0,22.0,#F0A38F,1
20635,74.0,26.0,70.0,#FEA12A,1
20636,74.0,26.0,78.0,#FFA103,1
20637,74.0,26.0,102.0,#FFA100,0
20638,74.0,30.0,20.0,#F5A093,1
20639,74.0,30.0,26.0,#F8A088,1
20640,74.0,30.0,40.0,#FC9F6E,1
20641,74.0,30.0,84.0,#FF9E00,0
20642,74.0,30.0,110.0,#FF9D00,0
20643,74.0,30.0,126.0,#FF9D00,0
20644,74.0,34.0,-38.0,#D2A2FC,1
20645,74.0,34.0,46.0,#FF9B63,0
20646,74.0,34.0,82.0,#FF9A00,0
20647,74.0,34.0,90.0,#FF9A00,0
20648,74.0,36.0,58.0,#FF994A,0
20649,74.0,36.0,96.0,#FF9800,0
20650,74.0,38.0,22.0,#FF9990,0
20651,74.0,38.0,46.0,#FF9863,0
20652,74.0,38.0,52.0,#FF9857,0
20653,74.0,38.0,88.0,#FF9700,0
20654,74.0,38.0,126.0,#FF9600,0
20655,74.0,40.0,-42.0,#D99EFF,0
20656,74.0,40.0,-36.0,#DF9DF9,1
20657,74.0,42.0,52.0,#FF9457,0
20658,74.0,46.0,-38.0,#E898FC,1
20659,74.0,46.0,18.0,#FF9297,0
20660,74.0,48.0,6.0,#FF91AD,0
20661,74.0,48.0,104.0,#FF8D00,0
20662,74.0,48.0,114.0,#FF8D00,0
20663,74.0,50.0,82.0,#FF8B00,0
20664,74.0,52.0,-44.0,#ED93FF,0
20665,74.0,52.0,-18.0,#FF90D8,0
20666,74.0,52.0,10.0,#FF8DA6,0
20667,74.0,52.0,112.0,#FF8900,0
20668,74.0,54.0,106.0,#FF8700,0
20669,74.0,56.0,94.0,#FF8500,0
20670,74.0,58.0,86.0,#FF8200,0
20671,74.0,60.0,-30.0,#FF89EE,0
20672,74.0,62.0,26.0,#FF808A,0
20673,74.0,64.0,-26.0,#FF84E7,0
20674,74.0,64.0,32.0,#FF7D7F,0
20675,74.0,66.0,-20.0,#FF80DC,0
20676,74.0,68.0,28.0,#FF7887,0
20677,74.0,68.0,38.0,#FF7875,0
20678,74.0,70.0,-28.0,#FF7CEB,0
20679,74.0,70.0,4.0,#FF78B2,0
20680,74.0,70.0,34.0,#FF757C,0
20681,74.0,72.0,-16.0,#FF78D5,0
20682,74.0,72.0,-10.0,#FF77CB,0
20683,74.0,74.0,-24.0,#FF76E4,0
20684,74.0,76.0,-30.0,#FF74EF,0
20685,74.0,78.0,-18.0,#FF6FD9,0
20686,74.0,82.0,-24.0,#FF6AE4,0
20687,75.0,-128.0,64.0,#00E42B,0
20688,75.0,-126.0,94.0,#00E300,0
20689,75.0,-112.0,56.0,#00E144,0
20690,75.0,-110.0,28.0,#00E181,0
20691,75.0,-104.0,56.0,#00DF45,0
20692,75.0,-104.0,88.0,#00DE00,0
20693,75.0,-92.0,16.0,#00DD98,0
20694,75.0,-90.0,4.0,#00DDAF,0
20695,75.0,-88.0,40.0,#00DB6A,0
20696,75.0,-80.0,48.0,#00D859,0
20697,75.0,-74.0,-16.0,#00D9D4,0
20698,75.0,-74.0,42.0,#00D766,0
20699,75.0,-74.0,58.0,#00D642,0
20700,75.0,-72.0,-28.0,#00DAEA,0
20701,75.0,-72.0,-8.0,#00D8C5,0
20702,75.0,-70.0,4.0,#00D7AF,0
20703,75.0,-70.0,104.0,#4CD400,0
20704,75.0,-68.0,44.0,#01D562,1
20705,75.0,-66.0,-6.0,#00D6C2,0
20706,75.0,-66.0,58.0,#3ED443,1
20707,75.0,-66.0,66.0,#47D32B,1
20708,75.0,-64.0,-10.0,#00D6C9,0
20709,75.0,-64.0,0.0,#00D5B7,0
20710,75.0,-64.0,6.0,#00D5AC,0
20711,75.0,-62.0,46.0,#41D35E,1
20712,75.0,-60.0,60.0,#59D13E,1
20713,75.0,-58.0,-8.0,#00D4C6,0
20714,75.0,-58.0,26.0,#2DD286,1
20715,75.0,-58.0,100.0,#71D000,0
20716,75.0,-56.0,38.0,#50D16F,1
20717,75.0,-52.0,-6.0,#00D1C2,0
20718,75.0,-52.0,80.0,#7BCE00,0
20719,75.0,-52.0,96.0,#7FCE00,0
20720,75.0,-52.0,104.0,#81CE00,0
20721,75.0,-50.0,40.0,#68CE6B,1
20722,75.0,-48.0,-42.0,#00D3FF,0
20723,75.0,-48.0,-20.0,#00D1DC,0
20724,75.0,-48.0,-10.0,#00D0CA,0
20725,75.0,-48.0,52.0,#77CD52,1
20726,75.0,-46.0,66.0,#84CC2E,1
20727,75.0,-46.0,74.0,#87CC03,1
20728,75.0,-46.0,100.0,#8DCC00,0
20729,75.0,-46.0,108.0,#8FCB00,0
20730,75.0,-44.0,28.0,#6DCC83,1
20731,75.0,-42.0,12.0,#5DCCA1,1
20732,75.0,-42.0,52.0,#86CB53,1
20733,75.0,-40.0,74.0,#94C906,1
20734,75.0,-40.0,100.0,#9AC900,0
20735,75.0,-38.0,-20.0,#00CDDC,0
20736,75.0,-38.0,-2.0,#50CCBB,1
20737,75.0,-38.0,38.0,#86CA70,1
20738,75.0,-36.0,-42.0,#00CEFF,0
20739,75.0,-36.0,-16.0,#28CCD5,1
20740,75.0,-36.0,-10.0,#43CBCA,1
20741,75.0,-36.0,54.0,#94C84F,1
20742,75.0,-34.0,-36.0,#00CDFA,0
20743,75.0,-34.0,60.0,#9BC740,1
20744,75.0,-34.0,68.0,#9EC729,1
20745,75.0,-34.0,76.0,#A1C700,0
20746,75.0,-32.0,-2.0,#68C9BB,1
20747,75.0,-32.0,18.0,#83C896,1
20748,75.0,-32.0,34.0,#91C778,1
20749,75.0,-30.0,-42.0,#00CBFF,0
20750,75.0,-30.0,-16.0,#4FC9D5,1
20751,75.0,-30.0,50.0,#9FC658,1
20752,75.0,-30.0,62.0,#A4C53C,1
20753,75.0,-30.0,70.0,#A7C522,1
20754,75.0,-30.0,78.0,#A9C500,0
20755,75.0,-28.0,-30.0,#11C9EF,1
20756,75.0,-28.0,54.0,#A5C54F,1
20757,75.0,-26.0,-24.0,#49C8E4,1
20758,75.0,-26.0,-12.0,#69C7CE,1
20759,75.0,-26.0,18.0,#92C597,1
20760,75.0,-26.0,28.0,#9AC584,1
20761,75.0,-26.0,64.0,#ACC337,1
20762,75.0,-26.0,72.0,#AFC31A,1
20763,75.0,-24.0,-42.0,#00C9FF,0
20764,75.0,-24.0,-8.0,#77C6C6,1
20765,75.0,-24.0,32.0,#A1C37C,1
20766,75.0,-24.0,38.0,#A5C371,1
20767,75.0,-24.0,44.0,#A8C365,1
20768,75.0,-22.0,48.0,#AEC25D,1
20769,75.0,-22.0,110.0,#BCC100,0
20770,75.0,-20.0,26.0,#A5C288,1
20771,75.0,-18.0,-42.0,#21C6FF,0
20772,75.0,-18.0,0.0,#92C2B8,1
20773,75.0,-18.0,12.0,#9EC2A2,1
20774,75.0,-18.0,16.0,#A2C19B,1
20775,75.0,-18.0,20.0,#A5C193,1
20776,75.0,-18.0,48.0,#B5C05D,1
20777,75.0,-16.0,-4.0,#92C2BF,1
20778,75.0,-16.0,60.0,#BDBF42,1
20779,75.0,-14.0,-42.0,#44C4FF,0
20780,75.0,-14.0,0.0,#9BC0B8,1
20781,75.0,-14.0,40.0,#B9BE6D,1
20782,75.0,-12.0,-14.0,#8FC0D2,1
20783,75.0,-12.0,2.0,#A2BFB5,1
20784,75.0,-12.0,32.0,#B8BD7D,1
20785,75.0,-12.0,58.0,#C3BD48,1
20786,75.0,-10.0,-22.0,#88C0E0,1
20787,75.0,-10.0,4.0,#A8BEB1,1
20788,75.0,-10.0,8.0,#ACBEAA,1
20789,75.0,-10.0,106.0,#CFBB00,0
20790,75.0,-8.0,-8.0,#A0BEC7,1
20791,75.0,-8.0,6.0,#AEBDAD,1
20792,75.0,-8.0,26.0,#BCBC89,1
20793,75.0,-8.0,54.0,#C9BA51,1
20794,75.0,-6.0,-42.0,#6AC0FF,0
20795,75.0,-6.0,28.0,#C1BA85,1
20796,75.0,-6.0,34.0,#C4BA7A,1
20797,75.0,-6.0,76.0,#D2B907,1
20798,75.0,-6.0,100.0,#D5B800,0
20799,75.0,-6.0,120.0,#D6B800,0
20800,75.0,-4.0,14.0,#BCBA9F,1
20801,75.0,-4.0,18.0,#BFBA98,1
20802,75.0,-4.0,66.0,#D3B834,1
20803,75.0,-2.0,-24.0,#99BCE4,1
20804,75.0,-2.0,-10.0,#ABBBCB,1
20805,75.0,-2.0,-6.0,#AFBAC3,1
20806,75.0,-2.0,-2.0,#B3BABC,1
20807,75.0,-2.0,2.0,#B6BAB5,1
20808,75.0,-2.0,6.0,#BAB9AE,1
20809,75.0,-2.0,10.0,#BDB9A6,1
20810,75.0,-2.0,110.0,#DCB600,0
20811,75.0,-2.0,126.0,#DDB600,0
20812,75.0,0.0,-22.0,#A1BAE1,1
20813,75.0,0.0,-10.0,#AFB9CB,1
20814,75.0,0.0,-6.0,#B3B9C4,1
20815,75.0,0.0,-2.0,#B7B9BC,1
20816,75.0,0.0,2.0,#BAB8B5,1
20817,75.0,0.0,6.0,#BDB8AE,1
20818,75.0,0.0,10.0,#C0B8A6,1
20819,75.0,0.0,46.0,#D3B662,1
20820,75.0,0.0,64.0,#D9B63A,1
20821,75.0,0.0,118.0,#DFB500,0
20822,75.0,2.0,-10.0,#B3B8CB,1
20823,75.0,2.0,-6.0,#B7B8C4,1
20824,75.0,2.0,-2.0,#BBB8BC,1
20825,75.0,2.0,2.0,#BEB7B5,1
20826,75.0,2.0,6.0,#C1B7AE,1
20827,75.0,2.0,10.0,#C4B7A6,1
20828,75.0,4.0,-14.0,#B3B7D2,1
20829,75.0,4.0,-10.0,#B7B7CB,1
20830,75.0,4.0,-6.0,#BBB7C4,1
20831,75.0,4.0,-2.0,#BFB6BC,1
20832,75.0,4.0,2.0,#C2B6B5,1
20833,75.0,4.0,6.0,#C5B6AE,1
20834,75.0,4.0,10.0,#C8B6A7,1
20835,75.0,4.0,44.0,#D9B467,1
20836,75.0,4.0,84.0,#E3B300,0
20837,75.0,4.0,112.0,#E5B200,0
20838,75.0,4.0,124.0,#E6B200,0
20839,75.0,6.0,-22.0,#AEB7E1,1
20840,75.0,6.0,-18.0,#B3B6DA,1
20841,75.0,6.0,-14.0,#B7B6D2,1
20842,75.0,6.0,-10.0,#BBB6CB,1
20843,75.0,6.0,-6.0,#BFB5C4,1
20844,75.0,6.0,-2.0,#C2B5BC,1
20845,75.0,6.0,2.0,#C6B5B5,1
20846,75.0,6.0,6.0,#C9B5AE,1
20847,75.0,6.0,10.0,#CBB4A7,1
20848,75.0,6.0,14.0,#CEB49F,1
20849,75.0,6.0,26.0,#D5B389,1
20850,75.0,8.0,-18.0,#B7B5DA,1
20851,75.0,8.0,-14.0,#BBB5D2,1
20852,75.0,8.0,-10.0,#BFB5CB,1
20853,75.0,8.0,-6.0,#C3B4C4,1
20854,75.0,8.0,-2.0,#C6B4BD,1
20855,75.0,8.0,2.0,#C9B4B5,1
20856,75.0,8.0,6.0,#CCB3AE,1
20857,75.0,8.0,10.0,#CFB3A7,1
20858,75.0,8.0,14.0,#D1B39F,1
20859,75.0,8.0,18.0,#D4B398,1
20860,75.0,8.0,30.0,#DAB282,1
20861,75.0,8.0,44.0,#DFB167,1
20862,75.0,8.0,70.0,#E6B02A,1
20863,75.0,8.0,86.0,#E9B000,0
20864,75.0,10.0,-28.0,#B0B5EC,1
20865,75.0,10.0,-8.0,#C5B3C7,1
20866,75.0,10.0,-4.0,#C8B3C0,1
20867,75.0,10.0,0.0,#CBB2B9,1
20868,75.0,10.0,4.0,#CEB2B2,1
20869,75.0,10.0,8.0,#D1B2AA,1
20870,75.0,10.0,14.0,#D5B29F,1
20871,75.0,12.0,-6.0,#CAB2C4,1
20872,75.0,12.0,-2.0,#CDB1BD,1
20873,75.0,12.0,2.0,#D0B1B5,1
20874,75.0,12.0,6.0,#D3B1AE,1
20875,75.0,12.0,12.0,#D7B0A3,1
20876,75.0,12.0,18.0,#DAB098,1
20877,75.0,12.0,22.0,#DCB091,1
20878,75.0,12.0,32.0,#E1AF7E,1
20879,75.0,12.0,84.0,#EFAE00,0
20880,75.0,12.0,100.0,#F0AD00,0
20881,75.0,12.0,112.0,#F1AD00,0
20882,75.0,14.0,-30.0,#B6B3F0,1
20883,75.0,14.0,-4.0,#CFB0C0,1
20884,75.0,14.0,0.0,#D2B0B9,1
20885,75.0,14.0,4.0,#D5B0B2,1
20886,75.0,14.0,10.0,#D9AFA7,1
20887,75.0,14.0,16.0,#DDAF9C,1
20888,75.0,14.0,62.0,#EEAD41,1
20889,75.0,14.0,106.0,#F4AC00,0
20890,75.0,16.0,-10.0,#CEAFCB,1
20891,75.0,16.0,8.0,#DBAEAB,1
20892,75.0,16.0,14.0,#DFAEA0,1
20893,75.0,16.0,24.0,#E4AD8D,1
20894,75.0,16.0,36.0,#E9AC77,1
20895,75.0,16.0,84.0,#F4AB00,0
20896,75.0,18.0,-14.0,#CEAED3,1
20897,75.0,18.0,4.0,#DCADB2,1
20898,75.0,18.0,12.0,#E1ACA3,1
20899,75.0,18.0,18.0,#E4AC99,1
20900,75.0,18.0,30.0,#EAAB82,1
20901,75.0,18.0,106.0,#F9A900,0
20902,75.0,20.0,-42.0,#B3B0FF,0
20903,75.0,20.0,-18.0,#CFADDA,1
20904,75.0,20.0,-12.0,#D4ADCF,1
20905,75.0,20.0,8.0,#E2ABAB,1
20906,75.0,20.0,54.0,#F5A954,1
20907,75.0,20.0,100.0,#FCA800,0
20908,75.0,22.0,-8.0,#DBABC8,1
20909,75.0,22.0,-4.0,#DDABC1,1
20910,75.0,22.0,0.0,#E0AAB9,1
20911,75.0,22.0,4.0,#E3AAB2,1
20912,75.0,22.0,106.0,#FFA600,0
20913,75.0,22.0,126.0,#FFA600,0
20914,75.0,24.0,-18.0,#D6AADA,1
20915,75.0,24.0,38.0,#F6A674,1
20916,75.0,24.0,82.0,#FFA500,0
20917,75.0,24.0,92.0,#FFA500,0
20918,75.0,26.0,-10.0,#E0A8CC,1
20919,75.0,26.0,-6.0,#E3A8C4,1
20920,75.0,26.0,-2.0,#E6A8BD,1
20921,75.0,26.0,34.0,#F8A57B,1
20922,75.0,28.0,-22.0,#DAA8E2,1
20923,75.0,28.0,-18.0,#DDA7DA,1
20924,75.0,28.0,28.0,#F8A487,1
20925,75.0,28.0,66.0,#FFA239,0
20926,75.0,32.0,120.0,#FF9E00,0
20927,75.0,34.0,-42.0,#D0A6FF,0
20928,75.0,34.0,34.0,#FF9F7C,0
20929,75.0,34.0,40.0,#FF9E71,0
20930,75.0,36.0,-8.0,#F2A0C8,1
20931,75.0,36.0,116.0,#FF9B00,0
20932,75.0,38.0,6.0,#FE9DAF,1
20933,75.0,38.0,16.0,#FF9C9D,0
20934,75.0,38.0,110.0,#FF9900,0
20935,75.0,40.0,84.0,#FF9800,0
20936,75.0,42.0,-20.0,#F39CDE,1
20937,75.0,42.0,14.0,#FF99A1,0
20938,75.0,42.0,46.0,#FF9766,0
20939,75.0,42.0,80.0,#FF9605,0
20940,75.0,42.0,108.0,#FF9600,0
20941,75.0,42.0,116.0,#FF9500,0
20942,75.0,44.0,30.0,#FF9684,0
20943,75.0,44.0,122.0,#FF9400,0
20944,75.0,46.0,-30.0,#F29AF1,1
20945,75.0,46.0,-16.0,#FD98D7,1
20946,75.0,46.0,22.0,#FF9593,0
20947,75.0,46.0,96.0,#FF9200,0
20948,75.0,48.0,-26.0,#F997E9,1
20949,75.0,48.0,40.0,#FF9272,0
20950,75.0,48.0,58.0,#FF914E,0
20951,75.0,48.0,64.0,#FF9141,0
20952,75.0,50.0,2.0,#FF92B7,0
20953,75.0,50.0,50.0,#FF8F5F,0
20954,75.0,50.0,70.0,#FF8E33,0
20955,75.0,50.0,124.0,#FF8D00,0
20956,75.0,52.0,-36.0,#F795FC,1
20957,75.0,52.0,26.0,#FF8E8C,0
20958,75.0,54.0,14.0,#FF8DA2,0
20959,75.0,54.0,18.0,#FF8D9A,0
20960,75.0,54.0,68.0,#FF8A38,0
20961,75.0,54.0,98.0,#FF8900,0
20962,75.0,56.0,24.0,#FF8A90,0
20963,75.0,56.0,52.0,#FF895B,0
20964,75.0,58.0,-42.0,#FC90FF,0
20965,75.0,58.0,-22.0,#FF8DE2,0
20966,75.0,58.0,-10.0,#FF8BCD,0
20967,75.0,58.0,30.0,#FF8885,0
20968,75.0,58.0,58.0,#FF8650,0
20969,75.0,60.0,16.0,#FF869E,0
20970,75.0,62.0,22.0,#FF8394,0
20971,75.0,62.0,36.0,#FF827A,0
20972,75.0,62.0,44.0,#FF826B,0
20973,75.0,62.0,52.0,#FF825C,0
20974,75.0,64.0,-12.0,#FF85D1,0
20975,75.0,64.0,2.0,#FF83B8,0
20976,75.0,64.0,58.0,#FF7F50,0
20977,75.0,66.0,-42.0,#FF87FF,0
20978,75.0,66.0,18.0,#FF7F9B,0
20979,75.0,66.0,42.0,#FF7D6F,0
20980,75.0,68.0,24.0,#FF7C90,0
20981,75.0,70.0,-2.0,#FF7CBF,0
20982,75.0,72.0,12.0,#FF77A6,0
20983,75.0,72.0,20.0,#FF7698,0
20984,76.0,-128.0,24.0,#00E88B,0
20985,76.0,-128.0,32.0,#00E87B,0
20986,76.0,-128.0,40.0,#00E76B,0
20987,76.0,-128.0,48.0,#00E75A,0
20988,76.0,-128.0,56.0,#00E746,0
20989,76.0,-120.0,26.0,#00E687,0
20990,76.0,-120.0,34.0,#00E677,0
20991,76.0,-120.0,84.0,#00E500,0
20992,76.0,-116.0,14.0,#00E69E,0
20993,76.0,-116.0,100.0,#00E400,0
20994,76.0,-112.0,68.0,#00E321,0
20995,76.0,-112.0,76.0,#00E300,0
20996,76.0,-110.0,10.0,#00E5A6,0
20997,76.0,-110.0,82.0,#00E300,0
20998,76.0,-108.0,96.0,#00E200,0
20999,76.0,-108.0,106.0,#00E200,0
21000,76.0,-104.0,8.0,#00E3AA,0
21001,76.0,-104.0,24.0,#00E38B,0
21002,76.0,-104.0,30.0,#00E280,0
21003,76.0,-104.0,38.0,#00E270,0
21004,76.0,-104.0,62.0,#00E137,0
21005,76.0,-104.0,70.0,#00E118,0
21006,76.0,-104.0,80.0,#00E100,0
21007,76.0,-102.0,16.0,#00E29B,0
21008,76.0,-100.0,106.0,#00E000,0
21009,76.0,-98.0,10.0,#00E2A6,0
21010,76.0,-98.0,22.0,#00E18F,0
21011,76.0,-96.0,66.0,#00DF2B,0
21012,76.0,-96.0,112.0,#00DF00,0
21013,76.0,-94.0,-4.0,#00E1C0,0
21014,76.0,-92.0,92.0,#00DE00,0
21015,76.0,-90.0,22.0,#00DF90,0
21016,76.0,-90.0,70.0,#00DE1A,0
21017,76.0,-90.0,114.0,#00DD00,0
21018,76.0,-88.0,-8.0,#00E0C8,0
21019,76.0,-88.0,-2.0,#00E0BD,0
21020,76.0,-88.0,34.0,#00DE78,0
21021,76.0,-88.0,58.0,#00DD44,0
21022,76.0,-88.0,106.0,#00DD00,0
21023,76.0,-86.0,86.0,#00DC00,0
21024,76.0,-84.0,64.0,#00DC33,0
21025,76.0,-84.0,76.0,#00DC00,0
21026,76.0,-84.0,100.0,#00DB00,0
21027,76.0,-82.0,20.0,#00DD94,0
21028,76.0,-82.0,110.0,#00DB00,0
21029,76.0,-80.0,26.0,#00DC88,0
21030,76.0,-80.0,54.0,#00DB4E,0
21031,76.0,-80.0,116.0,#19DA00,0
21032,76.0,-78.0,66.0,#00DA2D,0
21033,76.0,-78.0,82.0,#00DA00,0
21034,76.0,-76.0,14.0,#00DB9F,0
21035,76.0,-76.0,72.0,#02D911,1
21036,76.0,-76.0,90.0,#2AD900,0
21037,76.0,-76.0,98.0,#30D900,0
21038,76.0,-76.0,106.0,#34D900,0
21039,76.0,-74.0,20.0,#00DA94,0
21040,76.0,-74.0,48.0,#00D95C,0
21041,76.0,-72.0,32.0,#00D97D,0
21042,76.0,-72.0,116.0,#4BD800,0
21043,76.0,-70.0,86.0,#48D700,0
21044,76.0,-70.0,94.0,#4CD700,0
21045,76.0,-70.0,110.0,#52D700,0
21046,76.0,-68.0,12.0,#00D9A3,0
21047,76.0,-68.0,18.0,#00D898,0
21048,76.0,-66.0,24.0,#00D88D,0
21049,76.0,-66.0,30.0,#00D781,0
21050,76.0,-66.0,76.0,#52D600,0
21051,76.0,-66.0,120.0,#61D600,0
21052,76.0,-64.0,-28.0,#00DAED,0
21053,76.0,-64.0,90.0,#60D500,0
21054,76.0,-64.0,98.0,#63D500,0
21055,76.0,-64.0,106.0,#65D500,0
21056,76.0,-62.0,-16.0,#00D8D7,0
21057,76.0,-62.0,14.0,#00D7A0,0
21058,76.0,-62.0,34.0,#2BD679,1
21059,76.0,-60.0,-4.0,#00D7C1,0
21060,76.0,-60.0,18.0,#00D698,0
21061,76.0,-60.0,116.0,#72D400,0
21062,76.0,-58.0,-32.0,#00D8F5,0
21063,76.0,-58.0,-26.0,#00D8EA,0
21064,76.0,-58.0,0.0,#00D6BA,0
21065,76.0,-58.0,92.0,#72D300,0
21066,76.0,-58.0,110.0,#76D300,0
21067,76.0,-56.0,-14.0,#00D6D4,0
21068,76.0,-56.0,12.0,#00D5A3,0
21069,76.0,-54.0,-36.0,#00D7FC,0
21070,76.0,-54.0,48.0,#66D25D,1
21071,76.0,-52.0,-30.0,#00D6F1,0
21072,76.0,-52.0,88.0,#80D100,0
21073,76.0,-52.0,112.0,#85D100,0
21074,76.0,-50.0,0.0,#00D3BA,0
21075,76.0,-50.0,10.0,#35D2A7,1
21076,76.0,-50.0,26.0,#59D289,1
21077,76.0,-50.0,32.0,#62D17E,1
21078,76.0,-48.0,20.0,#57D195,1
21079,76.0,-48.0,44.0,#74D066,1
21080,76.0,-46.0,-28.0,#00D4EE,0
21081,76.0,-44.0,-4.0,#28D1C1,1
21082,76.0,-44.0,2.0,#41D1B6,1
21083,76.0,-44.0,8.0,#50D0AB,1
21084,76.0,-42.0,-40.0,#00D3FF,0
21085,76.0,-42.0,-18.0,#00D1DB,0
21086,76.0,-42.0,-10.0,#12D1CC,1
21087,76.0,-42.0,120.0,#9BCD00,0
21088,76.0,-40.0,-28.0,#00D1EE,0
21089,76.0,-40.0,-14.0,#03D0D4,1
21090,76.0,-40.0,108.0,#9ECC00,0
21091,76.0,-38.0,6.0,#64CEAF,1
21092,76.0,-38.0,24.0,#7DCD8E,1
21093,76.0,-36.0,28.0,#86CC86,1
21094,76.0,-36.0,112.0,#A6CA00,0
21095,76.0,-34.0,-28.0,#00CFEE,0
21096,76.0,-34.0,-22.0,#15CEE3,1
21097,76.0,-34.0,-6.0,#5BCDC5,1
21098,76.0,-32.0,2.0,#71CCB7,1
21099,76.0,-32.0,6.0,#77CBAF,1
21100,76.0,-30.0,-10.0,#62CBCD,1
21101,76.0,-30.0,28.0,#94C986,1
21102,76.0,-30.0,114.0,#B1C700,0
21103,76.0,-28.0,-6.0,#71CAC5,1
21104,76.0,-28.0,0.0,#7ACABA,1
21105,76.0,-28.0,4.0,#80CAB3,1
21106,76.0,-28.0,38.0,#9FC873,1
21107,76.0,-28.0,84.0,#B1C700,0
21108,76.0,-28.0,92.0,#B2C700,0
21109,76.0,-28.0,120.0,#B5C600,0
21110,76.0,-26.0,24.0,#9AC88E,1
21111,76.0,-24.0,-18.0,#66C9DC,1
21112,76.0,-24.0,-4.0,#80C8C2,1
21113,76.0,-24.0,10.0,#91C7A8,1
21114,76.0,-24.0,126.0,#BCC400,0
21115,76.0,-22.0,-28.0,#53C9EE,1
21116,76.0,-22.0,14.0,#9AC6A1,1
21117,76.0,-22.0,18.0,#9DC699,1
21118,76.0,-22.0,58.0,#B4C449,1
21119,76.0,-20.0,-36.0,#3EC9FD,1
21120,76.0,-20.0,-16.0,#78C7D8,1
21121,76.0,-20.0,-12.0,#7FC7D1,1
21122,76.0,-20.0,-8.0,#85C7C9,1
21123,76.0,-20.0,-4.0,#8BC6C2,1
21124,76.0,-20.0,4.0,#94C6B3,1
21125,76.0,-20.0,36.0,#AEC477,1
21126,76.0,-18.0,102.0,#C5C200,0
21127,76.0,-16.0,-34.0,#5CC7F9,1
21128,76.0,-16.0,-20.0,#7DC6DF,1
21129,76.0,-16.0,-16.0,#84C5D8,1
21130,76.0,-16.0,-12.0,#8AC5D1,1
21131,76.0,-16.0,-8.0,#90C5C9,1
21132,76.0,-16.0,4.0,#9EC4B3,1
21133,76.0,-16.0,36.0,#B6C278,1
21134,76.0,-14.0,6.0,#A4C3B0,1
21135,76.0,-14.0,10.0,#A8C2A9,1
21136,76.0,-14.0,14.0,#ABC2A1,1
21137,76.0,-14.0,18.0,#AEC29A,1
21138,76.0,-14.0,22.0,#B1C292,1
21139,76.0,-14.0,116.0,#CDBF00,0
21140,76.0,-12.0,-32.0,#71C5F6,1
21141,76.0,-12.0,-18.0,#8CC3DC,1
21142,76.0,-12.0,-10.0,#97C3CD,1
21143,76.0,-12.0,-6.0,#9CC2C6,1
21144,76.0,-12.0,-2.0,#A0C2BF,1
21145,76.0,-12.0,24.0,#B6C18F,1
21146,76.0,-12.0,84.0,#CCBF00,0
21147,76.0,-12.0,124.0,#D0BE00,0
21148,76.0,-10.0,-4.0,#A3C1C2,1
21149,76.0,-10.0,0.0,#A7C1BB,1
21150,76.0,-10.0,12.0,#B2C0A5,1
21151,76.0,-10.0,16.0,#B5C09E,1
21152,76.0,-10.0,20.0,#B7C096,1
21153,76.0,-10.0,46.0,#C5BF64,1
21154,76.0,-10.0,78.0,#CFBE00,0
21155,76.0,-10.0,98.0,#D2BD00,0
21156,76.0,-8.0,-32.0,#7EC3F6,1
21157,76.0,-8.0,-18.0,#96C1DC,1
21158,76.0,-8.0,-14.0,#9BC1D5,1
21159,76.0,-8.0,-2.0,#A9C0BF,1
21160,76.0,-8.0,2.0,#ADC0B7,1
21161,76.0,-8.0,22.0,#BCBF93,1
21162,76.0,-8.0,114.0,#D6BC00,0
21163,76.0,-6.0,-28.0,#8BC1EE,1
21164,76.0,-6.0,-12.0,#A3C0D1,1
21165,76.0,-6.0,-8.0,#A7BFCA,1
21166,76.0,-6.0,-4.0,#ABBFC2,1
21167,76.0,-6.0,0.0,#AFBFBB,1
21168,76.0,-6.0,4.0,#B3BEB4,1
21169,76.0,-6.0,8.0,#B6BEAC,1
21170,76.0,-6.0,108.0,#D9BB00,0
21171,76.0,-4.0,-10.0,#A9BECD,1
21172,76.0,-4.0,-6.0,#AEBEC6,1
21173,76.0,-4.0,-2.0,#B2BEBF,1
21174,76.0,-4.0,2.0,#B5BDB8,1
21175,76.0,-4.0,6.0,#B9BDB0,1
21176,76.0,-4.0,10.0,#BCBDA9,1
21177,76.0,-4.0,46.0,#CFBB65,1
21178,76.0,-4.0,54.0,#D2BB54,1
21179,76.0,-2.0,-30.0,#93BFF2,1
21180,76.0,-2.0,-16.0,#A7BED9,1
21181,76.0,-2.0,0.0,#B7BCBB,1
21182,76.0,-2.0,36.0,#CFBA78,1
21183,76.0,0.0,0.0,#BBBBBB,1
21184,76.0,0.0,26.0,#CDBA8C,1
21185,76.0,0.0,40.0,#D4B971,1
21186,76.0,0.0,54.0,#D9B954,1
21187,76.0,2.0,-38.0,#90BEFF,0
21188,76.0,2.0,-20.0,#ABBCE0,1
21189,76.0,2.0,-16.0,#B0BBD9,1
21190,76.0,2.0,36.0,#D5B879,1
21191,76.0,2.0,70.0,#E0B72C,1
21192,76.0,2.0,78.0,#E2B701,1
21193,76.0,4.0,16.0,#CEB89E,1
21194,76.0,4.0,28.0,#D5B788,1
21195,76.0,4.0,56.0,#E0B650,1
21196,76.0,4.0,64.0,#E2B63D,1
21197,76.0,6.0,-30.0,#A7BAF2,1
21198,76.0,6.0,-26.0,#ACBAEB,1
21199,76.0,6.0,32.0,#DAB681,1
21200,76.0,8.0,50.0,#E4B45D,1
21201,76.0,8.0,102.0,#EEB300,0
21202,76.0,10.0,-36.0,#A7B9FE,1
21203,76.0,10.0,-32.0,#ADB8F6,1
21204,76.0,10.0,40.0,#E4B372,1
21205,76.0,10.0,122.0,#F2B100,0
21206,76.0,12.0,-20.0,#C0B6E0,1
21207,76.0,12.0,-16.0,#C4B5D9,1
21208,76.0,12.0,46.0,#E9B166,1
21209,76.0,12.0,52.0,#EBB15A,1
21210,76.0,14.0,-38.0,#AEB6FF,0
21211,76.0,14.0,-24.0,#C0B5E8,1
21212,76.0,14.0,-14.0,#CAB4D5,1
21213,76.0,14.0,42.0,#EBB06E,1
21214,76.0,14.0,90.0,#F5AF00,0
21215,76.0,16.0,-36.0,#B5B5FE,1
21216,76.0,16.0,-22.0,#C6B3E4,1
21217,76.0,16.0,20.0,#E5B097,1
21218,76.0,16.0,48.0,#F0AF62,1
21219,76.0,16.0,54.0,#F2AE56,1
21220,76.0,16.0,96.0,#F9AD00,0
21221,76.0,16.0,124.0,#FBAD00,0
21222,76.0,18.0,-26.0,#C6B2EB,1
21223,76.0,18.0,76.0,#F9AC19,1
21224,76.0,18.0,118.0,#FDAC00,0
21225,76.0,20.0,22.0,#ECAD94,1
21226,76.0,20.0,92.0,#FEAB00,0
21227,76.0,22.0,-40.0,#BDB1FF,0
21228,76.0,22.0,-36.0,#C2B1FE,1
21229,76.0,22.0,-30.0,#C9B0F3,1
21230,76.0,22.0,16.0,#EDAC9F,1
21231,76.0,22.0,32.0,#F4AB81,1
21232,76.0,22.0,40.0,#F7AB72,1
21233,76.0,22.0,46.0,#F8AA67,1
21234,76.0,24.0,10.0,#EDABAA,1
21235,76.0,24.0,24.0,#F3AA90,1
21236,76.0,24.0,58.0,#FFA84E,1
21237,76.0,26.0,-36.0,#CAAEFE,1
21238,76.0,26.0,-14.0,#E0ABD6,1
21239,76.0,26.0,2.0,#EBAAB9,1
21240,76.0,26.0,6.0,#EDAAB1,1
21241,76.0,26.0,46.0,#FEA767,1
21242,76.0,28.0,-34.0,#D0ACFA,1
21243,76.0,28.0,-28.0,#D7ABEF,1
21244,76.0,28.0,10.0,#F3A8AA,1
21245,76.0,28.0,14.0,#F5A8A3,1
21246,76.0,28.0,52.0,#FFA55B,0
21247,76.0,28.0,58.0,#FFA54E,0
21248,76.0,28.0,92.0,#FFA400,0
21249,76.0,30.0,-8.0,#EBA8CB,1
21250,76.0,30.0,-4.0,#EEA7C4,1
21251,76.0,30.0,0.0,#F0A7BC,1
21252,76.0,30.0,4.0,#F3A7B5,1
21253,76.0,30.0,46.0,#FFA467,0
21254,76.0,30.0,98.0,#FFA300,0
21255,76.0,32.0,-34.0,#D8A9FA,1
21256,76.0,32.0,-22.0,#E4A8E4,1
21257,76.0,32.0,-14.0,#EAA7D6,1
21258,76.0,32.0,8.0,#F8A5AE,1
21259,76.0,32.0,52.0,#FFA25C,0
21260,76.0,32.0,58.0,#FFA24F,0
21261,76.0,32.0,64.0,#FFA241,0
21262,76.0,32.0,76.0,#FFA21E,0
21263,76.0,34.0,-30.0,#E0A7F3,1
21264,76.0,34.0,-2.0,#F6A4C0,1
21265,76.0,34.0,2.0,#F8A4B9,1
21266,76.0,34.0,12.0,#FDA3A7,1
21267,76.0,34.0,70.0,#FFA032,0
21268,76.0,36.0,-26.0,#E7A5EC,1
21269,76.0,36.0,-12.0,#F2A3D2,1
21270,76.0,36.0,24.0,#FFA091,0
21271,76.0,36.0,28.0,#FFA08A,0
21272,76.0,36.0,64.0,#FF9E42,0
21273,76.0,36.0,76.0,#FF9E1F,0
21274,76.0,38.0,-22.0,#EEA3E5,1
21275,76.0,38.0,10.0,#FFA0AB,0
21276,76.0,38.0,40.0,#FF9E74,0
21277,76.0,38.0,70.0,#FF9D33,0
21278,76.0,38.0,94.0,#FF9C00,0
21279,76.0,40.0,-32.0,#E9A2F7,1
21280,76.0,40.0,-4.0,#FE9FC4,1
21281,76.0,40.0,0.0,#FF9FBD,0
21282,76.0,40.0,58.0,#FF9B50,0
21283,76.0,40.0,64.0,#FF9B43,0
21284,76.0,40.0,100.0,#FF9A00,0
21285,76.0,42.0,-10.0,#FD9ECF,1
21286,76.0,42.0,34.0,#FF9A7F,0
21287,76.0,42.0,38.0,#FF9A78,0
21288,76.0,42.0,70.0,#FF9934,0
21289,76.0,44.0,-40.0,#E8A0FF,0
21290,76.0,44.0,58.0,#FF9750,0
21291,76.0,44.0,64.0,#FF9743,0
21292,76.0,46.0,-6.0,#FF9AC8,0
21293,76.0,46.0,-2.0,#FF99C1,0
21294,76.0,46.0,44.0,#FF966D,0
21295,76.0,46.0,52.0,#FF965D,0
21296,76.0,46.0,76.0,#FF9522,0
21297,76.0,46.0,88.0,#FF9500,0
21298,76.0,50.0,-10.0,#FF96CF,0
21299,76.0,52.0,-4.0,#FF94C5,0
21300,76.0,54.0,32.0,#FF8F84,0
21301,76.0,54.0,36.0,#FF8E7C,0
21302,76.0,56.0,-32.0,#FF93F7,0
21303,76.0,56.0,6.0,#FF8FB3,0
21304,76.0,56.0,42.0,#FF8C71,0
21305,76.0,62.0,-34.0,#FF8DFB,0
21306,76.0,62.0,8.0,#FF88AF,0
21307,76.0,64.0,-4.0,#FF86C5,0
21308,76.0,66.0,-30.0,#FF88F4,0
21309,76.0,72.0,-36.0,#FF81FF,0
21310,77.0,-128.0,72.0,#00EA09,0
21311,77.0,-128.0,80.0,#00EA00,0
21312,77.0,-124.0,16.0,#00EB9D,0
21313,77.0,-120.0,46.0,#00E961,0
21314,77.0,-120.0,54.0,#00E84F,0
21315,77.0,-120.0,64.0,#00E833,0
21316,77.0,-120.0,72.0,#00E80B,0
21317,77.0,-114.0,4.0,#00E9B4,0
21318,77.0,-112.0,22.0,#00E892,0
21319,77.0,-112.0,38.0,#00E772,0
21320,77.0,-112.0,46.0,#00E761,0
21321,77.0,-112.0,62.0,#00E63A,0
21322,77.0,-108.0,-2.0,#00E8BF,0
21323,77.0,-108.0,16.0,#00E79D,0
21324,77.0,-104.0,44.0,#00E566,0
21325,77.0,-102.0,-8.0,#00E7CA,0
21326,77.0,-100.0,-2.0,#00E6BF,0
21327,77.0,-100.0,98.0,#00E300,0
21328,77.0,-98.0,4.0,#00E5B4,0
21329,77.0,-98.0,90.0,#00E200,0
21330,77.0,-96.0,-14.0,#00E6D6,0
21331,77.0,-96.0,28.0,#00E387,0
21332,77.0,-96.0,34.0,#00E37B,0
21333,77.0,-96.0,42.0,#00E36A,0
21334,77.0,-96.0,50.0,#00E359,0
21335,77.0,-96.0,58.0,#00E246,0
21336,77.0,-96.0,74.0,#00E200,0
21337,77.0,-96.0,82.0,#00E200,0
21338,77.0,-92.0,-18.0,#00E5DD,0
21339,77.0,-88.0,10.0,#00E2A9,0
21340,77.0,-88.0,28.0,#00E187,0
21341,77.0,-88.0,50.0,#00E05A,0
21342,77.0,-86.0,-22.0,#00E3E5,0
21343,77.0,-86.0,-16.0,#00E3D9,0
21344,77.0,-84.0,2.0,#00E1B8,0
21345,77.0,-82.0,-26.0,#00E3EC,0
21346,77.0,-82.0,8.0,#00E0AD,0
21347,77.0,-80.0,-20.0,#00E1E1,0
21348,77.0,-80.0,-14.0,#00E1D6,0
21349,77.0,-80.0,-2.0,#00E0C0,0
21350,77.0,-80.0,34.0,#00DF7B,0
21351,77.0,-80.0,40.0,#00DE6F,0
21352,77.0,-78.0,-8.0,#00E0CB,0
21353,77.0,-76.0,-24.0,#00E1E8,0
21354,77.0,-76.0,2.0,#00DFB8,0
21355,77.0,-74.0,-4.0,#00DFC3,0
21356,77.0,-72.0,-34.0,#00E0FB,0
21357,77.0,-70.0,-22.0,#00DEE5,0
21358,77.0,-70.0,0.0,#00DDBC,0
21359,77.0,-68.0,-14.0,#00DDD6,0
21360,77.0,-68.0,54.0,#35DA52,1
21361,77.0,-66.0,-38.0,#00DEFF,0
21362,77.0,-62.0,52.0,#50D857,1
21363,77.0,-62.0,82.0,#66D700,0
21364,77.0,-60.0,66.0,#64D732,1
21365,77.0,-58.0,6.0,#00D9B1,0
21366,77.0,-58.0,72.0,#6DD61B,1
21367,77.0,-56.0,34.0,#51D67C,1
21368,77.0,-56.0,54.0,#67D652,1
21369,77.0,-56.0,78.0,#76D500,0
21370,77.0,-54.0,20.0,#3ED697,1
21371,77.0,-54.0,60.0,#72D544,1
21372,77.0,-52.0,-16.0,#00D8DA,0
21373,77.0,-52.0,66.0,#7BD433,1
21374,77.0,-50.0,6.0,#29D6B1,1
21375,77.0,-50.0,72.0,#83D31D,1
21376,77.0,-50.0,124.0,#8ED300,0
21377,77.0,-48.0,-38.0,#00D8FF,0
21378,77.0,-48.0,16.0,#53D49F,1
21379,77.0,-46.0,-16.0,#00D5DA,0
21380,77.0,-46.0,60.0,#87D245,1
21381,77.0,-46.0,92.0,#92D100,0
21382,77.0,-44.0,32.0,#77D281,1
21383,77.0,-44.0,38.0,#7DD275,1
21384,77.0,-44.0,82.0,#94D100,0
21385,77.0,-42.0,-34.0,#00D5FC,0
21386,77.0,-40.0,16.0,#70D19F,1
21387,77.0,-40.0,56.0,#92CF4F,1
21388,77.0,-40.0,88.0,#9ECF00,0
21389,77.0,-38.0,20.0,#7BD098,1
21390,77.0,-38.0,44.0,#90CF69,1
21391,77.0,-38.0,62.0,#99CE40,1
21392,77.0,-36.0,12.0,#77CFA7,1
21393,77.0,-36.0,82.0,#A4CD00,0
21394,77.0,-34.0,-18.0,#38D1DE,1
21395,77.0,-34.0,16.0,#81CE9F,1
21396,77.0,-34.0,90.0,#AACC00,0
21397,77.0,-34.0,126.0,#AECC00,0
21398,77.0,-32.0,44.0,#9DCC6A,1
21399,77.0,-32.0,98.0,#AFCB00,0
21400,77.0,-30.0,-34.0,#00D0FC,0
21401,77.0,-30.0,12.0,#87CDA7,1
21402,77.0,-28.0,-22.0,#4DCEE6,1
21403,77.0,-28.0,-18.0,#59CEDE,1
21404,77.0,-28.0,16.0,#91CCA0,1
21405,77.0,-28.0,104.0,#B7C900,0
21406,77.0,-26.0,58.0,#B0C94C,1
21407,77.0,-26.0,78.0,#B6C900,0
21408,77.0,-24.0,-34.0,#2FCDFC,1
21409,77.0,-24.0,-14.0,#72CCD7,1
21410,77.0,-24.0,86.0,#BBC800,0
21411,77.0,-24.0,94.0,#BDC700,0
21412,77.0,-22.0,-22.0,#67CBE6,1
21413,77.0,-22.0,2.0,#90CABA,1
21414,77.0,-22.0,22.0,#A3C995,1
21415,77.0,-22.0,52.0,#B5C759,1
21416,77.0,-22.0,72.0,#BCC723,1
21417,77.0,-20.0,10.0,#9DC8AB,1
21418,77.0,-20.0,66.0,#BEC638,1
21419,77.0,-20.0,80.0,#C1C600,0
21420,77.0,-20.0,88.0,#C3C600,0
21421,77.0,-20.0,96.0,#C4C500,0
21422,77.0,-18.0,-24.0,#71CAEA,1
21423,77.0,-18.0,72.0,#C3C524,1
21424,77.0,-18.0,114.0,#C9C400,0
21425,77.0,-16.0,-28.0,#6FC9F1,1
21426,77.0,-16.0,30.0,#B5C586,1
21427,77.0,-16.0,66.0,#C5C438,1
21428,77.0,-16.0,82.0,#C8C400,0
21429,77.0,-16.0,90.0,#CAC300,0
21430,77.0,-16.0,122.0,#CDC300,0
21431,77.0,-14.0,46.0,#C1C367,1
21432,77.0,-14.0,52.0,#C3C35A,1
21433,77.0,-14.0,72.0,#CAC325,1
21434,77.0,-14.0,104.0,#CFC200,0
21435,77.0,-12.0,-26.0,#80C7ED,1
21436,77.0,-12.0,66.0,#CBC239,1
21437,77.0,-12.0,92.0,#D1C100,0
21438,77.0,-10.0,26.0,#BEC28E,1
21439,77.0,-10.0,38.0,#C4C277,1
21440,77.0,-8.0,-10.0,#A3C3D0,1
21441,77.0,-8.0,-6.0,#A8C3C9,1
21442,77.0,-8.0,10.0,#B7C2AB,1
21443,77.0,-8.0,64.0,#D2C03F,1
21444,77.0,-8.0,90.0,#D7BF00,0
21445,77.0,-6.0,-22.0,#98C3E6,1
21446,77.0,-6.0,-16.0,#A0C3DB,1
21447,77.0,-6.0,12.0,#BCC1A8,1
21448,77.0,-6.0,16.0,#BFC0A0,1
21449,77.0,-6.0,40.0,#CCBF73,1
21450,77.0,-4.0,-40.0,#7CC4FF,0
21451,77.0,-4.0,-20.0,#A0C2E3,1
21452,77.0,-4.0,-14.0,#A7C1D8,1
21453,77.0,-4.0,24.0,#C8BF92,1
21454,77.0,-4.0,60.0,#D7BD49,1
21455,77.0,-4.0,80.0,#DCBD00,0
21456,77.0,-4.0,88.0,#DDBD00,0
21457,77.0,-2.0,14.0,#C5BEA4,1
21458,77.0,-2.0,18.0,#C8BE9D,1
21459,77.0,-2.0,22.0,#CABE95,1
21460,77.0,-2.0,28.0,#CEBE8A,1
21461,77.0,-2.0,74.0,#DEBC20,1
21462,77.0,-2.0,94.0,#E1BC00,0
21463,77.0,-2.0,102.0,#E2BC00,0
21464,77.0,0.0,-40.0,#89C2FF,0
21465,77.0,0.0,-18.0,#ACC0DF,1
21466,77.0,0.0,-14.0,#B0BFD8,1
21467,77.0,0.0,14.0,#C9BDA4,1
21468,77.0,0.0,18.0,#CBBD9D,1
21469,77.0,0.0,22.0,#CEBD96,1
21470,77.0,2.0,-32.0,#9DC0F9,1
21471,77.0,2.0,14.0,#CCBCA4,1
21472,77.0,2.0,18.0,#CFBC9D,1
21473,77.0,2.0,22.0,#D1BB96,1
21474,77.0,2.0,46.0,#DCBA68,1
21475,77.0,2.0,90.0,#E7B900,0
21476,77.0,2.0,98.0,#E7B900,0
21477,77.0,2.0,106.0,#E8B900,0
21478,77.0,4.0,-18.0,#B4BDDF,1
21479,77.0,4.0,22.0,#D5BA96,1
21480,77.0,6.0,-38.0,#9DBEFF,0
21481,77.0,6.0,18.0,#D6B99D,1
21482,77.0,6.0,38.0,#E0B878,1
21483,77.0,6.0,44.0,#E2B86C,1
21484,77.0,6.0,96.0,#EDB700,0
21485,77.0,8.0,-22.0,#B8BBE7,1
21486,77.0,8.0,22.0,#DCB896,1
21487,77.0,8.0,58.0,#EAB64F,1
21488,77.0,10.0,26.0,#E1B68F,1
21489,77.0,10.0,64.0,#EEB541,1
21490,77.0,12.0,70.0,#F2B331,1
21491,77.0,14.0,-10.0,#D0B6D1,1
21492,77.0,14.0,26.0,#E7B48F,1
21493,77.0,14.0,30.0,#E9B387,1
21494,77.0,14.0,118.0,#FBB100,0
21495,77.0,16.0,-30.0,#C0B7F6,1
21496,77.0,16.0,-18.0,#CDB6E0,1
21497,77.0,18.0,-6.0,#DBB3CA,1
21498,77.0,18.0,-2.0,#DEB3C2,1
21499,77.0,18.0,2.0,#E1B2BB,1
21500,77.0,18.0,6.0,#E3B2B4,1
21501,77.0,18.0,42.0,#F4B071,1
21502,77.0,18.0,62.0,#FAAF47,1
21503,77.0,18.0,82.0,#FDAF00,0
21504,77.0,20.0,-24.0,#CEB3EB,1
21505,77.0,20.0,10.0,#E9B0AD,1
21506,77.0,20.0,26.0,#F1AF8F,1
21507,77.0,20.0,68.0,#FEAE38,1
21508,77.0,22.0,20.0,#F1AE9A,1
21509,77.0,24.0,-28.0,#D2B1F2,1
21510,77.0,24.0,-24.0,#D6B1EB,1
21511,77.0,24.0,28.0,#F8AC8C,1
21512,77.0,24.0,66.0,#FFAB3E,0
21513,77.0,24.0,74.0,#FFAB27,0
21514,77.0,24.0,116.0,#FFAA00,0
21515,77.0,26.0,16.0,#F6ACA2,1
21516,77.0,26.0,22.0,#F9AB97,1
21517,77.0,26.0,80.0,#FFA908,0
21518,77.0,26.0,102.0,#FFA900,0
21519,77.0,26.0,122.0,#FFA800,0
21520,77.0,30.0,20.0,#FEA89B,1
21521,77.0,30.0,26.0,#FFA890,0
21522,77.0,30.0,34.0,#FFA781,0
21523,77.0,30.0,40.0,#FFA775,0
21524,77.0,30.0,86.0,#FFA600,0
21525,77.0,30.0,110.0,#FFA500,0
21526,77.0,32.0,92.0,#FFA400,0
21527,77.0,34.0,46.0,#FFA46A,0
21528,77.0,34.0,84.0,#FFA200,0
21529,77.0,34.0,98.0,#FFA200,0
21530,77.0,36.0,-18.0,#F1A7E0,1
21531,77.0,36.0,18.0,#FFA39F,0
21532,77.0,36.0,58.0,#FFA152,0
21533,77.0,36.0,104.0,#FFA000,0
21534,77.0,38.0,46.0,#FFA06B,0
21535,77.0,38.0,52.0,#FFA05F,0
21536,77.0,38.0,126.0,#FF9E00,0
21537,77.0,42.0,6.0,#FF9FB5,0
21538,77.0,42.0,20.0,#FF9E9B,0
21539,77.0,42.0,52.0,#FF9C5F,0
21540,77.0,46.0,18.0,#FF9A9F,0
21541,77.0,46.0,26.0,#FF9A91,0
21542,77.0,48.0,-22.0,#FF9CE8,0
21543,77.0,48.0,8.0,#FF99B1,0
21544,77.0,48.0,12.0,#FF99AA,0
21545,77.0,48.0,104.0,#FF9500,0
21546,77.0,50.0,22.0,#FF9698,0
21547,77.0,50.0,82.0,#FF9409,0
21548,77.0,52.0,-18.0,#FF98E1,0
21549,77.0,52.0,88.0,#FF9100,0
21550,77.0,54.0,-14.0,#FF96D9,0
21551,77.0,54.0,10.0,#FF93AE,0
21552,77.0,54.0,46.0,#FF916C,0
21553,77.0,54.0,60.0,#FF9050,0
21554,77.0,54.0,80.0,#FF8F18,0
21555,77.0,56.0,66.0,#FF8E43,0
21556,77.0,58.0,-2.0,#FF90C4,0
21557,77.0,60.0,-18.0,#FF90E1,0
21558,77.0,60.0,40.0,#FF8A78,0
21559,77.0,62.0,28.0,#FF898E,0
21560,77.0,66.0,-20.0,#FF89E5,0
21561,77.0,68.0,-8.0,#FF85CF,0
21562,77.0,74.0,-24.0,#FF7FEC,0
21563,77.0,74.0,-18.0,#FF7EE1,0
21564,77.0,76.0,-30.0,#FF7DF7,0
21565,78.0,-126.0,90.0,#00EC00,0
21566,78.0,-112.0,52.0,#00EA56,0
21567,78.0,-110.0,30.0,#00EA85,0
21568,78.0,-104.0,52.0,#00E857,0
21569,78.0,-104.0,88.0,#00E700,0
21570,78.0,-92.0,4.0,#00E6B7,0
21571,78.0,-92.0,18.0,#00E69C,0
21572,78.0,-90.0,42.0,#00E46D,0
21573,78.0,-90.0,98.0,#00E300,0
21574,78.0,-86.0,16.0,#00E4A0,0
21575,78.0,-84.0,92.0,#00E100,0
21576,78.0,-80.0,46.0,#00E165,0
21577,78.0,-74.0,40.0,#00DF72,0
21578,78.0,-74.0,56.0,#00DF4F,0
21579,78.0,-72.0,28.0,#00DF8A,0
21580,78.0,-70.0,-8.0,#00E0CE,0
21581,78.0,-70.0,22.0,#00DF96,0
21582,78.0,-70.0,70.0,#43DD26,1
21583,78.0,-70.0,100.0,#56DD00,0
21584,78.0,-68.0,8.0,#00DFB0,0
21585,78.0,-68.0,38.0,#00DD76,0
21586,78.0,-68.0,44.0,#21DD6A,1
21587,78.0,-68.0,60.0,#42DD46,1
21588,78.0,-64.0,-6.0,#00DECA,0
21589,78.0,-64.0,4.0,#00DEB8,0
21590,78.0,-62.0,-10.0,#00DED2,0
21591,78.0,-62.0,42.0,#46DB6F,1
21592,78.0,-60.0,-22.0,#00DEE8,0
21593,78.0,-60.0,22.0,#18DB96,1
21594,78.0,-56.0,-8.0,#00DCCE,0
21595,78.0,-56.0,26.0,#45DA8E,1
21596,78.0,-56.0,44.0,#61D96B,1
21597,78.0,-56.0,100.0,#80D800,0
21598,78.0,-54.0,-20.0,#00DCE4,0
21599,78.0,-50.0,-24.0,#00DAEC,0
21600,78.0,-50.0,-10.0,#00D9D2,0
21601,78.0,-50.0,-6.0,#00D9CA,0
21602,78.0,-50.0,40.0,#70D773,1
21603,78.0,-50.0,104.0,#8FD600,0
21604,78.0,-46.0,50.0,#83D55F,1
21605,78.0,-46.0,112.0,#98D400,0
21606,78.0,-44.0,26.0,#73D58F,1
21607,78.0,-44.0,44.0,#84D46B,1
21608,78.0,-44.0,72.0,#93D423,1
21609,78.0,-44.0,104.0,#9BD300,0
21610,78.0,-42.0,4.0,#57D5B8,1
21611,78.0,-42.0,12.0,#66D5A9,1
21612,78.0,-40.0,-6.0,#45D5CB,1
21613,78.0,-38.0,32.0,#8AD284,1
21614,78.0,-38.0,38.0,#8ED278,1
21615,78.0,-38.0,68.0,#9FD132,1
21616,78.0,-38.0,76.0,#A1D10D,1
21617,78.0,-38.0,100.0,#A7D100,0
21618,78.0,-36.0,-2.0,#62D3C3,1
21619,78.0,-36.0,2.0,#6AD3BC,1
21620,78.0,-34.0,52.0,#A0D05B,1
21621,78.0,-34.0,70.0,#A8CF2C,1
21622,78.0,-34.0,106.0,#AFCF00,0
21623,78.0,-32.0,-4.0,#6DD2C7,1
21624,78.0,-32.0,22.0,#8FD097,1
21625,78.0,-32.0,34.0,#99CF80,1
21626,78.0,-30.0,8.0,#85D0B1,1
21627,78.0,-30.0,54.0,#A9CE57,1
21628,78.0,-30.0,64.0,#ADCE3F,1
21629,78.0,-30.0,72.0,#B0CD25,1
21630,78.0,-28.0,-38.0,#00D3FF,0
21631,78.0,-28.0,48.0,#AACD64,1
21632,78.0,-26.0,-26.0,#4DD0F0,1
21633,78.0,-26.0,-12.0,#72CFD6,1
21634,78.0,-26.0,2.0,#88CEBC,1
21635,78.0,-26.0,6.0,#8DCEB5,1
21636,78.0,-26.0,28.0,#A2CD8C,1
21637,78.0,-26.0,66.0,#B6CC3A,1
21638,78.0,-24.0,32.0,#A9CC84,1
21639,78.0,-22.0,-10.0,#82CDD3,1
21640,78.0,-22.0,-6.0,#88CDCB,1
21641,78.0,-22.0,-2.0,#8ECDC4,1
21642,78.0,-22.0,6.0,#97CCB5,1
21643,78.0,-22.0,42.0,#B3CA71,1
21644,78.0,-22.0,106.0,#C5C900,0
21645,78.0,-20.0,28.0,#AFCA8C,1
21646,78.0,-18.0,-14.0,#87CCDA,1
21647,78.0,-18.0,-10.0,#8DCBD3,1
21648,78.0,-18.0,-6.0,#93CBCB,1
21649,78.0,-18.0,-2.0,#98CBC4,1
21650,78.0,-18.0,2.0,#9CCABD,1
21651,78.0,-18.0,6.0,#A1CAB5,1
21652,78.0,-18.0,14.0,#A8CAA6,1
21653,78.0,-18.0,22.0,#AEC997,1
21654,78.0,-18.0,44.0,#BCC86D,1
21655,78.0,-18.0,56.0,#C1C854,1
21656,78.0,-16.0,8.0,#A7C9B2,1
21657,78.0,-16.0,16.0,#AEC9A3,1
21658,78.0,-16.0,26.0,#B5C890,1
21659,78.0,-14.0,-12.0,#95C9D6,1
21660,78.0,-14.0,-8.0,#9AC9CF,1
21661,78.0,-14.0,-4.0,#9FC9C8,1
21662,78.0,-14.0,0.0,#A3C9C0,1
21663,78.0,-14.0,4.0,#A7C8B9,1
21664,78.0,-12.0,2.0,#AAC7BD,1
21665,78.0,-12.0,6.0,#AEC7B5,1
21666,78.0,-12.0,12.0,#B3C7AA,1
21667,78.0,-12.0,20.0,#B9C69B,1
21668,78.0,-12.0,56.0,#CBC554,1
21669,78.0,-10.0,-36.0,#74CAFF,0
21670,78.0,-10.0,-30.0,#82C9F8,1
21671,78.0,-10.0,-12.0,#9FC7D7,1
21672,78.0,-10.0,-8.0,#A4C7CF,1
21673,78.0,-10.0,4.0,#B0C6B9,1
21674,78.0,-10.0,8.0,#B4C6B2,1
21675,78.0,-10.0,32.0,#C4C585,1
21676,78.0,-8.0,6.0,#B6C5B6,1
21677,78.0,-8.0,16.0,#BEC4A3,1
21678,78.0,-8.0,54.0,#D1C359,1
21679,78.0,-6.0,22.0,#C6C398,1
21680,78.0,-6.0,28.0,#C9C38D,1
21681,78.0,-6.0,34.0,#CCC281,1
21682,78.0,-6.0,124.0,#E0C000,0
21683,78.0,-4.0,-8.0,#B1C4CF,1
21684,78.0,-4.0,-4.0,#B5C3C8,1
21685,78.0,-4.0,0.0,#B9C3C1,1
21686,78.0,-4.0,4.0,#BCC3B9,1
21687,78.0,-4.0,8.0,#C0C3B2,1
21688,78.0,-4.0,16.0,#C5C2A3,1
21689,78.0,-2.0,-24.0,#A2C4ED,1
21690,78.0,-2.0,-10.0,#B3C3D3,1
21691,78.0,-2.0,-6.0,#B7C2CC,1
21692,78.0,-2.0,-2.0,#BBC2C4,1
21693,78.0,-2.0,2.0,#BFC2BD,1
21694,78.0,-2.0,6.0,#C2C2B6,1
21695,78.0,-2.0,10.0,#C5C1AE,1
21696,78.0,-2.0,42.0,#D7C072,1
21697,78.0,-2.0,118.0,#E6BE00,0
21698,78.0,0.0,-22.0,#A9C3E9,1
21699,78.0,0.0,-10.0,#B7C2D3,1
21700,78.0,0.0,-6.0,#BBC1CC,1
21701,78.0,0.0,-2.0,#BFC1C4,1
21702,78.0,0.0,2.0,#C3C1BD,1
21703,78.0,0.0,6.0,#C6C0B6,1
21704,78.0,0.0,10.0,#C9C0AE,1
21705,78.0,0.0,82.0,#E5BD00,0
21706,78.0,0.0,126.0,#E9BD00,0
21707,78.0,2.0,-10.0,#BBC0D3,1
21708,78.0,2.0,-6.0,#BFC0CC,1
21709,78.0,2.0,-2.0,#C3C0C5,1
21710,78.0,2.0,2.0,#C6BFBD,1
21711,78.0,2.0,6.0,#CABFB6,1
21712,78.0,2.0,10.0,#CCBFAF,1
21713,78.0,2.0,28.0,#D7BE8D,1
21714,78.0,2.0,114.0,#ECBC00,0
21715,78.0,4.0,-14.0,#BBC0DB,1
21716,78.0,4.0,-10.0,#C0BFD3,1
21717,78.0,4.0,-6.0,#C3BFCC,1
21718,78.0,4.0,-2.0,#C7BFC5,1
21719,78.0,4.0,2.0,#CABEBD,1
21720,78.0,4.0,6.0,#CDBEB6,1
21721,78.0,4.0,10.0,#D0BEAF,1
21722,78.0,4.0,84.0,#ECBB00,0
21723,78.0,4.0,120.0,#EFBA00,0
21724,78.0,6.0,-18.0,#BBBFE2,1
21725,78.0,6.0,-14.0,#C0BEDB,1
21726,78.0,6.0,-10.0,#C4BED3,1
21727,78.0,6.0,-6.0,#C7BECC,1
21728,78.0,6.0,-2.0,#CBBDC5,1
21729,78.0,6.0,2.0,#CEBDBD,1
21730,78.0,6.0,6.0,#D1BDB6,1
21731,78.0,6.0,10.0,#D4BCAF,1
21732,78.0,6.0,14.0,#D6BCA7,1
21733,78.0,6.0,26.0,#DDBC91,1
21734,78.0,6.0,62.0,#EBBA48,1
21735,78.0,6.0,108.0,#F2B900,0
21736,78.0,8.0,-18.0,#BFBDE2,1
21737,78.0,8.0,-14.0,#C4BDDB,1
21738,78.0,8.0,-10.0,#C7BDD3,1
21739,78.0,8.0,-6.0,#CBBCCC,1
21740,78.0,8.0,-2.0,#CEBCC5,1
21741,78.0,8.0,2.0,#D2BCBD,1
21742,78.0,8.0,6.0,#D5BCB6,1
21743,78.0,8.0,10.0,#D7BBAF,1
21744,78.0,8.0,14.0,#DABBA7,1
21745,78.0,8.0,18.0,#DCBBA0,1
21746,78.0,8.0,30.0,#E2BA8A,1
21747,78.0,8.0,78.0,#F1B814,1
21748,78.0,8.0,86.0,#F2B800,0
21749,78.0,8.0,114.0,#F5B800,0
21750,78.0,10.0,-28.0,#B8BDF5,1
21751,78.0,10.0,-8.0,#CDBBD0,1
21752,78.0,10.0,-4.0,#D1BBC8,1
21753,78.0,10.0,0.0,#D4BBC1,1
21754,78.0,10.0,4.0,#D7BABA,1
21755,78.0,10.0,8.0,#D9BAB2,1
21756,78.0,10.0,14.0,#DDBAA7,1
21757,78.0,10.0,94.0,#F6B700,0
21758,78.0,12.0,-6.0,#D3BACC,1
21759,78.0,12.0,-2.0,#D6BAC5,1
21760,78.0,12.0,2.0,#D9B9BE,1
21761,78.0,12.0,6.0,#DCB9B6,1
21762,78.0,12.0,12.0,#DFB9AB,1
21763,78.0,12.0,18.0,#E3B8A0,1
21764,78.0,12.0,22.0,#E5B899,1
21765,78.0,12.0,32.0,#EAB786,1
21766,78.0,12.0,38.0,#ECB77B,1
21767,78.0,12.0,80.0,#F7B606,1
21768,78.0,12.0,108.0,#FAB500,0
21769,78.0,14.0,-4.0,#D8B8C9,1
21770,78.0,14.0,0.0,#DBB8C1,1
21771,78.0,14.0,4.0,#DEB8BA,1
21772,78.0,14.0,10.0,#E2B7AF,1
21773,78.0,14.0,16.0,#E5B7A4,1
21774,78.0,14.0,56.0,#F5B557,1
21775,78.0,14.0,102.0,#FDB400,0
21776,78.0,16.0,8.0,#E4B6B3,1
21777,78.0,16.0,14.0,#E7B6A8,1
21778,78.0,16.0,24.0,#EDB595,1
21779,78.0,16.0,36.0,#F2B47F,1
21780,78.0,16.0,70.0,#FCB335,1
21781,78.0,16.0,108.0,#FFB300,0
21782,78.0,18.0,-14.0,#D7B6DB,1
21783,78.0,18.0,12.0,#EAB4AB,1
21784,78.0,18.0,18.0,#EDB4A0,1
21785,78.0,18.0,30.0,#F3B38A,1
21786,78.0,18.0,102.0,#FFB100,0
21787,78.0,20.0,-18.0,#D7B5E2,1
21788,78.0,20.0,-12.0,#DCB5D7,1
21789,78.0,20.0,36.0,#F8B27F,1
21790,78.0,20.0,48.0,#FCB168,1
21791,78.0,20.0,108.0,#FFB000,0
21792,78.0,22.0,-8.0,#E3B3D0,1
21793,78.0,22.0,-4.0,#E6B3C9,1
21794,78.0,22.0,0.0,#E9B2C2,1
21795,78.0,22.0,4.0,#EBB2BA,1
21796,78.0,22.0,102.0,#FFAE00,0
21797,78.0,24.0,-18.0,#DEB3E3,1
21798,78.0,24.0,38.0,#FFAF7B,0
21799,78.0,24.0,84.0,#FFAD00,0
21800,78.0,24.0,108.0,#FFAD00,0
21801,78.0,26.0,-10.0,#E9B0D4,1
21802,78.0,26.0,-6.0,#ECB0CD,1
21803,78.0,26.0,-2.0,#EEB0C5,1
21804,78.0,26.0,34.0,#FFAD83,0
21805,78.0,28.0,-22.0,#E2B0EA,1
21806,78.0,28.0,-18.0,#E6B0E3,1
21807,78.0,28.0,28.0,#FFAC8E,0
21808,78.0,28.0,66.0,#FFAA41,0
21809,78.0,28.0,74.0,#FFAA2B,0
21810,78.0,32.0,14.0,#FFAAA8,0
21811,78.0,32.0,24.0,#FFA996,0
21812,78.0,32.0,116.0,#FFA600,0
21813,78.0,34.0,34.0,#FFA784,0
21814,78.0,34.0,40.0,#FFA778,0
21815,78.0,36.0,-8.0,#FBA8D1,1
21816,78.0,36.0,112.0,#FFA300,0
21817,78.0,38.0,32.0,#FFA488,0
21818,78.0,38.0,118.0,#FFA100,0
21819,78.0,40.0,-36.0,#EBA8FF,0
21820,78.0,40.0,-14.0,#FDA6DC,1
21821,78.0,40.0,78.0,#FFA020,0
21822,78.0,42.0,-20.0,#FCA4E7,1
21823,78.0,42.0,14.0,#FFA1A9,0
21824,78.0,42.0,108.0,#FF9E00,0
21825,78.0,42.0,116.0,#FF9E00,0
21826,78.0,44.0,30.0,#FF9E8C,0
21827,78.0,44.0,90.0,#FF9C00,0
21828,78.0,44.0,98.0,#FF9C00,0
21829,78.0,44.0,122.0,#FF9C00,0
21830,78.0,46.0,-36.0,#F6A3FF,0
21831,78.0,46.0,-30.0,#FBA2F9,1
21832,78.0,46.0,-16.0,#FFA0E0,0
21833,78.0,48.0,40.0,#FF9A79,0
21834,78.0,48.0,96.0,#FF9800,0
21835,78.0,48.0,110.0,#FF9800,0
21836,78.0,50.0,2.0,#FF9BBF,0
21837,78.0,50.0,68.0,#FF9740,0
21838,78.0,52.0,-36.0,#FF9DFF,0
21839,78.0,52.0,26.0,#FF9794,0
21840,78.0,52.0,52.0,#FF9563,0
21841,78.0,52.0,74.0,#FF9431,0
21842,78.0,54.0,14.0,#FF96AA,0
21843,78.0,54.0,18.0,#FF95A2,0
21844,78.0,56.0,-28.0,#FF98F6,0
21845,78.0,56.0,24.0,#FF9397,0
21846,78.0,58.0,-22.0,#FF95EB,0
21847,78.0,58.0,-10.0,#FF94D5,0
21848,78.0,58.0,30.0,#FF908D,0
21849,78.0,58.0,52.0,#FF8F63,0
21850,78.0,60.0,16.0,#FF8FA6,0
21851,78.0,62.0,22.0,#FF8C9B,0
21852,78.0,62.0,36.0,#FF8B82,0
21853,78.0,64.0,-12.0,#FF8DD9,0
21854,78.0,64.0,2.0,#FF8CC0,0
21855,78.0,66.0,18.0,#FF88A3,0
21856,78.0,70.0,-28.0,#FF88F6,0
21857,78.0,70.0,-2.0,#FF84C7,0
21858,79.0,-128.0,32.0,#00F183,0
21859,79.0,-128.0,40.0,#00F173,0
21860,79.0,-128.0,48.0,#00F061,0
21861,79.0,-128.0,56.0,#00F04F,0
21862,79.0,-128.0,64.0,#00F039,0
21863,79.0,-124.0,24.0,#00F093,0
21864,79.0,-122.0,30.0,#00F087,0
21865,79.0,-120.0,36.0,#00EF7B,0
21866,79.0,-120.0,84.0,#00EE00,0
21867,79.0,-118.0,16.0,#00EFA2,0
21868,79.0,-118.0,22.0,#00EF97,0
21869,79.0,-116.0,100.0,#00ED00,0
21870,79.0,-114.0,90.0,#00EC00,0
21871,79.0,-112.0,10.0,#00EEAE,0
21872,79.0,-112.0,68.0,#00EC2C,0
21873,79.0,-112.0,76.0,#00EC00,0
21874,79.0,-110.0,82.0,#00EC00,0
21875,79.0,-108.0,96.0,#00EB00,0
21876,79.0,-108.0,106.0,#00EB00,0
21877,79.0,-106.0,6.0,#00EDB6,0
21878,79.0,-106.0,12.0,#00EDAA,0
21879,79.0,-104.0,32.0,#00EB84,0
21880,79.0,-104.0,64.0,#00EA3A,0
21881,79.0,-104.0,74.0,#00EA0D,0
21882,79.0,-102.0,82.0,#00EA00,0
21883,79.0,-100.0,8.0,#00EBB2,0
21884,79.0,-100.0,14.0,#00EBA7,0
21885,79.0,-100.0,20.0,#00EB9B,0
21886,79.0,-100.0,108.0,#00E900,0
21887,79.0,-96.0,64.0,#00E83B,0
21888,79.0,-94.0,-4.0,#00EAC9,0
21889,79.0,-94.0,12.0,#00EAAA,0
21890,79.0,-92.0,108.0,#00E700,0
21891,79.0,-90.0,70.0,#00E627,0
21892,79.0,-90.0,82.0,#00E600,0
21893,79.0,-88.0,-8.0,#00E9D0,0
21894,79.0,-88.0,-2.0,#00E9C5,0
21895,79.0,-88.0,36.0,#00E77C,0
21896,79.0,-88.0,60.0,#00E647,0
21897,79.0,-86.0,22.0,#00E798,0
21898,79.0,-86.0,106.0,#00E500,0
21899,79.0,-84.0,76.0,#00E500,0
21900,79.0,-84.0,98.0,#00E400,0
21901,79.0,-84.0,112.0,#00E400,0
21902,79.0,-82.0,28.0,#00E58C,0
21903,79.0,-82.0,66.0,#00E436,0
21904,79.0,-82.0,84.0,#00E400,0
21905,79.0,-80.0,14.0,#00E5A7,0
21906,79.0,-80.0,20.0,#00E59C,0
21907,79.0,-80.0,56.0,#00E451,0
21908,79.0,-78.0,102.0,#36E200,0
21909,79.0,-78.0,110.0,#3AE200,0
21910,79.0,-76.0,24.0,#00E494,0
21911,79.0,-76.0,62.0,#00E243,0
21912,79.0,-76.0,70.0,#1FE229,1
21913,79.0,-76.0,78.0,#2DE200,0
21914,79.0,-76.0,96.0,#3EE200,0
21915,79.0,-74.0,12.0,#00E3AB,0
21916,79.0,-74.0,18.0,#00E3A0,0
21917,79.0,-74.0,86.0,#42E100,0
21918,79.0,-72.0,106.0,#54E000,0
21919,79.0,-72.0,114.0,#57E000,0
21920,79.0,-70.0,92.0,#57E000,0
21921,79.0,-68.0,16.0,#00E1A4,0
21922,79.0,-68.0,82.0,#59DF00,0
21923,79.0,-66.0,-24.0,#00E3EE,0
21924,79.0,-66.0,-18.0,#00E3E3,0
21925,79.0,-66.0,110.0,#6ADE00,0
21926,79.0,-66.0,118.0,#6BDE00,0
21927,79.0,-64.0,76.0,#63DE09,1
21928,79.0,-64.0,96.0,#6CDE00,0
21929,79.0,-62.0,-28.0,#00E2F6,0
21930,79.0,-62.0,12.0,#00DFAB,0
21931,79.0,-62.0,32.0,#34DF85,1
21932,79.0,-60.0,-16.0,#00E0E0,0
21933,79.0,-60.0,106.0,#7ADC00,0
21934,79.0,-60.0,114.0,#7BDC00,0
21935,79.0,-60.0,122.0,#7CDC00,0
21936,79.0,-58.0,-2.0,#00DFC6,0
21937,79.0,-58.0,16.0,#13DEA4,1
21938,79.0,-58.0,92.0,#7CDC00,0
21939,79.0,-56.0,-32.0,#00E0FD,0
21940,79.0,-56.0,-26.0,#00E0F2,0
21941,79.0,-56.0,2.0,#00DEBE,0
21942,79.0,-54.0,-14.0,#00DEDC,0
21943,79.0,-54.0,84.0,#83DA00,0
21944,79.0,-54.0,116.0,#8ADA00,0
21945,79.0,-52.0,-36.0,#00DFFF,0
21946,79.0,-52.0,12.0,#3BDCAC,1
21947,79.0,-50.0,-30.0,#00DEFA,0
21948,79.0,-50.0,0.0,#07DCC2,1
21949,79.0,-50.0,22.0,#5CDA99,1
21950,79.0,-50.0,30.0,#68DA8A,1
21951,79.0,-50.0,88.0,#8ED900,0
21952,79.0,-48.0,80.0,#90D800,0
21953,79.0,-44.0,-30.0,#00DBFA,0
21954,79.0,-44.0,-24.0,#00DBEF,0
21955,79.0,-44.0,-20.0,#00DBE7,0
21956,79.0,-44.0,-2.0,#3FD9C6,1
21957,79.0,-42.0,-10.0,#29D9D5,1
21958,79.0,-42.0,96.0,#A1D500,0
21959,79.0,-42.0,120.0,#A4D500,0
21960,79.0,-40.0,-16.0,#0DD9E0,1
21961,79.0,-38.0,-30.0,#00D9FA,0
21962,79.0,-38.0,-24.0,#00D8EF,0
21963,79.0,-38.0,-20.0,#00D8E7,0
21964,79.0,-38.0,-12.0,#3FD8D9,1
21965,79.0,-38.0,8.0,#70D6B4,1
21966,79.0,-38.0,26.0,#87D592,1
21967,79.0,-36.0,-8.0,#57D6D1,1
21968,79.0,-36.0,116.0,#B0D200,0
21969,79.0,-34.0,-36.0,#00D8FF,0
21970,79.0,-34.0,40.0,#9CD377,1
21971,79.0,-34.0,62.0,#A7D246,1
21972,79.0,-32.0,-30.0,#00D6FA,0
21973,79.0,-32.0,-24.0,#32D6EF,1
21974,79.0,-32.0,-20.0,#45D6E8,1
21975,79.0,-32.0,-12.0,#5ED5D9,1
21976,79.0,-32.0,0.0,#77D4C3,1
21977,79.0,-32.0,26.0,#96D392,1
21978,79.0,-30.0,-8.0,#6FD4D1,1
21979,79.0,-30.0,86.0,#B6D000,0
21980,79.0,-30.0,114.0,#BAD000,0
21981,79.0,-28.0,40.0,#A9D077,1
21982,79.0,-28.0,92.0,#BBCF00,0
21983,79.0,-26.0,10.0,#95D1B0,1
21984,79.0,-24.0,18.0,#A1CFA1,1
21985,79.0,-24.0,114.0,#C5CD00,0
21986,79.0,-24.0,122.0,#C6CD00,0
21987,79.0,-22.0,-26.0,#63D1F3,1
21988,79.0,-22.0,14.0,#A2CFA9,1
21989,79.0,-22.0,58.0,#BDCD51,1
21990,79.0,-20.0,-30.0,#60D1FA,1
21991,79.0,-20.0,18.0,#AACDA1,1
21992,79.0,-18.0,-36.0,#56D0FF,0
21993,79.0,-18.0,-20.0,#7FCFE8,1
21994,79.0,-18.0,50.0,#C1CB63,1
21995,79.0,-16.0,-16.0,#8CCEE1,1
21996,79.0,-16.0,34.0,#BDCA83,1
21997,79.0,-14.0,-36.0,#68CEFF,0
21998,79.0,-14.0,-24.0,#84CDEF,1
21999,79.0,-14.0,-18.0,#8ECDE4,1
22000,79.0,-14.0,38.0,#C3C97C,1
22001,79.0,-12.0,30.0,#C2C98B,1
22002,79.0,-12.0,112.0,#D9C700,0
22003,79.0,-12.0,120.0,#D9C700,0
22004,79.0,-10.0,-24.0,#90CBF0,1
22005,79.0,-10.0,-18.0,#99CBE4,1
22006,79.0,-10.0,-2.0,#ADC9C7,1
22007,79.0,-10.0,46.0,#CEC76C,1
22008,79.0,-10.0,78.0,#D8C611,1
22009,79.0,-10.0,86.0,#D9C600,0
22010,79.0,-10.0,106.0,#DCC600,0
22011,79.0,-8.0,-20.0,#9BCAE8,1
22012,79.0,-8.0,-14.0,#A4C9DD,1
22013,79.0,-8.0,-8.0,#ABC9D2,1
22014,79.0,-8.0,-4.0,#AFC8CB,1
22015,79.0,-8.0,0.0,#B3C8C3,1
22016,79.0,-8.0,26.0,#C7C793,1
22017,79.0,-6.0,-28.0,#94C9F7,1
22018,79.0,-6.0,-12.0,#ABC8D9,1
22019,79.0,-6.0,-8.0,#AFC8D2,1
22020,79.0,-6.0,-4.0,#B4C7CB,1
22021,79.0,-6.0,0.0,#B7C7C3,1
22022,79.0,-6.0,4.0,#BBC7BC,1
22023,79.0,-6.0,8.0,#BEC6B5,1
22024,79.0,-6.0,46.0,#D5C56C,1
22025,79.0,-6.0,76.0,#DEC41E,1
22026,79.0,-6.0,100.0,#E1C300,0
22027,79.0,-6.0,108.0,#E2C300,0
22028,79.0,-6.0,116.0,#E3C300,0
22029,79.0,-4.0,68.0,#DFC33A,1
22030,79.0,-2.0,-32.0,#98C7FF,1
22031,79.0,-2.0,-18.0,#ACC6E5,1
22032,79.0,-2.0,-14.0,#B1C6DD,1
22033,79.0,-2.0,36.0,#D7C380,1
22034,79.0,-2.0,50.0,#DDC264,1
22035,79.0,-2.0,110.0,#E9C100,0
22036,79.0,0.0,0.0,#C4C4C4,1
22037,79.0,0.0,26.0,#D6C293,1
22038,79.0,0.0,56.0,#E2C158,1
22039,79.0,0.0,64.0,#E5C045,1
22040,79.0,2.0,-20.0,#B3C4E8,1
22041,79.0,2.0,-16.0,#B8C4E1,1
22042,79.0,2.0,36.0,#DEC081,1
22043,79.0,2.0,70.0,#E9BF35,1
22044,79.0,4.0,-32.0,#A7C4FF,1
22045,79.0,4.0,-28.0,#ADC4F7,1
22046,79.0,4.0,16.0,#D7C0A6,1
22047,79.0,4.0,56.0,#E9BE58,1
22048,79.0,6.0,-26.0,#B4C2F4,1
22049,79.0,6.0,32.0,#E3BE88,1
22050,79.0,6.0,72.0,#F0BD30,1
22051,79.0,8.0,-34.0,#AEC2FF,0
22052,79.0,8.0,50.0,#EDBC65,1
22053,79.0,8.0,102.0,#F7BB00,0
22054,79.0,8.0,122.0,#F9BB00,0
22055,79.0,10.0,-32.0,#B6C0FF,1
22056,79.0,10.0,-22.0,#C2BFEC,1
22057,79.0,10.0,40.0,#EDBB79,1
22058,79.0,10.0,46.0,#EFBB6D,1
22059,79.0,12.0,-26.0,#C2BEF4,1
22060,79.0,12.0,-20.0,#C8BEE9,1
22061,79.0,12.0,-16.0,#CCBDE1,1
22062,79.0,12.0,60.0,#F6B950,1
22063,79.0,14.0,-24.0,#C8BDF0,1
22064,79.0,14.0,-14.0,#D2BCDE,1
22065,79.0,14.0,48.0,#F6B86A,1
22066,79.0,14.0,90.0,#FFB700,0
22067,79.0,16.0,-36.0,#BEBDFF,0
22068,79.0,16.0,-22.0,#CEBBED,1
22069,79.0,16.0,-8.0,#DBBAD3,1
22070,79.0,16.0,20.0,#EEB89F,1
22071,79.0,16.0,96.0,#FFB500,0
22072,79.0,18.0,-26.0,#CEBAF4,1
22073,79.0,18.0,76.0,#FFB425,0
22074,79.0,18.0,118.0,#FFB400,0
22075,79.0,20.0,22.0,#F5B59C,1
22076,79.0,20.0,56.0,#FFB45A,0
22077,79.0,20.0,92.0,#FFB300,0
22078,79.0,20.0,124.0,#FFB200,0
22079,79.0,22.0,-36.0,#CAB9FF,0
22080,79.0,22.0,-30.0,#D2B8FC,1
22081,79.0,22.0,16.0,#F5B4A7,1
22082,79.0,22.0,32.0,#FDB389,1
22083,79.0,22.0,78.0,#FFB11E,0
22084,79.0,24.0,10.0,#F5B3B2,1
22085,79.0,24.0,24.0,#FCB298,1
22086,79.0,24.0,58.0,#FFB056,0
22087,79.0,24.0,92.0,#FFB000,0
22088,79.0,26.0,-36.0,#D3B6FF,0
22089,79.0,26.0,-14.0,#E8B3DE,1
22090,79.0,26.0,2.0,#F4B2C1,1
22091,79.0,26.0,6.0,#F6B2BA,1
22092,79.0,26.0,46.0,#FFAF6F,0
22093,79.0,26.0,52.0,#FFAF63,0
22094,79.0,28.0,-34.0,#D9B4FF,0
22095,79.0,28.0,-28.0,#DFB3F8,1
22096,79.0,28.0,10.0,#FCB0B2,1
22097,79.0,28.0,14.0,#FEB0AB,1
22098,79.0,28.0,58.0,#FFAD56,0
22099,79.0,28.0,92.0,#FFAD00,0
22100,79.0,30.0,-8.0,#F4B0D3,1
22101,79.0,30.0,-4.0,#F7B0CC,1
22102,79.0,30.0,0.0,#F9AFC5,1
22103,79.0,30.0,4.0,#FCAFBD,1
22104,79.0,30.0,46.0,#FFAC6F,0
22105,79.0,30.0,52.0,#FFAC63,0
22106,79.0,30.0,98.0,#FFAB00,0
22107,79.0,32.0,-34.0,#E1B1FF,0
22108,79.0,32.0,-22.0,#ECB0ED,1
22109,79.0,32.0,-14.0,#F3AFDE,1
22110,79.0,32.0,8.0,#FFADB6,0
22111,79.0,32.0,58.0,#FFAA57,0
22112,79.0,32.0,64.0,#FFAA49,0
22113,79.0,32.0,76.0,#FFAA29,0
22114,79.0,32.0,124.0,#FFA900,0
22115,79.0,34.0,-30.0,#E9AFFC,1
22116,79.0,34.0,-2.0,#FFACC8,1
22117,79.0,34.0,2.0,#FFACC1,0
22118,79.0,34.0,52.0,#FFA963,0
22119,79.0,34.0,70.0,#FFA83B,0
22120,79.0,36.0,-26.0,#F0ADF5,1
22121,79.0,36.0,6.0,#FFAABA,0
22122,79.0,36.0,24.0,#FFA999,0
22123,79.0,36.0,64.0,#FFA74A,0
22124,79.0,38.0,-22.0,#F7ABED,1
22125,79.0,38.0,10.0,#FFA8B3,0
22126,79.0,38.0,40.0,#FFA67B,0
22127,79.0,38.0,70.0,#FFA53C,0
22128,79.0,38.0,82.0,#FFA40F,0
22129,79.0,38.0,94.0,#FFA400,0
22130,79.0,40.0,-32.0,#F2AAFF,0
22131,79.0,40.0,-4.0,#FFA7CC,0
22132,79.0,40.0,0.0,#FFA7C5,0
22133,79.0,40.0,58.0,#FFA358,0
22134,79.0,40.0,64.0,#FFA34A,0
22135,79.0,42.0,-10.0,#FFA6D7,0
22136,79.0,42.0,38.0,#FFA27F,0
22137,79.0,42.0,46.0,#FFA270,0
22138,79.0,42.0,70.0,#FFA13C,0
22139,79.0,44.0,58.0,#FFA058,0
22140,79.0,44.0,64.0,#FF9F4B,0
22141,79.0,46.0,-6.0,#FFA2D0,0
22142,79.0,46.0,-2.0,#FFA2C9,0
22143,79.0,46.0,44.0,#FF9E74,0
22144,79.0,48.0,56.0,#FF9C5D,0
22145,79.0,50.0,-28.0,#FFA1F9,0
22146,79.0,50.0,-10.0,#FF9FD8,0
22147,79.0,52.0,-4.0,#FF9CCD,0
22148,79.0,54.0,32.0,#FF978B,0
22149,79.0,54.0,36.0,#FF9784,0
22150,79.0,56.0,6.0,#FF97BB,0
22151,79.0,62.0,-34.0,#FF95FF,0
22152,79.0,62.0,8.0,#FF90B7,0
22153,79.0,64.0,-4.0,#FF8FCD,0
22154,80.0,-128.0,74.0,#00F30E,0
22155,80.0,-128.0,82.0,#00F300,0
22156,80.0,-122.0,48.0,#00F264,0
22157,80.0,-120.0,42.0,#00F271,0
22158,80.0,-120.0,64.0,#00F13C,0
22159,80.0,-120.0,72.0,#00F11E,0
22160,80.0,-120.0,94.0,#00F100,0
22161,80.0,-118.0,56.0,#00F152,0
22162,80.0,-116.0,28.0,#00F18E,0
22163,80.0,-112.0,16.0,#00F1A5,0
22164,80.0,-112.0,42.0,#00F072,0
22165,80.0,-112.0,58.0,#00F04D,0
22166,80.0,-106.0,22.0,#00EF9A,0
22167,80.0,-104.0,42.0,#00EE72,0
22168,80.0,-104.0,58.0,#00EE4E,0
22169,80.0,-102.0,-2.0,#00EFC7,0
22170,80.0,-100.0,94.0,#00EC00,0
22171,80.0,-98.0,36.0,#00ED7E,0
22172,80.0,-98.0,46.0,#00EC6A,0
22173,80.0,-96.0,52.0,#00EC5D,0
22174,80.0,-96.0,102.0,#00EB00,0
22175,80.0,-96.0,114.0,#00EB00,0
22176,80.0,-92.0,28.0,#00EB8F,0
22177,80.0,-92.0,76.0,#00EA06,0
22178,80.0,-92.0,88.0,#00EA00,0
22179,80.0,-90.0,48.0,#00EA66,0
22180,80.0,-88.0,-16.0,#00ECE2,0
22181,80.0,-86.0,10.0,#00EAB1,0
22182,80.0,-84.0,-20.0,#00ECE9,0
22183,80.0,-84.0,42.0,#00E873,0
22184,80.0,-82.0,-14.0,#00EBDE,0
22185,80.0,-82.0,120.0,#29E600,0
22186,80.0,-80.0,-8.0,#00E9D3,0
22187,80.0,-80.0,0.0,#00E9C4,0
22188,80.0,-80.0,6.0,#00E9B9,0
22189,80.0,-80.0,34.0,#00E783,0
22190,80.0,-78.0,-24.0,#00EAF1,0
22191,80.0,-78.0,-18.0,#00EAE6,0
22192,80.0,-76.0,-12.0,#00E9DB,0
22193,80.0,-74.0,-28.0,#00E9F9,0
22194,80.0,-74.0,-6.0,#00E7CF,0
22195,80.0,-74.0,2.0,#00E7C0,0
22196,80.0,-74.0,120.0,#54E400,0
22197,80.0,-72.0,-22.0,#00E8ED,0
22198,80.0,-72.0,-16.0,#00E7E2,0
22199,80.0,-72.0,34.0,#00E583,0
22200,80.0,-70.0,-32.0,#00E8FF,0
22201,80.0,-70.0,-2.0,#00E6C8,0
22202,80.0,-68.0,54.0,#41E35A,1
22203,80.0,-68.0,124.0,#69E200,0
22204,80.0,-66.0,-14.0,#00E5DF,0
22205,80.0,-66.0,24.0,#00E397,0
22206,80.0,-64.0,-34.0,#00E6FF,0
22207,80.0,-64.0,0.0,#00E4C4,0
22208,80.0,-64.0,88.0,#6DE100,0
22209,80.0,-62.0,48.0,#55E167,1
22210,80.0,-62.0,64.0,#65E041,1
22211,80.0,-58.0,8.0,#00E1B6,0
22212,80.0,-58.0,52.0,#68DF5F,1
22213,80.0,-56.0,58.0,#73DE51,1
22214,80.0,-56.0,66.0,#79DE3C,1
22215,80.0,-54.0,72.0,#81DD29,1
22216,80.0,-52.0,36.0,#6BDD80,1
22217,80.0,-52.0,50.0,#79DD64,1
22218,80.0,-50.0,8.0,#3FDEB6,1
22219,80.0,-50.0,56.0,#83DC56,1
22220,80.0,-50.0,64.0,#87DC42,1
22221,80.0,-50.0,96.0,#93DB00,0
22222,80.0,-48.0,-18.0,#00DFE6,0
22223,80.0,-48.0,70.0,#8FDB31,1
22224,80.0,-48.0,124.0,#9BDA00,0
22225,80.0,-46.0,36.0,#7EDB81,1
22226,80.0,-44.0,-14.0,#00DDDF,0
22227,80.0,-44.0,10.0,#61DBB2,1
22228,80.0,-44.0,60.0,#94D94D,1
22229,80.0,-42.0,18.0,#75DAA3,1
22230,80.0,-42.0,66.0,#9BD83E,1
22231,80.0,-40.0,46.0,#95D86D,1
22232,80.0,-40.0,108.0,#AAD700,0
22233,80.0,-38.0,52.0,#9DD760,1
22234,80.0,-38.0,60.0,#A1D74E,1
22235,80.0,-36.0,14.0,#81D8AB,1
22236,80.0,-36.0,18.0,#86D8A4,1
22237,80.0,-36.0,84.0,#AED600,0
22238,80.0,-36.0,92.0,#AFD500,0
22239,80.0,-36.0,124.0,#B3D500,0
22240,80.0,-34.0,46.0,#A2D66D,1
22241,80.0,-32.0,4.0,#80D7BE,1
22242,80.0,-32.0,78.0,#B4D40E,1
22243,80.0,-30.0,12.0,#8FD5AF,1
22244,80.0,-30.0,16.0,#94D5A8,1
22245,80.0,-30.0,122.0,#BED200,0
22246,80.0,-28.0,-34.0,#0FD8FF,0
22247,80.0,-28.0,-2.0,#82D5C9,1
22248,80.0,-28.0,80.0,#BCD200,0
22249,80.0,-28.0,100.0,#C0D200,0
22250,80.0,-28.0,108.0,#C1D200,0
22251,80.0,-26.0,58.0,#B8D154,1
22252,80.0,-24.0,-22.0,#69D5EE,1
22253,80.0,-24.0,-18.0,#72D4E7,1
22254,80.0,-24.0,-4.0,#8BD3CD,1
22255,80.0,-24.0,0.0,#90D3C6,1
22256,80.0,-24.0,74.0,#C1D026,1
22257,80.0,-24.0,82.0,#C3D000,0
22258,80.0,-24.0,94.0,#C6D000,0
22259,80.0,-22.0,-14.0,#81D3E0,1
22260,80.0,-22.0,22.0,#ACD19D,1
22261,80.0,-22.0,36.0,#B5D082,1
22262,80.0,-22.0,50.0,#BDD066,1
22263,80.0,-20.0,8.0,#A3D1B7,1
22264,80.0,-20.0,64.0,#C6CE46,1
22265,80.0,-20.0,76.0,#C9CE1F,1
22266,80.0,-20.0,84.0,#CBCE00,0
22267,80.0,-20.0,96.0,#CDCE00,0
22268,80.0,-20.0,116.0,#CFCE00,0
22269,80.0,-18.0,30.0,#B9CE8E,1
22270,80.0,-18.0,70.0,#CBCD35,1
22271,80.0,-18.0,90.0,#CFCD00,0
22272,80.0,-18.0,122.0,#D3CC00,0
22273,80.0,-16.0,-28.0,#78D1FA,1
22274,80.0,-16.0,4.0,#A8CFBE,1
22275,80.0,-16.0,12.0,#B0CEB0,1
22276,80.0,-16.0,64.0,#CDCC46,1
22277,80.0,-16.0,78.0,#D1CC15,1
22278,80.0,-16.0,98.0,#D4CC00,0
22279,80.0,-16.0,106.0,#D5CC00,0
22280,80.0,-14.0,18.0,#B9CDA4,1
22281,80.0,-14.0,28.0,#C0CC92,1
22282,80.0,-14.0,44.0,#C9CC72,1
22283,80.0,-14.0,50.0,#CBCC66,1
22284,80.0,-14.0,70.0,#D2CB36,1
22285,80.0,-14.0,84.0,#D5CB00,0
22286,80.0,-14.0,92.0,#D7CB00,0
22287,80.0,-12.0,-28.0,#85CFFA,1
22288,80.0,-12.0,-6.0,#A7CDD1,1
22289,80.0,-12.0,64.0,#D4CA47,1
22290,80.0,-12.0,100.0,#DBC900,0
22291,80.0,-10.0,16.0,#C0CBA8,1
22292,80.0,-10.0,22.0,#C4CB9D,1
22293,80.0,-10.0,36.0,#CCCA82,1
22294,80.0,-10.0,70.0,#D9C937,1
22295,80.0,-10.0,94.0,#DDC800,0
22296,80.0,-10.0,126.0,#E0C800,0
22297,80.0,-8.0,10.0,#BFCAB4,1
22298,80.0,-8.0,62.0,#DAC84C,1
22299,80.0,-6.0,14.0,#C6C9AC,1
22300,80.0,-6.0,38.0,#D4C87F,1
22301,80.0,-6.0,84.0,#E2C600,0
22302,80.0,-6.0,92.0,#E4C600,0
22303,80.0,-4.0,-34.0,#92CCFF,0
22304,80.0,-4.0,-22.0,#A5CAEF,1
22305,80.0,-4.0,-16.0,#ADCAE4,1
22306,80.0,-4.0,-12.0,#B2CADC,1
22307,80.0,-4.0,12.0,#C8C8B0,1
22308,80.0,-4.0,26.0,#D1C796,1
22309,80.0,-4.0,58.0,#DFC656,1
22310,80.0,-2.0,-4.0,#BFC8CE,1
22311,80.0,-2.0,0.0,#C2C8C6,1
22312,80.0,-2.0,4.0,#C6C7BF,1
22313,80.0,-2.0,8.0,#C9C7B7,1
22314,80.0,-2.0,16.0,#CFC6A9,1
22315,80.0,-2.0,20.0,#D1C6A1,1
22316,80.0,-2.0,28.0,#D6C692,1
22317,80.0,-2.0,74.0,#E7C42B,1
22318,80.0,-2.0,90.0,#EAC400,0
22319,80.0,-2.0,98.0,#EBC400,0
22320,80.0,0.0,-16.0,#B6C8E4,1
22321,80.0,0.0,-4.0,#C3C7CE,1
22322,80.0,0.0,4.0,#CAC6BF,1
22323,80.0,0.0,16.0,#D2C5A9,1
22324,80.0,0.0,20.0,#D5C5A1,1
22325,80.0,2.0,-8.0,#C3C6D5,1
22326,80.0,2.0,-4.0,#C7C5CE,1
22327,80.0,2.0,0.0,#CAC5C6,1
22328,80.0,2.0,4.0,#CEC5BF,1
22329,80.0,2.0,8.0,#D1C5B8,1
22330,80.0,2.0,16.0,#D6C4A9,1
22331,80.0,2.0,20.0,#D9C4A1,1
22332,80.0,2.0,44.0,#E4C373,1
22333,80.0,2.0,90.0,#F0C100,0
22334,80.0,2.0,98.0,#F1C100,0
22335,80.0,2.0,106.0,#F2C100,0
22336,80.0,4.0,-20.0,#BAC6EB,1
22337,80.0,4.0,-8.0,#C7C5D5,1
22338,80.0,4.0,-4.0,#CBC4CE,1
22339,80.0,4.0,0.0,#CEC4C6,1
22340,80.0,4.0,4.0,#D1C4BF,1
22341,80.0,4.0,8.0,#D4C3B8,1
22342,80.0,4.0,20.0,#DCC3A1,1
22343,80.0,4.0,24.0,#DEC29A,1
22344,80.0,4.0,50.0,#EAC167,1
22345,80.0,6.0,-8.0,#CBC3D5,1
22346,80.0,6.0,-4.0,#CFC3CE,1
22347,80.0,6.0,0.0,#D2C3C7,1
22348,80.0,6.0,4.0,#D5C2BF,1
22349,80.0,6.0,8.0,#D8C2B8,1
22350,80.0,6.0,20.0,#E0C1A2,1
22351,80.0,6.0,40.0,#E9C07C,1
22352,80.0,6.0,96.0,#F7BF00,0
22353,80.0,8.0,-24.0,#BEC3F3,1
22354,80.0,8.0,-8.0,#CFC2D5,1
22355,80.0,8.0,-4.0,#D2C2CE,1
22356,80.0,8.0,0.0,#D6C1C7,1
22357,80.0,8.0,4.0,#D9C1BF,1
22358,80.0,8.0,8.0,#DCC1B8,1
22359,80.0,8.0,24.0,#E5C09A,1
22360,80.0,10.0,-6.0,#D4C1D2,1
22361,80.0,10.0,-2.0,#D8C0CA,1
22362,80.0,10.0,2.0,#DBC0C3,1
22363,80.0,10.0,6.0,#DEC0BC,1
22364,80.0,10.0,10.0,#E0BFB4,1
22365,80.0,10.0,20.0,#E6BFA2,1
22366,80.0,10.0,28.0,#EBBE93,1
22367,80.0,10.0,34.0,#EDBE87,1
22368,80.0,10.0,66.0,#F8BD44,1
22369,80.0,10.0,74.0,#FABD2E,1
22370,80.0,12.0,0.0,#DDBFC7,1
22371,80.0,12.0,4.0,#E0BFBF,1
22372,80.0,12.0,8.0,#E3BEB8,1
22373,80.0,12.0,116.0,#FFBB00,0
22374,80.0,14.0,-10.0,#D9BED9,1
22375,80.0,14.0,2.0,#E2BDC3,1
22376,80.0,14.0,12.0,#E9BDB1,1
22377,80.0,14.0,30.0,#F2BC8F,1
22378,80.0,14.0,42.0,#F7BB78,1
22379,80.0,14.0,74.0,#FFBA2E,0
22380,80.0,14.0,122.0,#FFB900,0
22381,80.0,16.0,-32.0,#C6BFFF,0
22382,80.0,16.0,-18.0,#D5BEE8,1
22383,80.0,16.0,0.0,#E4BCC7,1
22384,80.0,16.0,6.0,#E8BCBC,1
22385,80.0,16.0,10.0,#EBBBB4,1
22386,80.0,16.0,54.0,#FEB960,1
22387,80.0,18.0,-30.0,#CCBEFE,1
22388,80.0,18.0,-6.0,#E3BBD2,1
22389,80.0,18.0,4.0,#EABAC0,1
22390,80.0,18.0,40.0,#FDB87C,1
22391,80.0,18.0,60.0,#FFB853,0
22392,80.0,18.0,68.0,#FFB740,0
22393,80.0,18.0,86.0,#FFB700,0
22394,80.0,20.0,-24.0,#D7BCF3,1
22395,80.0,20.0,-2.0,#EABACB,1
22396,80.0,20.0,8.0,#F0B9B8,1
22397,80.0,22.0,28.0,#FEB693,1
22398,80.0,22.0,42.0,#FFB579,0
22399,80.0,22.0,66.0,#FFB446,0
22400,80.0,24.0,-28.0,#DAB9FB,1
22401,80.0,24.0,-24.0,#DFB9F3,1
22402,80.0,24.0,14.0,#FAB5AD,1
22403,80.0,24.0,20.0,#FEB5A2,1
22404,80.0,24.0,120.0,#FFB200,0
22405,80.0,26.0,18.0,#FFB4A6,0
22406,80.0,26.0,30.0,#FFB390,0
22407,80.0,26.0,68.0,#FFB142,0
22408,80.0,26.0,76.0,#FFB12A,0
22409,80.0,26.0,126.0,#FFB000,0
22410,80.0,28.0,24.0,#FFB29B,0
22411,80.0,28.0,82.0,#FFAF0F,0
22412,80.0,30.0,18.0,#FFB1A6,0
22413,80.0,30.0,36.0,#FFB085,0
22414,80.0,32.0,-18.0,#F3B2E9,1
22415,80.0,32.0,28.0,#FFAE94,0
22416,80.0,32.0,42.0,#FFAE7A,0
22417,80.0,32.0,108.0,#FFAC00,0
22418,80.0,34.0,12.0,#FFAEB2,0
22419,80.0,34.0,86.0,#FFAA00,0
22420,80.0,36.0,-12.0,#FEAEDE,1
22421,80.0,36.0,20.0,#FFACA3,0
22422,80.0,36.0,28.0,#FFAB94,0
22423,80.0,36.0,48.0,#FFAA6E,0
22424,80.0,38.0,-18.0,#FDADE9,1
22425,80.0,40.0,4.0,#FFA9C1,0
22426,80.0,40.0,18.0,#FFA8A7,0
22427,80.0,42.0,8.0,#FFA7B9,0
22428,80.0,42.0,22.0,#FFA6A0,0
22429,80.0,42.0,26.0,#FFA698,0
22430,80.0,42.0,52.0,#FFA567,0
22431,80.0,44.0,-26.0,#FFA9F8,0
22432,80.0,44.0,12.0,#FFA5B2,0
22433,80.0,44.0,76.0,#FFA22F,0
22434,80.0,46.0,16.0,#FFA3AB,0
22435,80.0,46.0,20.0,#FFA3A4,0
22436,80.0,46.0,82.0,#FFA018,0
22437,80.0,48.0,6.0,#FFA2BD,0
22438,80.0,48.0,26.0,#FFA099,0
22439,80.0,48.0,30.0,#FFA091,0
22440,80.0,48.0,34.0,#FFA08A,0
22441,80.0,50.0,10.0,#FFA0B6,0
22442,80.0,52.0,-24.0,#FFA1F4,0
22443,80.0,52.0,46.0,#FF9B73,0
22444,80.0,54.0,-14.0,#FF9EE2,0
22445,80.0,56.0,-32.0,#FF9EFF,0
22446,80.0,56.0,42.0,#FF977B,0
22447,80.0,60.0,-18.0,#FF98E9,0
22448,80.0,64.0,-24.0,#FF94F5,0
22449,80.0,68.0,-20.0,#FF8FED,0
22450,81.0,-112.0,50.0,#00F363,0
22451,81.0,-104.0,50.0,#00F163,0
22452,81.0,-100.0,26.0,#00F195,0
22453,81.0,-100.0,88.0,#00EF00,0
22454,81.0,-94.0,8.0,#00F0B7,0
22455,81.0,-94.0,94.0,#00ED00,0
22456,81.0,-88.0,2.0,#00EEC3,0
22457,81.0,-80.0,50.0,#00EA65,0
22458,81.0,-76.0,44.0,#00E972,0
22459,81.0,-72.0,50.0,#1FE765,1
22460,81.0,-70.0,8.0,#00E8B8,0
22461,81.0,-70.0,42.0,#15E776,1
22462,81.0,-70.0,70.0,#4FE631,1
22463,81.0,-68.0,12.0,#00E7B1,0
22464,81.0,-66.0,-6.0,#00E8D2,0
22465,81.0,-66.0,4.0,#00E7C0,0
22466,81.0,-66.0,104.0,#6FE400,0
22467,81.0,-64.0,38.0,#3EE57E,1
22468,81.0,-62.0,-20.0,#00E7ED,0
22469,81.0,-62.0,-10.0,#00E7DA,0
22470,81.0,-62.0,58.0,#63E353,1
22471,81.0,-62.0,70.0,#6DE332,1
22472,81.0,-60.0,42.0,#59E376,1
22473,81.0,-58.0,-6.0,#00E5D3,0
22474,81.0,-58.0,36.0,#58E383,1
22475,81.0,-58.0,82.0,#7EE100,0
22476,81.0,-56.0,-18.0,#00E5E9,0
22477,81.0,-56.0,22.0,#47E39E,1
22478,81.0,-56.0,46.0,#6CE26E,1
22479,81.0,-56.0,100.0,#89E000,0
22480,81.0,-56.0,124.0,#8DE000,0
22481,81.0,-52.0,-22.0,#00E4F1,0
22482,81.0,-52.0,-8.0,#00E3D6,0
22483,81.0,-52.0,26.0,#61E196,1
22484,81.0,-52.0,108.0,#94DF00,0
22485,81.0,-50.0,-4.0,#00E2CF,0
22486,81.0,-50.0,44.0,#7CDF73,1
22487,81.0,-46.0,24.0,#73DE9A,1
22488,81.0,-46.0,104.0,#A0DC00,0
22489,81.0,-46.0,112.0,#A2DC00,0
22490,81.0,-44.0,-8.0,#2DDFD7,1
22491,81.0,-44.0,14.0,#6BDEAE,1
22492,81.0,-44.0,40.0,#89DD7B,1
22493,81.0,-44.0,88.0,#A1DC00,0
22494,81.0,-42.0,-26.0,#00E0F8,0
22495,81.0,-42.0,-4.0,#4CDECF,1
22496,81.0,-42.0,4.0,#60DEC0,1
22497,81.0,-42.0,78.0,#A3DB11,1
22498,81.0,-40.0,0.0,#60DDC8,1
22499,81.0,-40.0,72.0,#A5DA2F,1
22500,81.0,-38.0,36.0,#95DB84,1
22501,81.0,-36.0,-26.0,#00DDF8,0
22502,81.0,-36.0,-16.0,#44DDE6,1
22503,81.0,-36.0,-4.0,#67DCCF,1
22504,81.0,-36.0,76.0,#AED81F,1
22505,81.0,-34.0,8.0,#82DAB9,1
22506,81.0,-34.0,68.0,#AFD83C,1
22507,81.0,-34.0,102.0,#B8D700,0
22508,81.0,-34.0,110.0,#B9D700,0
22509,81.0,-32.0,30.0,#9ED890,1
22510,81.0,-32.0,56.0,#AFD75A,1
22511,81.0,-30.0,-26.0,#40DBF9,1
22512,81.0,-30.0,-16.0,#63DAE6,1
22513,81.0,-30.0,22.0,#9CD89F,1
22514,81.0,-30.0,70.0,#B8D637,1
22515,81.0,-28.0,-20.0,#61D9ED,1
22516,81.0,-28.0,-12.0,#74D9DF,1
22517,81.0,-28.0,6.0,#90D7BD,1
22518,81.0,-28.0,44.0,#B1D674,1
22519,81.0,-28.0,50.0,#B4D568,1
22520,81.0,-26.0,-8.0,#82D7D7,1
22521,81.0,-26.0,24.0,#A7D69B,1
22522,81.0,-26.0,30.0,#ACD590,1
22523,81.0,-26.0,64.0,#BED448,1
22524,81.0,-24.0,-12.0,#81D7DF,1
22525,81.0,-22.0,-8.0,#8DD6D7,1
22526,81.0,-22.0,6.0,#9FD5BD,1
22527,81.0,-22.0,30.0,#B4D390,1
22528,81.0,-22.0,42.0,#BBD379,1
22529,81.0,-22.0,102.0,#CDD100,0
22530,81.0,-20.0,-16.0,#86D5E6,1
22531,81.0,-20.0,0.0,#9DD4C8,1
22532,81.0,-18.0,-8.0,#98D4D7,1
22533,81.0,-18.0,-4.0,#9DD3D0,1
22534,81.0,-18.0,22.0,#B7D29F,1
22535,81.0,-18.0,26.0,#BAD198,1
22536,81.0,-18.0,38.0,#C1D181,1
22537,81.0,-18.0,44.0,#C4D175,1
22538,81.0,-16.0,-10.0,#9AD3DB,1
22539,81.0,-16.0,0.0,#A7D2C9,1
22540,81.0,-14.0,-2.0,#A9D1CC,1
22541,81.0,-14.0,2.0,#AED1C5,1
22542,81.0,-14.0,6.0,#B2D1BD,1
22543,81.0,-14.0,24.0,#C0CF9C,1
22544,81.0,-12.0,-20.0,#96D1EE,1
22545,81.0,-12.0,-16.0,#9CD1E6,1
22546,81.0,-12.0,-12.0,#A2D1DF,1
22547,81.0,-12.0,0.0,#B0D0C9,1
22548,81.0,-12.0,8.0,#B8CFBA,1
22549,81.0,-12.0,12.0,#BBCFB2,1
22550,81.0,-12.0,56.0,#D4CD5C,1
22551,81.0,-10.0,-32.0,#86D1FF,0
22552,81.0,-10.0,2.0,#B6CFC5,1
22553,81.0,-10.0,6.0,#BACEBE,1
22554,81.0,-10.0,26.0,#C9CD98,1
22555,81.0,-8.0,-28.0,#94D0FD,1
22556,81.0,-8.0,4.0,#BCCDC1,1
22557,81.0,-8.0,54.0,#DACB61,1
22558,81.0,-6.0,20.0,#CDCBA4,1
22559,81.0,-6.0,24.0,#CFCB9C,1
22560,81.0,-6.0,30.0,#D3CB91,1
22561,81.0,-4.0,-8.0,#B9CCD8,1
22562,81.0,-4.0,-4.0,#BDCCD0,1
22563,81.0,-4.0,0.0,#C1CBC9,1
22564,81.0,-4.0,4.0,#C5CBC2,1
22565,81.0,-4.0,8.0,#C8CBBA,1
22566,81.0,-4.0,16.0,#CECAAB,1
22567,81.0,-2.0,-10.0,#BBCBDC,1
22568,81.0,-2.0,44.0,#E1C876,1
22569,81.0,-2.0,82.0,#EBC701,1
22570,81.0,-2.0,126.0,#F0C600,0
22571,81.0,0.0,-32.0,#A3CCFF,0
22572,81.0,0.0,-22.0,#B1CBF2,1
22573,81.0,0.0,-10.0,#C0CADC,1
22574,81.0,0.0,10.0,#D1C8B7,1
22575,81.0,0.0,38.0,#E1C782,1
22576,81.0,0.0,118.0,#F3C500,0
22577,81.0,2.0,28.0,#E0C695,1
22578,81.0,2.0,82.0,#F2C404,1
22579,81.0,4.0,-14.0,#C4C8E3,1
22580,81.0,4.0,112.0,#F8C300,0
22581,81.0,4.0,124.0,#F9C300,0
22582,81.0,6.0,-18.0,#C4C7EB,1
22583,81.0,6.0,-14.0,#C8C7E3,1
22584,81.0,6.0,14.0,#DFC4AF,1
22585,81.0,6.0,62.0,#F4C250,1
22586,81.0,6.0,80.0,#F8C217,1
22587,81.0,6.0,88.0,#F9C200,0
22588,81.0,8.0,-18.0,#C8C6EB,1
22589,81.0,8.0,-14.0,#CCC5E3,1
22590,81.0,8.0,14.0,#E2C3AF,1
22591,81.0,8.0,30.0,#EBC292,1
22592,81.0,8.0,110.0,#FEC000,0
22593,81.0,10.0,14.0,#E6C2B0,1
22594,81.0,10.0,82.0,#FEBF0A,1
22595,81.0,10.0,90.0,#FFBF00,0
22596,81.0,12.0,18.0,#ECC0A8,1
22597,81.0,12.0,50.0,#FABF6B,1
22598,81.0,12.0,104.0,#FFBE00,0
22599,81.0,14.0,-4.0,#E0C1D1,1
22600,81.0,14.0,16.0,#EEBFAC,1
22601,81.0,14.0,26.0,#F3BF99,1
22602,81.0,14.0,82.0,#FFBC0D,0
22603,81.0,14.0,110.0,#FFBC00,0
22604,81.0,16.0,24.0,#F6BD9D,1
22605,81.0,16.0,104.0,#FFBB00,0
22606,81.0,18.0,-14.0,#DFBFE4,1
22607,81.0,18.0,18.0,#F6BCA8,1
22608,81.0,18.0,30.0,#FCBC92,1
22609,81.0,18.0,110.0,#FFB900,0
22610,81.0,20.0,-18.0,#E0BEEB,1
22611,81.0,20.0,-12.0,#E5BDE0,1
22612,81.0,20.0,36.0,#FFBA87,0
22613,81.0,20.0,48.0,#FFB96F,0
22614,81.0,20.0,104.0,#FFB800,0
22615,81.0,22.0,-8.0,#ECBBD9,1
22616,81.0,22.0,4.0,#F4BAC3,1
22617,81.0,22.0,98.0,#FFB600,0
22618,81.0,24.0,-18.0,#E7BBEB,1
22619,81.0,24.0,38.0,#FFB783,0
22620,81.0,24.0,104.0,#FFB500,0
22621,81.0,24.0,112.0,#FFB500,0
22622,81.0,26.0,-10.0,#F1B9DC,1
22623,81.0,26.0,-6.0,#F4B8D5,1
22624,81.0,26.0,-2.0,#F7B8CE,1
22625,81.0,26.0,34.0,#FFB58B,0
22626,81.0,26.0,98.0,#FFB300,0
22627,81.0,28.0,-22.0,#EBB8F3,1
22628,81.0,28.0,28.0,#FFB496,0
22629,81.0,30.0,66.0,#FFB14A,0
22630,81.0,30.0,88.0,#FFB000,0
22631,81.0,30.0,118.0,#FFB000,0
22632,81.0,32.0,24.0,#FFB19E,0
22633,81.0,34.0,34.0,#FFAF8B,0
22634,81.0,34.0,94.0,#FFAD00,0
22635,81.0,36.0,-8.0,#FFB1D9,0
22636,81.0,36.0,100.0,#FFAB00,0
22637,81.0,36.0,120.0,#FFAB00,0
22638,81.0,38.0,126.0,#FFA900,0
22639,81.0,40.0,78.0,#FFA82A,0
22640,81.0,40.0,108.0,#FFA800,0
22641,81.0,42.0,84.0,#FFA60F,0
22642,81.0,42.0,98.0,#FFA600,0
22643,81.0,44.0,-18.0,#FFABEC,0
22644,81.0,44.0,90.0,#FFA400,0
22645,81.0,46.0,-32.0,#FFABFF,0
22646,81.0,46.0,-14.0,#FFA8E4,0
22647,81.0,46.0,50.0,#FFA46E,0
22648,81.0,46.0,70.0,#FFA343,0
22649,81.0,48.0,40.0,#FFA281,0
22650,81.0,50.0,2.0,#FFA3C7,0
22651,81.0,52.0,-18.0,#FFA3EC,0
22652,81.0,52.0,52.0,#FF9E6A,0
22653,81.0,54.0,14.0,#FF9EB2,0
22654,81.0,54.0,18.0,#FF9EAA,0
22655,81.0,56.0,0.0,#FF9DCB,0
22656,81.0,56.0,24.0,#FF9B9F,0
22657,81.0,58.0,-24.0,#FF9EF7,0
22658,81.0,60.0,-10.0,#FF9ADE,0
22659,82.0,-124.0,38.0,#00F97F,0
22660,82.0,-124.0,54.0,#00F95C,0
22661,82.0,-122.0,84.0,#00F800,0
22662,82.0,-118.0,36.0,#00F883,0
22663,82.0,-114.0,80.0,#00F600,0
22664,82.0,-112.0,86.0,#00F500,0
22665,82.0,-112.0,96.0,#00F500,0
22666,82.0,-110.0,36.0,#00F683,0
22667,82.0,-108.0,68.0,#00F437,0
22668,82.0,-106.0,10.0,#00F6B6,0
22669,82.0,-106.0,16.0,#00F6AB,0
22670,82.0,-106.0,74.0,#00F41F,0
22671,82.0,-106.0,102.0,#00F300,0
22672,82.0,-104.0,80.0,#00F300,0
22673,82.0,-100.0,4.0,#00F5C2,0
22674,82.0,-100.0,14.0,#00F4AF,0
22675,82.0,-100.0,66.0,#00F23E,0
22676,82.0,-100.0,108.0,#00F200,0
22677,82.0,-98.0,74.0,#00F220,0
22678,82.0,-96.0,-2.0,#00F4CD,0
22679,82.0,-96.0,20.0,#00F3A3,0
22680,82.0,-96.0,82.0,#00F100,0
22681,82.0,-94.0,68.0,#00F138,0
22682,82.0,-92.0,40.0,#00F17C,0
22683,82.0,-92.0,56.0,#00F059,0
22684,82.0,-90.0,-8.0,#00F2D8,0
22685,82.0,-88.0,14.0,#00F1AF,0
22686,82.0,-88.0,20.0,#00F0A3,0
22687,82.0,-88.0,32.0,#00F08C,0
22688,82.0,-88.0,62.0,#00EF4A,0
22689,82.0,-88.0,104.0,#00EE00,0
22690,82.0,-86.0,68.0,#00EE39,0
22691,82.0,-86.0,114.0,#00EE00,0
22692,82.0,-84.0,26.0,#00EF98,0
22693,82.0,-84.0,80.0,#00ED00,0
22694,82.0,-84.0,92.0,#00ED00,0
22695,82.0,-82.0,16.0,#00EFAB,0
22696,82.0,-80.0,60.0,#00EC50,0
22697,82.0,-80.0,74.0,#0EEC23,1
22698,82.0,-80.0,100.0,#38EC00,0
22699,82.0,-78.0,22.0,#00EDA0,0
22700,82.0,-78.0,66.0,#11EC40,1
22701,82.0,-78.0,86.0,#39EB00,0
22702,82.0,-78.0,106.0,#47EB00,0
22703,82.0,-78.0,114.0,#4AEB00,0
22704,82.0,-76.0,14.0,#00EDAF,0
22705,82.0,-76.0,80.0,#3FEB00,0
22706,82.0,-76.0,92.0,#49EB00,0
22707,82.0,-74.0,28.0,#00EC94,0
22708,82.0,-74.0,56.0,#24EB5A,1
22709,82.0,-72.0,18.0,#00EBA8,0
22710,82.0,-72.0,62.0,#3FEA4B,1
22711,82.0,-72.0,102.0,#5EE900,0
22712,82.0,-72.0,110.0,#61E900,0
22713,82.0,-70.0,-12.0,#00ECE0,0
22714,82.0,-70.0,76.0,#58E91B,1
22715,82.0,-70.0,86.0,#5EE900,0
22716,82.0,-70.0,96.0,#63E800,0
22717,82.0,-66.0,-26.0,#00ECFB,0
22718,82.0,-66.0,16.0,#00E9AC,0
22719,82.0,-66.0,28.0,#00E995,0
22720,82.0,-66.0,114.0,#75E700,0
22721,82.0,-64.0,80.0,#6FE700,0
22722,82.0,-62.0,20.0,#08E8A4,1
22723,82.0,-60.0,-28.0,#00EAFF,0
22724,82.0,-60.0,14.0,#00E7B0,0
22725,82.0,-60.0,110.0,#84E500,0
22726,82.0,-56.0,-2.0,#00E7CE,0
22727,82.0,-54.0,-30.0,#00E8FF,0
22728,82.0,-54.0,2.0,#00E6C6,0
22729,82.0,-54.0,88.0,#8EE300,0
22730,82.0,-52.0,-14.0,#00E6E5,0
22731,82.0,-52.0,80.0,#90E200,0
22732,82.0,-50.0,14.0,#56E3B0,1
22733,82.0,-48.0,-30.0,#00E6FF,0
22734,82.0,-48.0,-24.0,#00E5F7,0
22735,82.0,-48.0,0.0,#38E3CA,1
22736,82.0,-48.0,18.0,#66E2A9,1
22737,82.0,-48.0,84.0,#9AE000,0
22738,82.0,-46.0,74.0,#9BE02A,1
22739,82.0,-42.0,-20.0,#00E2F0,0
22740,82.0,-42.0,96.0,#AADE00,0
22741,82.0,-40.0,8.0,#72E0BC,1
22742,82.0,-40.0,26.0,#8ADF9A,1
22743,82.0,-40.0,32.0,#8FDE8E,1
22744,82.0,-40.0,120.0,#B2DD00,0
22745,82.0,-38.0,-12.0,#4BE0E1,1
22746,82.0,-38.0,12.0,#7EDFB4,1
22747,82.0,-36.0,-20.0,#36E0F0,1
22748,82.0,-36.0,40.0,#A0DC7E,1
22749,82.0,-34.0,-8.0,#69DEDA,1
22750,82.0,-34.0,52.0,#ABDB66,1
22751,82.0,-34.0,118.0,#BDDA00,0
22752,82.0,-32.0,0.0,#7FDDCB,1
22753,82.0,-30.0,36.0,#AADA87,1
22754,82.0,-30.0,86.0,#BFD800,0
22755,82.0,-30.0,94.0,#C1D800,0
22756,82.0,-28.0,2.0,#8EDBC7,1
22757,82.0,-28.0,18.0,#A0DAA9,1
22758,82.0,-28.0,116.0,#C8D700,0
22759,82.0,-26.0,88.0,#C7D600,0
22760,82.0,-24.0,-30.0,#58DBFF,0
22761,82.0,-24.0,110.0,#CED500,0
22762,82.0,-22.0,12.0,#A8D7B5,1
22763,82.0,-22.0,16.0,#ACD7AD,1
22764,82.0,-22.0,126.0,#D3D400,0
22765,82.0,-20.0,-30.0,#6AD9FF,0
22766,82.0,-20.0,-24.0,#79D9F8,1
22767,82.0,-20.0,-20.0,#81D8F0,1
22768,82.0,-20.0,54.0,#C8D462,1
22769,82.0,-18.0,10.0,#AFD5B9,1
22770,82.0,-18.0,14.0,#B3D5B1,1
22771,82.0,-18.0,18.0,#B6D5AA,1
22772,82.0,-16.0,-24.0,#86D7F8,1
22773,82.0,-16.0,-18.0,#91D6ED,1
22774,82.0,-16.0,-14.0,#97D6E5,1
22775,82.0,-14.0,36.0,#CAD287,1
22776,82.0,-12.0,-24.0,#92D5F8,1
22777,82.0,-12.0,20.0,#C4D1A6,1
22778,82.0,-12.0,40.0,#D0D080,1
22779,82.0,-12.0,46.0,#D3D074,1
22780,82.0,-12.0,76.0,#DDCF29,1
22781,82.0,-12.0,112.0,#E2CF00,0
22782,82.0,-10.0,-4.0,#B3D2D3,1
22783,82.0,-10.0,32.0,#CFD08F,1
22784,82.0,-10.0,50.0,#D8CF6C,1
22785,82.0,-10.0,82.0,#E2CE04,1
22786,82.0,-10.0,106.0,#E5CE00,0
22787,82.0,-10.0,118.0,#E6CE00,0
22788,82.0,-8.0,-16.0,#A9D2E9,1
22789,82.0,-8.0,-12.0,#AED1E2,1
22790,82.0,-8.0,-8.0,#B3D1DA,1
22791,82.0,-8.0,-2.0,#B9D1CF,1
22792,82.0,-8.0,18.0,#CACFAA,1
22793,82.0,-8.0,42.0,#D8CE7C,1
22794,82.0,-8.0,74.0,#E3CD31,1
22795,82.0,-6.0,-20.0,#A9D1F1,1
22796,82.0,-6.0,-10.0,#B5D0DE,1
22797,82.0,-6.0,-6.0,#BAD0D7,1
22798,82.0,-6.0,-2.0,#BECFCF,1
22799,82.0,-6.0,2.0,#C2CFC8,1
22800,82.0,-6.0,6.0,#C5CFC1,1
22801,82.0,-6.0,10.0,#C8CFB9,1
22802,82.0,-6.0,46.0,#DDCD74,1
22803,82.0,-6.0,108.0,#ECCB00,0
22804,82.0,-4.0,34.0,#DBCC8C,1
22805,82.0,-4.0,40.0,#DECC80,1
22806,82.0,-4.0,68.0,#E8CB43,1
22807,82.0,-4.0,116.0,#F0CA00,0
22808,82.0,-2.0,-22.0,#B0CFF5,1
22809,82.0,-2.0,-16.0,#B7CEEA,1
22810,82.0,-2.0,12.0,#D2CCB5,1
22811,82.0,-2.0,52.0,#E7CA68,1
22812,82.0,-2.0,110.0,#F2C900,0
22813,82.0,0.0,0.0,#CCCCCC,1
22814,82.0,0.0,24.0,#DDCA9F,1
22815,82.0,0.0,32.0,#E1CA90,1
22816,82.0,0.0,66.0,#EEC949,1
22817,82.0,2.0,-28.0,#B1CDFF,0
22818,82.0,2.0,-20.0,#BBCCF1,1
22819,82.0,2.0,-16.0,#C0CCEA,1
22820,82.0,2.0,-12.0,#C4CCE2,1
22821,82.0,2.0,12.0,#D9CAB6,1
22822,82.0,2.0,58.0,#EFC85C,1
22823,82.0,2.0,74.0,#F3C733,1
22824,82.0,4.0,12.0,#DDC9B6,1
22825,82.0,4.0,16.0,#DFC8AE,1
22826,82.0,4.0,36.0,#EAC788,1
22827,82.0,6.0,-30.0,#B7CBFF,0
22828,82.0,6.0,-26.0,#BDCAFC,1
22829,82.0,6.0,48.0,#F2C671,1
22830,82.0,6.0,56.0,#F5C560,1
22831,82.0,6.0,72.0,#F9C539,1
22832,82.0,6.0,104.0,#FEC400,0
22833,82.0,8.0,38.0,#F2C585,1
22834,82.0,8.0,118.0,#FFC300,0
22835,82.0,10.0,-22.0,#CAC8F5,1
22836,82.0,10.0,-10.0,#D7C6DF,1
22837,82.0,10.0,44.0,#F7C379,1
22838,82.0,12.0,-30.0,#C5C7FF,0
22839,82.0,12.0,-26.0,#CAC7FD,1
22840,82.0,12.0,-20.0,#D1C6F1,1
22841,82.0,12.0,-16.0,#D5C6EA,1
22842,82.0,12.0,34.0,#F7C28D,1
22843,82.0,12.0,56.0,#FEC161,1
22844,82.0,14.0,-24.0,#D0C5F9,1
22845,82.0,14.0,-14.0,#DBC4E6,1
22846,82.0,14.0,46.0,#FEC076,1
22847,82.0,14.0,62.0,#FFC054,0
22848,82.0,14.0,94.0,#FFBF00,0
22849,82.0,16.0,-22.0,#D7C4F5,1
22850,82.0,16.0,-8.0,#E4C2DB,1
22851,82.0,16.0,20.0,#F6C0A7,1
22852,82.0,16.0,36.0,#FEBF89,1
22853,82.0,18.0,14.0,#F6BFB3,1
22854,82.0,18.0,118.0,#FFBC00,0
22855,82.0,20.0,12.0,#F9BEB6,1
22856,82.0,20.0,22.0,#FEBDA4,1
22857,82.0,20.0,124.0,#FFBA00,0
22858,82.0,22.0,16.0,#FEBCAF,1
22859,82.0,22.0,74.0,#FFBA36,0
22860,82.0,22.0,82.0,#FFB917,0
22861,82.0,22.0,90.0,#FFB900,0
22862,82.0,24.0,10.0,#FEBBBA,1
22863,82.0,24.0,24.0,#FFBAA0,0
22864,82.0,24.0,58.0,#FFB95E,0
22865,82.0,26.0,4.0,#FEBAC5,1
22866,82.0,26.0,48.0,#FFB872,0
22867,82.0,26.0,54.0,#FFB766,0
22868,82.0,26.0,90.0,#FFB600,0
22869,82.0,28.0,-30.0,#E6BCFF,0
22870,82.0,28.0,-26.0,#EABBFD,1
22871,82.0,28.0,8.0,#FFB8BE,0
22872,82.0,28.0,12.0,#FFB8B7,0
22873,82.0,28.0,40.0,#FFB682,0
22874,82.0,28.0,60.0,#FFB65A,0
22875,82.0,30.0,2.0,#FFB7C9,0
22876,82.0,30.0,46.0,#FFB577,0
22877,82.0,30.0,54.0,#FFB467,0
22878,82.0,30.0,78.0,#FFB32B,0
22879,82.0,32.0,-12.0,#FDB7E3,1
22880,82.0,32.0,6.0,#FFB5C2,0
22881,82.0,32.0,60.0,#FFB25A,0
22882,82.0,34.0,-30.0,#F1B7FF,0
22883,82.0,34.0,0.0,#FFB4CD,0
22884,82.0,34.0,52.0,#FFB16B,0
22885,82.0,34.0,76.0,#FFB033,0
22886,82.0,36.0,4.0,#FFB2C6,0
22887,82.0,36.0,24.0,#FFB1A1,0
22888,82.0,36.0,58.0,#FFAF5F,0
22889,82.0,36.0,66.0,#FFAF4D,0
22890,82.0,36.0,72.0,#FFAF3E,0
22891,82.0,38.0,-28.0,#FAB4FF,0
22892,82.0,38.0,-22.0,#FFB3F6,0
22893,82.0,38.0,8.0,#FFB0BF,0
22894,82.0,38.0,34.0,#FFAE8E,0
22895,82.0,38.0,40.0,#FFAE83,0
22896,82.0,40.0,-2.0,#FFAFD1,0
22897,82.0,40.0,46.0,#FFAC78,0
22898,82.0,40.0,54.0,#FFAC68,0
22899,82.0,40.0,64.0,#FFAB52,0
22900,82.0,42.0,-10.0,#FFAEE0,0
22901,82.0,42.0,-6.0,#FFAED8,0
22902,82.0,42.0,16.0,#FFACB0,0
22903,82.0,42.0,32.0,#FFAB92,0
22904,82.0,42.0,60.0,#FFAA5B,0
22905,82.0,44.0,44.0,#FFA97C,0
22906,82.0,46.0,-2.0,#FFAAD1,0
22907,82.0,48.0,-10.0,#FFA9E0,0
22908,82.0,50.0,-30.0,#FFA9FF,0
22909,82.0,50.0,-6.0,#FFA7D9,0
22910,82.0,50.0,24.0,#FFA4A2,0
22911,82.0,52.0,30.0,#FFA297,0
22912,82.0,56.0,-28.0,#FFA3FF,0
22913,82.0,56.0,4.0,#FFA0C7,0
22914,83.0,-124.0,64.0,#00FB45,0
22915,83.0,-124.0,72.0,#00FB2A,0
22916,83.0,-122.0,78.0,#00FB00,0
22917,83.0,-118.0,54.0,#00FA5F,0
22918,83.0,-116.0,60.0,#00FA50,0
22919,83.0,-114.0,68.0,#00F93A,0
22920,83.0,-112.0,74.0,#00F823,0
22921,83.0,-108.0,60.0,#00F851,0
22922,83.0,-102.0,40.0,#00F77E,0
22923,83.0,-100.0,32.0,#00F68E,0
22924,83.0,-100.0,54.0,#00F660,0
22925,83.0,-100.0,98.0,#00F500,0
22926,83.0,-98.0,60.0,#00F552,0
22927,83.0,-96.0,46.0,#00F572,0
22928,83.0,-94.0,14.0,#00F5B1,0
22929,83.0,-94.0,26.0,#00F59A,0
22930,83.0,-90.0,98.0,#00F200,0
22931,83.0,-88.0,46.0,#00F272,0
22932,83.0,-86.0,74.0,#00F127,0
22933,83.0,-82.0,-8.0,#00F3DB,0
22934,83.0,-82.0,6.0,#00F2C1,0
22935,83.0,-82.0,40.0,#00F17F,0
22936,83.0,-80.0,-2.0,#00F2D0,0
22937,83.0,-80.0,30.0,#00F093,0
22938,83.0,-78.0,-14.0,#00F2E7,0
22939,83.0,-76.0,-18.0,#00F2EE,0
22940,83.0,-76.0,4.0,#00F0C5,0
22941,83.0,-76.0,38.0,#00EF83,0
22942,83.0,-74.0,-8.0,#00F0DC,0
22943,83.0,-74.0,120.0,#60ED00,0
22944,83.0,-72.0,-24.0,#00F1FA,0
22945,83.0,-72.0,-2.0,#00EFD0,0
22946,83.0,-70.0,-16.0,#00F0EB,0
22947,83.0,-68.0,22.0,#00EDA3,0
22948,83.0,-66.0,34.0,#2EEB8C,1
22949,83.0,-66.0,52.0,#53EB66,1
22950,83.0,-64.0,-14.0,#00EDE7,0
22951,83.0,-64.0,-2.0,#00EDD1,0
22952,83.0,-64.0,66.0,#69EA44,1
22953,83.0,-64.0,86.0,#75E900,0
22954,83.0,-64.0,94.0,#79E900,0
22955,83.0,-64.0,124.0,#7FE900,0
22956,83.0,-62.0,10.0,#00EBBA,0
22957,83.0,-60.0,26.0,#42EA9B,1
22958,83.0,-60.0,32.0,#4FE990,1
22959,83.0,-58.0,6.0,#00EAC2,0
22960,83.0,-58.0,64.0,#7BE84A,1
22961,83.0,-58.0,72.0,#80E733,1
22962,83.0,-54.0,56.0,#81E65E,1
22963,83.0,-52.0,8.0,#3EE7BE,1
22964,83.0,-52.0,62.0,#8AE550,1
22965,83.0,-52.0,70.0,#8EE53A,1
22966,83.0,-50.0,32.0,#76E590,1
22967,83.0,-50.0,38.0,#7DE584,1
22968,83.0,-50.0,100.0,#9DE400,0
22969,83.0,-48.0,-18.0,#00E8EF,0
22970,83.0,-48.0,4.0,#4AE6C6,1
22971,83.0,-48.0,50.0,#8CE46C,1
22972,83.0,-46.0,56.0,#95E35F,1
22973,83.0,-46.0,64.0,#9AE34B,1
22974,83.0,-42.0,-16.0,#12E5EB,1
22975,83.0,-42.0,20.0,#80E3A8,1
22976,83.0,-42.0,44.0,#97E279,1
22977,83.0,-42.0,50.0,#9BE16C,1
22978,83.0,-40.0,56.0,#A3E05F,1
22979,83.0,-40.0,64.0,#A7E04C,1
22980,83.0,-38.0,-30.0,#00E4FF,0
22981,83.0,-38.0,100.0,#B6DF00,0
22982,83.0,-36.0,58.0,#ADDF5B,1
22983,83.0,-34.0,18.0,#94DFAC,1
22984,83.0,-32.0,-30.0,#1CE2FF,0
22985,83.0,-32.0,-4.0,#7BE0D5,1
22986,83.0,-32.0,80.0,#BDDC13,1
22987,83.0,-30.0,10.0,#95DEBB,1
22988,83.0,-30.0,14.0,#9ADEB3,1
22989,83.0,-30.0,26.0,#A5DD9D,1
22990,83.0,-30.0,110.0,#C6DB00,0
22991,83.0,-28.0,-2.0,#8BDED1,1
22992,83.0,-26.0,78.0,#C8D921,1
22993,83.0,-26.0,100.0,#CCD900,0
22994,83.0,-24.0,-22.0,#72DDF7,1
22995,83.0,-24.0,-18.0,#7BDDF0,1
22996,83.0,-24.0,-6.0,#90DCD9,1
22997,83.0,-24.0,0.0,#99DCCE,1
22998,83.0,-24.0,26.0,#B3DA9D,1
22999,83.0,-24.0,38.0,#BBDA86,1
23000,83.0,-24.0,94.0,#CFD800,0
23001,83.0,-22.0,46.0,#C3D876,1
23002,83.0,-22.0,70.0,#CDD83E,1
23003,83.0,-20.0,-10.0,#95DAE1,1
23004,83.0,-20.0,-6.0,#9BDAD9,1
23005,83.0,-20.0,32.0,#BFD892,1
23006,83.0,-20.0,76.0,#D2D62B,1
23007,83.0,-20.0,88.0,#D5D600,0
23008,83.0,-20.0,96.0,#D6D600,0
23009,83.0,-20.0,120.0,#D9D600,0
23010,83.0,-18.0,64.0,#D2D64E,1
23011,83.0,-18.0,82.0,#D7D508,1
23012,83.0,-18.0,102.0,#DBD500,0
23013,83.0,-16.0,-6.0,#A5D8D9,1
23014,83.0,-16.0,32.0,#C7D692,1
23015,83.0,-16.0,46.0,#CED576,1
23016,83.0,-16.0,52.0,#D1D56A,1
23017,83.0,-16.0,70.0,#D7D43F,1
23018,83.0,-16.0,90.0,#DCD400,0
23019,83.0,-16.0,110.0,#DFD400,0
23020,83.0,-14.0,16.0,#C0D6B0,1
23021,83.0,-14.0,64.0,#D9D44F,1
23022,83.0,-14.0,84.0,#DED300,0
23023,83.0,-14.0,96.0,#E0D300,0
23024,83.0,-14.0,104.0,#E1D300,0
23025,83.0,-12.0,-6.0,#AFD6D9,1
23026,83.0,-12.0,-2.0,#B3D6D2,1
23027,83.0,-12.0,2.0,#B7D5CB,1
23028,83.0,-12.0,70.0,#DED23F,1
23029,83.0,-12.0,124.0,#E6D200,0
23030,83.0,-10.0,0.0,#BAD4CE,1
23031,83.0,-10.0,4.0,#BED4C7,1
23032,83.0,-10.0,12.0,#C5D4B8,1
23033,83.0,-10.0,98.0,#E7D100,0
23034,83.0,-8.0,2.0,#C0D3CB,1
23035,83.0,-8.0,6.0,#C4D3C3,1
23036,83.0,-8.0,14.0,#CAD2B4,1
23037,83.0,-8.0,22.0,#D0D2A5,1
23038,83.0,-8.0,64.0,#E3D04F,1
23039,83.0,-6.0,80.0,#EBCF1D,1
23040,83.0,-6.0,88.0,#ECCE00,0
23041,83.0,-6.0,100.0,#EECE00,0
23042,83.0,-4.0,-28.0,#A4D3FF,0
23043,83.0,-4.0,-16.0,#B5D2EC,1
23044,83.0,-4.0,-12.0,#BAD2E5,1
23045,83.0,-4.0,12.0,#D1D0B8,1
23046,83.0,-4.0,20.0,#D6D0A9,1
23047,83.0,-4.0,26.0,#DACF9E,1
23048,83.0,-4.0,58.0,#E8CE5E,1
23049,83.0,-2.0,-4.0,#C7D0D6,1
23050,83.0,-2.0,0.0,#CBD0CF,1
23051,83.0,-2.0,4.0,#CED0C7,1
23052,83.0,-2.0,8.0,#D1CFC0,1
23053,83.0,-2.0,16.0,#D7CFB1,1
23054,83.0,-2.0,20.0,#DACFA9,1
23055,83.0,-2.0,28.0,#DFCE9A,1
23056,83.0,-2.0,74.0,#F0CC35,1
23057,83.0,-2.0,90.0,#F3CC00,0
23058,83.0,-2.0,98.0,#F4CC00,0
23059,83.0,0.0,-16.0,#BED0EC,1
23060,83.0,0.0,-4.0,#CBCFD6,1
23061,83.0,0.0,4.0,#D2CEC7,1
23062,83.0,0.0,16.0,#DBCEB1,1
23063,83.0,0.0,20.0,#DECDA9,1
23064,83.0,2.0,-8.0,#CBCEDE,1
23065,83.0,2.0,-4.0,#CFCED6,1
23066,83.0,2.0,0.0,#D3CDCF,1
23067,83.0,2.0,4.0,#D6CDC7,1
23068,83.0,2.0,8.0,#D9CDC0,1
23069,83.0,2.0,16.0,#DFCCB1,1
23070,83.0,2.0,20.0,#E1CCA9,1
23071,83.0,2.0,42.0,#ECCB7F,1
23072,83.0,2.0,50.0,#EFCB6F,1
23073,83.0,2.0,94.0,#FACA00,0
23074,83.0,2.0,102.0,#FBC900,0
23075,83.0,4.0,-20.0,#C3CEF4,1
23076,83.0,4.0,-8.0,#CFCDDE,1
23077,83.0,4.0,-4.0,#D3CDD6,1
23078,83.0,4.0,0.0,#D6CCCF,1
23079,83.0,4.0,4.0,#DACCC7,1
23080,83.0,4.0,8.0,#DDCCC0,1
23081,83.0,4.0,20.0,#E5CBA9,1
23082,83.0,4.0,24.0,#E7CBA2,1
23083,83.0,4.0,30.0,#EACA97,1
23084,83.0,6.0,-8.0,#D3CCDE,1
23085,83.0,6.0,-4.0,#D7CBD6,1
23086,83.0,6.0,0.0,#DACBCF,1
23087,83.0,6.0,4.0,#DDCBC7,1
23088,83.0,6.0,8.0,#E0CAC0,1
23089,83.0,6.0,20.0,#E8CAAA,1
23090,83.0,6.0,28.0,#EDC99B,1
23091,83.0,6.0,42.0,#F3C980,1
23092,83.0,6.0,96.0,#FFC700,0
23093,83.0,8.0,-24.0,#C7CCFC,1
23094,83.0,8.0,-8.0,#D7CADE,1
23095,83.0,8.0,-4.0,#DBCAD6,1
23096,83.0,8.0,0.0,#DECACF,1
23097,83.0,8.0,4.0,#E1C9C8,1
23098,83.0,8.0,8.0,#E4C9C0,1
23099,83.0,8.0,24.0,#EEC8A2,1
23100,83.0,10.0,-6.0,#DDC9DA,1
23101,83.0,10.0,-2.0,#E0C9D3,1
23102,83.0,10.0,2.0,#E3C8CB,1
23103,83.0,10.0,6.0,#E6C8C4,1
23104,83.0,10.0,10.0,#E9C8BC,1
23105,83.0,10.0,20.0,#EFC7AA,1
23106,83.0,10.0,28.0,#F3C79B,1
23107,83.0,10.0,68.0,#FFC548,0
23108,83.0,12.0,-4.0,#E2C7D6,1
23109,83.0,12.0,0.0,#E6C7CF,1
23110,83.0,12.0,4.0,#E9C7C8,1
23111,83.0,12.0,8.0,#EBC7C0,1
23112,83.0,12.0,14.0,#EFC6B5,1
23113,83.0,12.0,40.0,#FCC584,1
23114,83.0,12.0,116.0,#FFC300,0
23115,83.0,14.0,-10.0,#E1C7E2,1
23116,83.0,14.0,2.0,#EBC6CB,1
23117,83.0,14.0,12.0,#F1C5B9,1
23118,83.0,14.0,30.0,#FBC497,1
23119,83.0,14.0,70.0,#FFC243,0
23120,83.0,16.0,0.0,#EDC4CF,1
23121,83.0,16.0,6.0,#F1C4C4,1
23122,83.0,16.0,10.0,#F4C4BD,1
23123,83.0,16.0,42.0,#FFC280,0
23124,83.0,16.0,58.0,#FFC160,0
23125,83.0,16.0,124.0,#FFC000,0
23126,83.0,18.0,-6.0,#ECC4DA,1
23127,83.0,18.0,4.0,#F3C3C8,1
23128,83.0,18.0,54.0,#FFC068,0
23129,83.0,18.0,64.0,#FFC052,0
23130,83.0,18.0,72.0,#FFBF3E,0
23131,83.0,18.0,82.0,#FFBF1B,0
23132,83.0,18.0,90.0,#FFBF00,0
23133,83.0,20.0,-28.0,#DBC4FF,0
23134,83.0,20.0,-24.0,#DFC4FC,1
23135,83.0,20.0,-2.0,#F2C2D3,1
23136,83.0,20.0,8.0,#F9C1C1,1
23137,83.0,20.0,40.0,#FFBF84,0
23138,83.0,20.0,60.0,#FFBE5C,0
23139,83.0,22.0,-22.0,#E5C2F8,1
23140,83.0,22.0,28.0,#FFBE9B,0
23141,83.0,22.0,46.0,#FFBD79,0
23142,83.0,22.0,66.0,#FFBD4E,0
23143,83.0,24.0,-14.0,#F0C0E9,1
23144,83.0,24.0,-4.0,#F8BFD7,1
23145,83.0,24.0,14.0,#FFBEB6,0
23146,83.0,24.0,20.0,#FFBDAA,0
23147,83.0,24.0,42.0,#FFBC81,0
23148,83.0,24.0,120.0,#FFBA00,0
23149,83.0,26.0,18.0,#FFBCAE,0
23150,83.0,26.0,30.0,#FFBB98,0
23151,83.0,26.0,64.0,#FFBA53,0
23152,83.0,26.0,72.0,#FFB940,0
23153,83.0,26.0,80.0,#FFB926,0
23154,83.0,28.0,24.0,#FFBAA3,0
23155,83.0,30.0,-16.0,#F9BCED,1
23156,83.0,30.0,-2.0,#FFBAD3,0
23157,83.0,30.0,16.0,#FFB9B2,0
23158,83.0,30.0,36.0,#FFB88D,0
23159,83.0,30.0,102.0,#FFB600,0
23160,83.0,30.0,110.0,#FFB600,0
23161,83.0,32.0,-22.0,#F8BBF9,1
23162,83.0,32.0,28.0,#FFB79C,0
23163,83.0,34.0,10.0,#FFB6BD,0
23164,83.0,34.0,14.0,#FFB6B6,0
23165,83.0,34.0,20.0,#FFB5AB,0
23166,83.0,34.0,42.0,#FFB481,0
23167,83.0,34.0,84.0,#FFB316,0
23168,83.0,36.0,-16.0,#FFB7EE,0
23169,83.0,36.0,-4.0,#FFB6D7,0
23170,83.0,36.0,28.0,#FFB39C,0
23171,83.0,36.0,48.0,#FFB276,0
23172,83.0,36.0,90.0,#FFB100,0
23173,83.0,38.0,-12.0,#FFB5E6,0
23174,83.0,38.0,18.0,#FFB2AF,0
23175,83.0,38.0,82.0,#FFAF22,0
23176,83.0,38.0,96.0,#FFAF00,0
23177,83.0,40.0,12.0,#FFB1BA,0
23178,83.0,40.0,22.0,#FFB0A8,0
23179,83.0,40.0,72.0,#FFAE42,0
23180,83.0,40.0,88.0,#FFAD00,0
23181,83.0,42.0,4.0,#FFB0C9,0
23182,83.0,42.0,28.0,#FFAE9C,0
23183,83.0,44.0,8.0,#FFAEC2,0
23184,83.0,44.0,20.0,#FFADAB,0
23185,83.0,44.0,52.0,#FFAB6F,0
23186,83.0,46.0,12.0,#FFACBA,0
23187,83.0,46.0,26.0,#FFABA0,0
23188,83.0,46.0,58.0,#FFA963,0
23189,83.0,48.0,-24.0,#FFADFD,0
23190,83.0,48.0,16.0,#FFA9B3,0
23191,83.0,48.0,32.0,#FFA895,0
23192,83.0,48.0,36.0,#FFA88E,0
23193,83.0,50.0,20.0,#FFA7AC,0
23194,83.0,52.0,8.0,#FFA6C2,0
23195,83.0,54.0,-12.0,#FFA6E7,0
23196,83.0,56.0,-6.0,#FFA3DC,0
23197,83.0,60.0,-18.0,#FFA1F2,0
23198,84.0,-120.0,48.0,#00FE6F,0
23199,84.0,-114.0,46.0,#00FD74,0
23200,84.0,-112.0,52.0,#00FC67,0
23201,84.0,-110.0,28.0,#00FC99,0
23202,84.0,-106.0,22.0,#00FBA4,0
23203,84.0,-106.0,46.0,#00FA74,0
23204,84.0,-94.0,88.0,#00F600,0
23205,84.0,-92.0,6.0,#00F8C4,0
23206,84.0,-90.0,110.0,#00F500,0
23207,84.0,-86.0,0.0,#00F7CF,0
23208,84.0,-82.0,54.0,#00F364,0
23209,84.0,-78.0,44.0,#00F279,0
23210,84.0,-76.0,50.0,#00F16D,0
23211,84.0,-74.0,8.0,#00F2C0,0
23212,84.0,-72.0,70.0,#51EF3B,1
23213,84.0,-70.0,4.0,#00F1C8,0
23214,84.0,-70.0,42.0,#2BF07E,1
23215,84.0,-68.0,-8.0,#00F1DF,0
23216,84.0,-64.0,40.0,#4EED82,1
23217,84.0,-64.0,102.0,#7EEC00,0
23218,84.0,-62.0,-20.0,#00F0F5,0
23219,84.0,-62.0,-10.0,#00EFE2,0
23220,84.0,-62.0,46.0,#60ED76,1
23221,84.0,-60.0,56.0,#72EB60,1
23222,84.0,-58.0,-24.0,#00EFFD,0
23223,84.0,-58.0,-6.0,#00EEDB,0
23224,84.0,-58.0,50.0,#72EB6E,1
23225,84.0,-58.0,100.0,#8EEA00,0
23226,84.0,-56.0,-18.0,#00EEF2,0
23227,84.0,-56.0,42.0,#71EA7F,1
23228,84.0,-56.0,78.0,#8BE91E,1
23229,84.0,-54.0,12.0,#43EBB9,1
23230,84.0,-54.0,120.0,#9BE800,0
23231,84.0,-52.0,-22.0,#00ECF9,0
23232,84.0,-52.0,-8.0,#00EBDF,0
23233,84.0,-52.0,-4.0,#00EBD7,0
23234,84.0,-52.0,46.0,#81E977,1
23235,84.0,-50.0,26.0,#71E99F,1
23236,84.0,-50.0,112.0,#A2E700,0
23237,84.0,-48.0,124.0,#A8E600,0
23238,84.0,-46.0,-12.0,#00E9E7,0
23239,84.0,-46.0,-6.0,#36E9DB,1
23240,84.0,-46.0,92.0,#A7E500,0
23241,84.0,-46.0,104.0,#AAE500,0
23242,84.0,-44.0,-2.0,#52E8D4,1
23243,84.0,-44.0,112.0,#AFE400,0
23244,84.0,-42.0,-8.0,#49E7DF,1
23245,84.0,-42.0,38.0,#95E587,1
23246,84.0,-40.0,-22.0,#00E7FA,0
23247,84.0,-40.0,2.0,#6DE6CC,1
23248,84.0,-40.0,80.0,#B0E316,1
23249,84.0,-40.0,88.0,#B2E300,0
23250,84.0,-38.0,-4.0,#68E5D8,1
23251,84.0,-38.0,16.0,#89E4B2,1
23252,84.0,-38.0,112.0,#BBE100,0
23253,84.0,-36.0,-14.0,#57E5EB,1
23254,84.0,-36.0,4.0,#7EE4C9,1
23255,84.0,-36.0,8.0,#84E4C1,1
23256,84.0,-36.0,34.0,#A1E290,1
23257,84.0,-36.0,44.0,#A8E27C,1
23258,84.0,-36.0,70.0,#B5E13F,1
23259,84.0,-36.0,92.0,#BBE100,0
23260,84.0,-34.0,-22.0,#45E5FA,1
23261,84.0,-34.0,22.0,#9BE2A7,1
23262,84.0,-34.0,86.0,#BEE000,0
23263,84.0,-34.0,106.0,#C2E000,0
23264,84.0,-34.0,126.0,#C4DF00,0
23265,84.0,-32.0,-10.0,#72E3E3,1
23266,84.0,-30.0,-14.0,#71E2EB,1
23267,84.0,-30.0,6.0,#93E1C5,1
23268,84.0,-30.0,40.0,#B2DF84,1
23269,84.0,-30.0,50.0,#B8DF70,1
23270,84.0,-30.0,64.0,#BFDE50,1
23271,84.0,-28.0,-22.0,#65E2FA,1
23272,84.0,-28.0,-18.0,#6FE2F2,1
23273,84.0,-28.0,-6.0,#87E1DC,1
23274,84.0,-28.0,44.0,#B9DE7C,1
23275,84.0,-28.0,70.0,#C5DD40,1
23276,84.0,-26.0,-10.0,#87E0E3,1
23277,84.0,-26.0,4.0,#9BDFC9,1
23278,84.0,-26.0,52.0,#C1DD6C,1
23279,84.0,-24.0,-14.0,#86DFEB,1
23280,84.0,-24.0,8.0,#A5DEC2,1
23281,84.0,-24.0,30.0,#B8DD98,1
23282,84.0,-24.0,56.0,#C7DC63,1
23283,84.0,-24.0,64.0,#CADC50,1
23284,84.0,-22.0,4.0,#A5DDC9,1
23285,84.0,-22.0,20.0,#B5DCAB,1
23286,84.0,-20.0,-14.0,#92DDEB,1
23287,84.0,-20.0,8.0,#AEDCC2,1
23288,84.0,-20.0,24.0,#BCDBA4,1
23289,84.0,-20.0,108.0,#DBD900,0
23290,84.0,-18.0,-2.0,#A8DCD5,1
23291,84.0,-18.0,2.0,#ADDBCD,1
23292,84.0,-18.0,40.0,#CAD985,1
23293,84.0,-16.0,4.0,#B3DAC9,1
23294,84.0,-16.0,22.0,#C3D9A8,1
23295,84.0,-16.0,26.0,#C6D9A0,1
23296,84.0,-14.0,-28.0,#8ADCFF,0
23297,84.0,-14.0,-10.0,#A8DAE4,1
23298,84.0,-14.0,6.0,#BAD9C6,1
23299,84.0,-14.0,10.0,#BDD9BE,1
23300,84.0,-12.0,-14.0,#A7D9EB,1
23301,84.0,-12.0,24.0,#CCD7A4,1
23302,84.0,-10.0,-28.0,#97D9FF,0
23303,84.0,-10.0,-22.0,#A1D9FA,1
23304,84.0,-10.0,-18.0,#A7D9F3,1
23305,84.0,-10.0,-10.0,#B1D8E4,1
23306,84.0,-10.0,26.0,#D2D6A0,1
23307,84.0,-8.0,36.0,#DBD48D,1
23308,84.0,-8.0,56.0,#E4D364,1
23309,84.0,-6.0,-16.0,#B3D6EF,1
23310,84.0,-6.0,-4.0,#C1D5D9,1
23311,84.0,-6.0,0.0,#C5D5D1,1
23312,84.0,-6.0,4.0,#C9D5CA,1
23313,84.0,-4.0,-6.0,#C3D4DD,1
23314,84.0,-4.0,-2.0,#C7D4D5,1
23315,84.0,-4.0,2.0,#CBD4CE,1
23316,84.0,-4.0,6.0,#CFD3C6,1
23317,84.0,-2.0,-12.0,#C1D4E8,1
23318,84.0,-2.0,-8.0,#C6D3E0,1
23319,84.0,-2.0,36.0,#E6D18D,1
23320,84.0,-2.0,82.0,#F5CF18,1
23321,84.0,-2.0,126.0,#FACE00,0
23322,84.0,0.0,-20.0,#BCD3F7,1
23323,84.0,0.0,-12.0,#C6D2E8,1
23324,84.0,0.0,-8.0,#CAD2E0,1
23325,84.0,0.0,8.0,#D8D1C3,1
23326,84.0,0.0,12.0,#DBD1BB,1
23327,84.0,0.0,118.0,#FCCD00,0
23328,84.0,2.0,26.0,#E8CFA1,1
23329,84.0,2.0,34.0,#ECCE91,1
23330,84.0,2.0,86.0,#FCCC00,0
23331,84.0,4.0,-16.0,#CAD0EF,1
23332,84.0,4.0,-12.0,#CED0E8,1
23333,84.0,4.0,124.0,#FFCB00,0
23334,84.0,6.0,-20.0,#CACFF7,1
23335,84.0,6.0,-16.0,#CECFEF,1
23336,84.0,6.0,-12.0,#D2CFE8,1
23337,84.0,6.0,12.0,#E6CDBB,1
23338,84.0,6.0,16.0,#E9CDB4,1
23339,84.0,6.0,34.0,#F2CC92,1
23340,84.0,6.0,64.0,#FDCA54,1
23341,84.0,6.0,80.0,#FFCA25,0
23342,84.0,6.0,88.0,#FFCA00,0
23343,84.0,8.0,-16.0,#D2CEF0,1
23344,84.0,8.0,-12.0,#D6CDE8,1
23345,84.0,8.0,12.0,#EACCBB,1
23346,84.0,8.0,16.0,#ECCBB4,1
23347,84.0,10.0,34.0,#F9C992,1
23348,84.0,10.0,62.0,#FFC859,0
23349,84.0,10.0,78.0,#FFC82D,0
23350,84.0,10.0,86.0,#FFC700,0
23351,84.0,10.0,94.0,#FFC700,0
23352,84.0,10.0,110.0,#FFC700,0
23353,84.0,12.0,18.0,#F4C9B0,1
23354,84.0,12.0,24.0,#F8C8A5,1
23355,84.0,12.0,100.0,#FFC600,0
23356,84.0,14.0,-2.0,#EBC9D6,1
23357,84.0,14.0,22.0,#FAC7A9,1
23358,84.0,14.0,52.0,#FFC66F,0
23359,84.0,14.0,82.0,#FFC51E,0
23360,84.0,14.0,106.0,#FFC400,0
23361,84.0,16.0,-18.0,#E0C9F4,1
23362,84.0,16.0,16.0,#FAC6B4,1
23363,84.0,16.0,28.0,#FFC59E,0
23364,84.0,16.0,112.0,#FFC300,0
23365,84.0,18.0,-16.0,#E6C7F0,1
23366,84.0,18.0,-12.0,#EAC7E8,1
23367,84.0,18.0,24.0,#FFC4A5,0
23368,84.0,18.0,34.0,#FFC492,0
23369,84.0,18.0,102.0,#FFC200,0
23370,84.0,20.0,18.0,#FFC3B1,0
23371,84.0,20.0,30.0,#FFC29A,0
23372,84.0,20.0,96.0,#FFC000,0
23373,84.0,20.0,108.0,#FFC000,0
23374,84.0,22.0,-18.0,#ECC5F4,1
23375,84.0,22.0,-10.0,#F3C4E5,1
23376,84.0,22.0,2.0,#FCC3CF,1
23377,84.0,22.0,6.0,#FEC3C7,1
23378,84.0,22.0,36.0,#FFC18F,0
23379,84.0,22.0,52.0,#FFC06F,0
23380,84.0,22.0,102.0,#FFBF00,0
23381,84.0,24.0,34.0,#FFBF93,0
23382,84.0,24.0,96.0,#FFBD00,0
23383,84.0,26.0,-18.0,#F3C2F4,1
23384,84.0,26.0,-10.0,#FAC1E5,1
23385,84.0,28.0,28.0,#FFBD9E,0
23386,84.0,30.0,-8.0,#FFBEE1,0
23387,84.0,30.0,22.0,#FFBBAA,0
23388,84.0,30.0,70.0,#FFB948,0
23389,84.0,32.0,66.0,#FFB852,0
23390,84.0,34.0,34.0,#FFB793,0
23391,84.0,36.0,-8.0,#FFB9E2,0
23392,84.0,42.0,-16.0,#FFB5F1,0
23393,84.0,44.0,-26.0,#FFB4FF,0
23394,84.0,48.0,-18.0,#FFAFF5,0
23395,84.0,52.0,0.0,#FFAAD3,0
23396,84.0,54.0,-22.0,#FFAAFC,0
23397,85.0,-116.0,84.0,#00FF00,0
23398,85.0,-110.0,82.0,#00FE00,0
23399,85.0,-110.0,90.0,#00FE00,0
23400,85.0,-108.0,96.0,#00FD00,0
23401,85.0,-104.0,80.0,#00FC03,0
23402,85.0,-104.0,88.0,#00FC00,0
23403,85.0,-102.0,28.0,#00FD9B,0
23404,85.0,-100.0,22.0,#00FDA7,0
23405,85.0,-100.0,68.0,#00FB41,0
23406,85.0,-98.0,74.0,#00FB2D,0
23407,85.0,-96.0,82.0,#00FA00,0
23408,85.0,-96.0,108.0,#00FA00,0
23409,85.0,-92.0,52.0,#00F96A,0
23410,85.0,-92.0,60.0,#00F957,0
23411,85.0,-92.0,68.0,#00F942,0
23412,85.0,-90.0,40.0,#00F984,0
23413,85.0,-88.0,34.0,#00F990,0
23414,85.0,-86.0,16.0,#00F9B3,0
23415,85.0,-86.0,28.0,#00F89C,0
23416,85.0,-84.0,22.0,#00F8A8,0
23417,85.0,-84.0,60.0,#00F758,0
23418,85.0,-84.0,80.0,#00F60C,0
23419,85.0,-84.0,92.0,#23F600,0
23420,85.0,-84.0,104.0,#31F600,0
23421,85.0,-84.0,116.0,#39F600,0
23422,85.0,-82.0,10.0,#00F8BF,0
23423,85.0,-82.0,110.0,#42F500,0
23424,85.0,-78.0,16.0,#00F6B4,0
23425,85.0,-78.0,66.0,#2BF549,1
23426,85.0,-78.0,86.0,#47F400,0
23427,85.0,-78.0,98.0,#50F400,0
23428,85.0,-76.0,60.0,#2EF459,1
23429,85.0,-76.0,80.0,#4CF410,1
23430,85.0,-76.0,92.0,#55F300,0
23431,85.0,-76.0,104.0,#5BF300,0
23432,85.0,-76.0,112.0,#5EF300,0
23433,85.0,-74.0,20.0,#00F5AC,0
23434,85.0,-74.0,28.0,#00F49C,0
23435,85.0,-72.0,14.0,#00F4B8,0
23436,85.0,-70.0,-12.0,#00F5E9,0
23437,85.0,-70.0,32.0,#00F395,0
23438,85.0,-70.0,48.0,#40F274,1
23439,85.0,-70.0,64.0,#57F24F,1
23440,85.0,-70.0,82.0,#66F100,0
23441,85.0,-70.0,98.0,#6EF100,0
23442,85.0,-70.0,108.0,#72F100,0
23443,85.0,-68.0,18.0,#00F3B0,0
23444,85.0,-64.0,-26.0,#00F4FF,0
23445,85.0,-64.0,76.0,#77EF2A,1
23446,85.0,-64.0,112.0,#84EF00,0
23447,85.0,-62.0,16.0,#00F1B4,0
23448,85.0,-62.0,22.0,#2FF0A8,1
23449,85.0,-60.0,2.0,#00F1CF,0
23450,85.0,-58.0,108.0,#93ED00,0
23451,85.0,-56.0,18.0,#4CEEB0,1
23452,85.0,-56.0,84.0,#90EC00,0
23453,85.0,-54.0,36.0,#73ED8D,1
23454,85.0,-52.0,-26.0,#00F0FF,0
23455,85.0,-52.0,-14.0,#00EFED,0
23456,85.0,-52.0,22.0,#67EDA9,1
23457,85.0,-52.0,88.0,#9BEA00,0
23458,85.0,-50.0,0.0,#36EDD3,1
23459,85.0,-50.0,78.0,#9DEA24,1
23460,85.0,-46.0,-26.0,#00EDFF,0
23461,85.0,-46.0,10.0,#68EBC0,1
23462,85.0,-46.0,18.0,#76EAB1,1
23463,85.0,-46.0,70.0,#A2E841,1
23464,85.0,-46.0,82.0,#A7E809,1
23465,85.0,-44.0,-20.0,#00ECF9,0
23466,85.0,-44.0,76.0,#A9E72D,1
23467,85.0,-42.0,14.0,#7DE9B8,1
23468,85.0,-42.0,28.0,#8FE89E,1
23469,85.0,-42.0,120.0,#B7E600,0
23470,85.0,-40.0,-26.0,#00EBFF,0
23471,85.0,-40.0,32.0,#98E796,1
23472,85.0,-36.0,-8.0,#6AE8E2,1
23473,85.0,-36.0,0.0,#7AE7D3,1
23474,85.0,-36.0,120.0,#C3E300,0
23475,85.0,-34.0,-26.0,#34E8FF,0
23476,85.0,-34.0,48.0,#B1E476,1
23477,85.0,-32.0,94.0,#C6E200,0
23478,85.0,-30.0,2.0,#90E4D0,1
23479,85.0,-30.0,118.0,#CEE000,0
23480,85.0,-28.0,18.0,#A8E2B1,1
23481,85.0,-28.0,30.0,#B2E29A,1
23482,85.0,-28.0,88.0,#CDE000,0
23483,85.0,-28.0,124.0,#D2DF00,0
23484,85.0,-24.0,12.0,#ACE1BD,1
23485,85.0,-24.0,44.0,#C4DF7F,1
23486,85.0,-24.0,82.0,#D2DE15,1
23487,85.0,-24.0,118.0,#D8DD00,0
23488,85.0,-22.0,-24.0,#7BE2FF,0
23489,85.0,-22.0,-8.0,#98E1E3,1
23490,85.0,-22.0,-4.0,#9EE1DB,1
23491,85.0,-22.0,16.0,#B4DFB5,1
23492,85.0,-22.0,126.0,#DCDC00,0
23493,85.0,-20.0,-18.0,#8EE1F5,1
23494,85.0,-20.0,12.0,#B5DFBD,1
23495,85.0,-20.0,50.0,#CFDD73,1
23496,85.0,-18.0,-24.0,#89E0FF,0
23497,85.0,-18.0,16.0,#BDDDB6,1
23498,85.0,-18.0,58.0,#D6DB62,1
23499,85.0,-16.0,-20.0,#96DFF9,1
23500,85.0,-16.0,-16.0,#9DDEF2,1
23501,85.0,-16.0,126.0,#E6D900,0
23502,85.0,-14.0,-4.0,#B2DCDB,1
23503,85.0,-14.0,0.0,#B6DCD4,1
23504,85.0,-14.0,56.0,#DCD966,1
23505,85.0,-12.0,16.0,#C9DAB6,1
23506,85.0,-12.0,20.0,#CCDAAE,1
23507,85.0,-12.0,34.0,#D5D993,1
23508,85.0,-12.0,40.0,#D9D988,1
23509,85.0,-12.0,46.0,#DCD97C,1
23510,85.0,-12.0,76.0,#E6D833,1
23511,85.0,-12.0,88.0,#E9D700,0
23512,85.0,-12.0,116.0,#ECD700,0
23513,85.0,-10.0,-4.0,#BBDADB,1
23514,85.0,-10.0,50.0,#E1D774,1
23515,85.0,-10.0,82.0,#EBD61A,1
23516,85.0,-8.0,-6.0,#BDD9DF,1
23517,85.0,-8.0,-2.0,#C2D9D8,1
23518,85.0,-8.0,18.0,#D3D8B2,1
23519,85.0,-8.0,28.0,#D9D79F,1
23520,85.0,-8.0,74.0,#ECD53A,1
23521,85.0,-8.0,110.0,#F2D500,0
23522,85.0,-6.0,-24.0,#ABDAFF,0
23523,85.0,-6.0,-12.0,#BBD9EB,1
23524,85.0,-6.0,-8.0,#C0D8E3,1
23525,85.0,-6.0,8.0,#CFD7C5,1
23526,85.0,-6.0,12.0,#D2D7BE,1
23527,85.0,-6.0,20.0,#D8D6AE,1
23528,85.0,-6.0,24.0,#DBD6A7,1
23529,85.0,-6.0,44.0,#E5D580,1
23530,85.0,-6.0,68.0,#EED44B,1
23531,85.0,-6.0,116.0,#F6D400,0
23532,85.0,-4.0,-22.0,#B3D8FD,1
23533,85.0,-4.0,16.0,#D9D6B6,1
23534,85.0,-4.0,32.0,#E3D598,1
23535,85.0,-4.0,48.0,#EAD478,1
23536,85.0,-2.0,-20.0,#BBD7FA,1
23537,85.0,-2.0,-16.0,#C0D7F2,1
23538,85.0,-2.0,12.0,#DAD5BE,1
23539,85.0,-2.0,42.0,#EBD384,1
23540,85.0,-2.0,62.0,#F3D25A,1
23541,85.0,-2.0,110.0,#FCD100,0
23542,85.0,0.0,-24.0,#BAD6FF,0
23543,85.0,0.0,0.0,#D4D4D4,1
23544,85.0,0.0,24.0,#E6D3A7,1
23545,85.0,0.0,48.0,#F1D278,1
23546,85.0,0.0,56.0,#F4D168,1
23547,85.0,2.0,-20.0,#C4D5FA,1
23548,85.0,2.0,-16.0,#C8D4F2,1
23549,85.0,2.0,-12.0,#CDD4EB,1
23550,85.0,2.0,12.0,#E2D2BE,1
23551,85.0,2.0,62.0,#F9D05B,1
23552,85.0,2.0,70.0,#FCD047,1
23553,85.0,2.0,78.0,#FDCF2F,1
23554,85.0,4.0,12.0,#E5D1BE,1
23555,85.0,4.0,16.0,#E8D1B6,1
23556,85.0,4.0,48.0,#F8CF79,1
23557,85.0,4.0,56.0,#FBCF68,1
23558,85.0,4.0,108.0,#FFCE00,0
23559,85.0,6.0,72.0,#FFCD42,0
23560,85.0,6.0,116.0,#FFCC00,0
23561,85.0,8.0,48.0,#FFCD79,1
23562,85.0,8.0,56.0,#FFCC68,0
23563,85.0,8.0,102.0,#FFCB00,0
23564,85.0,8.0,122.0,#FFCB00,0
23565,85.0,10.0,-22.0,#D3D0FE,1
23566,85.0,10.0,-10.0,#DFCFE7,1
23567,85.0,10.0,44.0,#FFCB81,0
23568,85.0,12.0,-20.0,#D9CEFA,1
23569,85.0,12.0,-16.0,#DDCEF3,1
23570,85.0,12.0,58.0,#FFCA64,0
23571,85.0,14.0,-24.0,#D9CDFF,0
23572,85.0,14.0,-14.0,#E3CDEF,1
23573,85.0,14.0,46.0,#FFC97D,0
23574,85.0,14.0,64.0,#FFC857,0
23575,85.0,14.0,90.0,#FFC700,0
23576,85.0,16.0,-22.0,#DFCCFE,1
23577,85.0,16.0,-8.0,#ECCBE4,1
23578,85.0,16.0,20.0,#FFC9AF,0
23579,85.0,16.0,36.0,#FFC891,0
23580,85.0,16.0,96.0,#FFC600,0
23581,85.0,18.0,14.0,#FFC8BB,0
23582,85.0,18.0,48.0,#FFC67A,0
23583,85.0,18.0,118.0,#FFC400,0
23584,85.0,20.0,12.0,#FFC6BF,0
23585,85.0,20.0,22.0,#FFC6AC,0
23586,85.0,20.0,124.0,#FFC300,0
23587,85.0,22.0,-6.0,#F9C6E0,1
23588,85.0,22.0,16.0,#FFC5B7,0
23589,85.0,22.0,74.0,#FFC23F,0
23590,85.0,22.0,82.0,#FFC225,0
23591,85.0,22.0,90.0,#FFC200,0
23592,85.0,22.0,114.0,#FFC100,0
23593,85.0,24.0,10.0,#FFC4C3,0
23594,85.0,24.0,24.0,#FFC3A8,0
23595,85.0,24.0,58.0,#FFC166,0
23596,85.0,24.0,108.0,#FFC000,0
23597,85.0,26.0,2.0,#FFC3D1,0
23598,85.0,26.0,6.0,#FFC2CA,0
23599,85.0,26.0,48.0,#FFC07A,0
23600,85.0,26.0,90.0,#FFBF00,0
23601,85.0,26.0,102.0,#FFBE00,0
23602,85.0,28.0,-24.0,#F4C4FF,0
23603,85.0,28.0,10.0,#FFC0C3,0
23604,85.0,28.0,40.0,#FFBF8A,0
23605,85.0,28.0,54.0,#FFBE6E,0
23606,85.0,28.0,60.0,#FFBE62,0
23607,85.0,28.0,96.0,#FFBD00,0
23608,85.0,30.0,4.0,#FFBFCE,0
23609,85.0,30.0,46.0,#FFBD7F,0
23610,85.0,30.0,78.0,#FFBC35,0
23611,85.0,30.0,86.0,#FFBB13,0
23612,85.0,32.0,-14.0,#FFBFEF,0
23613,85.0,32.0,52.0,#FFBB73,0
23614,85.0,32.0,60.0,#FFBB62,0
23615,85.0,32.0,92.0,#FFBA00,0
23616,85.0,34.0,2.0,#FFBCD2,0
23617,85.0,34.0,76.0,#FFB83C,0
23618,85.0,36.0,6.0,#FFBACA,0
23619,85.0,36.0,24.0,#FFB9A9,0
23620,85.0,36.0,58.0,#FFB767,0
23621,85.0,36.0,66.0,#FFB755,0
23622,85.0,36.0,72.0,#FFB747,0
23623,85.0,38.0,-24.0,#FFBCFF,0
23624,85.0,38.0,-20.0,#FFBBFB,0
23625,85.0,38.0,34.0,#FFB796,0
23626,85.0,38.0,40.0,#FFB68B,0
23627,85.0,38.0,54.0,#FFB66F,0
23628,85.0,40.0,0.0,#FFB8D6,0
23629,85.0,40.0,46.0,#FFB47F,0
23630,85.0,42.0,-10.0,#FFB7E8,0
23631,85.0,44.0,36.0,#FFB193,0
23632,85.0,46.0,-6.0,#FFB3E1,0
23633,85.0,46.0,-2.0,#FFB2DA,0
23634,85.0,46.0,2.0,#FFB2D2,0
23635,85.0,48.0,6.0,#FFB0CB,0
23636,85.0,52.0,-8.0,#FFADE5,0
23637,86.0,-112.0,58.0,#00FF5E,0
23638,86.0,-110.0,66.0,#00FF49,0
23639,86.0,-110.0,74.0,#00FF2F,0
23640,86.0,-106.0,36.0,#00FF8E,0
23641,86.0,-104.0,58.0,#00FF5E,0
23642,86.0,-100.0,34.0,#00FF92,0
23643,86.0,-100.0,100.0,#00FE00,0
23644,86.0,-98.0,44.0,#00FE7E,0
23645,86.0,-94.0,28.0,#00FE9E,0
23646,86.0,-94.0,98.0,#00FC00,0
23647,86.0,-92.0,16.0,#00FEB6,0
23648,86.0,-90.0,22.0,#00FDAA,0
23649,86.0,-86.0,72.0,#00FA39,0
23650,86.0,-80.0,2.0,#00FBD1,0
23651,86.0,-80.0,32.0,#00F997,0
23652,86.0,-78.0,38.0,#00F88B,0
23653,86.0,-76.0,-2.0,#00FAD9,0
23654,86.0,-70.0,0.0,#00F7D5,0
23655,86.0,-68.0,56.0,#5AF465,1
23656,86.0,-68.0,90.0,#75F400,0
23657,86.0,-68.0,124.0,#7EF300,0
23658,86.0,-66.0,-4.0,#00F6DD,0
23659,86.0,-66.0,8.0,#00F6C6,0
23660,86.0,-64.0,68.0,#74F248,1
23661,86.0,-62.0,82.0,#83F10A,1
23662,86.0,-62.0,94.0,#88F100,0
23663,86.0,-62.0,120.0,#8EF100,0
23664,86.0,-60.0,30.0,#56F29C,1
23665,86.0,-58.0,-12.0,#00F4EC,0
23666,86.0,-58.0,8.0,#0CF3C6,1
23667,86.0,-58.0,62.0,#82F058,1
23668,86.0,-58.0,70.0,#87F043,1
23669,86.0,-54.0,52.0,#86EF6F,1
23670,86.0,-52.0,4.0,#3CF0CE,1
23671,86.0,-52.0,58.0,#90EE62,1
23672,86.0,-52.0,66.0,#95EE4E,1
23673,86.0,-50.0,30.0,#7CEE9C,1
23674,86.0,-48.0,34.0,#87ED94,1
23675,86.0,-46.0,-16.0,#00EFF4,0
23676,86.0,-46.0,6.0,#63EECA,1
23677,86.0,-44.0,44.0,#9BEB80,1
23678,86.0,-42.0,96.0,#B6E900,0
23679,86.0,-40.0,-14.0,#47EDF0,1
23680,86.0,-40.0,6.0,#7AEBCA,1
23681,86.0,-40.0,10.0,#81EBC3,1
23682,86.0,-38.0,22.0,#96E9AC,1
23683,86.0,-38.0,40.0,#A6E989,1
23684,86.0,-36.0,-20.0,#48EBFC,1
23685,86.0,-36.0,12.0,#90E9BF,1
23686,86.0,-36.0,26.0,#9FE8A4,1
23687,86.0,-34.0,64.0,#BCE655,1
23688,86.0,-32.0,28.0,#ABE6A1,1
23689,86.0,-32.0,34.0,#AFE695,1
23690,86.0,-32.0,70.0,#C3E546,1
23691,86.0,-30.0,-2.0,#8DE7DA,1
23692,86.0,-30.0,58.0,#C2E463,1
23693,86.0,-30.0,76.0,#C9E433,1
23694,86.0,-28.0,24.0,#B0E5A9,1
23695,86.0,-26.0,-4.0,#96E5DE,1
23696,86.0,-26.0,0.0,#9BE5D6,1
23697,86.0,-26.0,108.0,#D7E100,0
23698,86.0,-24.0,-20.0,#80E6FC,1
23699,86.0,-22.0,0.0,#A6E3D6,1
23700,86.0,-22.0,72.0,#D6E041,1
23701,86.0,-20.0,28.0,#C5E0A1,1
23702,86.0,-20.0,34.0,#C9E096,1
23703,86.0,-18.0,-10.0,#A3E2E9,1
23704,86.0,-18.0,-6.0,#A8E2E2,1
23705,86.0,-18.0,20.0,#C3E0B1,1
23706,86.0,-18.0,72.0,#DDDE42,1
23707,86.0,-16.0,30.0,#CEDE9E,1
23708,86.0,-16.0,36.0,#D2DE92,1
23709,86.0,-16.0,42.0,#D5DE86,1
23710,86.0,-16.0,48.0,#D8DE7A,1
23711,86.0,-16.0,82.0,#E4DD1D,1
23712,86.0,-16.0,98.0,#E7DC00,0
23713,86.0,-16.0,106.0,#E8DC00,0
23714,86.0,-14.0,-24.0,#98E1FF,0
23715,86.0,-14.0,68.0,#E3DC4D,1
23716,86.0,-12.0,-20.0,#A4DFFC,1
23717,86.0,-12.0,6.0,#C4DDCB,1
23718,86.0,-12.0,100.0,#EEDA00,0
23719,86.0,-10.0,8.0,#CADCC8,1
23720,86.0,-10.0,64.0,#E9DA57,1
23721,86.0,-10.0,126.0,#F4D900,0
23722,86.0,-8.0,-20.0,#AFDDFC,1
23723,86.0,-8.0,-16.0,#B4DDF5,1
23724,86.0,-8.0,90.0,#F3D800,0
23725,86.0,-6.0,96.0,#F7D700,0
23726,86.0,-4.0,-8.0,#C7DAE6,1
23727,86.0,-4.0,-4.0,#CBDADE,1
23728,86.0,-4.0,0.0,#CFD9D7,1
23729,86.0,-4.0,4.0,#D2D9CF,1
23730,86.0,-4.0,8.0,#D6D9C8,1
23731,86.0,-4.0,88.0,#F9D600,0
23732,86.0,-2.0,26.0,#E6D7A6,1
23733,86.0,-2.0,94.0,#FDD400,0
23734,86.0,-2.0,102.0,#FED400,0
23735,86.0,0.0,30.0,#ECD59E,1
23736,86.0,2.0,40.0,#F4D38B,1
23737,86.0,2.0,98.0,#FFD200,0
23738,86.0,6.0,40.0,#FBD18B,1
23739,86.0,12.0,68.0,#FFCC50,0
23740,86.0,14.0,118.0,#FFCA00,0
23741,86.0,16.0,76.0,#FFC93C,0
23742,86.0,18.0,58.0,#FFC868,0
23743,86.0,20.0,-20.0,#ECCCFD,1
23744,86.0,20.0,64.0,#FFC65B,0
23745,86.0,22.0,-14.0,#F5CAF2,1
23746,86.0,22.0,42.0,#FFC688,0
23747,86.0,22.0,48.0,#FFC67D,0
23748,86.0,24.0,-24.0,#F0C9FF,0
23749,86.0,24.0,-2.0,#FFC7DC,0
23750,86.0,24.0,66.0,#FFC357,0
23751,86.0,26.0,-14.0,#FDC7F2,1
23752,86.0,26.0,-6.0,#FFC6E3,0
23753,86.0,26.0,122.0,#FFC100,0
23754,86.0,28.0,14.0,#FFC3BE,0
23755,86.0,30.0,-4.0,#FFC3E0,0
23756,86.0,30.0,0.0,#FFC3D8,0
23757,86.0,30.0,18.0,#FFC1B7,0
23758,86.0,32.0,-18.0,#FFC3FA,0
23759,86.0,32.0,8.0,#FFC0C9,0
23760,86.0,34.0,-2.0,#FFC0DC,0
23761,86.0,34.0,12.0,#FFBEC2,0
23762,86.0,34.0,16.0,#FFBEBB,0
23763,86.0,36.0,-12.0,#FFBFEF,0
23764,86.0,36.0,20.0,#FFBCB3,0
23765,86.0,38.0,10.0,#FFBBC6,0
23766,86.0,40.0,-4.0,#FFBBE0,0
23767,86.0,40.0,4.0,#FFBAD1,0
23768,86.0,40.0,14.0,#FFB9BF,0
23769,86.0,40.0,18.0,#FFB9B7,0
23770,86.0,42.0,8.0,#FFB8CA,0
23771,86.0,42.0,22.0,#FFB7B0,0
23772,86.0,42.0,26.0,#FFB7A8,0
23773,86.0,42.0,30.0,#FFB6A1,0
23774,86.0,44.0,-22.0,#FFB9FF,0
23775,86.0,44.0,12.0,#FFB6C2,0
23776,86.0,46.0,16.0,#FFB4BB,0
23777,86.0,46.0,20.0,#FFB3B4,0
23778,86.0,48.0,-14.0,#FFB5F3,0
23779,87.0,-98.0,52.0,#00FF6F,0
23780,87.0,-98.0,60.0,#00FF5D,0
23781,87.0,-94.0,36.0,#00FF91,0
23782,87.0,-90.0,10.0,#00FFC4,0
23783,87.0,-90.0,46.0,#00FF7D,0
23784,87.0,-86.0,4.0,#00FFD0,0
23785,87.0,-86.0,52.0,#00FD70,0
23786,87.0,-84.0,44.0,#00FD81,0
23787,87.0,-80.0,26.0,#00FCA5,0
23788,87.0,-80.0,54.0,#00FB6C,0
23789,87.0,-80.0,74.0,#36FB36,1
23790,87.0,-78.0,46.0,#00FB7D,0
23791,87.0,-76.0,-8.0,#00FDE7,0
23792,87.0,-76.0,120.0,#68F900,0
23793,87.0,-74.0,72.0,#55F93E,1
23794,87.0,-72.0,42.0,#2AF986,1
23795,87.0,-70.0,116.0,#7BF700,0
23796,87.0,-68.0,-16.0,#00FBF6,0
23797,87.0,-66.0,38.0,#4BF78E,1
23798,87.0,-64.0,-20.0,#00FAFE,0
23799,87.0,-62.0,42.0,#64F586,1
23800,87.0,-62.0,100.0,#8DF400,0
23801,87.0,-60.0,-2.0,#00F7DC,0
23802,87.0,-60.0,36.0,#64F592,1
23803,87.0,-60.0,48.0,#73F47A,1
23804,87.0,-58.0,-22.0,#00F8FF,0
23805,87.0,-56.0,-8.0,#00F6E7,0
23806,87.0,-56.0,76.0,#93F233,1
23807,87.0,-54.0,-4.0,#00F5E0,0
23808,87.0,-54.0,46.0,#84F27E,1
23809,87.0,-54.0,116.0,#A4F100,0
23810,87.0,-52.0,-20.0,#00F5FE,0
23811,87.0,-52.0,14.0,#5DF3BE,1
23812,87.0,-52.0,26.0,#73F2A6,1
23813,87.0,-52.0,96.0,#A4F000,0
23814,87.0,-52.0,124.0,#A9F000,0
23815,87.0,-50.0,-10.0,#00F3EB,0
23816,87.0,-50.0,108.0,#ABEF00,0
23817,87.0,-48.0,-6.0,#34F2E4,1
23818,87.0,-48.0,100.0,#AEEE00,0
23819,87.0,-46.0,22.0,#81F0AE,1
23820,87.0,-46.0,88.0,#AFEE00,0
23821,87.0,-46.0,116.0,#B5ED00,0
23822,87.0,-44.0,-10.0,#41F1EB,1
23823,87.0,-44.0,2.0,#66F0D5,1
23824,87.0,-44.0,54.0,#A4EE6E,1
23825,87.0,-44.0,62.0,#A9ED5C,1
23826,87.0,-44.0,104.0,#B7ED00,0
23827,87.0,-42.0,-6.0,#5BF0E4,1
23828,87.0,-40.0,-2.0,#6EEFDC,1
23829,87.0,-40.0,18.0,#8EEDB6,1
23830,87.0,-40.0,48.0,#AAEC7B,1
23831,87.0,-40.0,82.0,#BAEB1B,1
23832,87.0,-40.0,108.0,#C0EB00,0
23833,87.0,-38.0,54.0,#B2EB6E,1
23834,87.0,-38.0,62.0,#B6EB5C,1
23835,87.0,-38.0,70.0,#B9EB48,1
23836,87.0,-36.0,76.0,#C0EA36,1
23837,87.0,-36.0,88.0,#C3E900,0
23838,87.0,-34.0,42.0,#B3EA88,1
23839,87.0,-34.0,56.0,#BBE96A,1
23840,87.0,-34.0,82.0,#C6E81D,1
23841,87.0,-34.0,102.0,#CAE800,0
23842,87.0,-34.0,110.0,#CCE800,0
23843,87.0,-32.0,-14.0,#72ECF3,1
23844,87.0,-32.0,8.0,#98EACA,1
23845,87.0,-32.0,14.0,#A0EABE,1
23846,87.0,-32.0,22.0,#A8EAAF,1
23847,87.0,-30.0,-6.0,#89EAE4,1
23848,87.0,-28.0,4.0,#9EE9D1,1
23849,87.0,-28.0,10.0,#A5E8C6,1
23850,87.0,-28.0,36.0,#BCE794,1
23851,87.0,-28.0,42.0,#C0E788,1
23852,87.0,-28.0,64.0,#CBE658,1
23853,87.0,-28.0,100.0,#D5E500,0
23854,87.0,-26.0,-14.0,#88E9F3,1
23855,87.0,-26.0,20.0,#B4E7B3,1
23856,87.0,-26.0,70.0,#D1E549,1
23857,87.0,-26.0,78.0,#D4E531,1
23858,87.0,-24.0,6.0,#ABE7CE,1
23859,87.0,-24.0,24.0,#BCE6AB,1
23860,87.0,-24.0,94.0,#DBE300,0
23861,87.0,-22.0,-14.0,#94E7F4,1
23862,87.0,-22.0,62.0,#D6E35E,1
23863,87.0,-22.0,102.0,#E0E200,0
23864,87.0,-22.0,110.0,#E1E200,0
23865,87.0,-20.0,6.0,#B4E5CE,1
23866,87.0,-20.0,44.0,#D1E384,1
23867,87.0,-20.0,88.0,#E1E100,0
23868,87.0,-20.0,96.0,#E3E100,0
23869,87.0,-18.0,-14.0,#A0E5F4,1
23870,87.0,-16.0,-2.0,#B5E3DD,1
23871,87.0,-16.0,2.0,#B9E3D6,1
23872,87.0,-16.0,6.0,#BEE2CE,1
23873,87.0,-16.0,10.0,#C1E2C6,1
23874,87.0,-16.0,90.0,#E8DF00,0
23875,87.0,-16.0,114.0,#ECDF00,0
23876,87.0,-14.0,-14.0,#ABE3F4,1
23877,87.0,-14.0,12.0,#C8E1C3,1
23878,87.0,-14.0,24.0,#D1E0AC,1
23879,87.0,-12.0,-6.0,#BAE1E5,1
23880,87.0,-12.0,-2.0,#BEE1DD,1
23881,87.0,-12.0,2.0,#C3E1D6,1
23882,87.0,-12.0,28.0,#D7DFA4,1
23883,87.0,-12.0,108.0,#F2DD00,0
23884,87.0,-10.0,-14.0,#B5E1F4,1
23885,87.0,-10.0,0.0,#C5E0DA,1
23886,87.0,-10.0,4.0,#C9DFD2,1
23887,87.0,-10.0,20.0,#D6DEB4,1
23888,87.0,-10.0,58.0,#EADD68,1
23889,87.0,-8.0,2.0,#CBDED6,1
23890,87.0,-8.0,6.0,#CFDECE,1
23891,87.0,-8.0,10.0,#D2DEC7,1
23892,87.0,-8.0,14.0,#D5DEBF,1
23893,87.0,-8.0,22.0,#DBDDB0,1
23894,87.0,-8.0,32.0,#E1DD9D,1
23895,87.0,-8.0,38.0,#E5DC91,1
23896,87.0,-8.0,102.0,#F8DB00,0
23897,87.0,-6.0,16.0,#DBDCBB,1
23898,87.0,-6.0,28.0,#E3DCA5,1
23899,87.0,-6.0,56.0,#F0DA6C,1
23900,87.0,-6.0,80.0,#F7DA2D,1
23901,87.0,-4.0,-14.0,#C3DDF4,1
23902,87.0,-4.0,22.0,#E3DBB0,1
23903,87.0,-2.0,-10.0,#CCDCED,1
23904,87.0,-2.0,-6.0,#D0DCE5,1
23905,87.0,-2.0,-2.0,#D4DBDE,1
23906,87.0,-2.0,2.0,#D8DBD6,1
23907,87.0,-2.0,6.0,#DBDBCF,1
23908,87.0,-2.0,18.0,#E4DAB8,1
23909,87.0,-2.0,74.0,#FCD841,1
23910,87.0,0.0,-18.0,#C7DBFC,1
23911,87.0,0.0,-14.0,#CCDBF4,1
23912,87.0,0.0,-10.0,#D0DBED,1
23913,87.0,0.0,-6.0,#D4DAE5,1
23914,87.0,0.0,-2.0,#D8DADE,1
23915,87.0,0.0,2.0,#DCDAD6,1
23916,87.0,0.0,6.0,#DFD9CF,1
23917,87.0,0.0,10.0,#E2D9C7,1
23918,87.0,0.0,14.0,#E5D9C0,1
23919,87.0,0.0,18.0,#E8D9B8,1
23920,87.0,2.0,-6.0,#D8D9E5,1
23921,87.0,2.0,-2.0,#DCD9DE,1
23922,87.0,2.0,2.0,#E0D8D6,1
23923,87.0,2.0,6.0,#E3D8CF,1
23924,87.0,2.0,18.0,#EBD7B8,1
23925,87.0,2.0,22.0,#EED7B0,1
23926,87.0,2.0,52.0,#FCD676,1
23927,87.0,4.0,-18.0,#D0D9FC,1
23928,87.0,4.0,-14.0,#D4D9F4,1
23929,87.0,4.0,-10.0,#D9D8ED,1
23930,87.0,4.0,-6.0,#DCD8E5,1
23931,87.0,4.0,-2.0,#E0D8DE,1
23932,87.0,4.0,2.0,#E3D7D6,1
23933,87.0,4.0,6.0,#E7D7CF,1
23934,87.0,4.0,22.0,#F1D6B1,1
23935,87.0,4.0,28.0,#F5D6A5,1
23936,87.0,6.0,-22.0,#D0D8FF,0
23937,87.0,6.0,-18.0,#D4D8FC,1
23938,87.0,6.0,-14.0,#D9D7F4,1
23939,87.0,6.0,-10.0,#DDD7ED,1
23940,87.0,6.0,-6.0,#E0D7E5,1
23941,87.0,6.0,-2.0,#E4D6DE,1
23942,87.0,6.0,2.0,#E7D6D6,1
23943,87.0,6.0,6.0,#EAD6CF,1
23944,87.0,6.0,10.0,#EDD5C7,1
23945,87.0,6.0,14.0,#F0D5C0,1
23946,87.0,6.0,18.0,#F3D5B8,1
23947,87.0,6.0,26.0,#F7D4A9,1
23948,87.0,6.0,32.0,#FAD49E,1
23949,87.0,6.0,52.0,#FFD376,0
23950,87.0,6.0,60.0,#FFD365,0
23951,87.0,6.0,84.0,#FFD21F,0
23952,87.0,6.0,92.0,#FFD200,0
23953,87.0,8.0,-18.0,#D9D6FC,1
23954,87.0,8.0,-14.0,#DDD6F4,1
23955,87.0,8.0,-10.0,#E1D6ED,1
23956,87.0,8.0,-6.0,#E4D5E5,1
23957,87.0,8.0,-2.0,#E8D5DE,1
23958,87.0,8.0,2.0,#EBD5D6,1
23959,87.0,8.0,6.0,#EED4CF,1
23960,87.0,8.0,10.0,#F1D4C7,1
23961,87.0,8.0,14.0,#F4D4C0,1
23962,87.0,8.0,18.0,#F6D4B8,1
23963,87.0,8.0,22.0,#F9D3B1,1
23964,87.0,8.0,30.0,#FDD3A1,1
23965,87.0,10.0,-4.0,#EAD4E2,1
23966,87.0,10.0,0.0,#EDD4DA,1
23967,87.0,10.0,4.0,#F0D3D3,1
23968,87.0,10.0,8.0,#F3D3CB,1
23969,87.0,10.0,14.0,#F7D3C0,1
23970,87.0,10.0,26.0,#FED2A9,1
23971,87.0,10.0,36.0,#FFD196,0
23972,87.0,10.0,74.0,#FFD043,0
23973,87.0,10.0,82.0,#FFD029,0
23974,87.0,10.0,90.0,#FFD000,0
23975,87.0,10.0,114.0,#FFCF00,0
23976,87.0,12.0,-12.0,#E7D3F1,1
23977,87.0,12.0,-6.0,#ECD3E6,1
23978,87.0,12.0,-2.0,#EFD2DE,1
23979,87.0,12.0,2.0,#F3D2D7,1
23980,87.0,12.0,6.0,#F5D2CF,1
23981,87.0,12.0,12.0,#F9D1C4,1
23982,87.0,12.0,22.0,#FFD1B1,0
23983,87.0,12.0,32.0,#FFD09E,0
23984,87.0,12.0,104.0,#FFCE00,0
23985,87.0,14.0,-10.0,#ECD2ED,1
23986,87.0,14.0,-4.0,#F2D1E2,1
23987,87.0,14.0,0.0,#F5D1DA,1
23988,87.0,14.0,4.0,#F8D1D3,1
23989,87.0,14.0,10.0,#FCD0C8,1
23990,87.0,14.0,16.0,#FFD0BC,0
23991,87.0,14.0,26.0,#FFCFA9,0
23992,87.0,14.0,30.0,#FFCFA2,0
23993,87.0,14.0,38.0,#FFCF92,0
23994,87.0,14.0,110.0,#FFCD00,0
23995,87.0,16.0,8.0,#FECFCB,1
23996,87.0,16.0,24.0,#FFCEAD,0
23997,87.0,16.0,104.0,#FFCB00,0
23998,87.0,18.0,-6.0,#F7CFE6,1
23999,87.0,18.0,-2.0,#FACEDE,1
24000,87.0,18.0,2.0,#FDCED7,1
24001,87.0,18.0,6.0,#FFCECF,0
24002,87.0,18.0,18.0,#FFCDB9,0
24003,87.0,18.0,30.0,#FFCCA2,0
24004,87.0,18.0,42.0,#FFCC8B,0
24005,87.0,18.0,70.0,#FFCA4F,0
24006,87.0,18.0,86.0,#FFCA18,0
24007,87.0,18.0,110.0,#FFCA00,0
24008,87.0,20.0,26.0,#FFCBAA,0
24009,87.0,20.0,100.0,#FFC800,0
24010,87.0,22.0,20.0,#FFCAB5,0
24011,87.0,22.0,32.0,#FFC99E,0
24012,87.0,24.0,-18.0,#F8CBFC,1
24013,87.0,24.0,28.0,#FFC8A6,0
24014,87.0,26.0,22.0,#FFC7B2,0
24015,87.0,26.0,34.0,#FFC69B,0
24016,87.0,26.0,72.0,#FFC44B,0
24017,87.0,26.0,80.0,#FFC434,0
24018,87.0,30.0,26.0,#FFC3AA,0
24019,87.0,30.0,34.0,#FFC39B,0
24020,87.0,34.0,-22.0,#FFC4FF,0
24021,87.0,34.0,26.0,#FFC0AA,0
24022,87.0,34.0,32.0,#FFC09F,0
24023,87.0,34.0,40.0,#FFBF90,0
24024,87.0,34.0,46.0,#FFBF84,0
24025,87.0,36.0,-6.0,#FFC1E6,0
24026,87.0,38.0,-16.0,#FFC0F9,0
24027,87.0,42.0,-14.0,#FFBDF6,0
24028,87.0,46.0,-18.0,#FFBAFD,0
24029,88.0,-104.0,66.0,#00FF50,0
24030,88.0,-102.0,72.0,#00FF3E,0
24031,88.0,-100.0,78.0,#00FF27,0
24032,88.0,-100.0,86.0,#00FF00,0
24033,88.0,-98.0,92.0,#00FF00,0
24034,88.0,-92.0,54.0,#00FF6E,0
24035,88.0,-92.0,74.0,#00FF38,0
24036,88.0,-92.0,82.0,#00FF0F,0
24037,88.0,-90.0,88.0,#00FF00,0
24038,88.0,-90.0,104.0,#00FF00,0
24039,88.0,-88.0,60.0,#00FF60,0
24040,88.0,-88.0,94.0,#08FF00,0
24041,88.0,-86.0,66.0,#00FF51,0
24042,88.0,-84.0,14.0,#00FFBF,0
24043,88.0,-84.0,110.0,#46FF00,0
24044,88.0,-82.0,86.0,#3EFE00,0
24045,88.0,-82.0,100.0,#4AFE00,0
24046,88.0,-80.0,20.0,#00FFB4,0
24047,88.0,-80.0,60.0,#15FE61,1
24048,88.0,-80.0,94.0,#50FE00,0
24049,88.0,-78.0,8.0,#00FFCB,0
24050,88.0,-78.0,108.0,#61FD00,0
24051,88.0,-76.0,14.0,#00FFC0,0
24052,88.0,-76.0,82.0,#59FC15,1
24053,88.0,-74.0,22.0,#00FEB0,0
24054,88.0,-74.0,58.0,#47FC66,1
24055,88.0,-74.0,100.0,#6CFB00,0
24056,88.0,-72.0,6.0,#00FECF,0
24057,88.0,-72.0,28.0,#00FDA5,0
24058,88.0,-72.0,48.0,#40FC7C,1
24059,88.0,-72.0,64.0,#59FB57,1
24060,88.0,-70.0,12.0,#00FDC4,0
24061,88.0,-70.0,34.0,#24FC99,1
24062,88.0,-70.0,78.0,#6EFA2C,1
24063,88.0,-66.0,4.0,#00FCD3,0
24064,88.0,-66.0,24.0,#20FBAD,1
24065,88.0,-64.0,-8.0,#00FCEA,0
24066,88.0,-62.0,12.0,#00FAC4,0
24067,88.0,-60.0,16.0,#38F9BC,1
24068,88.0,-60.0,22.0,#4BF8B1,1
24069,88.0,-60.0,56.0,#7EF76B,1
24070,88.0,-58.0,-16.0,#00FAF9,0
24071,88.0,-58.0,2.0,#00F9D7,0
24072,88.0,-58.0,126.0,#9FF500,0
24073,88.0,-54.0,20.0,#64F6B5,1
24074,88.0,-54.0,40.0,#81F58D,1
24075,88.0,-50.0,8.0,#5CF5CC,1
24076,88.0,-50.0,80.0,#A6F227,1
24077,88.0,-48.0,38.0,#90F392,1
24078,88.0,-48.0,50.0,#9BF279,1
24079,88.0,-46.0,72.0,#ACF144,1
24080,88.0,-44.0,78.0,#B3F031,1
24081,88.0,-42.0,34.0,#9DF09A,1
24082,88.0,-40.0,116.0,#C4EE00,0
24083,88.0,-40.0,124.0,#C5EE00,0
24084,88.0,-38.0,36.0,#A9EF96,1
24085,88.0,-36.0,96.0,#C8EC00,0
24086,88.0,-34.0,-4.0,#83EFE3,1
24087,88.0,-34.0,0.0,#8AEFDC,1
24088,88.0,-34.0,118.0,#D0EB00,0
24089,88.0,-34.0,126.0,#D0EB00,0
24090,88.0,-32.0,-20.0,#66EFFF,0
24091,88.0,-32.0,18.0,#A7EDB9,1
24092,88.0,-30.0,90.0,#D2E900,0
24093,88.0,-28.0,120.0,#DBE800,0
24094,88.0,-26.0,14.0,#B1EAC1,1
24095,88.0,-26.0,30.0,#BFE9A3,1
24096,88.0,-26.0,48.0,#CBE87F,1
24097,88.0,-26.0,54.0,#CEE872,1
24098,88.0,-26.0,84.0,#D8E718,1
24099,88.0,-24.0,-2.0,#A4EAE0,1
24100,88.0,-24.0,126.0,#E2E600,0
24101,88.0,-22.0,10.0,#B7E8C9,1
24102,88.0,-22.0,14.0,#BBE8C1,1
24103,88.0,-22.0,18.0,#BEE8BA,1
24104,88.0,-22.0,54.0,#D5E672,1
24105,88.0,-20.0,-4.0,#ABE8E4,1
24106,88.0,-20.0,80.0,#E2E42E,1
24107,88.0,-20.0,120.0,#E9E400,0
24108,88.0,-18.0,-20.0,#99E8FF,0
24109,88.0,-18.0,0.0,#B5E7DC,1
24110,88.0,-18.0,54.0,#DDE472,1
24111,88.0,-18.0,66.0,#E1E457,1
24112,88.0,-18.0,126.0,#EDE300,0
24113,88.0,-16.0,60.0,#E3E366,1
24114,88.0,-14.0,-8.0,#B5E5EB,1
24115,88.0,-14.0,16.0,#CEE4BE,1
24116,88.0,-14.0,20.0,#D1E3B6,1
24117,88.0,-14.0,52.0,#E3E277,1
24118,88.0,-12.0,44.0,#E3E188,1
24119,88.0,-12.0,72.0,#EEE049,1
24120,88.0,-10.0,-8.0,#BFE3EB,1
24121,88.0,-10.0,12.0,#D3E2C6,1
24122,88.0,-10.0,48.0,#E9E080,1
24123,88.0,-10.0,78.0,#F3DF37,1
24124,88.0,-8.0,26.0,#E1E0AB,1
24125,88.0,-8.0,52.0,#EEDF77,1
24126,88.0,-8.0,68.0,#F4DE53,1
24127,88.0,-8.0,118.0,#FDDD00,0
24128,88.0,-6.0,-20.0,#B9E2FF,0
24129,88.0,-6.0,-4.0,#CCE1E4,1
24130,88.0,-6.0,0.0,#D0E0DC,1
24131,88.0,-6.0,4.0,#D4E0D5,1
24132,88.0,-6.0,112.0,#FFDC00,0
24133,88.0,-6.0,124.0,#FFDC00,0
24134,88.0,-4.0,-18.0,#C1E0FE,1
24135,88.0,-4.0,-2.0,#D3DFE0,1
24136,88.0,-4.0,2.0,#D6DFD9,1
24137,88.0,-4.0,6.0,#DADFD1,1
24138,88.0,-4.0,14.0,#E0DEC2,1
24139,88.0,-4.0,18.0,#E3DEBB,1
24140,88.0,-4.0,38.0,#EFDD94,1
24141,88.0,-4.0,64.0,#F9DC5D,1
24142,88.0,-2.0,30.0,#EEDCA4,1
24143,88.0,-2.0,54.0,#F9DB74,1
24144,88.0,-2.0,118.0,#FFDA00,0
24145,88.0,0.0,26.0,#F0DBAB,1
24146,88.0,0.0,34.0,#F4DB9C,1
24147,88.0,0.0,60.0,#FFDA67,1
24148,88.0,0.0,110.0,#FFD800,0
24149,88.0,0.0,126.0,#FFD800,0
24150,88.0,2.0,30.0,#F5DAA4,1
24151,88.0,2.0,66.0,#FFD859,0
24152,88.0,2.0,74.0,#FFD845,0
24153,88.0,2.0,82.0,#FFD82B,0
24154,88.0,2.0,90.0,#FFD800,0
24155,88.0,4.0,34.0,#FBD89C,1
24156,88.0,4.0,44.0,#FFD889,0
24157,88.0,4.0,104.0,#FFD600,0
24158,88.0,4.0,116.0,#FFD600,0
24159,88.0,6.0,66.0,#FFD65A,0
24160,88.0,6.0,76.0,#FFD540,0
24161,88.0,6.0,124.0,#FFD500,0
24162,88.0,8.0,46.0,#FFD585,0
24163,88.0,8.0,98.0,#FFD400,0
24164,88.0,8.0,106.0,#FFD300,0
24165,88.0,10.0,52.0,#FFD379,0
24166,88.0,10.0,62.0,#FFD363,0
24167,88.0,12.0,-18.0,#E4D7FF,1
24168,88.0,12.0,18.0,#FFD4BB,0
24169,88.0,12.0,46.0,#FFD285,0
24170,88.0,14.0,52.0,#FFD179,0
24171,88.0,14.0,82.0,#FFD02E,0
24172,88.0,14.0,126.0,#FFCF00,0
24173,88.0,16.0,-20.0,#EAD4FF,0
24174,88.0,16.0,-16.0,#EED4FB,1
24175,88.0,16.0,48.0,#FFCF81,0
24176,88.0,18.0,-14.0,#F3D2F8,1
24177,88.0,18.0,-10.0,#F7D2F0,1
24178,88.0,18.0,122.0,#FFCC00,0
24179,88.0,20.0,50.0,#FFCD7E,0
24180,88.0,22.0,-10.0,#FECFF0,1
24181,88.0,22.0,2.0,#FFCEDA,0
24182,88.0,22.0,6.0,#FFCED2,0
24183,88.0,22.0,56.0,#FFCB72,0
24184,88.0,24.0,14.0,#FFCCC3,0
24185,88.0,24.0,38.0,#FFCA96,0
24186,88.0,24.0,88.0,#FFC814,0
24187,88.0,24.0,96.0,#FFC800,0
24188,88.0,26.0,-10.0,#FFCCF0,0
24189,88.0,26.0,18.0,#FFCABC,0
24190,88.0,26.0,44.0,#FFC88A,0
24191,88.0,26.0,58.0,#FFC86E,0
24192,88.0,28.0,28.0,#FFC8A9,0
24193,88.0,28.0,50.0,#FFC77E,0
24194,88.0,28.0,64.0,#FFC661,0
24195,88.0,30.0,-8.0,#FFC9ED,0
24196,88.0,30.0,22.0,#FFC6B5,0
24197,88.0,30.0,40.0,#FFC592,0
24198,88.0,30.0,56.0,#FFC572,0
24199,88.0,32.0,-12.0,#FFC8F4,0
24200,89.0,-88.0,30.0,#00FFA3,0
24201,89.0,-86.0,22.0,#00FFB3,0
24202,89.0,-82.0,36.0,#00FF97,0
24203,89.0,-74.0,0.0,#00FFDD,0
24204,89.0,-74.0,90.0,#6BFF00,0
24205,89.0,-70.0,-6.0,#00FFE9,0
24206,89.0,-68.0,-2.0,#00FFE1,0
24207,89.0,-68.0,20.0,#00FFB7,0
24208,89.0,-68.0,70.0,#72FD4B,1
24209,89.0,-68.0,94.0,#80FC00,0
24210,89.0,-68.0,106.0,#85FC00,0
24211,89.0,-66.0,52.0,#68FC76,1
24212,89.0,-66.0,84.0,#82FC0F,1
24213,89.0,-66.0,120.0,#8DFB00,0
24214,89.0,-62.0,30.0,#57FCA4,1
24215,89.0,-62.0,64.0,#81FB5B,1
24216,89.0,-62.0,90.0,#90FA00,0
24217,89.0,-60.0,8.0,#00FCCE,0
24218,89.0,-60.0,70.0,#8BFA4B,1
24219,89.0,-60.0,106.0,#9AF900,0
24220,89.0,-60.0,116.0,#9CF900,0
24221,89.0,-58.0,84.0,#98F912,1
24222,89.0,-56.0,12.0,#4AFAC7,1
24223,89.0,-56.0,92.0,#9FF800,0
24224,89.0,-54.0,64.0,#97F75C,1
24225,89.0,-50.0,32.0,#87F7A0,1
24226,89.0,-48.0,60.0,#A4F566,1
24227,89.0,-46.0,14.0,#7CF6C3,1
24228,89.0,-44.0,-18.0,#11F7FF,0
24229,89.0,-44.0,-14.0,#36F7F9,1
24230,89.0,-44.0,28.0,#94F5A8,1
24231,89.0,-42.0,10.0,#83F5CB,1
24232,89.0,-40.0,14.0,#8FF3C4,1
24233,89.0,-38.0,-18.0,#50F5FF,0
24234,89.0,-38.0,-14.0,#5EF4F9,1
24235,89.0,-38.0,24.0,#A0F2B0,1
24236,89.0,-36.0,8.0,#93F2CF,1
24237,89.0,-34.0,-10.0,#7AF2F1,1
24238,89.0,-34.0,12.0,#9DF1C8,1
24239,89.0,-32.0,36.0,#B9EF99,1
24240,89.0,-30.0,28.0,#B7EEA9,1
24241,89.0,-30.0,60.0,#CBED67,1
24242,89.0,-28.0,-10.0,#8FEFF2,1
24243,89.0,-28.0,112.0,#DDEB00,0
24244,89.0,-26.0,-18.0,#86EFFF,0
24245,89.0,-26.0,-6.0,#9BEEEA,1
24246,89.0,-24.0,-10.0,#9BEDF2,1
24247,89.0,-24.0,40.0,#CDEB92,1
24248,89.0,-22.0,-18.0,#93EDFF,0
24249,89.0,-22.0,2.0,#B1ECDB,1
24250,89.0,-22.0,26.0,#C7EAAD,1
24251,89.0,-22.0,32.0,#CCEAA1,1
24252,89.0,-20.0,-10.0,#A6EBF2,1
24253,89.0,-20.0,36.0,#D2E99A,1
24254,89.0,-18.0,18.0,#CAE9BD,1
24255,89.0,-18.0,22.0,#CDE8B5,1
24256,89.0,-18.0,26.0,#D0E8AD,1
24257,89.0,-18.0,48.0,#DDE782,1
24258,89.0,-16.0,102.0,#F1E500,0
24259,89.0,-14.0,-18.0,#AAE9FF,0
24260,89.0,-12.0,-10.0,#BBE7F2,1
24261,89.0,-12.0,0.0,#C6E6DF,1
24262,89.0,-12.0,8.0,#CEE6D0,1
24263,89.0,-12.0,36.0,#E2E49A,1
24264,89.0,-12.0,96.0,#F6E300,0
24265,89.0,-12.0,116.0,#F9E200,0
24266,89.0,-10.0,-18.0,#B5E7FF,0
24267,89.0,-10.0,-2.0,#C8E5E3,1
24268,89.0,-10.0,2.0,#CCE5DB,1
24269,89.0,-10.0,90.0,#F9E100,0
24270,89.0,-8.0,-10.0,#C4E5F2,1
24271,89.0,-8.0,-4.0,#CBE4E7,1
24272,89.0,-8.0,0.0,#CFE4DF,1
24273,89.0,-8.0,4.0,#D3E4D8,1
24274,89.0,-6.0,-14.0,#C4E4FA,1
24275,89.0,-6.0,-10.0,#C9E4F2,1
24276,89.0,-6.0,10.0,#DCE2CC,1
24277,89.0,-6.0,34.0,#ECE19E,1
24278,89.0,-6.0,88.0,#FFDF07,1
24279,89.0,-4.0,28.0,#ECE0AA,1
24280,89.0,-4.0,44.0,#F5DF8B,1
24281,89.0,-2.0,-18.0,#C8E2FF,0
24282,89.0,-2.0,-14.0,#CDE2FA,1
24283,89.0,-2.0,10.0,#E4E0CD,1
24284,89.0,-2.0,14.0,#E7E0C5,1
24285,89.0,-2.0,22.0,#ECDFB6,1
24286,89.0,-2.0,48.0,#FADE83,1
24287,89.0,-2.0,82.0,#FFDD2E,0
24288,89.0,-2.0,90.0,#FFDD00,0
24289,89.0,-2.0,98.0,#FFDD00,0
24290,89.0,0.0,22.0,#F0DEB6,1
24291,89.0,0.0,42.0,#FBDD8F,1
24292,89.0,2.0,-18.0,#D1E0FF,0
24293,89.0,2.0,-14.0,#D6DFFA,1
24294,89.0,2.0,-10.0,#DADFF2,1
24295,89.0,2.0,10.0,#ECDECD,1
24296,89.0,2.0,14.0,#EEDDC5,1
24297,89.0,2.0,38.0,#FCDC97,1
24298,89.0,4.0,10.0,#EFDCCD,1
24299,89.0,4.0,14.0,#F2DCC5,1
24300,89.0,4.0,18.0,#F5DCBE,1
24301,89.0,6.0,38.0,#FFD997,0
24302,89.0,10.0,-8.0,#ECDAEF,1
24303,89.0,14.0,62.0,#FFD367,0
24304,89.0,14.0,70.0,#FFD354,0
24305,89.0,14.0,94.0,#FFD200,0
24306,89.0,16.0,14.0,#FFD4C6,0
24307,89.0,16.0,20.0,#FFD4BA,0
24308,89.0,18.0,12.0,#FFD3CA,0
24309,89.0,18.0,36.0,#FFD19C,0
24310,89.0,18.0,56.0,#FFD174,0
24311,89.0,18.0,64.0,#FFD062,0
24312,89.0,20.0,8.0,#FFD2D1,0
24313,89.0,20.0,16.0,#FFD1C2,0
24314,89.0,20.0,22.0,#FFD1B7,0
24315,89.0,22.0,-6.0,#FFD1EC,0
24316,89.0,22.0,-2.0,#FFD1E4,0
24317,89.0,22.0,68.0,#FFCD5A,0
24318,89.0,24.0,-14.0,#FFD1FB,0
24319,89.0,24.0,10.0,#FFCFCE,0
24320,89.0,24.0,24.0,#FFCEB3,0
24321,89.0,26.0,-2.0,#FFCEE4,0
24322,89.0,26.0,2.0,#FFCEDD,0
24323,89.0,26.0,6.0,#FFCDD5,0
24324,89.0,28.0,10.0,#FFCCCE,0
24325,89.0,30.0,-16.0,#FFCCFF,0
24326,89.0,30.0,4.0,#FFCBD9,0
24327,89.0,32.0,14.0,#FFC8C6,0
24328,89.0,34.0,2.0,#FFC8DD,0
24329,89.0,36.0,-10.0,#FFC7F4,0
24330,89.0,36.0,6.0,#FFC6D6,0
24331,89.0,36.0,12.0,#FFC5CA,0
24332,89.0,40.0,-2.0,#FFC3E5,0
24333,90.0,-92.0,44.0,#00FF89,0
24334,90.0,-92.0,66.0,#00FF56,0
24335,90.0,-90.0,38.0,#00FF95,0
24336,90.0,-84.0,72.0,#1DFF46,0
24337,90.0,-82.0,78.0,#3DFF32,0
24338,90.0,-80.0,28.0,#00FFAA,0
24339,90.0,-78.0,50.0,#17FF7D,0
24340,90.0,-74.0,112.0,#78FF00,0
24341,90.0,-70.0,16.0,#00FFC1,0
24342,90.0,-66.0,46.0,#63FF86,0
24343,90.0,-64.0,36.0,#5CFF9A,0
24344,90.0,-64.0,76.0,#86FE3C,1
24345,90.0,-60.0,40.0,#73FE92,1
24346,90.0,-58.0,34.0,#72FD9F,1
24347,90.0,-58.0,46.0,#80FD86,1
24348,90.0,-56.0,-12.0,#00FFF8,0
24349,90.0,-54.0,-6.0,#00FEEC,0
24350,90.0,-54.0,6.0,#47FDD5,1
24351,90.0,-54.0,24.0,#72FCB2,1
24352,90.0,-52.0,28.0,#7FFBAB,1
24353,90.0,-52.0,44.0,#91FA8B,1
24354,90.0,-52.0,74.0,#A5F944,1
24355,90.0,-52.0,108.0,#B0F900,0
24356,90.0,-52.0,116.0,#B2F900,0
24357,90.0,-50.0,-2.0,#45FCE5,1
24358,90.0,-48.0,2.0,#5EFBDD,1
24359,90.0,-48.0,22.0,#84F9B7,1
24360,90.0,-48.0,92.0,#B5F700,0
24361,90.0,-48.0,124.0,#BBF700,0
24362,90.0,-46.0,-6.0,#50FAEC,1
24363,90.0,-46.0,42.0,#9FF88F,1
24364,90.0,-46.0,54.0,#A8F776,1
24365,90.0,-46.0,84.0,#B7F61D,1
24366,90.0,-46.0,108.0,#BDF600,0
24367,90.0,-42.0,-2.0,#6FF8E5,1
24368,90.0,-42.0,4.0,#7BF8D9,1
24369,90.0,-42.0,20.0,#94F7BB,1
24370,90.0,-42.0,88.0,#C0F500,0
24371,90.0,-42.0,96.0,#C2F400,0
24372,90.0,-40.0,-6.0,#6EF8EC,1
24373,90.0,-40.0,44.0,#AFF58B,1
24374,90.0,-40.0,50.0,#B4F57F,1
24375,90.0,-40.0,56.0,#B7F572,1
24376,90.0,-40.0,64.0,#BBF460,1
24377,90.0,-40.0,104.0,#C8F300,0
24378,90.0,-36.0,18.0,#A2F4BF,1
24379,90.0,-36.0,58.0,#C1F36E,1
24380,90.0,-36.0,68.0,#C6F256,1
24381,90.0,-36.0,84.0,#CBF220,1
24382,90.0,-34.0,48.0,#C0F283,1
24383,90.0,-34.0,74.0,#CCF146,1
24384,90.0,-34.0,106.0,#D4F100,0
24385,90.0,-30.0,-16.0,#7FF4FF,0
24386,90.0,-30.0,4.0,#A1F2DA,1
24387,90.0,-30.0,8.0,#A6F2D2,1
24388,90.0,-30.0,24.0,#B7F1B3,1
24389,90.0,-30.0,50.0,#C9F07F,1
24390,90.0,-30.0,66.0,#D1EF5C,1
24391,90.0,-30.0,76.0,#D4EF41,1
24392,90.0,-28.0,-2.0,#9EF2E5,1
24393,90.0,-28.0,40.0,#C7EF94,1
24394,90.0,-26.0,2.0,#A9F0DE,1
24395,90.0,-26.0,6.0,#AEF0D6,1
24396,90.0,-26.0,18.0,#BBEFBF,1
24397,90.0,-24.0,22.0,#C3EEB8,1
24398,90.0,-24.0,106.0,#E7EC00,0
24399,90.0,-22.0,70.0,#E1EB52,1
24400,90.0,-18.0,4.0,#BFECDA,1
24401,90.0,-18.0,30.0,#D5EBA8,1
24402,90.0,-18.0,42.0,#DDEA91,1
24403,90.0,-18.0,110.0,#F2E800,0
24404,90.0,-16.0,-16.0,#ABEDFF,0
24405,90.0,-16.0,-12.0,#B1ECF9,1
24406,90.0,-16.0,34.0,#DCE9A1,1
24407,90.0,-14.0,-4.0,#C0EBE9,1
24408,90.0,-14.0,28.0,#DCE9AC,1
24409,90.0,-14.0,64.0,#EEE762,1
24410,90.0,-14.0,84.0,#F4E726,1
24411,90.0,-12.0,22.0,#DCE8B8,1
24412,90.0,-10.0,24.0,#E1E7B4,1
24413,90.0,-10.0,106.0,#FFE400,0
24414,90.0,-10.0,126.0,#FFE400,0
24415,90.0,-8.0,18.0,#E1E6C0,1
24416,90.0,-8.0,40.0,#EEE595,1
24417,90.0,-6.0,-6.0,#D0E6ED,1
24418,90.0,-6.0,-2.0,#D4E6E6,1
24419,90.0,-6.0,2.0,#D8E6DE,1
24420,90.0,-6.0,6.0,#DBE5D7,1
24421,90.0,-6.0,20.0,#E6E5BC,1
24422,90.0,-6.0,76.0,#FFE244,0
24423,90.0,-6.0,100.0,#FFE200,0
24424,90.0,-4.0,-12.0,#CEE6F9,1
24425,90.0,-4.0,-8.0,#D2E5F1,1
24426,90.0,-4.0,-4.0,#D6E5EA,1
24427,90.0,-4.0,0.0,#DAE5E2,1
24428,90.0,-4.0,4.0,#DEE4DB,1
24429,90.0,-2.0,-8.0,#D6E4F1,1
24430,90.0,-2.0,-4.0,#DAE4EA,1
24431,90.0,-2.0,0.0,#DEE4E2,1
24432,90.0,-2.0,4.0,#E2E3DB,1
24433,90.0,0.0,-16.0,#D2E4FF,0
24434,90.0,0.0,-12.0,#D6E3F9,1
24435,90.0,0.0,-8.0,#DBE3F1,1
24436,90.0,0.0,-4.0,#DFE3EA,1
24437,90.0,0.0,0.0,#E2E2E2,1
24438,90.0,0.0,4.0,#E6E2DB,1
24439,90.0,0.0,8.0,#E9E2D3,1
24440,90.0,0.0,12.0,#ECE1CC,1
24441,90.0,0.0,16.0,#EFE1C4,1
24442,90.0,2.0,-4.0,#E3E1EA,1
24443,90.0,2.0,0.0,#E6E1E2,1
24444,90.0,2.0,4.0,#EAE1DB,1
24445,90.0,2.0,20.0,#F5E0BC,1
24446,90.0,2.0,24.0,#F8E0B5,1
24447,90.0,2.0,46.0,#FFDE8A,0
24448,90.0,4.0,-16.0,#DBE1FF,0
24449,90.0,4.0,-12.0,#DFE1F9,1
24450,90.0,4.0,-8.0,#E3E0F2,1
24451,90.0,4.0,-4.0,#E7E0EA,1
24452,90.0,4.0,0.0,#EAE0E2,1
24453,90.0,4.0,4.0,#EEE0DB,1
24454,90.0,6.0,-16.0,#DFE0FF,0
24455,90.0,6.0,-12.0,#E3E0F9,1
24456,90.0,6.0,-8.0,#E7DFF2,1
24457,90.0,6.0,-4.0,#EBDFEA,1
24458,90.0,6.0,0.0,#EEDFE3,1
24459,90.0,6.0,4.0,#F1DEDB,1
24460,90.0,6.0,8.0,#F5DED3,1
24461,90.0,6.0,12.0,#F7DECC,1
24462,90.0,6.0,16.0,#FADDC4,1
24463,90.0,6.0,20.0,#FDDDBD,1
24464,90.0,6.0,24.0,#FFDDB5,1
24465,90.0,6.0,88.0,#FFDB17,0
24466,90.0,8.0,-16.0,#E3DFFF,0
24467,90.0,8.0,-12.0,#E7DEF9,1
24468,90.0,8.0,-4.0,#EFDEEA,1
24469,90.0,8.0,0.0,#F2DDE3,1
24470,90.0,8.0,4.0,#F5DDDB,1
24471,90.0,8.0,8.0,#F8DDD3,1
24472,90.0,8.0,12.0,#FBDCCC,1
24473,90.0,8.0,16.0,#FEDCC4,1
24474,90.0,8.0,28.0,#FFDBAD,0
24475,90.0,8.0,34.0,#FFDBA2,0
24476,90.0,10.0,-2.0,#F4DCE6,1
24477,90.0,10.0,2.0,#F7DCDF,1
24478,90.0,10.0,6.0,#FADCD7,1
24479,90.0,10.0,10.0,#FDDBD0,1
24480,90.0,10.0,20.0,#FFDBBD,0
24481,90.0,10.0,24.0,#FFDAB5,0
24482,90.0,10.0,70.0,#FFD856,0
24483,90.0,10.0,78.0,#FFD841,0
24484,90.0,10.0,86.0,#FFD824,0
24485,90.0,12.0,-4.0,#F6DBEA,1
24486,90.0,12.0,0.0,#FADBE3,1
24487,90.0,12.0,4.0,#FDDADB,1
24488,90.0,12.0,8.0,#FFDAD4,0
24489,90.0,12.0,14.0,#FFDAC8,0
24490,90.0,12.0,30.0,#FFD9AA,0
24491,90.0,12.0,36.0,#FFD89E,0
24492,90.0,12.0,100.0,#FFD600,0
24493,90.0,12.0,116.0,#FFD600,0
24494,90.0,14.0,-2.0,#FCDAE7,1
24495,90.0,14.0,2.0,#FFD9DF,1
24496,90.0,14.0,22.0,#FFD8B9,0
24497,90.0,14.0,106.0,#FFD500,0
24498,90.0,16.0,-8.0,#FBD9F2,1
24499,90.0,16.0,0.0,#FFD8E3,0
24500,90.0,16.0,6.0,#FFD8D8,0
24501,90.0,16.0,38.0,#FFD69B,0
24502,90.0,16.0,100.0,#FFD400,0
24503,90.0,18.0,4.0,#FFD6DB,0
24504,90.0,18.0,24.0,#FFD5B6,0
24505,90.0,18.0,28.0,#FFD5AE,0
24506,90.0,18.0,82.0,#FFD236,0
24507,90.0,18.0,90.0,#FFD20E,0
24508,90.0,20.0,34.0,#FFD3A3,0
24509,90.0,22.0,28.0,#FFD2AE,0
24510,90.0,22.0,74.0,#FFD04E,0
24511,90.0,24.0,20.0,#FFD1BD,0
24512,90.0,26.0,30.0,#FFCFAB,0
24513,90.0,28.0,24.0,#FFCDB6,0
24514,90.0,32.0,28.0,#FFCAAF,0
24515,90.0,34.0,20.0,#FFC9BE,0
24516,90.0,38.0,-14.0,#FFC9FE,0
24517,91.0,-90.0,76.0,#00FF3C,0
24518,91.0,-88.0,82.0,#05FF23,0
24519,91.0,-86.0,50.0,#00FF7F,0
24520,91.0,-86.0,88.0,#34FF00,0
24521,91.0,-84.0,44.0,#00FF8C,0
24522,91.0,-84.0,94.0,#49FF00,0
24523,91.0,-82.0,56.0,#00FF72,0
24524,91.0,-82.0,64.0,#25FF5F,0
24525,91.0,-78.0,40.0,#00FF94,0
24526,91.0,-76.0,66.0,#54FF5A,0
24527,91.0,-76.0,104.0,#71FF00,0
24528,91.0,-74.0,76.0,#68FF3E,0
24529,91.0,-72.0,32.0,#11FFA5,0
24530,91.0,-72.0,38.0,#33FF99,0
24531,91.0,-72.0,44.0,#44FF8C,0
24532,91.0,-72.0,52.0,#54FF7B,0
24533,91.0,-70.0,26.0,#00FFB1,0
24534,91.0,-70.0,60.0,#68FF6A,0
24535,91.0,-64.0,6.0,#00FFD8,0
24536,91.0,-64.0,22.0,#3DFFB9,0
24537,91.0,-62.0,2.0,#00FFDF,0
24538,91.0,-60.0,-2.0,#00FFE7,0
24539,91.0,-58.0,18.0,#57FFC1,0
24540,91.0,-58.0,58.0,#8EFF6F,0
24541,91.0,-58.0,100.0,#A3FE00,0
24542,91.0,-54.0,124.0,#B1FC00,0
24543,91.0,-52.0,16.0,#6FFEC5,1
24544,91.0,-52.0,52.0,#9AFD7D,1
24545,91.0,-48.0,-12.0,#24FEFB,1
24546,91.0,-48.0,10.0,#73FDD0,1
24547,91.0,-42.0,36.0,#A7F99E,1
24548,91.0,-42.0,70.0,#BDF853,1
24549,91.0,-40.0,120.0,#CEF600,0
24550,91.0,-36.0,2.0,#8FF8E0,1
24551,91.0,-36.0,28.0,#AFF7AE,1
24552,91.0,-36.0,34.0,#B4F6A2,1
24553,91.0,-34.0,94.0,#D5F400,0
24554,91.0,-34.0,114.0,#D9F300,0
24555,91.0,-34.0,122.0,#DAF300,0
24556,91.0,-32.0,0.0,#98F6E4,1
24557,91.0,-30.0,12.0,#AEF5CD,1
24558,91.0,-30.0,16.0,#B2F4C6,1
24559,91.0,-30.0,82.0,#D9F22F,1
24560,91.0,-28.0,34.0,#C6F3A3,1
24561,91.0,-28.0,88.0,#DFF10B,1
24562,91.0,-28.0,96.0,#E1F100,0
24563,91.0,-26.0,68.0,#DCF05A,1
24564,91.0,-24.0,10.0,#BAF2D1,1
24565,91.0,-24.0,14.0,#BEF2CA,1
24566,91.0,-24.0,30.0,#CCF1AB,1
24567,91.0,-24.0,48.0,#D7F087,1
24568,91.0,-24.0,82.0,#E5EF30,1
24569,91.0,-24.0,90.0,#E7EF00,0
24570,91.0,-22.0,-2.0,#B1F2E8,1
24571,91.0,-22.0,62.0,#E1EE69,1
24572,91.0,-22.0,118.0,#EFED00,0
24573,91.0,-20.0,10.0,#C4F0D1,1
24574,91.0,-20.0,14.0,#C7F0CA,1
24575,91.0,-20.0,76.0,#EAED45,1
24576,91.0,-20.0,84.0,#ECED29,1
24577,91.0,-20.0,92.0,#EEED00,0
24578,91.0,-18.0,-4.0,#B9F0EC,1
24579,91.0,-18.0,62.0,#E9EC69,1
24580,91.0,-18.0,70.0,#ECEC56,1
24581,91.0,-16.0,-8.0,#B9EFF4,1
24582,91.0,-16.0,6.0,#C9EED9,1
24583,91.0,-16.0,10.0,#CDEED2,1
24584,91.0,-16.0,14.0,#D0EDCA,1
24585,91.0,-16.0,78.0,#F2EB40,1
24586,91.0,-14.0,0.0,#C7EDE5,1
24587,91.0,-14.0,58.0,#EFEA72,1
24588,91.0,-12.0,-16.0,#B8EDFF,0
24589,91.0,-12.0,-2.0,#C9ECE9,1
24590,91.0,-12.0,2.0,#CEECE1,1
24591,91.0,-12.0,14.0,#D9EBCA,1
24592,91.0,-12.0,18.0,#DCEBC2,1
24593,91.0,-12.0,42.0,#EBEA94,1
24594,91.0,-10.0,-6.0,#CAEBF0,1
24595,91.0,-10.0,0.0,#D0EBE5,1
24596,91.0,-10.0,4.0,#D4EBDD,1
24597,91.0,-10.0,46.0,#F1E88C,1
24598,91.0,-10.0,54.0,#F4E87B,1
24599,91.0,-10.0,62.0,#F7E86A,1
24600,91.0,-8.0,-16.0,#C2EBFF,0
24601,91.0,-8.0,2.0,#D6EAE1,1
24602,91.0,-8.0,10.0,#DEE9D2,1
24603,91.0,-8.0,14.0,#E1E9CA,1
24604,91.0,-6.0,28.0,#EEE7AF,1
24605,91.0,-6.0,48.0,#F9E688,1
24606,91.0,-6.0,56.0,#FCE677,1
24607,91.0,-4.0,-16.0,#CCE9FF,0
24608,91.0,-4.0,8.0,#E4E7D6,1
24609,91.0,-4.0,12.0,#E7E7CE,1
24610,91.0,-4.0,16.0,#EAE6C7,1
24611,91.0,-4.0,22.0,#EEE6BB,1
24612,91.0,-4.0,32.0,#F4E6A8,1
24613,91.0,-4.0,112.0,#FFE300,0
24614,91.0,-2.0,36.0,#FAE4A0,1
24615,91.0,-2.0,126.0,#FFE200,0
24616,91.0,0.0,32.0,#FCE3A8,1
24617,91.0,0.0,56.0,#FFE278,0
24618,91.0,0.0,64.0,#FFE266,0
24619,91.0,0.0,118.0,#FFE100,0
24620,91.0,2.0,70.0,#FFE058,0
24621,91.0,2.0,78.0,#FFE043,0
24622,91.0,2.0,86.0,#FFE026,0
24623,91.0,2.0,94.0,#FFE000,0
24624,91.0,2.0,102.0,#FFE000,0
24625,91.0,2.0,110.0,#FFE000,0
24626,91.0,4.0,28.0,#FFE1B0,0
24627,91.0,4.0,56.0,#FFE078,0
24628,91.0,4.0,64.0,#FFDF66,0
24629,91.0,6.0,44.0,#FFDF91,0
24630,91.0,6.0,72.0,#FFDE54,0
24631,91.0,6.0,80.0,#FFDE3D,0
24632,91.0,6.0,96.0,#FFDD00,0
24633,91.0,6.0,104.0,#FFDD00,0
24634,91.0,8.0,-8.0,#EEE1F5,1
24635,91.0,8.0,50.0,#FFDD85,0
24636,91.0,8.0,58.0,#FFDD74,0
24637,91.0,10.0,40.0,#FFDC99,0
24638,91.0,10.0,46.0,#FFDC8D,0
24639,91.0,12.0,-16.0,#EEDFFF,0
24640,91.0,12.0,52.0,#FFDA81,0
24641,91.0,14.0,-14.0,#F4DDFF,0
24642,91.0,14.0,-10.0,#F8DDF9,1
24643,91.0,14.0,12.0,#FFDBCF,0
24644,91.0,14.0,26.0,#FFDAB4,0
24645,91.0,14.0,42.0,#FFDA95,0
24646,91.0,14.0,48.0,#FFD989,0
24647,91.0,16.0,10.0,#FFDAD3,0
24648,91.0,16.0,32.0,#FFD9A9,0
24649,91.0,18.0,-16.0,#FADBFF,0
24650,91.0,18.0,-12.0,#FEDAFD,1
24651,91.0,18.0,-6.0,#FFDAF1,0
24652,91.0,18.0,44.0,#FFD792,0
24653,91.0,18.0,50.0,#FFD685,0
24654,91.0,22.0,-16.0,#FFD8FF,0
24655,91.0,22.0,32.0,#FFD4A9,0
24656,91.0,22.0,40.0,#FFD49A,0
24657,91.0,22.0,46.0,#FFD48E,0
24658,91.0,24.0,-4.0,#FFD5EE,0
24659,91.0,28.0,-6.0,#FFD3F2,0
24660,91.0,30.0,-2.0,#FFD1EA,0
24661,91.0,32.0,-14.0,#FFD0FF,0
24662,91.0,32.0,-10.0,#FFD0F9,0
24663,91.0,34.0,-6.0,#FFCEF2,0
24664,92.0,-78.0,96.0,#6AFF00,0
24665,92.0,-74.0,22.0,#00FFBB,0
24666,92.0,-74.0,86.0,#73FF11,0
24667,92.0,-72.0,92.0,#7DFF00,0
24668,92.0,-68.0,82.0,#84FF2C,0
24669,92.0,-66.0,10.0,#00FFD3,0
24670,92.0,-66.0,96.0,#90FF00,0
24671,92.0,-64.0,14.0,#16FFCB,0
24672,92.0,-64.0,28.0,#53FFB0,0
24673,92.0,-64.0,56.0,#7DFF76,0
24674,92.0,-64.0,104.0,#99FF00,0
24675,92.0,-64.0,112.0,#9BFF00,0
24676,92.0,-62.0,84.0,#96FF23,0
24677,92.0,-60.0,92.0,#9FFF00,0
24678,92.0,-58.0,78.0,#9EFF3D,0
24679,92.0,-58.0,108.0,#A9FF00,0
24680,92.0,-56.0,2.0,#2EFFE2,0
24681,92.0,-54.0,40.0,#8DFF98,0
24682,92.0,-54.0,82.0,#AAFF2E,0
24683,92.0,-52.0,88.0,#B1FF05,1
24684,92.0,-50.0,66.0,#ABFE5F,1
24685,92.0,-48.0,36.0,#9AFFA0,1
24686,92.0,-46.0,6.0,#76FFDB,0
24687,92.0,-46.0,18.0,#8AFFC4,1
24688,92.0,-44.0,62.0,#B7FC6A,1
24689,92.0,-44.0,76.0,#BEFC45,1
24690,92.0,-42.0,-14.0,#53FFFF,0
24691,92.0,-42.0,-10.0,#61FFFA,1
24692,92.0,-42.0,14.0,#91FDCC,1
24693,92.0,-42.0,26.0,#A0FCB4,1
24694,92.0,-40.0,112.0,#D0F900,0
24695,92.0,-38.0,8.0,#95FCD7,1
24696,92.0,-36.0,-14.0,#72FCFF,0
24697,92.0,-36.0,-10.0,#7BFCFA,1
24698,92.0,-36.0,-2.0,#8BFBEB,1
24699,92.0,-36.0,12.0,#A0FAD0,1
24700,92.0,-34.0,-6.0,#8BFBF2,1
24701,92.0,-34.0,42.0,#C1F895,1
24702,92.0,-30.0,-10.0,#91F9FA,1
24703,92.0,-28.0,-6.0,#9EF8F3,1
24704,92.0,-28.0,108.0,#E6F300,0
24705,92.0,-28.0,116.0,#E7F300,0
24706,92.0,-28.0,124.0,#E8F300,0
24707,92.0,-26.0,44.0,#D4F491,1
24708,92.0,-24.0,-14.0,#9DF6FF,0
24709,92.0,-24.0,54.0,#DDF37D,1
24710,92.0,-24.0,76.0,#E6F248,1
24711,92.0,-22.0,4.0,#BBF4E0,1
24712,92.0,-22.0,24.0,#CEF3B9,1
24713,92.0,-22.0,38.0,#D8F29E,1
24714,92.0,-22.0,126.0,#F3F000,0
24715,92.0,-20.0,-14.0,#A8F4FF,0
24716,92.0,-20.0,28.0,#D6F2B2,1
24717,92.0,-20.0,48.0,#E2F18A,1
24718,92.0,-20.0,54.0,#E5F07D,1
24719,92.0,-18.0,38.0,#E0F09E,1
24720,92.0,-16.0,26.0,#DCF0B6,1
24721,92.0,-16.0,48.0,#E9EF8A,1
24722,92.0,-16.0,98.0,#F9ED00,0
24723,92.0,-16.0,122.0,#FDED00,0
24724,92.0,-14.0,36.0,#E7EEA2,1
24725,92.0,-14.0,52.0,#EFED82,1
24726,92.0,-14.0,72.0,#F7ED54,1
24727,92.0,-12.0,92.0,#FFEB00,0
24728,92.0,-12.0,100.0,#FFEB00,0
24729,92.0,-10.0,8.0,#DAEDD8,1
24730,92.0,-10.0,30.0,#EBECAE,1
24731,92.0,-10.0,74.0,#FEEA4F,1
24732,92.0,-10.0,114.0,#FFEA00,0
24733,92.0,-8.0,-2.0,#D5EDEC,1
24734,92.0,-8.0,6.0,#DDECDC,1
24735,92.0,-8.0,34.0,#F1EBA6,1
24736,92.0,-8.0,82.0,#FFE937,0
24737,92.0,-8.0,90.0,#FFE90D,0
24738,92.0,-6.0,-12.0,#CFEDFF,1
24739,92.0,-6.0,-4.0,#D8ECEF,1
24740,92.0,-6.0,0.0,#DCECE8,1
24741,92.0,-6.0,4.0,#DFEBE0,1
24742,92.0,-6.0,12.0,#E6EBD1,1
24743,92.0,-4.0,-2.0,#DEEBEC,1
24744,92.0,-4.0,2.0,#E2EAE4,1
24745,92.0,-4.0,66.0,#FFE764,0
24746,92.0,-4.0,88.0,#FFE61E,0
24747,92.0,-2.0,-2.0,#E2E9EC,1
24748,92.0,-2.0,2.0,#E6E9E4,1
24749,92.0,-2.0,6.0,#E9E9DD,1
24750,92.0,-2.0,18.0,#F2E8C6,1
24751,92.0,-2.0,28.0,#F9E7B2,1
24752,92.0,-2.0,42.0,#FFE797,0
24753,92.0,-2.0,74.0,#FFE650,0
24754,92.0,-2.0,94.0,#FFE500,0
24755,92.0,-2.0,102.0,#FFE500,0
24756,92.0,0.0,-2.0,#E6E8EC,1
24757,92.0,0.0,2.0,#EAE8E4,1
24758,92.0,2.0,-12.0,#E0E8FF,1
24759,92.0,2.0,-8.0,#E5E7F7,1
24760,92.0,2.0,8.0,#F3E6D9,1
24761,92.0,2.0,12.0,#F6E6D1,1
24762,92.0,2.0,16.0,#F8E6CA,1
24763,92.0,4.0,8.0,#F6E5D9,1
24764,92.0,4.0,12.0,#F9E5D1,1
24765,92.0,4.0,16.0,#FCE4CA,1
24766,92.0,4.0,20.0,#FFE4C2,1
24767,92.0,4.0,34.0,#FFE3A7,0
24768,92.0,10.0,-10.0,#F3E2FB,1
24769,92.0,10.0,-6.0,#F7E2F4,1
24770,92.0,10.0,94.0,#FFDD00,0
24771,92.0,12.0,18.0,#FFDFC6,0
24772,92.0,12.0,60.0,#FFDD73,0
24773,92.0,16.0,16.0,#FFDCCA,0
24774,92.0,16.0,54.0,#FFDA80,0
24775,92.0,16.0,62.0,#FFDA6F,0
24776,92.0,16.0,70.0,#FFDA5D,0
24777,92.0,18.0,14.0,#FFDBCE,0
24778,92.0,20.0,0.0,#FFDBE9,0
24779,92.0,20.0,12.0,#FFDAD2,0
24780,92.0,20.0,18.0,#FFD9C7,0
24781,92.0,22.0,-12.0,#FFDAFF,0
24782,92.0,22.0,4.0,#FFD9E1,0
24783,92.0,22.0,16.0,#FFD8CA,0
24784,92.0,24.0,-8.0,#FFD9F8,0
24785,92.0,24.0,0.0,#FFD8E9,0
24786,92.0,24.0,8.0,#FFD7DA,0
24787,92.0,24.0,12.0,#FFD7D2,0
24788,92.0,26.0,-12.0,#FFD7FF,0
24789,92.0,26.0,4.0,#FFD6E1,0
24790,92.0,26.0,16.0,#FFD5CB,0
24791,92.0,30.0,2.0,#FFD3E5,0
24792,92.0,30.0,6.0,#FFD3DE,0
24793,93.0,-68.0,66.0,#7CFF61,0
24794,93.0,-68.0,74.0,#82FF4B,0
24795,93.0,-64.0,40.0,#6DFF9A,0
24796,93.0,-62.0,68.0,#90FF5C,0
24797,93.0,-58.0,10.0,#47FFD6,0
24798,93.0,-58.0,24.0,#6BFFBB,0
24799,93.0,-58.0,50.0,#8DFF86,0
24800,93.0,-56.0,14.0,#5FFFCE,0
24801,93.0,-56.0,30.0,#7DFFAF,0
24802,93.0,-56.0,64.0,#9EFF67,0
24803,93.0,-52.0,22.0,#7FFFBF,0
24804,93.0,-50.0,26.0,#8BFFB7,0
24805,93.0,-50.0,60.0,#ABFF70,0
24806,93.0,-48.0,-4.0,#57FFF1,0
24807,93.0,-48.0,96.0,#BFFF00,0
24808,93.0,-48.0,116.0,#C4FF00,0
24809,93.0,-46.0,-8.0,#55FFF9,0
24810,93.0,-46.0,104.0,#C5FF00,0
24811,93.0,-44.0,0.0,#75FFE9,0
24812,93.0,-44.0,48.0,#B1FF8B,0
24813,93.0,-42.0,84.0,#C8FD2C,1
24814,93.0,-42.0,92.0,#CBFD00,0
24815,93.0,-40.0,18.0,#9FFFC7,1
24816,93.0,-40.0,100.0,#D1FC00,0
24817,93.0,-36.0,20.0,#ACFDC3,1
24818,93.0,-36.0,78.0,#D2FB43,1
24819,93.0,-36.0,88.0,#D5FB18,1
24820,93.0,-36.0,104.0,#D9FA00,0
24821,93.0,-34.0,24.0,#B6FCBB,1
24822,93.0,-32.0,4.0,#A4FCE2,1
24823,93.0,-32.0,8.0,#A9FCDA,1
24824,93.0,-32.0,46.0,#CBFA90,1
24825,93.0,-32.0,52.0,#CFFA83,1
24826,93.0,-32.0,62.0,#D4F96D,1
24827,93.0,-32.0,70.0,#D7F95A,1
24828,93.0,-28.0,2.0,#ACFAE6,1
24829,93.0,-28.0,22.0,#C2F9C0,1
24830,93.0,-28.0,28.0,#C7F9B4,1
24831,93.0,-28.0,54.0,#D8F77F,1
24832,93.0,-28.0,64.0,#DDF769,1
24833,93.0,-26.0,38.0,#D3F7A0,1
24834,93.0,-24.0,-6.0,#ACF9F6,1
24835,93.0,-24.0,18.0,#C8F7C7,1
24836,93.0,-24.0,102.0,#EFF400,0
24837,93.0,-20.0,-8.0,#B4F7F9,1
24838,93.0,-20.0,18.0,#D1F5C8,1
24839,93.0,-18.0,0.0,#C3F5EA,1
24840,93.0,-16.0,18.0,#D9F3C8,1
24841,93.0,-16.0,22.0,#DCF3C0,1
24842,93.0,-16.0,90.0,#FBF011,1
24843,93.0,-14.0,4.0,#D1F3E3,1
24844,93.0,-14.0,8.0,#D5F2DB,1
24845,93.0,-14.0,30.0,#E6F1B1,1
24846,93.0,-12.0,-12.0,#C3F3FF,0
24847,93.0,-12.0,-8.0,#C8F2FA,1
24848,93.0,-12.0,-4.0,#CDF2F2,1
24849,93.0,-12.0,10.0,#DBF1D7,1
24850,93.0,-12.0,84.0,#FFEE33,0
24851,93.0,-10.0,68.0,#FFED61,0
24852,93.0,-8.0,-12.0,#CDF1FF,0
24853,93.0,-8.0,-8.0,#D2F0FA,1
24854,93.0,-8.0,26.0,#EFEEB9,1
24855,93.0,-6.0,120.0,#FFEA00,0
24856,93.0,-4.0,38.0,#FDEBA1,1
24857,93.0,-4.0,52.0,#FFEA85,0
24858,93.0,-2.0,-12.0,#DBEDFF,0
24859,93.0,-2.0,12.0,#F1EBD4,1
24860,93.0,-2.0,82.0,#FFE83C,0
24861,93.0,0.0,20.0,#FAEAC5,1
24862,93.0,0.0,26.0,#FEE9B9,1
24863,93.0,0.0,38.0,#FFE9A2,0
24864,93.0,4.0,40.0,#FFE69E,0
24865,93.0,4.0,46.0,#FFE692,0
24866,93.0,6.0,52.0,#FFE486,0
24867,93.0,16.0,20.0,#FFDFC5,0
24868,93.0,20.0,-8.0,#FFDEFB,0
24869,93.0,20.0,-4.0,#FFDEF3,0
24870,93.0,20.0,8.0,#FFDDDC,0
24871,93.0,20.0,22.0,#FFDCC2,0
24872,94.0,-68.0,46.0,#68FF90,0
24873,94.0,-64.0,50.0,#7DFF88,0
24874,94.0,-54.0,96.0,#B5FF00,0
24875,94.0,-52.0,44.0,#9CFF95,0
24876,94.0,-52.0,104.0,#BCFF00,0
24877,94.0,-52.0,112.0,#BDFF00,0
24878,94.0,-50.0,12.0,#78FFD5,0
24879,94.0,-50.0,72.0,#B4FF56,0
24880,94.0,-46.0,40.0,#A9FF9E,0
24881,94.0,-46.0,54.0,#B3FF81,0
24882,94.0,-44.0,10.0,#8BFFD9,0
24883,94.0,-44.0,32.0,#A7FFAE,0
24884,94.0,-44.0,68.0,#C0FF61,0
24885,94.0,-40.0,50.0,#BFFF8A,0
24886,94.0,-40.0,56.0,#C3FF7D,0
24887,94.0,-38.0,62.0,#CAFF6F,0
24888,94.0,-36.0,30.0,#B9FFB2,0
24889,94.0,-36.0,38.0,#C0FFA2,1
24890,94.0,-36.0,68.0,#D1FE61,1
24891,94.0,-34.0,98.0,#DFFC00,0
24892,94.0,-32.0,-2.0,#9EFFF1,0
24893,94.0,-32.0,32.0,#C4FDAF,1
24894,94.0,-30.0,36.0,#CCFCA7,1
24895,94.0,-30.0,86.0,#E4FA2A,1
24896,94.0,-28.0,6.0,#B4FDE1,1
24897,94.0,-28.0,10.0,#B9FDDA,1
24898,94.0,-28.0,72.0,#E3FA58,1
24899,94.0,-28.0,92.0,#E9F900,0
24900,94.0,-28.0,100.0,#EBF900,0
24901,94.0,-24.0,-10.0,#A9FCFF,0
24902,94.0,-24.0,2.0,#BAFBE9,1
24903,94.0,-24.0,8.0,#C0FBDE,1
24904,94.0,-24.0,12.0,#C5FAD6,1
24905,94.0,-24.0,64.0,#E7F86C,1
24906,94.0,-24.0,94.0,#F1F700,0
24907,94.0,-22.0,110.0,#F7F600,0
24908,94.0,-20.0,6.0,#C8F9E2,1
24909,94.0,-20.0,32.0,#DEF7AF,1
24910,94.0,-20.0,64.0,#EFF66C,1
24911,94.0,-20.0,96.0,#F8F500,0
24912,94.0,-16.0,-10.0,#BFF8FF,0
24913,94.0,-16.0,2.0,#CDF7E9,1
24914,94.0,-16.0,64.0,#F6F46D,1
24915,94.0,-16.0,106.0,#FFF300,0
24916,94.0,-16.0,114.0,#FFF300,0
24917,94.0,-14.0,-6.0,#C9F6F9,1
24918,94.0,-14.0,-2.0,#CDF6F1,1
24919,94.0,-14.0,42.0,#F0F39C,1
24920,94.0,-12.0,0.0,#D4F5ED,1
24921,94.0,-12.0,22.0,#E7F3C3,1
24922,94.0,-12.0,46.0,#F6F294,1
24923,94.0,-12.0,62.0,#FDF272,1
24924,94.0,-12.0,108.0,#FFF000,0
24925,94.0,-10.0,-2.0,#D6F4F1,1
24926,94.0,-10.0,2.0,#DAF3EA,1
24927,94.0,-10.0,14.0,#E5F3D3,1
24928,94.0,-10.0,24.0,#EDF2BF,1
24929,94.0,-10.0,50.0,#FBF18C,1
24930,94.0,-8.0,-4.0,#D9F3F5,1
24931,94.0,-8.0,0.0,#DDF2ED,1
24932,94.0,-8.0,16.0,#EBF1CF,1
24933,94.0,-8.0,20.0,#EEF1C7,1
24934,94.0,-8.0,40.0,#FAF0A0,1
24935,94.0,-8.0,54.0,#FFF083,0
24936,94.0,-8.0,62.0,#FFEF72,0
24937,94.0,-8.0,102.0,#FFEE00,0
24938,94.0,-6.0,-6.0,#DBF2F9,1
24939,94.0,-6.0,-2.0,#DFF1F1,1
24940,94.0,-6.0,2.0,#E3F1EA,1
24941,94.0,-6.0,6.0,#E7F1E2,1
24942,94.0,-6.0,22.0,#F3F0C3,1
24943,94.0,-6.0,44.0,#FFEF98,0
24944,94.0,-6.0,96.0,#FFED00,0
24945,94.0,-6.0,108.0,#FFED00,0
24946,94.0,-4.0,-10.0,#DBF1FF,0
24947,94.0,-4.0,-6.0,#DFF1F9,1
24948,94.0,-4.0,6.0,#EBF0E2,1
24949,94.0,-4.0,10.0,#EEEFDA,1
24950,94.0,-4.0,14.0,#F1EFD3,1
24951,94.0,-4.0,18.0,#F4EFCB,1
24952,94.0,-4.0,24.0,#F8EFC0,1
24953,94.0,-2.0,-6.0,#E4EFF9,1
24954,94.0,-2.0,22.0,#FBEDC3,1
24955,94.0,0.0,-10.0,#E4EFFF,0
24956,94.0,0.0,-6.0,#E8EEF9,1
24957,94.0,0.0,6.0,#F3EDE2,1
24958,94.0,0.0,10.0,#F6EDDB,1
24959,94.0,0.0,14.0,#F9EDD3,1
24960,94.0,0.0,48.0,#FFEB90,0
24961,94.0,2.0,-2.0,#F0EDF2,1
24962,94.0,2.0,2.0,#F4ECEA,1
24963,94.0,2.0,22.0,#FFEBC4,0
24964,94.0,2.0,28.0,#FFEBB8,0
24965,94.0,2.0,62.0,#FFE973,0
24966,94.0,4.0,-10.0,#ECECFF,0
24967,94.0,4.0,-6.0,#F0ECF9,1
24968,94.0,4.0,-2.0,#F4EBF2,1
24969,94.0,4.0,2.0,#F7EBEA,1
24970,94.0,4.0,6.0,#FBEBE2,1
24971,94.0,6.0,-10.0,#F1EBFF,0
24972,94.0,6.0,-6.0,#F4EAF9,1
24973,94.0,6.0,-2.0,#F8EAF2,1
24974,94.0,6.0,2.0,#FBEAEA,1
24975,94.0,6.0,6.0,#FFEAE2,1
24976,94.0,6.0,10.0,#FFE9DB,0
24977,94.0,6.0,14.0,#FFE9D3,0
24978,94.0,6.0,18.0,#FFE9CC,0
24979,94.0,6.0,26.0,#FFE8BC,0
24980,94.0,6.0,32.0,#FFE8B0,0
24981,94.0,6.0,62.0,#FFE773,0
24982,94.0,8.0,-10.0,#F5E9FF,0
24983,94.0,8.0,-6.0,#F8E9F9,1
24984,94.0,8.0,-2.0,#FCE9F2,1
24985,94.0,8.0,2.0,#FFE9EA,0
24986,94.0,8.0,6.0,#FFE8E3,0
24987,94.0,8.0,10.0,#FFE8DB,0
24988,94.0,8.0,14.0,#FFE8D3,0
24989,94.0,8.0,18.0,#FFE7CC,0
24990,94.0,8.0,22.0,#FFE7C4,0
24991,94.0,8.0,30.0,#FFE7B4,0
24992,94.0,8.0,38.0,#FFE6A5,0
24993,94.0,10.0,0.0,#FFE7EE,0
24994,94.0,10.0,4.0,#FFE7E6,0
24995,94.0,10.0,8.0,#FFE7DF,0
24996,94.0,10.0,14.0,#FFE6D3,0
24997,94.0,10.0,26.0,#FFE6BC,0
24998,94.0,12.0,-6.0,#FFE7FA,0
24999,94.0,12.0,-2.0,#FFE6F2,0
25000,94.0,12.0,2.0,#FFE6EA,0
25001,94.0,12.0,6.0,#FFE6E3,0
25002,94.0,12.0,12.0,#FFE5D7,0
25003,94.0,12.0,22.0,#FFE4C4,0
25004,94.0,12.0,32.0,#FFE4B1,0
25005,94.0,12.0,38.0,#FFE4A5,0
25006,94.0,14.0,-4.0,#FFE5F6,0
25007,94.0,14.0,0.0,#FFE5EE,0
25008,94.0,14.0,4.0,#FFE4E7,0
25009,94.0,14.0,10.0,#FFE4DB,0
25010,94.0,14.0,30.0,#FFE3B5,0
25011,94.0,16.0,-8.0,#FFE4FE,0
25012,94.0,16.0,8.0,#FFE3DF,0
25013,94.0,16.0,24.0,#FFE2C0,0
25014,94.0,18.0,2.0,#FFE2EB,0
25015,95.0,-62.0,80.0,#9DFF40,0
25016,95.0,-60.0,44.0,#87FF98,0
25017,95.0,-60.0,88.0,#A6FF1B,0
25018,95.0,-52.0,52.0,#A6FF87,0
25019,95.0,-50.0,30.0,#96FFB5,0
25020,95.0,-48.0,80.0,#C0FF42,0
25021,95.0,-46.0,22.0,#98FFC4,0
25022,95.0,-42.0,4.0,#8AFFE8,0
25023,95.0,-38.0,-4.0,#8AFFF7,0
25024,95.0,-38.0,6.0,#9BFFE4,0
25025,95.0,-38.0,24.0,#B1FFC1,0
25026,95.0,-38.0,116.0,#DEFF00,0
25027,95.0,-36.0,-8.0,#89FFFF,0
25028,95.0,-36.0,124.0,#E3FF00,0
25029,95.0,-32.0,106.0,#E8FE00,0
25030,95.0,-32.0,114.0,#E9FE00,0
25031,95.0,-30.0,-8.0,#9DFFFF,0
25032,95.0,-30.0,14.0,#BBFFD5,0
25033,95.0,-30.0,122.0,#EEFD00,0
25034,95.0,-28.0,44.0,#D8FE99,1
25035,95.0,-28.0,78.0,#E8FD4B,1
25036,95.0,-26.0,16.0,#C7FED1,1
25037,95.0,-26.0,24.0,#CEFEC1,1
25038,95.0,-26.0,48.0,#DFFC91,1
25039,95.0,-24.0,28.0,#D6FCBA,1
25040,95.0,-24.0,82.0,#F1FA3F,1
25041,95.0,-24.0,118.0,#F8FA00,0
25042,95.0,-22.0,-4.0,#BAFDF8,1
25043,95.0,-22.0,56.0,#EBFA81,1
25044,95.0,-20.0,12.0,#D1FBD9,1
25045,95.0,-20.0,24.0,#DBFAC2,1
25046,95.0,-20.0,42.0,#E7FA9E,1
25047,95.0,-20.0,74.0,#F6F857,1
25048,95.0,-20.0,84.0,#F9F838,1
25049,95.0,-20.0,104.0,#FDF800,0
25050,95.0,-18.0,-4.0,#C4FBF8,1
25051,95.0,-18.0,46.0,#EDF896,1
25052,95.0,-18.0,56.0,#F2F881,1
25053,95.0,-18.0,126.0,#FFF600,0
25054,95.0,-16.0,12.0,#DAF9D9,1
25055,95.0,-16.0,38.0,#EDF8A6,1
25056,95.0,-16.0,74.0,#FDF657,1
25057,95.0,-14.0,14.0,#E0F8D5,1
25058,95.0,-14.0,26.0,#E9F7BE,1
25059,95.0,-14.0,100.0,#FFF500,0
25060,95.0,-12.0,6.0,#DDF7E5,1
25061,95.0,-12.0,36.0,#F3F5AA,1
25062,95.0,-12.0,120.0,#FFF300,0
25063,95.0,-10.0,-8.0,#D3F7FF,0
25064,95.0,-10.0,94.0,#FFF200,0
25065,95.0,-10.0,126.0,#FFF200,0
25066,95.0,-6.0,16.0,#F2F3D2,1
25067,95.0,-6.0,68.0,#FFF167,0
25068,95.0,-6.0,76.0,#FFF053,0
25069,95.0,-6.0,84.0,#FFF03B,0
25070,95.0,-4.0,0.0,#E8F3F0,1
25071,95.0,-4.0,32.0,#FFF1B3,0
25072,95.0,-2.0,0.0,#ECF2F1,1
25073,95.0,-2.0,4.0,#F0F2E9,1
25074,95.0,-2.0,8.0,#F3F1E1,1
25075,95.0,-2.0,16.0,#FAF1D2,1
25076,95.0,-2.0,60.0,#FFEF7A,0
25077,95.0,-2.0,70.0,#FFEE63,0
25078,95.0,0.0,0.0,#F1F1F1,1
25079,95.0,0.0,32.0,#FFEFB3,0
25080,95.0,2.0,36.0,#FFEDAB,0
25081,95.0,2.0,74.0,#FFEC59,0
25082,95.0,2.0,82.0,#FFEB43,0
25083,95.0,10.0,46.0,#FFE798,0
25084,96.0,-56.0,72.0,#ACFF5B,0
25085,96.0,-54.0,78.0,#B4FF4A,0
25086,96.0,-54.0,88.0,#B8FF23,0
25087,96.0,-50.0,36.0,#A0FFAB,0
25088,96.0,-48.0,46.0,#AEFF97,0
25089,96.0,-48.0,88.0,#C6FF25,0
25090,96.0,-42.0,44.0,#BCFF9B,0
25091,96.0,-42.0,112.0,#D8FF00,0
25092,96.0,-40.0,14.0,#A3FFD7,0
25093,96.0,-40.0,36.0,#BAFFAC,0
25094,96.0,-40.0,96.0,#D9FF00,0
25095,96.0,-38.0,10.0,#A3FFDF,0
25096,96.0,-38.0,74.0,#D6FF58,0
25097,96.0,-34.0,2.0,#A4FFEE,0
25098,96.0,-34.0,12.0,#B1FFDB,0
25099,96.0,-26.0,-2.0,#B5FFF6,0
25100,96.0,-26.0,34.0,#D9FFB0,0
25101,96.0,-24.0,20.0,#D2FFCC,0
25102,96.0,-22.0,16.0,#D3FFD4,1
25103,96.0,-20.0,20.0,#DBFECC,1
25104,96.0,-18.0,28.0,#E5FCBD,1
25105,96.0,-18.0,34.0,#E9FCB1,1
25106,96.0,-16.0,8.0,#D9FCE4,1
25107,96.0,-16.0,20.0,#E3FBCC,1
25108,96.0,-14.0,56.0,#FDF984,1
25109,96.0,-14.0,92.0,#FFF817,0
25110,96.0,-12.0,16.0,#E8F9D4,1
25111,96.0,-12.0,70.0,#FFF765,0
25112,96.0,-12.0,80.0,#FFF74A,0
25113,96.0,-10.0,86.0,#FFF537,0
25114,96.0,-8.0,4.0,#E6F8EB,1
25115,96.0,-8.0,8.0,#EAF8E4,1
25116,96.0,-8.0,12.0,#EDF7DC,1
25117,96.0,-6.0,10.0,#F0F6E0,1
25118,96.0,-6.0,28.0,#FDF5BD,1
25119,96.0,-2.0,28.0,#FFF3BD,0
25120,96.0,-2.0,36.0,#FFF2AE,0
25121,96.0,-2.0,42.0,#FFF2A2,0
25122,96.0,0.0,-2.0,#F2F4F7,1
25123,96.0,0.0,2.0,#F5F3F0,1
25124,96.0,0.0,18.0,#FFF2D1,0
25125,96.0,0.0,22.0,#FFF2C9,0
25126,96.0,2.0,-6.0,#F2F3FF,0
25127,96.0,2.0,6.0,#FDF2E8,1
25128,96.0,2.0,10.0,#FFF1E0,0
25129,96.0,2.0,14.0,#FFF1D9,0
25130,96.0,2.0,18.0,#FFF1D1,0
25131,96.0,2.0,42.0,#FFF0A2,0
25132,96.0,4.0,10.0,#FFF0E0,0
25133,96.0,4.0,14.0,#FFF0D9,0
25134,96.0,4.0,18.0,#FFF0D1,0
25135,96.0,4.0,22.0,#FFEFC9,0
25136,96.0,6.0,42.0,#FFEDA2,0
25137,96.0,10.0,-4.0,#FFEDFB,0
25138,96.0,12.0,18.0,#FFEAD1,0
25139,97.0,-48.0,74.0,#C3FF59,0
25140,97.0,-46.0,62.0,#C1FF77,0
25141,97.0,-42.0,82.0,#D3FF43,0
25142,97.0,-40.0,88.0,#DAFF2B,0
25143,97.0,-36.0,56.0,#D4FF85,0
25144,97.0,-36.0,82.0,#E0FF43,0
25145,97.0,-34.0,16.0,#B9FFD6,0
25146,97.0,-34.0,20.0,#BDFFCE,0
25147,97.0,-34.0,44.0,#D1FF9F,0
25148,97.0,-34.0,50.0,#D5FF92,0
25149,97.0,-34.0,62.0,#DBFF78,0
25150,97.0,-32.0,68.0,#E2FF6A,0
25151,97.0,-32.0,76.0,#E5FF56,0
25152,97.0,-30.0,8.0,#BAFFE6,0
25153,97.0,-30.0,22.0,#C9FFCB,0
25154,97.0,-30.0,52.0,#DEFF8E,0
25155,97.0,-28.0,4.0,#BAFFEE,0
25156,97.0,-28.0,58.0,#E6FF81,0
25157,97.0,-28.0,88.0,#F1FF2E,0
25158,97.0,-26.0,10.0,#C6FFE2,0
25159,97.0,-26.0,64.0,#ECFF74,0
25160,97.0,-26.0,104.0,#F9FF00,0
25161,97.0,-24.0,6.0,#C7FFEA,0
25162,97.0,-24.0,52.0,#EBFF8F,0
25163,97.0,-24.0,72.0,#F3FF61,0
25164,97.0,-22.0,0.0,#C5FFF6,0
25165,97.0,-22.0,10.0,#D0FFE2,0
25166,97.0,-22.0,38.0,#E7FFAB,0
25167,97.0,-22.0,66.0,#F5FF70,0
25168,97.0,-22.0,126.0,#FFFE00,0
25169,97.0,-20.0,-6.0,#C2FFFF,0
25170,97.0,-20.0,4.0,#CEFFEE,0
25171,97.0,-18.0,6.0,#D5FFEA,0
25172,97.0,-18.0,66.0,#FCFD70,1
25173,97.0,-16.0,86.0,#FFFC39,0
25174,97.0,-14.0,0.0,#D8FFF6,1
25175,97.0,-14.0,4.0,#DCFEEE,1
25176,97.0,-14.0,30.0,#F2FDBC,1
25177,97.0,-14.0,46.0,#FBFC9C,1
25178,97.0,-12.0,-4.0,#D8FEFE,1
25179,97.0,-12.0,2.0,#DFFDF2,1
25180,97.0,-10.0,20.0,#F2FBCF,1
25181,97.0,-10.0,30.0,#F9FABC,1
25182,97.0,-10.0,44.0,#FFFAA0,0
25183,97.0,-10.0,58.0,#FFF983,0
25184,97.0,-8.0,34.0,#FFF9B4,0
25185,97.0,-6.0,-4.0,#E6FAFE,1
25186,97.0,-6.0,0.0,#EAFAF6,1
25187,97.0,-6.0,4.0,#EDFAEE,1
25188,97.0,-6.0,20.0,#FAF9D0,1
25189,97.0,-6.0,38.0,#FFF8AC,0
25190,97.0,-6.0,52.0,#FFF790,0
25191,97.0,-6.0,60.0,#FFF77F,0
25192,97.0,-4.0,-4.0,#EAF9FE,1
25193,97.0,-4.0,4.0,#F2F8EE,1
25194,97.0,-4.0,8.0,#F5F8E7,1
25195,97.0,-4.0,12.0,#F8F8DF,1
25196,97.0,-4.0,16.0,#FBF8D7,1
25197,97.0,-2.0,-4.0,#EEF8FE,1
25198,97.0,-2.0,12.0,#FCF7DF,1
25199,97.0,-2.0,20.0,#FFF6D0,0
25200,97.0,-2.0,50.0,#FFF594,0
25201,97.0,0.0,8.0,#FDF6E7,1
25202,97.0,0.0,12.0,#FFF5DF,0
25203,97.0,2.0,0.0,#FAF5F6,1
25204,97.0,2.0,26.0,#FFF3C4,0
25205,97.0,4.0,-4.0,#FBF4FE,1
25206,97.0,4.0,0.0,#FEF4F6,1
25207,97.0,4.0,4.0,#FFF4EF,0
25208,97.0,4.0,30.0,#FFF2BC,0
25209,97.0,6.0,-4.0,#FFF3FE,1
25210,97.0,6.0,0.0,#FFF3F7,0
25211,97.0,6.0,4.0,#FFF2EF,0
25212,97.0,6.0,8.0,#FFF2E7,0
25213,97.0,6.0,12.0,#FFF2DF,0
25214,97.0,6.0,16.0,#FFF1D8,0
25215,97.0,6.0,20.0,#FFF1D0,0
25216,97.0,6.0,28.0,#FFF1C1,0
25217,97.0,8.0,0.0,#FFF1F7,0
25218,97.0,8.0,4.0,#FFF1EF,0
25219,97.0,8.0,8.0,#FFF1E7,0
25220,97.0,8.0,12.0,#FFF0E0,0
25221,97.0,8.0,16.0,#FFF0D8,0
25222,97.0,10.0,2.0,#FFF0F3,0
25223,97.0,10.0,6.0,#FFEFEB,0
25224,97.0,10.0,10.0,#FFEFE3,0
25225,97.0,12.0,0.0,#FFEFF7,0
25226,97.0,12.0,4.0,#FFEEEF,0
25227,97.0,12.0,8.0,#FFEEE7,0
25228,98.0,-36.0,40.0,#CDFFA9,0
25229,98.0,-34.0,32.0,#CBFFB9,0
25230,98.0,-34.0,102.0,#ECFF00,0
25231,98.0,-30.0,34.0,#D6FFB6,0
25232,98.0,-28.0,26.0,#D4FFC6,0
25233,98.0,-28.0,96.0,#F6FF00,0
25234,98.0,-28.0,112.0,#F9FF00,0
25235,98.0,-22.0,32.0,#E5FFBA,0
25236,98.0,-22.0,90.0,#FFFF2B,0
25237,98.0,-20.0,46.0,#F2FF9E,0
25238,98.0,-20.0,52.0,#F5FF91,0
25239,98.0,-20.0,96.0,#FFFF00,0
25240,98.0,-18.0,10.0,#DCFFE5,0
25241,98.0,-16.0,-4.0,#D1FFFF,0
25242,98.0,-16.0,78.0,#FFFF55,0
25243,98.0,-12.0,8.0,#E7FFE9,0
25244,98.0,-10.0,-2.0,#E2FFFD,0
25245,98.0,-10.0,6.0,#EAFFED,1
25246,98.0,-10.0,10.0,#EDFEE6,1
25247,98.0,-10.0,14.0,#F1FEDE,1
25248,98.0,-10.0,52.0,#FFFC92,0
25249,98.0,-8.0,-4.0,#E4FEFF,0
25250,98.0,-8.0,0.0,#E8FEF9,1
25251,98.0,-8.0,16.0,#F6FDDA,1
25252,98.0,-8.0,24.0,#FCFCCA,1
25253,98.0,-6.0,46.0,#FFFA9F,0
25254,98.0,-4.0,20.0,#FFFAD2,0
25255,98.0,-4.0,28.0,#FFFAC3,0
25256,98.0,-2.0,2.0,#F7FAF5,1
25257,98.0,-2.0,6.0,#FAFAEE,1
25258,98.0,0.0,28.0,#FFF7C3,0
25259,98.0,2.0,22.0,#FFF6CF,0
25260,99.0,-30.0,46.0,#E1FFA0,0
25261,99.0,-28.0,40.0,#E1FFAC,0
25262,99.0,-28.0,80.0,#F5FF51,0
25263,99.0,-24.0,26.0,#DFFFC9,0
25264,99.0,-24.0,82.0,#FDFF4C,0
25265,99.0,-22.0,20.0,#DFFFD4,0
25266,99.0,-20.0,14.0,#DEFFE0,0
25267,99.0,-20.0,26.0,#E8FFC9,0
25268,99.0,-20.0,60.0,#FCFF83,0
25269,99.0,-20.0,76.0,#FFFF5D,0
25270,99.0,-18.0,18.0,#E6FFD9,0
25271,99.0,-16.0,12.0,#E5FFE4,0
25272,99.0,-16.0,22.0,#EDFFD1,0
25273,99.0,-16.0,34.0,#F6FFB9,0
25274,99.0,-16.0,40.0,#FAFFAD,0
25275,99.0,-16.0,60.0,#FFFF83,0
25276,99.0,-14.0,14.0,#EBFFE0,0
25277,99.0,-14.0,18.0,#EEFFD9,0
25278,99.0,-14.0,26.0,#F5FFC9,0
25279,99.0,-12.0,36.0,#FFFFB5,0
25280,99.0,-10.0,2.0,#E9FFF8,0
25281,99.0,-6.0,-2.0,#EDFFFF,0
25282,99.0,-6.0,2.0,#F1FFF8,0
25283,99.0,-6.0,14.0,#FCFFE1,1
25284,99.0,-4.0,-2.0,#F2FFFF,0
25285,99.0,-4.0,2.0,#F6FEF8,1
25286,99.0,-2.0,-2.0,#F6FDFF,0
25287,99.0,-2.0,24.0,#FFFCCD,0
25288,99.0,2.0,-2.0,#FEFBFF,0
25289,99.0,2.0,2.0,#FFFBF8,0
25290,99.0,4.0,-2.0,#FFFAFF,0
25291,99.0,4.0,2.0,#FFF9F8,0
25292,100.0,-20.0,40.0,#F5FFB0,0
25293,100.0,-12.0,20.0,#F7FFD8,0
25294,100.0,-8.0,8.0,#F5FFEF,0
25295,100.0,-6.0,8.0,#FAFFEF,0
25296,100.0,-2.0,4.0,#FEFFF7,0
25297,100.0,0.0,0.0,#FFFFFF,0
25298,100.0,0.0,4.0,#FFFFF7,0
