id,L,a,b,hex_srgb,in_srgb
1,0.0,0.0,0.0,#000000,1
2,1.0,6.0,0.0,#120004,0
3,1.0,10.0,-8.0,#120014,0
4,1.0,14.0,-14.0,#15001C,0
5,1.0,18.0,-20.0,#160024,0
6,1.0,24.0,-26.0,#18002B,0
7,1.0,30.0,-32.0,#190033,0
8,1.0,36.0,-36.0,#1C0039,0
9,1.0,42.0,-42.0,#1C0041,0
10,1.0,48.0,-48.0,#1B0049,0
11,1.0,54.0,-52.0,#1D004F,0
12,1.0,60.0,-56.0,#200055,0
13,1.0,66.0,-60.0,#23005A,0
14,1.0,72.0,-64.0,#250060,0
15,1.0,78.0,-68.0,#280066,0
16,1.0,84.0,-72.0,#2A006C,0
17,2.0,14.0,2.0,#1F0003,0
18,2.0,18.0,-4.0,#210011,0
19,2.0,22.0,-10.0,#220019,0
20,2.0,26.0,-16.0,#230021,0
21,2.0,30.0,-22.0,#230028,0
22,2.0,94.0,-80.0,#2F007B,0
23,2.0,102.0,-84.0,#350081,0
24,3.0,22.0,2.0,#280007,0
25,3.0,28.0,-2.0,#2C0010,0
26,3.0,32.0,-10.0,#2D001B,0
27,3.0,36.0,-20.0,#2C0028,0
28,3.0,40.0,-28.0,#2B0032,0
29,3.0,46.0,-32.0,#2F0038,0
30,3.0,50.0,-40.0,#2C0043,0
31,3.0,52.0,-58.0,#0B005C,0
32,3.0,56.0,-46.0,#2D004B,0
33,3.0,62.0,-48.0,#33004E,0
34,3.0,88.0,-78.0,#2A007B,0
35,3.0,108.0,-90.0,#37008D,0
36,3.0,116.0,-96.0,#390097,0
37,4.0,24.0,-44.0,#00044A,0
38,4.0,26.0,-38.0,#070042,1
39,4.0,30.0,-46.0,#00004D,0
40,4.0,30.0,6.0,#320001,0
41,4.0,32.0,-40.0,#120045,0
42,4.0,34.0,-2.0,#330013,0
43,4.0,36.0,-50.0,#000053,0
44,4.0,40.0,-14.0,#350022,0
45,4.0,42.0,-54.0,#000059,0
46,4.0,56.0,-38.0,#370042,0
47,4.0,60.0,-64.0,#110068,0
48,4.0,66.0,-68.0,#14006E,0
49,4.0,68.0,-54.0,#360059,0
50,4.0,72.0,-70.0,#1F0071,0
51,4.0,74.0,-56.0,#3B005C,0
52,4.0,80.0,-76.0,#20007A,0
53,4.0,82.0,-62.0,#3F0065,0
54,4.0,114.0,-90.0,#450090,0
55,4.0,124.0,-102.0,#3F00A4,0
56,5.0,46.0,-18.0,#3B002A,0
57,5.0,90.0,-70.0,#420074,0
58,5.0,96.0,-86.0,#2E008C,0
59,5.0,98.0,-74.0,#49007A,0
60,5.0,122.0,-96.0,#4B009D,0
61,6.0,10.0,-38.0,#001347,0
62,6.0,12.0,-32.0,#00113E,0
63,6.0,16.0,-42.0,#00104C,0
64,6.0,16.0,-26.0,#110D36,1
65,6.0,18.0,-36.0,#000D44,0
66,6.0,22.0,-30.0,#16083B,1
67,6.0,38.0,10.0,#3D0000,0
68,6.0,40.0,0.0,#3D0015,0
69,6.0,42.0,-8.0,#3D001F,0
70,6.0,46.0,-60.0,#000067,0
71,6.0,46.0,-44.0,#28004F,0
72,6.0,48.0,-54.0,#18005E,0
73,6.0,52.0,-32.0,#3C003F,0
74,6.0,68.0,-48.0,#410055,0
75,6.0,76.0,-62.0,#3C006A,0
76,6.0,104.0,-94.0,#2E009C,0
77,7.0,-6.0,-30.0,#001B3D,0
78,7.0,0.0,-34.0,#001943,0
79,7.0,0.0,-26.0,#001838,0
80,7.0,0.0,0.0,#151515,1
81,7.0,4.0,-22.0,#001633,0
82,7.0,6.0,-28.0,#00153B,0
83,7.0,8.0,-18.0,#10132D,1
84,7.0,10.0,-24.0,#091335,1
85,7.0,12.0,-14.0,#1C1028,1
86,7.0,14.0,-20.0,#181030,1
87,7.0,18.0,-12.0,#250B25,1
88,7.0,20.0,-18.0,#230A2D,1
89,7.0,24.0,-24.0,#230736,1
90,7.0,26.0,-8.0,#300220,1
91,7.0,30.0,-52.0,#000A5D,0
92,7.0,30.0,-28.0,#27013B,1
93,7.0,36.0,-32.0,#2B0041,0
94,7.0,40.0,-40.0,#27004C,0
95,7.0,48.0,-8.0,#450021,0
96,7.0,50.0,-24.0,#410036,0
97,7.0,52.0,-18.0,#45002E,0
98,7.0,54.0,-66.0,#000072,0
99,7.0,58.0,-52.0,#32005E,0
100,7.0,60.0,-70.0,#000079,0
101,7.0,62.0,-40.0,#43004C,0
102,7.0,78.0,-70.0,#350079,0
103,7.0,110.0,-98.0,#3600A5,0
104,7.0,112.0,-84.0,#55008F,0
105,7.0,118.0,-104.0,#3800AF,0
106,7.0,126.0,-108.0,#4000B6,0
107,8.0,-20.0,-22.0,#002035,0
108,8.0,-14.0,-24.0,#001F37,0
109,8.0,-14.0,-16.0,#001E2C,0
110,8.0,-8.0,-20.0,#001C32,0
111,8.0,-6.0,-14.0,#001B2A,0
112,8.0,0.0,-10.0,#0E1825,1
113,8.0,4.0,-8.0,#171622,1
114,8.0,8.0,-6.0,#1E1420,1
115,8.0,14.0,-4.0,#27101D,1
116,8.0,32.0,-16.0,#34002D,0
117,8.0,40.0,-60.0,#00026C,0
118,8.0,44.0,-24.0,#3D0038,0
119,8.0,44.0,8.0,#47000C,0
120,8.0,62.0,-34.0,#4A0046,0
121,8.0,66.0,-60.0,#35006C,0
122,8.0,70.0,-76.0,#100085,0
123,8.0,74.0,-48.0,#4E005A,0
124,8.0,82.0,-82.0,#22008E,0
125,8.0,84.0,-68.0,#450078,0
126,8.0,88.0,-84.0,#2C0091,0
127,8.0,96.0,-92.0,#28009E,0
128,9.0,46.0,0.0,#4A001B,0
129,9.0,56.0,-26.0,#4B003D,0
130,9.0,58.0,-20.0,#500035,0
131,9.0,94.0,-80.0,#46008E,0
132,9.0,106.0,-86.0,#500098,0
133,10.0,-34.0,-12.0,#00272B,0
134,10.0,-28.0,-16.0,#002531,0
135,10.0,-26.0,-10.0,#002428,0
136,10.0,-20.0,-14.0,#00232E,0
137,10.0,-18.0,-8.0,#002226,0
138,10.0,-12.0,-4.0,#002021,0
139,10.0,-6.0,-8.0,#071E26,1
140,10.0,-4.0,-2.0,#141D1E,1
141,10.0,4.0,-2.0,#201A1E,1
142,10.0,8.0,2.0,#271719,1
143,10.0,16.0,4.0,#301217,1
144,10.0,20.0,-50.0,#001862,0
145,10.0,22.0,-44.0,#001559,0
146,10.0,22.0,-2.0,#350D1F,1
147,10.0,22.0,6.0,#370C14,1
148,10.0,24.0,-38.0,#121150,1
149,10.0,26.0,-14.0,#34092F,1
150,10.0,28.0,0.0,#3B051C,1
151,10.0,28.0,8.0,#3D0411,1
152,10.0,30.0,-42.0,#180C56,1
153,10.0,32.0,-58.0,#00106E,0
154,10.0,34.0,-6.0,#400024,0
155,10.0,34.0,2.0,#42001A,0
156,10.0,36.0,-46.0,#1C055C,1
157,10.0,38.0,-24.0,#3B003D,0
158,10.0,40.0,-18.0,#410034,0
159,10.0,42.0,-50.0,#210062,0
160,10.0,42.0,-34.0,#38004B,0
161,10.0,46.0,-14.0,#49002F,0
162,10.0,48.0,-38.0,#3C0050,0
163,10.0,52.0,-46.0,#39005C,0
164,10.0,52.0,-2.0,#520020,0
165,10.0,54.0,-56.0,#2D006B,0
166,10.0,54.0,-40.0,#420053,0
167,10.0,60.0,-60.0,#300071,0
168,10.0,62.0,-76.0,#00008A,0
169,10.0,64.0,-54.0,#400068,0
170,10.0,68.0,-42.0,#510057,0
171,10.0,72.0,-66.0,#3B007A,0
172,10.0,78.0,-54.0,#530068,0
173,10.0,84.0,-74.0,#420087,0
174,10.0,84.0,-58.0,#57006E,0
175,10.0,86.0,-90.0,#1600A0,0
176,10.0,96.0,-70.0,#5A0081,0
177,10.0,102.0,-76.0,#5B008A,0
178,10.0,116.0,-94.0,#5600A7,0
179,10.0,126.0,-98.0,#6000AE,0
180,11.0,42.0,16.0,#4F0004,0
181,11.0,48.0,12.0,#54000E,0
182,11.0,50.0,18.0,#560000,0
183,11.0,56.0,-14.0,#550032,0
184,11.0,62.0,-46.0,#49005F,0
185,11.0,72.0,-82.0,#040096,0
186,11.0,72.0,-58.0,#4A0071,0
187,11.0,78.0,-76.0,#36008D,0
188,11.0,98.0,-98.0,#2500B0,0
189,11.0,104.0,-100.0,#3100B4,0
190,11.0,112.0,-106.0,#3300BE,0
191,11.0,120.0,-110.0,#3C00C4,0
192,12.0,-46.0,-4.0,#002D24,0
193,12.0,-40.0,-8.0,#002B2A,0
194,12.0,-38.0,-2.0,#002B22,0
195,12.0,-32.0,0.0,#00291F,0
196,12.0,-26.0,-4.0,#002824,0
197,12.0,-24.0,2.0,#00271C,0
198,12.0,-16.0,2.0,#00251C,0
199,12.0,-10.0,-34.0,#00264F,0
200,12.0,-8.0,4.0,#15221A,1
201,12.0,-4.0,-38.0,#002555,0
202,12.0,-2.0,-16.0,#052135,1
203,12.0,-2.0,6.0,#202017,1
204,12.0,2.0,-44.0,#00235E,0
205,12.0,2.0,4.0,#241E1A,1
206,12.0,4.0,-38.0,#002255,0
207,12.0,6.0,8.0,#2B1C15,1
208,12.0,8.0,-46.0,#002161,0
209,12.0,10.0,-40.0,#001F58,0
210,12.0,10.0,-32.0,#001E4C,0
211,12.0,14.0,-50.0,#001F67,0
212,12.0,16.0,-44.0,#001D5E,0
213,12.0,16.0,-36.0,#021B52,1
214,12.0,16.0,-28.0,#1B1A46,1
215,12.0,18.0,-8.0,#32152B,1
216,12.0,20.0,-22.0,#2A163E,1
217,12.0,20.0,12.0,#3B120F,1
218,12.0,22.0,-32.0,#21164C,1
219,12.0,26.0,-56.0,#001970,0
220,12.0,28.0,-20.0,#370D3B,1
221,12.0,30.0,16.0,#460407,1
222,12.0,36.0,14.0,#4B000C,0
223,12.0,40.0,-10.0,#49002E,0
224,12.0,42.0,-4.0,#4D0026,0
225,12.0,44.0,-68.0,#000883,0
226,12.0,46.0,-62.0,#050079,0
227,12.0,50.0,-70.0,#000086,0
228,12.0,54.0,4.0,#5B001C,0
229,12.0,54.0,12.0,#5C0011,0
230,12.0,56.0,-74.0,#00008C,0
231,12.0,64.0,-24.0,#5C0042,0
232,12.0,90.0,-76.0,#4F0090,0
233,12.0,90.0,-60.0,#620077,0
234,12.0,94.0,-86.0,#4400A0,0
235,12.0,100.0,-88.0,#4C00A3,0
236,12.0,108.0,-94.0,#4F00AD,0
237,12.0,110.0,-80.0,#680096,0
238,12.0,116.0,-86.0,#6900A0,0
239,12.0,124.0,-104.0,#5900BD,0
240,13.0,40.0,-42.0,#34025E,1
241,13.0,42.0,4.0,#52001E,0
242,13.0,46.0,-54.0,#2A0070,0
243,13.0,46.0,-46.0,#380064,0
244,13.0,46.0,-30.0,#48004C,0
245,13.0,52.0,-34.0,#4C0052,0
246,13.0,60.0,-8.0,#61002E,0
247,13.0,64.0,-64.0,#3A007F,0
248,13.0,70.0,-50.0,#55006A,0
249,13.0,70.0,-34.0,#610052,0
250,13.0,76.0,-70.0,#450089,0
251,13.0,76.0,-38.0,#650058,0
252,13.0,88.0,-66.0,#5C0083,0
253,13.0,90.0,-96.0,#1900B3,0
254,13.0,122.0,-94.0,#6A00B0,0
255,13.0,126.0,-116.0,#4200D4,0
256,14.0,-56.0,4.0,#00321D,0
257,14.0,-52.0,-2.0,#003225,0
258,14.0,-48.0,4.0,#00311D,0
259,14.0,-42.0,6.0,#002F1A,0
260,14.0,-40.0,-14.0,#003037,0
261,14.0,-36.0,8.0,#002E17,0
262,14.0,-34.0,-20.0,#002F3F,0
263,14.0,-32.0,-6.0,#002E2B,0
264,14.0,-28.0,-28.0,#002E4B,0
265,14.0,-28.0,8.0,#002C18,0
266,14.0,-26.0,-22.0,#002D42,0
267,14.0,-22.0,-32.0,#002D51,0
268,14.0,-22.0,10.0,#002B15,0
269,14.0,-20.0,-26.0,#002C48,0
270,14.0,-16.0,-36.0,#002C57,0
271,14.0,-14.0,-22.0,#002A42,0
272,14.0,-14.0,-14.0,#002A37,0
273,14.0,-14.0,10.0,#122815,1
274,14.0,-10.0,-40.0,#002B5C,0
275,14.0,-8.0,-26.0,#002948,0
276,14.0,-8.0,-18.0,#00283D,0
277,14.0,-6.0,12.0,#212612,1
278,14.0,-2.0,-28.0,#00274B,0
279,14.0,-2.0,-6.0,#1B252C,1
280,14.0,-2.0,14.0,#27240F,1
281,14.0,2.0,-8.0,#20232F,1
282,14.0,2.0,12.0,#2C2213,1
283,14.0,4.0,-32.0,#002551,0
284,14.0,4.0,-24.0,#082445,1
285,14.0,4.0,-14.0,#1D2337,1
286,14.0,6.0,-8.0,#27212F,1
287,14.0,8.0,-20.0,#1D2140,1
288,14.0,8.0,16.0,#341F0C,1
289,14.0,10.0,-14.0,#282037,1
290,14.0,10.0,-4.0,#2F1F29,1
291,14.0,12.0,10.0,#371D16,1
292,14.0,14.0,16.0,#3B1B0C,1
293,14.0,16.0,-2.0,#371B27,1
294,14.0,20.0,-56.0,#002175,0
295,14.0,20.0,18.0,#411608,1
296,14.0,28.0,-6.0,#430F2D,1
297,14.0,32.0,-64.0,#001A81,0
298,14.0,32.0,-32.0,#360F51,1
299,14.0,34.0,-18.0,#44073D,1
300,14.0,38.0,-66.0,#001485,0
301,14.0,42.0,22.0,#580001,0
302,14.0,46.0,-24.0,#4E0046,0
303,14.0,52.0,-28.0,#53004C,0
304,14.0,52.0,-20.0,#570041,0
305,14.0,52.0,24.0,#610000,0
306,14.0,58.0,-32.0,#570052,0
307,14.0,64.0,-36.0,#5B0058,0
308,14.0,76.0,-62.0,#53007F,0
309,14.0,76.0,-48.0,#61006A,0
310,14.0,80.0,-90.0,#1200AC,0
311,14.0,82.0,-66.0,#570085,0
312,14.0,82.0,-46.0,#690067,0
313,14.0,86.0,-52.0,#6A0070,0
314,14.0,106.0,-106.0,#2F00C6,0
315,15.0,-44.0,-20.0,#003341,0
316,15.0,-12.0,-8.0,#002B31,0
317,15.0,-6.0,-12.0,#092936,1
318,15.0,4.0,-50.0,#002A6E,0
319,15.0,22.0,-14.0,#3A193A,1
320,15.0,30.0,-50.0,#0B196E,1
321,15.0,30.0,4.0,#4B0D21,1
322,15.0,36.0,-52.0,#1C1372,1
323,15.0,36.0,8.0,#52011C,1
324,15.0,38.0,-30.0,#430651,1
325,15.0,46.0,-74.0,#000F94,0
326,15.0,48.0,-6.0,#5B002F,0
327,15.0,48.0,2.0,#5D0025,0
328,15.0,52.0,-78.0,#00059B,0
329,15.0,54.0,-64.0,#2A0084,0
330,15.0,58.0,-80.0,#00009E,0
331,15.0,62.0,0.0,#6A0028,0
332,15.0,64.0,-30.0,#620051,0
333,15.0,66.0,-86.0,#0000A8,0
334,15.0,66.0,-78.0,#1D009B,0
335,15.0,66.0,-70.0,#38008E,0
336,15.0,66.0,-16.0,#6A003E,0
337,15.0,72.0,-88.0,#0000AB,0
338,15.0,72.0,-28.0,#6B004F,0
339,15.0,78.0,-82.0,#3500A1,0
340,15.0,94.0,-64.0,#6C0085,0
341,15.0,96.0,-76.0,#620098,0
342,15.0,98.0,-104.0,#1D00C6,0
343,15.0,100.0,-70.0,#6E008E,0
344,15.0,102.0,-94.0,#4E00B5,0
345,15.0,116.0,-114.0,#3500D7,0
346,15.0,116.0,-98.0,#6000BC,0
347,16.0,-68.0,12.0,#003815,0
348,16.0,-62.0,8.0,#00371B,0
349,16.0,-56.0,12.0,#003615,0
350,16.0,-48.0,14.0,#003412,0
351,16.0,-40.0,16.0,#00330F,0
352,16.0,-32.0,-14.0,#00323B,0
353,16.0,-32.0,16.0,#00310F,0
354,16.0,-24.0,18.0,#032F0B,1
355,16.0,-14.0,-28.0,#002F50,0
356,16.0,-14.0,20.0,#1D2C07,1
357,16.0,-8.0,-2.0,#182B2A,1
358,16.0,-4.0,20.0,#2B2908,1
359,16.0,-2.0,0.0,#252928,1
360,16.0,2.0,-2.0,#29272B,1
361,16.0,2.0,20.0,#332608,1
362,16.0,6.0,2.0,#312525,1
363,16.0,8.0,22.0,#3A2304,1
364,16.0,12.0,4.0,#3A2123,1
365,16.0,16.0,24.0,#431D00,0
366,16.0,20.0,4.0,#431B23,1
367,16.0,22.0,-46.0,#00216B,0
368,16.0,24.0,-40.0,#1F1E62,1
369,16.0,24.0,24.0,#4B1601,1
370,16.0,30.0,-44.0,#251968,1
371,16.0,30.0,26.0,#520E00,0
372,16.0,32.0,-38.0,#34165F,1
373,16.0,36.0,20.0,#57030C,1
374,16.0,40.0,-58.0,#16127D,1
375,16.0,40.0,-36.0,#42075C,1
376,16.0,44.0,-16.0,#55003F,0
377,16.0,46.0,-40.0,#470062,0
378,16.0,50.0,-12.0,#5E003A,0
379,16.0,56.0,-56.0,#42007B,0
380,16.0,58.0,-50.0,#4D0071,0
381,16.0,62.0,8.0,#6F0020,0
382,16.0,66.0,-10.0,#6F0038,0
383,16.0,84.0,-60.0,#660081,0
384,16.0,92.0,-102.0,#0C00C5,0
385,16.0,96.0,-92.0,#4900B5,0
386,16.0,104.0,-80.0,#6C00A1,0
387,16.0,108.0,-100.0,#5000C2,0
388,16.0,116.0,-106.0,#5300CC,0
389,16.0,124.0,-110.0,#5B00D3,0
390,17.0,-62.0,-10.0,#003A37,0
391,17.0,-56.0,-14.0,#00393D,0
392,17.0,-54.0,-8.0,#003834,0
393,17.0,-50.0,-18.0,#003843,0
394,17.0,-48.0,-12.0,#00383A,0
395,17.0,-38.0,-26.0,#00374F,0
396,17.0,-22.0,-14.0,#00323D,0
397,17.0,-22.0,-6.0,#003232,0
398,17.0,-20.0,0.0,#003129,0
399,17.0,-2.0,-48.0,#003070,0
400,17.0,10.0,-56.0,#002C7D,0
401,17.0,22.0,-62.0,#002786,0
402,17.0,24.0,-24.0,#3A1D4D,1
403,17.0,24.0,-2.0,#481A2D,1
404,17.0,26.0,-34.0,#311D5B,1
405,17.0,28.0,10.0,#4F151D,1
406,17.0,34.0,-70.0,#002093,0
407,17.0,36.0,-24.0,#4A0E4D,1
408,17.0,36.0,-8.0,#530A36,1
409,17.0,38.0,-2.0,#57042E,1
410,17.0,40.0,-72.0,#001B96,0
411,17.0,42.0,10.0,#5E001E,0
412,17.0,44.0,16.0,#610016,0
413,17.0,48.0,28.0,#660000,0
414,17.0,50.0,12.0,#66001C,0
415,17.0,52.0,18.0,#690014,0
416,17.0,54.0,-42.0,#520068,0
417,17.0,56.0,-12.0,#67003C,0
418,17.0,56.0,8.0,#6C0021,0
419,17.0,58.0,14.0,#6E001A,0
420,17.0,60.0,-70.0,#300093,0
421,17.0,60.0,-22.0,#67004B,0
422,17.0,60.0,20.0,#710011,0
423,17.0,62.0,-56.0,#4E007D,0
424,17.0,66.0,-42.0,#620068,0
425,17.0,70.0,-56.0,#5A007D,0
426,17.0,78.0,-54.0,#67007A,0
427,17.0,80.0,-76.0,#4E009D,0
428,17.0,86.0,-78.0,#5500A0,0
429,17.0,88.0,-90.0,#3F00B4,0
430,17.0,88.0,-72.0,#610097,0
431,17.0,92.0,-82.0,#5900A7,0
432,17.0,108.0,-90.0,#6700B4,0
433,17.0,112.0,-84.0,#7600AB,0
434,17.0,112.0,-76.0,#7E009E,0
435,18.0,-74.0,18.0,#003D0E,0
436,18.0,-66.0,20.0,#003C0A,0
437,18.0,-54.0,18.0,#003A0F,0
438,18.0,-48.0,22.0,#003906,0
439,18.0,-44.0,-6.0,#003934,0
440,18.0,-42.0,0.0,#00382B,0
441,18.0,-40.0,22.0,#003707,0
442,18.0,-22.0,24.0,#133303,1
443,18.0,-10.0,6.0,#203023,1
444,18.0,-8.0,-34.0,#00325D,0
445,18.0,-6.0,26.0,#2F2E00,0
446,18.0,-4.0,6.0,#2A2D23,1
447,18.0,-2.0,-40.0,#003166,0
448,18.0,0.0,-18.0,#172D46,1
449,18.0,0.0,26.0,#362B00,0
450,18.0,4.0,-44.0,#002F6D,0
451,18.0,6.0,-38.0,#002D64,0
452,18.0,10.0,-50.0,#002D76,0
453,18.0,12.0,-44.0,#002B6D,0
454,18.0,12.0,-36.0,#072961,1
455,18.0,12.0,-28.0,#212855,1
456,18.0,18.0,-40.0,#122667,1
457,18.0,18.0,-32.0,#27255B,1
458,18.0,18.0,-24.0,#33244F,1
459,18.0,22.0,12.0,#4C1D1C,1
460,18.0,28.0,16.0,#531716,1
461,18.0,30.0,-58.0,#002283,0
462,18.0,36.0,-46.0,#331870,1
463,18.0,38.0,30.0,#600300,0
464,18.0,42.0,-52.0,#341179,1
465,18.0,48.0,-64.0,#240B8C,1
466,18.0,54.0,2.0,#6B002B,0
467,18.0,58.0,30.0,#730000,0
468,18.0,60.0,-62.0,#450089,0
469,18.0,70.0,-22.0,#74004D,0
470,18.0,72.0,-74.0,#45009D,0
471,18.0,72.0,-66.0,#530090,0
472,18.0,72.0,-16.0,#790045,0
473,18.0,84.0,-100.0,#0000C7,0
474,18.0,84.0,-38.0,#7C0065,0
475,18.0,96.0,-56.0,#7F0080,0
476,18.0,102.0,-100.0,#4A00C8,0
477,18.0,118.0,-92.0,#7700BB,0
478,18.0,122.0,-120.0,#4000EA,0
479,18.0,124.0,-98.0,#7800C5,0
480,19.0,-34.0,-34.0,#003C60,0
481,19.0,-28.0,-36.0,#003A63,0
482,19.0,-22.0,-40.0,#003969,0
483,19.0,-16.0,-44.0,#00386F,0
484,19.0,-10.0,-48.0,#003775,0
485,19.0,-2.0,-12.0,#1F303F,1
486,19.0,2.0,6.0,#342D26,1
487,19.0,8.0,10.0,#3E2A20,1
488,19.0,14.0,-6.0,#3E2737,1
489,19.0,16.0,-14.0,#3B2643,1
490,19.0,20.0,-8.0,#45233A,1
491,19.0,26.0,-68.0,#002A95,0
492,19.0,32.0,32.0,#5C1300,0
493,19.0,34.0,14.0,#5C111C,1
494,19.0,44.0,-46.0,#440C73,1
495,19.0,46.0,-32.0,#56005E,0
496,19.0,50.0,-58.0,#3C0485,1
497,19.0,50.0,-50.0,#490079,0
498,19.0,52.0,-36.0,#5A0064,0
499,19.0,56.0,-86.0,#000DB3,0
500,19.0,68.0,-92.0,#0000BD,0
501,19.0,68.0,-36.0,#6E0064,0
502,19.0,68.0,8.0,#7D0026,0
503,19.0,70.0,-2.0,#7D0034,0
504,19.0,72.0,-8.0,#7E003C,0
505,19.0,74.0,-94.0,#0000C0,0
506,19.0,74.0,-40.0,#72006A,0
507,19.0,78.0,-34.0,#7A0061,0
508,19.0,80.0,-28.0,#800059,0
509,19.0,90.0,-52.0,#7D007D,0
510,19.0,100.0,-110.0,#1C00DC,0
511,19.0,106.0,-112.0,#2F00DF,0
512,19.0,110.0,-106.0,#5100D5,0
513,20.0,-82.0,2.0,#00432C,0
514,20.0,-82.0,10.0,#004320,0
515,20.0,-80.0,16.0,#004216,0
516,20.0,-80.0,24.0,#004206,0
517,20.0,-76.0,0.0,#00422F,0
518,20.0,-74.0,6.0,#004226,0
519,20.0,-72.0,-6.0,#004238,0
520,20.0,-70.0,26.0,#004101,0
521,20.0,-68.0,0.0,#00412F,0
522,20.0,-64.0,28.0,#004000,0
523,20.0,-62.0,-2.0,#004032,0
524,20.0,-58.0,26.0,#003F02,0
525,20.0,-54.0,0.0,#003F2F,0
526,20.0,-50.0,28.0,#003E00,0
527,20.0,-40.0,6.0,#003C27,0
528,20.0,-38.0,-18.0,#003D4A,0
529,20.0,-38.0,28.0,#003B00,0
530,20.0,-36.0,-4.0,#003C35,0
531,20.0,-34.0,2.0,#003B2D,0
532,20.0,-34.0,10.0,#003B21,0
533,20.0,-32.0,-22.0,#003C50,0
534,20.0,-32.0,24.0,#003A08,0
535,20.0,-30.0,-8.0,#003B3B,0
536,20.0,-30.0,30.0,#033A00,0
537,20.0,-28.0,-2.0,#003A33,0
538,20.0,-28.0,6.0,#003A27,0
539,20.0,-26.0,-26.0,#003B56,0
540,20.0,-26.0,12.0,#00391E,0
541,20.0,-24.0,-20.0,#003A4D,0
542,20.0,-20.0,-30.0,#003A5C,0
543,20.0,-20.0,8.0,#0D3724,1
544,20.0,-18.0,-24.0,#003953,0
545,20.0,-18.0,30.0,#223600,0
546,20.0,-16.0,-10.0,#00373E,0
547,20.0,-14.0,-34.0,#003962,0
548,20.0,-14.0,12.0,#21351E,1
549,20.0,-12.0,-20.0,#00374D,0
550,20.0,-12.0,26.0,#2A3405,1
551,20.0,-10.0,-14.0,#003544,0
552,20.0,-6.0,-22.0,#003550,0
553,20.0,-6.0,14.0,#2F321C,1
554,20.0,0.0,-34.0,#003362,0
555,20.0,0.0,-26.0,#003256,0
556,20.0,2.0,32.0,#3E2E00,0
557,20.0,4.0,14.0,#3C2E1C,1
558,20.0,6.0,-30.0,#0E305C,1
559,20.0,6.0,-4.0,#372E36,1
560,20.0,8.0,-12.0,#332D42,1
561,20.0,10.0,-18.0,#312D4B,1
562,20.0,10.0,32.0,#482A00,0
563,20.0,12.0,18.0,#472916,1
564,20.0,16.0,-52.0,#002E7E,0
565,20.0,16.0,14.0,#4B261D,1
566,20.0,16.0,30.0,#4E2600,0
567,20.0,20.0,20.0,#512314,1
568,20.0,22.0,-56.0,#002B85,0
569,20.0,24.0,32.0,#571F00,0
570,20.0,26.0,-12.0,#4C2042,1
571,20.0,26.0,4.0,#531F2B,1
572,20.0,32.0,-16.0,#521A48,1
573,20.0,32.0,0.0,#591831,1
574,20.0,34.0,-64.0,#002491,0
575,20.0,40.0,-66.0,#001E95,0
576,20.0,42.0,2.0,#64032F,1
577,20.0,44.0,-24.0,#5B0554,1
578,20.0,44.0,-8.0,#63003D,0
579,20.0,44.0,24.0,#6A0010,0
580,20.0,46.0,-70.0,#00189B,0
581,20.0,48.0,-80.0,#001AAC,0
582,20.0,48.0,-2.0,#6A0035,0
583,20.0,50.0,-26.0,#610057,0
584,20.0,52.0,-74.0,#070FA2,1
585,20.0,52.0,34.0,#730000,0
586,20.0,54.0,-68.0,#310498,1
587,20.0,54.0,-6.0,#6F003B,0
588,20.0,56.0,-30.0,#66005D,0
589,20.0,60.0,-8.0,#74003E,0
590,20.0,62.0,-90.0,#0002BC,0
591,20.0,62.0,-34.0,#6B0063,0
592,20.0,64.0,26.0,#7F000F,0
593,20.0,66.0,-74.0,#3F00A2,0
594,20.0,66.0,-66.0,#4F0095,0
595,20.0,70.0,-82.0,#3200AF,0
596,20.0,74.0,-48.0,#6F0079,0
597,20.0,76.0,-86.0,#3700B6,0
598,20.0,76.0,-60.0,#67008C,0
599,20.0,78.0,-18.0,#84004C,0
600,20.0,80.0,-70.0,#60009C,0
601,20.0,82.0,-88.0,#4100B9,0
602,20.0,84.0,-50.0,#7A007C,0
603,20.0,86.0,-44.0,#810073,0
604,20.0,88.0,-66.0,#710095,0
605,20.0,90.0,-60.0,#7A008C,0
606,20.0,92.0,-76.0,#6B00A6,0
607,20.0,96.0,-86.0,#6300B6,0
608,20.0,96.0,-70.0,#78009C,0
609,20.0,96.0,-50.0,#89007C,0
610,20.0,98.0,-64.0,#810092,0
611,20.0,104.0,-74.0,#7F00A2,0
612,20.0,106.0,-68.0,#870099,0
613,20.0,112.0,-94.0,#7100C4,0
614,21.0,-68.0,-18.0,#00444C,0
615,21.0,-62.0,-20.0,#00444F,0
616,21.0,-56.0,-24.0,#004355,0
617,21.0,-50.0,-28.0,#00435B,0
618,21.0,-44.0,-30.0,#00425E,0
619,21.0,-36.0,-12.0,#003F43,0
620,21.0,-2.0,-54.0,#003984,0
621,21.0,4.0,-58.0,#00388A,0
622,21.0,10.0,-62.0,#003691,0
623,21.0,14.0,0.0,#462B33,1
624,21.0,16.0,-66.0,#003397,0
625,21.0,18.0,8.0,#4E2727,1
626,21.0,26.0,-18.0,#4B234D,1
627,21.0,28.0,22.0,#5C1E13,1
628,21.0,34.0,-76.0,#002AA8,0
629,21.0,34.0,-30.0,#4C1D5F,1
630,21.0,36.0,-54.0,#2A2184,1
631,21.0,38.0,-40.0,#481A6F,1
632,21.0,38.0,-16.0,#5B144B,1
633,21.0,38.0,36.0,#680D00,0
634,21.0,40.0,-78.0,#0025AB,0
635,21.0,44.0,34.0,#6E0000,0
636,21.0,54.0,-80.0,#0012AE,0
637,21.0,56.0,-18.0,#6F004E,0
638,21.0,64.0,-16.0,#79004B,0
639,21.0,64.0,0.0,#7E0035,0
640,21.0,68.0,20.0,#85001A,0
641,21.0,80.0,-42.0,#7E0072,0
642,21.0,90.0,-108.0,#0000DE,0
643,21.0,90.0,-96.0,#4300C9,0
644,21.0,98.0,-96.0,#5600CA,0
645,21.0,104.0,-60.0,#8E008F,0
646,21.0,118.0,-84.0,#8B00B6,0
647,21.0,120.0,-106.0,#6E00DB,0
648,21.0,124.0,-114.0,#6500E9,0
649,21.0,126.0,-124.0,#4D00FA,0
650,22.0,-80.0,32.0,#004700,0
651,22.0,-72.0,32.0,#004600,0
652,22.0,-62.0,14.0,#00451E,0
653,22.0,-60.0,20.0,#004414,0
654,22.0,-56.0,8.0,#004427,0
655,22.0,-56.0,32.0,#004300,0
656,22.0,-50.0,34.0,#004200,0
657,22.0,-48.0,8.0,#004328,0
658,22.0,-46.0,14.0,#00421E,0
659,22.0,-44.0,28.0,#004103,0
660,22.0,-42.0,34.0,#004100,0
661,22.0,-38.0,16.0,#00401B,0
662,22.0,-32.0,18.0,#003F18,0
663,22.0,-24.0,34.0,#1C3D00,0
664,22.0,-18.0,20.0,#223B15,1
665,22.0,-18.0,36.0,#283B00,0
666,22.0,-14.0,0.0,#193A34,1
667,22.0,-12.0,-26.0,#003C5B,0
668,22.0,-10.0,36.0,#343800,0
669,22.0,-8.0,-6.0,#20383D,1
670,22.0,-8.0,0.0,#273834,1
671,22.0,-2.0,-2.0,#303638,1
672,22.0,-2.0,18.0,#3B351A,1
673,22.0,2.0,-8.0,#313440,1
674,22.0,6.0,24.0,#463110,1
675,22.0,16.0,-60.0,#003490,0
676,22.0,20.0,2.0,#512832,1
677,22.0,28.0,-48.0,#27297D,1
678,22.0,28.0,-30.0,#462562,1
679,22.0,30.0,-42.0,#392674,1
680,22.0,32.0,-36.0,#45236B,1
681,22.0,32.0,-8.0,#5B1E41,1
682,22.0,38.0,10.0,#671328,1
683,22.0,38.0,18.0,#69121C,1
684,22.0,44.0,-38.0,#55126E,1
685,22.0,46.0,-14.0,#68024A,1
686,22.0,50.0,-42.0,#5A0374,1
687,22.0,50.0,6.0,#73002E,0
688,22.0,56.0,-52.0,#580084,0
689,22.0,56.0,24.0,#7C0015,0
690,22.0,60.0,-82.0,#0E05B5,1
691,22.0,60.0,36.0,#820000,0
692,22.0,62.0,-48.0,#65007E,0
693,22.0,64.0,-26.0,#77005C,0
694,22.0,68.0,-50.0,#6B0081,0
695,22.0,68.0,14.0,#870024,0
696,22.0,70.0,-30.0,#7C0063,0
697,22.0,78.0,-98.0,#0000D0,0
698,22.0,86.0,-32.0,#8D0066,0
699,22.0,92.0,-38.0,#91006F,0
700,22.0,102.0,-84.0,#7600B8,0
701,22.0,102.0,-54.0,#930088,0
702,22.0,104.0,-92.0,#6D00C6,0
703,22.0,110.0,-116.0,#3C00EF,0
704,22.0,116.0,-114.0,#5600EB,0
705,22.0,118.0,-124.0,#3500FD,0
706,23.0,-96.0,10.0,#004C26,0
707,23.0,-90.0,6.0,#004B2C,0
708,23.0,-70.0,12.0,#004823,0
709,23.0,-68.0,-10.0,#004945,0
710,23.0,-66.0,6.0,#00482D,0
711,23.0,-62.0,-14.0,#00484B,0
712,23.0,-58.0,-8.0,#004742,0
713,23.0,-54.0,-14.0,#00474B,0
714,23.0,-54.0,22.0,#004612,0
715,23.0,-50.0,-8.0,#004642,0
716,23.0,-48.0,-18.0,#004651,0
717,23.0,-46.0,-2.0,#004539,0
718,23.0,-44.0,-12.0,#004548,0
719,23.0,-42.0,-22.0,#004657,0
720,23.0,-36.0,-26.0,#00455D,0
721,23.0,-30.0,-30.0,#004463,0
722,23.0,-28.0,-14.0,#00424B,0
723,23.0,-10.0,-38.0,#003E70,0
724,23.0,-8.0,-54.0,#004089,0
725,23.0,-4.0,36.0,#3F3700,0
726,23.0,-2.0,10.0,#3A3728,1
727,23.0,2.0,38.0,#473500,0
728,23.0,4.0,-18.0,#2C3652,1
729,23.0,6.0,-24.0,#27365B,1
730,23.0,6.0,4.0,#423431,1
731,23.0,14.0,38.0,#552E00,0
732,23.0,16.0,-36.0,#27326D,1
733,23.0,18.0,-46.0,#06327D,1
734,23.0,22.0,-40.0,#2E2E73,1
735,23.0,22.0,38.0,#5D2700,0
736,23.0,24.0,-4.0,#55283D,1
737,23.0,26.0,10.0,#5D2529,1
738,23.0,28.0,-74.0,#0032AA,0
739,23.0,30.0,38.0,#661F00,0
740,23.0,32.0,-22.0,#552258,1
741,23.0,32.0,6.0,#621F2F,1
742,23.0,38.0,-4.0,#66173E,1
743,23.0,42.0,-60.0,#312093,1
744,23.0,44.0,8.0,#70072D,1
745,23.0,46.0,-54.0,#47188A,1
746,23.0,56.0,-44.0,#63007A,0
747,23.0,62.0,-40.0,#6F0074,0
748,23.0,62.0,6.0,#830031,0
749,23.0,66.0,-86.0,#1F00BE,0
750,23.0,66.0,-58.0,#630090,0
751,23.0,68.0,-44.0,#73007A,0
752,23.0,68.0,32.0,#8C000B,0
753,23.0,74.0,-54.0,#73008A,0
754,23.0,74.0,-24.0,#86005C,0
755,23.0,74.0,14.0,#900027,0
756,23.0,78.0,-2.0,#92003D,0
757,23.0,80.0,-56.0,#79008D,0
758,23.0,82.0,-22.0,#90005A,0
759,23.0,108.0,-100.0,#6A00D6,0
760,23.0,116.0,-78.0,#9500B2,0
761,23.0,120.0,-100.0,#7F00D6,0
762,24.0,-90.0,-6.0,#004E41,0
763,24.0,-84.0,-10.0,#004D47,0
764,24.0,-82.0,-4.0,#004D3E,0
765,24.0,-78.0,-14.0,#004D4D,0
766,24.0,-74.0,22.0,#004B14,0
767,24.0,-66.0,22.0,#004A14,0
768,24.0,-64.0,36.0,#004A00,0
769,24.0,-54.0,16.0,#00481F,0
770,24.0,-42.0,-36.0,#00496F,0
771,24.0,-36.0,-40.0,#004875,0
772,24.0,-34.0,36.0,#014400,0
773,24.0,-30.0,-42.0,#004778,0
774,24.0,-24.0,-46.0,#00467F,0
775,24.0,-18.0,-50.0,#004585,0
776,24.0,0.0,-44.0,#003D7C,0
777,24.0,6.0,-48.0,#003B82,0
778,24.0,8.0,-42.0,#003979,0
779,24.0,12.0,26.0,#533111,1
780,24.0,14.0,-24.0,#3A345D,1
781,24.0,16.0,-10.0,#4A3148,1
782,24.0,20.0,-26.0,#423060,1
783,24.0,20.0,-18.0,#4A2F54,1
784,24.0,22.0,-34.0,#3B2F6D,1
785,24.0,30.0,16.0,#652323,1
786,24.0,36.0,28.0,#6E1A10,1
787,24.0,42.0,-84.0,#002BBD,0
788,24.0,46.0,16.0,#770324,1
789,24.0,48.0,-86.0,#0026C1,0
790,24.0,50.0,28.0,#7D0012,0
791,24.0,52.0,12.0,#7C002A,0
792,24.0,54.0,-90.0,#0020C8,0
793,24.0,54.0,18.0,#7F0021,0
794,24.0,54.0,40.0,#820000,0
795,24.0,56.0,-60.0,#520496,1
796,24.0,56.0,-38.0,#6B0073,0
797,24.0,60.0,16.0,#850025,0
798,24.0,68.0,-98.0,#0003D5,0
799,24.0,68.0,-20.0,#840059,0
800,24.0,68.0,-12.0,#87004D,0
801,24.0,68.0,40.0,#900000,0
802,24.0,70.0,2.0,#8D0039,0
803,24.0,72.0,8.0,#910031,0
804,24.0,74.0,-78.0,#5500B4,0
805,24.0,74.0,-70.0,#6300A7,0
806,24.0,78.0,4.0,#960037,0
807,24.0,80.0,-104.0,#0000E0,0
808,24.0,80.0,-76.0,#6400B0,0
809,24.0,80.0,-10.0,#95004A,0
810,24.0,82.0,-82.0,#5D00BA,0
811,24.0,84.0,-16.0,#970053,0
812,24.0,88.0,-84.0,#6500BE,0
813,24.0,94.0,-44.0,#96007E,0
814,24.0,98.0,-102.0,#5200DC,0
815,24.0,104.0,-106.0,#5600E3,0
816,24.0,112.0,-86.0,#8900C2,0
817,25.0,-70.0,38.0,#004D00,0
818,25.0,-56.0,40.0,#004B00,0
819,25.0,-40.0,10.0,#00482B,0
820,25.0,-38.0,24.0,#004714,0
821,25.0,-32.0,42.0,#134600,0
822,25.0,-26.0,20.0,#15441B,1
823,25.0,-26.0,28.0,#1B440C,1
824,25.0,-24.0,42.0,#264300,0
825,25.0,-22.0,-8.0,#004447,0
826,25.0,-22.0,0.0,#00443B,0
827,25.0,-20.0,14.0,#204325,1
828,25.0,-16.0,-14.0,#004350,0
829,25.0,-16.0,-6.0,#0C4244,1
830,25.0,-16.0,42.0,#344100,0
831,25.0,-14.0,8.0,#28412F,1
832,25.0,-14.0,16.0,#2E4022,1
833,25.0,-12.0,30.0,#373F08,1
834,25.0,-8.0,10.0,#353E2C,1
835,25.0,-8.0,18.0,#393E20,1
836,25.0,-8.0,42.0,#3F3E00,0
837,25.0,-6.0,24.0,#3E3D15,1
838,25.0,-4.0,-16.0,#213E53,1
839,25.0,-4.0,-8.0,#2D3E47,1
840,25.0,-4.0,30.0,#423C09,1
841,25.0,-2.0,4.0,#3B3C35,1
842,25.0,2.0,-30.0,#0C3D69,1
843,25.0,2.0,0.0,#3E3A3B,1
844,25.0,6.0,18.0,#4C3720,1
845,25.0,8.0,-36.0,#103B72,1
846,25.0,8.0,42.0,#533600,0
847,25.0,22.0,-10.0,#552F4B,1
848,25.0,24.0,26.0,#632B15,1
849,25.0,26.0,-54.0,#12328F,1
850,25.0,32.0,-58.0,#1C2F95,1
851,25.0,38.0,-10.0,#691E4B,1
852,25.0,40.0,-50.0,#472489,1
853,25.0,40.0,-26.0,#621E63,1
854,25.0,40.0,42.0,#761600,0
855,25.0,42.0,-44.0,#54207F,1
856,25.0,42.0,-20.0,#68195A,1
857,25.0,48.0,42.0,#7F0000,0
858,25.0,50.0,-68.0,#371DA6,1
859,25.0,50.0,-20.0,#72045A,1
860,25.0,52.0,-14.0,#770052,0
861,25.0,56.0,-74.0,#3614B0,1
862,25.0,56.0,-26.0,#760064,0
863,25.0,58.0,-68.0,#4B09A6,1
864,25.0,58.0,-2.0,#820040,0
865,25.0,60.0,30.0,#8A0013,0
866,25.0,68.0,-38.0,#7D0076,0
867,25.0,74.0,-64.0,#6E00A0,0
868,25.0,74.0,-44.0,#810080,0
869,25.0,74.0,26.0,#98001A,0
870,25.0,76.0,-38.0,#870076,0
871,25.0,78.0,-32.0,#8D006D,0
872,25.0,82.0,-64.0,#7A00A0,0
873,25.0,86.0,-92.0,#5300CE,0
874,25.0,86.0,-72.0,#7600AD,0
875,25.0,90.0,-22.0,#9F005F,0
876,25.0,94.0,-92.0,#6500CE,0
877,25.0,94.0,-54.0,#920090,0
878,25.0,96.0,-112.0,#2500F1,0
879,25.0,100.0,-42.0,#A1007D,0
880,25.0,102.0,-114.0,#3700F4,0
881,25.0,104.0,-120.0,#1300FF,0
882,25.0,110.0,-122.0,#2E00FF,0
883,25.0,114.0,-70.0,#9F00AA,0
884,25.0,126.0,-108.0,#8300EA,0
885,26.0,-108.0,20.0,#00541B,0
886,26.0,-102.0,16.0,#005422,0
887,26.0,-100.0,22.0,#005318,0
888,26.0,-94.0,16.0,#005322,0
889,26.0,-92.0,22.0,#005218,0
890,26.0,-88.0,28.0,#00520B,0
891,26.0,-86.0,16.0,#005223,0
892,26.0,-84.0,22.0,#005118,0
893,26.0,-82.0,4.0,#005236,0
894,26.0,-80.0,10.0,#00512D,0
895,26.0,-78.0,16.0,#005123,0
896,26.0,-76.0,2.0,#005139,0
897,26.0,-74.0,8.0,#005130,0
898,26.0,-72.0,-4.0,#005142,0
899,26.0,-64.0,-4.0,#005042,0
900,26.0,-60.0,2.0,#004F39,0
901,26.0,-54.0,-28.0,#005067,0
902,26.0,-54.0,-20.0,#004F5B,0
903,26.0,-54.0,-2.0,#004E3F,0
904,26.0,-52.0,4.0,#004D36,0
905,26.0,-52.0,28.0,#004D0C,0
906,26.0,-50.0,42.0,#004C00,0
907,26.0,-48.0,-34.0,#004F71,0
908,26.0,-46.0,22.0,#004C19,0
909,26.0,-44.0,4.0,#004C36,0
910,26.0,-44.0,44.0,#004B00,0
911,26.0,-38.0,-2.0,#004B40,0
912,26.0,-38.0,30.0,#004A08,0
913,26.0,-36.0,-34.0,#004D71,0
914,26.0,-36.0,4.0,#004A37,0
915,26.0,-32.0,-6.0,#004946,0
916,26.0,-30.0,-36.0,#004B74,0
917,26.0,-30.0,0.0,#00493D,0
918,26.0,-28.0,14.0,#064727,1
919,26.0,-26.0,-24.0,#004962,0
920,26.0,-24.0,-40.0,#004A7B,0
921,26.0,-24.0,-18.0,#004858,0
922,26.0,-22.0,-34.0,#004971,0
923,26.0,-20.0,-28.0,#004868,0
924,26.0,-18.0,-44.0,#004981,0
925,26.0,-18.0,-22.0,#00465F,0
926,26.0,-16.0,-38.0,#004777,0
927,26.0,-14.0,-32.0,#00466E,0
928,26.0,-12.0,-48.0,#004787,0
929,26.0,-6.0,-30.0,#00436B,0
930,26.0,-2.0,-38.0,#004278,0
931,26.0,-2.0,-24.0,#154062,1
932,26.0,-2.0,44.0,#4A3D00,0
933,26.0,0.0,-62.0,#00459E,0
934,26.0,2.0,12.0,#473C2B,1
935,26.0,6.0,-66.0,#0043A5,0
936,26.0,6.0,-2.0,#453B41,1
937,26.0,8.0,-14.0,#3F3A53,1
938,26.0,8.0,32.0,#543809,1
939,26.0,10.0,-30.0,#2D3B6B,1
940,26.0,10.0,-8.0,#47394A,1
941,26.0,10.0,14.0,#523729,1
942,26.0,12.0,-68.0,#0040A8,0
943,26.0,12.0,8.0,#533732,1
944,26.0,14.0,-54.0,#003C91,0
945,26.0,14.0,-18.0,#453759,1
946,26.0,14.0,20.0,#593520,1
947,26.0,16.0,-4.0,#523544,1
948,26.0,18.0,-72.0,#003EAF,0
949,26.0,22.0,16.0,#622F26,1
950,26.0,24.0,-68.0,#0039A8,0
951,26.0,26.0,-62.0,#00369E,0
952,26.0,26.0,-22.0,#542F5F,1
953,26.0,30.0,-2.0,#652941,1
954,26.0,30.0,26.0,#6D2717,1
955,26.0,30.0,44.0,#6F2600,0
956,26.0,32.0,-64.0,#0032A2,0
957,26.0,36.0,-82.0,#0034C0,0
958,26.0,38.0,-68.0,#002EA8,0
959,26.0,42.0,28.0,#7A1615,1
960,26.0,44.0,-72.0,#0B29AF,1
961,26.0,44.0,-32.0,#651C6F,1
962,26.0,44.0,-4.0,#751545,1
963,26.0,46.0,-26.0,#6C1666,1
964,26.0,46.0,2.0,#790F3C,1
965,26.0,48.0,-60.0,#481F9B,1
966,26.0,50.0,-74.0,#2422B2,1
967,26.0,50.0,-36.0,#6A1075,1
968,26.0,50.0,-6.0,#7B0348,1
969,26.0,52.0,0.0,#7F003F,0
970,26.0,54.0,-84.0,#0021C3,0
971,26.0,60.0,-94.0,#001CD4,0
972,26.0,60.0,-20.0,#81005D,0
973,26.0,64.0,-74.0,#4E00B3,0
974,26.0,66.0,-68.0,#5D00A9,0
975,26.0,68.0,-92.0,#1201D1,1
976,26.0,70.0,-4.0,#920046,0
977,26.0,74.0,-102.0,#0000E2,0
978,26.0,74.0,-94.0,#2A00D4,0
979,26.0,74.0,-86.0,#4900C7,0
980,26.0,74.0,32.0,#9C0014,0
981,26.0,80.0,-88.0,#5200CA,0
982,26.0,80.0,-50.0,#87008C,0
983,26.0,84.0,-38.0,#940079,0
984,26.0,86.0,-106.0,#1B00E9,0
985,26.0,86.0,-98.0,#4600DB,0
986,26.0,86.0,-54.0,#8B0092,0
987,26.0,88.0,-48.0,#920089,0
988,26.0,90.0,-62.0,#8A009F,0
989,26.0,92.0,-100.0,#5000DF,0
990,26.0,92.0,-68.0,#8700A9,0
991,26.0,94.0,-86.0,#7300C7,0
992,26.0,98.0,-74.0,#8900B3,0
993,26.0,98.0,-66.0,#9100A6,0
994,26.0,104.0,-72.0,#9300B0,0
995,26.0,106.0,-78.0,#9000BA,0
996,26.0,106.0,-66.0,#9B00A6,0
997,26.0,108.0,-60.0,#A3009C,0
998,26.0,110.0,-108.0,#6700ED,0
999,26.0,116.0,-106.0,#7800E9,0
1000,26.0,122.0,-94.0,#9500D5,0
1001,27.0,-110.0,6.0,#005735,0
1002,27.0,-104.0,0.0,#00573E,0
1003,27.0,-102.0,6.0,#005635,0
1004,27.0,-98.0,-6.0,#005648,0
1005,27.0,-96.0,0.0,#00563E,0
1006,27.0,-92.0,-12.0,#005651,0
1007,27.0,-86.0,-16.0,#005657,0
1008,27.0,-78.0,-20.0,#00555D,0
1009,27.0,-72.0,-24.0,#005564,0
1010,27.0,-70.0,-18.0,#00545A,0
1011,27.0,-70.0,2.0,#00533B,0
1012,27.0,-66.0,-26.0,#005467,0
1013,27.0,-64.0,-20.0,#00535D,0
1014,27.0,-60.0,-30.0,#00536D,0
1015,27.0,-54.0,-34.0,#005373,0
1016,27.0,-38.0,-12.0,#004E51,0
1017,27.0,-26.0,6.0,#004936,0
1018,27.0,-20.0,24.0,#2B4719,1
1019,27.0,-18.0,30.0,#32460D,1
1020,27.0,-10.0,-20.0,#00465E,0
1021,27.0,-6.0,-60.0,#00499D,0
1022,27.0,-6.0,-44.0,#004784,0
1023,27.0,2.0,26.0,#4E3E17,1
1024,27.0,8.0,-60.0,#00439E,0
1025,27.0,10.0,2.0,#503A3D,1
1026,27.0,16.0,30.0,#603511,1
1027,27.0,18.0,6.0,#5C3537,1
1028,27.0,20.0,-52.0,#003B91,0
1029,27.0,24.0,4.0,#63303B,1
1030,27.0,28.0,32.0,#6E2B0E,1
1031,27.0,30.0,-80.0,#003ABF,0
1032,27.0,32.0,-12.0,#652A53,1
1033,27.0,34.0,-52.0,#3C3091,1
1034,27.0,34.0,-28.0,#5D2B6B,1
1035,27.0,36.0,-38.0,#562A7B,1
1036,27.0,36.0,36.0,#772207,1
1037,27.0,38.0,6.0,#742138,1
1038,27.0,38.0,14.0,#76202C,1
1039,27.0,42.0,34.0,#7E180D,1
1040,27.0,44.0,-66.0,#3229A8,1
1041,27.0,58.0,10.0,#8B0033,0
1042,27.0,60.0,-14.0,#860057,0
1043,27.0,60.0,24.0,#90001F,0
1044,27.0,60.0,46.0,#920000,0
1045,27.0,62.0,-30.0,#81006F,0
1046,27.0,62.0,-8.0,#8B004E,0
1047,27.0,66.0,20.0,#950026,0
1048,27.0,76.0,-14.0,#980057,0
1049,27.0,86.0,-2.0,#A70046,0
1050,27.0,92.0,-76.0,#8100B9,0
1051,27.0,96.0,-30.0,#A80070,0
1052,27.0,100.0,-96.0,#6F00DB,0
1053,27.0,100.0,-88.0,#7D00CD,0
1054,27.0,100.0,-80.0,#8800C0,0
1055,27.0,100.0,-50.0,#A3008F,0
1056,27.0,106.0,-86.0,#8A00CA,0
1057,27.0,106.0,-54.0,#A70096,0
1058,27.0,108.0,-92.0,#8400D4,0
1059,28.0,-112.0,28.0,#00590F,0
1060,28.0,-104.0,30.0,#00590A,0
1061,28.0,-98.0,32.0,#005804,0
1062,28.0,-90.0,10.0,#005831,0
1063,28.0,-78.0,32.0,#005605,0
1064,28.0,-72.0,30.0,#00550B,0
1065,28.0,-64.0,12.0,#00542E,0
1066,28.0,-60.0,18.0,#005324,0
1067,28.0,-60.0,26.0,#005315,0
1068,28.0,-48.0,-26.0,#005369,0
1069,28.0,-42.0,16.0,#005028,0
1070,28.0,-40.0,-26.0,#005269,0
1071,28.0,-40.0,-18.0,#00515D,0
1072,28.0,-40.0,38.0,#004F00,0
1073,28.0,-36.0,18.0,#004E25,0
1074,28.0,-28.0,34.0,#214C04,1
1075,28.0,-20.0,36.0,#324900,1
1076,28.0,-12.0,-58.0,#004D9D,0
1077,28.0,-12.0,-10.0,#1C4851,1
1078,28.0,-12.0,-2.0,#294745,1
1079,28.0,-12.0,36.0,#3F4601,1
1080,28.0,-6.0,0.0,#384542,1
1081,28.0,-4.0,-54.0,#004A96,0
1082,28.0,2.0,-12.0,#3B4254,1
1083,28.0,2.0,32.0,#52400D,1
1084,28.0,8.0,-54.0,#004497,0
1085,28.0,14.0,44.0,#623900,0
1086,28.0,20.0,-60.0,#003EA0,0
1087,28.0,20.0,46.0,#693400,0
1088,28.0,22.0,-46.0,#2E3A8A,1
1089,28.0,24.0,-78.0,#0040BE,0
1090,28.0,28.0,-42.0,#453583,1
1091,28.0,30.0,-36.0,#51327A,1
1092,28.0,32.0,10.0,#712B34,1
1093,28.0,34.0,-46.0,#4A318A,1
1094,28.0,36.0,46.0,#7B2400,0
1095,28.0,38.0,-62.0,#3031A4,1
1096,28.0,40.0,-56.0,#452D9A,1
1097,28.0,42.0,20.0,#7F1C26,1
1098,28.0,44.0,-14.0,#761D58,1
1099,28.0,48.0,-92.0,#0031D6,0
1100,28.0,48.0,-46.0,#631F8A,1
1101,28.0,48.0,8.0,#831038,1
1102,28.0,48.0,48.0,#880B00,0
1103,28.0,50.0,22.0,#880623,1
1104,28.0,54.0,-50.0,#681491,1
1105,28.0,60.0,-52.0,#6F0094,0
1106,28.0,62.0,-100.0,#0022E4,0
1107,28.0,62.0,-82.0,#3A14C6,1
1108,28.0,64.0,-46.0,#7A008B,0
1109,28.0,66.0,-54.0,#750097,0
1110,28.0,66.0,6.0,#96003C,0
1111,28.0,68.0,-26.0,#8D006B,0
1112,28.0,68.0,12.0,#990033,0
1113,28.0,70.0,-48.0,#81008E,0
1114,28.0,72.0,-34.0,#8D0078,0
1115,28.0,74.0,40.0,#A30009,0
1116,28.0,76.0,-108.0,#0000F2,0
1117,28.0,78.0,20.0,#A50029,0
1118,28.0,82.0,-44.0,#930088,0
1119,28.0,82.0,14.0,#A80032,0
1120,28.0,88.0,-112.0,#0000FA,0
1121,28.0,88.0,-10.0,#AA0054,0
1122,28.0,92.0,-106.0,#4400EF,0
1123,28.0,100.0,-58.0,#A0009E,0
1124,28.0,106.0,-46.0,#AF008B,0
1125,28.0,112.0,-76.0,#A100BC,0
1126,28.0,116.0,-98.0,#8C00E2,0
1127,28.0,118.0,-84.0,#A100CA,0
1128,28.0,122.0,-114.0,#7B00FD,0
1129,28.0,122.0,-104.0,#8D00EC,0
1130,29.0,-56.0,-12.0,#005756,0
1131,29.0,-50.0,-16.0,#00565C,0
1132,29.0,-44.0,-10.0,#005453,0
1133,29.0,-42.0,-42.0,#005685,0
1134,29.0,-36.0,-46.0,#00558C,0
1135,29.0,-32.0,-26.0,#00526C,0
1136,29.0,-32.0,-18.0,#00515F,0
1137,29.0,-30.0,-48.0,#00548F,0
1138,29.0,-30.0,-12.0,#005056,0
1139,29.0,-24.0,-52.0,#005396,0
1140,29.0,-20.0,6.0,#214C3B,1
1141,29.0,-18.0,-56.0,#00519C,0
1142,29.0,-8.0,-38.0,#004B7F,0
1143,29.0,10.0,-48.0,#00448F,0
1144,29.0,16.0,-44.0,#224089,1
1145,29.0,18.0,-38.0,#383E80,1
1146,29.0,28.0,-30.0,#573573,1
1147,29.0,34.0,20.0,#782A27,1
1148,29.0,36.0,-18.0,#6C2C61,1
1149,29.0,42.0,-88.0,#0037D2,0
1150,29.0,48.0,-54.0,#5B249A,1
1151,29.0,50.0,34.0,#8C0A12,1
1152,29.0,54.0,-94.0,#002DDD,0
1153,29.0,60.0,-60.0,#680CA4,1
1154,29.0,60.0,-40.0,#7D0084,0
1155,29.0,62.0,36.0,#990011,0
1156,29.0,66.0,48.0,#9E0000,0
1157,29.0,68.0,-102.0,#0019EB,0
1158,29.0,68.0,-60.0,#7500A4,0
1159,29.0,70.0,-82.0,#5400C8,0
1160,29.0,70.0,-74.0,#6400BB,0
1161,29.0,76.0,-56.0,#85009D,0
1162,29.0,76.0,-8.0,#A00053,0
1163,29.0,78.0,-70.0,#7800B4,0
1164,29.0,82.0,-110.0,#0000F9,0
1165,29.0,82.0,-58.0,#8B00A1,0
1166,29.0,82.0,-24.0,#A1006B,0
1167,29.0,82.0,26.0,#AD0023,0
1168,29.0,86.0,20.0,#B1002C,0
1169,29.0,88.0,-42.0,#9F0087,0
1170,29.0,88.0,-30.0,#A50075,0
1171,29.0,88.0,6.0,#B1003F,0
1172,29.0,92.0,-16.0,#AF0060,0
1173,29.0,94.0,-36.0,#A9007E,0
1174,29.0,98.0,-24.0,#B3006C,0
1175,29.0,100.0,-108.0,#5A00F6,0
1176,29.0,102.0,-102.0,#6E00EB,0
1177,29.0,102.0,-36.0,#B3007E,0
1178,29.0,118.0,-74.0,#AE00BC,0
1179,29.0,124.0,-86.0,#AB00D0,0
1180,30.0,-126.0,16.0,#00602B,0
1181,30.0,-122.0,10.0,#006035,0
1182,30.0,-118.0,2.0,#006042,0
1183,30.0,-118.0,16.0,#00602B,0
1184,30.0,-116.0,8.0,#006038,0
1185,30.0,-112.0,-2.0,#006048,0
1186,30.0,-112.0,14.0,#005F2E,0
1187,30.0,-106.0,-6.0,#005F4E,0
1188,30.0,-106.0,10.0,#005F35,0
1189,30.0,-88.0,-2.0,#005D48,0
1190,30.0,-82.0,-6.0,#005D4F,0
1191,30.0,-78.0,24.0,#005B1D,0
1192,30.0,-76.0,-10.0,#005C55,0
1193,30.0,-72.0,14.0,#005B2F,0
1194,30.0,-72.0,22.0,#005A21,0
1195,30.0,-68.0,-8.0,#005B52,0
1196,30.0,-62.0,-10.0,#005A55,0
1197,30.0,-56.0,32.0,#00570C,0
1198,30.0,-52.0,14.0,#00572F,0
1199,30.0,-52.0,22.0,#005722,0
1200,30.0,-50.0,-40.0,#005A85,0
1201,30.0,-50.0,-10.0,#005855,0
1202,30.0,-48.0,34.0,#005607,0
1203,30.0,-46.0,10.0,#005636,0
1204,30.0,-34.0,12.0,#005333,0
1205,30.0,-30.0,24.0,#1A511F,1
1206,30.0,-26.0,-30.0,#005375,0
1207,30.0,-18.0,18.0,#334D2A,1
1208,30.0,-6.0,34.0,#4C480C,1
1209,30.0,-4.0,-12.0,#334959,1
1210,30.0,-4.0,16.0,#4A482E,1
1211,30.0,0.0,20.0,#514627,1
1212,30.0,2.0,-54.0,#004B9C,0
1213,30.0,4.0,-48.0,#004A92,0
1214,30.0,4.0,-40.0,#004885,0
1215,30.0,4.0,4.0,#4F4441,1
1216,30.0,6.0,-26.0,#34466F,1
1217,30.0,6.0,10.0,#554337,1
1218,30.0,6.0,38.0,#5D4203,1
1219,30.0,6.0,46.0,#5E4200,0
1220,30.0,8.0,-20.0,#424466,1
1221,30.0,10.0,-42.0,#114688,1
1222,30.0,14.0,-60.0,#0046A6,0
1223,30.0,18.0,-32.0,#453F79,1
1224,30.0,20.0,40.0,#6E3901,1
1225,30.0,24.0,-36.0,#4B3C7F,1
1226,30.0,26.0,-14.0,#64375D,1
1227,30.0,26.0,-6.0,#693651,1
1228,30.0,26.0,50.0,#763400,0
1229,30.0,32.0,-70.0,#003CB7,0
1230,30.0,36.0,-4.0,#762C4E,1
1231,30.0,38.0,-74.0,#0038BD,0
1232,30.0,42.0,-82.0,#0037CB,0
1233,30.0,44.0,-40.0,#682986,1
1234,30.0,48.0,14.0,#8A1733,1
1235,30.0,50.0,-80.0,#142EC8,1
1236,30.0,56.0,-30.0,#810B76,1
1237,30.0,56.0,16.0,#930031,0
1238,30.0,56.0,32.0,#950019,0
1239,30.0,56.0,40.0,#96000A,0
1240,30.0,64.0,42.0,#9F0007,0
1241,30.0,66.0,-20.0,#930067,0
1242,30.0,68.0,26.0,#A20023,0
1243,30.0,68.0,34.0,#A20017,0
1244,30.0,74.0,-24.0,#9B006E,0
1245,30.0,74.0,14.0,#A60035,0
1246,30.0,76.0,-78.0,#6B00C5,0
1247,30.0,76.0,6.0,#A70041,0
1248,30.0,78.0,-98.0,#3C00E7,0
1249,30.0,78.0,-64.0,#8200AD,0
1250,30.0,82.0,4.0,#AD0044,0
1251,30.0,84.0,-68.0,#8700B4,0
1252,30.0,86.0,-18.0,#AB0065,0
1253,30.0,90.0,-94.0,#6900E0,0
1254,30.0,110.0,-98.0,#8800E7,0
1255,30.0,112.0,-64.0,#B100AE,0
1256,31.0,-112.0,38.0,#006100,0
1257,31.0,-104.0,38.0,#006000,0
1258,31.0,-96.0,38.0,#006000,0
1259,31.0,-90.0,42.0,#005F00,0
1260,31.0,-86.0,36.0,#005F01,0
1261,31.0,-82.0,42.0,#005E00,0
1262,31.0,-74.0,42.0,#005D00,0
1263,31.0,-70.0,36.0,#005C02,0
1264,31.0,-68.0,44.0,#005C00,0
1265,31.0,-66.0,30.0,#005C13,0
1266,31.0,-64.0,38.0,#005B00,0
1267,31.0,-62.0,6.0,#005C3E,0
1268,31.0,-60.0,44.0,#005B00,0
1269,31.0,-58.0,-4.0,#005C4E,0
1270,31.0,-56.0,2.0,#005B45,0
1271,31.0,-56.0,38.0,#005A00,0
1272,31.0,-54.0,8.0,#005A3B,0
1273,31.0,-50.0,-4.0,#005A4E,0
1274,31.0,-48.0,2.0,#005945,0
1275,31.0,-46.0,26.0,#00581D,0
1276,31.0,-42.0,-4.0,#00584E,0
1277,31.0,-40.0,2.0,#005745,0
1278,31.0,-38.0,26.0,#00561D,0
1279,31.0,-38.0,46.0,#105600,0
1280,31.0,-34.0,40.0,#1B5500,0
1281,31.0,-32.0,48.0,#255400,0
1282,31.0,-28.0,42.0,#2C5300,0
1283,31.0,-26.0,-2.0,#00534B,0
1284,31.0,-24.0,28.0,#2F521A,1
1285,31.0,-24.0,48.0,#355100,0
1286,31.0,-22.0,-12.0,#00535B,0
1287,31.0,-20.0,-6.0,#0A5252,1
1288,31.0,-20.0,42.0,#3B5000,0
1289,31.0,-18.0,0.0,#235148,1
1290,31.0,-16.0,-50.0,#005498,0
1291,31.0,-16.0,-16.0,#005161,0
1292,31.0,-16.0,48.0,#434E00,0
1293,31.0,-14.0,6.0,#344F3F,1
1294,31.0,-12.0,-44.0,#00528E,0
1295,31.0,-12.0,20.0,#414D29,1
1296,31.0,-12.0,28.0,#444D1B,1
1297,31.0,-10.0,44.0,#4B4C00,0
1298,31.0,-8.0,50.0,#4F4B00,0
1299,31.0,-6.0,-26.0,#064E71,1
1300,31.0,-6.0,-6.0,#384C52,1
1301,31.0,-4.0,-20.0,#274C68,1
1302,31.0,-4.0,40.0,#534900,0
1303,31.0,-2.0,-2.0,#444A4C,1
1304,31.0,0.0,-68.0,#0051B6,0
1305,31.0,0.0,-30.0,#194B78,1
1306,31.0,2.0,-2.0,#4B484C,1
1307,31.0,6.0,-72.0,#004FBD,0
1308,31.0,6.0,-34.0,#25497E,1
1309,31.0,6.0,16.0,#5A4530,1
1310,31.0,8.0,22.0,#5F4427,1
1311,31.0,10.0,52.0,#664200,0
1312,31.0,12.0,-74.0,#004CC0,0
1313,31.0,14.0,-10.0,#584259,1
1314,31.0,16.0,-26.0,#4C4272,1
1315,31.0,16.0,50.0,#6D3E00,0
1316,31.0,18.0,-78.0,#004AC7,0
1317,31.0,18.0,16.0,#6A3D31,1
1318,31.0,18.0,24.0,#6C3D24,1
1319,31.0,20.0,-20.0,#593F68,1
1320,31.0,20.0,-12.0,#5F3E5C,1
1321,31.0,22.0,30.0,#723A1A,1
1322,31.0,24.0,22.0,#733828,1
1323,31.0,28.0,-54.0,#333E9F,1
1324,31.0,34.0,-58.0,#3A3AA5,1
1325,31.0,34.0,2.0,#793047,1
1326,31.0,34.0,26.0,#7F2F22,1
1327,31.0,36.0,-88.0,#0040D8,0
1328,31.0,42.0,44.0,#8A2300,0
1329,31.0,42.0,52.0,#8B2300,0
1330,31.0,46.0,28.0,#8D1D20,1
1331,31.0,48.0,-20.0,#802069,1
1332,31.0,50.0,-28.0,#7E1F76,1
1333,31.0,50.0,-14.0,#861B60,1
1334,31.0,52.0,-68.0,#5029B6,1
1335,31.0,54.0,-62.0,#5F23AC,1
1336,31.0,54.0,-22.0,#86136C,1
1337,31.0,54.0,6.0,#920942,1
1338,31.0,54.0,46.0,#970200,0
1339,31.0,56.0,-100.0,#0031ED,0
1340,31.0,56.0,-76.0,#4626C4,1
1341,31.0,56.0,52.0,#9A0000,0
1342,31.0,58.0,-70.0,#591FBA,1
1343,31.0,60.0,4.0,#980045,0
1344,31.0,66.0,0.0,#9D004B,0
1345,31.0,74.0,-40.0,#950089,0
1346,31.0,76.0,48.0,#AF0000,0
1347,31.0,78.0,-34.0,#9D0080,0
1348,31.0,80.0,36.0,#B20018,0
1349,31.0,82.0,-82.0,#7300CE,0
1350,31.0,84.0,-92.0,#6400E0,0
1351,31.0,88.0,-84.0,#7B00D2,0
1352,31.0,88.0,12.0,#B8003B,0
1353,31.0,90.0,-52.0,#A1009D,0
1354,31.0,94.0,-4.0,#BB0053,0
1355,31.0,96.0,-92.0,#7C00E0,0
1356,31.0,96.0,-70.0,#9900BA,0
1357,31.0,98.0,-44.0,#B00090,0
1358,31.0,112.0,-104.0,#8500F5,0
1359,31.0,126.0,-98.0,#A600EB,0
1360,32.0,-112.0,-8.0,#006556,0
1361,32.0,-104.0,-12.0,#00655D,0
1362,32.0,-98.0,-16.0,#006563,0
1363,32.0,-96.0,-10.0,#006459,0
1364,32.0,-90.0,-20.0,#006469,0
1365,32.0,-82.0,-24.0,#006370,0
1366,32.0,-82.0,-16.0,#006363,0
1367,32.0,-78.0,4.0,#006143,0
1368,32.0,-76.0,-28.0,#006376,0
1369,32.0,-70.0,-30.0,#00627A,0
1370,32.0,-68.0,8.0,#005F3D,0
1371,32.0,-64.0,-34.0,#006180,0
1372,32.0,-58.0,-38.0,#006186,0
1373,32.0,-58.0,-22.0,#005F6D,0
1374,32.0,-50.0,-34.0,#005F80,0
1375,32.0,-44.0,-22.0,#005C6D,0
1376,32.0,-40.0,-32.0,#005C7D,0
1377,32.0,-34.0,-34.0,#005B80,0
1378,32.0,-32.0,0.0,#00584A,0
1379,32.0,-30.0,6.0,#005741,0
1380,32.0,-28.0,-38.0,#005987,0
1381,32.0,-24.0,12.0,#245538,1
1382,32.0,-24.0,20.0,#2C542B,1
1383,32.0,-22.0,-42.0,#00588D,0
1384,32.0,-22.0,-20.0,#00566A,0
1385,32.0,-20.0,-36.0,#005784,0
1386,32.0,-18.0,-30.0,#00557A,0
1387,32.0,-16.0,-24.0,#005470,0
1388,32.0,-14.0,-38.0,#005587,0
1389,32.0,-12.0,-32.0,#00537D,0
1390,32.0,-12.0,12.0,#3F5038,1
1391,32.0,-10.0,-64.0,#0057B2,0
1392,32.0,-6.0,6.0,#454E42,1
1393,32.0,-2.0,-60.0,#0053AB,0
1394,32.0,-2.0,-44.0,#005091,0
1395,32.0,-2.0,26.0,#554B21,1
1396,32.0,0.0,8.0,#504B3F,1
1397,32.0,6.0,-12.0,#4B495E,1
1398,32.0,10.0,8.0,#5F453F,1
1399,32.0,12.0,-16.0,#524664,1
1400,32.0,14.0,-2.0,#5F434F,1
1401,32.0,20.0,-6.0,#654055,1
1402,32.0,20.0,10.0,#6D3F3C,1
1403,32.0,22.0,0.0,#6B3E4C,1
1404,32.0,26.0,-68.0,#0045B9,0
1405,32.0,26.0,44.0,#7B3800,0
1406,32.0,28.0,-62.0,#0F42AF,1
1407,32.0,32.0,40.0,#823308,1
1408,32.0,34.0,-80.0,#0042CD,0
1409,32.0,40.0,-68.0,#3039B9,1
1410,32.0,40.0,-46.0,#603495,1
1411,32.0,40.0,-10.0,#7E2D5C,1
1412,32.0,42.0,-32.0,#722E7E,1
1413,32.0,42.0,-24.0,#782D72,1
1414,32.0,46.0,-72.0,#3734C0,1
1415,32.0,48.0,54.0,#951B00,0
1416,32.0,54.0,-40.0,#7C1D8B,1
1417,32.0,56.0,-84.0,#2B2CD4,1
1418,32.0,56.0,-10.0,#910C5C,1
1419,32.0,58.0,-4.0,#960053,0
1420,32.0,62.0,-88.0,#3224DB,1
1421,32.0,62.0,54.0,#A40000,0
1422,32.0,66.0,-38.0,#8E0088,0
1423,32.0,68.0,-90.0,#4118DF,1
1424,32.0,68.0,-68.0,#7300B9,0
1425,32.0,70.0,-108.0,#0022FE,0
1426,32.0,74.0,-92.0,#4D00E2,0
1427,32.0,74.0,54.0,#B00000,0
1428,32.0,76.0,-86.0,#6200D8,0
1429,32.0,76.0,28.0,#B10025,0
1430,32.0,80.0,-16.0,#AB0066,0
1431,32.0,84.0,-100.0,#5200F0,0
1432,32.0,84.0,-50.0,#9D009C,0
1433,32.0,90.0,-70.0,#9400BD,0
1434,32.0,90.0,-24.0,#B30073,0
1435,32.0,96.0,-112.0,#4D00FF,0
1436,32.0,96.0,-76.0,#9600C7,0
1437,32.0,100.0,-16.0,#C20067,0
1438,32.0,102.0,-66.0,#A800B7,0
1439,32.0,104.0,-82.0,#9B00D2,0
1440,32.0,104.0,-74.0,#A400C4,0
1441,32.0,104.0,-30.0,#C1007D,0
1442,32.0,108.0,-110.0,#7400FF,0
1443,32.0,108.0,-40.0,#C1008D,0
1444,32.0,110.0,-88.0,#9D00DC,0
1445,32.0,114.0,-58.0,#BE00AA,0
1446,32.0,122.0,-80.0,#B700CF,0
1447,33.0,-128.0,8.0,#00693F,0
1448,33.0,-128.0,24.0,#006823,0
1449,33.0,-128.0,32.0,#006811,0
1450,33.0,-122.0,34.0,#00680B,0
1451,33.0,-120.0,26.0,#00681F,0
1452,33.0,-116.0,32.0,#006711,0
1453,33.0,-112.0,22.0,#006727,0
1454,33.0,-108.0,28.0,#00671B,0
1455,33.0,-106.0,2.0,#006749,0
1456,33.0,-104.0,16.0,#006632,0
1457,33.0,-104.0,46.0,#006600,0
1458,33.0,-100.0,-2.0,#00674F,0
1459,33.0,-100.0,22.0,#006627,0
1460,33.0,-98.0,4.0,#006645,0
1461,33.0,-98.0,44.0,#006500,0
1462,33.0,-96.0,10.0,#00663C,0
1463,33.0,-92.0,16.0,#006532,0
1464,33.0,-92.0,24.0,#006523,0
1465,33.0,-92.0,32.0,#006512,0
1466,33.0,-90.0,48.0,#006400,0
1467,33.0,-88.0,6.0,#006542,0
1468,33.0,-86.0,-10.0,#00665C,0
1469,33.0,-84.0,12.0,#006439,0
1470,33.0,-84.0,20.0,#00642B,0
1471,33.0,-84.0,28.0,#00641C,0
1472,33.0,-82.0,48.0,#006300,0
1473,33.0,-76.0,-2.0,#00644F,0
1474,33.0,-74.0,-18.0,#006469,0
1475,33.0,-70.0,50.0,#006200,0
1476,33.0,-68.0,-22.0,#00646F,0
1477,33.0,-66.0,-16.0,#006366,0
1478,33.0,-64.0,-2.0,#00624F,0
1479,33.0,-64.0,22.0,#006128,0
1480,33.0,-58.0,50.0,#005F00,0
1481,33.0,-56.0,-28.0,#006279,0
1482,33.0,-52.0,44.0,#005E00,0
1483,33.0,-50.0,50.0,#005E00,0
1484,33.0,-46.0,40.0,#005D00,0
1485,33.0,-44.0,46.0,#005C00,0
1486,33.0,-42.0,52.0,#065C00,0
1487,33.0,-38.0,-10.0,#005C5C,0
1488,33.0,-34.0,32.0,#1C5A16,1
1489,33.0,-20.0,54.0,#435500,0
1490,33.0,-8.0,-56.0,#0057A7,0
1491,33.0,-6.0,-50.0,#00559D,0
1492,33.0,-2.0,52.0,#5C4D00,0
1493,33.0,2.0,-18.0,#3F4E6A,1
1494,33.0,4.0,54.0,#644A00,0
1495,33.0,6.0,-58.0,#0051AB,0
1496,33.0,6.0,28.0,#634921,1
1497,33.0,8.0,-2.0,#594951,1
1498,33.0,10.0,-66.0,#0050B8,0
1499,33.0,12.0,-32.0,#404A80,1
1500,33.0,14.0,-54.0,#004CA4,0
1501,33.0,16.0,34.0,#714316,1
1502,33.0,18.0,-64.0,#004BB5,0
1503,33.0,18.0,56.0,#764100,0
1504,33.0,20.0,-50.0,#2A489E,1
1505,33.0,26.0,-82.0,#004AD3,0
1506,33.0,26.0,56.0,#7F3B00,0
1507,33.0,28.0,-76.0,#0047C9,0
1508,33.0,28.0,-46.0,#4B4197,1
1509,33.0,28.0,12.0,#7A3A3C,1
1510,33.0,28.0,34.0,#7F3918,1
1511,33.0,30.0,-18.0,#6E3B6A,1
1512,33.0,32.0,54.0,#863500,0
1513,33.0,34.0,-50.0,#513D9E,1
1514,33.0,34.0,32.0,#86331C,1
1515,33.0,36.0,-28.0,#6F377A,1
1516,33.0,38.0,-38.0,#69378A,1
1517,33.0,38.0,16.0,#873036,1
1518,33.0,40.0,-52.0,#5A38A1,1
1519,33.0,40.0,6.0,#872E46,1
1520,33.0,40.0,30.0,#8C2C20,1
1521,33.0,40.0,38.0,#8D2C11,1
1522,33.0,42.0,-2.0,#862C52,1
1523,33.0,44.0,-62.0,#5036B2,1
1524,33.0,46.0,4.0,#8D2649,1
1525,33.0,48.0,-34.0,#7C2984,1
1526,33.0,48.0,-6.0,#8C2458,1
1527,33.0,48.0,40.0,#971F0F,1
1528,33.0,52.0,0.0,#931A4F,1
1529,33.0,56.0,-46.0,#7D1F98,1
1530,33.0,62.0,-78.0,#5721CD,1
1531,33.0,62.0,-26.0,#940078,0
1532,33.0,64.0,-6.0,#9F0059,0
1533,33.0,64.0,10.0,#A40041,0
1534,33.0,64.0,18.0,#A50035,0
1535,33.0,66.0,-14.0,#9E0065,0
1536,33.0,68.0,-30.0,#99007E,0
1537,33.0,70.0,44.0,#AF000C,0
1538,33.0,72.0,-16.0,#A50069,0
1539,33.0,74.0,34.0,#B2001E,0
1540,33.0,78.0,-104.0,#2D03FA,1
1541,33.0,82.0,-74.0,#8500C7,0
1542,33.0,84.0,-8.0,#B5005D,0
1543,33.0,86.0,-62.0,#9900B3,0
1544,33.0,88.0,-78.0,#8A00CD,0
1545,33.0,94.0,-100.0,#6F00F3,0
1546,33.0,94.0,-64.0,#A200B6,0
1547,33.0,94.0,2.0,#C3004F,0
1548,33.0,96.0,-58.0,#AA00AC,0
1549,33.0,96.0,-10.0,#C20061,0
1550,33.0,98.0,-52.0,#B100A2,0
1551,33.0,98.0,-32.0,#BC0082,0
1552,33.0,104.0,-92.0,#9100E6,0
1553,33.0,104.0,-60.0,#B300B0,0
1554,33.0,110.0,-72.0,#B100C4,0
1555,33.0,114.0,-82.0,#AD00D5,0
1556,33.0,118.0,-92.0,#A800E6,0
1557,33.0,120.0,-100.0,#A000F4,0
1558,34.0,-64.0,-28.0,#00667B,0
1559,34.0,-60.0,-16.0,#006468,0
1560,34.0,-58.0,14.0,#006338,0
1561,34.0,-42.0,-48.0,#00639C,0
1562,34.0,-40.0,10.0,#005E3F,0
1563,34.0,-40.0,18.0,#005E32,0
1564,34.0,-38.0,-20.0,#00606F,0
1565,34.0,-36.0,-50.0,#0062A0,0
1566,34.0,-30.0,-54.0,#0061A6,0
1567,34.0,-28.0,36.0,#315A0F,1
1568,34.0,-24.0,-58.0,#005FAD,0
1569,34.0,-22.0,34.0,#3C5814,1
1570,34.0,-18.0,-60.0,#005EB0,0
1571,34.0,-16.0,-10.0,#1D585F,1
1572,34.0,-14.0,36.0,#4B5510,1
1573,34.0,-10.0,-14.0,#295666,1
1574,34.0,-10.0,2.0,#3F544D,1
1575,34.0,-2.0,-38.0,#00548C,0
1576,34.0,0.0,-24.0,#335276,1
1577,34.0,0.0,-12.0,#455163,1
1578,34.0,0.0,2.0,#51504D,1
1579,34.0,10.0,58.0,#6F4900,0
1580,34.0,28.0,-26.0,#67407A,1
1581,34.0,28.0,4.0,#7A3D4B,1
1582,34.0,28.0,28.0,#813C25,1
1583,34.0,30.0,-88.0,#004BE1,0
1584,34.0,32.0,-36.0,#643E8A,1
1585,34.0,34.0,8.0,#833745,1
1586,34.0,34.0,48.0,#8A3500,0
1587,34.0,40.0,-18.0,#7F336D,1
1588,34.0,40.0,22.0,#8E2F2F,1
1589,34.0,42.0,-92.0,#0043E8,0
1590,34.0,42.0,58.0,#942B00,0
1591,34.0,48.0,-94.0,#003EEB,0
1592,34.0,50.0,-88.0,#003AE1,0
1593,34.0,50.0,-46.0,#762C9A,1
1594,34.0,52.0,22.0,#9C1A30,1
1595,34.0,54.0,-54.0,#7328A7,1
1596,34.0,56.0,-90.0,#0033E4,0
1597,34.0,56.0,58.0,#A40900,0
1598,34.0,58.0,10.0,#A00643,1
1599,34.0,60.0,-64.0,#7021B8,1
1600,34.0,60.0,-56.0,#7B1DAB,1
1601,34.0,60.0,24.0,#A5002E,0
1602,34.0,60.0,48.0,#A70001,0
1603,34.0,62.0,-50.0,#8414A1,1
1604,34.0,64.0,-44.0,#8D0697,1
1605,34.0,64.0,30.0,#AA0025,0
1606,34.0,68.0,-78.0,#6815D0,1
1607,34.0,68.0,-52.0,#8B00A4,0
1608,34.0,68.0,58.0,#B10000,0
1609,34.0,70.0,-46.0,#93009B,0
1610,34.0,70.0,-4.0,#AA0059,0
1611,34.0,70.0,4.0,#AC004D,0
1612,34.0,72.0,20.0,#B20035,0
1613,34.0,76.0,-52.0,#9700A5,0
1614,34.0,78.0,-46.0,#9E009B,0
1615,34.0,78.0,0.0,#B40053,0
1616,34.0,82.0,20.0,#BD0036,0
1617,34.0,84.0,-42.0,#A90094,0
1618,34.0,84.0,-30.0,#B00081,0
1619,34.0,86.0,-36.0,#AF008B,0
1620,34.0,88.0,-110.0,#4100FF,0
1621,34.0,90.0,-46.0,#AE009B,0
1622,34.0,92.0,-40.0,#B40091,0
1623,34.0,92.0,-30.0,#B90082,0
1624,34.0,92.0,8.0,#C50048,0
1625,34.0,94.0,-106.0,#6300FF,0
1626,34.0,94.0,-86.0,#8C00DE,0
1627,34.0,102.0,-24.0,#C80079,0
1628,34.0,112.0,-50.0,#C700A2,0
1629,35.0,-128.0,0.0,#006F50,0
1630,35.0,-120.0,-4.0,#006E57,0
1631,35.0,-118.0,20.0,#006D2F,0
1632,35.0,-112.0,6.0,#006D47,0
1633,35.0,-98.0,32.0,#006B17,0
1634,35.0,-98.0,50.0,#006B00,0
1635,35.0,-92.0,-14.0,#006C67,0
1636,35.0,-76.0,52.0,#006800,0
1637,35.0,-74.0,28.0,#006821,0
1638,35.0,-72.0,4.0,#00684A,0
1639,35.0,-64.0,12.0,#00663D,0
1640,35.0,-64.0,54.0,#006600,0
1641,35.0,-60.0,34.0,#006514,0
1642,35.0,-56.0,22.0,#00642D,0
1643,35.0,-54.0,-14.0,#006667,0
1644,35.0,-54.0,28.0,#006421,0
1645,35.0,-52.0,34.0,#006314,0
1646,35.0,-50.0,-44.0,#006798,0
1647,35.0,-50.0,-22.0,#006574,0
1648,35.0,-50.0,56.0,#006300,0
1649,35.0,-48.0,-16.0,#00646B,0
1650,35.0,-46.0,-10.0,#006361,0
1651,35.0,-46.0,14.0,#00623B,0
1652,35.0,-40.0,34.0,#076015,1
1653,35.0,-36.0,-44.0,#006498,0
1654,35.0,-36.0,54.0,#275F00,0
1655,35.0,-34.0,22.0,#165F2D,1
1656,35.0,-30.0,-26.0,#00607B,0
1657,35.0,-30.0,12.0,#165E3E,1
1658,35.0,-30.0,58.0,#365D00,0
1659,35.0,-28.0,-20.0,#005F71,0
1660,35.0,-28.0,-12.0,#005E65,0
1661,35.0,-10.0,-22.0,#145975,1
1662,35.0,-10.0,-6.0,#39575C,1
1663,35.0,-8.0,60.0,#5B5400,0
1664,35.0,0.0,34.0,#615119,1
1665,35.0,14.0,-44.0,#2F4F99,1
1666,35.0,16.0,44.0,#784701,1
1667,35.0,20.0,-38.0,#4D4A8F,1
1668,35.0,26.0,-10.0,#734263,1
1669,35.0,34.0,-8.0,#7F3B60,1
1670,35.0,36.0,-64.0,#3B43BB,1
1671,35.0,60.0,-104.0,#0037FF,0
1672,35.0,60.0,-16.0,#9C0E6D,1
1673,35.0,60.0,36.0,#AA001D,0
1674,35.0,62.0,-98.0,#0031F5,0
1675,35.0,66.0,-84.0,#5922DD,1
1676,35.0,68.0,-100.0,#1328F9,1
1677,35.0,74.0,-72.0,#8000C9,0
1678,35.0,74.0,-64.0,#8B00BB,0
1679,35.0,76.0,-58.0,#9400B1,0
1680,35.0,76.0,42.0,#BC0015,0
1681,35.0,78.0,14.0,#BA0040,0
1682,35.0,80.0,-68.0,#8F00C2,0
1683,35.0,82.0,46.0,#C2000F,0
1684,35.0,84.0,-56.0,#A100AE,0
1685,35.0,86.0,26.0,#C5002F,0
1686,35.0,88.0,18.0,#C6003B,0
1687,35.0,106.0,-54.0,#C000AB,0
1688,35.0,112.0,-94.0,#A200EF,0
1689,35.0,120.0,-68.0,#C800C3,0
1690,36.0,-128.0,40.0,#007000,0
1691,36.0,-122.0,44.0,#007000,0
1692,36.0,-116.0,38.0,#006F07,0
1693,36.0,-116.0,46.0,#006F00,0
1694,36.0,-110.0,44.0,#006F00,0
1695,36.0,-108.0,38.0,#006F07,0
1696,36.0,-106.0,8.0,#006F46,0
1697,36.0,-104.0,32.0,#006E19,0
1698,36.0,-100.0,38.0,#006E07,0
1699,36.0,-92.0,2.0,#006E50,0
1700,36.0,-92.0,38.0,#006D08,0
1701,36.0,-86.0,44.0,#006C00,0
1702,36.0,-84.0,2.0,#006D50,0
1703,36.0,-82.0,54.0,#006B00,0
1704,36.0,-80.0,32.0,#006B1A,0
1705,36.0,-76.0,20.0,#006B32,0
1706,36.0,-76.0,38.0,#006B09,0
1707,36.0,-72.0,-12.0,#006C67,0
1708,36.0,-72.0,58.0,#006A00,0
1709,36.0,-70.0,-6.0,#006B5D,0
1710,36.0,-60.0,2.0,#006950,0
1711,36.0,-58.0,8.0,#006846,0
1712,36.0,-52.0,2.0,#006750,0
1713,36.0,-50.0,8.0,#006647,0
1714,36.0,-42.0,26.0,#006328,0
1715,36.0,-38.0,40.0,#1D6206,1
1716,36.0,-38.0,60.0,#266200,0
1717,36.0,-30.0,28.0,#2D6025,1
1718,36.0,-28.0,-48.0,#0064A2,0
1719,36.0,-28.0,52.0,#3B5F00,0
1720,36.0,-24.0,2.0,#1F5F51,1
1721,36.0,-24.0,58.0,#445D00,0
1722,36.0,-22.0,-52.0,#0063A8,0
1723,36.0,-20.0,8.0,#345D47,1
1724,36.0,-18.0,-46.0,#00619F,0
1725,36.0,-18.0,14.0,#3E5C3E,1
1726,36.0,-18.0,22.0,#435C30,1
1727,36.0,-16.0,-54.0,#0061AC,0
1728,36.0,-16.0,44.0,#4F5A00,0
1729,36.0,-16.0,60.0,#515A00,0
1730,36.0,-12.0,-48.0,#005FA2,0
1731,36.0,-12.0,50.0,#565900,0
1732,36.0,-8.0,24.0,#55572D,1
1733,36.0,-8.0,32.0,#58571F,1
1734,36.0,-6.0,-68.0,#005FC4,0
1735,36.0,-6.0,16.0,#55573B,1
1736,36.0,-2.0,20.0,#5D5534,1
1737,36.0,-2.0,60.0,#655400,0
1738,36.0,0.0,-54.0,#005AAC,0
1739,36.0,0.0,44.0,#665300,1
1740,36.0,2.0,-64.0,#005BBD,0
1741,36.0,2.0,-48.0,#0058A2,0
1742,36.0,2.0,16.0,#61533B,1
1743,36.0,4.0,10.0,#615245,1
1744,36.0,4.0,22.0,#665131,1
1745,36.0,6.0,40.0,#6D500E,1
1746,36.0,8.0,-52.0,#0056A9,0
1747,36.0,8.0,-44.0,#16559C,1
1748,36.0,8.0,46.0,#714F00,0
1749,36.0,10.0,-38.0,#365392,1
1750,36.0,10.0,-24.0,#4F517B,1
1751,36.0,10.0,34.0,#714E1C,1
1752,36.0,14.0,-70.0,#0056C7,0
1753,36.0,14.0,16.0,#724C3C,1
1754,36.0,14.0,28.0,#754B28,1
1755,36.0,20.0,-74.0,#0053CE,0
1756,36.0,20.0,-58.0,#0550B3,1
1757,36.0,22.0,-44.0,#494C9C,1
1758,36.0,22.0,-30.0,#5E4A85,1
1759,36.0,22.0,40.0,#814511,1
1760,36.0,22.0,48.0,#824500,0
1761,36.0,26.0,-38.0,#5C4892,1
1762,36.0,32.0,-42.0,#614499,1
1763,36.0,32.0,20.0,#8A3D36,1
1764,36.0,34.0,60.0,#913A00,0
1765,36.0,36.0,-74.0,#0048CE,0
1766,36.0,38.0,-84.0,#0049E0,0
1767,36.0,42.0,-78.0,#1243D5,1
1768,36.0,44.0,12.0,#963044,1
1769,36.0,48.0,-82.0,#213FDC,1
1770,36.0,48.0,34.0,#9F2821,1
1771,36.0,50.0,-76.0,#463AD2,1
1772,36.0,50.0,8.0,#9C274A,1
1773,36.0,54.0,30.0,#A51C28,1
1774,36.0,58.0,-34.0,#92208C,1
1775,36.0,58.0,42.0,#AB0D13,1
1776,36.0,62.0,-72.0,#6D27CB,1
1777,36.0,66.0,24.0,#B20033,0
1778,36.0,68.0,-60.0,#890DB7,1
1779,36.0,68.0,-24.0,#A5007D,0
1780,36.0,70.0,14.0,#B40042,0
1781,36.0,72.0,-10.0,#B00067,0
1782,36.0,74.0,-80.0,#7704D9,1
1783,36.0,74.0,-22.0,#AD007A,0
1784,36.0,78.0,62.0,#C20000,0
1785,36.0,82.0,-88.0,#7800E7,0
1786,36.0,82.0,-22.0,#B7007A,0
1787,36.0,84.0,6.0,#C3004F,0
1788,36.0,84.0,40.0,#C7001C,0
1789,36.0,90.0,32.0,#CD0029,0
1790,36.0,102.0,-102.0,#8600FF,0
1791,36.0,102.0,-36.0,#C90091,0
1792,36.0,106.0,-46.0,#C800A1,0
1793,36.0,108.0,-100.0,#9500FD,0
1794,36.0,110.0,-34.0,#D3008E,0
1795,36.0,118.0,-74.0,#C400D0,0
1796,36.0,124.0,-86.0,#C100E4,0
1797,37.0,-120.0,8.0,#007348,0
1798,37.0,-112.0,-12.0,#007469,0
1799,37.0,-112.0,-4.0,#00735C,0
1800,37.0,-112.0,12.0,#007341,0
1801,37.0,-106.0,-16.0,#00736F,0
1802,37.0,-98.0,-20.0,#007376,0
1803,37.0,-90.0,-24.0,#00727C,0
1804,37.0,-84.0,-28.0,#007183,0
1805,37.0,-80.0,-8.0,#006F62,0
1806,37.0,-76.0,-32.0,#00708A,0
1807,37.0,-76.0,14.0,#006E3E,0
1808,37.0,-70.0,-34.0,#00708D,0
1809,37.0,-70.0,20.0,#006D34,0
1810,37.0,-70.0,44.0,#006C00,0
1811,37.0,-68.0,34.0,#006C19,0
1812,37.0,-64.0,-38.0,#006F94,0
1813,37.0,-64.0,40.0,#006B06,0
1814,37.0,-60.0,-10.0,#006C66,0
1815,37.0,-60.0,62.0,#006A00,0
1816,37.0,-58.0,-42.0,#006E9A,0
1817,37.0,-56.0,-4.0,#006B5C,0
1818,37.0,-50.0,-38.0,#006C94,0
1819,37.0,-50.0,-30.0,#006B86,0
1820,37.0,-48.0,62.0,#006700,0
1821,37.0,-44.0,-42.0,#006B9A,0
1822,37.0,-44.0,-34.0,#006A8D,0
1823,37.0,-44.0,-2.0,#006859,0
1824,37.0,-42.0,-28.0,#006983,0
1825,37.0,-40.0,4.0,#006650,0
1826,37.0,-38.0,-38.0,#006994,0
1827,37.0,-36.0,48.0,#2A6400,0
1828,37.0,-30.0,-34.0,#00668D,0
1829,37.0,-30.0,44.0,#376200,0
1830,37.0,-28.0,-4.0,#00635D,0
1831,37.0,-28.0,20.0,#2E6236,1
1832,37.0,-24.0,-38.0,#006494,0
1833,37.0,-24.0,-30.0,#006387,0
1834,37.0,-24.0,26.0,#3C602B,1
1835,37.0,-24.0,42.0,#436005,1
1836,37.0,-22.0,-6.0,#156160,1
1837,37.0,-20.0,-24.0,#00627D,0
1838,37.0,-20.0,-16.0,#006170,0
1839,37.0,-18.0,-40.0,#006297,0
1840,37.0,-16.0,-2.0,#345E5A,1
1841,37.0,-16.0,28.0,#4C5D28,1
1842,37.0,-12.0,-42.0,#00609B,0
1843,37.0,-8.0,-28.0,#065D84,1
1844,37.0,-6.0,40.0,#5F580F,1
1845,37.0,-4.0,-14.0,#415A6D,1
1846,37.0,-4.0,-6.0,#4A5960,1
1847,37.0,-2.0,-32.0,#1D5B8A,1
1848,37.0,2.0,-72.0,#005FCD,0
1849,37.0,2.0,-4.0,#57565D,1
1850,37.0,4.0,-34.0,#30588E,1
1851,37.0,4.0,-14.0,#52566D,1
1852,37.0,4.0,2.0,#5F5554,1
1853,37.0,4.0,62.0,#705300,0
1854,37.0,6.0,-8.0,#5B5464,1
1855,37.0,8.0,-74.0,#005CD1,0
1856,37.0,12.0,-10.0,#635167,1
1857,37.0,14.0,-78.0,#005AD8,0
1858,37.0,14.0,4.0,#6F4F51,1
1859,37.0,16.0,-20.0,#614F77,1
1860,37.0,16.0,62.0,#7F4C00,0
1861,37.0,18.0,-14.0,#6A4E6E,1
1862,37.0,20.0,-80.0,#0057DB,0
1863,37.0,20.0,16.0,#7C4A3E,1
1864,37.0,20.0,30.0,#804927,1
1865,37.0,22.0,22.0,#814835,1
1866,37.0,22.0,60.0,#864700,0
1867,37.0,24.0,-22.0,#6C4A7B,1
1868,37.0,28.0,50.0,#8C4200,0
1869,37.0,30.0,-56.0,#464BB3,1
1870,37.0,36.0,-58.0,#5146B6,1
1871,37.0,40.0,48.0,#9A3602,1
1872,37.0,46.0,-56.0,#6A3CB3,1
1873,37.0,46.0,-40.0,#7E3898,1
1874,37.0,46.0,20.0,#9D2F3A,1
1875,37.0,48.0,58.0,#A42A00,0
1876,37.0,50.0,-20.0,#932E78,1
1877,37.0,52.0,-14.0,#992A6F,1
1878,37.0,52.0,16.0,#A32540,1
1879,37.0,52.0,48.0,#A82305,1
1880,37.0,54.0,-68.0,#6635C7,1
1881,37.0,56.0,-98.0,#003EFB,0
1882,37.0,56.0,-22.0,#9A247C,1
1883,37.0,60.0,-40.0,#932199,1
1884,37.0,64.0,42.0,#B50017,0
1885,37.0,66.0,48.0,#B8000A,0
1886,37.0,68.0,-72.0,#7B1CCE,1
1887,37.0,70.0,30.0,#BA002C,0
1888,37.0,70.0,38.0,#BB001F,0
1889,37.0,72.0,-88.0,#651CEA,1
1890,37.0,74.0,-36.0,#A90093,0
1891,37.0,76.0,-30.0,#AF0089,0
1892,37.0,76.0,24.0,#C00036,0
1893,37.0,80.0,52.0,#C70006,0
1894,37.0,84.0,34.0,#CA0027,0
1895,37.0,88.0,-16.0,#C40073,0
1896,37.0,90.0,-2.0,#CA005E,0
1897,37.0,92.0,-94.0,#8400F5,0
1898,37.0,94.0,-80.0,#9D00DC,0
1899,37.0,94.0,-22.0,#C8007D,0
1900,37.0,96.0,-16.0,#CD0074,0
1901,37.0,96.0,12.0,#D40049,0
1902,37.0,98.0,-90.0,#9600EE,0
1903,37.0,98.0,-2.0,#D4005E,0
1904,37.0,104.0,-16.0,#D60074,0
1905,37.0,106.0,-78.0,#B200D9,0
1906,37.0,106.0,-66.0,#BD00C5,0
1907,37.0,112.0,-64.0,#C700C2,0
1908,37.0,112.0,-42.0,#D5009D,0
1909,38.0,-14.0,-66.0,#0067C6,0
1910,38.0,-10.0,-60.0,#0064BC,0
1911,38.0,14.0,-58.0,#0058B8,0
1912,38.0,18.0,-2.0,#744F5D,1
1913,38.0,22.0,4.0,#7D4C54,1
1914,38.0,24.0,-52.0,#4251AF,1
1915,38.0,24.0,10.0,#824A4A,1
1916,38.0,26.0,-64.0,#1752C3,1
1917,38.0,30.0,-72.0,#0050D1,0
1918,38.0,32.0,-80.0,#0051DE,0
1919,38.0,34.0,-20.0,#80447A,1
1920,38.0,34.0,-2.0,#8A425E,1
1921,38.0,34.0,28.0,#93402E,1
1922,38.0,36.0,-14.0,#864171,1
1923,38.0,38.0,-32.0,#7C428E,1
1924,38.0,40.0,-48.0,#6D43A8,1
1925,38.0,40.0,-26.0,#843F84,1
1926,38.0,44.0,-70.0,#4C44CD,1
1927,38.0,44.0,-14.0,#913871,1
1928,38.0,46.0,-50.0,#763DAC,1
1929,38.0,46.0,-30.0,#89388B,1
1930,38.0,46.0,52.0,#A53000,0
1931,38.0,48.0,-64.0,#643EC3,1
1932,38.0,48.0,28.0,#A42E2F,1
1933,38.0,52.0,-32.0,#91318E,1
1934,38.0,52.0,64.0,#AC2600,0
1935,38.0,56.0,-74.0,#6237D4,1
1936,38.0,56.0,-60.0,#7A32BD,1
1937,38.0,56.0,-6.0,#A42465,1
1938,38.0,58.0,0.0,#A91E5C,1
1939,38.0,58.0,16.0,#AD1B43,1
1940,38.0,60.0,-84.0,#5335E6,1
1941,38.0,62.0,-22.0,#A4187E,1
1942,38.0,62.0,6.0,#AF0E52,1
1943,38.0,64.0,-2.0,#AF055F,1
1944,38.0,66.0,64.0,#BC0000,0
1945,38.0,68.0,-66.0,#871CC7,1
1946,38.0,72.0,-96.0,#5225FB,1
1947,38.0,76.0,-16.0,#B80075,0
1948,38.0,78.0,36.0,#C70025,0
1949,38.0,80.0,-96.0,#6907FB,1
1950,38.0,86.0,-98.0,#7200FF,0
1951,38.0,92.0,-58.0,#B400BA,0
1952,38.0,92.0,-8.0,#CE0069,0
1953,38.0,94.0,-52.0,#BB00B0,0
1954,38.0,98.0,-46.0,#C400A6,0
1955,38.0,100.0,-70.0,#B400CE,0
1956,38.0,100.0,-58.0,#BF00BA,0
1957,38.0,100.0,-8.0,#D7006A,0
1958,38.0,118.0,-60.0,#D500BE,0
1959,39.0,-128.0,6.0,#007A50,0
1960,39.0,-128.0,14.0,#007A42,0
1961,39.0,-128.0,22.0,#007934,0
1962,39.0,-128.0,30.0,#007924,0
1963,39.0,-128.0,46.0,#007900,0
1964,39.0,-122.0,50.0,#007800,0
1965,39.0,-120.0,14.0,#007942,0
1966,39.0,-120.0,30.0,#007925,0
1967,39.0,-112.0,18.0,#00783B,0
1968,39.0,-112.0,26.0,#00782D,0
1969,39.0,-112.0,34.0,#00781C,0
1970,39.0,-106.0,-4.0,#007860,0
1971,39.0,-106.0,48.0,#007700,0
1972,39.0,-104.0,2.0,#007857,0
1973,39.0,-104.0,18.0,#00773C,0
1974,39.0,-104.0,26.0,#00772D,0
1975,39.0,-102.0,-10.0,#00786A,0
1976,39.0,-98.0,-4.0,#007761,0
1977,39.0,-96.0,18.0,#00763C,0
1978,39.0,-96.0,26.0,#00762D,0
1979,39.0,-92.0,-6.0,#007764,0
1980,39.0,-88.0,8.0,#00754D,0
1981,39.0,-88.0,16.0,#00753F,0
1982,39.0,-88.0,24.0,#007531,0
1983,39.0,-88.0,32.0,#007521,0
1984,39.0,-88.0,54.0,#007400,0
1985,39.0,-86.0,-8.0,#007667,0
1986,39.0,-84.0,38.0,#007412,0
1987,39.0,-80.0,-22.0,#00767E,0
1988,39.0,-80.0,-14.0,#007571,0
1989,39.0,-80.0,26.0,#00742E,0
1990,39.0,-74.0,-26.0,#007585,0
1991,39.0,-72.0,-20.0,#00747B,0
1992,39.0,-70.0,52.0,#007100,0
1993,39.0,-66.0,-24.0,#007382,0
1994,39.0,-66.0,4.0,#007254,0
1995,39.0,-64.0,26.0,#00712E,0
1996,39.0,-64.0,48.0,#007000,0
1997,39.0,-62.0,-32.0,#00738F,0
1998,39.0,-60.0,-26.0,#007285,0
1999,39.0,-58.0,46.0,#006F00,0
2000,39.0,-58.0,54.0,#006F00,0
2001,39.0,-56.0,-36.0,#007296,0
2002,39.0,-56.0,-20.0,#00717B,0
2003,39.0,-54.0,40.0,#006E0E,0
2004,39.0,-52.0,14.0,#006E43,0
2005,39.0,-52.0,48.0,#006D00,0
2006,39.0,-48.0,42.0,#006C08,0
2007,39.0,-46.0,50.0,#066C00,0
2008,39.0,-42.0,-52.0,#0070B0,0
2009,39.0,-42.0,-22.0,#006D7F,0
2010,39.0,-40.0,-16.0,#006C75,0
2011,39.0,-40.0,14.0,#006B44,0
2012,39.0,-36.0,-56.0,#006FB7,0
2013,39.0,-36.0,-24.0,#006C82,0
2014,39.0,-36.0,-4.0,#006A61,0
2015,39.0,-34.0,-18.0,#006B78,0
2016,39.0,-34.0,2.0,#006A58,0
2017,39.0,-30.0,-58.0,#006EBB,0
2018,39.0,-24.0,-62.0,#006CC2,0
2019,39.0,-20.0,48.0,#506300,0
2020,39.0,-18.0,-34.0,#006793,0
2021,39.0,-18.0,54.0,#556200,0
2022,39.0,-14.0,6.0,#466252,1
2023,39.0,-12.0,12.0,#4F6148,1
2024,39.0,-12.0,20.0,#54613B,1
2025,39.0,-6.0,-40.0,#00629D,0
2026,39.0,-6.0,10.0,#585E4B,1
2027,39.0,-6.0,46.0,#665D01,1
2028,39.0,-4.0,0.0,#555E5C,1
2029,39.0,-4.0,52.0,#6A5C00,0
2030,39.0,-2.0,6.0,#5D5C52,1
2031,39.0,2.0,50.0,#725900,0
2032,39.0,4.0,56.0,#755800,0
2033,39.0,6.0,-26.0,#4B5B86,1
2034,39.0,6.0,16.0,#6E5842,1
2035,39.0,10.0,8.0,#70564F,1
2036,39.0,18.0,52.0,#864F00,0
2037,39.0,24.0,-88.0,#005AEF,0
2038,39.0,26.0,16.0,#894A43,1
2039,39.0,26.0,36.0,#8E4921,1
2040,39.0,28.0,0.0,#86495D,1
2041,39.0,28.0,42.0,#914715,1
2042,39.0,30.0,-92.0,#0058F6,0
2043,39.0,30.0,56.0,#954500,0
2044,39.0,32.0,-32.0,#754A90,1
2045,39.0,32.0,12.0,#90454A,1
2046,39.0,32.0,34.0,#954425,1
2047,39.0,34.0,-48.0,#654BAB,1
2048,39.0,34.0,-26.0,#7E4787,1
2049,39.0,34.0,40.0,#98421A,1
2050,39.0,36.0,-94.0,#0054FA,0
2051,39.0,36.0,54.0,#9C3F00,0
2052,39.0,38.0,8.0,#963F51,1
2053,39.0,40.0,-6.0,#933F67,1
2054,39.0,40.0,36.0,#9F3B23,1
2055,39.0,40.0,66.0,#A23B00,0
2056,39.0,42.0,-98.0,#0050FF,0
2057,39.0,42.0,0.0,#983C5D,1
2058,39.0,42.0,42.0,#A23917,1
2059,39.0,44.0,6.0,#9D3954,1
2060,39.0,48.0,-102.0,#004CFF,0
2061,39.0,48.0,-4.0,#9E3464,1
2062,39.0,50.0,2.0,#A3315A,1
2063,39.0,54.0,36.0,#AF2624,1
2064,39.0,58.0,64.0,#B61B00,0
2065,39.0,68.0,-38.0,#A50D9B,1
2066,39.0,72.0,62.0,#C60000,0
2067,39.0,78.0,-4.0,#C20065,0
2068,39.0,78.0,4.0,#C50059,0
2069,39.0,80.0,-102.0,#5B16FF,0
2070,39.0,80.0,-82.0,#8800E5,0
2071,39.0,80.0,-40.0,#B4009F,0
2072,39.0,82.0,-34.0,#BA0095,0
2073,39.0,84.0,-48.0,#B400AC,0
2074,39.0,84.0,-10.0,#C7006F,0
2075,39.0,88.0,-42.0,#BD00A2,0
2076,39.0,88.0,12.0,#D2004D,0
2077,39.0,90.0,-70.0,#A900D1,0
2078,39.0,90.0,-36.0,#C30098,0
2079,39.0,96.0,-38.0,#CA009C,0
2080,39.0,96.0,6.0,#DA0057,0
2081,39.0,102.0,-84.0,#AB00E9,0
2082,39.0,108.0,-28.0,#DD008C,0
2083,39.0,110.0,-88.0,#B300F0,0
2084,39.0,116.0,-52.0,#DB00B3,0
2085,40.0,-98.0,4.0,#007A56,0
2086,40.0,-96.0,-12.0,#007A70,0
2087,40.0,-96.0,10.0,#00794C,0
2088,40.0,-96.0,46.0,#007800,0
2089,40.0,-92.0,-18.0,#007A7A,0
2090,40.0,-82.0,8.0,#00774F,0
2091,40.0,-82.0,48.0,#007600,0
2092,40.0,-78.0,0.0,#00775D,0
2093,40.0,-76.0,6.0,#007653,0
2094,40.0,-64.0,-18.0,#00757A,0
2095,40.0,-64.0,-2.0,#007460,0
2096,40.0,-60.0,20.0,#00723B,0
2097,40.0,-58.0,26.0,#007231,0
2098,40.0,-56.0,32.0,#007125,0
2099,40.0,-52.0,-8.0,#00726A,0
2100,40.0,-52.0,20.0,#00703C,0
2101,40.0,-50.0,-48.0,#0075AC,0
2102,40.0,-50.0,26.0,#007031,0
2103,40.0,-48.0,32.0,#006F25,0
2104,40.0,-46.0,18.0,#006F3F,0
2105,40.0,-38.0,-10.0,#006E6E,0
2106,40.0,-38.0,20.0,#0D6D3C,1
2107,40.0,-36.0,-48.0,#0071AD,0
2108,40.0,-36.0,26.0,#236C31,1
2109,40.0,-36.0,34.0,#2B6C22,1
2110,40.0,-34.0,10.0,#096C4D,1
2111,40.0,-32.0,-12.0,#006C71,0
2112,40.0,-32.0,16.0,#246B43,1
2113,40.0,-28.0,8.0,#266A50,1
2114,40.0,-26.0,-16.0,#006A78,0
2115,40.0,-26.0,14.0,#356947,1
2116,40.0,-26.0,36.0,#44681E,1
2117,40.0,-20.0,34.0,#4F6623,1
2118,40.0,-16.0,-28.0,#00688B,0
2119,40.0,-14.0,-22.0,#0C6682,1
2120,40.0,-14.0,38.0,#5A631B,1
2121,40.0,-12.0,-16.0,#2E6578,1
2122,40.0,-10.0,-2.0,#496361,1
2123,40.0,-8.0,4.0,#536258,1
2124,40.0,-4.0,-48.0,#0065AD,0
2125,40.0,-2.0,-26.0,#386188,1
2126,40.0,-2.0,12.0,#635F4B,1
2127,40.0,0.0,-20.0,#49607F,1
2128,40.0,0.0,-12.0,#535F72,1
2129,40.0,4.0,34.0,#745B25,1
2130,40.0,8.0,-64.0,#0061C8,0
2131,40.0,10.0,0.0,#6E595F,1
2132,40.0,10.0,52.0,#7F5700,0
2133,40.0,10.0,60.0,#805700,0
2134,40.0,16.0,-38.0,#51599C,1
2135,40.0,16.0,38.0,#85531E,1
2136,40.0,18.0,-50.0,#3B59B1,1
2137,40.0,20.0,-68.0,#005BCF,0
2138,40.0,24.0,-6.0,#805069,1
2139,40.0,26.0,-78.0,#0059E1,0
2140,40.0,28.0,-26.0,#774F89,1
2141,40.0,28.0,-18.0,#7D4E7C,1
2142,40.0,30.0,-12.0,#854B72,1
2143,40.0,30.0,64.0,#994800,0
2144,40.0,38.0,-40.0,#7948A0,1
2145,40.0,40.0,18.0,#9E3F43,1
2146,40.0,40.0,26.0,#A03E36,1
2147,40.0,42.0,-20.0,#904180,1
2148,40.0,42.0,60.0,#A73B00,0
2149,40.0,44.0,-88.0,#004EF2,0
2150,40.0,50.0,-92.0,#0049FA,0
2151,40.0,52.0,-42.0,#8E38A4,1
2152,40.0,54.0,58.0,#B42800,0
2153,40.0,56.0,-90.0,#3442F6,1
2154,40.0,56.0,-50.0,#8C35B1,1
2155,40.0,58.0,24.0,#B5213B,1
2156,40.0,60.0,54.0,#BB1900,0
2157,40.0,62.0,-54.0,#912BB8,1
2158,40.0,64.0,-48.0,#9A25AE,1
2159,40.0,64.0,-10.0,#B21670,1
2160,40.0,64.0,14.0,#BA0E4B,1
2161,40.0,64.0,30.0,#BD0932,1
2162,40.0,70.0,-54.0,#9D16B8,1
2163,40.0,70.0,-46.0,#A50FAB,1
2164,40.0,70.0,-4.0,#BC0067,0
2165,40.0,70.0,4.0,#BE005B,0
2166,40.0,72.0,46.0,#C80017,0
2167,40.0,74.0,52.0,#CB000A,0
2168,40.0,74.0,68.0,#CB0000,0
2169,40.0,76.0,-48.0,#AB00AE,0
2170,40.0,76.0,18.0,#C90045,0
2171,40.0,80.0,10.0,#CC0052,0
2172,40.0,82.0,-74.0,#9A00DB,0
2173,40.0,82.0,-60.0,#AA00C3,0
2174,40.0,82.0,16.0,#CF0049,0
2175,40.0,86.0,50.0,#D80013,0
2176,40.0,86.0,58.0,#D80000,0
2177,40.0,88.0,-78.0,#9F00E2,0
2178,40.0,92.0,-88.0,#9800F3,0
2179,40.0,92.0,-28.0,#CD008E,0
2180,40.0,92.0,24.0,#DC003E,0
2181,40.0,94.0,-64.0,#B700CA,0
2182,40.0,96.0,-98.0,#8F00FF,0
2183,40.0,98.0,20.0,#E20044,0
2184,40.0,100.0,-78.0,#B200E2,0
2185,40.0,100.0,-28.0,#D7008E,0
2186,40.0,102.0,-22.0,#DB0085,0
2187,40.0,116.0,-96.0,#B600FF,0
2188,40.0,116.0,-80.0,#C800E6,0
2189,40.0,122.0,-94.0,#C200FE,0
2190,41.0,-128.0,-2.0,#008062,0
2191,41.0,-122.0,-6.0,#008068,0
2192,41.0,-120.0,0.0,#007F5F,0
2193,41.0,-120.0,24.0,#007E35,0
2194,41.0,-120.0,40.0,#007E10,0
2195,41.0,-114.0,58.0,#007D00,0
2196,41.0,-112.0,2.0,#007E5B,0
2197,41.0,-106.0,54.0,#007C00,0
2198,41.0,-100.0,52.0,#007C00,0
2199,41.0,-98.0,58.0,#007B00,0
2200,41.0,-88.0,2.0,#007B5C,0
2201,41.0,-86.0,-14.0,#007C76,0
2202,41.0,-86.0,60.0,#007900,0
2203,41.0,-78.0,54.0,#007800,0
2204,41.0,-76.0,60.0,#007800,0
2205,41.0,-74.0,-6.0,#007969,0
2206,41.0,-72.0,0.0,#00785F,0
2207,41.0,-72.0,26.0,#007732,0
2208,41.0,-70.0,62.0,#007700,0
2209,41.0,-68.0,-10.0,#007870,0
2210,41.0,-68.0,14.0,#007748,0
2211,41.0,-64.0,56.0,#007500,0
2212,41.0,-62.0,10.0,#00764F,0
2213,41.0,-54.0,62.0,#007300,0
2214,41.0,-50.0,-20.0,#007580,0
2215,41.0,-48.0,-14.0,#007476,0
2216,41.0,-48.0,56.0,#097100,0
2217,41.0,-42.0,30.0,#0E702C,1
2218,41.0,-42.0,38.0,#1B701B,1
2219,41.0,-42.0,62.0,#2A7000,0
2220,41.0,-40.0,44.0,#286F08,1
2221,41.0,-34.0,64.0,#3F6D00,0
2222,41.0,-30.0,-44.0,#0071A9,0
2223,41.0,-30.0,56.0,#456C00,0
2224,41.0,-28.0,62.0,#4A6B00,0
2225,41.0,-26.0,-52.0,#0071B6,0
2226,41.0,-24.0,-46.0,#006FAC,0
2227,41.0,-22.0,66.0,#556900,0
2228,41.0,-18.0,18.0,#4D6842,1
2229,41.0,-16.0,64.0,#5F6600,0
2230,41.0,-12.0,-8.0,#40676D,1
2231,41.0,-12.0,46.0,#626506,1
2232,41.0,-10.0,60.0,#676400,0
2233,41.0,-10.0,68.0,#686400,0
2234,41.0,-6.0,20.0,#636340,1
2235,41.0,-4.0,26.0,#696135,1
2236,41.0,-4.0,66.0,#716100,0
2237,41.0,-2.0,-62.0,#0068C8,0
2238,41.0,0.0,0.0,#616161,1
2239,41.0,0.0,40.0,#725F1A,1
2240,41.0,2.0,6.0,#685F57,1
2241,41.0,2.0,26.0,#715E36,1
2242,41.0,4.0,-44.0,#1163A9,1
2243,41.0,4.0,68.0,#7C5C00,0
2244,41.0,8.0,26.0,#7A5B36,1
2245,41.0,10.0,-48.0,#2360B0,1
2246,41.0,10.0,-18.0,#625D7E,1
2247,41.0,12.0,68.0,#865800,0
2248,41.0,14.0,22.0,#81573D,1
2249,41.0,14.0,46.0,#86570C,1
2250,41.0,16.0,-28.0,#625A8F,1
2251,41.0,18.0,8.0,#815554,1
2252,41.0,24.0,70.0,#954F00,0
2253,41.0,26.0,28.0,#924E34,1
2254,41.0,32.0,-86.0,#0059F2,0
2255,41.0,32.0,-66.0,#3B55CF,1
2256,41.0,32.0,70.0,#9F4800,0
2257,41.0,38.0,-68.0,#4A50D2,1
2258,41.0,40.0,-62.0,#5E4DC8,1
2259,41.0,48.0,12.0,#A9384F,1
2260,41.0,48.0,38.0,#AF3624,1
2261,41.0,48.0,70.0,#B13500,0
2262,41.0,54.0,-84.0,#4B44EE,1
2263,41.0,54.0,10.0,#B02F53,1
2264,41.0,56.0,70.0,#BA2700,0
2265,41.0,60.0,-66.0,#8136CF,1
2266,41.0,60.0,38.0,#BD1E26,1
2267,41.0,62.0,-100.0,#1340FF,0
2268,41.0,62.0,-28.0,#A92690,1
2269,41.0,64.0,-76.0,#7933E1,1
2270,41.0,64.0,70.0,#C40C00,0
2271,41.0,66.0,-94.0,#5138FF,0
2272,41.0,66.0,-16.0,#B5167D,1
2273,41.0,66.0,56.0,#C50000,0
2274,41.0,68.0,-84.0,#7230EF,1
2275,41.0,68.0,-32.0,#AF1596,1
2276,41.0,76.0,-60.0,#A400C5,0
2277,41.0,84.0,24.0,#D6003F,0
2278,41.0,86.0,-86.0,#9300F2,0
2279,41.0,88.0,6.0,#D7005B,0
2280,41.0,88.0,18.0,#DA0049,0
2281,41.0,104.0,-50.0,#D300B5,0
2282,41.0,106.0,-96.0,#A800FF,0
2283,41.0,108.0,-38.0,#DF00A1,0
2284,41.0,110.0,-72.0,#CA00DB,0
2285,41.0,110.0,-56.0,#D700BF,0
2286,41.0,116.0,-88.0,#C300F7,0
2287,41.0,122.0,-80.0,#D400E9,0
2288,42.0,-112.0,-8.0,#00826E,0
2289,42.0,-104.0,12.0,#00804D,0
2290,42.0,-80.0,16.0,#007C46,0
2291,42.0,-74.0,36.0,#007A20,0
2292,42.0,-70.0,-30.0,#007D93,0
2293,42.0,-60.0,38.0,#00771C,0
2294,42.0,-54.0,0.0,#007762,0
2295,42.0,-54.0,8.0,#007754,0
2296,42.0,-52.0,-26.0,#00788D,0
2297,42.0,-50.0,-34.0,#00789A,0
2298,42.0,-48.0,4.0,#00755B,0
2299,42.0,-46.0,-28.0,#007790,0
2300,42.0,-46.0,10.0,#007451,0
2301,42.0,-44.0,-38.0,#0077A1,0
2302,42.0,-40.0,-32.0,#007597,0
2303,42.0,-38.0,-42.0,#0076A8,0
2304,42.0,-36.0,56.0,#3B7000,0
2305,42.0,-34.0,-36.0,#00749E,0
2306,42.0,-30.0,-30.0,#007294,0
2307,42.0,-30.0,24.0,#396F3A,1
2308,42.0,-28.0,-24.0,#00718A,0
2309,42.0,-28.0,0.0,#196F62,1
2310,42.0,-28.0,30.0,#426E2F,1
2311,42.0,-24.0,-34.0,#00709B,0
2312,42.0,-24.0,-10.0,#066E73,1
2313,42.0,-24.0,20.0,#446D41,1
2314,42.0,-20.0,2.0,#3B6C5F,1
2315,42.0,-16.0,-60.0,#0070C7,0
2316,42.0,-16.0,-44.0,#006EAB,0
2317,42.0,-14.0,-52.0,#006FB9,0
2318,42.0,-12.0,-38.0,#006CA1,0
2319,42.0,-10.0,-46.0,#006CAF,0
2320,42.0,-10.0,-32.0,#006B97,0
2321,42.0,-8.0,-54.0,#006CBD,0
2322,42.0,-6.0,-72.0,#006EDC,0
2323,42.0,-6.0,-18.0,#426780,1
2324,42.0,-2.0,58.0,#756200,0
2325,42.0,2.0,-68.0,#006AD5,0
2326,42.0,2.0,-52.0,#0067B9,0
2327,42.0,2.0,16.0,#706149,1
2328,42.0,6.0,-12.0,#636177,1
2329,42.0,6.0,-4.0,#6A606A,1
2330,42.0,8.0,-70.0,#0067D8,0
2331,42.0,8.0,-56.0,#0065C0,0
2332,42.0,10.0,40.0,#835C1E,1
2333,42.0,12.0,14.0,#7E5B4D,1
2334,42.0,14.0,30.0,#865932,1
2335,42.0,20.0,-60.0,#215EC7,1
2336,42.0,20.0,64.0,#935400,0
2337,42.0,24.0,-40.0,#6458A5,1
2338,42.0,24.0,-32.0,#6F5798,1
2339,42.0,30.0,-42.0,#6E54A9,1
2340,42.0,34.0,20.0,#9D4A44,1
2341,42.0,36.0,-74.0,#2E55E0,1
2342,42.0,38.0,-88.0,#0057F8,0
2343,42.0,38.0,-54.0,#6C4FBD,1
2344,42.0,40.0,-82.0,#0054EE,0
2345,42.0,42.0,-76.0,#4051E3,1
2346,42.0,48.0,-78.0,#4F4CE7,1
2347,42.0,50.0,-72.0,#6448DC,1
2348,42.0,50.0,-58.0,#7D44C4,1
2349,42.0,50.0,44.0,#B5361B,1
2350,42.0,52.0,20.0,#B33445,1
2351,42.0,56.0,-16.0,#AB327F,1
2352,42.0,56.0,48.0,#BC2B14,1
2353,42.0,62.0,46.0,#C31C19,1
2354,42.0,66.0,22.0,#C40F43,1
2355,42.0,70.0,14.0,#C70050,0
2356,42.0,72.0,-72.0,#9124DD,1
2357,42.0,74.0,-80.0,#8923EB,1
2358,42.0,74.0,-66.0,#9D19D2,1
2359,42.0,74.0,-22.0,#BF0089,0
2360,42.0,78.0,-90.0,#7F1EFC,1
2361,42.0,80.0,-28.0,#C40093,0
2362,42.0,80.0,30.0,#D60038,0
2363,42.0,80.0,60.0,#D80000,0
2364,42.0,82.0,-68.0,#A700D6,0
2365,42.0,82.0,-22.0,#C90089,0
2366,42.0,82.0,44.0,#DA0021,0
2367,42.0,82.0,66.0,#DB0000,0
2368,42.0,86.0,-92.0,#8C00FF,0
2369,42.0,86.0,-54.0,#BB00BE,0
2370,42.0,86.0,-4.0,#D5006D,0
2371,42.0,88.0,40.0,#E00029,0
2372,42.0,90.0,-22.0,#D3008A,0
2373,42.0,92.0,34.0,#E40033,0
2374,42.0,102.0,-36.0,#DB00A1,0
2375,42.0,108.0,-82.0,#C000EF,0
2376,42.0,112.0,-48.0,#E200B5,0
2377,42.0,122.0,-74.0,#DC00E1,0
2378,43.0,-124.0,56.0,#008400,0
2379,43.0,-116.0,-14.0,#00857B,0
2380,43.0,-116.0,50.0,#008300,0
2381,43.0,-108.0,-18.0,#008582,0
2382,43.0,-108.0,62.0,#008200,0
2383,43.0,-104.0,34.0,#008226,0
2384,43.0,-100.0,-22.0,#008488,0
2385,43.0,-100.0,40.0,#008117,0
2386,43.0,-94.0,-26.0,#00838F,0
2387,43.0,-94.0,52.0,#008000,0
2388,43.0,-92.0,36.0,#008022,0
2389,43.0,-92.0,58.0,#008000,0
2390,43.0,-88.0,42.0,#008011,0
2391,43.0,-86.0,-30.0,#008296,0
2392,43.0,-82.0,66.0,#007E00,0
2393,43.0,-80.0,-34.0,#00829D,0
2394,43.0,-74.0,-36.0,#0081A0,0
2395,43.0,-72.0,46.0,#007C02,0
2396,43.0,-68.0,-40.0,#0080A7,0
2397,43.0,-66.0,20.0,#007C42,0
2398,43.0,-66.0,36.0,#007B23,0
2399,43.0,-62.0,-44.0,#007FAE,0
2400,43.0,-62.0,64.0,#007A00,0
2401,43.0,-60.0,-14.0,#007C7B,0
2402,43.0,-60.0,2.0,#007B61,0
2403,43.0,-58.0,-8.0,#007B71,0
2404,43.0,-56.0,-46.0,#007EB1,0
2405,43.0,-56.0,68.0,#007900,0
2406,43.0,-44.0,70.0,#2C7500,0
2407,43.0,-42.0,0.0,#007664,0
2408,43.0,-38.0,50.0,#377300,0
2409,43.0,-32.0,40.0,#41721C,1
2410,43.0,-32.0,48.0,#447200,1
2411,43.0,-30.0,70.0,#4D7100,0
2412,43.0,-26.0,44.0,#4F6F12,1
2413,43.0,-22.0,-28.0,#007293,0
2414,43.0,-22.0,26.0,#4F6E39,1
2415,43.0,-22.0,72.0,#5C6E00,0
2416,43.0,-20.0,-66.0,#0075D4,0
2417,43.0,-20.0,40.0,#596D1D,1
2418,43.0,-18.0,-14.0,#246F7C,1
2419,43.0,-18.0,-6.0,#376E6F,1
2420,43.0,-18.0,10.0,#4B6D55,1
2421,43.0,-16.0,24.0,#596C3D,1
2422,43.0,-14.0,-70.0,#0074DB,0
2423,43.0,-14.0,30.0,#5F6B32,1
2424,43.0,-8.0,34.0,#6A682B,1
2425,43.0,-6.0,-10.0,#506976,1
2426,43.0,-2.0,-6.0,#5D676F,1
2427,43.0,-2.0,32.0,#73652F,1
2428,43.0,4.0,-80.0,#006DED,0
2429,43.0,6.0,-34.0,#47659E,1
2430,43.0,10.0,-84.0,#006BF4,0
2431,43.0,12.0,-76.0,#0068E6,0
2432,43.0,12.0,-8.0,#745F73,1
2433,43.0,14.0,-70.0,#0066DB,0
2434,43.0,14.0,-62.0,#0065CD,0
2435,43.0,16.0,-82.0,#0067F0,0
2436,43.0,16.0,-18.0,#725E83,1
2437,43.0,18.0,-12.0,#7A5C7A,1
2438,43.0,18.0,70.0,#935800,0
2439,43.0,20.0,-76.0,#0064E6,0
2440,43.0,20.0,44.0,#935719,1
2441,43.0,22.0,-22.0,#785A8A,1
2442,43.0,24.0,56.0,#9A5400,0
2443,43.0,26.0,-56.0,#4D5CC3,1
2444,43.0,28.0,-50.0,#5F59B9,1
2445,43.0,30.0,50.0,#A14F09,1
2446,43.0,34.0,2.0,#9A4E63,1
2447,43.0,36.0,60.0,#A94900,0
2448,43.0,40.0,72.0,#AE4500,0
2449,43.0,42.0,-30.0,#914A98,1
2450,43.0,42.0,50.0,#AF430D,1
2451,43.0,46.0,-42.0,#8C48AC,1
2452,43.0,46.0,-10.0,#A44277,1
2453,43.0,48.0,-36.0,#9544A2,1
2454,43.0,50.0,-48.0,#8D44B6,1
2455,43.0,50.0,-22.0,#A23F8B,1
2456,43.0,52.0,-66.0,#7746D5,1
2457,43.0,52.0,-8.0,#AD3A74,1
2458,43.0,54.0,30.0,#BB3337,1
2459,43.0,56.0,-78.0,#6945EA,1
2460,43.0,56.0,-28.0,#A73895,1
2461,43.0,58.0,-22.0,#AD338B,1
2462,43.0,60.0,-40.0,#A434A9,1
2463,43.0,62.0,-60.0,#9336CB,1
2464,43.0,62.0,-34.0,#AB2E9F,1
2465,43.0,66.0,-70.0,#8C33DC,1
2466,43.0,68.0,40.0,#CC0528,1
2467,43.0,72.0,-12.0,#C4007B,0
2468,43.0,72.0,28.0,#CF003C,0
2469,43.0,74.0,34.0,#D30033,0
2470,43.0,74.0,74.0,#D60000,0
2471,43.0,76.0,-54.0,#AF09C1,1
2472,43.0,76.0,40.0,#D60029,0
2473,43.0,80.0,-16.0,#CD0082,0
2474,43.0,82.0,36.0,#DC0030,0
2475,43.0,82.0,74.0,#DF0000,0
2476,43.0,88.0,-16.0,#D60082,0
2477,43.0,90.0,46.0,#E60021,0
2478,43.0,94.0,-4.0,#E20070,0
2479,43.0,94.0,14.0,#E60054,0
2480,43.0,96.0,-70.0,#BE00DD,0
2481,43.0,96.0,-16.0,#E00083,0
2482,43.0,102.0,-44.0,#DA00B1,0
2483,43.0,102.0,-4.0,#EB0070,0
2484,43.0,104.0,-74.0,#C600E4,0
2485,43.0,104.0,-16.0,#EA0083,0
2486,43.0,108.0,-62.0,#D600CF,0
2487,43.0,116.0,-66.0,#DE00D6,0
2488,43.0,122.0,-88.0,#D200FD,0
2489,44.0,-110.0,12.0,#008651,0
2490,44.0,-108.0,18.0,#008647,0
2491,44.0,-100.0,20.0,#008544,0
2492,44.0,-92.0,22.0,#008340,0
2493,44.0,-92.0,66.0,#008300,0
2494,44.0,-90.0,28.0,#008335,0
2495,44.0,-84.0,-2.0,#00836A,0
2496,44.0,-80.0,-18.0,#008384,0
2497,44.0,-80.0,32.0,#00812D,0
2498,44.0,-78.0,-10.0,#008277,0
2499,44.0,-78.0,72.0,#008000,0
2500,44.0,-76.0,22.0,#008141,0
2501,44.0,-76.0,66.0,#008000,0
2502,44.0,-72.0,-16.0,#008181,0
2503,44.0,-70.0,56.0,#007F00,0
2504,44.0,-70.0,72.0,#007E00,0
2505,44.0,-62.0,72.0,#007D00,0
2506,44.0,-60.0,-22.0,#007F8B,0
2507,44.0,-56.0,74.0,#007B00,0
2508,44.0,-52.0,-40.0,#007FAA,0
2509,44.0,-50.0,70.0,#187900,0
2510,44.0,-46.0,-52.0,#007EBE,0
2511,44.0,-46.0,-44.0,#007EB1,0
2512,44.0,-40.0,-26.0,#007A92,0
2513,44.0,-38.0,-20.0,#007988,0
2514,44.0,-38.0,72.0,#407600,0
2515,44.0,-24.0,-40.0,#0076AA,0
2516,44.0,-22.0,-56.0,#0077C5,0
2517,44.0,-20.0,-50.0,#0076BB,0
2518,44.0,-16.0,74.0,#686D00,0
2519,44.0,-10.0,-62.0,#0073D0,0
2520,44.0,-8.0,40.0,#6F6A21,1
2521,44.0,-4.0,4.0,#646A61,1
2522,44.0,-2.0,-38.0,#1C6CA7,1
2523,44.0,-2.0,74.0,#7C6700,0
2524,44.0,0.0,-32.0,#3C6B9D,1
2525,44.0,2.0,-26.0,#4E6993,1
2526,44.0,4.0,-20.0,#5C6789,1
2527,44.0,4.0,2.0,#706665,1
2528,44.0,8.0,20.0,#806247,1
2529,44.0,8.0,74.0,#8A6100,0
2530,44.0,10.0,-24.0,#636490,1
2531,44.0,14.0,-52.0,#3266BF,1
2532,44.0,18.0,0.0,#855D69,1
2533,44.0,20.0,14.0,#8E5B52,1
2534,44.0,22.0,20.0,#935948,1
2535,44.0,22.0,36.0,#97582C,1
2536,44.0,26.0,12.0,#965655,1
2537,44.0,32.0,-6.0,#965373,1
2538,44.0,34.0,-36.0,#8155A4,1
2539,44.0,34.0,-20.0,#90538A,1
2540,44.0,34.0,28.0,#A54F3B,1
2541,44.0,36.0,-14.0,#975080,1
2542,44.0,36.0,34.0,#A94C31,1
2543,44.0,38.0,-46.0,#7D53B5,1
2544,44.0,38.0,40.0,#AC4A26,1
2545,44.0,44.0,-68.0,#6452DB,1
2546,44.0,44.0,-48.0,#854DB9,1
2547,44.0,44.0,34.0,#B24432,1
2548,44.0,44.0,66.0,#B64300,0
2549,44.0,46.0,18.0,#B1424D,1
2550,44.0,50.0,52.0,#BC3B0C,1
2551,44.0,52.0,74.0,#C03700,0
2552,44.0,56.0,-56.0,#9041C7,1
2553,44.0,56.0,-2.0,#B7366D,1
2554,44.0,58.0,-10.0,#B6347A,1
2555,44.0,58.0,4.0,#BC3164,1
2556,44.0,60.0,-84.0,#6844F7,1
2557,44.0,60.0,18.0,#C22C4E,1
2558,44.0,62.0,-4.0,#BE2B71,1
2559,44.0,62.0,60.0,#CA2300,0
2560,44.0,64.0,2.0,#C32467,1
2561,44.0,68.0,-60.0,#A02ECE,1
2562,44.0,68.0,-24.0,#BC2091,1
2563,44.0,68.0,50.0,#D10C17,1
2564,44.0,76.0,-42.0,#BC03AF,1
2565,44.0,78.0,-36.0,#C300A5,0
2566,44.0,78.0,0.0,#D3006B,0
2567,44.0,80.0,52.0,#DF0016,0
2568,44.0,84.0,-40.0,#C800AC,0
2569,44.0,88.0,-66.0,#B900D8,0
2570,44.0,92.0,-10.0,#E1007C,0
2571,44.0,94.0,-54.0,#CC00C4,0
2572,44.0,96.0,-48.0,#D300BA,0
2573,44.0,98.0,26.0,#F00044,0
2574,44.0,100.0,-58.0,#D100CB,0
2575,44.0,100.0,-10.0,#EA007C,0
2576,44.0,100.0,6.0,#EF0063,0
2577,44.0,102.0,-68.0,#CC00DC,0
2578,44.0,104.0,-90.0,#B700FF,0
2579,44.0,110.0,-20.0,#F3008C,0
2580,44.0,118.0,-60.0,#E800CF,0
2581,45.0,-128.0,6.0,#008C5E,0
2582,45.0,-128.0,14.0,#008B50,0
2583,45.0,-128.0,22.0,#008B42,0
2584,45.0,-128.0,30.0,#008B32,0
2585,45.0,-128.0,38.0,#008B21,0
2586,45.0,-128.0,46.0,#008A04,0
2587,45.0,-120.0,8.0,#008B5B,0
2588,45.0,-120.0,16.0,#008A4D,0
2589,45.0,-120.0,32.0,#008A2F,0
2590,45.0,-112.0,24.0,#00893E,0
2591,45.0,-112.0,32.0,#00892F,0
2592,45.0,-112.0,40.0,#00891C,0
2593,45.0,-104.0,-2.0,#00896C,0
2594,45.0,-104.0,6.0,#00895E,0
2595,45.0,-104.0,46.0,#008806,0
2596,45.0,-102.0,-10.0,#008979,0
2597,45.0,-98.0,-16.0,#008983,0
2598,45.0,-98.0,-4.0,#00886F,0
2599,45.0,-90.0,-4.0,#00876F,0
2600,45.0,-88.0,-24.0,#008891,0
2601,45.0,-88.0,10.0,#008658,0
2602,45.0,-80.0,-24.0,#008691,0
2603,45.0,-80.0,38.0,#008423,0
2604,45.0,-72.0,-22.0,#00858E,0
2605,45.0,-72.0,6.0,#00835F,0
2606,45.0,-66.0,-24.0,#008391,0
2607,45.0,-66.0,4.0,#008262,0
2608,45.0,-66.0,28.0,#008138,0
2609,45.0,-64.0,42.0,#008019,0
2610,45.0,-64.0,50.0,#008000,0
2611,45.0,-62.0,-34.0,#0083A2,0
2612,45.0,-60.0,-28.0,#008298,0
2613,45.0,-60.0,30.0,#007F35,0
2614,45.0,-58.0,44.0,#007F14,0
2615,45.0,-58.0,52.0,#007E00,0
2616,45.0,-54.0,26.0,#007E3C,0
2617,45.0,-52.0,32.0,#007D31,0
2618,45.0,-52.0,40.0,#007D20,0
2619,45.0,-52.0,48.0,#007D04,0
2620,45.0,-48.0,-2.0,#007D6D,0
2621,45.0,-48.0,22.0,#007C44,0
2622,45.0,-48.0,76.0,#277B00,0
2623,45.0,-46.0,44.0,#1D7B15,1
2624,45.0,-44.0,-20.0,#007D8B,0
2625,45.0,-44.0,50.0,#2A7B00,0
2626,45.0,-42.0,20.0,#017B47,1
2627,45.0,-42.0,56.0,#347A00,0
2628,45.0,-40.0,-14.0,#007C81,0
2629,45.0,-36.0,-54.0,#007EC5,0
2630,45.0,-36.0,0.0,#007A69,0
2631,45.0,-36.0,16.0,#22794F,1
2632,45.0,-34.0,30.0,#3B7836,1
2633,45.0,-30.0,-58.0,#007DCC,0
2634,45.0,-24.0,10.0,#427559,1
2635,45.0,-24.0,56.0,#5B7300,0
2636,45.0,-22.0,-22.0,#00768E,0
2637,45.0,-18.0,52.0,#647100,0
2638,45.0,-12.0,4.0,#577063,1
2639,45.0,-10.0,10.0,#606F5A,1
2640,45.0,-10.0,18.0,#656E4C,1
2641,45.0,-6.0,46.0,#766C15,1
2642,45.0,-6.0,54.0,#776C00,0
2643,45.0,-4.0,14.0,#6D6C53,1
2644,45.0,0.0,50.0,#7F6807,1
2645,45.0,2.0,-10.0,#656A7B,1
2646,45.0,4.0,62.0,#866600,0
2647,45.0,6.0,8.0,#7A675D,1
2648,45.0,6.0,44.0,#86651C,1
2649,45.0,10.0,56.0,#8E6300,0
2650,45.0,12.0,-32.0,#5F66A0,1
2651,45.0,12.0,8.0,#83635E,1
2652,45.0,14.0,-40.0,#5666AD,1
2653,45.0,16.0,54.0,#955F00,0
2654,45.0,16.0,76.0,#975E00,0
2655,45.0,18.0,-34.0,#6963A3,1
2656,45.0,20.0,-44.0,#5D63B4,1
2657,45.0,24.0,-70.0,#0065E1,0
2658,45.0,24.0,4.0,#925B65,1
2659,45.0,26.0,-86.0,#0067FD,0
2660,45.0,26.0,-14.0,#8A5B82,1
2661,45.0,28.0,42.0,#A35623,1
2662,45.0,28.0,76.0,#A65500,0
2663,45.0,30.0,-74.0,#1161E8,1
2664,45.0,30.0,56.0,#A75400,0
2665,45.0,34.0,-60.0,#605BD0,1
2666,45.0,34.0,-26.0,#8D5696,1
2667,45.0,34.0,12.0,#A35258,1
2668,45.0,36.0,50.0,#AE4E11,1
2669,45.0,40.0,8.0,#A94C5F,1
2670,45.0,44.0,-94.0,#005BFF,0
2671,45.0,44.0,-56.0,#7D52C9,1
2672,45.0,44.0,-24.0,#9E4C93,1
2673,45.0,44.0,0.0,#AC496C,1
2674,45.0,46.0,6.0,#B04662,1
2675,45.0,46.0,28.0,#B7443F,1
2676,45.0,50.0,-28.0,#A4459A,1
2677,45.0,52.0,62.0,#C23B00,0
2678,45.0,54.0,40.0,#C2382A,1
2679,45.0,56.0,54.0,#C6340B,1
2680,45.0,60.0,-92.0,#534AFF,0
2681,45.0,60.0,-48.0,#A23CBC,1
2682,45.0,60.0,28.0,#C82E40,1
2683,45.0,66.0,-54.0,#A633C6,1
2684,45.0,68.0,62.0,#D51200,0
2685,45.0,72.0,22.0,#D5004A,0
2686,45.0,74.0,58.0,#DB0005,0
2687,45.0,76.0,10.0,#D7005E,0
2688,45.0,78.0,-84.0,#9326FB,1
2689,45.0,78.0,-76.0,#A020EC,1
2690,45.0,80.0,-10.0,#D5007E,0
2691,45.0,84.0,-80.0,#A503F4,1
2692,45.0,88.0,-30.0,#D6009E,0
2693,45.0,92.0,-42.0,#D500B2,0
2694,45.0,94.0,-36.0,#DB00A9,0
2695,45.0,96.0,-78.0,#BB00F0,0
2696,45.0,96.0,-30.0,#E0009F,0
2697,45.0,98.0,-90.0,#AF00FF,0
2698,45.0,98.0,-24.0,#E60095,0
2699,45.0,102.0,-84.0,#BE00FB,0
2700,45.0,104.0,-30.0,#EA009F,0
2701,45.0,110.0,-88.0,#C600FF,0
2702,46.0,-128.0,52.0,#008D00,0
2703,46.0,-120.0,46.0,#008C09,0
2704,46.0,-110.0,50.0,#008B00,0
2705,46.0,-104.0,28.0,#008B39,0
2706,46.0,-100.0,62.0,#008A00,0
2707,46.0,-96.0,6.0,#008A61,0
2708,46.0,-96.0,14.0,#008A53,0
2709,46.0,-96.0,30.0,#008936,0
2710,46.0,-96.0,46.0,#00890B,0
2711,46.0,-92.0,-12.0,#008B7F,0
2712,46.0,-86.0,56.0,#008700,0
2713,46.0,-84.0,48.0,#008703,0
2714,46.0,-80.0,4.0,#008764,0
2715,46.0,-78.0,50.0,#008600,0
2716,46.0,-76.0,-30.0,#00899E,0
2717,46.0,-72.0,14.0,#008553,0
2718,46.0,-72.0,30.0,#008536,0
2719,46.0,-66.0,-6.0,#008575,0
2720,46.0,-60.0,14.0,#008354,0
2721,46.0,-60.0,22.0,#008246,0
2722,46.0,-58.0,-40.0,#0086AF,0
2723,46.0,-56.0,-34.0,#0085A5,0
2724,46.0,-54.0,-12.0,#008280,0
2725,46.0,-54.0,20.0,#008149,0
2726,46.0,-48.0,-8.0,#008079,0
2727,46.0,-48.0,16.0,#007F51,0
2728,46.0,-48.0,60.0,#247E00,0
2729,46.0,-42.0,34.0,#277D30,1
2730,46.0,-38.0,40.0,#3A7B23,1
2731,46.0,-36.0,-6.0,#007D76,0
2732,46.0,-36.0,10.0,#167C5B,1
2733,46.0,-30.0,-18.0,#007B8A,0
2734,46.0,-30.0,-10.0,#007B7D,0
2735,46.0,-30.0,6.0,#2B7A62,1
2736,46.0,-24.0,-62.0,#007ED5,0
2737,46.0,-24.0,-4.0,#2E7873,1
2738,46.0,-22.0,62.0,#627500,0
2739,46.0,-20.0,16.0,#537551,1
2740,46.0,-18.0,68.0,#6A7300,0
2741,46.0,-16.0,58.0,#6B7300,0
2742,46.0,-14.0,36.0,#69722E,1
2743,46.0,-12.0,-24.0,#2A7595,1
2744,46.0,-12.0,-16.0,#3F7487,1
2745,46.0,-12.0,64.0,#727100,0
2746,46.0,-8.0,26.0,#6F7041,1
2747,46.0,-6.0,-26.0,#3C7298,1
2748,46.0,-6.0,-2.0,#607070,1
2749,46.0,-6.0,62.0,#7B6E00,0
2750,46.0,-4.0,-48.0,#0073BD,0
2751,46.0,-2.0,24.0,#786D45,1
2752,46.0,4.0,30.0,#83693A,1
2753,46.0,6.0,36.0,#87682F,1
2754,46.0,8.0,50.0,#8D660D,1
2755,46.0,14.0,36.0,#926330,1
2756,46.0,14.0,62.0,#976200,0
2757,46.0,18.0,28.0,#96603F,1
2758,46.0,22.0,-52.0,#5465C5,1
2759,46.0,26.0,-62.0,#4564D6,1
2760,46.0,26.0,-4.0,#945D74,1
2761,46.0,28.0,-26.0,#865D99,1
2762,46.0,30.0,66.0,#AB5600,0
2763,46.0,42.0,60.0,#B94A00,0
2764,46.0,46.0,-62.0,#7A53D6,1
2765,46.0,50.0,-84.0,#5055FD,1
2766,46.0,50.0,-14.0,#B04686,1
2767,46.0,50.0,0.0,#B6446F,1
2768,46.0,52.0,6.0,#BB4165,1
2769,46.0,56.0,-72.0,#7E4BE8,1
2770,46.0,60.0,10.0,#C6335F,1
2771,46.0,62.0,-18.0,#BE348C,1
2772,46.0,62.0,74.0,#D22A00,0
2773,46.0,64.0,-12.0,#C32F83,1
2774,46.0,66.0,8.0,#CD2663,1
2775,46.0,68.0,-6.0,#CB2379,1
2776,46.0,68.0,70.0,#D91800,0
2777,46.0,68.0,78.0,#D91700,0
2778,46.0,70.0,-90.0,#793DFF,0
2779,46.0,70.0,-46.0,#B62BBB,1
2780,46.0,70.0,0.0,#D01B70,1
2781,46.0,74.0,68.0,#DF0000,0
2782,46.0,80.0,-62.0,#B610D7,1
2783,46.0,80.0,18.0,#E10054,0
2784,46.0,84.0,-74.0,#AF02EC,1
2785,46.0,84.0,12.0,#E4005D,0
2786,46.0,88.0,30.0,#EC0041,0
2787,46.0,88.0,54.0,#EF0018,0
2788,46.0,90.0,-76.0,#B700F0,0
2789,46.0,92.0,24.0,#F0004B,0
2790,46.0,94.0,-62.0,#CB00D7,0
2791,46.0,100.0,12.0,#F7005E,0
2792,46.0,108.0,-42.0,#ED00B6,0
2793,46.0,112.0,-30.0,#F800A2,0
2794,46.0,114.0,-82.0,#D600FB,0
2795,47.0,-128.0,-4.0,#009274,0
2796,47.0,-122.0,-8.0,#00917B,0
2797,47.0,-120.0,-2.0,#009170,0
2798,47.0,-112.0,0.0,#00906D,0
2799,47.0,-108.0,-10.0,#00907E,0
2800,47.0,-88.0,18.0,#008B4E,0
2801,47.0,-86.0,-16.0,#008D89,0
2802,47.0,-86.0,32.0,#008A34,0
2803,47.0,-84.0,-10.0,#008C7E,0
2804,47.0,-84.0,24.0,#008A44,0
2805,47.0,-80.0,12.0,#008A59,0
2806,47.0,-76.0,-2.0,#008A71,0
2807,47.0,-68.0,-34.0,#008AA7,0
2808,47.0,-54.0,4.0,#008467,0
2809,47.0,-52.0,-50.0,#0088C3,0
2810,47.0,-52.0,-20.0,#008590,0
2811,47.0,-52.0,54.0,#0B8200,0
2812,47.0,-50.0,10.0,#00835D,0
2813,47.0,-46.0,-32.0,#0084A4,0
2814,47.0,-44.0,6.0,#008164,0
2815,47.0,-42.0,12.0,#00805A,0
2816,47.0,-42.0,62.0,#3C7F00,0
2817,47.0,-40.0,-36.0,#0083AB,0
2818,47.0,-40.0,26.0,#287F42,1
2819,47.0,-36.0,-46.0,#0083BC,0
2820,47.0,-36.0,64.0,#4B7D00,0
2821,47.0,-34.0,-40.0,#0081B2,0
2822,47.0,-34.0,-32.0,#0080A4,0
2823,47.0,-34.0,22.0,#387D49,1
2824,47.0,-32.0,-26.0,#007F9A,0
2825,47.0,-30.0,-50.0,#0081C3,0
2826,47.0,-30.0,58.0,#567B00,0
2827,47.0,-28.0,-44.0,#0080B9,0
2828,47.0,-28.0,-36.0,#007FAB,0
2829,47.0,-28.0,18.0,#457B50,1
2830,47.0,-28.0,34.0,#517B33,1
2831,47.0,-24.0,-16.0,#007B8A,0
2832,47.0,-16.0,-40.0,#007AB2,0
2833,47.0,-14.0,-34.0,#0079A8,0
2834,47.0,-12.0,-6.0,#517679,1
2835,47.0,-12.0,46.0,#72741A,1
2836,47.0,-10.0,-74.0,#007CEE,0
2837,47.0,-10.0,-50.0,#0079C4,0
2838,47.0,-10.0,-42.0,#0078B6,0
2839,47.0,-8.0,-68.0,#007BE3,0
2840,47.0,-8.0,-36.0,#0076AC,0
2841,47.0,-8.0,74.0,#7C7100,0
2842,47.0,-4.0,-78.0,#007AF5,0
2843,47.0,-4.0,-54.0,#0077CB,0
2844,47.0,-2.0,-72.0,#0079EA,0
2845,47.0,-2.0,-16.0,#5B728A,1
2846,47.0,0.0,-64.0,#0076DC,0
2847,47.0,0.0,-2.0,#6E7073,1
2848,47.0,0.0,4.0,#726F69,1
2849,47.0,0.0,12.0,#776F5B,1
2850,47.0,0.0,40.0,#836E29,1
2851,47.0,2.0,-58.0,#0074D2,0
2852,47.0,2.0,70.0,#8A6C00,0
2853,47.0,4.0,-74.0,#0076EE,0
2854,47.0,4.0,-44.0,#2F71B9,1
2855,47.0,8.0,-62.0,#0072D9,0
2856,47.0,8.0,-12.0,#736C84,1
2857,47.0,8.0,68.0,#926900,0
2858,47.0,10.0,-48.0,#3A6FC0,1
2859,47.0,10.0,-18.0,#716B8E,1
2860,47.0,14.0,46.0,#97651D,1
2861,47.0,16.0,-90.0,#0072FF,0
2862,47.0,16.0,-28.0,#71689F,1
2863,47.0,18.0,6.0,#906466,1
2864,47.0,20.0,60.0,#A16100,0
2865,47.0,24.0,26.0,#A05F45,1
2866,47.0,26.0,-36.0,#7B63AC,1
2867,47.0,28.0,-20.0,#8E5F91,1
2868,47.0,30.0,24.0,#A75A49,1
2869,47.0,30.0,32.0,#A9593B,1
2870,47.0,34.0,80.0,#B45500,0
2871,47.0,36.0,-90.0,#0065FF,0
2872,47.0,36.0,66.0,#B65300,0
2873,47.0,38.0,-84.0,#0062FF,0
2874,47.0,40.0,-62.0,#705BD9,1
2875,47.0,40.0,-8.0,#A8537E,1
2876,47.0,40.0,20.0,#B35150,1
2877,47.0,40.0,78.0,#BB4F00,0
2878,47.0,44.0,-82.0,#445CFC,1
2879,47.0,44.0,-18.0,#A8508F,1
2880,47.0,44.0,42.0,#BD4B2A,1
2881,47.0,46.0,72.0,#C24800,0
2882,47.0,46.0,80.0,#C24800,0
2883,47.0,52.0,-42.0,#A14BB7,1
2884,47.0,54.0,-36.0,#A947AD,1
2885,47.0,54.0,14.0,#C3405B,1
2886,47.0,54.0,80.0,#CC3D00,0
2887,47.0,56.0,-62.0,#914BD9,1
2888,47.0,58.0,68.0,#D03600,0
2889,47.0,60.0,42.0,#D0332C,1
2890,47.0,62.0,80.0,#D52E00,0
2891,47.0,64.0,-80.0,#8445F9,1
2892,47.0,64.0,54.0,#D62A13,1
2893,47.0,66.0,18.0,#D32855,1
2894,47.0,68.0,-38.0,#BC30B1,1
2895,47.0,68.0,-18.0,#C82A8F,1
2896,47.0,70.0,-82.0,#8D3DFD,1
2897,47.0,70.0,-32.0,#C329A7,1
2898,47.0,78.0,26.0,#E30049,0
2899,47.0,80.0,-48.0,#C607C2,1
2900,47.0,82.0,80.0,#EC0000,0
2901,47.0,84.0,-86.0,#A21BFF,0
2902,47.0,84.0,6.0,#E60069,0
2903,47.0,86.0,66.0,#F00000,0
2904,47.0,88.0,-50.0,#D000C5,0
2905,47.0,90.0,-88.0,#AA00FF,0
2906,47.0,90.0,4.0,#EC006D,0
2907,47.0,94.0,38.0,#F70037,0
2908,47.0,104.0,-50.0,#E600C6,0
2909,47.0,110.0,-54.0,#EB00CD,0
2910,47.0,114.0,-72.0,#E300EC,0
2911,47.0,122.0,-78.0,#E900F7,0
2912,48.0,-128.0,60.0,#009300,0
2913,48.0,-120.0,52.0,#009200,0
2914,48.0,-120.0,62.0,#009200,0
2915,48.0,-114.0,56.0,#009100,0
2916,48.0,-112.0,62.0,#009100,0
2917,48.0,-108.0,68.0,#009000,0
2918,48.0,-98.0,70.0,#008F00,0
2919,48.0,-96.0,40.0,#008F25,0
2920,48.0,-92.0,-20.0,#009192,0
2921,48.0,-84.0,72.0,#008C00,0
2922,48.0,-82.0,62.0,#008C00,0
2923,48.0,-76.0,58.0,#008B00,0
2924,48.0,-74.0,38.0,#008B2B,0
2925,48.0,-72.0,-8.0,#008C7E,0
2926,48.0,-68.0,66.0,#008900,0
2927,48.0,-66.0,-12.0,#008B85,0
2928,48.0,-66.0,12.0,#008A5C,0
2929,48.0,-64.0,58.0,#008800,0
2930,48.0,-60.0,8.0,#008863,0
2931,48.0,-58.0,38.0,#00872B,0
2932,48.0,-56.0,60.0,#008600,0
2933,48.0,-54.0,-4.0,#008777,0
2934,48.0,-48.0,-14.0,#008688,0
2935,48.0,-46.0,-38.0,#0087B1,0
2936,48.0,-42.0,-48.0,#0087C2,0
2937,48.0,-42.0,76.0,#428100,0
2938,48.0,-34.0,78.0,#547F00,0
2939,48.0,-30.0,-2.0,#1C7F74,1
2940,48.0,-28.0,28.0,#4F7D41,1
2941,48.0,-28.0,74.0,#5F7C00,0
2942,48.0,-26.0,50.0,#5E7C0D,1
2943,48.0,-26.0,80.0,#637C00,0
2944,48.0,-24.0,4.0,#427D6A,1
2945,48.0,-22.0,34.0,#5F7B36,1
2946,48.0,-18.0,-60.0,#0080D8,0
2947,48.0,-18.0,0.0,#4C7A71,1
2948,48.0,-16.0,-54.0,#007FCD,0
2949,48.0,-14.0,80.0,#777600,0
2950,48.0,-8.0,82.0,#807400,0
2951,48.0,4.0,-4.0,#767079,1
2952,48.0,4.0,80.0,#906D00,0
2953,48.0,8.0,14.0,#886D5B,1
2954,48.0,10.0,-6.0,#7F6D7C,1
2955,48.0,10.0,2.0,#846C6F,1
2956,48.0,10.0,28.0,#906B43,1
2957,48.0,14.0,-12.0,#806B86,1
2958,48.0,14.0,14.0,#91695B,1
2959,48.0,16.0,22.0,#97674E,1
2960,48.0,18.0,-66.0,#006FE3,0
2961,48.0,20.0,50.0,#A36317,1
2962,48.0,22.0,72.0,#A86100,0
2963,48.0,22.0,82.0,#A86100,0
2964,48.0,28.0,18.0,#A65E55,1
2965,48.0,30.0,-68.0,#4667E6,1
2966,48.0,30.0,-44.0,#7B63BD,1
2967,48.0,32.0,6.0,#A65C69,1
2968,48.0,32.0,38.0,#B05A33,1
2969,48.0,34.0,44.0,#B45827,1
2970,48.0,36.0,-74.0,#4864F1,1
2971,48.0,38.0,0.0,#AC5773,1
2972,48.0,40.0,-38.0,#945AB3,1
2973,48.0,40.0,54.0,#BD520F,1
2974,48.0,46.0,48.0,#C34B20,1
2975,48.0,50.0,-56.0,#9153D2,1
2976,48.0,52.0,26.0,#C74549,1
2977,48.0,52.0,34.0,#C8443C,1
2978,48.0,58.0,36.0,#D03B39,1
2979,48.0,64.0,-28.0,#C039A2,1
2980,48.0,66.0,44.0,#DB292B,1
2981,48.0,70.0,32.0,#DE1E41,1
2982,48.0,72.0,-72.0,#A338EE,1
2983,48.0,72.0,-52.0,#BA30CB,1
2984,48.0,72.0,38.0,#E11437,1
2985,48.0,72.0,46.0,#E21329,1
2986,48.0,74.0,-66.0,#AE31E4,1
2987,48.0,74.0,-24.0,#D01E9C,1
2988,48.0,74.0,52.0,#E5021D,1
2989,48.0,74.0,80.0,#E70000,0
2990,48.0,78.0,32.0,#E70042,0
2991,48.0,80.0,-28.0,#D600A3,0
2992,48.0,80.0,46.0,#EB002A,0
2993,48.0,80.0,70.0,#ED0000,0
2994,48.0,84.0,-16.0,#E1008F,0
2995,48.0,86.0,-24.0,#E0009C,0
2996,48.0,86.0,44.0,#F2002E,0
2997,48.0,86.0,72.0,#F40000,0
2998,48.0,90.0,-82.0,#B600FF,0
2999,48.0,90.0,-4.0,#ED007C,0
3000,48.0,102.0,-36.0,#EE00B1,0
3001,48.0,114.0,-44.0,#FA00BF,0
3002,49.0,-120.0,68.0,#009500,0
3003,49.0,-112.0,-16.0,#00968D,0
3004,49.0,-112.0,8.0,#009564,0
3005,49.0,-112.0,16.0,#009556,0
3006,49.0,-104.0,-20.0,#009694,0
3007,49.0,-104.0,12.0,#00945D,0
3008,49.0,-104.0,20.0,#00944F,0
3009,49.0,-104.0,36.0,#009330,0
3010,49.0,-104.0,52.0,#009300,0
3011,49.0,-96.0,24.0,#009248,0
3012,49.0,-96.0,56.0,#009100,0
3013,49.0,-92.0,70.0,#009100,0
3014,49.0,-88.0,4.0,#00916C,0
3015,49.0,-88.0,44.0,#00901D,0
3016,49.0,-82.0,-32.0,#0093A9,0
3017,49.0,-78.0,76.0,#008E00,0
3018,49.0,-72.0,46.0,#008D18,0
3019,49.0,-72.0,78.0,#008C00,0
3020,49.0,-66.0,-18.0,#008E91,0
3021,49.0,-66.0,20.0,#008C50,0
3022,49.0,-66.0,36.0,#008B32,0
3023,49.0,-64.0,-40.0,#008FB7,0
3024,49.0,-60.0,-12.0,#008C87,0
3025,49.0,-60.0,2.0,#008B70,0
3026,49.0,-56.0,78.0,#0F8800,0
3027,49.0,-48.0,-26.0,#008A9F,0
3028,49.0,-48.0,28.0,#008742,0
3029,49.0,-48.0,36.0,#168633,1
3030,49.0,-46.0,68.0,#388500,0
3031,49.0,-42.0,-6.0,#00867D,0
3032,49.0,-38.0,48.0,#468316,1
3033,49.0,-32.0,44.0,#528122,1
3034,49.0,-30.0,12.0,#3D815F,1
3035,49.0,-26.0,42.0,#5E7F27,1
3036,49.0,-18.0,-12.0,#3B7E88,1
3037,49.0,-16.0,-66.0,#0083E5,0
3038,49.0,-16.0,-28.0,#007EA3,0
3039,49.0,-14.0,26.0,#6C7A47,1
3040,49.0,-10.0,40.0,#79782D,1
3041,49.0,-8.0,32.0,#79773D,1
3042,49.0,-6.0,-8.0,#617882,1
3043,49.0,-6.0,6.0,#6E776A,1
3044,49.0,-2.0,18.0,#7D7456,1
3045,49.0,-2.0,82.0,#8B7300,0
3046,49.0,0.0,-26.0,#5677A0,1
3047,49.0,0.0,58.0,#8C7200,0
3048,49.0,2.0,-36.0,#4777B1,1
3049,49.0,4.0,-16.0,#6D738F,1
3050,49.0,4.0,20.0,#877153,1
3051,49.0,6.0,-30.0,#5E74A7,1
3052,49.0,6.0,-22.0,#6A7399,1
3053,49.0,10.0,-72.0,#0077F0,0
3054,49.0,10.0,20.0,#906D53,1
3055,49.0,10.0,40.0,#966D2F,1
3056,49.0,10.0,78.0,#9B6C00,0
3057,49.0,12.0,84.0,#9E6B00,0
3058,49.0,14.0,-82.0,#0077FF,0
3059,49.0,14.0,68.0,#A06A00,0
3060,49.0,16.0,-76.0,#0074F7,0
3061,49.0,16.0,-20.0,#7F6D96,1
3062,49.0,18.0,-6.0,#8E6A7F,1
3063,49.0,20.0,-84.0,#0074FF,0
3064,49.0,20.0,66.0,#A86500,0
3065,49.0,22.0,-78.0,#0071FB,0
3066,49.0,22.0,-24.0,#86699D,1
3067,49.0,24.0,-42.0,#746ABC,1
3068,49.0,26.0,62.0,#AF6100,0
3069,49.0,28.0,-80.0,#006EFF,0
3070,49.0,32.0,-52.0,#7565CD,1
3071,49.0,36.0,72.0,#BC5800,0
3072,49.0,40.0,-52.0,#865ECD,1
3073,49.0,40.0,-32.0,#9D5BAB,1
3074,49.0,40.0,26.0,#BB554B,1
3075,49.0,40.0,84.0,#C25400,0
3076,49.0,42.0,-70.0,#6A60ED,1
3077,49.0,42.0,-44.0,#945BC0,1
3078,49.0,46.0,22.0,#C14F52,1
3079,49.0,48.0,-76.0,#6C5CF8,1
3080,49.0,48.0,-6.0,#BA4F80,1
3081,49.0,48.0,66.0,#CA4B00,0
3082,49.0,50.0,-70.0,#7E59ED,1
3083,49.0,52.0,20.0,#C84855,1
3084,49.0,54.0,-78.0,#7756FB,1
3085,49.0,54.0,-50.0,#A24FCA,1
3086,49.0,56.0,-24.0,#BB489E,1
3087,49.0,56.0,-6.0,#C44580,1
3088,49.0,56.0,48.0,#D24024,1
3089,49.0,64.0,-72.0,#9748F1,1
3090,49.0,64.0,-64.0,#A246E3,1
3091,49.0,68.0,84.0,#E32600,0
3092,49.0,72.0,6.0,#DD216D,1
3093,49.0,76.0,-14.0,#DB178E,1
3094,49.0,80.0,56.0,#F00018,0
3095,49.0,82.0,-54.0,#CA12D2,1
3096,49.0,82.0,-2.0,#E7007B,0
3097,49.0,82.0,38.0,#F0003A,0
3098,49.0,86.0,20.0,#F20058,0
3099,49.0,88.0,-58.0,#CF00D9,0
3100,49.0,88.0,-10.0,#EC0088,0
3101,49.0,90.0,14.0,#F50062,0
3102,49.0,92.0,-68.0,#CC00EA,0
3103,49.0,92.0,-16.0,#EE0092,0
3104,49.0,96.0,-84.0,#C000FF,0
3105,49.0,96.0,-10.0,#F60089,0
3106,49.0,98.0,-4.0,#FA007F,0
3107,49.0,100.0,-16.0,#F80093,0
3108,49.0,104.0,-60.0,#E500DD,0
3109,49.0,104.0,-10.0,#FF0089,0
3110,49.0,106.0,-24.0,#FC00A0,0
3111,49.0,108.0,-76.0,#DC00F9,0
3112,49.0,110.0,-36.0,#FC00B4,0
3113,49.0,112.0,-64.0,#ED00E4,0
3114,49.0,116.0,-52.0,#FB00CF,0
3115,49.0,120.0,-68.0,#F500EB,0
3116,50.0,-120.0,4.0,#00996E,0
3117,50.0,-120.0,12.0,#009960,0
3118,50.0,-120.0,20.0,#009951,0
3119,50.0,-120.0,28.0,#009942,0
3120,50.0,-120.0,36.0,#009832,0
3121,50.0,-114.0,-10.0,#009986,0
3122,50.0,-112.0,28.0,#009743,0
3123,50.0,-112.0,36.0,#009732,0
3124,50.0,-112.0,44.0,#00971F,0
3125,50.0,-102.0,-14.0,#00988D,0
3126,50.0,-96.0,-28.0,#0098A5,0
3127,50.0,-96.0,78.0,#009400,0
3128,50.0,-94.0,62.0,#009400,0
3129,50.0,-90.0,50.0,#00930A,0
3130,50.0,-88.0,-32.0,#0096AC,0
3131,50.0,-88.0,38.0,#00932F,0
3132,50.0,-88.0,64.0,#009300,0
3133,50.0,-84.0,78.0,#009200,0
3134,50.0,-80.0,-20.0,#009497,0
3135,50.0,-80.0,30.0,#009240,0
3136,50.0,-78.0,-14.0,#00938D,0
3137,50.0,-76.0,-38.0,#0095B6,0
3138,50.0,-72.0,-18.0,#009294,0
3139,50.0,-72.0,22.0,#00904F,0
3140,50.0,-70.0,-40.0,#0093BA,0
3141,50.0,-68.0,52.0,#008E02,0
3142,50.0,-64.0,72.0,#008D00,0
3143,50.0,-64.0,82.0,#008D00,0
3144,50.0,-60.0,-24.0,#00909E,0
3145,50.0,-58.0,-46.0,#0091C4,0
3146,50.0,-58.0,-18.0,#008F94,0
3147,50.0,-58.0,68.0,#008C00,0
3148,50.0,-54.0,-26.0,#008EA2,0
3149,50.0,-52.0,-40.0,#008FBA,0
3150,50.0,-52.0,72.0,#288A00,0
3151,50.0,-48.0,2.0,#008A72,0
3152,50.0,-46.0,84.0,#3F8800,0
3153,50.0,-42.0,-16.0,#008A91,0
3154,50.0,-42.0,0.0,#008976,0
3155,50.0,-40.0,-54.0,#008DD3,0
3156,50.0,-40.0,-26.0,#008AA2,0
3157,50.0,-36.0,-20.0,#008898,0
3158,50.0,-36.0,-12.0,#00878A,0
3159,50.0,-36.0,4.0,#10866F,1
3160,50.0,-34.0,-56.0,#008BD6,0
3161,50.0,-28.0,-30.0,#0086A9,0
3162,50.0,-26.0,66.0,#678100,0
3163,50.0,-24.0,-24.0,#00849F,0
3164,50.0,-22.0,-54.0,#0086D3,0
3165,50.0,-22.0,-32.0,#0084AD,0
3166,50.0,-22.0,22.0,#5D8051,1
3167,50.0,-22.0,72.0,#6F7F00,0
3168,50.0,-20.0,-48.0,#0085C8,0
3169,50.0,-20.0,28.0,#657F46,1
3170,50.0,-18.0,-18.0,#2E8195,1
3171,50.0,-18.0,6.0,#587F6C,1
3172,50.0,-16.0,20.0,#687E54,1
3173,50.0,-12.0,2.0,#617D73,1
3174,50.0,-12.0,10.0,#687C66,1
3175,50.0,-10.0,-58.0,#0082DA,0
3176,50.0,-10.0,16.0,#707B5B,1
3177,50.0,-10.0,54.0,#7F7A06,1
3178,50.0,-6.0,-16.0,#597B92,1
3179,50.0,-4.0,12.0,#787863,1
3180,50.0,-4.0,50.0,#877718,1
3181,50.0,0.0,-10.0,#6E7888,1
3182,50.0,2.0,-50.0,#007BCC,0
3183,50.0,2.0,46.0,#8F7423,1
3184,50.0,4.0,8.0,#83746A,1
3185,50.0,8.0,58.0,#9A7000,0
3186,50.0,12.0,-40.0,#5E74BB,1
3187,50.0,12.0,-24.0,#7672A0,1
3188,50.0,14.0,-54.0,#4075D3,1
3189,50.0,14.0,54.0,#A16C0E,1
3190,50.0,16.0,-48.0,#5872C9,1
3191,50.0,20.0,-58.0,#4A71DA,1
3192,50.0,22.0,2.0,#9C6974,1
3193,50.0,22.0,14.0,#A16860,1
3194,50.0,22.0,36.0,#A9673A,1
3195,50.0,24.0,-30.0,#866BAA,1
3196,50.0,24.0,-14.0,#95698F,1
3197,50.0,24.0,42.0,#AC652F,1
3198,50.0,26.0,8.0,#A5666A,1
3199,50.0,28.0,56.0,#B4620A,1
3200,50.0,28.0,72.0,#B56200,0
3201,50.0,30.0,-32.0,#8F66AE,1
3202,50.0,32.0,-62.0,#6569E2,1
3203,50.0,32.0,-10.0,#A46289,1
3204,50.0,34.0,52.0,#BB5D1A,1
3205,50.0,34.0,60.0,#BC5D00,0
3206,50.0,36.0,-18.0,#A46096,1
3207,50.0,36.0,32.0,#BA5C42,1
3208,50.0,42.0,36.0,#C2553C,1
3209,50.0,42.0,68.0,#C65400,0
3210,50.0,44.0,14.0,#BF5561,1
3211,50.0,46.0,56.0,#CA5011,1
3212,50.0,48.0,-50.0,#9A59CD,1
3213,50.0,48.0,-34.0,#AA56B2,1
3214,50.0,50.0,-20.0,#B8519A,1
3215,50.0,50.0,40.0,#CD4C35,1
3216,50.0,50.0,76.0,#D14B00,0
3217,50.0,50.0,84.0,#D14B00,0
3218,50.0,52.0,54.0,#D24918,1
3219,50.0,54.0,60.0,#D44604,1
3220,50.0,56.0,74.0,#D84200,0
3221,50.0,60.0,-84.0,#7B54FF,0
3222,50.0,60.0,-58.0,#A64CDB,1
3223,50.0,60.0,-42.0,#B648BF,1
3224,50.0,60.0,-34.0,#BC47B2,1
3225,50.0,60.0,22.0,#D63E55,1
3226,50.0,60.0,30.0,#D83E48,1
3227,50.0,60.0,58.0,#DC3C0F,1
3228,50.0,62.0,4.0,#D33D73,1
3229,50.0,62.0,64.0,#DE3800,0
3230,50.0,66.0,24.0,#DE3252,1
3231,50.0,72.0,-58.0,#BA39DB,1
3232,50.0,72.0,18.0,#E4235C,1
3233,50.0,74.0,-36.0,#CF2CB6,1
3234,50.0,76.0,-8.0,#E01A87,1
3235,50.0,78.0,86.0,#F20000,0
3236,50.0,80.0,-82.0,#AA31FF,0
3237,50.0,80.0,-40.0,#D518BD,1
3238,50.0,82.0,-34.0,#DB03B2,1
3239,50.0,84.0,-66.0,#C519EA,1
3240,50.0,86.0,-44.0,#DA00C4,0
3241,50.0,88.0,-38.0,#E100B9,0
3242,50.0,92.0,48.0,#FF002D,0
3243,50.0,94.0,32.0,#FF0048,0
3244,50.0,96.0,-42.0,#E900C0,0
3245,50.0,96.0,6.0,#FE0071,0
3246,50.0,96.0,18.0,#FF005E,0
3247,50.0,98.0,-74.0,#D200F8,0
3248,50.0,98.0,-66.0,#DA00EA,0
3249,50.0,98.0,-52.0,#E500D2,0
3250,50.0,106.0,-66.0,#E600EA,0
3251,50.0,108.0,-16.0,#FF0095,0
3252,50.0,114.0,-58.0,#F700DC,0
3253,51.0,-128.0,8.0,#009D69,0
3254,51.0,-128.0,16.0,#009D5B,0
3255,51.0,-128.0,24.0,#009D4C,0
3256,51.0,-128.0,32.0,#009C3D,0
3257,51.0,-128.0,40.0,#009C2B,0
3258,51.0,-128.0,48.0,#009C13,0
3259,51.0,-120.0,42.0,#009B27,0
3260,51.0,-112.0,22.0,#009A50,0
3261,51.0,-106.0,-4.0,#009B7E,0
3262,51.0,-106.0,60.0,#009900,0
3263,51.0,-104.0,2.0,#009A74,0
3264,51.0,-104.0,26.0,#009949,0
3265,51.0,-104.0,42.0,#009927,0
3266,51.0,-102.0,74.0,#009800,0
3267,51.0,-98.0,-4.0,#00997E,0
3268,51.0,-96.0,-14.0,#009A8F,0
3269,51.0,-96.0,2.0,#009974,0
3270,51.0,-96.0,10.0,#009866,0
3271,51.0,-96.0,18.0,#009858,0
3272,51.0,-96.0,34.0,#00983A,0
3273,51.0,-96.0,50.0,#00970D,0
3274,51.0,-92.0,-8.0,#009885,0
3275,51.0,-88.0,-26.0,#0099A4,0
3276,51.0,-88.0,-2.0,#00977B,0
3277,51.0,-82.0,-4.0,#00967E,0
3278,51.0,-80.0,-26.0,#0097A4,0
3279,51.0,-80.0,2.0,#009574,0
3280,51.0,-80.0,18.0,#009558,0
3281,51.0,-80.0,42.0,#009429,0
3282,51.0,-72.0,6.0,#00936D,0
3283,51.0,-70.0,-24.0,#0095A1,0
3284,51.0,-66.0,4.0,#009271,0
3285,51.0,-66.0,28.0,#009146,0
3286,51.0,-62.0,42.0,#00902A,0
3287,51.0,-62.0,50.0,#009012,0
3288,51.0,-58.0,-32.0,#0092AF,0
3289,51.0,-58.0,28.0,#008F47,0
3290,51.0,-56.0,44.0,#008E25,0
3291,51.0,-54.0,16.0,#008E5C,0
3292,51.0,-54.0,84.0,#288D00,0
3293,51.0,-52.0,-10.0,#008F89,0
3294,51.0,-52.0,22.0,#008D52,0
3295,51.0,-50.0,46.0,#238C20,1
3296,51.0,-48.0,-56.0,#0092D9,0
3297,51.0,-48.0,78.0,#3B8B00,0
3298,51.0,-46.0,16.0,#008C5D,0
3299,51.0,-46.0,58.0,#3B8B00,0
3300,51.0,-40.0,20.0,#2B8A56,1
3301,51.0,-38.0,34.0,#43893C,1
3302,51.0,-38.0,84.0,#558800,0
3303,51.0,-36.0,-62.0,#008FE4,0
3304,51.0,-34.0,54.0,#578704,1
3305,51.0,-34.0,72.0,#5B8600,0
3306,51.0,-32.0,86.0,#618600,0
3307,51.0,-30.0,-66.0,#008DEB,0
3308,51.0,-26.0,-60.0,#008BE0,0
3309,51.0,-24.0,-68.0,#008BEE,0
3310,51.0,-24.0,-6.0,#388583,1
3311,51.0,-24.0,86.0,#708200,0
3312,51.0,-22.0,16.0,#5B835D,1
3313,51.0,-20.0,52.0,#718111,1
3314,51.0,-18.0,-72.0,#008AF6,0
3315,51.0,-16.0,34.0,#72803D,1
3316,51.0,-16.0,42.0,#75802D,1
3317,51.0,-14.0,64.0,#7D7E00,0
3318,51.0,-14.0,72.0,#7E7E00,0
3319,51.0,-12.0,-20.0,#44819B,1
3320,51.0,-12.0,-12.0,#53808D,1
3321,51.0,-8.0,-30.0,#3980AC,1
3322,51.0,-8.0,60.0,#867B00,0
3323,51.0,-8.0,68.0,#877B00,0
3324,51.0,-6.0,-24.0,#4E7EA2,1
3325,51.0,-4.0,-40.0,#247FBD,1
3326,51.0,-4.0,-2.0,#707C7D,1
3327,51.0,-2.0,66.0,#907800,0
3328,51.0,2.0,30.0,#8D7746,1
3329,51.0,4.0,-10.0,#78788A,1
3330,51.0,4.0,14.0,#897662,1
3331,51.0,4.0,36.0,#92753B,1
3332,51.0,10.0,34.0,#9A723F,1
3333,51.0,10.0,48.0,#9E7122,1
3334,51.0,12.0,-30.0,#7175AD,1
3335,51.0,16.0,28.0,#A16E4A,1
3336,51.0,18.0,-36.0,#7572B7,1
3337,51.0,18.0,76.0,#AC6C00,0
3338,51.0,18.0,86.0,#AC6C00,0
3339,51.0,26.0,-56.0,#656FDA,1
3340,51.0,32.0,-4.0,#AA6481,1
3341,51.0,32.0,12.0,#B16367,1
3342,51.0,34.0,18.0,#B6615D,1
3343,51.0,34.0,86.0,#C15F00,0
3344,51.0,36.0,-44.0,#8F66C5,1
3345,51.0,38.0,8.0,#B85E6D,1
3346,51.0,40.0,-78.0,#5469FF,0
3347,51.0,44.0,6.0,#BF5871,1
3348,51.0,46.0,-60.0,#8C5FE1,1
3349,51.0,56.0,-14.0,#C64C93,1
3350,51.0,56.0,86.0,#DC4500,0
3351,51.0,58.0,-70.0,#9455F3,1
3352,51.0,62.0,-50.0,#B54AD0,1
3353,51.0,62.0,-10.0,#D0428C,1
3354,51.0,62.0,12.0,#D93F68,1
3355,51.0,64.0,-4.0,#D63E82,1
3356,51.0,66.0,72.0,#E73300,0
3357,51.0,68.0,-48.0,#C040CD,1
3358,51.0,68.0,-24.0,#D13AA4,1
3359,51.0,70.0,60.0,#EB290F,1
3360,51.0,74.0,72.0,#F01A00,0
3361,51.0,78.0,-70.0,#B934F3,1
3362,51.0,78.0,16.0,#EE0B62,1
3363,51.0,78.0,62.0,#F5000C,0
3364,51.0,80.0,-76.0,#B532FE,1
3365,51.0,84.0,30.0,#F8004C,0
3366,51.0,86.0,-78.0,#BD20FF,0
3367,51.0,88.0,-30.0,#E900AF,0
3368,51.0,94.0,-36.0,#ED00B9,0
3369,51.0,96.0,-58.0,#E100DF,0
3370,51.0,96.0,-30.0,#F300AF,0
3371,51.0,98.0,-24.0,#F900A5,0
3372,51.0,102.0,2.0,#FF007B,0
3373,51.0,104.0,-30.0,#FE00AF,0
3374,51.0,106.0,-44.0,#F900C7,0
3375,52.0,-128.0,0.0,#00A079,0
3376,52.0,-122.0,-2.0,#00A07D,0
3377,52.0,-114.0,-2.0,#009F7D,0
3378,52.0,-98.0,-20.0,#009D9C,0
3379,52.0,-88.0,12.0,#009A65,0
3380,52.0,-88.0,20.0,#009957,0
3381,52.0,-80.0,8.0,#00986C,0
3382,52.0,-80.0,48.0,#00971B,0
3383,52.0,-74.0,-2.0,#00977E,0
3384,52.0,-72.0,-30.0,#0099AE,0
3385,52.0,-72.0,12.0,#009665,0
3386,52.0,-68.0,42.0,#00942C,0
3387,52.0,-66.0,-34.0,#0097B5,0
3388,52.0,-66.0,-2.0,#00957E,0
3389,52.0,-60.0,-6.0,#009485,0
3390,52.0,-54.0,6.0,#009170,0
3391,52.0,-52.0,66.0,#2D8F00,0
3392,52.0,-48.0,-46.0,#0094CA,0
3393,52.0,-46.0,8.0,#008F6D,0
3394,52.0,-42.0,-34.0,#0090B5,0
3395,52.0,-42.0,28.0,#328D4A,1
3396,52.0,-40.0,42.0,#468C2E,1
3397,52.0,-40.0,58.0,#4E8B00,0
3398,52.0,-40.0,66.0,#508B00,0
3399,52.0,-38.0,-42.0,#0090C3,0
3400,52.0,-38.0,10.0,#228C6A,1
3401,52.0,-36.0,-36.0,#008FB9,0
3402,52.0,-36.0,-6.0,#008C85,0
3403,52.0,-34.0,-30.0,#008DAE,0
3404,52.0,-34.0,62.0,#5C8900,0
3405,52.0,-32.0,-46.0,#008ECA,0
3406,52.0,-30.0,-40.0,#008DC0,0
3407,52.0,-30.0,-24.0,#008BA4,0
3408,52.0,-30.0,-16.0,#008B96,0
3409,52.0,-30.0,-8.0,#118A89,1
3410,52.0,-30.0,20.0,#4E8959,1
3411,52.0,-28.0,58.0,#678700,0
3412,52.0,-24.0,-12.0,#2B8890,1
3413,52.0,-22.0,-38.0,#008ABC,0
3414,52.0,-16.0,-42.0,#0087C4,0
3415,52.0,-14.0,-4.0,#5B8382,1
3416,52.0,-12.0,-36.0,#0085B9,0
3417,52.0,-10.0,-46.0,#0085CB,0
3418,52.0,-10.0,48.0,#837F22,1
3419,52.0,-8.0,-78.0,#0089FF,0
3420,52.0,-6.0,-72.0,#0087F9,0
3421,52.0,-4.0,-50.0,#0083D2,0
3422,52.0,-4.0,28.0,#867D4C,1
3423,52.0,-4.0,36.0,#897C3D,1
3424,52.0,-4.0,44.0,#8B7C2C,1
3425,52.0,-4.0,76.0,#907C00,0
3426,52.0,-2.0,-82.0,#0087FF,0
3427,52.0,-2.0,-66.0,#0084EE,0
3428,52.0,0.0,-74.0,#0084FC,0
3429,52.0,0.0,-60.0,#0082E3,0
3430,52.0,0.0,8.0,#827B6E,1
3431,52.0,2.0,0.0,#807B7C,1
3432,52.0,4.0,-68.0,#0081F2,0
3433,52.0,4.0,52.0,#997819,1
3434,52.0,6.0,-82.0,#0083FF,0
3435,52.0,6.0,-62.0,#007FE7,0
3436,52.0,6.0,-40.0,#537CC0,1
3437,52.0,8.0,-56.0,#1A7DDC,1
3438,52.0,8.0,64.0,#A07500,0
3439,52.0,10.0,8.0,#92766F,1
3440,52.0,12.0,-64.0,#007CEB,0
3441,52.0,14.0,0.0,#94747C,1
3442,52.0,14.0,60.0,#A87100,0
3443,52.0,16.0,6.0,#9A7272,1
3444,52.0,16.0,42.0,#A87033,1
3445,52.0,24.0,-50.0,#6F72D2,1
3446,52.0,26.0,-70.0,#3C74F5,1
3447,52.0,26.0,28.0,#B2694D,1
3448,52.0,28.0,-22.0,#9A6CA2,1
3449,52.0,28.0,34.0,#B66843,1
3450,52.0,28.0,82.0,#BC6600,0
3451,52.0,32.0,-76.0,#3D71FF,0
3452,52.0,32.0,24.0,#B86555,1
3453,52.0,40.0,-60.0,#8267E4,1
3454,52.0,40.0,48.0,#C85C29,1
3455,52.0,42.0,-10.0,#B85E8E,1
3456,52.0,42.0,78.0,#CD5900,0
3457,52.0,44.0,-22.0,#B35EA2,1
3458,52.0,46.0,-82.0,#5F67FF,0
3459,52.0,46.0,-66.0,#8563EF,1
3460,52.0,46.0,-40.0,#A75EC1,1
3461,52.0,50.0,-28.0,#B858AD,1
3462,52.0,50.0,6.0,#CA5474,1
3463,52.0,52.0,12.0,#CF516A,1
3464,52.0,54.0,-40.0,#B455C1,1
3465,52.0,54.0,66.0,#DB4B00,0
3466,52.0,56.0,0.0,#D04D7E,1
3467,52.0,56.0,80.0,#DF4800,0
3468,52.0,62.0,82.0,#E63E00,0
3469,52.0,64.0,88.0,#E93A00,0
3470,52.0,66.0,54.0,#E93721,1
3471,52.0,68.0,-12.0,#DA3B92,1
3472,52.0,68.0,12.0,#E3366B,1
3473,52.0,70.0,-4.0,#E03585,1
3474,52.0,72.0,-80.0,#A447FF,0
3475,52.0,76.0,24.0,#F01C58,1
3476,52.0,82.0,4.0,#F30079,0
3477,52.0,84.0,10.0,#F7006F,0
3478,52.0,86.0,-72.0,#C720FA,1
3479,52.0,92.0,24.0,#FF0059,0
3480,52.0,104.0,-72.0,#E400FB,0
3481,52.0,114.0,-70.0,#F400F7,0
3482,53.0,-128.0,54.0,#00A200,0
3483,53.0,-128.0,64.0,#00A200,0
3484,53.0,-126.0,70.0,#00A100,0
3485,53.0,-120.0,48.0,#00A11B,0
3486,53.0,-120.0,56.0,#00A100,0
3487,53.0,-112.0,50.0,#00A014,0
3488,53.0,-112.0,58.0,#00A000,0
3489,53.0,-112.0,66.0,#009F00,0
3490,53.0,-110.0,74.0,#009F00,0
3491,53.0,-104.0,68.0,#009E00,0
3492,53.0,-88.0,30.0,#009C47,0
3493,53.0,-86.0,-18.0,#009E9C,0
3494,53.0,-84.0,-12.0,#009D91,0
3495,53.0,-80.0,24.0,#009A52,0
3496,53.0,-78.0,56.0,#009900,0
3497,53.0,-76.0,64.0,#009800,0
3498,53.0,-74.0,-8.0,#009A8B,0
3499,53.0,-74.0,70.0,#009800,0
3500,53.0,-72.0,30.0,#009847,0
3501,53.0,-70.0,58.0,#009700,0
3502,53.0,-68.0,64.0,#009600,0
3503,53.0,-66.0,-8.0,#00988B,0
3504,53.0,-64.0,56.0,#009500,0
3505,53.0,-62.0,62.0,#009500,0
3506,53.0,-60.0,14.0,#009565,0
3507,53.0,-60.0,22.0,#009556,0
3508,53.0,-54.0,34.0,#009340,0
3509,53.0,-52.0,-32.0,#0096B4,0
3510,53.0,-52.0,52.0,#279213,1
3511,53.0,-50.0,-4.0,#009384,0
3512,53.0,-48.0,-20.0,#0094A0,0
3513,53.0,-44.0,52.0,#448F14,1
3514,53.0,-40.0,72.0,#548E00,0
3515,53.0,-32.0,30.0,#548C49,1
3516,53.0,-30.0,0.0,#338C7E,1
3517,53.0,-28.0,6.0,#468B73,1
3518,53.0,-28.0,36.0,#618A3E,1
3519,53.0,-28.0,76.0,#6D8900,0
3520,53.0,-26.0,28.0,#60894D,1
3521,53.0,-22.0,2.0,#51897A,1
3522,53.0,-22.0,62.0,#758700,0
3523,53.0,-22.0,78.0,#788700,0
3524,53.0,-16.0,82.0,#828400,0
3525,53.0,-2.0,-30.0,#5382B2,1
3526,53.0,0.0,-16.0,#6F809A,1
3527,53.0,2.0,24.0,#907C55,1
3528,53.0,4.0,72.0,#9E7A00,0
3529,53.0,8.0,24.0,#997956,1
3530,53.0,10.0,-14.0,#857A97,1
3531,53.0,12.0,-8.0,#8D788C,1
3532,53.0,14.0,-70.0,#007EF8,0
3533,53.0,18.0,-12.0,#947593,1
3534,53.0,22.0,48.0,#B46E29,1
3535,53.0,22.0,56.0,#B56E14,1
3536,53.0,24.0,-62.0,#5677EA,1
3537,53.0,26.0,20.0,#B26C5E,1
3538,53.0,28.0,50.0,#BC6A25,1
3539,53.0,32.0,-38.0,#946DC0,1
3540,53.0,34.0,38.0,#C2653E,1
3541,53.0,34.0,46.0,#C3642F,1
3542,53.0,36.0,-26.0,#A668AC,1
3543,53.0,38.0,-4.0,#B86487,1
3544,53.0,40.0,42.0,#CA5F38,1
3545,53.0,40.0,58.0,#CD5E12,1
3546,53.0,42.0,-16.0,#B7619B,1
3547,53.0,44.0,-2.0,#C25E83,1
3548,53.0,46.0,28.0,#CF5951,1
3549,53.0,46.0,44.0,#D25834,1
3550,53.0,48.0,90.0,#D95500,0
3551,53.0,50.0,0.0,#CB5780,1
3552,53.0,52.0,30.0,#D7524E,1
3553,53.0,56.0,-62.0,#A25AEB,1
3554,53.0,58.0,40.0,#E1493D,1
3555,53.0,62.0,-28.0,#CC4BB0,1
3556,53.0,62.0,-20.0,#D14AA2,1
3557,53.0,64.0,18.0,#E34163,1
3558,53.0,64.0,34.0,#E73F48,1
3559,53.0,66.0,-78.0,#9E52FF,0
3560,53.0,66.0,-56.0,#BB4CE0,1
3561,53.0,66.0,-40.0,#C947C5,1
3562,53.0,66.0,40.0,#EA3B3E,1
3563,53.0,66.0,48.0,#EC3B2F,1
3564,53.0,68.0,-34.0,#D143BA,1
3565,53.0,68.0,-18.0,#DA3F9F,1
3566,53.0,68.0,78.0,#F03500,0
3567,53.0,70.0,-66.0,#B648F2,1
3568,53.0,70.0,30.0,#ED3350,1
3569,53.0,72.0,36.0,#F12D46,1
3570,53.0,72.0,44.0,#F22C38,1
3571,53.0,72.0,66.0,#F42B00,0
3572,53.0,74.0,50.0,#F5262D,1
3573,53.0,76.0,-30.0,#DF30B4,1
3574,53.0,76.0,78.0,#FA1C00,0
3575,53.0,78.0,-62.0,#C837EB,1
3576,53.0,78.0,-46.0,#D631CF,1
3577,53.0,80.0,68.0,#FE0000,0
3578,53.0,82.0,-24.0,#EA17AA,1
3579,53.0,82.0,74.0,#FF0000,0
3580,53.0,90.0,-24.0,#F500AA,0
3581,53.0,92.0,-76.0,#D005FF,0
3582,53.0,92.0,-48.0,#E900D3,0
3583,53.0,106.0,-54.0,#F900DE,0
3584,53.0,114.0,-46.0,#FF00D0,0
3585,54.0,-128.0,-8.0,#00A78C,0
3586,54.0,-120.0,-12.0,#00A693,0
3587,54.0,-98.0,68.0,#00A000,0
3588,54.0,-96.0,26.0,#00A050,0
3589,54.0,-96.0,42.0,#00A02F,0
3590,54.0,-90.0,56.0,#009E00,0
3591,54.0,-90.0,76.0,#009E00,0
3592,54.0,-84.0,58.0,#009D00,0
3593,54.0,-82.0,72.0,#009C00,0
3594,54.0,-74.0,38.0,#009B39,0
3595,54.0,-66.0,-16.0,#009C9B,0
3596,54.0,-66.0,14.0,#009A67,0
3597,54.0,-66.0,22.0,#009A59,0
3598,54.0,-60.0,4.0,#009979,0
3599,54.0,-60.0,34.0,#009842,0
3600,54.0,-58.0,76.0,#1E9600,0
3601,54.0,-48.0,30.0,#1F944A,1
3602,54.0,-46.0,-10.0,#009591,0
3603,54.0,-44.0,36.0,#3A923F,1
3604,54.0,-42.0,78.0,#549100,0
3605,54.0,-36.0,24.0,#479056,1
3606,54.0,-34.0,44.0,#5B8F2F,1
3607,54.0,-34.0,80.0,#658E00,0
3608,54.0,-28.0,12.0,#508D6C,1
3609,54.0,-28.0,42.0,#678C34,1
3610,54.0,-26.0,-50.0,#0092D7,0
3611,54.0,-26.0,48.0,#6D8B26,1
3612,54.0,-24.0,-44.0,#0090CC,0
3613,54.0,-22.0,38.0,#708A3C,1
3614,54.0,-16.0,-62.0,#008FEC,0
3615,54.0,-16.0,-24.0,#328BAA,1
3616,54.0,-12.0,26.0,#7D8654,1
3617,54.0,-12.0,88.0,#8B8500,0
3618,54.0,-10.0,-66.0,#008DF4,0
3619,54.0,-10.0,32.0,#838549,1
3620,54.0,-6.0,8.0,#7C8473,1
3621,54.0,-6.0,84.0,#948200,0
3622,54.0,-6.0,92.0,#958200,0
3623,54.0,-2.0,-6.0,#78838B,1
3624,54.0,0.0,-24.0,#6683AA,1
3625,54.0,0.0,86.0,#9D7E00,0
3626,54.0,2.0,62.0,#9D7E00,0
3627,54.0,4.0,92.0,#A37C00,0
3628,54.0,6.0,-28.0,#6E80B1,1
3629,54.0,6.0,-20.0,#797FA3,1
3630,54.0,6.0,2.0,#8D7E7E,1
3631,54.0,6.0,84.0,#A57B00,0
3632,54.0,8.0,-74.0,#0085FF,0
3633,54.0,10.0,16.0,#9C7A66,1
3634,54.0,10.0,42.0,#A57937,1
3635,54.0,10.0,74.0,#AA7900,0
3636,54.0,10.0,90.0,#AB7800,0
3637,54.0,12.0,80.0,#AD7700,0
3638,54.0,14.0,-78.0,#0082FF,0
3639,54.0,16.0,-18.0,#8E79A0,1
3640,54.0,16.0,14.0,#A4766A,1
3641,54.0,16.0,22.0,#A7765C,1
3642,54.0,16.0,68.0,#B27500,0
3643,54.0,18.0,-26.0,#8A78AE,1
3644,54.0,20.0,-44.0,#7679CD,1
3645,54.0,22.0,-20.0,#9775A4,1
3646,54.0,22.0,64.0,#B97000,0
3647,54.0,22.0,90.0,#BB7000,0
3648,54.0,24.0,-38.0,#8776C3,1
3649,54.0,24.0,-4.0,#A67289,1
3650,54.0,28.0,-44.0,#8774CD,1
3651,54.0,28.0,92.0,#C36B00,0
3652,54.0,30.0,66.0,#C46A00,0
3653,54.0,32.0,-56.0,#7D72E3,1
3654,54.0,32.0,4.0,#B66B7B,1
3655,54.0,34.0,-50.0,#8B70D8,1
3656,54.0,36.0,-68.0,#6E71F8,1
3657,54.0,36.0,68.0,#CC6500,0
3658,54.0,36.0,92.0,#CD6400,0
3659,54.0,38.0,-36.0,#A36AC0,1
3660,54.0,40.0,-48.0,#996AD5,1
3661,54.0,40.0,22.0,#C8635D,1
3662,54.0,42.0,86.0,#D45E00,0
3663,54.0,48.0,22.0,#D35A5E,1
3664,54.0,50.0,-14.0,#C75B9A,1
3665,54.0,52.0,-56.0,#A560E3,1
3666,54.0,52.0,-8.0,#CD5890,1
3667,54.0,54.0,24.0,#DB535B,1
3668,54.0,56.0,-26.0,#C856AF,1
3669,54.0,64.0,-70.0,#A955FC,1
3670,54.0,64.0,-62.0,#B453EE,1
3671,54.0,72.0,84.0,#F92E00,0
3672,54.0,78.0,32.0,#FB1E4F,1
3673,54.0,82.0,92.0,#FF0000,0
3674,54.0,84.0,-16.0,#F40C9F,1
3675,54.0,84.0,-8.0,#F70492,1
3676,54.0,84.0,18.0,#FF0067,0
3677,54.0,84.0,44.0,#FF003B,0
3678,54.0,86.0,-2.0,#FC0088,0
3679,54.0,86.0,50.0,#FF0031,0
3680,54.0,88.0,-56.0,#E014E4,1
3681,54.0,88.0,36.0,#FF004A,0
3682,54.0,88.0,56.0,#FF0026,0
3683,54.0,90.0,42.0,#FF0040,0
3684,54.0,92.0,-8.0,#FF0092,0
3685,54.0,94.0,-2.0,#FF0088,0
3686,54.0,100.0,-8.0,#FF0092,0
3687,55.0,-120.0,8.0,#00A873,0
3688,55.0,-120.0,16.0,#00A865,0
3689,55.0,-120.0,24.0,#00A756,0
3690,55.0,-120.0,32.0,#00A747,0
3691,55.0,-120.0,64.0,#00A600,0
3692,55.0,-120.0,74.0,#00A600,0
3693,55.0,-112.0,8.0,#00A773,0
3694,55.0,-112.0,16.0,#00A665,0
3695,55.0,-112.0,32.0,#00A647,0
3696,55.0,-112.0,40.0,#00A636,0
3697,55.0,-110.0,-16.0,#00A89D,0
3698,55.0,-108.0,82.0,#00A400,0
3699,55.0,-106.0,-22.0,#00A7A8,0
3700,55.0,-104.0,12.0,#00A56C,0
3701,55.0,-104.0,20.0,#00A55E,0
3702,55.0,-104.0,36.0,#00A43F,0
3703,55.0,-104.0,52.0,#00A414,0
3704,55.0,-100.0,-26.0,#00A7AF,0
3705,55.0,-100.0,82.0,#00A300,0
3706,55.0,-94.0,-24.0,#00A5AB,0
3707,55.0,-92.0,-30.0,#00A5B6,0
3708,55.0,-92.0,-18.0,#00A4A1,0
3709,55.0,-92.0,70.0,#00A100,0
3710,55.0,-92.0,84.0,#00A100,0
3711,55.0,-88.0,42.0,#00A132,0
3712,55.0,-86.0,-34.0,#00A4BD,0
3713,55.0,-86.0,86.0,#00A000,0
3714,55.0,-84.0,66.0,#00A000,0
3715,55.0,-80.0,-38.0,#00A3C4,0
3716,55.0,-80.0,36.0,#009F40,0
3717,55.0,-78.0,80.0,#009E00,0
3718,55.0,-76.0,-18.0,#00A1A1,0
3719,55.0,-76.0,88.0,#009E00,0
3720,55.0,-74.0,-42.0,#00A2CB,0
3721,55.0,-74.0,46.0,#009E2A,0
3722,55.0,-72.0,76.0,#009D00,0
3723,55.0,-70.0,84.0,#009C00,0
3724,55.0,-68.0,-44.0,#00A1CF,0
3725,55.0,-64.0,-24.0,#009EAC,0
3726,55.0,-64.0,78.0,#009B00,0
3727,55.0,-64.0,88.0,#009B00,0
3728,55.0,-62.0,-48.0,#00A0D6,0
3729,55.0,-62.0,-40.0,#009FC8,0
3730,55.0,-58.0,56.0,#0C9906,1
3731,55.0,-56.0,-50.0,#009ED9,0
3732,55.0,-56.0,-42.0,#009ECB,0
3733,55.0,-56.0,-22.0,#009CA8,0
3734,55.0,-56.0,-14.0,#009B9A,0
3735,55.0,-56.0,62.0,#249800,0
3736,55.0,-50.0,92.0,#459600,0
3737,55.0,-48.0,-38.0,#009BC4,0
3738,55.0,-46.0,64.0,#499500,0
3739,55.0,-46.0,72.0,#4C9500,0
3740,55.0,-44.0,-26.0,#0098AF,0
3741,55.0,-44.0,88.0,#549400,0
3742,55.0,-42.0,-4.0,#009689,0
3743,55.0,-42.0,4.0,#00967C,0
3744,55.0,-38.0,-56.0,#0099E4,0
3745,55.0,-38.0,-48.0,#0098D6,0
3746,55.0,-38.0,92.0,#629200,0
3747,55.0,-36.0,-14.0,#00959B,0
3748,55.0,-36.0,2.0,#20947F,1
3749,55.0,-34.0,16.0,#469267,1
3750,55.0,-32.0,-58.0,#0097E8,0
3751,55.0,-28.0,64.0,#718F00,0
3752,55.0,-26.0,-32.0,#0092BA,0
3753,55.0,-26.0,70.0,#758E00,0
3754,55.0,-24.0,-18.0,#1D90A2,1
3755,55.0,-20.0,26.0,#708C56,1
3756,55.0,-20.0,46.0,#7A8C2E,1
3757,55.0,-20.0,68.0,#7F8B00,0
3758,55.0,-20.0,92.0,#828B00,0
3759,55.0,-18.0,-48.0,#0091D6,0
3760,55.0,-18.0,-12.0,#4C8D98,1
3761,55.0,-16.0,10.0,#6D8B72,1
3762,55.0,-14.0,-56.0,#0090E5,0
3763,55.0,-14.0,16.0,#758A68,1
3764,55.0,-8.0,-58.0,#008DE8,0
3765,55.0,-8.0,14.0,#7F876B,1
3766,55.0,-4.0,56.0,#968314,1
3767,55.0,0.0,-54.0,#0089E1,0
3768,55.0,4.0,-34.0,#6284BE,1
3769,55.0,6.0,8.0,#948076,1
3770,55.0,10.0,-46.0,#5A82D3,1
3771,55.0,16.0,54.0,#B3771F,1
3772,55.0,18.0,-62.0,#4580F0,1
3773,55.0,20.0,38.0,#B57542,1
3774,55.0,22.0,-74.0,#0A7FFF,0
3775,55.0,26.0,-30.0,#9776B8,1
3776,55.0,26.0,-10.0,#A87496,1
3777,55.0,26.0,4.0,#B0727E,1
3778,55.0,26.0,12.0,#B47270,1
3779,55.0,32.0,-12.0,#B06F99,1
3780,55.0,32.0,56.0,#C86B1C,1
3781,55.0,36.0,76.0,#CF6700,0
3782,55.0,38.0,30.0,#CB6752,1
3783,55.0,42.0,72.0,#D76100,0
3784,55.0,46.0,16.0,#D15F6A,1
3785,55.0,46.0,64.0,#DB5D01,1
3786,55.0,48.0,70.0,#DE5B00,0
3787,55.0,48.0,78.0,#DF5B00,0
3788,55.0,52.0,-76.0,#8967FF,0
3789,55.0,52.0,-68.0,#9765FB,1
3790,55.0,52.0,36.0,#DF5748,1
3791,55.0,56.0,-32.0,#C65ABC,1
3792,55.0,58.0,8.0,#DF5178,1
3793,55.0,58.0,32.0,#E54F50,1
3794,55.0,58.0,48.0,#E84E33,1
3795,55.0,60.0,70.0,#ED4B00,0
3796,55.0,62.0,76.0,#F04700,0
3797,55.0,64.0,2.0,#E44983,1
3798,55.0,64.0,26.0,#EC465B,1
3799,55.0,66.0,66.0,#F44003,1
3800,55.0,70.0,20.0,#F23B65,1
3801,55.0,72.0,-74.0,#B54DFF,0
3802,55.0,72.0,-52.0,#CE46DF,1
3803,55.0,72.0,6.0,#F0397C,1
3804,55.0,72.0,94.0,#FD3200,0
3805,55.0,74.0,-24.0,#E53BAF,1
3806,55.0,76.0,-40.0,#DE3BCA,1
3807,55.0,78.0,-56.0,#D43CE6,1
3808,55.0,78.0,-18.0,#EE2FA5,1
3809,55.0,78.0,-4.0,#F42B8D,1
3810,55.0,80.0,38.0,#FF1948,0
3811,55.0,82.0,82.0,#FF0000,0
3812,55.0,84.0,-38.0,#EB22C7,1
3813,55.0,84.0,24.0,#FF005F,0
3814,55.0,86.0,66.0,#FF000E,0
3815,55.0,88.0,-66.0,#DA23F8,1
3816,55.0,90.0,-18.0,#FE00A5,0
3817,55.0,90.0,4.0,#FF0081,0
3818,55.0,94.0,14.0,#FF0071,0
3819,55.0,96.0,-70.0,#E300FF,0
3820,55.0,98.0,-18.0,#FF00A6,0
3821,55.0,100.0,-42.0,#FE00CF,0
3822,55.0,106.0,-36.0,#FF00C4,0
3823,55.0,108.0,-60.0,#FD00EE,0
3824,56.0,-116.0,80.0,#00A900,0
3825,56.0,-112.0,26.0,#00A955,0
3826,56.0,-108.0,-10.0,#00AA95,0
3827,56.0,-108.0,2.0,#00A980,0
3828,56.0,-102.0,-12.0,#00A999,0
3829,56.0,-100.0,2.0,#00A880,0
3830,56.0,-96.0,56.0,#00A503,0
3831,56.0,-92.0,-4.0,#00A68B,0
3832,56.0,-92.0,62.0,#00A400,0
3833,56.0,-90.0,4.0,#00A67D,0
3834,56.0,-88.0,50.0,#00A420,0
3835,56.0,-84.0,0.0,#00A584,0
3836,56.0,-80.0,14.0,#00A36C,0
3837,56.0,-80.0,30.0,#00A24E,0
3838,56.0,-72.0,22.0,#00A15D,0
3839,56.0,-68.0,36.0,#009F43,0
3840,56.0,-64.0,72.0,#009D00,0
3841,56.0,-58.0,70.0,#249C00,0
3842,56.0,-58.0,88.0,#2C9C00,0
3843,56.0,-52.0,40.0,#239A3B,1
3844,56.0,-52.0,72.0,#3E9A00,0
3845,56.0,-52.0,80.0,#409A00,0
3846,56.0,-48.0,14.0,#009A6C,0
3847,56.0,-46.0,20.0,#1B9962,1
3848,56.0,-46.0,44.0,#419833,1
3849,56.0,-40.0,48.0,#54962A,1
3850,56.0,-34.0,50.0,#639425,1
3851,56.0,-32.0,-52.0,#0099E0,0
3852,56.0,-28.0,88.0,#779100,0
3853,56.0,-24.0,-4.0,#4A928C,1
3854,56.0,-22.0,-64.0,#0097F6,0
3855,56.0,-20.0,-56.0,#0095E7,0
3856,56.0,-16.0,0.0,#658E86,1
3857,56.0,-16.0,38.0,#808C42,1
3858,56.0,-16.0,54.0,#868C1C,1
3859,56.0,-16.0,62.0,#888C00,0
3860,56.0,-14.0,-30.0,#2C90BA,1
3861,56.0,-12.0,-16.0,#598EA1,1
3862,56.0,-12.0,-8.0,#658D94,1
3863,56.0,-10.0,-2.0,#718C89,1
3864,56.0,-6.0,-20.0,#638BA8,1
3865,56.0,-6.0,-12.0,#6E8A9B,1
3866,56.0,-4.0,0.0,#7F8886,1
3867,56.0,-4.0,64.0,#9B8600,0
3868,56.0,-2.0,-36.0,#4E8AC4,1
3869,56.0,-2.0,70.0,#9E8500,0
3870,56.0,2.0,12.0,#928472,1
3871,56.0,2.0,36.0,#9D8347,1
3872,56.0,2.0,44.0,#9F8337,1
3873,56.0,4.0,-14.0,#81859E,1
3874,56.0,4.0,-6.0,#898491,1
3875,56.0,12.0,-36.0,#7582C5,1
3876,56.0,12.0,-26.0,#8381B3,1
3877,56.0,14.0,32.0,#AD7C4F,1
3878,56.0,14.0,48.0,#B27B30,1
3879,56.0,16.0,-56.0,#5683E8,1
3880,56.0,16.0,92.0,#B97900,0
3881,56.0,18.0,-50.0,#6B80DD,1
3882,56.0,18.0,-6.0,#A17C91,1
3883,56.0,20.0,2.0,#A97A83,1
3884,56.0,22.0,72.0,#C07500,0
3885,56.0,24.0,-56.0,#6E7DE8,1
3886,56.0,28.0,42.0,#C4713D,1
3887,56.0,28.0,74.0,#C87100,0
3888,56.0,30.0,-62.0,#717AF3,1
3889,56.0,30.0,-2.0,#B6728B,1
3890,56.0,32.0,-32.0,#A274BE,1
3891,56.0,32.0,14.0,#C16F6F,1
3892,56.0,32.0,30.0,#C66F54,1
3893,56.0,34.0,-18.0,#B271A6,1
3894,56.0,36.0,84.0,#D36A00,0
3895,56.0,38.0,-74.0,#6B76FF,0
3896,56.0,38.0,16.0,#CA6A6C,1
3897,56.0,42.0,94.0,#DB6400,0
3898,56.0,44.0,-72.0,#8070FF,0
3899,56.0,44.0,10.0,#D06577,1
3900,56.0,46.0,56.0,#DD6022,1
3901,56.0,48.0,96.0,#E35D00,0
3902,56.0,50.0,-50.0,#AF66DE,1
3903,56.0,52.0,-20.0,#CC5FAA,1
3904,56.0,52.0,42.0,#E35A40,1
3905,56.0,52.0,50.0,#E45930,1
3906,56.0,52.0,58.0,#E5591E,1
3907,56.0,54.0,90.0,#EA5600,0
3908,56.0,56.0,96.0,#ED5300,0
3909,56.0,58.0,-74.0,#9D63FF,0
3910,56.0,58.0,-50.0,#BC5DDE,1
3911,56.0,58.0,-10.0,#DA5699,1
3912,56.0,58.0,60.0,#ED511A,1
3913,56.0,64.0,96.0,#F64600,0
3914,56.0,70.0,72.0,#FD3B00,0
3915,56.0,76.0,58.0,#FF2C24,0
3916,56.0,82.0,-66.0,#D33AFB,1
3917,56.0,82.0,60.0,#FF0F20,0
3918,56.0,84.0,-30.0,#F324BC,1
3919,56.0,90.0,-36.0,#F800C7,0
3920,56.0,92.0,-30.0,#FE00BC,0
3921,56.0,98.0,-64.0,#EE00F8,0
3922,56.0,98.0,-36.0,#FF00C7,0
3923,56.0,100.0,-58.0,#F600ED,0
3924,56.0,100.0,-50.0,#FC00DF,0
3925,56.0,100.0,-30.0,#FF00BD,0
3926,56.0,102.0,-24.0,#FF00B3,0
3927,56.0,104.0,-16.0,#FF00A5,0
3928,56.0,106.0,-66.0,#F900FC,0
3929,56.0,108.0,-48.0,#FF00DC,0
3930,56.0,114.0,-58.0,#FF00EE,0
3931,57.0,-128.0,10.0,#00AF74,0
3932,57.0,-128.0,18.0,#00AF66,0
3933,57.0,-128.0,26.0,#00AE57,0
3934,57.0,-128.0,34.0,#00AE47,0
3935,57.0,-128.0,42.0,#00AE36,0
3936,57.0,-120.0,38.0,#00AD3F,0
3937,57.0,-116.0,-6.0,#00AE91,0
3938,57.0,-108.0,-4.0,#00AC8D,0
3939,57.0,-104.0,26.0,#00AA57,0
3940,57.0,-96.0,-12.0,#00AB9C,0
3941,57.0,-96.0,14.0,#00A96E,0
3942,57.0,-92.0,36.0,#00A844,0
3943,57.0,-86.0,-26.0,#00A9B4,0
3944,57.0,-80.0,42.0,#00A538,0
3945,57.0,-78.0,-30.0,#00A8BB,0
3946,57.0,-76.0,-24.0,#00A7B1,0
3947,57.0,-72.0,-34.0,#00A7C3,0
3948,57.0,-72.0,6.0,#00A47C,0
3949,57.0,-72.0,52.0,#00A31E,0
3950,57.0,-66.0,8.0,#00A279,0
3951,57.0,-66.0,48.0,#00A12A,0
3952,57.0,-62.0,28.0,#00A155,0
3953,57.0,-60.0,42.0,#00A039,0
3954,57.0,-58.0,48.0,#059F2B,1
3955,57.0,-54.0,-8.0,#00A095,0
3956,57.0,-54.0,0.0,#009F87,0
3957,57.0,-48.0,4.0,#009D80,0
3958,57.0,-48.0,58.0,#479B07,1
3959,57.0,-42.0,-16.0,#009CA3,0
3960,57.0,-38.0,-24.0,#009CB1,0
3961,57.0,-34.0,56.0,#689615,1
3962,57.0,-34.0,72.0,#6C9600,0
3963,57.0,-30.0,24.0,#5F965E,1
3964,57.0,-24.0,-26.0,#0096B5,0
3965,57.0,-24.0,20.0,#699365,1
3966,57.0,-18.0,32.0,#7D904F,1
3967,57.0,-14.0,76.0,#908D00,0
3968,57.0,-12.0,-72.0,#0096FF,0
3969,57.0,-10.0,42.0,#8F8C3D,1
3970,57.0,-10.0,58.0,#938C12,1
3971,57.0,-10.0,66.0,#958C00,0
3972,57.0,-8.0,-42.0,#1391D2,1
3973,57.0,-8.0,74.0,#998A00,0
3974,57.0,-6.0,24.0,#8E8B5F,1
3975,57.0,-2.0,-44.0,#368ED5,1
3976,57.0,-2.0,18.0,#918969,1
3977,57.0,0.0,6.0,#8D887E,1
3978,57.0,0.0,78.0,#A58600,0
3979,57.0,2.0,30.0,#9D8654,1
3980,57.0,2.0,56.0,#A5851C,1
3981,57.0,4.0,-48.0,#448BDC,1
3982,57.0,4.0,18.0,#9B856A,1
3983,57.0,8.0,32.0,#A78251,1
3984,57.0,8.0,50.0,#AC822D,1
3985,57.0,8.0,58.0,#AE8217,1
3986,57.0,10.0,6.0,#9E837F,1
3987,57.0,16.0,76.0,#BB7C00,0
3988,57.0,18.0,-34.0,#8881C4,1
3989,57.0,18.0,82.0,#BF7B00,0
3990,57.0,20.0,-68.0,#3D84FF,0
3991,57.0,20.0,10.0,#B07C78,1
3992,57.0,20.0,32.0,#B97A52,1
3993,57.0,24.0,84.0,#C77600,0
3994,57.0,28.0,-68.0,#5F7FFF,0
3995,57.0,34.0,62.0,#D26E0E,1
3996,57.0,36.0,-60.0,#8777F2,1
3997,57.0,38.0,2.0,#C76E87,1
3998,57.0,42.0,-66.0,#8A74FD,1
3999,57.0,42.0,-58.0,#9872EF,1
4000,57.0,44.0,-52.0,#A46FE4,1
4001,57.0,44.0,-44.0,#AE6ED6,1
4002,57.0,44.0,-36.0,#B66DC8,1
4003,57.0,44.0,-28.0,#BD6BBA,1
4004,57.0,50.0,-42.0,#BA67D3,1
4005,57.0,50.0,-34.0,#C166C5,1
4006,57.0,60.0,14.0,#E95473,1
4007,57.0,64.0,-8.0,#E65099,1
4008,57.0,64.0,8.0,#ED4E7E,1
4009,57.0,68.0,-24.0,#E34DB4,1
4010,57.0,72.0,-12.0,#EF43A0,1
4011,57.0,76.0,72.0,#FF3000,0
4012,57.0,78.0,14.0,#FF3074,0
4013,57.0,84.0,-48.0,#EA31DE,1
4014,57.0,98.0,2.0,#FF008A,0
4015,58.0,-128.0,4.0,#00B282,0
4016,58.0,-128.0,60.0,#00B100,0
4017,58.0,-128.0,76.0,#00B000,0
4018,58.0,-120.0,0.0,#00B189,0
4019,58.0,-114.0,-12.0,#00B19E,0
4020,58.0,-104.0,72.0,#00AC00,0
4021,58.0,-98.0,-20.0,#00AEAC,0
4022,58.0,-98.0,62.0,#00AB00,0
4023,58.0,-96.0,50.0,#00AB25,0
4024,58.0,-88.0,16.0,#00AA6D,0
4025,58.0,-88.0,24.0,#00AA5E,0
4026,58.0,-82.0,-20.0,#00ABAD,0
4027,58.0,-80.0,-6.0,#00AA94,0
4028,58.0,-72.0,-4.0,#00A791,0
4029,58.0,-72.0,12.0,#00A774,0
4030,58.0,-72.0,62.0,#00A500,0
4031,58.0,-70.0,68.0,#00A500,0
4032,58.0,-68.0,-28.0,#00A8BB,0
4033,58.0,-64.0,0.0,#00A58A,0
4034,58.0,-62.0,-32.0,#00A7C2,0
4035,58.0,-60.0,-10.0,#00A59B,0
4036,58.0,-56.0,-34.0,#00A5C6,0
4037,58.0,-56.0,28.0,#00A158,0
4038,58.0,-54.0,10.0,#00A278,0
4039,58.0,-48.0,-16.0,#00A1A6,0
4040,58.0,-46.0,-46.0,#00A3DB,0
4041,58.0,-44.0,-32.0,#00A1C2,0
4042,58.0,-44.0,26.0,#3A9E5C,1
4043,58.0,-40.0,32.0,#4E9C51,1
4044,58.0,-38.0,-36.0,#009FC9,0
4045,58.0,-38.0,64.0,#659A00,0
4046,58.0,-36.0,38.0,#5D9A45,1
4047,58.0,-32.0,-40.0,#009DD1,0
4048,58.0,-32.0,-32.0,#009DC2,0
4049,58.0,-32.0,-10.0,#139B9C,1
4050,58.0,-30.0,-26.0,#009BB8,0
4051,58.0,-30.0,-4.0,#399A91,1
4052,58.0,-26.0,54.0,#7A9621,1
4053,58.0,-24.0,32.0,#749652,1
4054,58.0,-20.0,-36.0,#0098CA,0
4055,58.0,-18.0,86.0,#8D9200,0
4056,58.0,-14.0,-40.0,#0096D1,0
4057,58.0,-14.0,48.0,#8D9032,1
4058,58.0,-8.0,-50.0,#0094E3,0
4059,58.0,-6.0,50.0,#9A8C2E,1
4060,58.0,-4.0,-68.0,#0095FF,0
4061,58.0,-2.0,-62.0,#0093F8,0
4062,58.0,2.0,-72.0,#0092FF,0
4063,58.0,4.0,-66.0,#0090FF,0
4064,58.0,4.0,-58.0,#008FF1,0
4065,58.0,6.0,66.0,#AF8500,0
4066,58.0,10.0,-64.0,#038DFC,1
4067,58.0,10.0,-56.0,#448BEE,1
4068,58.0,10.0,-18.0,#8E87AB,1
4069,58.0,10.0,-8.0,#978699,1
4070,58.0,12.0,-2.0,#9F848F,1
4071,58.0,22.0,24.0,#BC7C63,1
4072,58.0,24.0,54.0,#C67928,1
4073,58.0,26.0,-24.0,#A57DB6,1
4074,58.0,26.0,36.0,#C5784D,1
4075,58.0,30.0,22.0,#C77667,1
4076,58.0,30.0,48.0,#CD7537,1
4077,58.0,32.0,-26.0,#AD78B9,1
4078,58.0,32.0,96.0,#D57200,0
4079,58.0,36.0,50.0,#D66F33,1
4080,58.0,40.0,62.0,#DD6B14,1
4081,58.0,42.0,34.0,#DA6A52,1
4082,58.0,44.0,-20.0,#C56DAF,1
4083,58.0,44.0,-12.0,#CB6CA1,1
4084,58.0,44.0,48.0,#E06838,1
4085,58.0,46.0,-6.0,#D16997,1
4086,58.0,46.0,2.0,#D5698A,1
4087,58.0,48.0,32.0,#E26456,1
4088,58.0,50.0,84.0,#EB6000,0
4089,58.0,54.0,66.0,#EF5C09,1
4090,58.0,54.0,74.0,#F05B00,0
4091,58.0,56.0,80.0,#F35900,0
4092,58.0,58.0,-40.0,#CC61D2,1
4093,58.0,58.0,54.0,#F3572E,1
4094,58.0,60.0,-66.0,#B364FF,0
4095,58.0,62.0,38.0,#F5524D,1
4096,58.0,64.0,-46.0,#D05ADD,1
4097,58.0,64.0,44.0,#F94E42,1
4098,58.0,64.0,52.0,#FA4E33,1
4099,58.0,66.0,58.0,#FD4A26,1
4100,58.0,66.0,86.0,#FF4900,0
4101,58.0,70.0,0.0,#F5488E,1
4102,58.0,72.0,-44.0,#DE4DDA,1
4103,58.0,72.0,-36.0,#E44CCC,1
4104,58.0,74.0,-62.0,#D04FFA,1
4105,58.0,74.0,26.0,#FF3C63,0
4106,58.0,76.0,90.0,#FF3300,0
4107,58.0,78.0,-50.0,#E244E4,1
4108,58.0,78.0,46.0,#FF3040,0
4109,58.0,80.0,-12.0,#FD34A3,1
4110,58.0,80.0,6.0,#FF3084,0
4111,58.0,84.0,12.0,#FF1F7B,0
4112,58.0,88.0,-42.0,#F724D7,1
4113,58.0,88.0,-12.0,#FF11A3,0
4114,58.0,88.0,30.0,#FF005D,0
4115,58.0,92.0,24.0,#FF0067,0
4116,58.0,94.0,32.0,#FF005A,0
4117,58.0,96.0,-12.0,#FF00A3,0
4118,58.0,112.0,-64.0,#FF00FE,0
4119,59.0,-128.0,48.0,#00B42C,0
4120,59.0,-124.0,-6.0,#00B596,0
4121,59.0,-120.0,48.0,#00B32D,0
4122,59.0,-120.0,56.0,#00B210,0
4123,59.0,-114.0,86.0,#00B100,0
4124,59.0,-112.0,48.0,#00B12D,0
4125,59.0,-112.0,56.0,#00B111,0
4126,59.0,-112.0,64.0,#00B100,0
4127,59.0,-112.0,74.0,#00B100,0
4128,59.0,-106.0,66.0,#00B000,0
4129,59.0,-104.0,42.0,#00B03C,0
4130,59.0,-104.0,58.0,#00AF05,0
4131,59.0,-100.0,-6.0,#00B196,0
4132,59.0,-98.0,90.0,#00AE00,0
4133,59.0,-96.0,8.0,#00AF7D,0
4134,59.0,-94.0,76.0,#00AD00,0
4135,59.0,-90.0,92.0,#00AC00,0
4136,59.0,-86.0,-10.0,#00AE9E,0
4137,59.0,-86.0,78.0,#00AB00,0
4138,59.0,-80.0,-14.0,#00ADA5,0
4139,59.0,-80.0,50.0,#00AA2A,0
4140,59.0,-80.0,58.0,#00AA0A,0
4141,59.0,-78.0,64.0,#00AA00,0
4142,59.0,-78.0,72.0,#00A900,0
4143,59.0,-74.0,94.0,#00A800,0
4144,59.0,-72.0,-14.0,#00ABA5,0
4145,59.0,-72.0,32.0,#00A952,0
4146,59.0,-68.0,-20.0,#00AAAF,0
4147,59.0,-66.0,54.0,#00A71F,0
4148,59.0,-66.0,62.0,#00A600,0
4149,59.0,-62.0,94.0,#28A500,0
4150,59.0,-60.0,8.0,#00A67E,0
4151,59.0,-60.0,16.0,#00A670,0
4152,59.0,-56.0,96.0,#41A300,0
4153,59.0,-54.0,20.0,#00A469,0
4154,59.0,-52.0,66.0,#45A200,0
4155,59.0,-50.0,-26.0,#00A5BA,0
4156,59.0,-48.0,-6.0,#00A397,0
4157,59.0,-46.0,52.0,#4FA027,1
4158,59.0,-44.0,82.0,#5F9F00,0
4159,59.0,-44.0,96.0,#619F00,0
4160,59.0,-42.0,16.0,#34A071,1
4161,59.0,-40.0,58.0,#619E13,1
4162,59.0,-38.0,80.0,#6B9D00,0
4163,59.0,-38.0,100.0,#6E9D00,0
4164,59.0,-36.0,-4.0,#169F94,1
4165,59.0,-34.0,86.0,#749B00,0
4166,59.0,-32.0,-20.0,#009EB0,0
4167,59.0,-32.0,98.0,#799A00,0
4168,59.0,-30.0,2.0,#499C8A,1
4169,59.0,-30.0,30.0,#689B58,1
4170,59.0,-30.0,38.0,#6D9A48,1
4171,59.0,-26.0,-58.0,#00A0F4,0
4172,59.0,-26.0,100.0,#849800,0
4173,59.0,-24.0,8.0,#63997F,1
4174,59.0,-22.0,14.0,#6D9875,1
4175,59.0,-18.0,-18.0,#4A98AD,1
4176,59.0,-14.0,92.0,#979200,0
4177,59.0,-14.0,100.0,#989200,0
4178,59.0,-12.0,-22.0,#5696B4,1
4179,59.0,-10.0,8.0,#819380,1
4180,59.0,-10.0,82.0,#9D9100,0
4181,59.0,-8.0,-30.0,#5195C2,1
4182,59.0,-8.0,98.0,#A18F00,0
4183,59.0,-4.0,6.0,#8B9083,1
4184,59.0,-4.0,34.0,#9B8E51,1
4185,59.0,-4.0,42.0,#9E8E42,1
4186,59.0,-2.0,12.0,#938E79,1
4187,59.0,-2.0,94.0,#A98C00,0
4188,59.0,0.0,-16.0,#7E8FAA,1
4189,59.0,4.0,-40.0,#618FD4,1
4190,59.0,4.0,2.0,#978C8B,1
4191,59.0,4.0,100.0,#B28900,0
4192,59.0,6.0,76.0,#B48800,0
4193,59.0,8.0,26.0,#AB8861,1
4194,59.0,10.0,98.0,#BB8500,0
4195,59.0,12.0,-70.0,#008FFF,0
4196,59.0,12.0,20.0,#AE866C,1
4197,59.0,12.0,70.0,#BB8400,0
4198,59.0,16.0,42.0,#BC8244,1
4199,59.0,16.0,100.0,#C38100,0
4200,59.0,18.0,-40.0,#8587D4,1
4201,59.0,18.0,-16.0,#A184AA,1
4202,59.0,18.0,64.0,#C38006,1
4203,59.0,22.0,44.0,#C57E40,1
4204,59.0,22.0,94.0,#CB7D00,0
4205,59.0,24.0,-46.0,#8983DF,1
4206,59.0,24.0,18.0,#BF7D70,1
4207,59.0,24.0,100.0,#CE7B00,0
4208,59.0,26.0,-16.0,#AF7EAA,1
4209,59.0,30.0,-52.0,#8D80EA,1
4210,59.0,34.0,38.0,#D4744D,1
4211,59.0,36.0,-42.0,#A77AD8,1
4212,59.0,36.0,-8.0,#C4769D,1
4213,59.0,36.0,10.0,#CD747E,1
4214,59.0,36.0,44.0,#D87242,1
4215,59.0,38.0,-28.0,#B976C0,1
4216,59.0,40.0,80.0,#E26D00,0
4217,59.0,40.0,100.0,#E36D00,0
4218,59.0,46.0,26.0,#E16963,1
4219,59.0,50.0,12.0,#E1667B,1
4220,59.0,52.0,-60.0,#AF6EF9,1
4221,59.0,52.0,-26.0,#D068BD,1
4222,59.0,52.0,100.0,#F26000,0
4223,59.0,54.0,-2.0,#E16393,1
4224,59.0,58.0,-58.0,#BC67F5,1
4225,59.0,58.0,20.0,#EF5C6E,1
4226,59.0,58.0,86.0,#F95900,0
4227,59.0,60.0,-26.0,#DC5FBD,1
4228,59.0,60.0,100.0,#FC5600,0
4229,59.0,62.0,-20.0,#E35BB3,1
4230,59.0,64.0,-38.0,#DA5BD2,1
4231,59.0,64.0,-14.0,#E957A8,1
4232,59.0,66.0,-32.0,#E157C7,1
4233,59.0,68.0,-56.0,#D05AF2,1
4234,59.0,68.0,36.0,#FF4B53,0
4235,59.0,70.0,-68.0,#C65AFF,0
4236,59.0,70.0,42.0,#FF4749,0
4237,59.0,70.0,50.0,#FF463A,0
4238,59.0,76.0,-30.0,#F146C4,1
4239,59.0,82.0,32.0,#FF285B,0
4240,59.0,86.0,-60.0,#E938F9,1
4241,59.0,86.0,-24.0,#FF29BA,0
4242,59.0,90.0,-2.0,#FF0095,0
4243,59.0,92.0,-48.0,#FC1BE4,1
4244,59.0,94.0,-24.0,#FF00BB,0
4245,59.0,106.0,-54.0,#FF00EF,0
4246,60.0,-128.0,68.0,#00B600,0
4247,60.0,-114.0,4.0,#00B687,0
4248,60.0,-96.0,26.0,#00B25F,0
4249,60.0,-96.0,42.0,#00B13F,0
4250,60.0,-88.0,10.0,#00B07D,0
4251,60.0,-86.0,56.0,#00AF18,0
4252,60.0,-84.0,70.0,#00AE00,0
4253,60.0,-82.0,86.0,#00AD00,0
4254,60.0,-80.0,92.0,#00AD00,0
4255,60.0,-74.0,38.0,#00AC48,0
4256,60.0,-74.0,84.0,#00AB00,0
4257,60.0,-68.0,80.0,#00AA00,0
4258,60.0,-68.0,88.0,#00A900,0
4259,60.0,-66.0,-40.0,#00AED6,0
4260,60.0,-66.0,20.0,#00AA6B,0
4261,60.0,-62.0,82.0,#28A800,0
4262,60.0,-60.0,-22.0,#00ABB6,0
4263,60.0,-56.0,36.0,#0AA74D,1
4264,60.0,-56.0,76.0,#3FA600,0
4265,60.0,-54.0,-46.0,#00ABE1,0
4266,60.0,-52.0,-40.0,#00AAD6,0
4267,60.0,-52.0,88.0,#4FA500,0
4268,60.0,-50.0,-56.0,#00ABF3,0
4269,60.0,-50.0,-34.0,#00A9CB,0
4270,60.0,-50.0,32.0,#2FA555,1
4271,60.0,-48.0,76.0,#57A300,0
4272,60.0,-44.0,-60.0,#00A9FA,0
4273,60.0,-44.0,-38.0,#00A7D2,0
4274,60.0,-42.0,-54.0,#00A8EF,0
4275,60.0,-42.0,-10.0,#00A4A1,0
4276,60.0,-42.0,72.0,#64A100,0
4277,60.0,-40.0,88.0,#6BA000,0
4278,60.0,-38.0,-64.0,#00A8FF,0
4279,60.0,-38.0,-42.0,#00A5DA,0
4280,60.0,-38.0,26.0,#53A161,1
4281,60.0,-34.0,8.0,#48A081,1
4282,60.0,-32.0,-66.0,#00A6FF,0
4283,60.0,-32.0,-46.0,#00A3E1,0
4284,60.0,-28.0,80.0,#819C00,0
4285,60.0,-26.0,-68.0,#00A4FF,0
4286,60.0,-26.0,-48.0,#00A1E5,0
4287,60.0,-26.0,48.0,#7D9B36,1
4288,60.0,-24.0,-42.0,#00A0DA,0
4289,60.0,-24.0,-14.0,#3F9DA8,1
4290,60.0,-24.0,62.0,#859A06,1
4291,60.0,-24.0,94.0,#8A9A00,0
4292,60.0,-22.0,38.0,#809A4B,1
4293,60.0,-22.0,76.0,#8B9900,0
4294,60.0,-20.0,-30.0,#059DC5,1
4295,60.0,-18.0,-68.0,#00A0FF,0
4296,60.0,-18.0,-24.0,#3D9BBA,1
4297,60.0,-18.0,-8.0,#609A9E,1
4298,60.0,-18.0,20.0,#7D996D,1
4299,60.0,-16.0,6.0,#769886,1
4300,60.0,-14.0,-60.0,#009EFA,0
4301,60.0,-12.0,18.0,#879671,1
4302,60.0,-12.0,26.0,#8C9562,1
4303,60.0,-10.0,32.0,#939457,1
4304,60.0,-4.0,-4.0,#859397,1
4305,60.0,-4.0,84.0,#A99000,0
4306,60.0,0.0,-24.0,#7692BA,1
4307,60.0,0.0,-8.0,#89919E,1
4308,60.0,0.0,0.0,#919191,1
4309,60.0,2.0,86.0,#B28C00,0
4310,60.0,6.0,-28.0,#7E8FC2,1
4311,60.0,6.0,-20.0,#898FB4,1
4312,60.0,8.0,82.0,#BA8900,0
4313,60.0,8.0,90.0,#BB8900,0
4314,60.0,12.0,-50.0,#658EE9,1
4315,60.0,12.0,-42.0,#768DDA,1
4316,60.0,14.0,58.0,#BF8521,1
4317,60.0,14.0,86.0,#C38500,0
4318,60.0,16.0,6.0,#B08687,1
4319,60.0,18.0,-24.0,#9C88BB,1
4320,60.0,20.0,88.0,#CB8100,0
4321,60.0,24.0,-62.0,#6C88FF,1
4322,60.0,24.0,-38.0,#9785D4,1
4323,60.0,26.0,-6.0,#B9809C,1
4324,60.0,26.0,60.0,#D07D1E,1
4325,60.0,28.0,66.0,#D47B04,1
4326,60.0,30.0,-44.0,#9C81DE,1
4327,60.0,32.0,80.0,#DA7700,0
4328,60.0,32.0,88.0,#DB7700,0
4329,60.0,34.0,102.0,#DE7500,0
4330,60.0,36.0,-66.0,#8580FF,0
4331,60.0,36.0,-50.0,#A07EE9,1
4332,60.0,38.0,-36.0,#B47AD0,1
4333,60.0,38.0,24.0,#D87468,1
4334,60.0,40.0,88.0,#E57000,0
4335,60.0,42.0,68.0,#E66E00,1
4336,60.0,44.0,42.0,#E56D49,1
4337,60.0,46.0,90.0,#ED6A00,0
4338,60.0,48.0,-66.0,#A176FF,0
4339,60.0,50.0,20.0,#E76870,1
4340,60.0,52.0,-14.0,#DB69AB,1
4341,60.0,60.0,-2.0,#EC5E96,1
4342,60.0,62.0,64.0,#FF561B,0
4343,60.0,66.0,78.0,#FF4F00,0
4344,60.0,68.0,14.0,#FD507B,1
4345,60.0,68.0,102.0,#FF4C00,0
4346,60.0,74.0,64.0,#FF401F,0
4347,60.0,74.0,82.0,#FF4000,0
4348,60.0,80.0,-42.0,#F244DC,1
4349,60.0,80.0,52.0,#FF323A,0
4350,60.0,82.0,-4.0,#FF359B,0
4351,60.0,84.0,42.0,#FF244D,0
4352,60.0,86.0,-18.0,#FF2CB3,0
4353,60.0,92.0,10.0,#FF0084,0
4354,60.0,98.0,-4.0,#FF009B,0
4355,60.0,108.0,-42.0,#FF00DD,0
4356,61.0,-126.0,82.0,#00B900,0
4357,61.0,-122.0,6.0,#00BA86,0
4358,61.0,-120.0,12.0,#00BA7B,0
4359,61.0,-120.0,20.0,#00B96C,0
4360,61.0,-120.0,28.0,#00B95D,0
4361,61.0,-120.0,68.0,#00B800,0
4362,61.0,-120.0,76.0,#00B800,0
4363,61.0,-112.0,10.0,#00B87F,0
4364,61.0,-112.0,18.0,#00B870,0
4365,61.0,-112.0,34.0,#00B752,0
4366,61.0,-112.0,42.0,#00B741,0
4367,61.0,-106.0,82.0,#00B500,0
4368,61.0,-104.0,10.0,#00B77F,0
4369,61.0,-104.0,18.0,#00B670,0
4370,61.0,-104.0,34.0,#00B652,0
4371,61.0,-104.0,50.0,#00B52E,0
4372,61.0,-98.0,82.0,#00B400,0
4373,61.0,-96.0,20.0,#00B56D,0
4374,61.0,-96.0,70.0,#00B300,0
4375,61.0,-92.0,-8.0,#00B59F,0
4376,61.0,-92.0,58.0,#00B313,0
4377,61.0,-92.0,86.0,#00B200,0
4378,61.0,-90.0,-18.0,#00B5B1,0
4379,61.0,-88.0,-2.0,#00B495,0
4380,61.0,-88.0,42.0,#00B242,0
4381,61.0,-88.0,64.0,#00B200,0
4382,61.0,-84.0,4.0,#00B38A,0
4383,61.0,-80.0,10.0,#00B17F,0
4384,61.0,-80.0,18.0,#00B171,0
4385,61.0,-80.0,26.0,#00B162,0
4386,61.0,-80.0,34.0,#00B053,0
4387,61.0,-78.0,0.0,#00B191,0
4388,61.0,-74.0,46.0,#00AE39,0
4389,61.0,-68.0,-8.0,#00AFA0,0
4390,61.0,-68.0,42.0,#00AD43,0
4391,61.0,-60.0,54.0,#1DAA26,1
4392,61.0,-58.0,60.0,#31AA0E,1
4393,61.0,-56.0,-28.0,#00ADC3,0
4394,61.0,-56.0,-16.0,#00ACAE,0
4395,61.0,-54.0,52.0,#3BA82C,1
4396,61.0,-50.0,46.0,#44A73B,1
4397,61.0,-46.0,40.0,#4CA648,1
4398,61.0,-44.0,66.0,#60A500,0
4399,61.0,-42.0,-2.0,#00A696,0
4400,61.0,-42.0,6.0,#1DA687,1
4401,61.0,-38.0,52.0,#69A32E,1
4402,61.0,-36.0,-52.0,#00A8EE,0
4403,61.0,-30.0,18.0,#63A172,1
4404,61.0,-30.0,62.0,#7D9F0A,1
4405,61.0,-28.0,68.0,#829E00,0
4406,61.0,-26.0,-34.0,#00A3CE,0
4407,61.0,-24.0,-8.0,#50A0A1,1
4408,61.0,-20.0,26.0,#809C64,1
4409,61.0,-20.0,68.0,#909B00,0
4410,61.0,-18.0,-46.0,#00A0E4,0
4411,61.0,-14.0,70.0,#9A9800,0
4412,61.0,-10.0,-66.0,#009FFF,0
4413,61.0,-10.0,-12.0,#7199A8,1
4414,61.0,-8.0,-58.0,#009DFA,0
4415,61.0,-8.0,90.0,#A69500,0
4416,61.0,-4.0,-14.0,#7D96AC,1
4417,61.0,-2.0,60.0,#AB921B,1
4418,61.0,0.0,-32.0,#6B96CB,1
4419,61.0,0.0,66.0,#AF9000,0
4420,61.0,2.0,24.0,#A69169,1
4421,61.0,6.0,-34.0,#7893CF,1
4422,61.0,6.0,8.0,#A48F85,1
4423,61.0,8.0,14.0,#AA8E7B,1
4424,61.0,10.0,42.0,#B98B48,1
4425,61.0,12.0,64.0,#C1890E,1
4426,61.0,16.0,-60.0,#5A90FE,1
4427,61.0,24.0,-32.0,#A187CC,1
4428,61.0,24.0,0.0,#BC8494,1
4429,61.0,26.0,6.0,#C2828A,1
4430,61.0,26.0,28.0,#CC8063,1
4431,61.0,28.0,12.0,#C8807F,1
4432,61.0,32.0,56.0,#DB7A2D,1
4433,61.0,34.0,70.0,#DF7800,0
4434,61.0,42.0,6.0,#DA748A,1
4435,61.0,44.0,20.0,#E27172,1
4436,61.0,46.0,60.0,#EE6D25,1
4437,61.0,46.0,100.0,#F16C00,0
4438,61.0,48.0,66.0,#F16B13,1
4439,61.0,48.0,74.0,#F26B00,0
4440,61.0,50.0,6.0,#E56C8B,1
4441,61.0,52.0,28.0,#EF6865,1
4442,61.0,52.0,46.0,#F36744,1
4443,61.0,52.0,54.0,#F56734,1
4444,61.0,52.0,94.0,#F86600,0
4445,61.0,54.0,34.0,#F4655A,1
4446,61.0,56.0,8.0,#EE6588,1
4447,61.0,58.0,48.0,#FC5F41,1
4448,61.0,60.0,-32.0,#DE65CD,1
4449,61.0,60.0,28.0,#FA5E65,1
4450,61.0,60.0,70.0,#FF5C04,0
4451,61.0,66.0,22.0,#FF5670,0
4452,61.0,68.0,28.0,#FF5266,0
4453,61.0,72.0,6.0,#FF4D8C,0
4454,61.0,72.0,20.0,#FF4B74,0
4455,61.0,72.0,58.0,#FF482F,0
4456,61.0,74.0,34.0,#FF465C,0
4457,61.0,78.0,-58.0,#E450FB,1
4458,61.0,78.0,-22.0,#FF46BC,1
4459,61.0,78.0,40.0,#FF3C52,0
4460,61.0,82.0,-36.0,#FC41D5,1
4461,61.0,82.0,68.0,#FF2E18,0
4462,61.0,84.0,24.0,#FF2D6E,0
4463,61.0,86.0,-54.0,#F43EF4,1
4464,61.0,92.0,-56.0,#FC2CF8,1
4465,61.0,96.0,-42.0,#FF05DF,0
4466,61.0,98.0,-54.0,#FF00F5,0
4467,61.0,104.0,-60.0,#FF00FF,0
4468,61.0,106.0,-36.0,#FF00D5,0
4469,62.0,-120.0,88.0,#00BB00,0
4470,62.0,-112.0,24.0,#00BB67,0
4471,62.0,-110.0,90.0,#00B900,0
4472,62.0,-108.0,-8.0,#00BBA2,0
4473,62.0,-104.0,4.0,#00BA8C,0
4474,62.0,-102.0,-12.0,#00BAA9,0
4475,62.0,-100.0,76.0,#00B700,0
4476,62.0,-98.0,0.0,#00B993,0
4477,62.0,-88.0,32.0,#00B559,0
4478,62.0,-88.0,48.0,#00B536,0
4479,62.0,-78.0,78.0,#00B200,0
4480,62.0,-74.0,56.0,#00B121,0
4481,62.0,-72.0,22.0,#00B26C,0
4482,62.0,-68.0,36.0,#00B052,0
4483,62.0,-66.0,26.0,#00B065,0
4484,62.0,-62.0,32.0,#00AE5A,0
4485,62.0,-62.0,48.0,#00AE38,0
4486,62.0,-60.0,24.0,#00AE69,0
4487,62.0,-60.0,70.0,#33AD00,0
4488,62.0,-60.0,88.0,#3CAD00,0
4489,62.0,-56.0,44.0,#2BAC42,1
4490,62.0,-56.0,82.0,#48AB00,0
4491,62.0,-54.0,-4.0,#00AD9B,0
4492,62.0,-54.0,4.0,#00AD8D,0
4493,62.0,-52.0,100.0,#57AA00,0
4494,62.0,-50.0,26.0,#2BAB66,1
4495,62.0,-48.0,0.0,#00AB94,0
4496,62.0,-48.0,8.0,#00AB86,0
4497,62.0,-48.0,16.0,#19AA78,1
4498,62.0,-38.0,-20.0,#00A9B8,0
4499,62.0,-36.0,-14.0,#00A8AD,0
4500,62.0,-36.0,2.0,#39A791,1
4501,62.0,-32.0,46.0,#75A33F,1
4502,62.0,-30.0,74.0,#82A200,0
4503,62.0,-28.0,88.0,#88A100,0
4504,62.0,-24.0,-22.0,#29A3BC,1
4505,62.0,-24.0,2.0,#63A292,1
4506,62.0,-20.0,-52.0,#00A5F2,0
4507,62.0,-18.0,-2.0,#6D9F99,1
4508,62.0,-14.0,-34.0,#32A0D1,1
4509,62.0,-14.0,58.0,#9B9B23,1
4510,62.0,-12.0,-4.0,#799C9C,1
4511,62.0,-8.0,-36.0,#4A9DD5,1
4512,62.0,-8.0,2.0,#889A92,1
4513,62.0,-6.0,-22.0,#6F9BBC,1
4514,62.0,-4.0,76.0,#AE9500,0
4515,62.0,2.0,-52.0,#3C9AF2,1
4516,62.0,2.0,40.0,#AF934E,1
4517,62.0,4.0,46.0,#B49142,1
4518,62.0,6.0,-12.0,#9693AB,1
4519,62.0,6.0,-4.0,#9E939D,1
4520,62.0,12.0,-30.0,#8E91CB,1
4521,62.0,12.0,-14.0,#A090AF,1
4522,62.0,12.0,104.0,#C78B00,0
4523,62.0,14.0,30.0,#BE8C61,1
4524,62.0,14.0,52.0,#C48B36,1
4525,62.0,16.0,12.0,#B98B81,1
4526,62.0,16.0,36.0,#C38A56,1
4527,62.0,18.0,-52.0,#7890F2,1
4528,62.0,18.0,-10.0,#AE8BA8,1
4529,62.0,18.0,-2.0,#B48B9A,1
4530,62.0,20.0,72.0,#D08600,0
4531,62.0,20.0,104.0,#D28600,0
4532,62.0,22.0,78.0,#D38400,0
4533,62.0,26.0,106.0,#DA8100,0
4534,62.0,30.0,-64.0,#7F8AFF,0
4535,62.0,34.0,-20.0,#C180BA,1
4536,62.0,34.0,-2.0,#CD7F9A,1
4537,62.0,36.0,30.0,#DD7B63,1
4538,62.0,38.0,-14.0,#CC7CAF,1
4539,62.0,38.0,18.0,#DC7A78,1
4540,62.0,40.0,74.0,#EB7500,0
4541,62.0,44.0,12.0,#E27483,1
4542,62.0,44.0,54.0,#EE7235,1
4543,62.0,44.0,106.0,#F27100,0
4544,62.0,50.0,40.0,#F36C52,1
4545,62.0,52.0,-50.0,#C374EF,1
4546,62.0,52.0,-8.0,#E46EA6,1
4547,62.0,56.0,-22.0,#E26BBE,1
4548,62.0,58.0,-52.0,#CC6EF3,1
4549,62.0,58.0,-14.0,#EA68B0,1
4550,62.0,60.0,-8.0,#F064A6,1
4551,62.0,64.0,4.0,#FB5D91,1
4552,62.0,68.0,-6.0,#FC59A3,1
4553,62.0,68.0,64.0,#FF5322,0
4554,62.0,68.0,72.0,#FF5203,0
4555,62.0,72.0,-16.0,#FC54B4,1
4556,62.0,74.0,14.0,#FF4C81,0
4557,62.0,80.0,18.0,#FF3E7A,0
4558,62.0,82.0,-64.0,#E84EFF,0
4559,62.0,84.0,-30.0,#FF3ECD,0
4560,62.0,86.0,4.0,#FF2F92,0
4561,62.0,86.0,54.0,#FF253C,0
4562,62.0,88.0,36.0,#FF1E5C,0
4563,62.0,90.0,-32.0,#FF2DD1,0
4564,62.0,92.0,18.0,#FF027B,0
4565,62.0,94.0,-62.0,#FD2DFF,0
4566,62.0,98.0,-34.0,#FF00D4,0
4567,62.0,100.0,-28.0,#FF00CA,0
4568,62.0,100.0,-16.0,#FF00B5,0
4569,62.0,102.0,-44.0,#FF00E6,0
4570,63.0,-128.0,-2.0,#00C299,0
4571,63.0,-128.0,14.0,#00C17C,0
4572,63.0,-128.0,22.0,#00C16D,0
4573,63.0,-128.0,30.0,#00C05E,0
4574,63.0,-128.0,38.0,#00C04E,0
4575,63.0,-128.0,54.0,#00C026,0
4576,63.0,-120.0,38.0,#00BF4E,0
4577,63.0,-120.0,82.0,#00BE00,0
4578,63.0,-114.0,-4.0,#00BF9D,0
4579,63.0,-110.0,-16.0,#00BFB3,0
4580,63.0,-104.0,-18.0,#00BEB6,0
4581,63.0,-104.0,24.0,#00BC6A,0
4582,63.0,-100.0,-24.0,#00BEC1,0
4583,63.0,-96.0,34.0,#00BA57,0
4584,63.0,-90.0,-28.0,#00BCC8,0
4585,63.0,-82.0,-30.0,#00BACC,0
4586,63.0,-80.0,-24.0,#00B9C1,0
4587,63.0,-80.0,42.0,#00B647,0
4588,63.0,-76.0,-34.0,#00B9D3,0
4589,63.0,-76.0,-18.0,#00B8B7,0
4590,63.0,-74.0,-28.0,#00B8C8,0
4591,63.0,-72.0,2.0,#00B593,0
4592,63.0,-70.0,-36.0,#00B7D7,0
4593,63.0,-68.0,94.0,#16B200,0
4594,63.0,-66.0,4.0,#00B390,0
4595,63.0,-66.0,12.0,#00B381,0
4596,63.0,-58.0,-40.0,#00B4DE,0
4597,63.0,-50.0,58.0,#53AC20,1
4598,63.0,-44.0,-16.0,#00ADB4,0
4599,63.0,-36.0,-28.0,#00ABC9,0
4600,63.0,-34.0,-36.0,#00ABD7,0
4601,63.0,-34.0,68.0,#7CA600,0
4602,63.0,-32.0,24.0,#69A76C,1
4603,63.0,-32.0,106.0,#86A500,0
4604,63.0,-30.0,52.0,#7FA534,1
4605,63.0,-24.0,106.0,#94A200,0
4606,63.0,-22.0,82.0,#95A100,0
4607,63.0,-20.0,32.0,#89A15E,1
4608,63.0,-18.0,48.0,#94A03E,1
4609,63.0,-16.0,38.0,#939F53,1
4610,63.0,-16.0,78.0,#9E9E00,0
4611,63.0,-14.0,-28.0,#4CA2CA,1
4612,63.0,-12.0,44.0,#9D9D47,1
4613,63.0,-12.0,52.0,#9F9C36,1
4614,63.0,-10.0,-44.0,#14A2E6,1
4615,63.0,-10.0,106.0,#AA9B00,0
4616,63.0,-8.0,14.0,#949C7F,1
4617,63.0,-4.0,-46.0,#3A9FEA,1
4618,63.0,-4.0,18.0,#9E9A78,1
4619,63.0,-4.0,104.0,#B39800,0
4620,63.0,2.0,10.0,#A39787,1
4621,63.0,2.0,18.0,#A89679,1
4622,63.0,2.0,30.0,#AE9663,1
4623,63.0,2.0,54.0,#B69532,1
4624,63.0,4.0,-62.0,#009DFF,0
4625,63.0,8.0,58.0,#C09129,1
4626,63.0,14.0,78.0,#CB8D00,0
4627,63.0,14.0,94.0,#CD8D00,0
4628,63.0,16.0,24.0,#C18D6F,1
4629,63.0,20.0,54.0,#D08935,1
4630,63.0,26.0,40.0,#D58552,1
4631,63.0,26.0,48.0,#D78542,1
4632,63.0,26.0,72.0,#DB8400,0
4633,63.0,26.0,90.0,#DD8400,0
4634,63.0,30.0,-34.0,#B088D5,1
4635,63.0,30.0,34.0,#D9825E,1
4636,63.0,38.0,94.0,#ED7A00,0
4637,63.0,40.0,-62.0,#9E84FF,0
4638,63.0,42.0,-56.0,#AC81FD,1
4639,63.0,42.0,30.0,#E97866,1
4640,63.0,44.0,-50.0,#B87EF2,1
4641,63.0,44.0,-32.0,#CA7CD2,1
4642,63.0,46.0,-44.0,#C27CE7,1
4643,63.0,48.0,-38.0,#CC79DD,1
4644,63.0,50.0,-20.0,#DD74BD,1
4645,63.0,50.0,80.0,#FC6E00,0
4646,63.0,52.0,-32.0,#D774D2,1
4647,63.0,52.0,106.0,#FF6B00,0
4648,63.0,54.0,-44.0,#D074E8,1
4649,63.0,62.0,92.0,#FF5E00,0
4650,63.0,64.0,-62.0,#CE6CFF,0
4651,63.0,68.0,-50.0,#E164F3,1
4652,63.0,68.0,-22.0,#F65EC1,1
4653,63.0,76.0,-10.0,#FF4FAD,0
4654,63.0,80.0,-16.0,#FF48B7,0
4655,63.0,84.0,-10.0,#FF3DAD,0
4656,63.0,92.0,-10.0,#FF1FAD,0
4657,64.0,-104.0,96.0,#00BE00,0
4658,64.0,-100.0,60.0,#00BD15,0
4659,64.0,-96.0,14.0,#00BE7F,0
4660,64.0,-96.0,54.0,#00BC2C,0
4661,64.0,-96.0,96.0,#00BC00,0
4662,64.0,-88.0,22.0,#00BB71,0
4663,64.0,-88.0,100.0,#00BA00,0
4664,64.0,-84.0,-18.0,#00BDB9,0
4665,64.0,-82.0,98.0,#00B800,0
4666,64.0,-80.0,54.0,#00B82D,0
4667,64.0,-78.0,-6.0,#00BAA4,0
4668,64.0,-78.0,104.0,#00B700,0
4669,64.0,-74.0,68.0,#00B700,0
4670,64.0,-72.0,-42.0,#00BBE5,0
4671,64.0,-72.0,14.0,#00B880,0
4672,64.0,-72.0,74.0,#00B600,0
4673,64.0,-72.0,100.0,#00B600,0
4674,64.0,-70.0,62.0,#00B50F,0
4675,64.0,-68.0,-14.0,#00B8B2,0
4676,64.0,-66.0,-46.0,#00BAEC,0
4677,64.0,-66.0,-30.0,#00B9CF,0
4678,64.0,-66.0,68.0,#13B400,0
4679,64.0,-66.0,104.0,#2EB400,0
4680,64.0,-64.0,58.0,#14B422,1
4681,64.0,-62.0,-2.0,#00B59D,0
4682,64.0,-62.0,40.0,#00B44F,0
4683,64.0,-60.0,-50.0,#00B9F3,0
4684,64.0,-60.0,-34.0,#00B7D6,0
4685,64.0,-60.0,4.0,#00B492,0
4686,64.0,-60.0,12.0,#00B484,0
4687,64.0,-60.0,100.0,#46B200,0
4688,64.0,-54.0,16.0,#00B27D,0
4689,64.0,-50.0,-10.0,#00B2AB,0
4690,64.0,-46.0,104.0,#6CAD00,0
4691,64.0,-44.0,-30.0,#00B1CF,0
4692,64.0,-44.0,24.0,#49AE6E,1
4693,64.0,-44.0,32.0,#53AE5F,1
4694,64.0,-44.0,92.0,#6FAD00,0
4695,64.0,-42.0,-46.0,#00B2EC,0
4696,64.0,-40.0,44.0,#68AC48,1
4697,64.0,-40.0,62.0,#71AB16,1
4698,64.0,-38.0,20.0,#57AC76,1
4699,64.0,-38.0,76.0,#79AA00,0
4700,64.0,-36.0,34.0,#6AAB5C,1
4701,64.0,-36.0,92.0,#80A900,0
4702,64.0,-34.0,-60.0,#00B1FF,0
4703,64.0,-34.0,40.0,#73A950,1
4704,64.0,-30.0,-54.0,#00AEFB,0
4705,64.0,-30.0,-16.0,#23ABB7,1
4706,64.0,-30.0,-8.0,#42AAA8,1
4707,64.0,-26.0,12.0,#6FA785,1
4708,64.0,-20.0,10.0,#7BA589,1
4709,64.0,-20.0,54.0,#95A333,1
4710,64.0,-16.0,86.0,#A2A100,0
4711,64.0,-14.0,-52.0,#00A7F7,0
4712,64.0,-14.0,12.0,#8AA285,1
4713,64.0,-8.0,64.0,#AC9D15,1
4714,64.0,-6.0,-52.0,#00A3F8,0
4715,64.0,-4.0,24.0,#A49C70,1
4716,64.0,-2.0,-60.0,#00A2FF,0
4717,64.0,-2.0,-40.0,#5CA0E2,1
4718,64.0,2.0,4.0,#A29A94,1
4719,64.0,4.0,96.0,#C29600,0
4720,64.0,4.0,104.0,#C29500,0
4721,64.0,8.0,-54.0,#589CFB,1
4722,64.0,8.0,30.0,#BA9566,1
4723,64.0,12.0,0.0,#B1949B,1
4724,64.0,18.0,-32.0,#9E93D4,1
4725,64.0,22.0,14.0,#C98C83,1
4726,64.0,24.0,-54.0,#8A92FC,1
4727,64.0,24.0,-20.0,#B58DBF,1
4728,64.0,24.0,84.0,#DD8800,0
4729,64.0,28.0,-26.0,#B78BCA,1
4730,64.0,28.0,20.0,#D48779,1
4731,64.0,32.0,-8.0,#CC86AA,1
4732,64.0,34.0,6.0,#D78392,1
4733,64.0,34.0,48.0,#E58146,1
4734,64.0,34.0,64.0,#E88020,1
4735,64.0,40.0,-20.0,#D080BF,1
4736,64.0,40.0,-8.0,#D87FAA,1
4737,64.0,40.0,0.0,#DD7E9C,1
4738,64.0,44.0,-26.0,#D27ECA,1
4739,64.0,44.0,-14.0,#DB7CB5,1
4740,64.0,46.0,-6.0,#E379A7,1
4741,64.0,46.0,2.0,#E77999,1
4742,64.0,48.0,-58.0,#B87FFF,0
4743,64.0,52.0,62.0,#FF6E29,0
4744,64.0,52.0,70.0,#FF6E0F,0
4745,64.0,52.0,88.0,#FF6E00,0
4746,64.0,56.0,82.0,#FF6900,0
4747,64.0,58.0,14.0,#FC6A85,1
4748,64.0,58.0,38.0,#FF685B,0
4749,64.0,58.0,56.0,#FF6738,0
4750,64.0,58.0,108.0,#FF6600,0
4751,64.0,60.0,-42.0,#DF6FE7,1
4752,64.0,62.0,84.0,#FF6100,0
4753,64.0,64.0,32.0,#FF6166,0
4754,64.0,64.0,40.0,#FF6058,0
4755,64.0,64.0,50.0,#FF5F45,0
4756,64.0,64.0,58.0,#FF5F35,0
4757,64.0,66.0,108.0,#FF5B00,0
4758,64.0,68.0,-42.0,#EB65E7,1
4759,64.0,68.0,96.0,#FF5800,0
4760,64.0,70.0,-60.0,#DE66FF,0
4761,64.0,70.0,-36.0,#F361DD,1
4762,64.0,70.0,46.0,#FF564D,0
4763,64.0,72.0,-30.0,#FA5DD2,1
4764,64.0,74.0,-48.0,#F05DF2,1
4765,64.0,74.0,74.0,#FF4E06,0
4766,64.0,76.0,26.0,#FF4D71,0
4767,64.0,78.0,0.0,#FF4C9E,0
4768,64.0,80.0,12.0,#FF468A,0
4769,64.0,82.0,36.0,#FF3E61,0
4770,64.0,86.0,14.0,#FF3687,0
4771,64.0,104.0,-50.0,#FF00F7,0
4772,65.0,-128.0,44.0,#00C646,0
4773,65.0,-128.0,60.0,#00C616,0
4774,65.0,-128.0,76.0,#00C500,0
4775,65.0,-120.0,48.0,#00C43D,0
4776,65.0,-120.0,56.0,#00C427,0
4777,65.0,-112.0,48.0,#00C33D,0
4778,65.0,-112.0,56.0,#00C327,0
4779,65.0,-112.0,64.0,#00C300,0
4780,65.0,-112.0,72.0,#00C200,0
4781,65.0,-112.0,82.0,#00C200,0
4782,65.0,-106.0,74.0,#00C100,0
4783,65.0,-104.0,44.0,#00C147,0
4784,65.0,-100.0,66.0,#00C000,0
4785,65.0,-94.0,-14.0,#00C2B5,0
4786,65.0,-94.0,4.0,#00C194,0
4787,65.0,-90.0,78.0,#00BD00,0
4788,65.0,-88.0,16.0,#00BF7E,0
4789,65.0,-86.0,-8.0,#00BFAA,0
4790,65.0,-80.0,62.0,#00BB12,0
4791,65.0,-76.0,92.0,#00BA00,0
4792,65.0,-72.0,32.0,#00BA61,0
4793,65.0,-64.0,-22.0,#00BAC3,0
4794,65.0,-56.0,-10.0,#00B7AE,0
4795,65.0,-56.0,66.0,#4BB400,0
4796,65.0,-54.0,10.0,#00B58A,0
4797,65.0,-50.0,-48.0,#00B8F3,0
4798,65.0,-50.0,-26.0,#00B6CB,0
4799,65.0,-50.0,70.0,#5FB200,0
4800,65.0,-48.0,-42.0,#00B7E8,0
4801,65.0,-48.0,84.0,#68B100,0
4802,65.0,-46.0,50.0,#5FB13D,1
4803,65.0,-44.0,56.0,#67B02E,1
4804,65.0,-40.0,12.0,#47B087,1
4805,65.0,-38.0,-8.0,#01B0AB,1
4806,65.0,-36.0,100.0,#84AC00,0
4807,65.0,-34.0,86.0,#86AB00,0
4808,65.0,-32.0,12.0,#62AD87,1
4809,65.0,-30.0,-22.0,#00AEC4,0
4810,65.0,-30.0,2.0,#59AC99,1
4811,65.0,-30.0,94.0,#8EAA00,0
4812,65.0,-28.0,32.0,#7EAA63,1
4813,65.0,-26.0,-28.0,#00ADCF,0
4814,65.0,-26.0,38.0,#86A957,1
4815,65.0,-24.0,-60.0,#00AFFF,0
4816,65.0,-24.0,22.0,#7FA975,1
4817,65.0,-24.0,98.0,#99A700,0
4818,65.0,-22.0,90.0,#9CA600,0
4819,65.0,-20.0,-14.0,#5DA9B6,1
4820,65.0,-16.0,94.0,#A6A300,0
4821,65.0,-14.0,-18.0,#68A6BD,1
4822,65.0,-14.0,30.0,#98A467,1
4823,65.0,-14.0,100.0,#AAA200,0
4824,65.0,-10.0,74.0,#ADA000,0
4825,65.0,-10.0,82.0,#AEA000,0
4826,65.0,-8.0,98.0,#B39F00,0
4827,65.0,-6.0,46.0,#AD9F49,1
4828,65.0,-6.0,54.0,#AF9F37,1
4829,65.0,-2.0,2.0,#9C9F9A,1
4830,65.0,0.0,-14.0,#909FB6,1
4831,65.0,2.0,78.0,#C09A00,0
4832,65.0,4.0,-46.0,#64A0F0,1
4833,65.0,6.0,-40.0,#789EE5,1
4834,65.0,8.0,74.0,#C89600,0
4835,65.0,8.0,110.0,#CB9600,0
4836,65.0,12.0,-8.0,#AD97AC,1
4837,65.0,14.0,46.0,#CC934A,1
4838,65.0,14.0,70.0,#D09200,0
4839,65.0,20.0,-42.0,#9795E9,1
4840,65.0,20.0,44.0,#D48F4F,1
4841,65.0,20.0,60.0,#D78E2B,1
4842,65.0,24.0,96.0,#E18B00,0
4843,65.0,26.0,-48.0,#9B92F4,1
4844,65.0,26.0,-10.0,#C48EB0,1
4845,65.0,26.0,54.0,#DF8A3B,1
4846,65.0,30.0,98.0,#E98600,0
4847,65.0,32.0,-54.0,#9F8EFF,1
4848,65.0,32.0,40.0,#E48557,1
4849,65.0,34.0,110.0,#EF8200,0
4850,65.0,36.0,-42.0,#B889E9,1
4851,65.0,36.0,84.0,#F08100,0
4852,65.0,38.0,38.0,#EC805C,1
4853,65.0,38.0,54.0,#EF803C,1
4854,65.0,42.0,82.0,#F87B00,0
4855,65.0,44.0,48.0,#F67A49,1
4856,65.0,56.0,0.0,#F771A0,1
4857,65.0,56.0,20.0,#FF6F7D,1
4858,65.0,62.0,-26.0,#F16DCE,1
4859,65.0,62.0,78.0,#FF6400,0
4860,65.0,68.0,-12.0,#FF63B5,0
4861,65.0,70.0,38.0,#FF5A5E,0
4862,65.0,72.0,52.0,#FF5645,0
4863,65.0,78.0,46.0,#FF4A51,0
4864,65.0,80.0,6.0,#FF4B97,0
4865,65.0,80.0,60.0,#FF4536,0
4866,65.0,84.0,-48.0,#FF4FF5,0
4867,65.0,86.0,-2.0,#FF3EA5,0
4868,65.0,88.0,-42.0,#FF44EB,0
4869,65.0,90.0,-24.0,#FF38CB,0
4870,65.0,92.0,-50.0,#FF3CF9,0
4871,65.0,92.0,-16.0,#FF2EBD,0
4872,66.0,-128.0,6.0,#00CA93,0
4873,66.0,-126.0,86.0,#00C800,0
4874,66.0,-114.0,4.0,#00C896,0
4875,66.0,-114.0,96.0,#00C600,0
4876,66.0,-108.0,0.0,#00C79E,0
4877,66.0,-104.0,14.0,#00C584,0
4878,66.0,-104.0,30.0,#00C566,0
4879,66.0,-104.0,38.0,#00C456,0
4880,66.0,-104.0,54.0,#00C431,0
4881,66.0,-102.0,-4.0,#00C6A5,0
4882,66.0,-98.0,86.0,#00C200,0
4883,66.0,-96.0,-8.0,#00C5AC,0
4884,66.0,-96.0,26.0,#00C36E,0
4885,66.0,-96.0,42.0,#00C24E,0
4886,66.0,-92.0,-2.0,#00C3A2,0
4887,66.0,-92.0,64.0,#00C107,0
4888,66.0,-88.0,10.0,#00C28C,0
4889,66.0,-88.0,58.0,#00C026,0
4890,66.0,-88.0,88.0,#00C000,0
4891,66.0,-86.0,70.0,#00BF00,0
4892,66.0,-84.0,0.0,#00C19E,0
4893,66.0,-84.0,76.0,#00BF00,0
4894,66.0,-80.0,6.0,#00C093,0
4895,66.0,-80.0,14.0,#00BF85,0
4896,66.0,-80.0,22.0,#00BF76,0
4897,66.0,-80.0,30.0,#00BF67,0
4898,66.0,-80.0,84.0,#00BE00,0
4899,66.0,-74.0,40.0,#00BD53,0
4900,66.0,-74.0,82.0,#00BC00,0
4901,66.0,-72.0,-8.0,#00BEAD,0
4902,66.0,-70.0,-24.0,#00BFCA,0
4903,66.0,-68.0,-2.0,#00BDA2,0
4904,66.0,-66.0,20.0,#00BB7A,0
4905,66.0,-66.0,82.0,#2FBA00,0
4906,66.0,-60.0,76.0,#46B800,0
4907,66.0,-56.0,-24.0,#00BBCA,0
4908,66.0,-54.0,22.0,#0BB777,1
4909,66.0,-54.0,30.0,#2CB768,1
4910,66.0,-54.0,38.0,#3BB758,1
4911,66.0,-54.0,88.0,#5DB600,0
4912,66.0,-52.0,-34.0,#00BADC,0
4913,66.0,-42.0,38.0,#64B259,1
4914,66.0,-42.0,70.0,#75B100,0
4915,66.0,-40.0,108.0,#7FB000,0
4916,66.0,-34.0,-46.0,#00B5F2,0
4917,66.0,-28.0,-48.0,#00B2F6,0
4918,66.0,-26.0,-42.0,#00B1EB,0
4919,66.0,-26.0,44.0,#8BAB4E,1
4920,66.0,-24.0,66.0,#97AA0F,1
4921,66.0,-24.0,74.0,#99AA00,0
4922,66.0,-20.0,-30.0,#30ADD5,1
4923,66.0,-18.0,-40.0,#00ADE7,0
4924,66.0,-18.0,-24.0,#50ACCB,1
4925,66.0,-18.0,-8.0,#70AAAE,1
4926,66.0,-18.0,62.0,#A0A722,1
4927,66.0,-16.0,-58.0,#00AEFF,0
4928,66.0,-16.0,110.0,#AAA600,0
4929,66.0,-12.0,4.0,#8CA799,1
4930,66.0,-12.0,20.0,#99A67C,1
4931,66.0,-8.0,34.0,#A7A363,1
4932,66.0,-6.0,-8.0,#8DA4AE,1
4933,66.0,-6.0,6.0,#9AA395,1
4934,66.0,-6.0,40.0,#ADA257,1
4935,66.0,-6.0,112.0,#BAA000,0
4936,66.0,-4.0,88.0,#BB9F00,0
4937,66.0,-2.0,-4.0,#99A2A7,1
4938,66.0,0.0,-22.0,#89A2C7,1
4939,66.0,0.0,110.0,#C39D00,0
4940,66.0,2.0,-8.0,#9DA0AF,1
4941,66.0,2.0,-2.0,#A29FA4,1
4942,66.0,2.0,90.0,#C49C00,0
4943,66.0,6.0,-28.0,#8E9FD2,1
4944,66.0,6.0,-20.0,#989EC4,1
4945,66.0,6.0,18.0,#B79C81,1
4946,66.0,6.0,36.0,#BF9B60,1
4947,66.0,6.0,68.0,#C89A0E,1
4948,66.0,6.0,84.0,#CA9A00,0
4949,66.0,10.0,-46.0,#7A9FF3,1
4950,66.0,10.0,24.0,#C19976,1
4951,66.0,12.0,-40.0,#8A9DE8,1
4952,66.0,12.0,-24.0,#A09BCB,1
4953,66.0,12.0,16.0,#C09884,1
4954,66.0,12.0,88.0,#D39600,0
4955,66.0,16.0,-18.0,#AE98C1,1
4956,66.0,18.0,86.0,#DB9200,0
4957,66.0,18.0,110.0,#DC9100,0
4958,66.0,20.0,8.0,#C89393,1
4959,66.0,24.0,-36.0,#AA94E1,1
4960,66.0,30.0,-42.0,#AF91EC,1
4961,66.0,30.0,28.0,#E08A70,1
4962,66.0,30.0,76.0,#EB8900,0
4963,66.0,30.0,84.0,#EB8900,0
4964,66.0,34.0,-30.0,#C38CD7,1
4965,66.0,34.0,14.0,#E18889,1
4966,66.0,36.0,-48.0,#B38DF7,1
4967,66.0,36.0,78.0,#F38300,0
4968,66.0,36.0,104.0,#F58300,0
4969,66.0,40.0,-36.0,#C888E2,1
4970,66.0,42.0,24.0,#F08078,1
4971,66.0,42.0,64.0,#F97E28,1
4972,66.0,42.0,88.0,#FC7E00,0
4973,66.0,42.0,98.0,#FC7E00,0
4974,66.0,48.0,26.0,#F97A75,1
4975,66.0,48.0,34.0,#FB7966,1
4976,66.0,48.0,110.0,#FF7700,0
4977,66.0,52.0,12.0,#FA778D,1
4978,66.0,54.0,76.0,#FF7100,0
4979,66.0,64.0,-56.0,#DE73FF,0
4980,66.0,64.0,-32.0,#F36EDB,1
4981,66.0,64.0,16.0,#FF6887,0
4982,66.0,74.0,-24.0,#FF5ECD,0
4983,66.0,78.0,-36.0,#FF5AE3,0
4984,66.0,82.0,-24.0,#FF50CD,0
4985,67.0,-122.0,-4.0,#00CDA7,0
4986,67.0,-120.0,2.0,#00CC9D,0
4987,67.0,-120.0,10.0,#00CC8E,0
4988,67.0,-120.0,18.0,#00CB7F,0
4989,67.0,-120.0,26.0,#00CB70,0
4990,67.0,-120.0,92.0,#00CA00,0
4991,67.0,-116.0,-10.0,#00CCB2,0
4992,67.0,-104.0,8.0,#00C892,0
4993,67.0,-104.0,82.0,#00C700,0
4994,67.0,-104.0,90.0,#00C600,0
4995,67.0,-96.0,78.0,#00C500,0
4996,67.0,-96.0,102.0,#00C500,0
4997,67.0,-88.0,38.0,#00C459,0
4998,67.0,-84.0,106.0,#00C100,0
4999,67.0,-82.0,92.0,#00C100,0
5000,67.0,-72.0,26.0,#00C071,0
5001,67.0,-68.0,40.0,#00BE56,0
5002,67.0,-68.0,48.0,#00BE45,0
5003,67.0,-62.0,-14.0,#00BFBB,0
5004,67.0,-56.0,52.0,#47BA3C,1
5005,67.0,-56.0,60.0,#4DB926,1
5006,67.0,-54.0,108.0,#63B800,0
5007,67.0,-50.0,-18.0,#00BBC2,0
5008,67.0,-48.0,-4.0,#00B9A9,0
5009,67.0,-48.0,4.0,#00B99A,0
5010,67.0,-48.0,12.0,#22B88C,1
5011,67.0,-48.0,96.0,#70B600,0
5012,67.0,-48.0,112.0,#72B600,0
5013,67.0,-42.0,2.0,#29B79E,1
5014,67.0,-42.0,100.0,#7EB400,0
5015,67.0,-40.0,84.0,#7FB300,0
5016,67.0,-38.0,-40.0,#00B8EA,0
5017,67.0,-38.0,54.0,#7AB339,1
5018,67.0,-32.0,60.0,#89B029,1
5019,67.0,-28.0,80.0,#96AE00,0
5020,67.0,-28.0,112.0,#99AE00,0
5021,67.0,-24.0,-2.0,#6BAFA6,1
5022,67.0,-20.0,-48.0,#00B2F9,0
5023,67.0,-20.0,42.0,#98AB55,1
5024,67.0,-16.0,70.0,#A8A900,0
5025,67.0,-6.0,-28.0,#72A9D5,1
5026,67.0,-2.0,8.0,#A6A495,1
5027,67.0,2.0,60.0,#C39F2E,1
5028,67.0,6.0,2.0,#B09FA0,1
5029,67.0,6.0,10.0,#B59F91,1
5030,67.0,6.0,50.0,#C79D46,1
5031,67.0,10.0,98.0,#D49A00,0
5032,67.0,12.0,8.0,#BE9B95,1
5033,67.0,14.0,58.0,#D49835,1
5034,67.0,16.0,-56.0,#789FFF,0
5035,67.0,18.0,2.0,#C498A0,1
5036,67.0,22.0,22.0,#D5937D,1
5037,67.0,22.0,30.0,#D8936E,1
5038,67.0,26.0,0.0,#D092A4,1
5039,67.0,28.0,6.0,#D79099,1
5040,67.0,28.0,64.0,#E98D28,1
5041,67.0,36.0,24.0,#EA887A,1
5042,67.0,40.0,10.0,#EB8693,1
5043,67.0,42.0,16.0,#F08388,1
5044,67.0,46.0,8.0,#F28097,1
5045,67.0,46.0,70.0,#FF7D18,0
5046,67.0,48.0,92.0,#FF7A00,0
5047,67.0,48.0,100.0,#FF7A00,0
5048,67.0,50.0,20.0,#FD7B82,1
5049,67.0,52.0,-14.0,#F07CBE,1
5050,67.0,52.0,50.0,#FF774B,0
5051,67.0,54.0,96.0,#FF7400,0
5052,67.0,56.0,-56.0,#D27EFF,0
5053,67.0,56.0,102.0,#FF7100,0
5054,67.0,58.0,-34.0,#EB78E1,1
5055,67.0,58.0,28.0,#FF7174,0
5056,67.0,58.0,44.0,#FF7057,0
5057,67.0,60.0,6.0,#FF719B,0
5058,67.0,60.0,66.0,#FF6D29,0
5059,67.0,60.0,114.0,#FF6C00,0
5060,67.0,64.0,-6.0,#FF6DB0,0
5061,67.0,64.0,26.0,#FF6A78,0
5062,67.0,66.0,0.0,#FF6AA6,0
5063,67.0,66.0,88.0,#FF6400,0
5064,67.0,68.0,6.0,#FF669B,0
5065,67.0,70.0,20.0,#FF6283,0
5066,67.0,70.0,28.0,#FF6175,0
5067,67.0,72.0,-6.0,#FF62B0,0
5068,67.0,72.0,66.0,#FF5B2C,0
5069,67.0,76.0,18.0,#FF5887,0
5070,67.0,76.0,34.0,#FF566B,0
5071,67.0,80.0,-30.0,#FF58DB,0
5072,67.0,82.0,-54.0,#FF5BFF,0
5073,67.0,82.0,28.0,#FF4A76,0
5074,67.0,86.0,-36.0,#FF4EE6,0
5075,67.0,86.0,-18.0,#FF49C6,0
5076,67.0,94.0,-36.0,#FF38E6,0
5077,67.0,96.0,-30.0,#FF2FDB,0
5078,68.0,-120.0,32.0,#00CE67,0
5079,68.0,-120.0,64.0,#00CD0E,0
5080,68.0,-120.0,72.0,#00CD00,0
5081,68.0,-114.0,18.0,#00CD82,0
5082,68.0,-112.0,32.0,#00CC67,0
5083,68.0,-112.0,40.0,#00CC57,0
5084,68.0,-110.0,88.0,#00CB00,0
5085,68.0,-96.0,48.0,#00C846,0
5086,68.0,-90.0,-18.0,#00CAC4,0
5087,68.0,-86.0,82.0,#00C500,0
5088,68.0,-84.0,-26.0,#00C9D3,0
5089,68.0,-80.0,-12.0,#00C7B9,0
5090,68.0,-80.0,48.0,#00C447,0
5091,68.0,-78.0,72.0,#00C300,0
5092,68.0,-74.0,46.0,#00C24C,0
5093,68.0,-74.0,54.0,#00C239,0
5094,68.0,-72.0,6.0,#00C399,0
5095,68.0,-72.0,88.0,#10C100,0
5096,68.0,-66.0,34.0,#00C065,0
5097,68.0,-64.0,-38.0,#00C4E9,0
5098,68.0,-64.0,88.0,#43BF00,0
5099,68.0,-60.0,20.0,#00BF80,0
5100,68.0,-60.0,28.0,#00BF71,0
5101,68.0,-54.0,46.0,#4BBC4D,1
5102,68.0,-50.0,-54.0,#00C1FF,0
5103,68.0,-48.0,40.0,#5ABA5A,1
5104,68.0,-44.0,-20.0,#00BCC8,0
5105,68.0,-44.0,76.0,#78B800,0
5106,68.0,-42.0,-54.0,#00BEFF,0
5107,68.0,-40.0,-14.0,#00BABE,0
5108,68.0,-38.0,-22.0,#00B9CC,0
5109,68.0,-36.0,-52.0,#00BCFF,0
5110,68.0,-36.0,6.0,#54B79A,1
5111,68.0,-32.0,-28.0,#00B8D7,0
5112,68.0,-30.0,20.0,#78B381,1
5113,68.0,-30.0,72.0,#93B200,0
5114,68.0,-28.0,-34.0,#00B6E2,0
5115,68.0,-28.0,104.0,#9CB100,0
5116,68.0,-26.0,56.0,#96B038,1
5117,68.0,-24.0,6.0,#78B29A,1
5118,68.0,-22.0,-54.0,#00B6FF,0
5119,68.0,-18.0,0.0,#7FAFA5,1
5120,68.0,-18.0,16.0,#8FAE88,1
5121,68.0,-18.0,24.0,#95AE7A,1
5122,68.0,-12.0,-12.0,#7FADBB,1
5123,68.0,-12.0,58.0,#AFAA34,1
5124,68.0,-10.0,26.0,#A5AA76,1
5125,68.0,-8.0,-40.0,#51AEED,1
5126,68.0,-6.0,-18.0,#85AAC6,1
5127,68.0,-6.0,-2.0,#98A9A9,1
5128,68.0,-4.0,-34.0,#6FABE3,1
5129,68.0,-4.0,60.0,#BDA530,1
5130,68.0,-4.0,68.0,#BEA514,1
5131,68.0,-2.0,14.0,#ACA68D,1
5132,68.0,-2.0,34.0,#B7A568,1
5133,68.0,0.0,48.0,#C0A34C,1
5134,68.0,2.0,-54.0,#4CAAFF,0
5135,68.0,2.0,-36.0,#7DA8E6,1
5136,68.0,4.0,-14.0,#A0A4BF,1
5137,68.0,4.0,26.0,#BDA277,1
5138,68.0,4.0,116.0,#CFA000,0
5139,68.0,6.0,-8.0,#AAA3B4,1
5140,68.0,6.0,42.0,#C7A059,1
5141,68.0,12.0,40.0,#D09C5D,1
5142,68.0,12.0,116.0,#DB9B00,0
5143,68.0,16.0,32.0,#D39A6D,1
5144,68.0,16.0,100.0,#E09800,0
5145,68.0,18.0,38.0,#D89862,1
5146,68.0,20.0,-48.0,#969EFC,1
5147,68.0,22.0,66.0,#E49423,1
5148,68.0,22.0,74.0,#E69400,0
5149,68.0,24.0,116.0,#EB9200,0
5150,68.0,30.0,114.0,#F38D00,0
5151,68.0,34.0,-36.0,#C392E7,1
5152,68.0,34.0,-18.0,#D390C7,1
5153,68.0,34.0,58.0,#F48B3A,1
5154,68.0,34.0,90.0,#F88A00,0
5155,68.0,38.0,30.0,#F28972,1
5156,68.0,38.0,72.0,#FB8710,1
5157,68.0,42.0,116.0,#FF8300,0
5158,68.0,44.0,40.0,#FE8360,1
5159,68.0,46.0,54.0,#FF8045,0
5160,68.0,50.0,-28.0,#E683D9,1
5161,68.0,50.0,116.0,#FF7B00,0
5162,68.0,52.0,-48.0,#D784FD,1
5163,68.0,52.0,6.0,#FD7D9D,1
5164,68.0,52.0,40.0,#FF7A61,0
5165,68.0,56.0,-26.0,#F17CD6,1
5166,68.0,56.0,-6.0,#FD7AB2,1
5167,68.0,60.0,-20.0,#FB77CB,1
5168,68.0,60.0,-12.0,#FF76BD,0
5169,68.0,62.0,96.0,#FF6C00,0
5170,68.0,62.0,104.0,#FF6C00,0
5171,68.0,66.0,-18.0,#FF6FC8,0
5172,68.0,74.0,-42.0,#FF68F3,0
5173,68.0,74.0,42.0,#FF5C5F,0
5174,68.0,74.0,58.0,#FF5B40,0
5175,68.0,76.0,-16.0,#FF60C5,0
5176,68.0,80.0,-10.0,#FF58BA,0
5177,68.0,88.0,-30.0,#FF4BDE,0
5178,68.0,88.0,-10.0,#FF46BB,0
5179,68.0,98.0,-46.0,#FF34FB,0
5180,69.0,-128.0,20.0,#00D380,0
5181,69.0,-128.0,28.0,#00D271,0
5182,69.0,-128.0,36.0,#00D261,0
5183,69.0,-128.0,52.0,#00D23D,0
5184,69.0,-128.0,68.0,#00D100,0
5185,69.0,-120.0,86.0,#00D000,0
5186,69.0,-112.0,24.0,#00CF79,0
5187,69.0,-108.0,96.0,#00CD00,0
5188,69.0,-92.0,92.0,#00C900,0
5189,69.0,-88.0,32.0,#00CA6A,0
5190,69.0,-88.0,48.0,#00C949,0
5191,69.0,-80.0,36.0,#00C763,0
5192,69.0,-78.0,-18.0,#00C9C7,0
5193,69.0,-74.0,-2.0,#00C7AA,0
5194,69.0,-72.0,-16.0,#00C8C3,0
5195,69.0,-72.0,20.0,#00C682,0
5196,69.0,-68.0,12.0,#00C591,0
5197,69.0,-66.0,26.0,#00C377,0
5198,69.0,-66.0,94.0,#41C200,0
5199,69.0,-64.0,-6.0,#00C4B1,0
5200,69.0,-64.0,6.0,#00C49C,0
5201,69.0,-64.0,54.0,#29C23C,1
5202,69.0,-64.0,62.0,#35C225,1
5203,69.0,-62.0,108.0,#53C100,0
5204,69.0,-60.0,-28.0,#00C5D9,0
5205,69.0,-60.0,46.0,#34C14F,1
5206,69.0,-56.0,-38.0,#00C4EC,0
5207,69.0,-56.0,82.0,#5FBF00,0
5208,69.0,-50.0,76.0,#6DBD00,0
5209,69.0,-48.0,34.0,#56BD68,1
5210,69.0,-44.0,28.0,#5CBC74,1
5211,69.0,-44.0,62.0,#76BB28,1
5212,69.0,-42.0,-34.0,#00BFE5,0
5213,69.0,-36.0,28.0,#73B874,1
5214,69.0,-36.0,70.0,#8AB700,0
5215,69.0,-36.0,112.0,#91B700,0
5216,69.0,-34.0,44.0,#83B755,1
5217,69.0,-34.0,106.0,#94B600,0
5218,69.0,-32.0,50.0,#8AB648,1
5219,69.0,-28.0,88.0,#9DB400,0
5220,69.0,-26.0,-12.0,#58B6BD,1
5221,69.0,-22.0,-36.0,#00B7E9,0
5222,69.0,-22.0,32.0,#95B26D,1
5223,69.0,-20.0,104.0,#ACB000,0
5224,69.0,-20.0,116.0,#ADB000,0
5225,69.0,-18.0,78.0,#ACAF00,0
5226,69.0,-14.0,-32.0,#53B2E2,1
5227,69.0,-14.0,42.0,#A9AE5A,1
5228,69.0,-12.0,-48.0,#00B3FF,0
5229,69.0,-12.0,-26.0,#6AB1D7,1
5230,69.0,-12.0,48.0,#AFAD4E,1
5231,69.0,-12.0,116.0,#BAAC00,0
5232,69.0,-10.0,-54.0,#00B3FF,0
5233,69.0,-10.0,90.0,#BBAB00,0
5234,69.0,0.0,98.0,#CBA500,0
5235,69.0,2.0,16.0,#B7A68C,1
5236,69.0,10.0,-16.0,#ADA4C5,1
5237,69.0,14.0,82.0,#DE9C00,0
5238,69.0,18.0,-6.0,#C49EB4,1
5239,69.0,20.0,-28.0,#B49EDB,1
5240,69.0,24.0,-16.0,#C79AC6,1
5241,69.0,24.0,108.0,#EE9500,0
5242,69.0,34.0,-2.0,#E191AD,1
5243,69.0,36.0,96.0,#FE8B00,0
5244,69.0,40.0,-52.0,#BE92FF,0
5245,69.0,42.0,-46.0,#CA8FFC,1
5246,69.0,42.0,108.0,#FF8600,0
5247,69.0,44.0,-40.0,#D48DF1,1
5248,69.0,44.0,-20.0,#E58ACD,1
5249,69.0,44.0,76.0,#FF8400,0
5250,69.0,48.0,64.0,#FF8031,0
5251,69.0,50.0,-38.0,#E087EE,1
5252,69.0,50.0,-2.0,#F982AE,1
5253,69.0,52.0,-20.0,#F282CE,1
5254,69.0,54.0,58.0,#FF7A40,0
5255,69.0,56.0,88.0,#FF7700,0
5256,69.0,60.0,52.0,#FF734D,0
5257,69.0,62.0,-50.0,#E97CFF,0
5258,69.0,64.0,-44.0,#F279F9,1
5259,69.0,66.0,-38.0,#FB75EE,1
5260,69.0,66.0,46.0,#FF6B59,0
5261,69.0,68.0,-52.0,#F175FF,0
5262,69.0,68.0,60.0,#FF683E,0
5263,69.0,68.0,76.0,#FF670F,0
5264,69.0,68.0,100.0,#FF6700,0
5265,69.0,70.0,14.0,#FF6893,0
5266,69.0,76.0,-52.0,#FF6AFF,0
5267,69.0,82.0,20.0,#FF5289,0
5268,70.0,-128.0,14.0,#00D68E,0
5269,70.0,-128.0,80.0,#00D400,0
5270,70.0,-120.0,38.0,#00D460,0
5271,70.0,-120.0,80.0,#00D300,0
5272,70.0,-116.0,-4.0,#00D5B0,0
5273,70.0,-112.0,10.0,#00D396,0
5274,70.0,-112.0,68.0,#00D100,0
5275,70.0,-112.0,76.0,#00D100,0
5276,70.0,-110.0,-8.0,#00D4B7,0
5277,70.0,-106.0,102.0,#00D000,0
5278,70.0,-104.0,66.0,#00D010,0
5279,70.0,-102.0,-12.0,#00D2BE,0
5280,70.0,-100.0,96.0,#00CE00,0
5281,70.0,-98.0,4.0,#00D0A1,0
5282,70.0,-96.0,10.0,#00CF96,0
5283,70.0,-96.0,18.0,#00CF87,0
5284,70.0,-96.0,34.0,#00CE69,0
5285,70.0,-96.0,58.0,#00CE32,0
5286,70.0,-92.0,106.0,#00CC00,0
5287,70.0,-90.0,4.0,#00CEA1,0
5288,70.0,-88.0,26.0,#00CD78,0
5289,70.0,-80.0,-4.0,#00CCB0,0
5290,70.0,-80.0,56.0,#00CA39,0
5291,70.0,-80.0,100.0,#00C900,0
5292,70.0,-78.0,106.0,#00C800,0
5293,70.0,-74.0,62.0,#00C827,0
5294,70.0,-74.0,96.0,#15C700,0
5295,70.0,-72.0,102.0,#2AC700,0
5296,70.0,-72.0,110.0,#2DC700,0
5297,70.0,-68.0,-30.0,#00CAE0,0
5298,70.0,-68.0,72.0,#2EC600,0
5299,70.0,-60.0,36.0,#23C466,1
5300,70.0,-60.0,102.0,#5CC300,0
5301,70.0,-56.0,-6.0,#00C5B4,0
5302,70.0,-54.0,0.0,#00C3AA,0
5303,70.0,-54.0,96.0,#6BC100,0
5304,70.0,-50.0,54.0,#65C040,1
5305,70.0,-50.0,62.0,#69C02A,1
5306,70.0,-48.0,20.0,#44C085,1
5307,70.0,-44.0,-44.0,#00C3FA,0
5308,70.0,-44.0,-28.0,#00C2DD,0
5309,70.0,-42.0,-6.0,#00BFB5,0
5310,70.0,-42.0,18.0,#58BE89,1
5311,70.0,-38.0,62.0,#86BB2C,1
5312,70.0,-36.0,-2.0,#49BDAE,1
5313,70.0,-36.0,14.0,#66BC91,1
5314,70.0,-36.0,22.0,#70BB82,1
5315,70.0,-36.0,76.0,#8EBA00,0
5316,70.0,-32.0,34.0,#84B96B,1
5317,70.0,-30.0,-6.0,#59BAB5,1
5318,70.0,-30.0,98.0,#9DB700,0
5319,70.0,-26.0,-22.0,#3EBAD2,1
5320,70.0,-24.0,16.0,#87B68D,1
5321,70.0,-24.0,94.0,#A8B400,0
5322,70.0,-20.0,52.0,#A5B347,1
5323,70.0,-18.0,90.0,#B1B100,0
5324,70.0,-18.0,98.0,#B2B100,0
5325,70.0,-12.0,-6.0,#8CB2B5,1
5326,70.0,-12.0,10.0,#9CB199,1
5327,70.0,-12.0,96.0,#BCAE00,0
5328,70.0,-12.0,104.0,#BCAE00,0
5329,70.0,-6.0,76.0,#C3AB00,0
5330,70.0,-2.0,22.0,#B7AB83,1
5331,70.0,0.0,-46.0,#65AFFE,1
5332,70.0,0.0,54.0,#C7A845,1
5333,70.0,12.0,-32.0,#A1A7E5,1
5334,70.0,12.0,50.0,#D8A14E,1
5335,70.0,12.0,66.0,#DCA127,1
5336,70.0,16.0,22.0,#D4A084,1
5337,70.0,18.0,-38.0,#A6A3F0,1
5338,70.0,18.0,52.0,#E29D4B,1
5339,70.0,18.0,94.0,#E89C00,0
5340,70.0,24.0,38.0,#E79967,1
5341,70.0,24.0,46.0,#E99958,1
5342,70.0,24.0,80.0,#EF9800,0
5343,70.0,24.0,88.0,#F09800,0
5344,70.0,26.0,-6.0,#D59AB7,1
5345,70.0,26.0,102.0,#F49600,0
5346,70.0,28.0,16.0,#E4978F,1
5347,70.0,30.0,-26.0,#CB99DB,1
5348,70.0,30.0,22.0,#EA9585,1
5349,70.0,30.0,48.0,#F29454,1
5350,70.0,32.0,-12.0,#DA96C2,1
5351,70.0,36.0,42.0,#F98F60,1
5352,70.0,38.0,-26.0,#D993DB,1
5353,70.0,38.0,-10.0,#E591BE,1
5354,70.0,38.0,48.0,#FE8D55,1
5355,70.0,40.0,-4.0,#EC8FB4,1
5356,70.0,40.0,4.0,#F18EA5,1
5357,70.0,44.0,-30.0,#E08EE2,1
5358,70.0,46.0,-8.0,#F38ABB,1
5359,70.0,50.0,86.0,#FF8000,0
5360,70.0,54.0,24.0,#FF7F83,0
5361,70.0,54.0,108.0,#FF7C00,0
5362,70.0,58.0,36.0,#FF796D,0
5363,70.0,60.0,22.0,#FF7887,0
5364,70.0,60.0,74.0,#FF7519,0
5365,70.0,60.0,82.0,#FF7500,0
5366,70.0,64.0,34.0,#FF7271,0
5367,70.0,70.0,-28.0,#FF71DF,0
5368,70.0,74.0,0.0,#FF67AE,0
5369,70.0,76.0,24.0,#FF6184,0
5370,70.0,80.0,-42.0,#FF64F9,0
5371,70.0,82.0,-2.0,#FF59B2,0
5372,71.0,-128.0,46.0,#00D851,0
5373,71.0,-120.0,50.0,#00D648,0
5374,71.0,-120.0,58.0,#00D633,0
5375,71.0,-112.0,50.0,#00D548,0
5376,71.0,-112.0,58.0,#00D433,0
5377,71.0,-106.0,18.0,#00D48A,0
5378,71.0,-104.0,24.0,#00D47E,0
5379,71.0,-104.0,48.0,#00D34D,0
5380,71.0,-98.0,-20.0,#00D5D0,0
5381,71.0,-98.0,70.0,#00D100,0
5382,71.0,-96.0,64.0,#00D120,0
5383,71.0,-92.0,98.0,#00CF00,0
5384,71.0,-90.0,-8.0,#00D2BA,0
5385,71.0,-90.0,18.0,#00D08A,0
5386,71.0,-84.0,16.0,#00CF8E,0
5387,71.0,-84.0,62.0,#00CD29,0
5388,71.0,-82.0,-32.0,#00D1E6,0
5389,71.0,-80.0,10.0,#00CE99,0
5390,71.0,-78.0,-26.0,#00D0DB,0
5391,71.0,-76.0,-36.0,#00D0EE,0
5392,71.0,-70.0,-40.0,#00CFF5,0
5393,71.0,-70.0,80.0,#2EC900,0
5394,71.0,-64.0,-44.0,#00CDFC,0
5395,71.0,-64.0,-20.0,#00CBD0,0
5396,71.0,-60.0,70.0,#53C603,1
5397,71.0,-58.0,-48.0,#00CCFF,0
5398,71.0,-58.0,8.0,#00C79D,0
5399,71.0,-54.0,14.0,#00C693,0
5400,71.0,-54.0,116.0,#71C300,0
5401,71.0,-52.0,-28.0,#00C8DF,0
5402,71.0,-52.0,-12.0,#00C6C2,0
5403,71.0,-50.0,28.0,#4DC379,1
5404,71.0,-46.0,70.0,#7AC109,1
5405,71.0,-44.0,48.0,#74C051,1
5406,71.0,-44.0,92.0,#84C000,0
5407,71.0,-38.0,96.0,#91BD00,0
5408,71.0,-32.0,-40.0,#00C1F6,0
5409,71.0,-32.0,-22.0,#02BFD5,1
5410,71.0,-30.0,4.0,#6DBDA6,1
5411,71.0,-28.0,10.0,#7ABB9B,1
5412,71.0,-24.0,24.0,#91B981,1
5413,71.0,-16.0,-18.0,#72B8CE,1
5414,71.0,-10.0,68.0,#BEB01F,1
5415,71.0,-6.0,-48.0,#47B6FF,0
5416,71.0,-6.0,12.0,#ACB098,1
5417,71.0,-6.0,84.0,#C7AE00,0
5418,71.0,-4.0,108.0,#CCAD00,0
5419,71.0,-4.0,116.0,#CDAD00,0
5420,71.0,-2.0,-8.0,#A2AFBC,1
5421,71.0,0.0,4.0,#B1ADA7,1
5422,71.0,0.0,86.0,#D0AA00,0
5423,71.0,2.0,-30.0,#8FAFE4,1
5424,71.0,4.0,-24.0,#9DADD9,1
5425,71.0,4.0,72.0,#D4A810,1
5426,71.0,4.0,80.0,#D6A800,0
5427,71.0,6.0,-42.0,#85AEFA,1
5428,71.0,6.0,88.0,#DAA700,0
5429,71.0,8.0,-36.0,#95ACEF,1
5430,71.0,8.0,30.0,#CEA778,1
5431,71.0,8.0,106.0,#DEA500,0
5432,71.0,12.0,92.0,#E3A300,0
5433,71.0,14.0,110.0,#E7A100,0
5434,71.0,18.0,-14.0,#C3A4C7,1
5435,71.0,20.0,12.0,#D9A099,1
5436,71.0,32.0,32.0,#F49675,1
5437,71.0,32.0,104.0,#FF9400,0
5438,71.0,32.0,120.0,#FF9400,0
5439,71.0,34.0,6.0,#EB96A4,1
5440,71.0,44.0,28.0,#FF8B7D,0
5441,71.0,44.0,84.0,#FF8900,0
5442,71.0,50.0,78.0,#FF8300,0
5443,71.0,54.0,66.0,#FF7F33,0
5444,71.0,56.0,16.0,#FF8094,0
5445,71.0,60.0,60.0,#FF7841,0
5446,71.0,66.0,54.0,#FF714F,0
5447,71.0,72.0,-36.0,#FF72F1,0
5448,71.0,76.0,12.0,#FF659C,0
5449,72.0,-128.0,60.0,#00DB2F,0
5450,72.0,-128.0,92.0,#00DA00,0
5451,72.0,-122.0,96.0,#00D900,0
5452,72.0,-116.0,90.0,#00D800,0
5453,72.0,-116.0,100.0,#00D800,0
5454,72.0,-104.0,2.0,#00D8AA,0
5455,72.0,-104.0,34.0,#00D66E,0
5456,72.0,-104.0,42.0,#00D65D,0
5457,72.0,-104.0,58.0,#00D637,0
5458,72.0,-104.0,74.0,#00D500,0
5459,72.0,-100.0,80.0,#00D400,0
5460,72.0,-100.0,104.0,#00D400,0
5461,72.0,-98.0,-4.0,#00D7B5,0
5462,72.0,-96.0,88.0,#00D300,0
5463,72.0,-92.0,82.0,#00D200,0
5464,72.0,-88.0,42.0,#00D25E,0
5465,72.0,-88.0,74.0,#00D100,0
5466,72.0,-82.0,24.0,#00D182,0
5467,72.0,-78.0,80.0,#00CE00,0
5468,72.0,-72.0,30.0,#00CE76,0
5469,72.0,-68.0,44.0,#00CC5B,0
5470,72.0,-66.0,0.0,#00CDAF,0
5471,72.0,-62.0,78.0,#54C900,0
5472,72.0,-58.0,-18.0,#00CCD0,0
5473,72.0,-52.0,-46.0,#00CCFF,0
5474,72.0,-50.0,-40.0,#00CBF8,0
5475,72.0,-50.0,82.0,#77C500,0
5476,72.0,-48.0,-34.0,#00C9ED,0
5477,72.0,-46.0,104.0,#85C300,0
5478,72.0,-44.0,84.0,#86C300,0
5479,72.0,-42.0,42.0,#77C360,1
5480,72.0,-40.0,116.0,#92C100,0
5481,72.0,-38.0,36.0,#7DC16C,1
5482,72.0,-38.0,88.0,#93C000,0
5483,72.0,-32.0,-12.0,#47C1C5,1
5484,72.0,-32.0,56.0,#95BE42,1
5485,72.0,-32.0,64.0,#98BE2D,1
5486,72.0,-30.0,-48.0,#00C4FF,0
5487,72.0,-28.0,116.0,#A9BB00,0
5488,72.0,-26.0,68.0,#A5BB1F,1
5489,72.0,-26.0,76.0,#A7BB00,0
5490,72.0,-24.0,-30.0,#2EBFE6,1
5491,72.0,-24.0,82.0,#ACBA00,0
5492,72.0,-22.0,-6.0,#78BCBB,1
5493,72.0,-20.0,-42.0,#00BFFC,0
5494,72.0,-20.0,58.0,#ADB83F,1
5495,72.0,-20.0,66.0,#AFB828,1
5496,72.0,-14.0,36.0,#AEB66E,1
5497,72.0,-8.0,38.0,#BAB36A,1
5498,72.0,-8.0,54.0,#C0B249,1
5499,72.0,-8.0,122.0,#CAB100,0
5500,72.0,-6.0,-24.0,#87B6DC,1
5501,72.0,-6.0,18.0,#B3B390,1
5502,72.0,-4.0,4.0,#ACB2A9,1
5503,72.0,-2.0,40.0,#C5AF67,1
5504,72.0,0.0,-14.0,#A3B2CA,1
5505,72.0,2.0,106.0,#D8AC00,0
5506,72.0,4.0,36.0,#CDAC6F,1
5507,72.0,8.0,24.0,#CEAA85,1
5508,72.0,10.0,-48.0,#87AFFF,0
5509,72.0,10.0,-6.0,#BEABBC,1
5510,72.0,10.0,78.0,#E1A700,0
5511,72.0,12.0,-42.0,#98ADFD,1
5512,72.0,12.0,-26.0,#AEABE0,1
5513,72.0,14.0,0.0,#CAA8B1,1
5514,72.0,16.0,6.0,#D2A6A6,1
5515,72.0,16.0,44.0,#E3A460,1
5516,72.0,16.0,76.0,#EAA300,0
5517,72.0,16.0,120.0,#EDA300,0
5518,72.0,22.0,0.0,#D8A2B1,1
5519,72.0,22.0,122.0,#F69E00,0
5520,72.0,24.0,-38.0,#B8A5F6,1
5521,72.0,24.0,6.0,#DFA0A7,1
5522,72.0,24.0,96.0,#F79D00,0
5523,72.0,28.0,58.0,#F89B44,1
5524,72.0,28.0,74.0,#FB9A14,1
5525,72.0,30.0,-48.0,#B8A1FF,0
5526,72.0,30.0,-40.0,#C2A0FA,1
5527,72.0,30.0,-32.0,#CB9FEB,1
5528,72.0,34.0,12.0,#F1989C,1
5529,72.0,34.0,68.0,#FF952C,0
5530,72.0,34.0,76.0,#FF950B,0
5531,72.0,34.0,84.0,#FF9500,0
5532,72.0,36.0,-46.0,#C79DFF,0
5533,72.0,38.0,-32.0,#DA99EB,1
5534,72.0,40.0,22.0,#FF928B,1
5535,72.0,40.0,54.0,#FF904E,0
5536,72.0,40.0,62.0,#FF903D,0
5537,72.0,42.0,94.0,#FF8E00,0
5538,72.0,44.0,-14.0,#F292CB,1
5539,72.0,44.0,100.0,#FF8C00,0
5540,72.0,44.0,122.0,#FF8B00,0
5541,72.0,46.0,4.0,#FF8EAB,0
5542,72.0,46.0,12.0,#FF8D9D,0
5543,72.0,46.0,20.0,#FF8D8E,0
5544,72.0,46.0,112.0,#FF8A00,0
5545,72.0,48.0,106.0,#FF8800,0
5546,72.0,50.0,96.0,#FF8600,0
5547,72.0,52.0,30.0,#FF867D,0
5548,72.0,52.0,46.0,#FF855F,0
5549,72.0,56.0,-42.0,#F08AFE,1
5550,72.0,56.0,116.0,#FF7F00,0
5551,72.0,58.0,122.0,#FF7C00,0
5552,72.0,60.0,-30.0,#FF83E8,0
5553,72.0,62.0,88.0,#FF7800,0
5554,72.0,64.0,6.0,#FF7AA8,0
5555,72.0,64.0,14.0,#FF799A,0
5556,72.0,68.0,-12.0,#FF77C8,0
5557,72.0,70.0,-46.0,#FF7AFF,0
5558,72.0,70.0,-22.0,#FF76DA,0
5559,72.0,70.0,24.0,#FF7089,0
5560,72.0,70.0,32.0,#FF6F7A,0
5561,72.0,76.0,-28.0,#FF6EE5,0
5562,72.0,78.0,-22.0,#FF6ADB,0
5563,72.0,80.0,6.0,#FF62A9,0
5564,72.0,82.0,-34.0,#FF66F0,0
5565,72.0,86.0,-44.0,#FF61FF,0
5566,72.0,86.0,-22.0,#FF5CDB,0
5567,73.0,-120.0,8.0,#00DEA1,0
5568,73.0,-120.0,16.0,#00DE92,0
5569,73.0,-120.0,24.0,#00DD83,0
5570,73.0,-114.0,4.0,#00DDA9,0
5571,73.0,-110.0,82.0,#00DA00,0
5572,73.0,-104.0,12.0,#00DA9A,0
5573,73.0,-102.0,86.0,#00D800,0
5574,73.0,-96.0,24.0,#00D884,0
5575,73.0,-96.0,40.0,#00D764,0
5576,73.0,-88.0,10.0,#00D69E,0
5577,73.0,-86.0,88.0,#00D300,0
5578,73.0,-86.0,114.0,#00D300,0
5579,73.0,-84.0,-16.0,#00D7CE,0
5580,73.0,-84.0,0.0,#00D6B1,0
5581,73.0,-82.0,72.0,#00D300,0
5582,73.0,-80.0,44.0,#00D35D,0
5583,73.0,-80.0,92.0,#00D200,0
5584,73.0,-78.0,66.0,#00D122,0
5585,73.0,-78.0,114.0,#10D100,0
5586,73.0,-74.0,38.0,#00D169,0
5587,73.0,-72.0,-24.0,#00D4DD,0
5588,73.0,-72.0,-8.0,#00D3C0,0
5589,73.0,-68.0,58.0,#28CE3D,1
5590,73.0,-66.0,-12.0,#00D1C7,0
5591,73.0,-66.0,20.0,#00CF8C,0
5592,73.0,-64.0,118.0,#5CCC00,0
5593,73.0,-60.0,0.0,#00CEB1,0
5594,73.0,-60.0,16.0,#00CD94,0
5595,73.0,-60.0,24.0,#00CD85,0
5596,73.0,-60.0,58.0,#51CC3D,1
5597,73.0,-58.0,92.0,#69CB00,0
5598,73.0,-56.0,108.0,#71CA00,0
5599,73.0,-54.0,22.0,#34CB89,1
5600,73.0,-54.0,36.0,#4FCA6E,1
5601,73.0,-52.0,42.0,#5DC962,1
5602,73.0,-52.0,68.0,#70C91E,1
5603,73.0,-52.0,88.0,#77C800,0
5604,73.0,-50.0,48.0,#69C856,1
5605,73.0,-48.0,-22.0,#00CBDA,0
5606,73.0,-48.0,-6.0,#00CABD,0
5607,73.0,-48.0,2.0,#05CAAE,1
5608,73.0,-48.0,10.0,#36C99F,1
5609,73.0,-46.0,-16.0,#00CACF,0
5610,73.0,-46.0,120.0,#89C600,0
5611,73.0,-42.0,6.0,#4BC7A7,1
5612,73.0,-36.0,-46.0,#00C9FF,0
5613,73.0,-36.0,-30.0,#00C7E9,0
5614,73.0,-34.0,118.0,#A1C100,0
5615,73.0,-28.0,108.0,#ABBE00,0
5616,73.0,-24.0,2.0,#80C0AF,1
5617,73.0,-24.0,40.0,#A0BE68,1
5618,73.0,-24.0,48.0,#A4BD57,1
5619,73.0,-22.0,110.0,#B6BB00,0
5620,73.0,-18.0,-12.0,#7CBEC8,1
5621,73.0,-16.0,20.0,#A3BB8E,1
5622,73.0,-16.0,122.0,#C0B800,0
5623,73.0,-14.0,26.0,#ABB983,1
5624,73.0,-10.0,110.0,#C9B500,0
5625,73.0,-8.0,-32.0,#75BAED,1
5626,73.0,-8.0,60.0,#C5B53E,1
5627,73.0,-6.0,26.0,#BAB583,1
5628,73.0,-2.0,-38.0,#7BB8F8,1
5629,73.0,-2.0,122.0,#D6B100,0
5630,73.0,0.0,10.0,#BBB2A1,1
5631,73.0,2.0,-2.0,#B5B2B7,1
5632,73.0,4.0,10.0,#C2B0A1,1
5633,73.0,4.0,48.0,#D4AE5A,1
5634,73.0,4.0,64.0,#D9AE35,1
5635,73.0,4.0,120.0,#DFAD00,0
5636,73.0,6.0,0.0,#BEB0B3,1
5637,73.0,8.0,6.0,#C7AEA9,1
5638,73.0,8.0,16.0,#CDAD96,1
5639,73.0,10.0,58.0,#E1AA45,1
5640,73.0,12.0,12.0,#D1AB9E,1
5641,73.0,16.0,-20.0,#C0ABD8,1
5642,73.0,16.0,28.0,#E0A781,1
5643,73.0,16.0,60.0,#EAA641,1
5644,73.0,22.0,-44.0,#AFA9FF,0
5645,73.0,22.0,26.0,#E8A385,1
5646,73.0,22.0,58.0,#F2A246,1
5647,73.0,28.0,0.0,#E4A0B4,1
5648,73.0,30.0,-18.0,#DBA1D5,1
5649,73.0,30.0,110.0,#FF9B00,0
5650,73.0,34.0,18.0,#F79A94,1
5651,73.0,34.0,26.0,#FA9A86,1
5652,73.0,38.0,-40.0,#D49DFD,1
5653,73.0,38.0,-16.0,#EA9AD1,1
5654,73.0,38.0,114.0,#FF9400,0
5655,73.0,40.0,12.0,#FE969F,1
5656,73.0,40.0,36.0,#FF9474,0
5657,73.0,40.0,68.0,#FF9330,0
5658,73.0,46.0,48.0,#FF8E5D,0
5659,73.0,48.0,70.0,#FF8B2C,0
5660,73.0,52.0,10.0,#FF8AA3,0
5661,73.0,54.0,72.0,#FF8528,0
5662,73.0,56.0,-10.0,#FF88C7,0
5663,73.0,56.0,78.0,#FF8211,0
5664,73.0,58.0,4.0,#FF84AE,0
5665,73.0,62.0,-16.0,#FF82D2,0
5666,73.0,64.0,-2.0,#FF7EB9,0
5667,73.0,70.0,-4.0,#FF76BD,0
5668,73.0,70.0,4.0,#FF75AF,0
5669,73.0,76.0,-8.0,#FF6EC4,0
5670,74.0,-120.0,68.0,#00DF16,0
5671,74.0,-112.0,34.0,#00DE72,0
5672,74.0,-112.0,42.0,#00DE62,0
5673,74.0,-108.0,92.0,#00DC00,0
5674,74.0,-104.0,-4.0,#00DEBB,0
5675,74.0,-96.0,50.0,#00DA51,0
5676,74.0,-90.0,-20.0,#00DBD8,0
5677,74.0,-88.0,58.0,#00D73E,0
5678,74.0,-88.0,66.0,#00D725,0
5679,74.0,-86.0,-26.0,#00DBE4,0
5680,74.0,-84.0,-8.0,#00D9C2,0
5681,74.0,-84.0,104.0,#00D600,0
5682,74.0,-80.0,50.0,#00D552,0
5683,74.0,-78.0,-14.0,#00D8CE,0
5684,74.0,-78.0,86.0,#00D400,0
5685,74.0,-76.0,72.0,#00D401,0
5686,74.0,-72.0,4.0,#00D5AC,0
5687,74.0,-72.0,14.0,#00D49A,0
5688,74.0,-72.0,90.0,#39D200,0
5689,74.0,-68.0,98.0,#4ED100,0
5690,74.0,-64.0,-26.0,#00D4E4,0
5691,74.0,-64.0,90.0,#59CF00,0
5692,74.0,-62.0,42.0,#36D064,1
5693,74.0,-62.0,50.0,#43D053,1
5694,74.0,-62.0,84.0,#5ECF00,0
5695,74.0,-60.0,-36.0,#00D4F6,0
5696,74.0,-56.0,78.0,#6DCD00,0
5697,74.0,-46.0,58.0,#7DC941,1
5698,74.0,-46.0,112.0,#8CC900,0
5699,74.0,-40.0,28.0,#76C881,1
5700,74.0,-40.0,54.0,#89C74C,1
5701,74.0,-40.0,104.0,#97C600,0
5702,74.0,-34.0,102.0,#A3C400,0
5703,74.0,-32.0,28.0,#8AC581,1
5704,74.0,-30.0,-30.0,#00C7EC,0
5705,74.0,-26.0,-38.0,#00C6FB,0
5706,74.0,-24.0,122.0,#B6BF00,0
5707,74.0,-22.0,-18.0,#68C3D6,1
5708,74.0,-18.0,-30.0,#58C2EC,1
5709,74.0,-16.0,-24.0,#6FC0E1,1
5710,74.0,-16.0,0.0,#94BFB5,1
5711,74.0,-16.0,72.0,#BDBC18,1
5712,74.0,-16.0,82.0,#BFBB00,0
5713,74.0,-14.0,-44.0,#34C1FF,0
5714,74.0,-14.0,54.0,#BCBB4E,1
5715,74.0,-14.0,62.0,#BEBB3B,1
5716,74.0,-10.0,-14.0,#91BCCF,1
5717,74.0,-10.0,2.0,#A3BBB2,1
5718,74.0,-8.0,-42.0,#5FBEFF,0
5719,74.0,-8.0,48.0,#C4B85B,1
5720,74.0,-4.0,96.0,#D5B500,0
5721,74.0,2.0,28.0,#CCB383,1
5722,74.0,2.0,94.0,#DEB100,0
5723,74.0,8.0,-20.0,#B2B3DA,1
5724,74.0,8.0,-12.0,#BBB2CC,1
5725,74.0,8.0,98.0,#E7AD00,0
5726,74.0,10.0,38.0,#DDAE70,1
5727,74.0,10.0,114.0,#EBAC00,0
5728,74.0,14.0,86.0,#EFAA00,0
5729,74.0,16.0,36.0,#E6AA74,1
5730,74.0,18.0,102.0,#F6A700,0
5731,74.0,20.0,18.0,#E4A896,1
5732,74.0,22.0,32.0,#EEA67C,1
5733,74.0,22.0,70.0,#F8A42A,1
5734,74.0,26.0,52.0,#FAA256,1
5735,74.0,28.0,66.0,#FFA036,0
5736,74.0,30.0,40.0,#FC9F6E,1
5737,74.0,32.0,96.0,#FF9C00,0
5738,74.0,34.0,60.0,#FF9B46,0
5739,74.0,38.0,126.0,#FF9600,0
5740,74.0,46.0,-36.0,#EA98F9,1
5741,74.0,48.0,56.0,#FF8E50,0
5742,74.0,50.0,-44.0,#E995FF,0
5743,74.0,50.0,-24.0,#FB93E3,1
5744,74.0,50.0,38.0,#FF8D73,0
5745,74.0,50.0,124.0,#FF8B00,0
5746,74.0,54.0,-32.0,#FB90F2,1
5747,74.0,56.0,96.0,#FF8400,0
5748,74.0,58.0,42.0,#FF846C,0
5749,74.0,60.0,48.0,#FF8161,0
5750,74.0,66.0,42.0,#FF7A6D,0
5751,74.0,76.0,-14.0,#FF72D2,0
5752,75.0,-128.0,40.0,#00E468,0
5753,75.0,-128.0,72.0,#00E400,0
5754,75.0,-124.0,34.0,#00E475,0
5755,75.0,-114.0,22.0,#00E28C,0
5756,75.0,-112.0,64.0,#00E02D,0
5757,75.0,-112.0,72.0,#00E000,0
5758,75.0,-110.0,28.0,#00E181,0
5759,75.0,-92.0,34.0,#00DC76,0
5760,75.0,-84.0,34.0,#00DA76,0
5761,75.0,-78.0,-20.0,#00DBDB,0
5762,75.0,-78.0,28.0,#00D882,0
5763,75.0,-74.0,22.0,#00D78D,0
5764,75.0,-74.0,50.0,#00D655,0
5765,75.0,-74.0,58.0,#00D642,0
5766,75.0,-68.0,52.0,#26D451,1
5767,75.0,-66.0,66.0,#47D32B,1
5768,75.0,-64.0,10.0,#00D5A4,0
5769,75.0,-64.0,30.0,#00D47F,0
5770,75.0,-64.0,108.0,#62D200,0
5771,75.0,-58.0,-42.0,#00D6FF,0
5772,75.0,-58.0,-26.0,#00D5E7,0
5773,75.0,-54.0,-36.0,#00D4F9,0
5774,75.0,-54.0,54.0,#68CF4D,1
5775,75.0,-54.0,62.0,#6DCF39,1
5776,75.0,-46.0,78.0,#88CC00,0
5777,75.0,-44.0,34.0,#73CC78,1
5778,75.0,-42.0,22.0,#6CCC8F,1
5779,75.0,-40.0,-24.0,#00CEE3,0
5780,75.0,-40.0,72.0,#93C916,1
5781,75.0,-40.0,80.0,#96C900,0
5782,75.0,-38.0,-36.0,#00CEFA,0
5783,75.0,-38.0,-18.0,#00CDD8,0
5784,75.0,-34.0,50.0,#97C758,1
5785,75.0,-34.0,82.0,#A2C700,0
5786,75.0,-32.0,38.0,#94C770,1
5787,75.0,-30.0,16.0,#86C79A,1
5788,75.0,-30.0,44.0,#9CC664,1
5789,75.0,-28.0,60.0,#A7C441,1
5790,75.0,-28.0,92.0,#AFC400,0
5791,75.0,-22.0,102.0,#BBC100,0
5792,75.0,-20.0,32.0,#A9C27D,1
5793,75.0,-18.0,12.0,#9EC2A2,1
5794,75.0,-18.0,40.0,#B1C06D,1
5795,75.0,-18.0,48.0,#B5C05D,1
5796,75.0,-16.0,106.0,#C5BE00,0
5797,75.0,-16.0,114.0,#C6BE00,0
5798,75.0,-14.0,-36.0,#5BC3FA,1
5799,75.0,-12.0,14.0,#ACBE9F,1
5800,75.0,-12.0,42.0,#BDBD6A,1
5801,75.0,-10.0,74.0,#CBBB14,1
5802,75.0,-8.0,-8.0,#A0BEC7,1
5803,75.0,-6.0,-2.0,#ABBCBC,1
5804,75.0,-4.0,68.0,#D3B82E,1
5805,75.0,-2.0,74.0,#D8B717,1
5806,75.0,2.0,18.0,#C9B698,1
5807,75.0,4.0,112.0,#E5B200,0
5808,75.0,10.0,70.0,#E9AF2A,1
5809,75.0,10.0,126.0,#EFAF00,0
5810,75.0,16.0,-30.0,#BAB1F0,1
5811,75.0,18.0,-4.0,#D7ADC0,1
5812,75.0,24.0,-30.0,#CAACF0,1
5813,75.0,24.0,112.0,#FFA500,0
5814,75.0,26.0,-24.0,#D4AAE5,1
5815,75.0,32.0,-6.0,#EDA3C5,1
5816,75.0,34.0,-24.0,#E3A3E5,1
5817,75.0,36.0,108.0,#FF9B00,0
5818,75.0,42.0,-24.0,#F09DE6,1
5819,75.0,46.0,-4.0,#FF97C2,0
5820,75.0,48.0,-30.0,#F598F1,1
5821,75.0,48.0,90.0,#FF9000,0
5822,75.0,50.0,-16.0,#FF94D7,0
5823,75.0,50.0,24.0,#FF918F,0
5824,75.0,54.0,-4.0,#FF8FC2,0
5825,75.0,54.0,52.0,#FF8B5B,0
5826,75.0,54.0,84.0,#FF8A00,0
5827,75.0,56.0,-22.0,#FF8FE2,0
5828,75.0,60.0,-36.0,#FF8DFC,0
5829,75.0,60.0,70.0,#FF8335,0
5830,75.0,62.0,28.0,#FF8389,0
5831,75.0,64.0,-22.0,#FF86E3,0
5832,75.0,66.0,-42.0,#FF87FF,0
5833,75.0,66.0,-34.0,#FF85F9,0
5834,76.0,-128.0,24.0,#00E88B,0
5835,76.0,-120.0,42.0,#00E667,0
5836,76.0,-120.0,76.0,#00E500,0
5837,76.0,-120.0,84.0,#00E500,0
5838,76.0,-110.0,10.0,#00E5A6,0
5839,76.0,-108.0,106.0,#00E200,0
5840,76.0,-104.0,64.0,#00E131,0
5841,76.0,-100.0,98.0,#00E000,0
5842,76.0,-98.0,10.0,#00E2A6,0
5843,76.0,-96.0,60.0,#00DF3E,0
5844,76.0,-96.0,76.0,#00DF00,0
5845,76.0,-96.0,112.0,#00DF00,0
5846,76.0,-94.0,4.0,#00E1B1,0
5847,76.0,-94.0,16.0,#00E09B,0
5848,76.0,-92.0,104.0,#00DE00,0
5849,76.0,-90.0,22.0,#00DF90,0
5850,76.0,-88.0,28.0,#00DE84,0
5851,76.0,-88.0,52.0,#00DD52,0
5852,76.0,-84.0,96.0,#00DC00,0
5853,76.0,-82.0,110.0,#00DB00,0
5854,76.0,-80.0,14.0,#00DC9F,0
5855,76.0,-80.0,60.0,#00DB3F,0
5856,76.0,-78.0,6.0,#00DCAE,0
5857,76.0,-76.0,98.0,#30D900,0
5858,76.0,-76.0,106.0,#34D900,0
5859,76.0,-72.0,116.0,#4BD800,0
5860,76.0,-70.0,110.0,#52D700,0
5861,76.0,-68.0,76.0,#4AD700,0
5862,76.0,-62.0,-6.0,#00D8C5,0
5863,76.0,-60.0,98.0,#6ED400,0
5864,76.0,-58.0,30.0,#3CD581,1
5865,76.0,-56.0,-10.0,#00D6CC,0
5866,76.0,-54.0,-4.0,#00D5C1,0
5867,76.0,-54.0,120.0,#81D100,0
5868,76.0,-52.0,112.0,#85D100,0
5869,76.0,-50.0,32.0,#62D17E,1
5870,76.0,-50.0,100.0,#88D000,0
5871,76.0,-48.0,16.0,#50D19C,1
5872,76.0,-44.0,96.0,#94CE00,0
5873,76.0,-42.0,66.0,#90CD32,1
5874,76.0,-40.0,-8.0,#35D0C9,1
5875,76.0,-40.0,16.0,#6DCE9D,1
5876,76.0,-36.0,6.0,#6BCDAF,1
5877,76.0,-36.0,60.0,#9ACB43,1
5878,76.0,-34.0,110.0,#AAC900,0
5879,76.0,-34.0,126.0,#ABC900,0
5880,76.0,-30.0,0.0,#74CBBA,1
5881,76.0,-30.0,72.0,#AAC81D,1
5882,76.0,-28.0,-16.0,#5BCBD8,1
5883,76.0,-26.0,-10.0,#70CACD,1
5884,76.0,-26.0,28.0,#9DC787,1
5885,76.0,-22.0,72.0,#B9C41F,1
5886,76.0,-22.0,90.0,#BDC400,0
5887,76.0,-20.0,24.0,#A6C58E,1
5888,76.0,-16.0,94.0,#C7C100,0
5889,76.0,-10.0,82.0,#CFBE00,0
5890,76.0,-10.0,90.0,#D1BE00,0
5891,76.0,-10.0,98.0,#D2BD00,0
5892,76.0,0.0,-20.0,#A6BDE0,1
5893,76.0,2.0,58.0,#DDB74C,1
5894,76.0,8.0,44.0,#E2B46A,1
5895,76.0,8.0,52.0,#E5B459,1
5896,76.0,16.0,52.0,#F1AE5A,1
5897,76.0,16.0,68.0,#F5AE35,1
5898,76.0,18.0,114.0,#FDAC00,0
5899,76.0,20.0,88.0,#FEAB00,0
5900,76.0,22.0,64.0,#FDAA40,1
5901,76.0,24.0,-18.0,#D9ADDD,1
5902,76.0,24.0,78.0,#FFA810,0
5903,76.0,26.0,-12.0,#E1ABD2,1
5904,76.0,26.0,84.0,#FFA600,0
5905,76.0,34.0,48.0,#FFA164,0
5906,76.0,40.0,42.0,#FF9C70,0
5907,76.0,40.0,82.0,#FF9A00,0
5908,76.0,46.0,76.0,#FF9522,0
5909,76.0,58.0,34.0,#FF8A80,0
5910,76.0,64.0,20.0,#FF849A,0
5911,76.0,66.0,-28.0,#FF87F0,0
5912,76.0,76.0,-38.0,#FF7CFF,0
5913,77.0,-128.0,54.0,#00EA4E,0
5914,77.0,-128.0,64.0,#00EA32,0
5915,77.0,-128.0,80.0,#00EA00,0
5916,77.0,-120.0,54.0,#00E84F,0
5917,77.0,-112.0,54.0,#00E74F,0
5918,77.0,-108.0,16.0,#00E79D,0
5919,77.0,-104.0,22.0,#00E692,0
5920,77.0,-104.0,30.0,#00E582,0
5921,77.0,-104.0,38.0,#00E572,0
5922,77.0,-104.0,46.0,#00E562,0
5923,77.0,-104.0,54.0,#00E54F,0
5924,77.0,-104.0,70.0,#00E41D,0
5925,77.0,-104.0,78.0,#00E400,0
5926,77.0,-100.0,16.0,#00E59D,0
5927,77.0,-96.0,-14.0,#00E6D6,0
5928,77.0,-96.0,70.0,#00E21E,0
5929,77.0,-94.0,-8.0,#00E5CA,0
5930,77.0,-92.0,-2.0,#00E4BF,0
5931,77.0,-92.0,94.0,#00E100,0
5932,77.0,-88.0,46.0,#00E162,0
5933,77.0,-88.0,78.0,#00E000,0
5934,77.0,-80.0,-28.0,#00E2F0,0
5935,77.0,-78.0,-4.0,#00E0C3,0
5936,77.0,-74.0,-32.0,#00E1F7,0
5937,77.0,-68.0,-36.0,#00DFFF,0
5938,77.0,-68.0,-20.0,#00DEE1,0
5939,77.0,-66.0,36.0,#09DA78,1
5940,77.0,-60.0,66.0,#64D732,1
5941,77.0,-58.0,72.0,#6DD61B,1
5942,77.0,-56.0,10.0,#00D8AA,0
5943,77.0,-56.0,46.0,#60D664,1
5944,77.0,-54.0,-20.0,#00D9E1,0
5945,77.0,-54.0,16.0,#32D79F,1
5946,77.0,-46.0,-38.0,#00D7FF,0
5947,77.0,-46.0,88.0,#91D100,0
5948,77.0,-44.0,-32.0,#00D6F8,0
5949,77.0,-40.0,-2.0,#4ED2C1,1
5950,77.0,-36.0,44.0,#94CE69,1
5951,77.0,-34.0,-8.0,#59D0CC,1
5952,77.0,-34.0,90.0,#AACC00,0
5953,77.0,-30.0,6.0,#80CDB2,1
5954,77.0,-30.0,22.0,#91CC94,1
5955,77.0,-28.0,84.0,#B4C900,0
5956,77.0,-28.0,100.0,#B6C900,0
5957,77.0,-24.0,10.0,#94CAAB,1
5958,77.0,-24.0,18.0,#9CCA9C,1
5959,77.0,-22.0,-34.0,#3FCDFC,1
5960,77.0,-22.0,78.0,#BDC700,0
5961,77.0,-20.0,54.0,#B9C655,1
5962,77.0,-10.0,126.0,#D7C000,0
5963,77.0,-8.0,34.0,#C6C17F,1
5964,77.0,-6.0,14.0,#BEC1A4,1
5965,77.0,-6.0,116.0,#DCBE00,0
5966,77.0,-4.0,80.0,#DCBD00,0
5967,77.0,-4.0,88.0,#DDBD00,0
5968,77.0,-2.0,-28.0,#99C2F1,1
5969,77.0,-2.0,-4.0,#B6C0C5,1
5970,77.0,-2.0,36.0,#D1BD7B,1
5971,77.0,-2.0,106.0,#E2BC00,0
5972,77.0,2.0,-34.0,#9AC0FD,1
5973,77.0,2.0,-8.0,#BBBDCD,1
5974,77.0,2.0,82.0,#E5B900,0
5975,77.0,4.0,-28.0,#A8BEF2,1
5976,77.0,4.0,-14.0,#B9BDD8,1
5977,77.0,4.0,4.0,#C9BBB7,1
5978,77.0,8.0,-40.0,#9FBDFF,0
5979,77.0,8.0,86.0,#EFB600,0
5980,77.0,10.0,-34.0,#ADBBFD,1
5981,77.0,12.0,108.0,#F7B300,0
5982,77.0,16.0,-40.0,#B2B8FF,0
5983,77.0,16.0,96.0,#FCB000,0
5984,77.0,20.0,-10.0,#DBB2D1,1
5985,77.0,20.0,44.0,#F8AF6D,1
5986,77.0,24.0,100.0,#FFAA00,0
5987,77.0,26.0,106.0,#FFA900,0
5988,77.0,26.0,122.0,#FFA800,0
5989,77.0,30.0,14.0,#FBA9A6,1
5990,77.0,30.0,22.0,#FFA897,1
5991,77.0,32.0,116.0,#FFA400,0
5992,77.0,32.0,124.0,#FFA400,0
5993,77.0,34.0,-34.0,#DFAAFD,1
5994,77.0,34.0,8.0,#FEA6B1,1
5995,77.0,36.0,88.0,#FFA100,0
5996,77.0,38.0,-4.0,#FEA4C7,1
5997,77.0,38.0,30.0,#FFA189,0
5998,77.0,38.0,94.0,#FF9F00,0
5999,77.0,38.0,102.0,#FF9F00,0
6000,77.0,40.0,2.0,#FFA1BC,0
6001,77.0,40.0,76.0,#FF9D24,0
6002,77.0,42.0,58.0,#FF9C53,0
6003,77.0,44.0,-10.0,#FF9FD2,0
6004,77.0,44.0,16.0,#FF9DA3,0
6005,77.0,44.0,24.0,#FF9C94,0
6006,77.0,44.0,32.0,#FF9B85,0
6007,77.0,44.0,64.0,#FF9A46,0
6008,77.0,44.0,106.0,#FF9900,0
6009,77.0,50.0,18.0,#FF979F,0
6010,77.0,52.0,64.0,#FF9247,0
6011,77.0,56.0,20.0,#FF909C,0
6012,77.0,58.0,58.0,#FF8C55,0
6013,77.0,70.0,-18.0,#FF84E1,0
6014,78.0,-126.0,90.0,#00EC00,0
6015,78.0,-120.0,60.0,#00EB42,0
6016,78.0,-120.0,96.0,#00EB00,0
6017,78.0,-118.0,30.0,#00EC85,0
6018,78.0,-114.0,102.0,#00E900,0
6019,78.0,-102.0,110.0,#00E600,0
6020,78.0,-98.0,86.0,#00E500,0
6021,78.0,-98.0,104.0,#00E500,0
6022,78.0,-96.0,44.0,#00E669,0
6023,78.0,-88.0,72.0,#00E31A,0
6024,78.0,-82.0,78.0,#00E100,0
6025,78.0,-72.0,32.0,#00DF82,0
6026,78.0,-68.0,-2.0,#00DFC3,0
6027,78.0,-68.0,86.0,#58DC00,0
6028,78.0,-66.0,4.0,#00DEB7,0
6029,78.0,-64.0,124.0,#6EDB00,0
6030,78.0,-62.0,-20.0,#00DFE4,0
6031,78.0,-58.0,4.0,#00DCB8,0
6032,78.0,-58.0,36.0,#4EDA7B,1
6033,78.0,-52.0,84.0,#85D700,0
6034,78.0,-50.0,-32.0,#00DBFB,0
6035,78.0,-50.0,-14.0,#00DAD9,0
6036,78.0,-48.0,-26.0,#00DAF0,0
6037,78.0,-46.0,40.0,#7CD573,1
6038,78.0,-46.0,48.0,#82D563,1
6039,78.0,-42.0,-14.0,#00D7D9,0
6040,78.0,-40.0,124.0,#A5D100,0
6041,78.0,-34.0,-14.0,#4CD3DA,1
6042,78.0,-34.0,12.0,#7FD1AA,1
6043,78.0,-28.0,54.0,#ADCD57,1
6044,78.0,-28.0,112.0,#BBCC00,0
6045,78.0,-24.0,-26.0,#57D0F0,1
6046,78.0,-20.0,64.0,#C0C940,1
6047,78.0,-16.0,-6.0,#98CACB,1
6048,78.0,-14.0,-18.0,#8CCAE2,1
6049,78.0,-10.0,20.0,#BDC59C,1
6050,78.0,-10.0,28.0,#C2C58C,1
6051,78.0,-8.0,-24.0,#92C7ED,1
6052,78.0,-6.0,-18.0,#A0C6E2,1
6053,78.0,-4.0,42.0,#D4C172,1
6054,78.0,-2.0,126.0,#E6BE00,0
6055,78.0,0.0,6.0,#C6C0B6,1
6056,78.0,2.0,44.0,#DEBD6E,1
6057,78.0,2.0,70.0,#E6BC32,1
6058,78.0,6.0,76.0,#EEBA1D,1
6059,78.0,8.0,12.0,#D9BBAB,1
6060,78.0,8.0,20.0,#DDBB9C,1
6061,78.0,8.0,28.0,#E1BA8D,1
6062,78.0,12.0,80.0,#F7B606,1
6063,78.0,12.0,120.0,#FBB500,0
6064,78.0,14.0,-14.0,#CFB9DB,1
6065,78.0,14.0,8.0,#E0B7B3,1
6066,78.0,14.0,16.0,#E5B7A4,1
6067,78.0,14.0,24.0,#E9B695,1
6068,78.0,18.0,78.0,#FFB218,0
6069,78.0,18.0,126.0,#FFB100,0
6070,78.0,20.0,6.0,#E9B3B7,1
6071,78.0,24.0,-36.0,#CCB5FF,0
6072,78.0,26.0,-4.0,#EDB0C9,1
6073,78.0,26.0,4.0,#F2AFBA,1
6074,78.0,26.0,28.0,#FEAE8E,1
6075,78.0,28.0,34.0,#FFAC83,0
6076,78.0,30.0,78.0,#FFA91C,0
6077,78.0,32.0,54.0,#FFA85D,0
6078,78.0,34.0,-18.0,#F0ABE3,1
6079,78.0,36.0,-12.0,#F8A9D8,1
6080,78.0,36.0,68.0,#FFA43E,0
6081,78.0,38.0,18.0,#FFA4A1,0
6082,78.0,40.0,-36.0,#EBA8FF,0
6083,78.0,42.0,-30.0,#F4A6F9,1
6084,78.0,42.0,-18.0,#FEA4E3,1
6085,78.0,42.0,112.0,#FF9E00,0
6086,78.0,42.0,120.0,#FF9E00,0
6087,78.0,44.0,52.0,#FF9D62,0
6088,78.0,44.0,126.0,#FF9C00,0
6089,78.0,48.0,96.0,#FF9800,0
6090,78.0,48.0,114.0,#FF9800,0
6091,78.0,50.0,-10.0,#FF9CD5,0
6092,78.0,50.0,6.0,#FF9AB8,0
6093,78.0,50.0,46.0,#FF986E,0
6094,78.0,56.0,-16.0,#FF97E0,0
6095,78.0,60.0,12.0,#FF8FAD,0
6096,78.0,62.0,-6.0,#FF8FCE,0
6097,78.0,66.0,6.0,#FF89B9,0
6098,78.0,66.0,14.0,#FF88AA,0
6099,78.0,72.0,-26.0,#FF85F3,0
6100,79.0,-128.0,48.0,#00F061,0
6101,79.0,-118.0,16.0,#00EFA2,0
6102,79.0,-114.0,90.0,#00EC00,0
6103,79.0,-108.0,96.0,#00EB00,0
6104,79.0,-106.0,6.0,#00EDB6,0
6105,79.0,-104.0,88.0,#00EA00,0
6106,79.0,-100.0,2.0,#00ECBD,0
6107,79.0,-98.0,28.0,#00EA8C,0
6108,79.0,-88.0,-8.0,#00E9D0,0
6109,79.0,-88.0,40.0,#00E774,0
6110,79.0,-88.0,100.0,#00E500,0
6111,79.0,-86.0,12.0,#00E7AB,0
6112,79.0,-86.0,86.0,#00E500,0
6113,79.0,-82.0,-12.0,#00E7D8,0
6114,79.0,-82.0,66.0,#00E436,0
6115,79.0,-80.0,40.0,#00E474,0
6116,79.0,-76.0,92.0,#3BE200,0
6117,79.0,-72.0,102.0,#53E000,0
6118,79.0,-68.0,-14.0,#00E3DC,0
6119,79.0,-66.0,16.0,#00E1A4,0
6120,79.0,-66.0,114.0,#6BDE00,0
6121,79.0,-64.0,24.0,#00E095,0
6122,79.0,-60.0,18.0,#00DEA0,0
6123,79.0,-60.0,56.0,#62DD53,1
6124,79.0,-60.0,118.0,#7CDC00,0
6125,79.0,-54.0,104.0,#88DA00,0
6126,79.0,-50.0,72.0,#88D925,1
6127,79.0,-48.0,22.0,#63DA99,1
6128,79.0,-48.0,108.0,#97D800,0
6129,79.0,-48.0,116.0,#98D700,0
6130,79.0,-48.0,124.0,#98D700,0
6131,79.0,-46.0,0.0,#39DAC2,1
6132,79.0,-46.0,8.0,#51DAB3,1
6133,79.0,-44.0,28.0,#78D88E,1
6134,79.0,-42.0,112.0,#A4D500,0
6135,79.0,-40.0,50.0,#95D562,1
6136,79.0,-40.0,92.0,#A4D400,0
6137,79.0,-38.0,-30.0,#00D9FA,0
6138,79.0,-36.0,116.0,#B0D200,0
6139,79.0,-34.0,98.0,#B1D200,0
6140,79.0,-32.0,-36.0,#00D7FF,0
6141,79.0,-30.0,118.0,#BBD000,0
6142,79.0,-18.0,18.0,#AECCA2,1
6143,79.0,-18.0,126.0,#D0CA00,0
6144,79.0,-16.0,6.0,#A8CCB8,1
6145,79.0,-16.0,78.0,#CEC90E,1
6146,79.0,-12.0,120.0,#D9C700,0
6147,79.0,-10.0,52.0,#D0C760,1
6148,79.0,-8.0,-36.0,#7ECBFF,0
6149,79.0,-8.0,58.0,#D6C553,1
6150,79.0,-8.0,110.0,#DFC400,0
6151,79.0,-4.0,4.0,#BFC6BC,1
6152,79.0,-2.0,-10.0,#B6C5D6,1
6153,79.0,-2.0,52.0,#DEC260,1
6154,79.0,0.0,24.0,#D5C297,1
6155,79.0,2.0,90.0,#EDBF00,0
6156,79.0,4.0,-2.0,#CAC1C7,1
6157,79.0,4.0,104.0,#F1BD00,0
6158,79.0,8.0,-8.0,#CCBFD3,1
6159,79.0,8.0,34.0,#E7BD85,1
6160,79.0,10.0,-2.0,#D5BEC8,1
6161,79.0,10.0,94.0,#F9BA00,0
6162,79.0,10.0,102.0,#FAB900,0
6163,79.0,12.0,62.0,#F7B94C,1
6164,79.0,14.0,-8.0,#D7BBD3,1
6165,79.0,14.0,30.0,#EFB98D,1
6166,79.0,18.0,58.0,#FFB555,0
6167,79.0,20.0,24.0,#F6B598,1
6168,79.0,20.0,108.0,#FFB200,0
6169,79.0,26.0,58.0,#FFAF56,0
6170,79.0,30.0,70.0,#FFAB3A,0
6171,79.0,32.0,100.0,#FFA900,0
6172,79.0,36.0,38.0,#FFA87F,0
6173,79.0,38.0,52.0,#FFA564,0
6174,79.0,40.0,10.0,#FFA6B3,0
6175,79.0,42.0,88.0,#FFA100,0
6176,79.0,44.0,46.0,#FFA070,0
6177,79.0,54.0,12.0,#FF99B0,0
6178,79.0,54.0,28.0,#FF9793,0
6179,79.0,58.0,0.0,#FF95C6,0
6180,79.0,60.0,-30.0,#FF97FD,0
6181,79.0,60.0,6.0,#FF93BB,0
6182,79.0,66.0,0.0,#FF8CC6,0
6183,79.0,68.0,-12.0,#FF8BDC,0
6184,80.0,-122.0,48.0,#00F264,0
6185,80.0,-118.0,36.0,#00F27E,0
6186,80.0,-116.0,50.0,#00F160,0
6187,80.0,-114.0,76.0,#00F000,0
6188,80.0,-112.0,68.0,#00EF30,0
6189,80.0,-110.0,48.0,#00EF65,0
6190,80.0,-108.0,82.0,#00EE00,0
6191,80.0,-98.0,22.0,#00ED9A,0
6192,80.0,-98.0,36.0,#00ED7E,0
6193,80.0,-96.0,52.0,#00EC5D,0
6194,80.0,-92.0,88.0,#00EA00,0
6195,80.0,-90.0,-14.0,#00EDDE,0
6196,80.0,-88.0,64.0,#00E93F,0
6197,80.0,-88.0,116.0,#00E800,0
6198,80.0,-86.0,-2.0,#00EBC8,0
6199,80.0,-84.0,-20.0,#00ECE9,0
6200,80.0,-84.0,4.0,#00EABC,0
6201,80.0,-82.0,22.0,#00E89A,0
6202,80.0,-82.0,120.0,#29E600,0
6203,80.0,-78.0,46.0,#00E66B,0
6204,80.0,-78.0,84.0,#2CE500,0
6205,80.0,-76.0,-16.0,#00E9E2,0
6206,80.0,-76.0,112.0,#4AE500,0
6207,80.0,-74.0,-10.0,#00E8D7,0
6208,80.0,-74.0,70.0,#36E42D,1
6209,80.0,-74.0,78.0,#3FE400,0
6210,80.0,-72.0,16.0,#00E6A6,0
6211,80.0,-72.0,42.0,#00E573,0
6212,80.0,-70.0,10.0,#00E5B2,0
6213,80.0,-70.0,48.0,#26E467,1
6214,80.0,-70.0,64.0,#45E341,1
6215,80.0,-70.0,94.0,#5BE300,0
6216,80.0,-66.0,-26.0,#00E6F5,0
6217,80.0,-66.0,100.0,#6BE100,0
6218,80.0,-64.0,42.0,#43E274,1
6219,80.0,-62.0,48.0,#55E167,1
6220,80.0,-62.0,82.0,#70E000,0
6221,80.0,-60.0,-32.0,#00E5FF,0
6222,80.0,-60.0,-14.0,#00E3DF,0
6223,80.0,-56.0,92.0,#84DE00,0
6224,80.0,-54.0,22.0,#4EDF9B,1
6225,80.0,-52.0,2.0,#00DFC1,0
6226,80.0,-50.0,56.0,#83DC56,1
6227,80.0,-50.0,64.0,#87DC42,1
6228,80.0,-46.0,-8.0,#00DDD4,1
6229,80.0,-42.0,84.0,#A1D800,0
6230,80.0,-38.0,32.0,#8FD889,1
6231,80.0,-38.0,104.0,#ADD600,0
6232,80.0,-36.0,38.0,#99D77D,1
6233,80.0,-36.0,78.0,#ACD60C,1
6234,80.0,-34.0,-20.0,#3CD9EA,1
6235,80.0,-32.0,66.0,#B0D43F,1
6236,80.0,-30.0,-26.0,#3CD8F6,1
6237,80.0,-30.0,32.0,#A2D489,1
6238,80.0,-28.0,38.0,#AAD37E,1
6239,80.0,-28.0,124.0,#C2D100,0
6240,80.0,-26.0,-4.0,#85D4CD,1
6241,80.0,-26.0,44.0,#B2D272,1
6242,80.0,-24.0,2.0,#93D3C2,1
6243,80.0,-22.0,110.0,#CBCF00,0
6244,80.0,-22.0,118.0,#CCCF00,0
6245,80.0,-20.0,-18.0,#7FD3E7,1
6246,80.0,-18.0,-26.0,#76D2F6,1
6247,80.0,-16.0,86.0,#D2CC00,0
6248,80.0,-14.0,-12.0,#9ACFDC,1
6249,80.0,-12.0,70.0,#D5CA36,1
6250,80.0,-10.0,0.0,#B2CCC6,1
6251,80.0,-6.0,64.0,#DEC747,1
6252,80.0,-6.0,72.0,#E0C731,1
6253,80.0,0.0,98.0,#EEC300,0
6254,80.0,2.0,12.0,#D3C4B0,1
6255,80.0,4.0,-20.0,#BAC6EB,1
6256,80.0,4.0,120.0,#F6C000,0
6257,80.0,6.0,64.0,#F1BF49,1
6258,80.0,10.0,-26.0,#C0C2F7,1
6259,80.0,10.0,-18.0,#C9C2E8,1
6260,80.0,16.0,-24.0,#CFBEF3,1
6261,80.0,22.0,-26.0,#D9BAF7,1
6262,80.0,22.0,12.0,#F6B7B1,1
6263,80.0,24.0,18.0,#FDB5A6,1
6264,80.0,24.0,116.0,#FFB200,0
6265,80.0,30.0,-26.0,#E8B4F7,1
6266,80.0,30.0,90.0,#FFAE00,0
6267,80.0,32.0,0.0,#FFB0C7,0
6268,80.0,32.0,62.0,#FFAD51,0
6269,80.0,36.0,-28.0,#F1B0FB,1
6270,80.0,48.0,12.0,#FFA1B2,0
6271,80.0,48.0,28.0,#FFA095,0
6272,80.0,50.0,-20.0,#FFA3ED,0
6273,80.0,50.0,34.0,#FF9E8A,0
6274,80.0,50.0,58.0,#FF9D5B,0
6275,80.0,54.0,-26.0,#FF9FF8,0
6276,80.0,60.0,-24.0,#FF99F4,0
6277,80.0,64.0,-18.0,#FF94EA,0
6278,81.0,-120.0,68.0,#00F433,0
6279,81.0,-116.0,44.0,#00F470,0
6280,81.0,-110.0,38.0,#00F37D,0
6281,81.0,-108.0,26.0,#00F395,0
6282,81.0,-94.0,8.0,#00F0B7,0
6283,81.0,-92.0,26.0,#00EE95,0
6284,81.0,-90.0,32.0,#00ED89,0
6285,81.0,-88.0,110.0,#00EB00,0
6286,81.0,-84.0,56.0,#00EB57,0
6287,81.0,-82.0,32.0,#00EB8A,0
6288,81.0,-82.0,114.0,#2DE900,0
6289,81.0,-76.0,26.0,#00E996,0
6290,81.0,-76.0,56.0,#00E857,0
6291,81.0,-72.0,2.0,#00E9C3,0
6292,81.0,-70.0,120.0,#66E500,0
6293,81.0,-68.0,56.0,#48E658,1
6294,81.0,-60.0,108.0,#81E200,0
6295,81.0,-58.0,-6.0,#00E5D3,0
6296,81.0,-56.0,124.0,#8DE000,0
6297,81.0,-52.0,-8.0,#00E3D6,0
6298,81.0,-50.0,92.0,#95DE00,0
6299,81.0,-48.0,-20.0,#00E2ED,0
6300,81.0,-44.0,16.0,#6EDEAA,1
6301,81.0,-44.0,76.0,#9EDC1D,1
6302,81.0,-40.0,-20.0,#00DFED,0
6303,81.0,-40.0,4.0,#68DDC0,1
6304,81.0,-40.0,22.0,#83DC9F,1
6305,81.0,-40.0,56.0,#9EDB5A,1
6306,81.0,-38.0,70.0,#A8D936,1
6307,81.0,-36.0,84.0,#B0D800,0
6308,81.0,-34.0,-2.0,#72DBCC,1
6309,81.0,-26.0,70.0,#C0D437,1
6310,81.0,-22.0,28.0,#B3D394,1
6311,81.0,-22.0,98.0,#CDD100,0
6312,81.0,-20.0,34.0,#BBD288,1
6313,81.0,-18.0,70.0,#CED038,1
6314,81.0,-16.0,102.0,#D8CE00,0
6315,81.0,-14.0,46.0,#CCCF71,1
6316,81.0,-14.0,58.0,#D1CE57,1
6317,81.0,-14.0,108.0,#DCCD00,0
6318,81.0,-12.0,64.0,#D7CD49,1
6319,81.0,-10.0,40.0,#D1CD7D,1
6320,81.0,-8.0,-12.0,#ACCFDF,1
6321,81.0,-6.0,-6.0,#B7CDD4,1
6322,81.0,4.0,54.0,#EEC462,1
6323,81.0,6.0,40.0,#ECC37E,1
6324,81.0,8.0,48.0,#F3C16E,1
6325,81.0,10.0,56.0,#F8C05E,1
6326,81.0,12.0,42.0,#F7BF7B,1
6327,81.0,16.0,-32.0,#C8C2FF,0
6328,81.0,20.0,72.0,#FFB839,0
6329,81.0,20.0,92.0,#FFB800,0
6330,81.0,22.0,52.0,#FFB867,0
6331,81.0,24.0,38.0,#FFB783,0
6332,81.0,26.0,44.0,#FFB578,0
6333,81.0,28.0,-32.0,#E1B9FF,0
6334,81.0,28.0,50.0,#FFB36C,0
6335,81.0,34.0,44.0,#FFAF78,0
6336,81.0,48.0,-32.0,#FFA9FF,0
6337,81.0,50.0,-2.0,#FFA3CF,0
6338,81.0,56.0,-8.0,#FF9EDA,0
6339,81.0,62.0,-12.0,#FF98E1,0
6340,82.0,-124.0,38.0,#00F97F,0
6341,82.0,-124.0,54.0,#00F95C,0
6342,82.0,-124.0,78.0,#00F800,0
6343,82.0,-122.0,84.0,#00F800,0
6344,82.0,-120.0,90.0,#00F700,0
6345,82.0,-116.0,24.0,#00F89B,0
6346,82.0,-112.0,18.0,#00F7A7,0
6347,82.0,-108.0,58.0,#00F553,0
6348,82.0,-106.0,74.0,#00F41F,0
6349,82.0,-106.0,102.0,#00F300,0
6350,82.0,-104.0,18.0,#00F5A7,0
6351,82.0,-102.0,94.0,#00F200,0
6352,82.0,-100.0,58.0,#00F254,0
6353,82.0,-100.0,66.0,#00F23E,0
6354,82.0,-98.0,74.0,#00F220,0
6355,82.0,-96.0,-2.0,#00F4CD,0
6356,82.0,-94.0,112.0,#00F000,0
6357,82.0,-92.0,58.0,#00F054,0
6358,82.0,-88.0,18.0,#00F0A7,0
6359,82.0,-84.0,50.0,#00EE67,0
6360,82.0,-84.0,92.0,#00ED00,0
6361,82.0,-80.0,100.0,#38EC00,0
6362,82.0,-78.0,106.0,#47EB00,0
6363,82.0,-72.0,-24.0,#00EEF7,0
6364,82.0,-66.0,106.0,#73E700,0
6365,82.0,-64.0,30.0,#2CE891,1
6366,82.0,-64.0,62.0,#63E74C,1
6367,82.0,-64.0,70.0,#69E735,1
6368,82.0,-64.0,92.0,#75E600,0
6369,82.0,-62.0,0.0,#00E9CA,0
6370,82.0,-62.0,8.0,#00E8BB,0
6371,82.0,-60.0,102.0,#83E500,0
6372,82.0,-56.0,78.0,#85E412,1
6373,82.0,-54.0,112.0,#93E200,0
6374,82.0,-52.0,12.0,#47E4B4,1
6375,82.0,-52.0,34.0,#6FE38A,1
6376,82.0,-52.0,42.0,#78E37A,1
6377,82.0,-52.0,50.0,#7FE369,1
6378,82.0,-48.0,100.0,#9EE000,0
6379,82.0,-44.0,70.0,#9EDF38,1
6380,82.0,-40.0,62.0,#A3DD4E,1
6381,82.0,-34.0,20.0,#93DCA5,1
6382,82.0,-34.0,52.0,#ABDB66,1
6383,82.0,-34.0,60.0,#AFDB54,1
6384,82.0,-34.0,122.0,#BDDA00,0
6385,82.0,-30.0,90.0,#C0D800,0
6386,82.0,-30.0,106.0,#C3D800,0
6387,82.0,-28.0,14.0,#9CDAB1,1
6388,82.0,-26.0,60.0,#BFD754,1
6389,82.0,-26.0,76.0,#C4D726,1
6390,82.0,-16.0,26.0,#C0D39B,1
6391,82.0,-16.0,114.0,#DCD100,0
6392,82.0,-14.0,92.0,#DDD000,0
6393,82.0,-12.0,12.0,#BED2B5,1
6394,82.0,-10.0,-30.0,#8DD4FF,0
6395,82.0,-10.0,78.0,#E1CE21,1
6396,82.0,-8.0,86.0,#E6CD00,0
6397,82.0,-8.0,94.0,#E7CD00,0
6398,82.0,-6.0,104.0,#EBCC00,0
6399,82.0,-4.0,30.0,#D9CC94,1
6400,82.0,-4.0,120.0,#F0CA00,0
6401,82.0,0.0,-24.0,#B2CEF8,1
6402,82.0,2.0,114.0,#F9C700,0
6403,82.0,8.0,110.0,#FFC300,0
6404,82.0,8.0,126.0,#FFC300,0
6405,82.0,12.0,70.0,#FFC140,0
6406,82.0,16.0,0.0,#EAC2CC,1
6407,82.0,16.0,84.0,#FFBE03,0
6408,82.0,16.0,100.0,#FFBE00,0
6409,82.0,16.0,112.0,#FFBD00,0
6410,82.0,22.0,82.0,#FFB917,0
6411,82.0,24.0,66.0,#FFB84C,0
6412,82.0,26.0,126.0,#FFB600,0
6413,82.0,28.0,96.0,#FFB500,0
6414,82.0,30.0,8.0,#FFB7BE,0
6415,82.0,34.0,14.0,#FFB3B3,0
6416,82.0,34.0,22.0,#FFB3A5,0
6417,82.0,34.0,30.0,#FFB296,0
6418,82.0,44.0,-24.0,#FFAEFA,0
6419,82.0,44.0,-6.0,#FFACD9,0
6420,82.0,44.0,6.0,#FFABC3,0
6421,83.0,-116.0,60.0,#00FA50,0
6422,83.0,-106.0,66.0,#00F741,0
6423,83.0,-102.0,40.0,#00F77E,0
6424,83.0,-102.0,48.0,#00F66D,0
6425,83.0,-98.0,82.0,#00F400,0
6426,83.0,-96.0,92.0,#00F400,0
6427,83.0,-94.0,14.0,#00F5B1,0
6428,83.0,-92.0,80.0,#00F300,0
6429,83.0,-86.0,26.0,#00F29B,0
6430,83.0,-80.0,-2.0,#00F2D0,0
6431,83.0,-80.0,12.0,#00F1B6,0
6432,83.0,-78.0,62.0,#07EF4E,1
6433,83.0,-70.0,82.0,#5FEC00,0
6434,83.0,-66.0,-20.0,#00EFF2,0
6435,83.0,-66.0,-8.0,#00EEDC,0
6436,83.0,-60.0,-24.0,#00EDFA,0
6437,83.0,-58.0,68.0,#7DE73F,1
6438,83.0,-56.0,-18.0,#00EBEF,0
6439,83.0,-50.0,80.0,#97E40A,1
6440,83.0,-46.0,52.0,#93E368,1
6441,83.0,-46.0,60.0,#98E355,1
6442,83.0,-42.0,40.0,#94E281,1
6443,83.0,-42.0,100.0,#AEE000,0
6444,83.0,-38.0,-10.0,#55E3E0,1
6445,83.0,-38.0,10.0,#7EE2BB,1
6446,83.0,-34.0,4.0,#82E0C6,1
6447,83.0,-30.0,-10.0,#76DFE0,1
6448,83.0,-26.0,-16.0,#78DEEC,1
6449,83.0,-24.0,22.0,#AFDAA5,1
6450,83.0,-24.0,86.0,#CDD800,0
6451,83.0,-22.0,10.0,#A9DABB,1
6452,83.0,-20.0,42.0,#C5D77E,1
6453,83.0,-20.0,50.0,#C9D76E,1
6454,83.0,-20.0,58.0,#CCD75C,1
6455,83.0,-10.0,24.0,#CDD3A1,1
6456,83.0,-8.0,46.0,#DDD177,1
6457,83.0,-8.0,126.0,#EDCF00,0
6458,83.0,-6.0,16.0,#D0D1B1,1
6459,83.0,-2.0,10.0,#D3CFBC,1
6460,83.0,-2.0,60.0,#ECCD59,1
6461,83.0,-2.0,82.0,#F2CC12,1
6462,83.0,0.0,-16.0,#BED0EC,1
6463,83.0,0.0,-2.0,#CDCFD2,1
6464,83.0,0.0,66.0,#F1CB4B,1
6465,83.0,2.0,-10.0,#C9CEE1,1
6466,83.0,4.0,28.0,#E9CA9A,1
6467,83.0,4.0,80.0,#FBC920,1
6468,83.0,6.0,8.0,#E0CAC0,1
6469,83.0,6.0,16.0,#E6CAB1,1
6470,83.0,10.0,4.0,#E5C8C8,1
6471,83.0,14.0,90.0,#FFC200,0
6472,83.0,14.0,106.0,#FFC200,0
6473,83.0,16.0,48.0,#FFC274,0
6474,83.0,16.0,120.0,#FFC000,0
6475,83.0,22.0,-16.0,#EBC2ED,1
6476,83.0,22.0,-8.0,#F1C1DE,1
6477,83.0,28.0,-14.0,#F7BDEA,1
6478,83.0,28.0,84.0,#FFB813,0
6479,83.0,28.0,104.0,#FFB700,0
6480,83.0,28.0,112.0,#FFB700,0
6481,83.0,30.0,-8.0,#FFBBDF,0
6482,83.0,30.0,118.0,#FFB500,0
6483,83.0,34.0,78.0,#FFB330,0
6484,83.0,34.0,86.0,#FFB306,0
6485,83.0,34.0,106.0,#FFB200,0
6486,83.0,36.0,-6.0,#FFB6DB,0
6487,83.0,38.0,0.0,#FFB4D0,0
6488,83.0,40.0,64.0,#FFAE55,0
6489,83.0,40.0,72.0,#FFAE42,0
6490,83.0,40.0,80.0,#FFAE2A,0
6491,83.0,42.0,-12.0,#FFB1E6,0
6492,83.0,42.0,30.0,#FFAE99,0
6493,83.0,44.0,18.0,#FFADAF,0
6494,83.0,44.0,36.0,#FFAC8E,0
6495,83.0,48.0,-14.0,#FFACEA,0
6496,83.0,52.0,22.0,#FFA5A8,0
6497,84.0,-114.0,82.0,#00FC00,0
6498,84.0,-108.0,88.0,#00FA00,0
6499,84.0,-106.0,34.0,#00FB8D,0
6500,84.0,-102.0,28.0,#00FA99,0
6501,84.0,-96.0,100.0,#00F700,0
6502,84.0,-94.0,68.0,#00F73F,0
6503,84.0,-92.0,40.0,#00F781,0
6504,84.0,-90.0,46.0,#00F675,0
6505,84.0,-88.0,74.0,#00F52A,0
6506,84.0,-84.0,40.0,#00F481,0
6507,84.0,-82.0,80.0,#18F303,1
6508,84.0,-80.0,70.0,#16F23A,1
6509,84.0,-78.0,4.0,#00F4C8,0
6510,84.0,-76.0,32.0,#00F292,0
6511,84.0,-72.0,-4.0,#00F2D7,0
6512,84.0,-70.0,30.0,#00F096,0
6513,84.0,-68.0,36.0,#29EF8A,1
6514,84.0,-58.0,40.0,#67EB83,1
6515,84.0,-56.0,28.0,#5DEB9A,1
6516,84.0,-54.0,60.0,#86E957,1
6517,84.0,-50.0,-28.0,#00ECFF,0
6518,84.0,-48.0,28.0,#7AE89B,1
6519,84.0,-46.0,4.0,#58E8C8,1
6520,84.0,-46.0,34.0,#87E78F,1
6521,84.0,-46.0,88.0,#A6E500,0
6522,84.0,-44.0,108.0,#AEE400,0
6523,84.0,-44.0,116.0,#B0E400,0
6524,84.0,-42.0,-28.0,#00E9FF,0
6525,84.0,-42.0,-4.0,#56E7D8,1
6526,84.0,-38.0,112.0,#BBE100,0
6527,84.0,-28.0,8.0,#9BE0C2,1
6528,84.0,-28.0,50.0,#BCDE70,1
6529,84.0,-28.0,100.0,#CCDD00,0
6530,84.0,-24.0,-22.0,#75E0FA,1
6531,84.0,-22.0,126.0,#D9DA00,0
6532,84.0,-20.0,-10.0,#98DDE4,1
6533,84.0,-18.0,-4.0,#A6DCD8,1
6534,84.0,-16.0,2.0,#B1DACD,1
6535,84.0,-16.0,122.0,#E3D600,0
6536,84.0,-8.0,-22.0,#A6D8FA,1
6537,84.0,-4.0,36.0,#E2D28D,1
6538,84.0,-2.0,44.0,#E9D07E,1
6539,84.0,0.0,18.0,#DFD0B0,1
6540,84.0,2.0,126.0,#FFCC00,0
6541,84.0,4.0,72.0,#FCCC3F,1
6542,84.0,6.0,88.0,#FFCA00,0
6543,84.0,8.0,98.0,#FFC800,0
6544,84.0,10.0,82.0,#FFC71C,0
6545,84.0,12.0,16.0,#F3C9B4,1
6546,84.0,12.0,24.0,#F8C8A5,1
6547,84.0,14.0,10.0,#F3C8BF,1
6548,84.0,14.0,126.0,#FFC400,0
6549,84.0,16.0,38.0,#FFC58B,0
6550,84.0,16.0,54.0,#FFC46B,0
6551,84.0,16.0,62.0,#FFC459,0
6552,84.0,18.0,18.0,#FFC5B1,1
6553,84.0,22.0,32.0,#FFC196,0
6554,84.0,26.0,0.0,#FFC0D2,0
6555,84.0,26.0,26.0,#FFBEA2,0
6556,84.0,34.0,-20.0,#FFBCF8,0
6557,84.0,34.0,52.0,#FFB670,0
6558,84.0,36.0,-14.0,#FFB9ED,0
6559,84.0,50.0,4.0,#FFABCC,0
6560,84.0,56.0,-18.0,#FFA8F5,0
6561,85.0,-104.0,80.0,#00FC03,0
6562,85.0,-96.0,46.0,#00FB77,0
6563,85.0,-92.0,52.0,#00F96A,0
6564,85.0,-90.0,0.0,#00FBD2,0
6565,85.0,-90.0,98.0,#00F800,0
6566,85.0,-84.0,104.0,#31F600,0
6567,85.0,-78.0,-12.0,#00F8E9,0
6568,85.0,-78.0,18.0,#00F6B0,0
6569,85.0,-76.0,120.0,#60F300,0
6570,85.0,-74.0,38.0,#00F489,0
6571,85.0,-72.0,-18.0,#00F6F4,0
6572,85.0,-72.0,22.0,#00F4A8,0
6573,85.0,-70.0,74.0,#61F231,1
6574,85.0,-70.0,98.0,#6EF100,0
6575,85.0,-66.0,14.0,#00F2B8,0
6576,85.0,-66.0,24.0,#00F2A4,0
6577,85.0,-66.0,124.0,#81F000,0
6578,85.0,-64.0,112.0,#84EF00,0
6579,85.0,-60.0,16.0,#27F0B4,1
6580,85.0,-60.0,120.0,#90ED00,0
6581,85.0,-58.0,22.0,#4BEFA9,1
6582,85.0,-58.0,50.0,#75EE70,1
6583,85.0,-52.0,6.0,#40EDC7,1
6584,85.0,-52.0,72.0,#95EB3A,1
6585,85.0,-50.0,20.0,#6BECAD,1
6586,85.0,-48.0,-14.0,#00EDED,0
6587,85.0,-42.0,124.0,#B7E600,0
6588,85.0,-36.0,-26.0,#1AE9FF,0
6589,85.0,-34.0,28.0,#A3E49E,1
6590,85.0,-34.0,46.0,#B0E47A,1
6591,85.0,-24.0,106.0,#D7DE00,0
6592,85.0,-24.0,114.0,#D8DD00,0
6593,85.0,-22.0,16.0,#B4DFB5,1
6594,85.0,-22.0,66.0,#D1DD4E,1
6595,85.0,-16.0,-22.0,#93DFFD,1
6596,85.0,-16.0,18.0,#C3DCB2,1
6597,85.0,-14.0,-16.0,#A2DDF2,1
6598,85.0,-10.0,-4.0,#BBDADB,1
6599,85.0,-10.0,4.0,#C3DACC,1
6600,85.0,-10.0,54.0,#E2D76B,1
6601,85.0,-4.0,0.0,#CCD7D4,1
6602,85.0,-2.0,110.0,#FCD100,0
6603,85.0,0.0,4.0,#D8D4CD,1
6604,85.0,2.0,94.0,#FFCF00,0
6605,85.0,2.0,102.0,#FFCF00,0
6606,85.0,4.0,-16.0,#CDD3F2,1
6607,85.0,4.0,0.0,#DCD2D4,1
6608,85.0,8.0,-14.0,#D7D0EF,1
6609,85.0,8.0,-6.0,#DFD0E0,1
6610,85.0,12.0,76.0,#FFC938,0
6611,85.0,14.0,-20.0,#DDCDFA,1
6612,85.0,14.0,-12.0,#E5CCEB,1
6613,85.0,14.0,32.0,#FFC999,0
6614,85.0,16.0,-6.0,#EECAE0,1
6615,85.0,18.0,78.0,#FFC533,0
6616,85.0,20.0,6.0,#FEC7CA,1
6617,85.0,20.0,26.0,#FFC5A4,0
6618,85.0,22.0,98.0,#FFC100,0
6619,85.0,26.0,-22.0,#F3C5FE,1
6620,85.0,28.0,58.0,#FFBE66,0
6621,85.0,28.0,74.0,#FFBD40,0
6622,85.0,34.0,36.0,#FFBA92,0
6623,85.0,34.0,68.0,#FFB950,0
6624,85.0,38.0,8.0,#FFB9C7,0
6625,85.0,40.0,46.0,#FFB47F,0
6626,85.0,40.0,54.0,#FFB46F,0
6627,85.0,42.0,-18.0,#FFB8F7,0
6628,86.0,-112.0,50.0,#00FF70,0
6629,86.0,-110.0,44.0,#00FF7D,0
6630,86.0,-100.0,34.0,#00FF92,0
6631,86.0,-94.0,106.0,#00FC00,0
6632,86.0,-92.0,86.0,#00FC00,0
6633,86.0,-86.0,10.0,#00FCC2,0
6634,86.0,-82.0,110.0,#47F800,0
6635,86.0,-78.0,86.0,#4BF700,0
6636,86.0,-76.0,76.0,#4CF72C,1
6637,86.0,-74.0,44.0,#0DF77F,1
6638,86.0,-74.0,112.0,#69F500,0
6639,86.0,-72.0,12.0,#00F7BE,0
6640,86.0,-72.0,50.0,#3BF672,1
6641,86.0,-72.0,68.0,#57F547,1
6642,86.0,-66.0,4.0,#00F6CD,0
6643,86.0,-66.0,44.0,#52F47F,1
6644,86.0,-64.0,50.0,#63F373,1
6645,86.0,-64.0,76.0,#7AF22E,1
6646,86.0,-62.0,-16.0,#00F6F3,0
6647,86.0,-60.0,-10.0,#00F4E8,0
6648,86.0,-60.0,56.0,#78F166,1
6649,86.0,-60.0,88.0,#8BF100,0
6650,86.0,-56.0,96.0,#98EF00,0
6651,86.0,-54.0,0.0,#00F1D5,0
6652,86.0,-54.0,104.0,#9EEE00,0
6653,86.0,-52.0,88.0,#9FED00,0
6654,86.0,-50.0,120.0,#AAEC00,0
6655,86.0,-48.0,-2.0,#41EFD9,1
6656,86.0,-44.0,10.0,#73EDC3,1
6657,86.0,-42.0,-16.0,#2CEEF4,1
6658,86.0,-42.0,48.0,#A2EA78,1
6659,86.0,-40.0,76.0,#B5E832,1
6660,86.0,-36.0,66.0,#B9E750,1
6661,86.0,-36.0,88.0,#C0E600,0
6662,86.0,-34.0,34.0,#ABE795,1
6663,86.0,-34.0,72.0,#BFE640,1
6664,86.0,-34.0,94.0,#C6E500,0
6665,86.0,-34.0,102.0,#C7E500,0
6666,86.0,-32.0,78.0,#C5E52C,1
6667,86.0,-30.0,40.0,#B8E589,1
6668,86.0,-28.0,28.0,#B4E4A1,1
6669,86.0,-28.0,66.0,#C9E351,1
6670,86.0,-26.0,-6.0,#93E6E2,1
6671,86.0,-26.0,34.0,#BCE395,1
6672,86.0,-24.0,0.0,#A1E4D6,1
6673,86.0,-22.0,94.0,#DCDF00,0
6674,86.0,-18.0,78.0,#DFDE2E,1
6675,86.0,-16.0,98.0,#E7DC00,0
6676,86.0,-14.0,40.0,#D8DD8A,1
6677,86.0,-14.0,72.0,#E4DC42,1
6678,86.0,-14.0,84.0,#E7DB11,1
6679,86.0,-12.0,30.0,#D6DC9E,1
6680,86.0,-10.0,110.0,#F2D900,0
6681,86.0,-8.0,66.0,#EDD853,1
6682,86.0,-2.0,54.0,#F3D56E,1
6683,86.0,0.0,24.0,#E9D6AA,1
6684,86.0,4.0,48.0,#FBD27B,1
6685,86.0,8.0,36.0,#FDD093,1
6686,86.0,10.0,-24.0,#D3D3FF,0
6687,86.0,20.0,88.0,#FFC600,0
6688,86.0,22.0,42.0,#FFC688,0
6689,86.0,22.0,58.0,#FFC568,0
6690,86.0,22.0,110.0,#FFC400,0
6691,86.0,22.0,118.0,#FFC400,0
6692,86.0,28.0,38.0,#FFC291,0
6693,86.0,32.0,-2.0,#FFC1DC,0
6694,86.0,40.0,22.0,#FFB9B0,0
6695,87.0,-104.0,56.0,#00FF66,0
6696,87.0,-100.0,70.0,#00FF41,0
6697,87.0,-100.0,88.0,#00FF00,0
6698,87.0,-98.0,52.0,#00FF6F,0
6699,87.0,-96.0,22.0,#00FFAD,0
6700,87.0,-92.0,28.0,#00FFA1,0
6701,87.0,-86.0,88.0,#10FD00,0
6702,87.0,-84.0,62.0,#00FD59,0
6703,87.0,-80.0,54.0,#00FB6C,0
6704,87.0,-78.0,92.0,#54FA00,0
6705,87.0,-72.0,58.0,#4EF963,1
6706,87.0,-72.0,88.0,#6AF800,0
6707,87.0,-66.0,56.0,#66F668,1
6708,87.0,-62.0,36.0,#5BF692,1
6709,87.0,-60.0,82.0,#8BF414,1
6710,87.0,-58.0,110.0,#99F200,0
6711,87.0,-56.0,34.0,#70F397,1
6712,87.0,-54.0,-10.0,#00F5EB,0
6713,87.0,-52.0,54.0,#90F16D,1
6714,87.0,-50.0,-22.0,#00F4FF,0
6715,87.0,-48.0,46.0,#95F07F,1
6716,87.0,-44.0,22.0,#88EFAF,1
6717,87.0,-44.0,66.0,#ABED52,1
6718,87.0,-42.0,-22.0,#00F1FF,0
6719,87.0,-42.0,28.0,#94EEA3,1
6720,87.0,-40.0,34.0,#9FED97,1
6721,87.0,-38.0,16.0,#92EDBA,1
6722,87.0,-36.0,-2.0,#7DEDDC,1
6723,87.0,-36.0,40.0,#ADEB8C,1
6724,87.0,-34.0,-14.0,#6AEDF3,1
6725,87.0,-32.0,114.0,#D0E700,0
6726,87.0,-30.0,60.0,#C6E762,1
6727,87.0,-30.0,122.0,#D4E600,0
6728,87.0,-24.0,54.0,#CFE46F,1
6729,87.0,-20.0,-16.0,#97E6F7,1
6730,87.0,-16.0,10.0,#C1E2C6,1
6731,87.0,-14.0,104.0,#EEDE00,0
6732,87.0,-10.0,-10.0,#BAE0EC,1
6733,87.0,-8.0,82.0,#F4DB24,1
6734,87.0,-8.0,98.0,#F7DB00,0
6735,87.0,-6.0,-14.0,#BEDEF4,1
6736,87.0,-6.0,116.0,#FDD900,0
6737,87.0,-4.0,-8.0,#CADDE9,1
6738,87.0,-4.0,76.0,#F9D93B,1
6739,87.0,0.0,118.0,#FFD600,0
6740,87.0,2.0,10.0,#E6D8C7,1
6741,87.0,6.0,22.0,#F5D5B1,1
6742,87.0,6.0,56.0,#FFD36D,0
6743,87.0,6.0,64.0,#FFD35C,0
6744,87.0,6.0,120.0,#FFD200,0
6745,87.0,10.0,114.0,#FFCF00,0
6746,87.0,12.0,58.0,#FFCF6A,0
6747,87.0,16.0,70.0,#FFCC4F,0
6748,87.0,22.0,12.0,#FFCAC4,0
6749,87.0,22.0,72.0,#FFC74A,0
6750,87.0,26.0,18.0,#FFC7B9,0
6751,87.0,26.0,52.0,#FFC577,0
6752,87.0,28.0,32.0,#FFC59F,0
6753,87.0,28.0,66.0,#FFC35A,0
6754,87.0,32.0,46.0,#FFC184,0
6755,87.0,40.0,14.0,#FFBCC1,0
6756,87.0,48.0,-20.0,#FFB8FF,0
6757,88.0,-96.0,62.0,#00FF5B,0
6758,88.0,-88.0,20.0,#00FFB4,0
6759,88.0,-84.0,34.0,#00FF98,0
6760,88.0,-80.0,46.0,#00FF80,0
6761,88.0,-70.0,118.0,#7EFA00,0
6762,88.0,-66.0,68.0,#74F94D,1
6763,88.0,-64.0,104.0,#8CF800,0
6764,88.0,-58.0,72.0,#8FF643,1
6765,88.0,-58.0,126.0,#9FF500,0
6766,88.0,-54.0,14.0,#57F6C0,1
6767,88.0,-52.0,40.0,#87F48D,1
6768,88.0,-52.0,66.0,#9BF454,1
6769,88.0,-52.0,112.0,#ABF300,0
6770,88.0,-48.0,104.0,#B2F100,0
6771,88.0,-44.0,82.0,#B4F01F,1
6772,88.0,-44.0,96.0,#B8F000,0
6773,88.0,-40.0,56.0,#B1EF6D,1
6774,88.0,-32.0,12.0,#A0EDC5,1
6775,88.0,-30.0,-20.0,#6FEEFF,0
6776,88.0,-30.0,18.0,#ACECB9,1
6777,88.0,-30.0,86.0,#D1E903,1
6778,88.0,-28.0,92.0,#D7E800,0
6779,88.0,-24.0,76.0,#DAE73B,1
6780,88.0,-20.0,24.0,#C7E6AE,1
6781,88.0,-18.0,30.0,#D0E5A3,1
6782,88.0,-16.0,110.0,#EFE200,0
6783,88.0,-14.0,50.0,#E2E27B,1
6784,88.0,-14.0,58.0,#E6E26A,1
6785,88.0,-14.0,116.0,#F3E100,0
6786,88.0,-10.0,10.0,#D1E2C9,1
6787,88.0,-10.0,90.0,#F6DF00,0
6788,88.0,-10.0,122.0,#FADE00,0
6789,88.0,-8.0,40.0,#E9DF90,1
6790,88.0,-6.0,22.0,#E2DFB3,1
6791,88.0,-4.0,92.0,#FFDB00,0
6792,88.0,0.0,-20.0,#C8DEFF,0
6793,88.0,8.0,12.0,#F5D7C6,1
6794,88.0,8.0,28.0,#FFD6A8,1
6795,88.0,10.0,0.0,#F0D6DD,1
6796,88.0,10.0,42.0,#FFD48D,0
6797,88.0,10.0,70.0,#FFD351,0
6798,88.0,12.0,48.0,#FFD281,0
6799,88.0,14.0,98.0,#FFCF00,0
6800,88.0,16.0,116.0,#FFCE00,0
6801,88.0,18.0,0.0,#FFD1DD,1
6802,88.0,20.0,-20.0,#F2D1FF,0
6803,88.0,20.0,-12.0,#F9D1F4,1
6804,88.0,20.0,50.0,#FFCD7E,0
6805,88.0,22.0,64.0,#FFCB60,0
6806,88.0,24.0,78.0,#FFC93D,0
6807,88.0,28.0,6.0,#FFC9D2,0
6808,88.0,34.0,16.0,#FFC4C0,0
6809,88.0,34.0,24.0,#FFC3B1,0
6810,88.0,36.0,30.0,#FFC1A6,0
6811,89.0,-94.0,94.0,#00FF00,0
6812,89.0,-90.0,36.0,#00FF97,0
6813,89.0,-90.0,60.0,#00FF63,0
6814,89.0,-90.0,68.0,#00FF4E,0
6815,89.0,-88.0,82.0,#00FF18,0
6816,89.0,-86.0,54.0,#00FF71,0
6817,89.0,-82.0,28.0,#00FFA7,0
6818,89.0,-82.0,76.0,#35FF36,0
6819,89.0,-78.0,100.0,#61FF00,0
6820,89.0,-76.0,106.0,#6BFF00,0
6821,89.0,-72.0,80.0,#6BFE27,1
6822,89.0,-68.0,-8.0,#00FFED,0
6823,89.0,-66.0,84.0,#82FC0F,1
6824,89.0,-64.0,-2.0,#00FEE1,0
6825,89.0,-52.0,78.0,#A4F633,1
6826,89.0,-46.0,40.0,#9BF590,1
6827,89.0,-46.0,72.0,#AFF447,1
6828,89.0,-46.0,112.0,#BAF300,0
6829,89.0,-40.0,104.0,#C5F100,0
6830,89.0,-36.0,22.0,#A3F1B4,1
6831,89.0,-30.0,4.0,#9EEFD7,1
6832,89.0,-24.0,42.0,#CEEA8E,1
6833,89.0,-24.0,82.0,#DEE929,1
6834,89.0,-22.0,48.0,#D5E981,1
6835,89.0,-18.0,36.0,#D6E89A,1
6836,89.0,-18.0,126.0,#F0E500,0
6837,89.0,-12.0,22.0,#D9E5B5,1
6838,89.0,-6.0,28.0,#E9E1AA,1
6839,89.0,-6.0,48.0,#F3E083,1
6840,89.0,-4.0,14.0,#E3E1C5,1
6841,89.0,-4.0,104.0,#FFDE00,0
6842,89.0,-2.0,40.0,#F6DE93,1
6843,89.0,-2.0,126.0,#FFDC00,0
6844,89.0,0.0,-10.0,#D6E0F2,1
6845,89.0,0.0,62.0,#FFDC65,0
6846,89.0,0.0,70.0,#FFDC52,0
6847,89.0,0.0,86.0,#FFDC1C,0
6848,89.0,2.0,32.0,#F9DCA3,1
6849,89.0,4.0,-8.0,#E0DEEF,1
6850,89.0,4.0,76.0,#FFD943,0
6851,89.0,4.0,112.0,#FFD900,0
6852,89.0,6.0,84.0,#FFD828,0
6853,89.0,10.0,90.0,#FFD500,0
6854,89.0,10.0,106.0,#FFD500,0
6855,89.0,26.0,-6.0,#FFCEEC,0
6856,89.0,30.0,-18.0,#FFCDFF,0
6857,89.0,32.0,-12.0,#FFCAF7,0
6858,89.0,40.0,-12.0,#FFC4F7,0
6859,90.0,-92.0,44.0,#00FF89,0
6860,90.0,-92.0,76.0,#00FF38,0
6861,90.0,-82.0,22.0,#00FFB5,0
6862,90.0,-78.0,38.0,#00FF96,0
6863,90.0,-76.0,64.0,#4DFF5D,0
6864,90.0,-74.0,30.0,#00FFA6,0
6865,90.0,-70.0,104.0,#81FF00,0
6866,90.0,-68.0,94.0,#84FF00,0
6867,90.0,-66.0,10.0,#00FFCD,0
6868,90.0,-66.0,30.0,#43FFA6,0
6869,90.0,-64.0,18.0,#24FFBE,0
6870,90.0,-64.0,62.0,#7CFE62,1
6871,90.0,-60.0,8.0,#11FFD1,0
6872,90.0,-58.0,64.0,#90FC5E,1
6873,90.0,-54.0,-16.0,#00FEFF,0
6874,90.0,-54.0,20.0,#6BFCBA,1
6875,90.0,-52.0,26.0,#7CFBAF,1
6876,90.0,-50.0,32.0,#8AFAA3,1
6877,90.0,-46.0,52.0,#A7F77A,1
6878,90.0,-42.0,-6.0,#65F9EC,1
6879,90.0,-42.0,120.0,#C7F400,0
6880,90.0,-38.0,6.0,#8CF6D6,1
6881,90.0,-36.0,82.0,#CBF22A,1
6882,90.0,-36.0,124.0,#D3F100,0
6883,90.0,-32.0,54.0,#C7F177,1
6884,90.0,-24.0,122.0,#E8EC00,0
6885,90.0,-22.0,8.0,#BAEED2,1
6886,90.0,-20.0,104.0,#EDEA00,0
6887,90.0,-6.0,58.0,#FAE370,1
6888,90.0,0.0,98.0,#FFDE00,0
6889,90.0,2.0,16.0,#F3E0C4,1
6890,90.0,2.0,106.0,#FFDD00,0
6891,90.0,6.0,100.0,#FFDA00,0
6892,90.0,8.0,6.0,#F7DDD7,1
6893,90.0,10.0,126.0,#FFD700,0
6894,90.0,12.0,64.0,#FFD765,0
6895,90.0,14.0,18.0,#FFD8C1,0
6896,90.0,14.0,26.0,#FFD8B2,0
6897,90.0,16.0,84.0,#FFD42E,0
6898,90.0,16.0,92.0,#FFD400,0
6899,90.0,18.0,34.0,#FFD4A2,0
6900,90.0,28.0,24.0,#FFCDB6,0
6901,90.0,36.0,2.0,#FFC9E0,0
6902,91.0,-84.0,94.0,#49FF00,0
6903,91.0,-72.0,20.0,#00FFBC,0
6904,91.0,-68.0,74.0,#7CFF45,0
6905,91.0,-66.0,40.0,#5DFF95,0
6906,91.0,-64.0,24.0,#44FFB5,0
6907,91.0,-62.0,94.0,#97FF00,0
6908,91.0,-60.0,30.0,#67FFA9,0
6909,91.0,-60.0,46.0,#7DFF89,0
6910,91.0,-58.0,52.0,#89FF7C,0
6911,91.0,-58.0,100.0,#A3FE00,0
6912,91.0,-56.0,88.0,#A4FE00,0
6913,91.0,-54.0,-4.0,#0AFFEB,0
6914,91.0,-52.0,96.0,#B0FC00,0
6915,91.0,-50.0,60.0,#A5FC6B,1
6916,91.0,-48.0,-10.0,#33FEF7,1
6917,91.0,-48.0,8.0,#6FFDD4,1
6918,91.0,-46.0,14.0,#81FCC9,1
6919,91.0,-46.0,88.0,#BBF900,0
6920,91.0,-44.0,2.0,#73FCE0,1
6921,91.0,-40.0,92.0,#C9F700,0
6922,91.0,-36.0,28.0,#AFF7AE,1
6923,91.0,-36.0,60.0,#C5F56C,1
6924,91.0,-36.0,76.0,#CCF543,1
6925,91.0,-34.0,98.0,#D6F400,0
6926,91.0,-34.0,106.0,#D7F400,0
6927,91.0,-32.0,48.0,#C7F486,1
6928,91.0,-30.0,-4.0,#98F6EC,1
6929,91.0,-30.0,70.0,#D5F254,1
6930,91.0,-28.0,100.0,#E1F100,0
6931,91.0,-28.0,108.0,#E3F100,0
6932,91.0,-24.0,-10.0,#A0F3F7,1
6933,91.0,-24.0,16.0,#C0F1C6,1
6934,91.0,-24.0,64.0,#DEEF64,1
6935,91.0,-22.0,-4.0,#AFF2EC,1
6936,91.0,-22.0,70.0,#E4EE55,1
6937,91.0,-22.0,110.0,#EEED00,0
6938,91.0,-20.0,2.0,#BBF0E1,1
6939,91.0,-18.0,42.0,#E0ED93,1
6940,91.0,-16.0,-10.0,#B6EFF8,1
6941,91.0,-16.0,16.0,#D2EDC6,1
6942,91.0,-16.0,64.0,#EDEB65,1
6943,91.0,-16.0,90.0,#F5EA00,0
6944,91.0,-14.0,-4.0,#C3EEEC,1
6945,91.0,-14.0,4.0,#CBEDDD,1
6946,91.0,-12.0,-16.0,#B8EDFF,0
6947,91.0,-12.0,36.0,#E8EAA0,1
6948,91.0,-12.0,44.0,#ECEA90,1
6949,91.0,-10.0,74.0,#FBE74C,1
6950,91.0,-8.0,-2.0,#D2EAE9,1
6951,91.0,-8.0,4.0,#D8EADD,1
6952,91.0,-4.0,8.0,#E4E7D6,1
6953,91.0,-2.0,-2.0,#DFE7E9,1
6954,91.0,2.0,-2.0,#E7E4E9,1
6955,91.0,6.0,-16.0,#E2E3FF,0
6956,91.0,12.0,-16.0,#EEDFFF,0
6957,91.0,12.0,-8.0,#F6DEF5,1
6958,91.0,14.0,10.0,#FFDBD3,0
6959,91.0,28.0,12.0,#FFD1D0,0
6960,92.0,-82.0,68.0,#36FF58,0
6961,92.0,-82.0,84.0,#4EFF1E,0
6962,92.0,-72.0,36.0,#31FF9F,0
6963,92.0,-72.0,44.0,#49FF8F,0
6964,92.0,-72.0,52.0,#58FF7E,0
6965,92.0,-66.0,50.0,#6FFF83,0
6966,92.0,-64.0,112.0,#9BFF00,0
6967,92.0,-62.0,76.0,#92FF43,0
6968,92.0,-58.0,116.0,#AAFF00,0
6969,92.0,-56.0,82.0,#A5FF2E,0
6970,92.0,-54.0,4.0,#49FFDF,0
6971,92.0,-52.0,120.0,#B8FE00,0
6972,92.0,-46.0,26.0,#95FEB4,1
6973,92.0,-42.0,76.0,#C2FB45,1
6974,92.0,-40.0,112.0,#D0F900,0
6975,92.0,-38.0,-14.0,#69FDFF,0
6976,92.0,-36.0,-8.0,#80FCF6,1
6977,92.0,-36.0,70.0,#CCF857,1
6978,92.0,-34.0,118.0,#DCF600,0
6979,92.0,-30.0,-14.0,#89F9FF,0
6980,92.0,-30.0,38.0,#C7F69D,1
6981,92.0,-26.0,58.0,#DBF374,1
6982,92.0,-24.0,34.0,#D1F3A6,1
6983,92.0,-22.0,90.0,#EDF101,1
6984,92.0,-22.0,98.0,#EFF000,0
6985,92.0,-20.0,54.0,#E5F07D,1
6986,92.0,-16.0,74.0,#F4EE4E,1
6987,92.0,-14.0,80.0,#F9EC3D,1
6988,92.0,-12.0,28.0,#E6EDB2,1
6989,92.0,-10.0,16.0,#E1EDC9,1
6990,92.0,-10.0,68.0,#FCEA5E,1
6991,92.0,-10.0,106.0,#FFEA00,0
6992,92.0,-4.0,120.0,#FFE600,0
6993,92.0,2.0,6.0,#F1E6DD,1
6994,92.0,2.0,48.0,#FFE48B,0
6995,92.0,2.0,56.0,#FFE47A,0
6996,92.0,4.0,124.0,#FFE100,0
6997,92.0,10.0,78.0,#FFDE47,0
6998,92.0,20.0,6.0,#FFDADD,0
6999,92.0,20.0,20.0,#FFD9C3,0
7000,92.0,22.0,26.0,#FFD8B7,0
7001,92.0,26.0,0.0,#FFD6E9,0
7002,92.0,32.0,-6.0,#FFD2F5,0
7003,93.0,-60.0,40.0,#7CFF9B,0
7004,93.0,-52.0,108.0,#B9FF00,0
7005,93.0,-50.0,46.0,#A0FF8F,0
7006,93.0,-44.0,64.0,#BBFF68,1
7007,93.0,-38.0,34.0,#B5FDA8,1
7008,93.0,-38.0,42.0,#BBFD98,1
7009,93.0,-38.0,50.0,#C1FC87,1
7010,93.0,-30.0,126.0,#E8F700,0
7011,93.0,-26.0,22.0,#C7F8C0,1
7012,93.0,-10.0,98.0,#FFED00,0
7013,93.0,-10.0,114.0,#FFEC00,0
7014,93.0,-6.0,36.0,#F9ECA5,1
7015,93.0,-4.0,66.0,#FFEA67,0
7016,93.0,4.0,24.0,#FFE7BD,0
7017,93.0,8.0,36.0,#FFE4A6,0
7018,93.0,8.0,52.0,#FFE386,0
7019,93.0,8.0,60.0,#FFE275,0
7020,93.0,14.0,40.0,#FFDF9F,0
7021,93.0,14.0,56.0,#FFDF7E,0
7022,93.0,22.0,14.0,#FFDBD1,0
7023,94.0,-72.0,60.0,#6AFF72,0
7024,94.0,-70.0,66.0,#78FF63,0
7025,94.0,-68.0,80.0,#89FF3B,0
7026,94.0,-58.0,108.0,#AFFF00,0
7027,94.0,-56.0,74.0,#A7FF50,0
7028,94.0,-52.0,54.0,#A4FF80,0
7029,94.0,-50.0,68.0,#B2FF60,0
7030,94.0,-48.0,82.0,#BDFF37,0
7031,94.0,-46.0,100.0,#C7FF00,0
7032,94.0,-46.0,108.0,#C9FF00,0
7033,94.0,-46.0,116.0,#CBFF00,0
7034,94.0,-44.0,20.0,#99FFC6,0
7035,94.0,-40.0,14.0,#9DFFD1,0
7036,94.0,-34.0,12.0,#ABFFD5,0
7037,94.0,-34.0,90.0,#DDFC0E,1
7038,94.0,-32.0,32.0,#C4FDAF,1
7039,94.0,-30.0,64.0,#DCFB6C,1
7040,94.0,-30.0,80.0,#E2FB41,1
7041,94.0,-28.0,8.0,#B6FDDD,1
7042,94.0,-28.0,88.0,#E8F920,1
7043,94.0,-26.0,52.0,#DEF986,1
7044,94.0,-20.0,26.0,#DAF7BB,1
7045,94.0,-18.0,32.0,#E2F6AF,1
7046,94.0,-12.0,50.0,#F8F28B,1
7047,94.0,-12.0,58.0,#FBF27A,1
7048,94.0,-6.0,-10.0,#D7F2FF,0
7049,94.0,-6.0,44.0,#FFEF98,0
7050,94.0,-6.0,52.0,#FFEE88,0
7051,94.0,-4.0,76.0,#FFEC50,0
7052,94.0,-4.0,84.0,#FFEC38,0
7053,94.0,6.0,-2.0,#F8EAF2,1
7054,94.0,6.0,42.0,#FFE79D,0
7055,94.0,6.0,66.0,#FFE66A,0
7056,94.0,16.0,-4.0,#FFE4F6,0
7057,94.0,22.0,-8.0,#FFE0FE,0
7058,95.0,-64.0,58.0,#88FF79,0
7059,95.0,-64.0,66.0,#8FFF67,0
7060,95.0,-56.0,34.0,#88FFAC,0
7061,95.0,-54.0,40.0,#95FFA0,0
7062,95.0,-50.0,76.0,#B9FF4E,0
7063,95.0,-48.0,38.0,#A4FFA5,0
7064,95.0,-36.0,2.0,#9BFFEC,0
7065,95.0,-32.0,22.0,#BEFFC5,0
7066,95.0,-26.0,116.0,#F4FB00,0
7067,95.0,-24.0,78.0,#EFFA4B,1
7068,95.0,-22.0,46.0,#E6FA96,1
7069,95.0,-20.0,12.0,#D1FBD9,1
7070,95.0,-20.0,60.0,#F0F978,1
7071,95.0,-16.0,98.0,#FFF600,0
7072,95.0,-16.0,118.0,#FFF500,0
7073,95.0,-16.0,126.0,#FFF500,0
7074,95.0,-10.0,122.0,#FFF200,0
7075,95.0,-4.0,20.0,#F9F2CA,1
7076,95.0,-4.0,28.0,#FEF1BA,1
7077,95.0,-4.0,96.0,#FFEF00,0
7078,95.0,0.0,90.0,#FFEC24,0
7079,95.0,2.0,-8.0,#EDF0FF,0
7080,95.0,6.0,-8.0,#F5EDFF,0
7081,95.0,6.0,16.0,#FFECD2,0
7082,95.0,8.0,30.0,#FFEAB7,0
7083,96.0,-56.0,64.0,#A7FF6F,0
7084,96.0,-46.0,92.0,#CBFF01,0
7085,96.0,-44.0,50.0,#BBFF8F,0
7086,96.0,-44.0,58.0,#C1FF7E,0
7087,96.0,-40.0,88.0,#D7FF27,0
7088,96.0,-40.0,96.0,#D9FF00,0
7089,96.0,-38.0,20.0,#B0FFCB,0
7090,96.0,-38.0,104.0,#DFFF00,0
7091,96.0,-32.0,56.0,#DAFF83,0
7092,96.0,-30.0,2.0,#AFFFEF,0
7093,96.0,-26.0,-6.0,#AFFFFE,0
7094,96.0,-24.0,0.0,#BDFFF3,0
7095,96.0,-24.0,106.0,#F9FD00,0
7096,96.0,-24.0,126.0,#FCFD00,0
7097,96.0,-22.0,6.0,#C9FFE7,0
7098,96.0,-20.0,20.0,#DBFECC,1
7099,96.0,-18.0,-6.0,#C4FEFE,1
7100,96.0,-16.0,0.0,#D0FDF3,1
7101,96.0,-16.0,86.0,#FFF935,0
7102,96.0,-16.0,110.0,#FFF800,0
7103,96.0,-14.0,40.0,#F5F9A5,1
7104,96.0,-10.0,-6.0,#D8FAFF,1
7105,96.0,-10.0,90.0,#FFF525,0
7106,96.0,-8.0,8.0,#EAF8E4,1
7107,96.0,0.0,12.0,#FDF3DC,1
7108,96.0,0.0,42.0,#FFF1A2,0
7109,96.0,2.0,18.0,#FFF1D1,0
7110,96.0,6.0,4.0,#FFEFEC,0
7111,96.0,8.0,10.0,#FFEEE1,0
7112,96.0,12.0,4.0,#FFEBEC,0
7113,97.0,-42.0,72.0,#CFFF5F,0
7114,97.0,-42.0,80.0,#D3FF49,0
7115,97.0,-34.0,110.0,#EBFF00,0
7116,97.0,-30.0,74.0,#E9FF5B,0
7117,97.0,-28.0,14.0,#C6FFDA,0
7118,97.0,-28.0,42.0,#DDFFA3,0
7119,97.0,-28.0,96.0,#F3FF00,0
7120,97.0,-24.0,72.0,#F3FF61,0
7121,97.0,-22.0,40.0,#E8FFA7,0
7122,97.0,-22.0,94.0,#FEFF05,1
7123,97.0,-18.0,70.0,#FEFD67,1
7124,97.0,-16.0,6.0,#DAFFEA,0
7125,97.0,-16.0,46.0,#F7FD9B,1
7126,97.0,-16.0,54.0,#FBFD8B,1
7127,97.0,-14.0,12.0,#E4FEDF,1
7128,97.0,-10.0,2.0,#E3FCF2,1
7129,97.0,-10.0,24.0,#F5FBC8,1
7130,97.0,-10.0,32.0,#FBFAB8,1
7131,97.0,-6.0,14.0,#F6F9DB,1
7132,97.0,-4.0,2.0,#F0F9F2,1
7133,97.0,0.0,2.0,#F8F6F2,1
7134,98.0,-38.0,56.0,#D3FF88,0
7135,98.0,-38.0,64.0,#D7FF76,0
7136,98.0,-26.0,60.0,#EEFF80,0
7137,98.0,-14.0,76.0,#FFFE5B,0
7138,99.0,-26.0,32.0,#E0FFBD,0
7139,99.0,-24.0,26.0,#DFFFC9,0
7140,99.0,-22.0,54.0,#F6FF90,0
7141,99.0,-10.0,46.0,#FFFFA1,0
7142,100.0,-16.0,26.0,#F3FFCC,0
